-3.189520074465516331e+00 -3.533187609579443139e-75
-3.187962311303384144e+00 1.353750221465553629e-74
-3.186404548141251958e+00 -5.064292206293616054e-74
-3.184846784979119771e+00 1.891233034768999241e-73
-3.183289021816988029e+00 -7.061551467323580193e-73
-3.181731258654855843e+00 2.636539709968676680e-72
-3.180173495492723656e+00 -9.843568003158073477e-72
-3.178615732330591470e+00 3.674992764137707524e-71
-3.177057969168459284e+00 -1.371979355247139241e-70
-3.175500206006327097e+00 5.121854303940044425e-70
-3.173942442844194911e+00 -1.912039343019768000e-69
-3.172384679682063169e+00 7.137691732246654762e-69
-3.170826916519930982e+00 -2.664474110451048255e-68
-3.169269153357798796e+00 9.946249911973579000e-68
-3.167711390195666610e+00 -3.712810314492129221e-67
-3.166153627033534423e+00 1.385935669376103240e-66
-3.164595863871402237e+00 -5.173466937088358826e-66
-3.163038100709270495e+00 1.931167550661639656e-65
-3.161480337547138308e+00 -7.208738597765139403e-65
-3.159922574385006122e+00 2.690921407163803690e-64
-3.158364811222873936e+00 -1.004492109907940697e-63
-3.156807048060741749e+00 3.749705745344017833e-63
-3.155249284898609563e+00 -1.399762477340739957e-62
-3.153691521736477377e+00 5.225397848395202224e-62
-3.152133758574345634e+00 -1.950713918399849531e-61
-3.150575995412213448e+00 7.282464147581486980e-61
-3.149018232250081262e+00 -2.718785975845361733e-60
-3.147460469087949075e+00 1.015044112370947258e-59
-3.145902705925816889e+00 -3.789739621773841936e-59
-3.144344942763684703e+00 1.414978084755665315e-58
-3.142787179601552516e+00 -5.283324172533076556e-58
-3.141229416439420774e+00 1.972801184246674829e-57
-3.139671653277288588e+00 -7.366805462463555968e-57
-3.138113890115156401e+00 2.751035533077795946e-56
-3.136556126953024215e+00 -1.027390636444818015e-55
-3.134998363790892029e+00 3.837060885631428944e-55
-3.133440600628759842e+00 -1.433133773317208539e-54
-3.131882837466628100e+00 5.353046086517177780e-54
-3.130325074304495914e+00 -1.999597996294772528e-53
-3.128767311142363727e+00 7.469870924403704614e-53
-3.127209547980231541e+00 -2.790701711611403362e-52
-3.125651784818099355e+00 1.042665168437515186e-51
-3.124094021655967168e+00 -3.895907059218371167e-51
-3.122536258493834982e+00 1.455809496530540283e-50
-3.120978495331703240e+00 -5.440407710337377683e-50
-3.119420732169571053e+00 2.033236640007086277e-49
-3.117862969007438867e+00 -7.599283244375133509e-49
-3.116305205845306681e+00 2.840430778564436070e-48
-3.114747442683174494e+00 -1.061747663828478377e-47
-3.113189679521042308e+00 3.969013745579746823e-47
-3.111631916358910122e+00 -1.483770531172175429e-46
-3.110074153196778379e+00 5.547181821372185773e-46
-3.108516390034646193e+00 -2.073949901094857422e-45
-3.106958626872514007e+00 7.754307322738558432e-45
-3.105400863710381820e+00 -2.899381349438101190e-44
-3.103843100548249634e+00 1.084136488443217859e-43
-3.102285337386117448e+00 -4.053942512496550833e-43
-3.100727574223985705e+00 1.515950212886458373e-42
-3.099169811061853519e+00 -5.668977772595201589e-42
-3.097612047899721333e+00 2.119999599916688388e-41
-3.096054284737589146e+00 -7.928239651280916612e-41
-3.094496521575456960e+00 2.965012257074750310e-40
-3.092938758413324773e+00 -1.108877902939801038e-39
-3.091380995251192587e+00 4.147126362413267114e-39
-3.089823232089060845e+00 -1.551014697086169696e-38
-3.088265468926928659e+00 5.800807814295258271e-38
-3.086707705764796472e+00 -2.169520640918894060e-37
-3.085149942602664286e+00 8.114106027560597896e-37
-3.083592179440532099e+00 -3.034715636868582374e-36
-3.082034416278399913e+00 1.134996754715022508e-35
-3.080476653116267727e+00 -4.244918955190666312e-35
-3.078918889954135985e+00 1.587600534929422585e-34
-3.077361126792003798e+00 -5.937573738036372978e-34
-3.075803363629871612e+00 2.220606714550741388e-33
-3.074245600467739425e+00 -8.304778473576801453e-33
-3.072687837305607239e+00 3.105826248359005178e-32
-3.071130074143475053e+00 -1.161496483532184497e-31
-3.069572310981342866e+00 4.343594076323877210e-31
-3.068014547819211124e+00 -1.624314475684011928e-30
-3.066456784657078938e+00 6.074066141864260229e-30
-3.064899021494946751e+00 -2.271310024192573748e-29
-3.063341258332814565e+00 8.492974220448660378e-29
-3.061783495170682379e+00 -3.175621097962351238e-28
-3.060225732008550192e+00 1.187358981254065977e-27
-3.058667968846418006e+00 -4.439345115771433099e-27
-3.057110205684286264e+00 1.659733272966236521e-26
-3.055552442522154077e+00 -6.204963710396021443e-26
-3.053994679360021891e+00 2.319641018525212976e-25
-3.052436916197889705e+00 -8.671254714127385923e-25
-3.050879153035757518e+00 3.241319069349156258e-24
-3.049321389873625332e+00 -1.211544454528892078e-23
-3.047763626711493590e+00 4.528284557518981684e-23
-3.046205863549361403e+00 -1.692403495125485655e-22
-3.044648100387229217e+00 6.324832510078599096e-22
-3.043090337225097031e+00 -2.363568129719193402e-21
-3.041532574062964844e+00 8.832024642367113001e-21
-3.039974810900832658e+00 -3.300080561984964803e-20
-3.038417047738700472e+00 1.232991290460575144e-19
-3.036859284576568729e+00 -4.606443480602177804e-19
-3.035301521414436543e+00 1.720841341854083665e-18
-3.033743758252304357e+00 -6.428127610933767561e-18
-3.032185995090172170e+00 2.401022986748930173e-17
-3.030628231928039984e+00 -8.967594458608549674e-17
-3.029070468765907798e+00 3.349060980680337561e-16
-3.027512705603776055e+00 -1.250654178294184490e-15
-3.025954942441643869e+00 4.670013516426100859e-15
-3.024397179279511683e+00 -1.743674336533624841e-14
-3.022839416117379496e+00 6.509963734633975382e-14
-3.021281652955247310e+00 -2.430285683161735634e-13
-3.019723889793115124e+00 9.071962716626265076e-13
-3.018166126630982937e+00 -3.386179298162293886e-12
-3.016608363468851195e+00 1.263813522827967720e-11
-3.015050600306719009e+00 -4.716501545419662359e-11
-3.013492837144586822e+00 1.760031629229217951e-10
-3.011935073982454636e+00 -6.567257375515627704e-10
-3.010377310820322450e+00 2.450249053573374337e-09
-3.008819547658190263e+00 -9.141102919196812569e-09
-3.007261784496058077e+00 3.409955249743895509e-08
-3.005704021333926335e+00 -1.271920596323753107e-07
-3.004146258171794148e+00 4.743862322370926661e-07
-3.002588495009661962e+00 -1.769149013200679631e-06
-3.001030731847529776e+00 6.597152282560885348e-06
-2.999472968685397589e+00 -2.459845569106572334e-05
-2.997915205523265403e+00 9.171025179127440929e-05
-2.996357442361133216e+00 -3.418897623510190153e-04
-2.994799679199001474e+00 1.274418064380387775e-03
-2.993241916036869288e+00 -4.750012843248627679e-03
-2.991684152874737102e+00 1.770247982169774817e-02
-2.990126389712604915e+00 -6.596738865027589049e-02
-2.988568626550472729e+00 2.457987804370773133e-01
-2.987010863388340542e+00 -9.157665392411061811e-01
-2.985453100226208356e+00 3.859673329461282609e+00
-2.983895337064076614e+00 1.335452446334796761e+01
-2.982337573901944427e+00 9.790790065665769148e+00
-2.980779810739812241e+00 9.870329827666667555e+00
-2.979222047577680055e+00 1.143026633445075468e+01
-2.977664284415547868e+00 1.232506994680008638e+01
-2.976106521253415682e+00 1.235351477499360051e+01
-2.974548758091283940e+00 1.279766576399185141e+01
-2.972990994929151753e+00 1.419995291959177308e+01
-2.971433231767019567e+00 1.231332109348035075e+01
-2.969875468604887381e+00 1.154127414203917645e+01
-2.968317705442755194e+00 1.234661062983701107e+01
-2.966759942280623008e+00 8.960042072886759357e+00
-2.965202179118490822e+00 1.095728330877371981e+01
-2.963644415956359079e+00 1.219950662407250697e+01
-2.962086652794226893e+00 1.194863134165431973e+01
-2.960528889632094707e+00 1.234828051695102147e+01
-2.958971126469962520e+00 1.144470138976355145e+01
-2.957413363307830334e+00 1.186664710130937195e+01
-2.955855600145698148e+00 1.265371806369926233e+01
-2.954297836983566405e+00 1.216627109436385545e+01
-2.952740073821434219e+00 9.911475805849226717e+00
-2.951182310659302033e+00 9.422845133123006534e+00
-2.949624547497169846e+00 1.241742611103907734e+01
-2.948066784335037660e+00 1.142801608889579690e+01
-2.946509021172905474e+00 9.931746183810414408e+00
-2.944951258010773287e+00 1.115486898791279913e+01
-2.943393494848641545e+00 1.116136868561121709e+01
-2.941835731686509359e+00 1.044938578395155204e+01
-2.940277968524377172e+00 1.434549294168726163e+01
-2.938720205362244986e+00 1.403143106385680206e+01
-2.937162442200112800e+00 8.465281036711203910e+00
-2.935604679037980613e+00 1.193160136507079372e+01
-2.934046915875848427e+00 1.132621682004057106e+01
-2.932489152713716685e+00 9.916910522190882205e+00
-2.930931389551584498e+00 1.335900531520900181e+01
-2.929373626389452312e+00 1.443832087374265782e+01
-2.927815863227320126e+00 1.456933945166276878e+01
-2.926258100065187939e+00 1.543298385622116520e+01
-2.924700336903055753e+00 1.312913249037831953e+01
-2.923142573740923567e+00 1.429768494507350418e+01
-2.921584810578791824e+00 1.144284845509883475e+01
-2.920027047416659638e+00 1.121533018501071588e+01
-2.918469284254527452e+00 1.265769750660057369e+01
-2.916911521092395265e+00 1.364324025307522881e+01
-2.915353757930263079e+00 1.216449749883603104e+01
-2.913795994768130893e+00 7.753449327257095014e+00
-2.912238231605998706e+00 8.805449563010801839e+00
-2.910680468443866964e+00 1.139717990930739333e+01
-2.909122705281734778e+00 1.082279697734802859e+01
-2.907564942119602591e+00 1.304322086571253969e+01
-2.906007178957470405e+00 1.444834753728684085e+01
-2.904449415795338219e+00 1.330060749255112995e+01
-2.902891652633206032e+00 1.211570955776364755e+01
-2.901333889471073846e+00 1.124484827358408978e+01
-2.899776126308942104e+00 1.279521441959951567e+01
-2.898218363146809917e+00 1.411932409943936584e+01
-2.896660599984677731e+00 1.148076047102236252e+01
-2.895102836822545544e+00 1.112404318122781000e+01
-2.893545073660413358e+00 1.202005859589452008e+01
-2.891987310498281616e+00 1.073219340736902971e+01
-2.890429547336149430e+00 8.738490992972860028e+00
-2.888871784174017243e+00 9.984288979233301831e+00
-2.887314021011885057e+00 1.443854648009055808e+01
-2.885756257849752870e+00 1.526011758160786869e+01
-2.884198494687620684e+00 1.478647145075226810e+01
-2.882640731525488498e+00 1.535664909297329395e+01
-2.881082968363356756e+00 1.252941978080865759e+01
-2.879525205201224569e+00 1.038694390049339056e+01
-2.877967442039092383e+00 1.378244067620347479e+01
-2.876409678876960196e+00 1.237974697959566406e+01
-2.874851915714828010e+00 1.033613278682477343e+01
-2.873294152552695824e+00 1.146713081063453110e+01
-2.871736389390563637e+00 1.024688049768032272e+01
-2.870178626228431895e+00 9.533329940593942453e+00
-2.868620863066299709e+00 9.859488845390053768e+00
-2.867063099904167522e+00 9.061732292213383388e+00
-2.865505336742035336e+00 9.925605889612228339e+00
-2.863947573579903150e+00 1.145093416420935206e+01
-2.862389810417770963e+00 1.153555632380299478e+01
-2.860832047255638777e+00 1.222827571078351561e+01
-2.859274284093507035e+00 1.088709452597684901e+01
-2.857716520931374848e+00 1.129350132740972334e+01
-2.856158757769242662e+00 1.070413734244066895e+01
-2.854600994607110476e+00 1.243871485781436981e+01
-2.853043231444978289e+00 1.394692767877744899e+01
-2.851485468282846103e+00 1.198653659818619488e+01
-2.849927705120713917e+00 8.884761676489185689e+00
-2.848369941958582174e+00 7.845584919860102424e+00
-2.846812178796449988e+00 1.019403257697747911e+01
-2.845254415634317802e+00 1.069654218811983171e+01
-2.843696652472185615e+00 1.179275154405565473e+01
-2.842138889310053429e+00 1.281472150678688493e+01
-2.840581126147921243e+00 1.205727233770868700e+01
-2.839023362985789056e+00 1.389852057136593189e+01
-2.837465599823657314e+00 1.432778940598866413e+01
-2.835907836661525128e+00 1.143182688529578250e+01
-2.834350073499392941e+00 9.989434099493962549e+00
-2.832792310337260755e+00 1.226236233222244643e+01
-2.831234547175128569e+00 1.193809666926501478e+01
-2.829676784012996382e+00 9.927075438008188257e+00
-2.828119020850864196e+00 1.054262635012967664e+01
-2.826561257688732454e+00 1.090921843963759663e+01
-2.825003494526600267e+00 1.270064395103825738e+01
-2.823445731364468081e+00 1.359695540409040682e+01
-2.821887968202335895e+00 1.385768111879045428e+01
-2.820330205040203708e+00 1.350651146275759729e+01
-2.818772441878071966e+00 1.048537456052026329e+01
-2.817214678715939780e+00 1.028870513891596339e+01
-2.815656915553807593e+00 1.318252311974594093e+01
-2.814099152391675407e+00 1.005694759688612905e+01
-2.812541389229543221e+00 6.005962556637156169e+00
-2.810983626067411034e+00 8.428404592932283279e+00
-2.809425862905278848e+00 1.094952032953049859e+01
-2.807868099743147106e+00 9.658783817289384288e+00
-2.806310336581014919e+00 8.676031510749080411e+00
-2.804752573418882733e+00 1.053711657211696107e+01
-2.803194810256750547e+00 1.205309355852072706e+01
-2.801637047094618360e+00 1.346133457226330954e+01
-2.800079283932486174e+00 1.313339158736099321e+01
-2.798521520770353987e+00 9.917258742485612899e+00
-2.796963757608222245e+00 1.228608345703360172e+01
-2.795405994446090059e+00 1.254858279179044089e+01
-2.793848231283957873e+00 1.035883215179186756e+01
-2.792290468121825686e+00 1.123984730719395841e+01
-2.790732704959693500e+00 1.178002965643814370e+01
-2.789174941797561313e+00 1.175945834068810214e+01
-2.787617178635429127e+00 1.415379719810741932e+01
-2.786059415473297385e+00 1.665464458866321706e+01
-2.784501652311165198e+00 1.451730062776678842e+01
-2.782943889149033012e+00 8.578792569340279783e+00
-2.781386125986900826e+00 6.486362571381341979e+00
-2.779828362824768639e+00 9.686143401700944011e+00
-2.778270599662636453e+00 8.477306251502595202e+00
-2.776712836500504267e+00 9.685458360031246272e+00
-2.775155073338372524e+00 1.369821952243309582e+01
-2.773597310176240338e+00 1.227600330932431660e+01
-2.772039547014108152e+00 1.198246453193597283e+01
-2.770481783851975965e+00 1.555736079283862239e+01
-2.768924020689843779e+00 1.742557736155559311e+01
-2.767366257527711593e+00 1.352823122703043168e+01
-2.765808494365579406e+00 9.084266239159223488e+00
-2.764250731203447664e+00 1.463418740368059545e+01
-2.762692968041315478e+00 1.587189569419644464e+01
-2.761135204879183291e+00 1.174828892409250791e+01
-2.759577441717051105e+00 7.747363324171742782e+00
-2.758019678554918919e+00 7.997910319739625962e+00
-2.756461915392786732e+00 8.497554222115770273e+00
-2.754904152230654546e+00 6.313151233321797839e+00
-2.753346389068522804e+00 7.645006199789294854e+00
-2.751788625906390617e+00 9.828578758957055683e+00
-2.750230862744258431e+00 1.143636355967438156e+01
-2.748673099582126245e+00 1.515364394153460026e+01
-2.747115336419994058e+00 1.177122399392655971e+01
-2.745557573257862316e+00 1.224812863721185963e+01
-2.743999810095730130e+00 1.704390963676610582e+01
-2.742442046933597943e+00 1.029279230810193724e+01
-2.740884283771465757e+00 1.007069743929753258e+01
-2.739326520609333571e+00 1.523387889044735033e+01
-2.737768757447201384e+00 1.345256392275591928e+01
-2.736210994285069198e+00 9.173209584377048031e+00
-2.734653231122937456e+00 9.863449150090426443e+00
-2.733095467960805269e+00 1.320064307545571580e+01
-2.731537704798673083e+00 1.124553656455718453e+01
-2.729979941636540897e+00 1.043613846513539656e+01
-2.728422178474408710e+00 9.663702466648272704e+00
-2.726864415312276524e+00 1.020052480050864929e+01
-2.725306652150144338e+00 1.498180295113010629e+01
-2.723748888988012595e+00 1.379452423611754774e+01
-2.722191125825880409e+00 9.617930270125336634e+00
-2.720633362663748223e+00 8.544679311611947270e+00
-2.719075599501616036e+00 9.199100448172982780e+00
-2.717517836339483850e+00 9.814475541565329308e+00
-2.715960073177351664e+00 1.146551955076348328e+01
-2.714402310015219477e+00 1.314952670840284910e+01
-2.712844546853087735e+00 9.581109161440798161e+00
-2.711286783690955549e+00 8.633322484270413710e+00
-2.709729020528823362e+00 1.222401289024429794e+01
-2.708171257366691176e+00 1.170234970808201957e+01
-2.706613494204558990e+00 1.057584789405243875e+01
-2.705055731042426803e+00 1.166861660710380377e+01
-2.703497967880294617e+00 1.338086514776991542e+01
-2.701940204718162875e+00 1.159805621161295086e+01
-2.700382441556030688e+00 8.625739800220731723e+00
-2.698824678393898502e+00 8.077104432941805356e+00
-2.697266915231766315e+00 7.782561380330181855e+00
-2.695709152069634129e+00 8.507872255786164573e+00
-2.694151388907501943e+00 1.201145425507153419e+01
-2.692593625745369756e+00 1.285824513668012514e+01
-2.691035862583238014e+00 9.764061388039138478e+00
-2.689478099421105828e+00 9.549162654946563578e+00
-2.687920336258973641e+00 1.259207164280925184e+01
-2.686362573096841455e+00 1.399619940727127521e+01
-2.684804809934709269e+00 1.494018482287644289e+01
-2.683247046772577526e+00 1.486749988998775862e+01
-2.681689283610444896e+00 1.156830369882886700e+01
-2.680131520448313154e+00 8.643514662718970953e+00
-2.678573757286180967e+00 9.673230637567240109e+00
-2.677015994124048781e+00 1.220086844479756394e+01
-2.675458230961916595e+00 7.375585089015776141e+00
-2.673900467799784408e+00 8.346224845439573770e+00
-2.672342704637652666e+00 1.276496968811445321e+01
-2.670784941475520036e+00 1.456985168942092557e+01
-2.669227178313388293e+00 1.498997167194194446e+01
-2.667669415151256107e+00 1.367663398412991427e+01
-2.666111651989123921e+00 1.202682686505593779e+01
-2.664553888826991734e+00 1.225561732527769188e+01
-2.662996125664859548e+00 1.379055597821315260e+01
-2.661438362502727806e+00 1.232489547804553531e+01
-2.659880599340595619e+00 1.025342550275029296e+01
-2.658322836178463433e+00 9.779594069547798085e+00
-2.656765073016331247e+00 9.612398167360767687e+00
-2.655207309854199060e+00 1.134579113550008778e+01
-2.653649546692066874e+00 1.188707081108271701e+01
-2.652091783529934688e+00 1.112542970268741627e+01
-2.650534020367802945e+00 1.361275438546676320e+01
-2.648976257205670759e+00 1.360130045200138049e+01
-2.647418494043538573e+00 1.061516684306280034e+01
-2.645860730881406386e+00 9.164863265124509439e+00
-2.644302967719274200e+00 9.698332543911162062e+00
-2.642745204557142014e+00 1.145508752249195972e+01
-2.641187441395009827e+00 1.112264395630619163e+01
-2.639629678232878085e+00 9.684181374169337886e+00
-2.638071915070745899e+00 1.037940404493610203e+01
-2.636514151908613712e+00 1.501534925177472424e+01
-2.634956388746481526e+00 1.543551463788867295e+01
-2.633398625584349340e+00 1.197298196402343251e+01
-2.631840862422217153e+00 1.276592683003844897e+01
-2.630283099260084967e+00 1.356601156067955927e+01
-2.628725336097953225e+00 1.238607420654870772e+01
-2.627167572935821038e+00 1.307212869740140881e+01
-2.625609809773688852e+00 1.307260274949232404e+01
-2.624052046611556666e+00 1.066277575764756058e+01
-2.622494283449424479e+00 1.111769827183452186e+01
-2.620936520287292293e+00 1.069193029151908725e+01
-2.619378757125160107e+00 9.749068482099076505e+00
-2.617820993963028364e+00 1.135069461533787027e+01
-2.616263230800896178e+00 1.272635524222563674e+01
-2.614705467638763992e+00 9.729717176342475682e+00
-2.613147704476631805e+00 7.327025163442852040e+00
-2.611589941314499619e+00 8.622473350625343258e+00
-2.610032178152367877e+00 1.010593475374632177e+01
-2.608474414990235246e+00 1.090762167058175791e+01
-2.606916651828103504e+00 1.157473190084080095e+01
-2.605358888665971318e+00 1.069366521120916325e+01
-2.603801125503839131e+00 1.215716273983238160e+01
-2.602243362341706945e+00 1.403666352900709136e+01
-2.600685599179574758e+00 1.108694821283640763e+01
-2.599127836017443016e+00 1.210618419483504127e+01
-2.597570072855310386e+00 1.163308021977734441e+01
-2.596012309693178643e+00 1.176875136022564661e+01
-2.594454546531046457e+00 1.392398068720873816e+01
-2.592896783368914271e+00 1.225483222507093117e+01
-2.591339020206782084e+00 1.004486505966448284e+01
-2.589781257044649898e+00 1.184304526417225389e+01
-2.588223493882518156e+00 1.370633268555287998e+01
-2.586665730720385969e+00 1.044887930061822523e+01
-2.585107967558253783e+00 7.985564098119459331e+00
-2.583550204396121597e+00 8.712888184351474052e+00
-2.581992441233989410e+00 1.165991624548509975e+01
-2.580434678071857224e+00 1.452831691190496777e+01
-2.578876914909725038e+00 1.105200748908149144e+01
-2.577319151747593295e+00 9.193693922383529227e+00
-2.575761388585461109e+00 1.095808719640466400e+01
-2.574203625423328923e+00 1.306245698993949489e+01
-2.572645862261196736e+00 1.267259709048172844e+01
-2.571088099099064550e+00 1.278931342393580195e+01
-2.569530335936932364e+00 1.365220209070476898e+01
-2.567972572774800177e+00 1.083952030971323666e+01
-2.566414809612668435e+00 8.473077137022212213e+00
-2.564857046450536249e+00 1.011959006075046652e+01
-2.563299283288404062e+00 1.357128134809813247e+01
-2.561741520126271876e+00 1.327209420409158902e+01
-2.560183756964139690e+00 1.307142137439664964e+01
-2.558625993802007503e+00 1.331472328369960856e+01
-2.557068230639875317e+00 1.102645313146422801e+01
-2.555510467477743575e+00 1.289166112758632643e+01
-2.553952704315611388e+00 1.254961608950842411e+01
-2.552394941153479202e+00 1.250962802158351472e+01
-2.550837177991347016e+00 1.334815842624490401e+01
-2.549279414829214829e+00 1.185551266221745159e+01
-2.547721651667082643e+00 1.133091237536245011e+01
-2.546163888504950457e+00 1.160386457654278658e+01
-2.544606125342818714e+00 1.037646319717451249e+01
-2.543048362180686528e+00 8.772594893675378813e+00
-2.541490599018554342e+00 8.074201375901866484e+00
-2.539932835856422155e+00 1.135356170061233705e+01
-2.538375072694289969e+00 1.121235086143304294e+01
-2.536817309532158227e+00 1.055505946813175910e+01
-2.535259546370025596e+00 1.232954965541688885e+01
-2.533701783207893854e+00 1.189312989383851615e+01
-2.532144020045761668e+00 1.244272240088554327e+01
-2.530586256883629481e+00 1.301336818438376675e+01
-2.529028493721497295e+00 1.188840255514163680e+01
-2.527470730559365109e+00 1.155852956483637151e+01
-2.525912967397233366e+00 9.913882723995696367e+00
-2.524355204235100736e+00 9.627480028623411457e+00
-2.522797441072968994e+00 1.214877742786018366e+01
-2.521239677910836807e+00 1.308642733258542989e+01
-2.519681914748704621e+00 1.036531355735523441e+01
-2.518124151586572435e+00 9.219962068619837581e+00
-2.516566388424440248e+00 1.133505652503425765e+01
-2.515008625262308506e+00 9.662782272163273234e+00
-2.513450862100176320e+00 9.684060730009722562e+00
-2.511893098938044133e+00 1.106234072653951017e+01
-2.510335335775911947e+00 1.121570958289135156e+01
-2.508777572613779761e+00 1.291988942098297066e+01
-2.507219809451647574e+00 1.212681185478329660e+01
-2.505662046289515388e+00 1.029243448861030785e+01
-2.504104283127383646e+00 1.136650943125825819e+01
-2.502546519965251459e+00 1.347742762250789106e+01
-2.500988756803119273e+00 1.610610275154260407e+01
-2.499430993640987086e+00 1.113823140827660296e+01
-2.497873230478854900e+00 1.040205598855494173e+01
-2.496315467316722714e+00 1.385378493851794524e+01
-2.494757704154590527e+00 1.261475992715353378e+01
-2.493199940992458785e+00 1.187000762337010862e+01
-2.491642177830326599e+00 1.238381817209016766e+01
-2.490084414668194412e+00 1.281446649291065576e+01
-2.488526651506062226e+00 1.130880724039356444e+01
-2.486968888343930040e+00 1.030898715936176302e+01
-2.485411125181797853e+00 1.048894940670556331e+01
-2.483853362019665667e+00 1.048478007139698498e+01
-2.482295598857533925e+00 8.990499997231514939e+00
-2.480737835695401738e+00 1.139542473398428157e+01
-2.479180072533269552e+00 1.206192813941391506e+01
-2.477622309371137366e+00 1.024550791037973418e+01
-2.476064546209005179e+00 9.700822834429533970e+00
-2.474506783046872993e+00 9.315979307794206576e+00
-2.472949019884740807e+00 9.881448177806516853e+00
-2.471391256722609064e+00 1.071210465987228311e+01
-2.469833493560476878e+00 1.088410499872309423e+01
-2.468275730398344692e+00 1.102255653422463233e+01
-2.466717967236212505e+00 1.108406788190861825e+01
-2.465160204074080319e+00 1.225204841154757318e+01
-2.463602440911948577e+00 1.244129277072725692e+01
-2.462044677749815946e+00 1.151658042126804560e+01
-2.460486914587684204e+00 1.358764273376655396e+01
-2.458929151425552018e+00 1.453292045721631531e+01
-2.457371388263419831e+00 1.128730758650245392e+01
-2.455813625101287645e+00 1.161691341954316670e+01
-2.454255861939155459e+00 1.342805329661039160e+01
-2.452698098777023716e+00 1.041734031587241560e+01
-2.451140335614891086e+00 9.818568466610935630e+00
-2.449582572452759344e+00 1.435540621618408430e+01
-2.448024809290627157e+00 1.526319969519918729e+01
-2.446467046128494971e+00 1.194770371937778997e+01
-2.444909282966362785e+00 1.112284050445057204e+01
-2.443351519804230598e+00 1.147181219281082143e+01
-2.441793756642098856e+00 1.341666016606356315e+01
-2.440235993479966670e+00 1.375991207159017371e+01
-2.438678230317834483e+00 1.299299553829647280e+01
-2.437120467155702297e+00 1.211410375729631994e+01
-2.435562703993570111e+00 1.290778474708245405e+01
-2.434004940831437924e+00 1.018016363064364782e+01
-2.432447177669305738e+00 9.208412458937154099e+00
-2.430889414507173996e+00 1.042823840446063599e+01
-2.429331651345041809e+00 1.060756939037056235e+01
-2.427773888182909623e+00 1.064846499720406037e+01
-2.426216125020777437e+00 1.143799670066982266e+01
-2.424658361858645250e+00 1.526465467357554751e+01
-2.423100598696513064e+00 1.511881495960076904e+01
-2.421542835534380878e+00 1.451746462418079808e+01
-2.419985072372249135e+00 1.189803140394687198e+01
-2.418427309210116949e+00 1.067923356818919700e+01
-2.416869546047984763e+00 1.197758814360935808e+01
-2.415311782885852576e+00 1.209546842454694726e+01
-2.413754019723720390e+00 1.194415763747749537e+01
-2.412196256561588203e+00 1.122998638389067771e+01
-2.410638493399456017e+00 9.993453154588197052e+00
-2.409080730237324275e+00 8.146867550318813045e+00
-2.407522967075192089e+00 1.092661377550516022e+01
-2.405965203913059902e+00 1.461824554543732013e+01
-2.404407440750927716e+00 1.168547600352661142e+01
-2.402849677588795529e+00 1.222394148396017499e+01
-2.401291914426663343e+00 1.413849675459189648e+01
-2.399734151264531157e+00 1.412263181753179531e+01
-2.398176388102399414e+00 1.329364642735006186e+01
-2.396618624940267228e+00 1.052597732340133341e+01
-2.395060861778135042e+00 1.144384404651497533e+01
-2.393503098616002855e+00 1.250612578165671707e+01
-2.391945335453870669e+00 1.250352738869318614e+01
-2.390387572291738927e+00 1.268344795684318171e+01
-2.388829809129606296e+00 1.120969724260170608e+01
-2.387272045967474554e+00 1.177811187703151674e+01
-2.385714282805342368e+00 1.176740594172448517e+01
-2.384156519643210181e+00 8.828043518954093116e+00
-2.382598756481077995e+00 1.132782109273689031e+01
-2.381040993318945809e+00 1.422037227667393289e+01
-2.379483230156814066e+00 1.277664864765381658e+01
-2.377925466994681436e+00 1.002750525250673341e+01
-2.376367703832549694e+00 1.089679855212062520e+01
-2.374809940670417507e+00 1.234579069757701753e+01
-2.373252177508285321e+00 1.345831768805004458e+01
-2.371694414346153135e+00 1.421269356001758943e+01
-2.370136651184020948e+00 1.337492622363280326e+01
-2.368578888021889206e+00 1.320415931294665057e+01
-2.367021124859757020e+00 1.379306882575934878e+01
-2.365463361697624833e+00 1.269351230157727350e+01
-2.363905598535492647e+00 1.303388917423547433e+01
-2.362347835373360461e+00 1.427982872044042750e+01
-2.360790072211228274e+00 1.025640644890568787e+01
-2.359232309049096088e+00 1.197577347813042259e+01
-2.357674545886964346e+00 1.075508527231245459e+01
-2.356116782724832159e+00 1.094877346229549886e+01
-2.354559019562699973e+00 1.095781118180833857e+01
-2.353001256400567787e+00 1.220686632276569838e+01
-2.351443493238435600e+00 1.238556525527482677e+01
-2.349885730076303414e+00 1.001887117277556527e+01
-2.348327966914171228e+00 1.235829415757572569e+01
-2.346770203752039485e+00 1.387935517286895681e+01
-2.345212440589907299e+00 9.745877474534903939e+00
-2.343654677427775113e+00 9.445129626637653431e+00
-2.342096914265642926e+00 1.377060964683160194e+01
-2.340539151103510740e+00 1.180693687306091988e+01
-2.338981387941378554e+00 8.311926968830890772e+00
-2.337423624779246367e+00 1.005787533787433752e+01
-2.335865861617114625e+00 1.130538263680000455e+01
-2.334308098454982439e+00 1.363173902683594108e+01
-2.332750335292850252e+00 1.496451769650661312e+01
-2.331192572130718066e+00 1.406899382492425765e+01
-2.329634808968585880e+00 1.386733508788867297e+01
-2.328077045806453693e+00 1.303532999477426202e+01
-2.326519282644321507e+00 1.113311781112328980e+01
-2.324961519482189765e+00 1.097012275780987700e+01
-2.323403756320057578e+00 1.183404174473491821e+01
-2.321845993157925392e+00 1.021029577699592039e+01
-2.320288229995793206e+00 8.915801986428492754e+00
-2.318730466833661019e+00 1.003836382432598384e+01
-2.317172703671529277e+00 1.155340717150901320e+01
-2.315614940509396646e+00 1.186075501135497134e+01
-2.314057177347264904e+00 1.276187661636416593e+01
-2.312499414185132718e+00 1.143906152327711645e+01
-2.310941651023000531e+00 1.069074880013163487e+01
-2.309383887860868345e+00 1.157317785729803283e+01
-2.307826124698736159e+00 1.162867617586892166e+01
-2.306268361536604417e+00 1.265728843786319757e+01
-2.304710598374471786e+00 1.210106921554667458e+01
-2.303152835212340044e+00 8.778997275131386502e+00
-2.301595072050207857e+00 1.086677970078258149e+01
-2.300037308888075671e+00 1.478500430293890133e+01
-2.298479545725943485e+00 1.227630500048196716e+01
-2.296921782563811298e+00 1.116350259876084650e+01
-2.295364019401679556e+00 1.303372867755761177e+01
-2.293806256239547370e+00 1.011180024990808413e+01
-2.292248493077415183e+00 9.925676152025378229e+00
-2.290690729915282997e+00 1.186891476372733045e+01
-2.289132966753150811e+00 1.085864387247375618e+01
-2.287575203591018624e+00 9.506810041945991330e+00
-2.286017440428886438e+00 1.102226878963096901e+01
-2.284459677266754696e+00 1.298716649681615998e+01
-2.282901914104622509e+00 1.207169836619464576e+01
-2.281344150942490323e+00 1.215051095332454167e+01
-2.279786387780358137e+00 1.278158570418205464e+01
-2.278228624618225950e+00 1.156746505418350068e+01
-2.276670861456093764e+00 1.132278518391072275e+01
-2.275113098293961578e+00 1.303994032550687088e+01
-2.273555335131829835e+00 1.188489619737552694e+01
-2.271997571969697649e+00 1.135136801933807149e+01
-2.270439808807565463e+00 1.085168502062625784e+01
-2.268882045645433276e+00 1.047759107871405782e+01
-2.267324282483301090e+00 1.242415851495888113e+01
-2.265766519321168904e+00 1.351180675930292452e+01
-2.264208756159036717e+00 1.372712703390008393e+01
-2.262650992996904975e+00 1.294888568919685312e+01
-2.261093229834772789e+00 1.339068598560404943e+01
-2.259535466672640602e+00 1.550928399349238163e+01
-2.257977703510508416e+00 1.102489376635294782e+01
-2.256419940348376230e+00 9.576564415142911457e+00
-2.254862177186244043e+00 1.277707120359022319e+01
-2.253304414024111857e+00 1.202684904643354713e+01
-2.251746650861980115e+00 1.132252060949264560e+01
-2.250188887699847928e+00 1.306881106919371582e+01
-2.248631124537715742e+00 1.234928175096785630e+01
-2.247073361375583556e+00 1.349380923609127336e+01
-2.245515598213451369e+00 1.238608962146092018e+01
-2.243957835051319627e+00 8.031288962103772633e+00
-2.242400071889186997e+00 7.923013900195361003e+00
-2.240842308727055254e+00 1.057186355197178607e+01
-2.239284545564923068e+00 1.045405729694942032e+01
-2.237726782402790882e+00 1.148084734585189359e+01
-2.236169019240658695e+00 1.063353210003951865e+01
-2.234611256078526509e+00 8.770892028853314315e+00
-2.233053492916394767e+00 9.216631043732245843e+00
-2.231495729754262136e+00 1.230280720854694643e+01
-2.229937966592130394e+00 1.249299116162375078e+01
-2.228380203429998208e+00 1.318852863210580928e+01
-2.226822440267866021e+00 1.261354306858521745e+01
-2.225264677105733835e+00 1.276295168485808063e+01
-2.223706913943601648e+00 1.301078159468341156e+01
-2.222149150781469906e+00 1.270659830539892710e+01
-2.220591387619337720e+00 1.405377679229111187e+01
-2.219033624457205534e+00 1.348097384553813072e+01
-2.217475861295073347e+00 1.489705019111764628e+01
-2.215918098132941161e+00 1.297223780984546337e+01
-2.214360334970808974e+00 6.485561501306507992e+00
-2.212802571808676788e+00 1.016028717321114705e+01
-2.211244808646545046e+00 1.275358205941791034e+01
-2.209687045484412860e+00 1.172761101776569603e+01
-2.208129282322280673e+00 9.889712001373716532e+00
-2.206571519160148487e+00 9.647876135971838352e+00
-2.205013755998016300e+00 1.225943868678725224e+01
-2.203455992835884114e+00 1.374664957680336386e+01
-2.201898229673751928e+00 1.387986983801454244e+01
-2.200340466511620185e+00 1.402811838081971452e+01
-2.198782703349487999e+00 1.285402170737441807e+01
-2.197224940187355813e+00 8.751192449040443577e+00
-2.195667177025223626e+00 1.190580041840294179e+01
-2.194109413863091440e+00 1.387884316962940368e+01
-2.192551650700959254e+00 1.190820352429329532e+01
-2.190993887538827067e+00 1.387088897509729080e+01
-2.189436124376695325e+00 1.208009579524428645e+01
-2.187878361214563139e+00 1.017744255008314269e+01
-2.186320598052430952e+00 9.969051746964655791e+00
-2.184762834890298766e+00 1.106880168577739809e+01
-2.183205071728166580e+00 1.119842364070241736e+01
-2.181647308566034837e+00 9.214857049289264523e+00
-2.180089545403902207e+00 9.646141985999681978e+00
-2.178531782241770465e+00 1.181624559070519886e+01
-2.176974019079638278e+00 1.141252435349723093e+01
-2.175416255917506092e+00 9.614352531677335278e+00
-2.173858492755373906e+00 1.306751464648977645e+01
-2.172300729593241719e+00 1.057851728659275992e+01
-2.170742966431109977e+00 9.815546850308985327e+00
-2.169185203268977347e+00 1.072827775917739324e+01
-2.167627440106845604e+00 1.124024599800775803e+01
-2.166069676944713418e+00 1.324711451284106012e+01
-2.164511913782581232e+00 1.332029159648976702e+01
-2.162954150620449045e+00 1.291765112358459078e+01
-2.161396387458316859e+00 1.178816759827073035e+01
-2.159838624296185117e+00 1.291955882799733679e+01
-2.158280861134052486e+00 1.357023977635425815e+01
-2.156723097971920744e+00 9.817938844594623404e+00
-2.155165334809788558e+00 1.060553433274404433e+01
-2.153607571647656371e+00 1.680506688562878637e+01
-2.152049808485524185e+00 1.369544526256205152e+01
-2.150492045323391999e+00 1.309802966432314264e+01
-2.148934282161260256e+00 1.265347533826473558e+01
-2.147376518999127626e+00 1.085499292448778341e+01
-2.145818755836995884e+00 1.012686651561025286e+01
-2.144260992674863697e+00 9.949854853954978040e+00
-2.142703229512731511e+00 1.257654713688808812e+01
-2.141145466350599325e+00 1.303780828568575600e+01
-2.139587703188467138e+00 1.297685834766758006e+01
-2.138029940026335396e+00 1.571322090784929060e+01
-2.136472176864202766e+00 1.454078231611849858e+01
-2.134914413702071023e+00 1.418245371422931633e+01
-2.133356650539938837e+00 1.536360216700956549e+01
-2.131798887377806651e+00 1.263770507239436469e+01
-2.130241124215674908e+00 8.958274404430522253e+00
-2.128683361053542278e+00 8.588664762164917477e+00
-2.127125597891410536e+00 1.049377139019833471e+01
-2.125567834729277905e+00 1.114191696197209325e+01
-2.124010071567146163e+00 1.044326265656892616e+01
-2.122452308405013977e+00 1.101299225945428262e+01
-2.120894545242881790e+00 1.190477095267251251e+01
-2.119336782080750048e+00 1.008412956281668293e+01
-2.117779018918617417e+00 9.521420828813166537e+00
-2.116221255756485675e+00 1.230054691627305452e+01
-2.114663492594353489e+00 1.372835804065840826e+01
-2.113105729432221302e+00 1.087706867006940747e+01
-2.111547966270089116e+00 9.123014118147256823e+00
-2.109990203107956930e+00 9.473849251956373507e+00
-2.108432439945825188e+00 1.139871518242438064e+01
-2.106874676783692557e+00 1.298846633133413420e+01
-2.105316913621560815e+00 1.188221733004246339e+01
-2.103759150459428628e+00 1.173762605168424500e+01
-2.102201387297296442e+00 1.148314613422124708e+01
-2.100643624135164256e+00 9.471886321128199171e+00
-2.099085860973032069e+00 9.945806370121074380e+00
-2.097528097810900327e+00 9.640526337782675981e+00
-2.095970334648767697e+00 1.199806317623938412e+01
-2.094412571486635954e+00 9.947014815927538223e+00
-2.092854808324503768e+00 1.161969341282077295e+01
-2.091297045162371582e+00 1.261380140776409675e+01
-2.089739282000239395e+00 1.267592907329709462e+01
-2.088181518838107209e+00 1.394377370642128788e+01
-2.086623755675975467e+00 1.055945525586928646e+01
-2.085065992513842836e+00 1.028215959515632250e+01
-2.083508229351711094e+00 1.377211387217932526e+01
-2.081950466189578908e+00 1.217459654081242881e+01
-2.080392703027446721e+00 9.308940636702768501e+00
-2.078834939865314535e+00 9.906495875330971757e+00
-2.077277176703182349e+00 1.159103196072981490e+01
-2.075719413541050606e+00 1.370311147379327821e+01
-2.074161650378917976e+00 1.326429789872064013e+01
-2.072603887216786234e+00 9.796934730904201416e+00
-2.071046124054654047e+00 1.048250073843109753e+01
-2.069488360892521861e+00 1.219097240316434672e+01
-2.067930597730389675e+00 1.303302834204577110e+01
-2.066372834568257488e+00 1.418967769292641279e+01
-2.064815071406125746e+00 1.320124979195638737e+01
-2.063257308243993116e+00 1.224072195504083815e+01
-2.061699545081861373e+00 1.455883893160616260e+01
-2.060141781919729187e+00 1.191017435466666718e+01
-2.058584018757597001e+00 8.125395491225013700e+00
-2.057026255595465258e+00 9.640206203303677057e+00
-2.055468492433332628e+00 1.091091089929589586e+01
-2.053910729271200886e+00 1.115093535582805906e+01
-2.052352966109068255e+00 1.269816923676538956e+01
-2.050795202946936513e+00 1.066789285493528006e+01
-2.049237439784804327e+00 9.689656196602950189e+00
-2.047679676622672140e+00 1.084586033129247795e+01
-2.046121913460540398e+00 1.091733916123381398e+01
-2.044564150298407768e+00 1.128596183228000349e+01
-2.043006387136276025e+00 1.167744139881224186e+01
-2.041448623974143839e+00 1.290707113665235894e+01
-2.039890860812011653e+00 1.322048546031498617e+01
-2.038333097649879466e+00 6.230848663293712342e+00
-2.036775334487747280e+00 9.472072551869068491e+00
-2.035217571325615538e+00 1.263129760105191757e+01
-2.033659808163482907e+00 1.107729306906351496e+01
-2.032102045001351165e+00 1.334784315851800685e+01
-2.030544281839218979e+00 1.450405844259664789e+01
-2.028986518677086792e+00 1.284688153285114609e+01
-2.027428755514954606e+00 1.100691334701732771e+01
-2.025870992352822419e+00 1.126826317064278804e+01
-2.024313229190690677e+00 1.188529089168497421e+01
-2.022755466028558047e+00 1.078430573639065670e+01
-2.021197702866426305e+00 1.257635965455619420e+01
-2.019639939704294118e+00 1.477882640803468028e+01
-2.018082176542161932e+00 1.230510158866814585e+01
-2.016524413380029745e+00 1.170647083355752471e+01
-2.014966650217897559e+00 9.886642210205794257e+00
-2.013408887055765817e+00 9.478912032111679764e+00
-2.011851123893633186e+00 1.145586131257660334e+01
-2.010293360731501444e+00 1.228948329849791854e+01
-2.008735597569369258e+00 1.268263622813727842e+01
-2.007177834407237071e+00 1.177077462404031571e+01
-2.005620071245104885e+00 1.066969211838429388e+01
-2.004062308082972699e+00 8.513371981287910728e+00
-2.002504544920840956e+00 1.012384380914500781e+01
-2.000946781758708326e+00 1.075629188602216324e+01
-1.999389018596576584e+00 1.099976498211110965e+01
-1.997831255434444397e+00 1.254927205077484764e+01
-1.996273492272312211e+00 1.284600286152058857e+01
-1.994715729110180025e+00 1.168514449626847629e+01
-1.993157965948048060e+00 1.003601225497742711e+01
-1.991600202785915874e+00 7.317032273520626795e+00
-1.990042439623783688e+00 7.643992559867422543e+00
-1.988484676461651723e+00 1.060114525342069491e+01
-1.986926913299519537e+00 1.120136848168531429e+01
-1.985369150137387351e+00 1.109796935175969423e+01
-1.983811386975255386e+00 1.617090725023561504e+01
-1.982253623813123200e+00 1.655865365455811045e+01
-1.980695860650991014e+00 1.015641866682494232e+01
-1.979138097488858827e+00 1.092202454949609702e+01
-1.977580334326726863e+00 1.406771220617201479e+01
-1.976022571164594677e+00 1.274749247486350257e+01
-1.974464808002462490e+00 1.031983441210817531e+01
-1.972907044840330526e+00 9.905089142568966665e+00
-1.971349281678198340e+00 1.166859919296093473e+01
-1.969791518516066153e+00 1.215605019869336090e+01
-1.968233755353934189e+00 1.283433861971771073e+01
-1.966675992191802003e+00 1.393254181087092114e+01
-1.965118229029669816e+00 1.230550591020296380e+01
-1.963560465867537630e+00 1.188102712059165711e+01
-1.962002702705405666e+00 1.440999049076358851e+01
-1.960444939543273479e+00 1.285481107203173678e+01
-1.958887176381141293e+00 1.002082461728493534e+01
-1.957329413219009329e+00 1.071697785191273411e+01
-1.955771650056877142e+00 1.282838461246308270e+01
-1.954213886894744956e+00 1.396812968685464185e+01
-1.952656123732612770e+00 1.327995658382537769e+01
-1.951098360570480805e+00 1.138918094103401657e+01
-1.949540597408348619e+00 1.245196775788951271e+01
-1.947982834246216433e+00 1.301941658098079913e+01
-1.946425071084084468e+00 1.348372336042049291e+01
-1.944867307921952282e+00 1.329096052851047283e+01
-1.943309544759820096e+00 1.019528169012591690e+01
-1.941751781597688131e+00 1.141911681499167308e+01
-1.940194018435555945e+00 1.281935085397650553e+01
-1.938636255273423759e+00 1.323503747424364185e+01
-1.937078492111291572e+00 1.385848963223950925e+01
-1.935520728949159608e+00 1.236067761533516673e+01
-1.933962965787027422e+00 1.213675243625491085e+01
-1.932405202624895235e+00 1.476217914827745226e+01
-1.930847439462763271e+00 1.163379366976978169e+01
-1.929289676300631085e+00 1.351488246196969101e+01
-1.927731913138498898e+00 6.798489845153159905e+00
-1.926174149976366934e+00 1.017276978693102230e+01
-1.924616386814234748e+00 1.376134433996552531e+01
-1.923058623652102561e+00 1.073082482493473577e+01
-1.921500860489970375e+00 1.079951367975477794e+01
-1.919943097327838410e+00 1.123073219918148880e+01
-1.918385334165706224e+00 1.257774448018111713e+01
-1.916827571003574038e+00 1.147410870771238223e+01
-1.915269807841442073e+00 8.657699661098670063e+00
-1.913712044679309887e+00 1.022083641304702439e+01
-1.912154281517177701e+00 1.000953924680096030e+01
-1.910596518355045736e+00 1.017314277867097516e+01
-1.909038755192913550e+00 1.510120304316931517e+01
-1.907480992030781364e+00 1.695743474572047305e+01
-1.905923228868649177e+00 1.459000382238596316e+01
-1.904365465706517213e+00 1.457075128118166241e+01
-1.902807702544385027e+00 1.513176617383945555e+01
-1.901249939382252840e+00 1.350455305274858198e+01
-1.899692176220120876e+00 1.197393716580508638e+01
-1.898134413057988690e+00 1.130797703893243167e+01
-1.896576649895856503e+00 1.216515606357222978e+01
-1.895018886733724539e+00 1.219928753271449118e+01
-1.893461123571592353e+00 1.186028546155784014e+01
-1.891903360409460166e+00 1.510444423226757849e+01
-1.890345597247327980e+00 1.185508604283854162e+01
-1.888787834085196016e+00 1.168171621467651278e+01
-1.887230070923063829e+00 1.255290584379290308e+01
-1.885672307760931643e+00 1.687964016253058475e+01
-1.884114544598799679e+00 1.618562218404828812e+01
-1.882556781436667492e+00 1.311145276830409223e+01
-1.880999018274535306e+00 1.469449008230802534e+01
-1.879441255112403120e+00 1.281231716885404737e+01
-1.877883491950271155e+00 9.079057107949500605e+00
-1.876325728788138969e+00 8.276920375587703660e+00
-1.874767965626006783e+00 1.223042238878053745e+01
-1.873210202463874818e+00 1.017106133796813516e+01
-1.871652439301742632e+00 1.066845381027723860e+01
-1.870094676139610446e+00 1.311039149691336192e+01
-1.868536912977478481e+00 1.254829890708014695e+01
-1.866979149815346295e+00 9.416695494946868195e+00
-1.865421386653214109e+00 8.143410077497302169e+00
-1.863863623491081922e+00 1.250204197868662526e+01
-1.862305860328949958e+00 1.552760114903377620e+01
-1.860748097166817772e+00 1.421195158092666055e+01
-1.859190334004685585e+00 1.094327662663147649e+01
-1.857632570842553621e+00 1.362909693044906945e+01
-1.856074807680421435e+00 1.585631154197211856e+01
-1.854517044518289248e+00 1.361963340315319471e+01
-1.852959281356157284e+00 1.201738639956681354e+01
-1.851401518194025098e+00 1.179779366434055099e+01
-1.849843755031892911e+00 9.581509622143302707e+00
-1.848285991869760725e+00 8.560259239736925707e+00
-1.846728228707628761e+00 1.128597109933865461e+01
-1.845170465545496574e+00 1.207557135840275109e+01
-1.843612702383364388e+00 9.658918829426113462e+00
-1.842054939221232424e+00 1.014220620634908343e+01
-1.840497176059100237e+00 1.148707502767879696e+01
-1.838939412896968051e+00 1.233930000561939799e+01
-1.837381649734836087e+00 1.296744194751206791e+01
-1.835823886572703900e+00 1.060739304763566615e+01
-1.834266123410571714e+00 9.232962726343540538e+00
-1.832708360248439527e+00 1.095492427253873124e+01
-1.831150597086307563e+00 1.054472144194436645e+01
-1.829592833924175377e+00 1.073587621184373830e+01
-1.828035070762043190e+00 1.445151240171136031e+01
-1.826477307599911226e+00 1.615861459695534208e+01
-1.824919544437779040e+00 1.253978621738716015e+01
-1.823361781275646853e+00 1.127184548092194660e+01
-1.821804018113514889e+00 1.155710687538524617e+01
-1.820246254951382703e+00 1.281764833016527660e+01
-1.818688491789250516e+00 1.194766014144174271e+01
-1.817130728627118330e+00 1.166030471116778777e+01
-1.815572965464986366e+00 1.182502868539536856e+01
-1.814015202302854179e+00 1.280768467109085051e+01
-1.812457439140721993e+00 1.355908081267406118e+01
-1.810899675978590029e+00 1.168393535175767184e+01
-1.809341912816457842e+00 1.135119979374073651e+01
-1.807784149654325656e+00 1.377911254959194132e+01
-1.806226386492193470e+00 1.214061129214958257e+01
-1.804668623330061505e+00 1.662800060064787644e+01
-1.803110860167929319e+00 1.559321516740155467e+01
-1.801553097005797133e+00 1.231745223521135024e+01
-1.799995333843665168e+00 1.192262150883811422e+01
-1.798437570681532982e+00 1.270111069211960064e+01
-1.796879807519400796e+00 1.321166042405341656e+01
-1.795322044357268831e+00 1.219749617579064704e+01
-1.793764281195136645e+00 1.194027472639506726e+01
-1.792206518033004459e+00 1.047365346635604588e+01
-1.790648754870872272e+00 8.173287956499292406e+00
-1.789090991708740308e+00 7.065312562573554445e+00
-1.787533228546608122e+00 1.105491432451930223e+01
-1.785975465384475935e+00 1.228210907086536707e+01
-1.784417702222343971e+00 1.097597289967276168e+01
-1.782859939060211785e+00 1.196052217864419376e+01
-1.781302175898079598e+00 1.042610813038312401e+01
-1.779744412735947634e+00 9.744742368169445612e+00
-1.778186649573815448e+00 1.266916212304221645e+01
-1.776628886411683261e+00 1.439948103229343168e+01
-1.775071123249551075e+00 1.387248524459242915e+01
-1.773513360087419111e+00 1.180683779568680869e+01
-1.771955596925286924e+00 1.629173061150707369e+01
-1.770397833763154738e+00 1.088189473543371832e+01
-1.768840070601022774e+00 1.027082244938915423e+01
-1.767282307438890587e+00 1.253203532724093527e+01
-1.765724544276758401e+00 1.080651983792677484e+01
-1.764166781114626437e+00 9.339393518213913836e+00
-1.762609017952494250e+00 6.779816614218651338e+00
-1.761051254790362064e+00 7.090023816663916456e+00
-1.759493491628229878e+00 1.117226306505443922e+01
-1.757935728466097913e+00 8.583576205011272720e+00
-1.756377965303965727e+00 1.057744146842493116e+01
-1.754820202141833541e+00 1.385508811696172415e+01
-1.753262438979701576e+00 1.387758148989757245e+01
-1.751704675817569390e+00 1.288851690222232627e+01
-1.750146912655437204e+00 1.211556683994093042e+01
-1.748589149493305239e+00 1.402863771737987619e+01
-1.747031386331173053e+00 1.598380038390167712e+01
-1.745473623169040867e+00 1.640244569911216743e+01
-1.743915860006908680e+00 1.627041590604910937e+01
-1.742358096844776716e+00 1.495743094519946759e+01
-1.740800333682644530e+00 1.105664180507519134e+01
-1.739242570520512343e+00 1.132161689682804351e+01
-1.737684807358380379e+00 1.004537790119471197e+01
-1.736127044196248193e+00 6.066033215141739987e+00
-1.734569281034116006e+00 9.483111385840624408e+00
-1.733011517871983820e+00 1.306308701554938168e+01
-1.731453754709851856e+00 1.254355435329357071e+01
-1.729895991547719669e+00 1.242965971530372471e+01
-1.728338228385587483e+00 1.136525103207011078e+01
-1.726780465223455518e+00 1.061783775129495133e+01
-1.725222702061323332e+00 1.282259451986784526e+01
-1.723664938899191146e+00 1.061176583770118675e+01
-1.722107175737059181e+00 9.432071502854785905e+00
-1.720549412574926995e+00 1.548830950612961921e+01
-1.718991649412794809e+00 1.405965553480886676e+01
-1.717433886250662622e+00 1.090052589457753918e+01
-1.715876123088530658e+00 1.200408614804382523e+01
-1.714318359926398472e+00 1.280465963900464921e+01
-1.712760596764266285e+00 1.233312764837298836e+01
-1.711202833602134321e+00 1.205114070707523588e+01
-1.709645070440002135e+00 1.255556531771350670e+01
-1.708087307277869948e+00 1.483586657784342755e+01
-1.706529544115737984e+00 1.680546782612298884e+01
-1.704971780953605798e+00 1.374997462613931098e+01
-1.703414017791473611e+00 1.342864342990029236e+01
-1.701856254629341425e+00 1.260474990438987852e+01
-1.700298491467209461e+00 1.096914465131195193e+01
-1.698740728305077274e+00 1.172417457186542222e+01
-1.697182965142945088e+00 1.278672425874205132e+01
-1.695625201980813124e+00 1.375808023999482188e+01
-1.694067438818680937e+00 1.230945546596611884e+01
-1.692509675656548751e+00 1.132968412684571824e+01
-1.690951912494416787e+00 1.087489982783996112e+01
-1.689394149332284600e+00 9.586176025138863466e+00
-1.687836386170152414e+00 1.238986014950543613e+01
-1.686278623008020228e+00 1.353181213674034389e+01
-1.684720859845888263e+00 1.115696458155735726e+01
-1.683163096683756077e+00 1.065284773774444105e+01
-1.681605333521623891e+00 1.337051260846872758e+01
-1.680047570359491926e+00 1.419104755873929058e+01
-1.678489807197359740e+00 1.219723315544650255e+01
-1.676932044035227554e+00 1.171360459604696658e+01
-1.675374280873095589e+00 1.589056887259418360e+01
-1.673816517710963403e+00 1.529478418744053236e+01
-1.672258754548831217e+00 1.791648655740387852e+01
-1.670700991386699030e+00 1.647596866029112306e+01
-1.669143228224567066e+00 1.455587208742354832e+01
-1.667585465062434880e+00 1.437959035325096657e+01
-1.666027701900302693e+00 1.143312057822141625e+01
-1.664469938738170729e+00 1.215734958256919995e+01
-1.662912175576038543e+00 1.434142639361004257e+01
-1.661354412413906356e+00 1.084766930578174993e+01
-1.659796649251774170e+00 1.200157762509521220e+01
-1.658238886089642206e+00 1.300765373182070483e+01
-1.656681122927510019e+00 1.300396294594879265e+01
-1.655123359765377833e+00 1.425609505226677065e+01
-1.653565596603245869e+00 1.130923615694169726e+01
-1.652007833441113682e+00 9.683072727021984960e+00
-1.650450070278981496e+00 1.161645264860380777e+01
-1.648892307116849532e+00 1.259407230559252433e+01
-1.647334543954717345e+00 1.372665731676528544e+01
-1.645776780792585159e+00 1.307560855026785518e+01
-1.644219017630452973e+00 1.668377276850002389e+01
-1.642661254468321008e+00 1.723354423925254508e+01
-1.641103491306188822e+00 1.496705247999747002e+01
-1.639545728144056636e+00 1.470448760920720233e+01
-1.637987964981924671e+00 1.420705478803675348e+01
-1.636430201819792485e+00 1.287163896967167531e+01
-1.634872438657660298e+00 1.167851278268647874e+01
-1.633314675495528334e+00 1.378208096342286737e+01
-1.631756912333396148e+00 1.570785979598461068e+01
-1.630199149171263961e+00 1.147894311968601144e+01
-1.628641386009131775e+00 1.069842759743773719e+01
-1.627083622846999811e+00 1.117992980892832833e+01
-1.625525859684867624e+00 1.563516149460849647e+01
-1.623968096522735438e+00 1.615236080278256736e+01
-1.622410333360603474e+00 1.398471320511838378e+01
-1.620852570198471287e+00 1.390257180585192032e+01
-1.619294807036339101e+00 1.283259925306126092e+01
-1.617737043874207137e+00 1.287772440874822877e+01
-1.616179280712074950e+00 1.557274198850342373e+01
-1.614621517549942764e+00 1.389087269503492017e+01
-1.613063754387810578e+00 1.502869001611243149e+01
-1.611505991225678613e+00 9.927356679348438462e+00
-1.609948228063546427e+00 7.981682857009546161e+00
-1.608390464901414241e+00 1.177756605011171054e+01
-1.606832701739282276e+00 1.142414545845229590e+01
-1.605274938577150090e+00 9.093411961680988753e+00
-1.603717175415017904e+00 7.810101037323655682e+00
-1.602159412252885939e+00 1.078321862065556935e+01
-1.600601649090753753e+00 1.536171256488439418e+01
-1.599043885928621567e+00 2.001320036572544225e+01
-1.597486122766489380e+00 1.922044639275422284e+01
-1.595928359604357416e+00 1.756236125776155532e+01
-1.594370596442225230e+00 1.482017286207515561e+01
-1.592812833280093043e+00 1.254495950408791138e+01
-1.591255070117961079e+00 1.239746329431564220e+01
-1.589697306955828893e+00 9.380348422248111717e+00
-1.588139543793696706e+00 8.585441111956532367e+00
-1.586581780631564520e+00 1.313012078147921180e+01
-1.585024017469432556e+00 1.368114710030418912e+01
-1.583466254307300369e+00 1.070241089572453674e+01
-1.581908491145168183e+00 1.176522045699118024e+01
-1.580350727983036219e+00 1.422633987196348926e+01
-1.578792964820904032e+00 1.290935990797746236e+01
-1.577235201658771846e+00 1.205184289234887807e+01
-1.575677438496639882e+00 1.276813693200423927e+01
-1.574119675334507695e+00 1.157434846497337588e+01
-1.572561912172375509e+00 9.831576448038475746e+00
-1.571004149010243323e+00 7.884457755715581051e+00
-1.569446385848111358e+00 1.031284881909679108e+01
-1.567888622685979172e+00 1.340764229416150854e+01
-1.566330859523846986e+00 1.050517187609907666e+01
-1.564773096361715021e+00 8.745490587291959272e+00
-1.563215333199582835e+00 9.811057275582419024e+00
-1.561657570037450649e+00 1.202554267164095947e+01
-1.560099806875318684e+00 1.214401823988911744e+01
-1.558542043713186498e+00 1.018589524981114103e+01
-1.556984280551054312e+00 1.525414312012601137e+01
-1.555426517388922125e+00 1.544480901480423007e+01
-1.553868754226790161e+00 1.713547635736480146e+01
-1.552310991064657975e+00 1.380351152315383878e+01
-1.550753227902525788e+00 9.766588686487214233e+00
-1.549195464740393824e+00 1.192678287646022994e+01
-1.547637701578261638e+00 1.214260617494269745e+01
-1.546079938416129451e+00 1.102493388894930426e+01
-1.544522175253997487e+00 1.205240676477026973e+01
-1.542964412091865301e+00 9.021965431927906565e+00
-1.541406648929733114e+00 1.217495174918711065e+01
-1.539848885767600928e+00 1.321306990667869741e+01
-1.538291122605468964e+00 1.108505662056670360e+01
-1.536733359443336777e+00 1.277096701753748853e+01
-1.535175596281204591e+00 1.257597221730705606e+01
-1.533617833119072627e+00 1.181335412507615246e+01
-1.532060069956940440e+00 1.297461087848545347e+01
-1.530502306794808254e+00 1.230450467211719712e+01
-1.528944543632676289e+00 1.020901567344268024e+01
-1.527386780470544103e+00 8.834746203382755070e+00
-1.525829017308411917e+00 1.209163005287467918e+01
-1.524271254146279730e+00 1.337229373159444101e+01
-1.522713490984147766e+00 1.456790374509979102e+01
-1.521155727822015580e+00 1.451543411574985853e+01
-1.519597964659883393e+00 9.825230810912078283e+00
-1.518040201497751429e+00 9.479875299125216870e+00
-1.516482438335619243e+00 1.167856124229772519e+01
-1.514924675173487056e+00 9.692077771616565585e+00
-1.513366912011354870e+00 1.223002476861243260e+01
-1.511809148849222906e+00 1.110008648861895253e+01
-1.510251385687090719e+00 1.041794644065550024e+01
-1.508693622524958533e+00 1.405181775927747623e+01
-1.507135859362826569e+00 1.382195823170209081e+01
-1.505578096200694382e+00 1.235464298574825648e+01
-1.504020333038562196e+00 1.191092638911082169e+01
-1.502462569876430232e+00 1.061810954069448698e+01
-1.500904806714298045e+00 1.259646473290496793e+01
-1.499347043552165859e+00 1.099111877157622530e+01
-1.497789280390033673e+00 1.165443453403852558e+01
-1.496231517227901708e+00 1.348349195947662871e+01
-1.494673754065769522e+00 1.319892963333875002e+01
-1.493115990903637336e+00 1.378412505436612356e+01
-1.491558227741505371e+00 1.005227200864412929e+01
-1.490000464579373185e+00 7.712837850329297140e+00
-1.488442701417240999e+00 1.192248550768631610e+01
-1.486884938255109034e+00 1.337414371103608879e+01
-1.485327175092976848e+00 1.619753417863775269e+01
-1.483769411930844662e+00 1.476053269421961645e+01
-1.482211648768712475e+00 1.291006748669537352e+01
-1.480653885606580511e+00 1.308344875242992345e+01
-1.479096122444448325e+00 1.328680920259339437e+01
-1.477538359282316138e+00 1.206695577392898500e+01
-1.475980596120184174e+00 9.185321569192165470e+00
-1.474422832958051988e+00 1.172070709564865965e+01
-1.472865069795919801e+00 1.489269844271030685e+01
-1.471307306633787837e+00 1.498831872871861748e+01
-1.469749543471655651e+00 1.468799541246253426e+01
-1.468191780309523464e+00 1.348592953140983752e+01
-1.466634017147391278e+00 1.005794663940665323e+01
-1.465076253985259314e+00 8.607759783903095041e+00
-1.463518490823127127e+00 1.127470515943233487e+01
-1.461960727660994941e+00 1.436697185861897452e+01
-1.460402964498862977e+00 1.267863236246125958e+01
-1.458845201336730790e+00 1.216059768729494195e+01
-1.457287438174598604e+00 1.941745352664638702e+01
-1.455729675012466640e+00 1.642377063421760397e+01
-1.454171911850334453e+00 1.064568214407925240e+01
-1.452614148688202267e+00 9.925706823319748295e+00
-1.451056385526070081e+00 1.055418696482064078e+01
-1.449498622363938116e+00 1.285824435481844752e+01
-1.447940859201805930e+00 1.329248317076501884e+01
-1.446383096039673744e+00 1.235047879858849917e+01
-1.444825332877541779e+00 1.236421890337536134e+01
-1.443267569715409593e+00 1.491972189495307255e+01
-1.441709806553277406e+00 1.313964304675513972e+01
-1.440152043391145220e+00 1.185157687779162039e+01
-1.438594280229013256e+00 1.307571415222755462e+01
-1.437036517066881069e+00 1.155343790902158041e+01
-1.435478753904748883e+00 8.441629040672722795e+00
-1.433920990742616919e+00 9.432158497250565432e+00
-1.432363227580484732e+00 1.180504521655811700e+01
-1.430805464418352546e+00 1.119278119500030932e+01
-1.429247701256220582e+00 1.240448611548719704e+01
-1.427689938094088395e+00 1.337334173666673109e+01
-1.426132174931956209e+00 1.143389164921124390e+01
-1.424574411769824023e+00 1.169789250782034884e+01
-1.423016648607692058e+00 1.376290872757400940e+01
-1.421458885445559872e+00 1.256907181015290220e+01
-1.419901122283427686e+00 1.209674199261487537e+01
-1.418343359121295721e+00 1.309625938333745765e+01
-1.416785595959163535e+00 1.522600397716412957e+01
-1.415227832797031349e+00 1.402656856495953441e+01
-1.413670069634899384e+00 9.534202522947511582e+00
-1.412112306472767198e+00 1.115051153621534397e+01
-1.410554543310635012e+00 1.332062945393923314e+01
-1.408996780148502825e+00 1.261787744495840613e+01
-1.407439016986370861e+00 1.549470694481800415e+01
-1.405881253824238675e+00 1.306012118750516748e+01
-1.404323490662106488e+00 9.208556572510966376e+00
-1.402765727499974524e+00 1.180225278922898191e+01
-1.401207964337842338e+00 1.192493349887553933e+01
-1.399650201175710151e+00 8.925623908987700972e+00
-1.398092438013578187e+00 1.086176003399904211e+01
-1.396534674851446001e+00 1.310699271863882487e+01
-1.394976911689313814e+00 1.135105652080040883e+01
-1.393419148527181628e+00 1.237605991895773094e+01
-1.391861385365049664e+00 1.617042844565198223e+01
-1.390303622202917477e+00 1.391181102751491316e+01
-1.388745859040785291e+00 1.548950197172877807e+01
-1.387188095878653327e+00 1.573161557649149955e+01
-1.385630332716521140e+00 1.568908207483238826e+01
-1.384072569554388954e+00 1.554387008226062505e+01
-1.382514806392256990e+00 1.437835148257119577e+01
-1.380957043230124803e+00 1.456155519354125438e+01
-1.379399280067992617e+00 1.326655791397324435e+01
-1.377841516905860431e+00 1.059135112077204255e+01
-1.376283753743728466e+00 1.059867416671407092e+01
-1.374725990581596280e+00 1.093078817298819594e+01
-1.373168227419464094e+00 1.457326931632602474e+01
-1.371610464257332129e+00 1.421131504709006244e+01
-1.370052701095199943e+00 1.010139853490038497e+01
-1.368494937933067757e+00 1.081179326232678228e+01
-1.366937174770935570e+00 1.363207337291611942e+01
-1.365379411608803606e+00 1.204216665360572591e+01
-1.363821648446671420e+00 9.445833091298563744e+00
-1.362263885284539233e+00 1.097593802647960715e+01
-1.360706122122407269e+00 1.164550596297854845e+01
-1.359148358960275083e+00 1.016520211878928670e+01
-1.357590595798142896e+00 9.052740957220015261e+00
-1.356032832636010932e+00 9.663769561827894705e+00
-1.354475069473878746e+00 1.054203062183564121e+01
-1.352917306311746559e+00 1.181598041465238680e+01
-1.351359543149614373e+00 9.838941441855427072e+00
-1.349801779987482409e+00 1.524461026450376977e+01
-1.348244016825350222e+00 1.559942956033810013e+01
-1.346686253663218036e+00 1.277586463516132653e+01
-1.345128490501086072e+00 1.454272730613628539e+01
-1.343570727338953885e+00 1.600937105149848705e+01
-1.342012964176821699e+00 1.461483720518731033e+01
-1.340455201014689735e+00 9.801830730095760558e+00
-1.338897437852557548e+00 1.094634582766639674e+01
-1.337339674690425362e+00 1.475515403709135853e+01
-1.335781911528293175e+00 1.428121976449241437e+01
-1.334224148366161211e+00 1.312096654603769963e+01
-1.332666385204029025e+00 1.409572953300329345e+01
-1.331108622041896838e+00 1.364269212212337479e+01
-1.329550858879764874e+00 1.203312337329551873e+01
-1.327993095717632688e+00 1.336054301809150324e+01
-1.326435332555500501e+00 1.309211896348351090e+01
-1.324877569393368537e+00 1.033694101340522842e+01
-1.323319806231236351e+00 1.177341823482503891e+01
-1.321762043069104164e+00 9.658058033701829359e+00
-1.320204279906971978e+00 1.092800476532931420e+01
-1.318646516744840014e+00 1.367181848301307312e+01
-1.317088753582707827e+00 1.392518313132522678e+01
-1.315530990420575641e+00 1.345981546293567988e+01
-1.313973227258443677e+00 1.219671827360572003e+01
-1.312415464096311490e+00 1.204191748557291497e+01
-1.310857700934179304e+00 1.064319786189619599e+01
-1.309299937772047340e+00 8.923070338390118650e+00
-1.307742174609915153e+00 1.076450416648724762e+01
-1.306184411447782967e+00 1.256269726263562703e+01
-1.304626648285650781e+00 1.204639683683230622e+01
-1.303068885123518816e+00 1.181460241125447830e+01
-1.301511121961386630e+00 1.277695449539753092e+01
-1.299953358799254444e+00 1.489939688312858124e+01
-1.298395595637122479e+00 1.572811392448263668e+01
-1.296837832474990293e+00 1.267944069221586467e+01
-1.295280069312858107e+00 1.364637022828373780e+01
-1.293722306150725920e+00 1.360565405933582639e+01
-1.292164542988593956e+00 1.209987700375184794e+01
-1.290606779826461770e+00 1.253874640181420652e+01
-1.289049016664329583e+00 1.453110035947079837e+01
-1.287491253502197619e+00 1.575349907831473040e+01
-1.285933490340065433e+00 1.274653252573841300e+01
-1.284375727177933246e+00 1.462504434788215235e+01
-1.282817964015801282e+00 1.406977635848009989e+01
-1.281260200853669096e+00 1.660308125518354316e+01
-1.279702437691536909e+00 1.454999074687648708e+01
-1.278144674529404723e+00 1.488747432106835689e+01
-1.276586911367272759e+00 1.438572370844847903e+01
-1.275029148205140572e+00 1.088699186416629594e+01
-1.273471385043008386e+00 1.220301966773454971e+01
-1.271913621880876422e+00 1.445891652928323978e+01
-1.270355858718744235e+00 1.377235666327775654e+01
-1.268798095556612049e+00 1.307524196353336521e+01
-1.267240332394480085e+00 1.418219467722243010e+01
-1.265682569232347898e+00 1.532058867803585933e+01
-1.264124806070215712e+00 1.295717906565909416e+01
-1.262567042908083526e+00 1.262810483234885695e+01
-1.261009279745951561e+00 1.239753930937237314e+01
-1.259451516583819375e+00 1.020821925855990386e+01
-1.257893753421687189e+00 9.627585036481423941e+00
-1.256335990259555224e+00 1.298885920206349098e+01
-1.254778227097423038e+00 1.601608376835528702e+01
-1.253220463935290852e+00 1.378959010157711873e+01
-1.251662700773158887e+00 1.026877944162706591e+01
-1.250104937611026701e+00 1.282255666265809246e+01
-1.248547174448894514e+00 1.357619446670964436e+01
-1.246989411286762328e+00 1.296768240242863079e+01
-1.245431648124630364e+00 1.308060441985282374e+01
-1.243873884962498177e+00 1.198095843947063166e+01
-1.242316121800365991e+00 1.190219431893840607e+01
-1.240758358638234027e+00 1.372743435010683655e+01
-1.239200595476101840e+00 1.571549396375179164e+01
-1.237642832313969654e+00 1.682003220956730161e+01
-1.236085069151837690e+00 1.284277237982833064e+01
-1.234527305989705503e+00 9.994991792339254388e+00
-1.232969542827573317e+00 9.496693424772587377e+00
-1.231411779665441131e+00 1.298286662281723380e+01
-1.229854016503309166e+00 1.273506960927278442e+01
-1.228296253341176980e+00 1.028457388342080847e+01
-1.226738490179044794e+00 1.127579736302977409e+01
-1.225180727016912829e+00 1.131043652488991391e+01
-1.223622963854780643e+00 1.362119619175512142e+01
-1.222065200692648457e+00 1.422821417374964348e+01
-1.220507437530516270e+00 1.356929746848123486e+01
-1.218949674368384306e+00 1.233059490171719830e+01
-1.217391911206252120e+00 1.399595361067586730e+01
-1.215834148044119933e+00 1.566631313109439638e+01
-1.214276384881987969e+00 1.325195995594713771e+01
-1.212718621719855783e+00 1.274744622717787834e+01
-1.211160858557723596e+00 1.476837554526727736e+01
-1.209603095395591632e+00 1.337863612335415731e+01
-1.208045332233459446e+00 1.351232226835879224e+01
-1.206487569071327259e+00 1.487662503452637175e+01
-1.204929805909195073e+00 1.976585871721588461e+01
-1.203372042747063109e+00 1.608332882672666031e+01
-1.201814279584930922e+00 1.065235595301668425e+01
-1.200256516422798736e+00 1.351233448286005867e+01
-1.198698753260666772e+00 1.431745568629649590e+01
-1.197140990098534585e+00 1.245036199885786488e+01
-1.195583226936402399e+00 1.160266305075028903e+01
-1.194025463774270435e+00 1.324802427229110080e+01
-1.192467700612138248e+00 1.644331709197226843e+01
-1.190909937450006062e+00 1.366521805515820809e+01
-1.189352174287873876e+00 1.060107423183925235e+01
-1.187794411125741689e+00 1.344033507337436895e+01
-1.186236647963609947e+00 1.711022532272827945e+01
-1.184678884801477761e+00 1.803429104333640254e+01
-1.183121121639345574e+00 1.573302439855351587e+01
-1.181563358477213388e+00 1.376926563780022583e+01
-1.180005595315081202e+00 1.375346949087603399e+01
-1.178447832152949015e+00 1.313282905442095760e+01
-1.176890068990816829e+00 1.229480847175875269e+01
-1.175332305828685087e+00 1.433055070852910795e+01
-1.173774542666552900e+00 1.363565449925654960e+01
-1.172216779504420714e+00 1.391707895676841389e+01
-1.170659016342288528e+00 1.488538519998205523e+01
-1.169101253180156341e+00 1.572133064478847686e+01
-1.167543490018024155e+00 1.529883738380351588e+01
-1.165985726855891969e+00 1.250267924340000825e+01
-1.164427963693760226e+00 1.093322822485635015e+01
-1.162870200531628040e+00 1.241394565394645255e+01
-1.161312437369495854e+00 1.569900115560428056e+01
-1.159754674207363667e+00 1.483616624469176237e+01
-1.158196911045231481e+00 1.108661640409601290e+01
-1.156639147883099294e+00 1.637897744039188552e+01
-1.155081384720967108e+00 1.427755271432462614e+01
-1.153523621558835366e+00 1.347604261832633910e+01
-1.151965858396703180e+00 1.509345305077283506e+01
-1.150408095234570993e+00 1.312895770374679216e+01
-1.148850332072438807e+00 1.205770118437090765e+01
-1.147292568910306620e+00 1.151502860772754921e+01
-1.145734805748174434e+00 1.309056116441223239e+01
-1.144177042586042692e+00 1.574775543566106606e+01
-1.142619279423910505e+00 1.259785555829396841e+01
-1.141061516261778319e+00 1.447876086448422583e+01
-1.139503753099646133e+00 1.416482155836539647e+01
-1.137945989937513946e+00 1.293036533377273933e+01
-1.136388226775381760e+00 1.394826969141277395e+01
-1.134830463613249574e+00 1.071494323440866481e+01
-1.133272700451117831e+00 1.049439024887831984e+01
-1.131714937288985645e+00 1.305457943219032657e+01
-1.130157174126853459e+00 1.445762660712917480e+01
-1.128599410964721272e+00 1.389195570215724906e+01
-1.127041647802589086e+00 1.277758714474427748e+01
-1.125483884640456900e+00 1.410248014163761354e+01
-1.123926121478324713e+00 1.352838953347540141e+01
-1.122368358316192971e+00 9.588267702749135424e+00
-1.120810595154060785e+00 1.099657920003088485e+01
-1.119252831991928598e+00 1.320759965056713625e+01
-1.117695068829796412e+00 1.506050053013244217e+01
-1.116137305667664226e+00 1.345581415703071038e+01
-1.114579542505532039e+00 1.054806300644806427e+01
-1.113021779343400297e+00 1.200239102157000382e+01
-1.111464016181268111e+00 1.331109132106156423e+01
-1.109906253019135924e+00 1.266770159235965032e+01
-1.108348489857003738e+00 1.577917816536884388e+01
-1.106790726694871552e+00 1.613781553810096270e+01
-1.105232963532739365e+00 1.191530341605616883e+01
-1.103675200370607179e+00 1.451560573801149445e+01
-1.102117437208475437e+00 1.357915948033235054e+01
-1.100559674046343250e+00 1.295159722419123227e+01
-1.099001910884211064e+00 1.311428196286873060e+01
-1.097444147722078878e+00 1.219802153134984124e+01
-1.095886384559946691e+00 1.202233330291965707e+01
-1.094328621397814505e+00 1.365688039742561699e+01
-1.092770858235682319e+00 1.649877849245949335e+01
-1.091213095073550576e+00 1.619438234937507559e+01
-1.089655331911418390e+00 1.826453026834805016e+01
-1.088097568749286204e+00 1.714435048394132366e+01
-1.086539805587154017e+00 1.374246216449971136e+01
-1.084982042425021831e+00 1.348594255886474613e+01
-1.083424279262889645e+00 1.354513899773760599e+01
-1.081866516100757458e+00 1.377787861461729335e+01
-1.080308752938625716e+00 1.560138590800845648e+01
-1.078750989776493530e+00 1.620185515565907508e+01
-1.077193226614361343e+00 1.357065129258452174e+01
-1.075635463452229157e+00 1.192180959164326914e+01
-1.074077700290096971e+00 1.276244157278732061e+01
-1.072519937127964784e+00 1.319355558779983895e+01
-1.070962173965833042e+00 1.331321518852644026e+01
-1.069404410803700856e+00 8.008035400181372054e+00
-1.067846647641568669e+00 1.016214288840711433e+01
-1.066288884479436483e+00 1.346249973431619473e+01
-1.064731121317304297e+00 1.202199968175756872e+01
-1.063173358155172110e+00 1.001932766403661290e+01
-1.061615594993039924e+00 1.215411344134735216e+01
-1.060057831830908182e+00 1.602230118565011452e+01
-1.058500068668775995e+00 1.566978226540392605e+01
-1.056942305506643809e+00 1.286145404714015505e+01
-1.055384542344511623e+00 1.245251882702829249e+01
-1.053826779182379436e+00 1.363947398922506693e+01
-1.052269016020247250e+00 1.240622215946713780e+01
-1.050711252858115063e+00 1.401509004569049388e+01
-1.049153489695983321e+00 1.454434317831838186e+01
-1.047595726533851135e+00 1.206323822917911315e+01
-1.046037963371718948e+00 1.318371938065188154e+01
-1.044480200209586762e+00 1.329559202395870088e+01
-1.042922437047454576e+00 1.203513805491894395e+01
-1.041364673885322389e+00 1.229947657573875297e+01
-1.039806910723190647e+00 1.273080143873165149e+01
-1.038249147561058461e+00 1.311046177485591713e+01
-1.036691384398926274e+00 1.100031682896487872e+01
-1.035133621236794088e+00 9.516915908125234580e+00
-1.033575858074661902e+00 1.257268730822778657e+01
-1.032018094912529715e+00 1.561634277227592094e+01
-1.030460331750397529e+00 1.383375019894663005e+01
-1.028902568588265787e+00 1.279719351417318585e+01
-1.027344805426133600e+00 1.397499799093414197e+01
-1.025787042264001414e+00 1.386234530937454501e+01
-1.024229279101869228e+00 1.483335316308169638e+01
-1.022671515939737041e+00 1.623454591936734204e+01
-1.021113752777604855e+00 1.648735448892286470e+01
-1.019555989615472669e+00 1.507771230778947391e+01
-1.017998226453340926e+00 1.152459359499663449e+01
-1.016440463291208740e+00 9.467319453108050453e+00
-1.014882700129076554e+00 1.322203070381055667e+01
-1.013324936966944367e+00 1.415498479398876874e+01
-1.011767173804812181e+00 1.303390104170501296e+01
-1.010209410642679995e+00 1.013669431030737123e+01
-1.008651647480547808e+00 1.293808316052956897e+01
-1.007093884318416066e+00 1.319214791212174909e+01
-1.005536121156283880e+00 1.465469654803142063e+01
-1.003978357994151693e+00 1.579114439262660063e+01
-1.002420594832019507e+00 1.409147646204539228e+01
-1.000862831669887321e+00 1.497378373440200150e+01
-9.993050685077551343e-01 1.598086976251549984e+01
-9.977473053456233920e-01 1.572344437437272191e+01
-9.961895421834912057e-01 1.668658220535713355e+01
-9.946317790213590193e-01 1.543351953608720173e+01
-9.930740158592268330e-01 1.580707489820816214e+01
-9.915162526970946466e-01 1.591704671173037866e+01
-9.899584895349624603e-01 1.172659250020749155e+01
-9.884007263728302739e-01 1.401756061322421232e+01
-9.868429632106985316e-01 1.230773287279051509e+01
-9.852852000485663453e-01 1.189345486898402982e+01
-9.837274368864341589e-01 1.566609115354223292e+01
-9.821696737243019726e-01 1.541690099966345251e+01
-9.806119105621697862e-01 1.392529090431431804e+01
-9.790541474000375999e-01 1.375249685031541702e+01
-9.774963842379054135e-01 1.237376133065974493e+01
-9.759386210757736713e-01 1.130366006528434042e+01
-9.743808579136414849e-01 1.289657480178623494e+01
-9.728230947515092986e-01 1.784273478848485439e+01
-9.712653315893771122e-01 1.518245555727260232e+01
-9.697075684272449259e-01 1.493540330555325824e+01
-9.681498052651127395e-01 1.504190630280638707e+01
-9.665920421029809972e-01 1.394751679507047726e+01
-9.650342789408488109e-01 1.531347804309171501e+01
-9.634765157787166245e-01 1.356251460067370651e+01
-9.619187526165844382e-01 1.166613447784749802e+01
-9.603609894544522518e-01 1.363968506734783759e+01
-9.588032262923200655e-01 1.408579295143084487e+01
-9.572454631301878791e-01 1.210367649682016200e+01
-9.556876999680561369e-01 1.043763751379778704e+01
-9.541299368059239505e-01 1.316090170392167913e+01
-9.525721736437917642e-01 1.471583305892788474e+01
-9.510144104816595778e-01 1.023732336233974216e+01
-9.494566473195273915e-01 1.534476326848361971e+01
-9.478988841573952051e-01 1.572540963488987842e+01
-9.463411209952630188e-01 1.363436941990699580e+01
-9.447833578331312765e-01 1.663895203992247929e+01
-9.432255946709990901e-01 1.336629904986504158e+01
-9.416678315088669038e-01 1.027499444250691241e+01
-9.401100683467347174e-01 1.285263084347537443e+01
-9.385523051846025311e-01 1.342987800284629962e+01
-9.369945420224703447e-01 1.383326373530279874e+01
-9.354367788603381584e-01 1.896595532802589190e+01
-9.338790156982064161e-01 2.147907032120097170e+01
-9.323212525360742298e-01 1.740084911223532416e+01
-9.307634893739420434e-01 1.307873393977549448e+01
-9.292057262118098571e-01 1.574581844923928386e+01
-9.276479630496776707e-01 1.710225953115540776e+01
-9.260901998875454844e-01 1.662586023293046367e+01
-9.245324367254137421e-01 1.812454396372067933e+01
-9.229746735632815557e-01 1.832913375057247762e+01
-9.214169104011493694e-01 1.842720203793658840e+01
-9.198591472390171830e-01 1.855595223976232688e+01
-9.183013840768849967e-01 1.605503957896770117e+01
-9.167436209147528103e-01 1.598225600829162651e+01
-9.151858577526206240e-01 1.707336389704727964e+01
-9.136280945904888817e-01 1.698789019783295018e+01
-9.120703314283566954e-01 1.320599187706513433e+01
-9.105125682662245090e-01 1.717152304414777930e+01
-9.089548051040923227e-01 1.597077033887005726e+01
-9.073970419419601363e-01 1.497280746005975871e+01
-9.058392787798279500e-01 1.253975051161692988e+01
-9.042815156176957636e-01 1.524657162332500171e+01
-9.027237524555640213e-01 1.543305017147718594e+01
-9.011659892934318350e-01 1.282841997634299425e+01
-8.996082261312996486e-01 1.382231449986826277e+01
-8.980504629691674623e-01 1.404447285342532403e+01
-8.964926998070352759e-01 1.409065171054751708e+01
-8.949349366449030896e-01 1.251293194983632162e+01
-8.933771734827713473e-01 1.164995074524062701e+01
-8.918194103206391610e-01 1.443508918401056285e+01
-8.902616471585069746e-01 1.521622334205115301e+01
-8.887038839963747883e-01 1.446327606825176559e+01
-8.871461208342426019e-01 1.732199537337563555e+01
-8.855883576721104156e-01 1.629318223943469945e+01
-8.840305945099782292e-01 1.398605003484325593e+01
-8.824728313478464869e-01 1.283723269493119901e+01
-8.809150681857143006e-01 1.423037597533498300e+01
-8.793573050235821142e-01 1.418001133415376991e+01
-8.777995418614499279e-01 1.414464405771085431e+01
-8.762417786993177415e-01 1.340533809937947041e+01
-8.746840155371855552e-01 1.209098386602774688e+01
-8.731262523750533688e-01 1.415101958826236483e+01
-8.715684892129216266e-01 1.725226554933063028e+01
-8.700107260507894402e-01 1.625192707133101422e+01
-8.684529628886572539e-01 1.752717318338008923e+01
-8.668951997265250675e-01 1.705833263861271476e+01
-8.653374365643928812e-01 1.649636231801044417e+01
-8.637796734022606948e-01 1.585376364161052543e+01
-8.622219102401285085e-01 1.550654383889667542e+01
-8.606641470779967662e-01 1.628396320506692874e+01
-8.591063839158645798e-01 1.543193887799856334e+01
-8.575486207537323935e-01 1.510638873422465167e+01
-8.559908575916002071e-01 1.495019324425522100e+01
-8.544330944294680208e-01 1.503569899246221375e+01
-8.528753312673358344e-01 1.526138056190377412e+01
-8.513175681052040922e-01 1.366729046586531560e+01
-8.497598049430719058e-01 1.085567584652610584e+01
-8.482020417809397195e-01 1.602227495607694507e+01
-8.466442786188075331e-01 1.793733335397649142e+01
-8.450865154566753468e-01 1.491823186145844282e+01
-8.435287522945431604e-01 1.551603057044236422e+01
-8.419709891324109741e-01 1.491433082234554774e+01
-8.404132259702792318e-01 1.597231379018530539e+01
-8.388554628081470455e-01 1.569454353409444103e+01
-8.372976996460148591e-01 1.704528452850194853e+01
-8.357399364838826727e-01 2.062377711535935276e+01
-8.341821733217504864e-01 1.812420337720384822e+01
-8.326244101596183000e-01 1.708884564587702215e+01
-8.310666469974861137e-01 1.611162012847461611e+01
-8.295088838353543714e-01 1.688506737561840154e+01
-8.279511206732221851e-01 1.645759234882413224e+01
-8.263933575110899987e-01 1.986398019452596841e+01
-8.248355943489578124e-01 1.413935138120911894e+01
-8.232778311868256260e-01 1.248681772347972974e+01
-8.217200680246934397e-01 1.618563869249140197e+01
-8.201623048625616974e-01 1.629745503706963561e+01
-8.186045417004295111e-01 1.460441108183023751e+01
-8.170467785382973247e-01 1.448393411336200209e+01
-8.154890153761651383e-01 1.662584885373398080e+01
-8.139312522140329520e-01 1.651305837682337341e+01
-8.123734890519007656e-01 1.608358614598990499e+01
-8.108157258897685793e-01 1.519264817433664660e+01
-8.092579627276368370e-01 1.648723006018774839e+01
-8.077001995655046507e-01 1.570387528939604493e+01
-8.061424364033724643e-01 1.474960993352247840e+01
-8.045846732412402780e-01 1.555971242346949879e+01
-8.030269100791080916e-01 1.943548430919888403e+01
-8.014691469169759053e-01 1.579356495312469910e+01
-7.999113837548437189e-01 1.654710361638647598e+01
-7.983536205927119767e-01 1.716424724722273609e+01
-7.967958574305797903e-01 1.353901990362281005e+01
-7.952380942684476040e-01 1.357182407760165255e+01
-7.936803311063154176e-01 1.629995966025873599e+01
-7.921225679441832312e-01 1.785491943750187360e+01
-7.905648047820510449e-01 1.703566720449118321e+01
-7.890070416199188585e-01 1.905063215140076949e+01
-7.874492784577871163e-01 1.804196199652462695e+01
-7.858915152956549299e-01 1.324823110447133701e+01
-7.843337521335227436e-01 1.689630922238401922e+01
-7.827759889713905572e-01 1.451657499015424868e+01
-7.812182258092583709e-01 1.486577854050627678e+01
-7.796604626471261845e-01 1.832094221322562788e+01
-7.781026994849944423e-01 1.825160366067282069e+01
-7.765449363228622559e-01 1.787256699924190073e+01
-7.749871731607300696e-01 1.605126337157789251e+01
-7.734294099985978832e-01 1.649135023151341528e+01
-7.718716468364656969e-01 1.948793246408113689e+01
-7.703138836743335105e-01 2.051795511469955358e+01
-7.687561205122013241e-01 1.975631121757398745e+01
-7.671983573500695819e-01 1.976739326650427486e+01
-7.656405941879373955e-01 1.736720229744458166e+01
-7.640828310258052092e-01 1.377528600102830758e+01
-7.625250678636730228e-01 1.583213005235535675e+01
-7.609673047015408365e-01 1.590154096067591460e+01
-7.594095415394086501e-01 2.100396329949706242e+01
-7.578517783772764638e-01 1.958877061437411982e+01
-7.562940152151447215e-01 1.584871130668291883e+01
-7.547362520530125352e-01 1.541406141848814215e+01
-7.531784888908803488e-01 1.525402549492724624e+01
-7.516207257287481625e-01 1.453978073989598307e+01
-7.500629625666159761e-01 1.507844629193098207e+01
-7.485051994044837897e-01 1.529842723324651566e+01
-7.469474362423520475e-01 1.399503746438412577e+01
-7.453896730802198611e-01 1.723747929631600684e+01
-7.438319099180876748e-01 1.782346947753677568e+01
-7.422741467559554884e-01 1.956626715805253269e+01
-7.407163835938233021e-01 2.199981414217813835e+01
-7.391586204316911157e-01 2.141020421293346843e+01
-7.376008572695589294e-01 1.800656721181162823e+01
-7.360430941074271871e-01 1.818675945141774619e+01
-7.344853309452950008e-01 1.825618785469072236e+01
-7.329275677831628144e-01 1.721527232582012701e+01
-7.313698046210306281e-01 1.763832555724778928e+01
-7.298120414588984417e-01 1.793561506295820607e+01
-7.282542782967662554e-01 1.625552488539678109e+01
-7.266965151346340690e-01 1.484411169315252010e+01
-7.251387519725023267e-01 1.540809066348364453e+01
-7.235809888103701404e-01 1.724878729105315145e+01
-7.220232256482379540e-01 2.120692447262167946e+01
-7.204654624861057677e-01 2.016139767097409674e+01
-7.189076993239735813e-01 1.724920498014471448e+01
-7.173499361618413950e-01 1.608663181049954716e+01
-7.157921729997092086e-01 1.738484431078981629e+01
-7.142344098375774664e-01 1.879043066701393982e+01
-7.126766466754452800e-01 2.023896763248409769e+01
-7.111188835133130937e-01 2.202523878883541286e+01
-7.095611203511809073e-01 1.990933915913075580e+01
-7.080033571890487210e-01 1.903826627354118628e+01
-7.064455940269165346e-01 2.014084232528711027e+01
-7.048878308647847923e-01 1.936351334492682952e+01
-7.033300677026526060e-01 1.677983021365733407e+01
-7.017723045405204196e-01 1.771805246469043027e+01
-7.002145413783882333e-01 1.873475350123791472e+01
-6.986567782162560469e-01 1.785813316017270225e+01
-6.970990150541238606e-01 2.174761347820194146e+01
-6.955412518919916742e-01 1.644339318480061252e+01
-6.939834887298599320e-01 1.590844235251620553e+01
-6.924257255677277456e-01 1.981663696063534630e+01
-6.908679624055955593e-01 1.312769493871635440e+01
-6.893101992434633729e-01 1.341880463665770407e+01
-6.877524360813311866e-01 1.914093146116175603e+01
-6.861946729191990002e-01 2.022110534032177043e+01
-6.846369097570668139e-01 1.910350044849749551e+01
-6.830791465949350716e-01 1.873606320044099505e+01
-6.815213834328028852e-01 1.692153262313509643e+01
-6.799636202706706989e-01 1.875160609329979522e+01
-6.784058571085385125e-01 2.370837659735327207e+01
-6.768480939464063262e-01 2.194629702874067334e+01
-6.752903307842741398e-01 2.309325382902523316e+01
-6.737325676221423976e-01 1.773226309502836173e+01
-6.721748044600102112e-01 1.546192104151283964e+01
-6.706170412978780249e-01 1.791876298079009899e+01
-6.690592781357458385e-01 1.717501661259879242e+01
-6.675015149736136522e-01 1.922854254831135279e+01
-6.659437518114814658e-01 2.156181627595384498e+01
-6.643859886493492795e-01 1.980401851557083859e+01
-6.628282254872175372e-01 1.663607881223310159e+01
-6.612704623250853508e-01 1.996075662669813511e+01
-6.597126991629531645e-01 2.502527680214020123e+01
-6.581549360008209781e-01 2.431310972606724974e+01
-6.565971728386887918e-01 2.234781016236895113e+01
-6.550394096765566054e-01 2.075845021976802585e+01
-6.534816465144244191e-01 1.981607174673886007e+01
-6.519238833522926768e-01 1.844085366152812711e+01
-6.503661201901604905e-01 1.825976194011331444e+01
-6.488083570280283041e-01 2.090496819368549808e+01
-6.472505938658961178e-01 2.619120756897318358e+01
-6.456928307037639314e-01 2.299882936387864163e+01
-6.441350675416317451e-01 1.988404594360818223e+01
-6.425773043794995587e-01 2.230474847095064561e+01
-6.410195412173678164e-01 2.281519375772868585e+01
-6.394617780552356301e-01 2.442683982083292094e+01
-6.379040148931034437e-01 2.534766177217778704e+01
-6.363462517309712574e-01 2.228643437503180991e+01
-6.347884885688390710e-01 2.242775084697066745e+01
-6.332307254067068847e-01 2.279552134711855160e+01
-6.316729622445751424e-01 1.835601283905465309e+01
-6.301151990824429561e-01 1.647680358820176494e+01
-6.285574359203107697e-01 1.968792120673256463e+01
-6.269996727581785834e-01 2.522050492917257358e+01
-6.254419095960463970e-01 2.347323769292854578e+01
-6.238841464339142107e-01 2.160699097563660942e+01
-6.223263832717820243e-01 2.410320146624152926e+01
-6.207686201096502820e-01 2.213063142179864329e+01
-6.192108569475180957e-01 2.042296229813279851e+01
-6.176530937853859093e-01 2.310408755584918694e+01
-6.160953306232537230e-01 2.328033727865246760e+01
-6.145375674611215366e-01 2.267832269762365272e+01
-6.129798042989893503e-01 1.778545829571630321e+01
-6.114220411368571639e-01 2.034420376842417966e+01
-6.098642779747254217e-01 2.339886527372951974e+01
-6.083065148125932353e-01 2.103256878651561124e+01
-6.067487516504610490e-01 2.312540489936444743e+01
-6.051909884883288626e-01 2.408378984994441296e+01
-6.036332253261966763e-01 2.307672297363940928e+01
-6.020754621640644899e-01 2.410419330493158441e+01
-6.005176990019327476e-01 2.889936005514931239e+01
-5.989599358398005613e-01 2.715277471515463859e+01
-5.974021726776683749e-01 2.291762302585769362e+01
-5.958444095155361886e-01 2.356548066147956533e+01
-5.942866463534040022e-01 2.313300985397382803e+01
-5.927288831912718159e-01 2.313246558601981206e+01
-5.911711200291396295e-01 2.555395969644332510e+01
-5.896133568670078873e-01 2.144120531434377952e+01
-5.880555937048757009e-01 2.348013718937283656e+01
-5.864978305427435146e-01 2.523764746869545306e+01
-5.849400673806113282e-01 2.074586972817222019e+01
-5.833823042184791419e-01 2.081641946861415704e+01
-5.818245410563469555e-01 2.055794337211635892e+01
-5.802667778942147692e-01 1.991996892107105310e+01
-5.787090147320830269e-01 2.384387728210764834e+01
-5.771512515699508405e-01 2.516798340750060703e+01
-5.755934884078186542e-01 2.324827335160727060e+01
-5.740357252456864678e-01 2.506992038543176093e+01
-5.724779620835542815e-01 2.850603374438231086e+01
-5.709201989214220951e-01 2.573487030637041428e+01
-5.693624357592899088e-01 2.522161931492851394e+01
-5.678046725971581665e-01 2.708171419749736941e+01
-5.662469094350259802e-01 2.700021885180342451e+01
-5.646891462728937938e-01 2.533598463264242184e+01
-5.631313831107616075e-01 2.620100401652598165e+01
-5.615736199486294211e-01 2.499195893969593740e+01
-5.600158567864972348e-01 2.418414724467241683e+01
-5.584580936243654925e-01 2.645527244480952689e+01
-5.569003304622333062e-01 2.772529677674012305e+01
-5.553425673001011198e-01 2.747701871308158417e+01
-5.537848041379689334e-01 2.631027019718386128e+01
-5.522270409758367471e-01 2.658523360431030369e+01
-5.506692778137045607e-01 2.780253280093303303e+01
-5.491115146515723744e-01 2.628340183028563359e+01
-5.475537514894406321e-01 2.403014767124881601e+01
-5.459959883273084458e-01 2.811478463861395483e+01
-5.444382251651762594e-01 3.199045996151292570e+01
-5.428804620030440731e-01 2.300297940749592840e+01
-5.413226988409118867e-01 1.979366577259156657e+01
-5.397649356787797004e-01 2.318155077440642131e+01
-5.382071725166475140e-01 2.803207709274410320e+01
-5.366494093545157718e-01 2.675912828896406381e+01
-5.350916461923835854e-01 2.111302991448240718e+01
-5.335338830302513990e-01 2.334377152119866494e+01
-5.319761198681192127e-01 2.967973689039888185e+01
-5.304183567059870263e-01 2.907958195259236689e+01
-5.288605935438548400e-01 2.818744289654670254e+01
-5.273028303817230977e-01 3.202970544910996153e+01
-5.257450672195909114e-01 3.154912026937634195e+01
-5.241873040574587250e-01 2.370321104500334286e+01
-5.226295408953265387e-01 2.808744762386531590e+01
-5.210717777331943523e-01 2.719884040849756346e+01
-5.195140145710621660e-01 2.212012899354330031e+01
-5.179562514089299796e-01 2.520076766559925474e+01
-5.163984882467982374e-01 2.831805655356540186e+01
-5.148407250846660510e-01 2.628261468683403734e+01
-5.132829619225338647e-01 2.527797696908631764e+01
-5.117251987604016783e-01 2.636777334443904053e+01
-5.101674355982694919e-01 2.721704686212923718e+01
-5.086096724361373056e-01 2.917898582228566084e+01
-5.070519092740051192e-01 3.401163370626110805e+01
-5.054941461118733770e-01 3.300694814049693093e+01
-5.039363829497411906e-01 3.022892957588675955e+01
-5.023786197876090043e-01 3.628041928702558039e+01
-5.008208566254768179e-01 2.715784708841458794e+01
-4.992630934633446316e-01 2.563282486287834772e+01
-4.977053303012124452e-01 3.628847070912119221e+01
-4.961475671390802589e-01 2.996493294947041264e+01
-4.945898039769485166e-01 2.710290654674027522e+01
-4.930320408148163303e-01 2.671834893777008446e+01
-4.914742776526841439e-01 2.350134434667996430e+01
-4.899165144905519576e-01 2.592845315674859563e+01
-4.883587513284197712e-01 3.068955970217198725e+01
-4.868009881662875848e-01 3.268038783920447088e+01
-4.852432250041558426e-01 3.210030708753192386e+01
-4.836854618420236562e-01 3.340066190343236485e+01
-4.821276986798914699e-01 3.429568347435539266e+01
-4.805699355177592835e-01 3.704122954896600817e+01
-4.790121723556270972e-01 3.552971387634983103e+01
-4.774544091934949108e-01 3.201472386684032756e+01
-4.758966460313627245e-01 3.238193539106566732e+01
-4.743388828692309822e-01 3.395521472114404560e+01
-4.727811197070987959e-01 3.290475285961058205e+01
-4.712233565449666095e-01 3.096923804471779818e+01
-4.696655933828344232e-01 3.163516475748359369e+01
-4.681078302207022368e-01 3.435805719830104721e+01
-4.665500670585700504e-01 3.568625273539650777e+01
-4.649923038964378641e-01 3.688848136462485172e+01
-4.634345407343061218e-01 3.872823542176056577e+01
-4.618767775721739355e-01 3.455153460300161328e+01
-4.603190144100417491e-01 3.838290781497344284e+01
-4.587612512479095628e-01 3.562551213571208564e+01
-4.572034880857773764e-01 3.635267642513390030e+01
-4.556457249236451901e-01 3.540475726881692964e+01
-4.540879617615134478e-01 3.490214945409487513e+01
-4.525301985993812615e-01 3.586395244241550984e+01
-4.509724354372490751e-01 3.165759048898094008e+01
-4.494146722751168888e-01 3.325729103029271982e+01
-4.478569091129847024e-01 3.926107452356787064e+01
-4.462991459508525161e-01 3.920969549605189997e+01
-4.447413827887203297e-01 4.208427988126347685e+01
-4.431836196265885874e-01 4.028926443531874924e+01
-4.416258564644564011e-01 4.235551241189342164e+01
-4.400680933023242147e-01 4.588321559696934315e+01
-4.385103301401920284e-01 4.169312633174376970e+01
-4.369525669780598420e-01 3.861351814854666742e+01
-4.353948038159276557e-01 4.270895532071917700e+01
-4.338370406537954693e-01 4.242349262356368911e+01
-4.322792774916637271e-01 3.834917778543165667e+01
-4.307215143295315407e-01 3.735329042868869465e+01
-4.291637511673993544e-01 3.933954740135084904e+01
-4.276059880052671680e-01 3.889947106586918579e+01
-4.260482248431349817e-01 3.621196963106801547e+01
-4.244904616810027953e-01 3.936254610683193533e+01
-4.229326985188706090e-01 3.855154034181720846e+01
-4.213749353567388667e-01 4.180723619906822819e+01
-4.198171721946066803e-01 4.968648147006820182e+01
-4.182594090324744940e-01 4.039058936612548933e+01
-4.167016458703423076e-01 3.712312972595095317e+01
-4.151438827082101213e-01 3.791119801598912176e+01
-4.135861195460779349e-01 3.670087043183195874e+01
-4.120283563839461927e-01 3.662415055359662830e+01
-4.104705932218140063e-01 3.766090133983640698e+01
-4.089128300596818200e-01 3.873664351498602798e+01
-4.073550668975496336e-01 3.763087824898815370e+01
-4.057973037354174473e-01 4.242516272311274861e+01
-4.042395405732852609e-01 4.660991018621906790e+01
-4.026817774111530746e-01 4.895834952406571716e+01
-4.011240142490213323e-01 5.140734506473933862e+01
-3.995662510868891459e-01 4.900364907078834875e+01
-3.980084879247569596e-01 4.442758275548310110e+01
-3.964507247626247732e-01 4.340154465186103039e+01
-3.948929616004925869e-01 4.279482642879849408e+01
-3.933351984383604005e-01 4.038623339216908192e+01
-3.917774352762282142e-01 4.349351766201230163e+01
-3.902196721140964719e-01 4.355449626593707535e+01
-3.886619089519642856e-01 4.245823914559012024e+01
-3.871041457898320992e-01 4.809875142734590980e+01
-3.855463826276999129e-01 4.961999089483740022e+01
-3.839886194655677265e-01 4.769852698111949252e+01
-3.824308563034355402e-01 4.633010701620531790e+01
-3.808730931413037979e-01 4.515898929702323983e+01
-3.793153299791716115e-01 4.551173222014057274e+01
-3.777575668170394252e-01 4.656016790243675985e+01
-3.761998036549072388e-01 4.818636887808469282e+01
-3.746420404927750525e-01 4.664710403362714430e+01
-3.730842773306428661e-01 4.744409221399291710e+01
-3.715265141685106798e-01 5.148554648761689378e+01
-3.699687510063789375e-01 5.365221871986710056e+01
-3.684109878442467512e-01 5.174897284516450924e+01
-3.668532246821145648e-01 4.900952709790556838e+01
-3.652954615199823785e-01 4.925006414309982006e+01
-3.637376983578501921e-01 5.305832820488323165e+01
-3.621799351957180058e-01 5.452533135117333529e+01
-3.606221720335858194e-01 5.965178282605783266e+01
-3.590644088714540771e-01 5.837613305671453645e+01
-3.575066457093218908e-01 5.946007090663904648e+01
-3.559488825471897044e-01 6.187079653295045745e+01
-3.543911193850575181e-01 5.977126354692548205e+01
-3.528333562229253317e-01 5.679929591607083239e+01
-3.512755930607931454e-01 5.497746580466281330e+01
-3.497178298986609590e-01 5.717118157659962918e+01
-3.481600667365292168e-01 5.560666988648821984e+01
-3.466023035743970304e-01 5.918975288076174479e+01
-3.450445404122648441e-01 6.288482873059687250e+01
-3.434867772501326577e-01 6.279169258989306712e+01
-3.419290140880004714e-01 6.433196506837843742e+01
-3.403712509258682850e-01 6.339968772162192323e+01
-3.388134877637365427e-01 5.970486072564118274e+01
-3.372557246016043564e-01 5.545122388755475384e+01
-3.356979614394721700e-01 5.759967605649679712e+01
-3.341401982773399837e-01 5.661222016632925857e+01
-3.325824351152077973e-01 5.637754275792156733e+01
-3.310246719530756110e-01 6.065669775735835856e+01
-3.294669087909434246e-01 6.138853247013769021e+01
-3.279091456288116824e-01 6.028046006895844755e+01
-3.263513824666794960e-01 6.485106460558002084e+01
-3.247936193045473097e-01 6.884516882311703512e+01
-3.232358561424151233e-01 6.985831183653517940e+01
-3.216780929802829370e-01 6.829679020801404477e+01
-3.201203298181507506e-01 6.859723047288403563e+01
-3.185625666560185643e-01 7.207873037136290861e+01
-3.170048034938868220e-01 6.804830170433793057e+01
-3.154470403317546356e-01 6.628748111962059397e+01
-3.138892771696224493e-01 6.628253156858102102e+01
-3.123315140074902629e-01 6.423841144918364421e+01
-3.107737508453580766e-01 6.644442600007511146e+01
-3.092159876832258902e-01 6.895069561605906472e+01
-3.076582245210941480e-01 6.864303840521215250e+01
-3.061004613589619616e-01 7.219930722227714170e+01
-3.045426981968297753e-01 6.911794411078732026e+01
-3.029849350346975889e-01 6.497528090805433010e+01
-3.014271718725654026e-01 7.346538696019811709e+01
-2.998694087104332162e-01 7.124993676189443192e+01
-2.983116455483010299e-01 7.107243702113936479e+01
-2.967538823861692876e-01 7.167102673479210750e+01
-2.951961192240371012e-01 6.867747191136737683e+01
-2.936383560619049149e-01 6.923742651284949545e+01
-2.920805928997727285e-01 7.081454431554880102e+01
-2.905228297376405422e-01 7.187031321579986809e+01
-2.889650665755083558e-01 7.203172638752030821e+01
-2.874073034133761695e-01 7.567925678739702278e+01
-2.858495402512444272e-01 7.244894415275547317e+01
-2.842917770891122409e-01 6.773069705864830325e+01
-2.827340139269800545e-01 7.118152015657253173e+01
-2.811762507648478682e-01 7.782528811426827531e+01
-2.796184876027156818e-01 7.539255963065106414e+01
-2.780607244405834955e-01 7.490080149083013339e+01
-2.765029612784513091e-01 8.001816912147673122e+01
-2.749451981163195669e-01 8.676852046051477885e+01
-2.733874349541873805e-01 9.099760852845882653e+01
-2.718296717920551941e-01 8.881303118678725639e+01
-2.702719086299230078e-01 8.818825427602170919e+01
-2.687141454677908214e-01 8.515941650509290639e+01
-2.671563823056586351e-01 7.974814552203113749e+01
-2.655986191435268928e-01 8.091510016298036589e+01
-2.640408559813947065e-01 8.988325905974363650e+01
-2.624830928192625201e-01 9.662405757995168187e+01
-2.609253296571303338e-01 8.401224637563151987e+01
-2.593675664949981474e-01 7.416764642966639087e+01
-2.578098033328659611e-01 8.310323961077227750e+01
-2.562520401707337747e-01 8.971141409617048623e+01
-2.546942770086020325e-01 9.040674296435371105e+01
-2.531365138464698461e-01 9.612021193224573778e+01
-2.515787506843376597e-01 1.015040345077836719e+02
-2.500209875222054734e-01 1.004299362940136575e+02
-2.484632243600732870e-01 1.008896470873302462e+02
-2.469054611979411007e-01 9.233953046850173507e+01
-2.453476980358089143e-01 9.440691585972891176e+01
-2.437899348736771721e-01 1.009177472123590604e+02
-2.422321717115449857e-01 1.010615676268821517e+02
-2.406744085494127994e-01 1.077714638830159402e+02
-2.391166453872806130e-01 1.103115211553089523e+02
-2.375588822251484267e-01 1.064133748468589715e+02
-2.360011190630162403e-01 1.062194539157452198e+02
-2.344433559008844981e-01 1.065329529027729762e+02
-2.328855927387523117e-01 1.029548054718387959e+02
-2.313278295766201254e-01 1.059615413980873200e+02
-2.297700664144879390e-01 1.078727384139710352e+02
-2.282123032523557526e-01 1.046584786133070395e+02
-2.266545400902235663e-01 1.139985437931420904e+02
-2.250967769280913799e-01 1.080371158127309457e+02
-2.235390137659596377e-01 1.052989968447060676e+02
-2.219812506038274513e-01 1.178235754367948829e+02
-2.204234874416952650e-01 1.233328485562877432e+02
-2.188657242795630786e-01 1.219273921749692136e+02
-2.173079611174308923e-01 1.234790232088777202e+02
-2.157501979552987059e-01 1.211601499061477085e+02
-2.141924347931665196e-01 1.195870490013233507e+02
-2.126346716310347773e-01 1.227081011761022893e+02
-2.110769084689025910e-01 1.136071518210751066e+02
-2.095191453067704046e-01 1.266288163510090072e+02
-2.079613821446382183e-01 1.342766019404624842e+02
-2.064036189825060319e-01 1.236387439996446886e+02
-2.048458558203738455e-01 1.271788037350049763e+02
-2.032880926582416592e-01 1.370735414109183807e+02
-2.017303294961099169e-01 1.395634317525835684e+02
-2.001725663339777306e-01 1.372949578836568776e+02
-1.986148031718455442e-01 1.310886040665619134e+02
-1.970570400097133579e-01 1.300213586339329197e+02
-1.954992768475811715e-01 1.405144977841062541e+02
-1.939415136854489852e-01 1.373266812155166861e+02
-1.923837505233172429e-01 1.356197198154725356e+02
-1.908259873611850566e-01 1.464904228942257873e+02
-1.892682241990528702e-01 1.478315354994558959e+02
-1.877104610369206839e-01 1.451898631673739715e+02
-1.861526978747884975e-01 1.475299796179299676e+02
-1.845949347126563111e-01 1.517664501523649392e+02
-1.830371715505241248e-01 1.550457140200105641e+02
-1.814794083883923825e-01 1.521229551392924293e+02
-1.799216452262601962e-01 1.593927798236185822e+02
-1.783638820641280098e-01 1.713556441884664139e+02
-1.768061189019958235e-01 1.607541745596475096e+02
-1.752483557398636371e-01 1.639315478836468856e+02
-1.736905925777314508e-01 1.814091690710786793e+02
-1.721328294155992644e-01 1.870052018563567060e+02
-1.705750662534675222e-01 1.848699147894452040e+02
-1.690173030913353358e-01 1.822063895889131402e+02
-1.674595399292031495e-01 1.838492320391872568e+02
-1.659017767670709631e-01 1.892048273778866303e+02
-1.643440136049387768e-01 1.833995090236152521e+02
-1.627862504428065904e-01 1.838537707355209818e+02
-1.612284872806748481e-01 1.885877953152586315e+02
-1.596707241185426618e-01 1.972433920794912012e+02
-1.581129609564104754e-01 1.967968379194811348e+02
-1.565551977942782891e-01 1.989563527657942643e+02
-1.549974346321461027e-01 1.946505908186710485e+02
-1.534396714700139164e-01 1.985637157756107172e+02
-1.518819083078817300e-01 2.167966689737946524e+02
-1.503241451457499878e-01 2.245512198776689274e+02
-1.487663819836178014e-01 2.180264262107109801e+02
-1.472086188214856151e-01 2.102109007047735361e+02
-1.456508556593534287e-01 2.010322898281539210e+02
-1.440930924972212424e-01 2.143705684795735351e+02
-1.425353293350890560e-01 2.209670283060331712e+02
-1.409775661729568697e-01 2.216030230123626268e+02
-1.394198030108251274e-01 2.251587418667162694e+02
-1.378620398486929410e-01 2.373331186721188146e+02
-1.363042766865607547e-01 2.351828400091381184e+02
-1.347465135244285683e-01 2.243332402593125039e+02
-1.331887503622963820e-01 2.303518410688811286e+02
-1.316309872001641956e-01 2.366466270600604389e+02
-1.300732240380320093e-01 2.376715164146924906e+02
-1.285154608759002670e-01 2.508041816207731927e+02
-1.269576977137680807e-01 2.701318471551219886e+02
-1.253999345516358943e-01 2.665421163906644324e+02
-1.238421713895037080e-01 2.586120965453621352e+02
-1.222844082273715216e-01 2.631469673308902202e+02
-1.207266450652393353e-01 2.678576785062365957e+02
-1.191688819031075930e-01 2.717416817885370506e+02
-1.176111187409754066e-01 2.793908068618060270e+02
-1.160533555788432203e-01 2.839466743839151945e+02
-1.144955924167110339e-01 2.945557295995740219e+02
-1.129378292545788476e-01 3.056123803459879582e+02
-1.113800660924466612e-01 2.962216356742432026e+02
-1.098223029303144749e-01 3.053657954509184833e+02
-1.082645397681827326e-01 3.213337176175145373e+02
-1.067067766060505463e-01 3.163512023025188000e+02
-1.051490134439183599e-01 3.132549980595289867e+02
-1.035912502817861736e-01 3.225518653367747106e+02
-1.020334871196539872e-01 3.346553002673770152e+02
-1.004757239575218009e-01 3.433108633279659330e+02
-9.891796079538961450e-02 3.298978132575124391e+02
-9.736019763325787224e-02 3.377701181435406852e+02
-9.580243447112568589e-02 3.467073839082329982e+02
-9.424467130899349954e-02 3.554696873417611869e+02
-9.268690814686131318e-02 3.563001753560171778e+02
-9.112914498472912683e-02 3.627669004688496557e+02
-8.957138182259694048e-02 3.713160817291118292e+02
-8.801361866046519822e-02 3.754873045255824877e+02
-8.645585549833301187e-02 3.921971986942893409e+02
-8.489809233620082551e-02 4.014953167725116714e+02
-8.334032917406863916e-02 4.021241570923295399e+02
-8.178256601193645281e-02 4.089475343964227250e+02
-8.022480284980426646e-02 4.067439205444144363e+02
-7.866703968767208011e-02 4.210717133219230845e+02
-7.710927652554033784e-02 4.375845442365628628e+02
-7.555151336340815149e-02 4.325681239402097162e+02
-7.399375020127596514e-02 4.342389105814115169e+02
-7.243598703914377879e-02 4.468527190685185246e+02
-7.087822387701159244e-02 4.560941188407944082e+02
-6.932046071487940608e-02 4.726307822050608820e+02
-6.776269755274721973e-02 4.850483241486190309e+02
-6.620493439061547747e-02 4.805968229650416106e+02
-6.464717122848329112e-02 4.948121277354105700e+02
-6.308940806635110476e-02 5.004778539507893811e+02
-6.153164490421891841e-02 5.068197175584829779e+02
-5.997388174208673206e-02 5.234008963918611244e+02
-5.841611857995454571e-02 5.268569878918046925e+02
-5.685835541782235936e-02 5.259762048827748231e+02
-5.530059225569061709e-02 5.416704284674194696e+02
-5.374282909355843074e-02 5.748077116781684026e+02
-5.218506593142624439e-02 5.879685605502413637e+02
-5.062730276929405804e-02 6.032984670040316360e+02
-4.906953960716187169e-02 6.089815746661770390e+02
-4.751177644502968533e-02 6.195277976588894262e+02
-4.595401328289794307e-02 6.439779256552546940e+02
-4.439625012076575672e-02 6.566911823623709097e+02
-4.283848695863357037e-02 6.722252140079667697e+02
-4.128072379650138402e-02 6.958236517998128647e+02
-3.972296063436919766e-02 7.065201178526585863e+02
-3.816519747223701131e-02 7.072464885736717406e+02
-3.660743431010482496e-02 7.127093518374221048e+02
-3.504967114797308270e-02 7.176094513462924169e+02
-3.349190798584089634e-02 7.507387153909033941e+02
-3.193414482370870999e-02 7.928027915057672317e+02
-3.037638166157652364e-02 8.077353657000651310e+02
-2.881861849944433729e-02 8.051561652726223883e+02
-2.726085533731215094e-02 8.089500686391298814e+02
-2.570309217517996458e-02 8.132581123760901392e+02
-2.414532901304822232e-02 8.208005102670747419e+02
-2.258756585091603597e-02 8.641448326378140337e+02
-2.102980268878384962e-02 8.818148977328818319e+02
-1.947203952665166327e-02 9.019753096927403249e+02
-1.791427636451947691e-02 9.136034591184728697e+02
-1.635651320238729056e-02 9.281949210469408627e+02
-1.479875004025554830e-02 9.492251811144434441e+02
-1.324098687812336195e-02 9.759568595908393718e+02
-1.168322371599117560e-02 1.002446635932480149e+03
-1.012546055385898924e-02 1.006132709812360986e+03
-8.567697391726802891e-03 1.002129449503195588e+03
-7.009934229594616539e-03 1.016835419467549286e+03
-5.452171067462430187e-03 1.024296079503587407e+03
-3.894407905330687925e-03 1.055004092405882375e+03
-2.336644743198501573e-03 1.061357150070969737e+03
-7.788815810663152206e-04 1.051954372748554761e+03
7.788815810658711314e-04 1.057769865254954766e+03
2.336644743198057483e-03 1.077856167823119904e+03
3.894407905330243835e-03 1.113158723993305330e+03
5.452171067462430187e-03 1.101094004374279621e+03
7.009934229594172450e-03 1.093310810038872205e+03
8.567697391726358802e-03 1.102183500917623633e+03
1.012546055385854515e-02 1.082757235793015980e+03
1.168322371599073151e-02 1.050020911961219326e+03
1.324098687812291786e-02 1.043427435945476645e+03
1.479875004025510421e-02 1.051044524058599791e+03
1.635651320238729056e-02 1.039028029461470396e+03
1.791427636451903282e-02 1.037644396631121253e+03
1.947203952665121918e-02 1.046298444421043314e+03
2.102980268878340553e-02 1.023439570255067565e+03
2.258756585091559188e-02 1.003839177496724233e+03
2.414532901304777823e-02 1.008308414172956077e+03
2.570309217517996458e-02 9.986565886379429458e+02
2.726085533731170685e-02 9.665412524929124629e+02
2.881861849944389320e-02 9.469313805735662299e+02
3.037638166157607955e-02 9.694003543736203028e+02
3.193414482370826590e-02 9.548346870419668448e+02
3.349190798584045226e-02 9.467262207387440185e+02
3.504967114797263861e-02 9.468520614854212454e+02
3.660743431010482496e-02 9.159887749066235756e+02
3.816519747223656722e-02 9.027907712265947566e+02
3.972296063436875357e-02 8.977338408935361258e+02
4.128072379650093993e-02 8.884188652435950644e+02
4.283848695863312628e-02 8.910595272478333300e+02
4.439625012076531263e-02 9.042683655366507764e+02
4.595401328289749898e-02 8.965455267184265722e+02
4.751177644502968533e-02 9.033920168794833216e+02
4.906953960716142760e-02 8.957775478328117060e+02
5.062730276929361395e-02 8.847985354792002681e+02
5.218506593142580030e-02 8.907391415216345649e+02
5.374282909355798665e-02 9.062732068507356189e+02
5.530059225569017300e-02 9.304336705884920775e+02
5.685835541782235936e-02 9.568001908145166681e+02
5.841611857995410162e-02 9.920830860722006719e+02
5.997388174208628797e-02 1.026055633838604308e+03
6.153164490421847432e-02 1.068370290713108261e+03
6.308940806635066068e-02 1.095398729814321996e+03
6.464717122848284703e-02 1.145699994649177825e+03
6.620493439061503338e-02 1.189620142733422426e+03
6.776269755274721973e-02 1.211831323217777708e+03
6.932046071487896199e-02 1.257202126120540470e+03
7.087822387701114835e-02 1.296481924201485299e+03
7.243598703914333470e-02 1.306268341227949577e+03
7.399375020127552105e-02 1.383149017222061275e+03
7.555151336340770740e-02 1.465431231616071045e+03
7.710927652553989375e-02 1.510839417234045641e+03
7.866703968767208011e-02 1.563345886719742566e+03
8.022480284980382237e-02 1.631680294384288118e+03
8.178256601193600872e-02 1.708257004707883880e+03
8.334032917406819507e-02 1.766348749501069733e+03
8.489809233620038142e-02 1.850363895596040948e+03
8.645585549833256778e-02 1.901621761835761163e+03
8.801361866046475413e-02 1.916612854145099163e+03
8.957138182259694048e-02 2.031304628130970514e+03
9.112914498472868274e-02 2.182922817127492635e+03
9.268690814686086910e-02 2.293856645983991257e+03
9.424467130899305545e-02 2.390229099785319704e+03
9.580243447112524180e-02 2.497707804717269028e+03
9.736019763325742815e-02 2.619903165912933673e+03
9.891796079538961450e-02 2.758400323564409518e+03
1.004757239575213568e-01 2.898569197086736949e+03
1.020334871196535431e-01 3.042889408775172342e+03
1.035912502817857295e-01 3.158630459479095407e+03
1.051490134439179158e-01 3.280849059275292348e+03
1.067067766060501022e-01 3.438184607099793084e+03
1.082645397681822885e-01 3.621674903398749848e+03
1.098223029303144749e-01 3.808328907141795753e+03
1.113800660924462171e-01 3.953422193499356126e+03
1.129378292545784035e-01 4.134517740607365340e+03
1.144955924167105898e-01 4.368403283882397773e+03
1.160533555788427762e-01 4.580359414918048969e+03
1.176111187409749625e-01 4.804031442807637177e+03
1.191688819031071489e-01 5.081803887314300482e+03
1.207266450652393353e-01 5.392210376806373461e+03
1.222844082273710775e-01 5.643054849649452990e+03
1.238421713895032639e-01 5.904925522115788226e+03
1.253999345516354502e-01 6.170211151109700950e+03
1.269576977137676366e-01 6.380422997954708080e+03
1.285154608758998229e-01 6.619174801101784396e+03
1.300732240380320093e-01 6.885298453731271366e+03
1.316309872001637515e-01 7.124635521007355237e+03
1.331887503622959379e-01 7.360893059846286633e+03
1.347465135244281242e-01 7.687706930648571870e+03
1.363042766865603106e-01 8.087880383670142692e+03
1.378620398486924969e-01 8.513923961137035803e+03
1.394198030108246833e-01 8.882197092697710104e+03
1.409775661729568697e-01 9.224986286111427034e+03
1.425353293350886119e-01 9.614473789389787271e+03
1.440930924972207983e-01 1.001416936435871321e+04
1.456508556593529846e-01 1.025549366252320578e+04
1.472086188214851710e-01 1.065087151716406152e+04
1.487663819836173573e-01 1.102505776838727252e+04
1.503241451457495437e-01 1.142378822989315813e+04
1.518819083078817300e-01 1.177547112111600654e+04
1.534396714700134723e-01 1.207203148802064788e+04
1.549974346321456586e-01 1.245907187061582044e+04
1.565551977942778450e-01 1.287891471752614780e+04
1.581129609564100313e-01 1.337079772117788707e+04
1.596707241185422177e-01 1.373144176464953125e+04
1.612284872806744040e-01 1.427380316596013108e+04
1.627862504428065904e-01 1.460890323410070596e+04
1.643440136049383327e-01 1.482944975662397155e+04
1.659017767670705190e-01 1.504333468403220104e+04
1.674595399292027054e-01 1.512411420302829720e+04
1.690173030913348917e-01 1.546565674448533173e+04
1.705750662534670781e-01 1.587311268028788800e+04
1.721328294155992644e-01 1.617316163252798469e+04
1.736905925777310067e-01 1.648392913696544201e+04
1.752483557398631930e-01 1.677991857515162701e+04
1.768061189019953794e-01 1.717102574647335132e+04
1.783638820641275657e-01 1.771524150674542398e+04
1.799216452262597521e-01 1.832601651470343859e+04
1.814794083883919384e-01 1.882242180828258643e+04
1.830371715505241248e-01 1.949125797616131968e+04
1.845949347126558671e-01 1.990543063786001221e+04
1.861526978747880534e-01 2.049123944118550571e+04
1.877104610369202398e-01 2.109103483417299867e+04
1.892682241990524261e-01 2.154984693341504317e+04
1.908259873611846125e-01 2.200593925326367753e+04
1.923837505233167988e-01 2.216067949930805480e+04
1.939415136854489852e-01 2.260299718422751539e+04
1.954992768475807274e-01 2.296419413581595654e+04
1.970570400097129138e-01 2.307684085214487641e+04
1.986148031718451001e-01 2.327662858977876385e+04
2.001725663339772865e-01 2.341992877934562785e+04
2.017303294961094728e-01 2.357285539930643426e+04
2.032880926582416592e-01 2.366188141644807911e+04
2.048458558203734015e-01 2.253948527763922539e+04
2.064036189825055878e-01 2.384269792507349848e+04
2.079613821446377742e-01 2.511712449178963652e+04
2.095191453067699605e-01 2.502560864891617530e+04
2.110769084689021469e-01 2.491923972153165232e+04
2.126346716310343332e-01 2.459493468674808173e+04
2.141924347931665196e-01 2.439990389422029693e+04
2.157501979552982618e-01 2.384358285733914454e+04
2.173079611174304482e-01 2.401657703353978286e+04
2.188657242795626345e-01 2.417849550073900900e+04
2.204234874416948209e-01 2.388468421846234924e+04
2.219812506038270072e-01 2.363324109548487468e+04
2.235390137659591936e-01 2.346673808537862351e+04
2.250967769280913799e-01 2.340334296641087349e+04
2.266545400902231222e-01 2.321542625541652887e+04
2.282123032523553086e-01 2.311226280333447357e+04
2.297700664144874949e-01 2.297073204544022883e+04
2.313278295766196813e-01 2.297979187135014945e+04
2.328855927387518676e-01 2.287876614565212003e+04
2.344433559008840540e-01 2.255939607259691547e+04
2.360011190630162403e-01 2.223171947012923556e+04
2.375588822251479826e-01 2.188684122883691089e+04
2.391166453872801689e-01 2.150789521870157478e+04
2.406744085494123553e-01 2.113528738773065197e+04
2.422321717115445416e-01 2.087567069640055342e+04
2.437899348736767280e-01 2.048354842062008538e+04
2.453476980358089143e-01 2.001611380101222676e+04
2.469054611979406566e-01 1.956342604532750920e+04
2.484632243600728430e-01 1.914502805798322879e+04
2.500209875222050293e-01 1.882728582457763696e+04
2.515787506843372157e-01 1.856779382359126248e+04
2.531365138464694020e-01 1.843209994091689805e+04
2.546942770086015884e-01 1.830572209598446716e+04
2.562520401707337747e-01 1.796346460505410505e+04
2.578098033328655170e-01 1.756658338128071409e+04
2.593675664949977033e-01 1.723611469023280006e+04
2.609253296571298897e-01 1.687062868222605903e+04
2.624830928192620760e-01 1.656133661881925946e+04
2.640408559813942624e-01 1.639453369449067759e+04
2.655986191435264487e-01 1.628251568782722461e+04
2.671563823056586351e-01 1.589243346215764359e+04
2.687141454677903774e-01 1.546116310043204612e+04
2.702719086299225637e-01 1.514578852938642740e+04
2.718296717920547501e-01 1.485883023007739030e+04
2.733874349541869364e-01 1.464582245367540600e+04
2.749451981163191228e-01 1.448143812095308385e+04
2.765029612784513091e-01 1.426498069584418226e+04
2.780607244405830514e-01 1.413982545142410163e+04
2.796184876027152377e-01 1.384306615364077334e+04
2.811762507648474241e-01 1.363472754484437064e+04
2.827340139269796104e-01 1.340824820122532219e+04
2.842917770891117968e-01 1.313232558626599166e+04
2.858495402512439831e-01 1.298446676585271962e+04
2.874073034133761695e-01 1.286609288567903059e+04
2.889650665755079118e-01 1.273345990082480239e+04
2.905228297376400981e-01 1.261434496672582827e+04
2.920805928997722845e-01 1.259117503682226379e+04
2.936383560619044708e-01 1.264333061590235593e+04
2.951961192240366572e-01 1.253707529338128006e+04
2.967538823861688435e-01 1.247696422810298282e+04
2.983116455483010299e-01 1.247456596740422538e+04
2.998694087104327721e-01 1.241439655718913491e+04
3.014271718725649585e-01 1.237812873627292174e+04
3.029849350346971448e-01 1.242976631996314063e+04
3.045426981968293312e-01 1.254256025330233570e+04
3.061004613589615175e-01 1.247231091633373217e+04
3.076582245210937039e-01 1.248416164135463987e+04
3.092159876832258902e-01 1.250159057458943607e+04
3.107737508453576325e-01 1.242052295363402300e+04
3.123315140074898189e-01 1.245757130226842492e+04
3.138892771696220052e-01 1.261858157665043473e+04
3.154470403317541916e-01 1.276449722008610661e+04
3.170048034938863779e-01 1.276339217767411901e+04
3.185625666560185643e-01 1.290288688469926092e+04
3.201203298181503065e-01 1.319047551472574924e+04
3.216780929802824929e-01 1.347710758951578828e+04
3.232358561424146792e-01 1.363990449047782568e+04
3.247936193045468656e-01 1.365920062395134300e+04
3.263513824666790519e-01 1.366496194488755646e+04
3.279091456288112383e-01 1.373197087334192474e+04
3.294669087909434246e-01 1.388534323106863485e+04
3.310246719530751669e-01 1.396204201049170661e+04
3.325824351152073532e-01 1.419469608525040348e+04
3.341401982773395396e-01 1.444826229316353420e+04
3.356979614394717260e-01 1.455646794287580633e+04
3.372557246016039123e-01 1.466245986368736703e+04
3.388134877637360987e-01 1.481524447772530038e+04
3.403712509258682850e-01 1.491405370460782615e+04
3.419290140880000273e-01 1.491150477647289699e+04
3.434867772501322136e-01 1.498997335670162283e+04
3.450445404122644000e-01 1.531401782620404811e+04
3.466023035743965863e-01 1.536351802756548932e+04
3.481600667365287727e-01 1.547657809113223630e+04
3.497178298986609590e-01 1.556826840515920594e+04
3.512755930607927013e-01 1.554279682343554850e+04
3.528333562229248876e-01 1.545084871302125975e+04
3.543911193850570740e-01 1.529632475882565996e+04
3.559488825471892604e-01 1.529667800116529725e+04
3.575066457093214467e-01 1.564017894912709744e+04
3.590644088714536331e-01 1.554121690299614238e+04
3.606221720335858194e-01 1.534138172739318907e+04
3.621799351957175617e-01 1.542450059182593577e+04
3.637376983578497480e-01 1.560100825920227180e+04
3.652954615199819344e-01 1.557205070430660817e+04
3.668532246821141207e-01 1.538586862398212361e+04
3.684109878442463071e-01 1.532874729494010171e+04
3.699687510063784934e-01 1.527860319361944858e+04
3.715265141685106798e-01 1.520711579319019074e+04
3.730842773306424220e-01 1.501673484389281111e+04
3.746420404927746084e-01 1.498676198128808755e+04
3.761998036549067947e-01 1.494511610657902202e+04
3.777575668170389811e-01 1.482459487640198495e+04
3.793153299791711675e-01 1.467186184180665077e+04
3.808730931413033538e-01 1.445271950186753384e+04
3.824308563034355402e-01 1.423545683041287339e+04
3.839886194655672824e-01 1.400708383076117570e+04
3.855463826276994688e-01 1.396612156566667727e+04
3.871041457898316551e-01 1.369476601085776929e+04
3.886619089519638415e-01 1.356450335875537894e+04
3.902196721140960278e-01 1.349645508174495262e+04
3.917774352762282142e-01 1.340678991657332881e+04
3.933351984383599564e-01 1.333957165504613113e+04
3.948929616004921428e-01 1.317038824362506966e+04
3.964507247626243291e-01 1.305649548332166705e+04
3.980084879247565155e-01 1.301092094173883561e+04
3.995662510868887018e-01 1.280773870719013939e+04
4.011240142490208882e-01 1.274887107780563019e+04
4.026817774111530746e-01 1.276338880781832268e+04
4.042395405732848168e-01 1.272559386836843623e+04
4.057973037354170032e-01 1.262660818381417812e+04
4.073550668975491895e-01 1.251682083086168132e+04
4.089128300596813759e-01 1.243605490500469023e+04
4.104705932218135622e-01 1.224939694709866671e+04
4.120283563839457486e-01 1.208232819886600373e+04
4.135861195460779349e-01 1.210933636545353511e+04
4.151438827082096772e-01 1.222107299781585789e+04
4.167016458703418635e-01 1.207794645662334187e+04
4.182594090324740499e-01 1.199984580593685496e+04
4.198171721946062362e-01 1.191354520201972446e+04
4.213749353567384226e-01 1.178730679935066473e+04
4.229326985188706090e-01 1.174447775041147361e+04
4.244904616810023512e-01 1.166805195026631918e+04
4.260482248431345376e-01 1.152629028097289120e+04
4.276059880052667239e-01 1.136513003635266796e+04
4.291637511673989103e-01 1.122669499925745549e+04
4.307215143295310966e-01 1.103464303104631290e+04
4.322792774916632830e-01 1.097044394480709525e+04
4.338370406537954693e-01 1.092924391082764669e+04
4.353948038159272116e-01 1.077063386371623346e+04
4.369525669780593979e-01 1.059462126781539519e+04
4.385103301401915843e-01 1.045395970413534451e+04
4.400680933023237706e-01 1.031978122717653423e+04
4.416258564644559570e-01 1.008867653390347550e+04
4.431836196265881433e-01 1.012282909713465415e+04
4.447413827887203297e-01 1.009023805416935102e+04
4.462991459508520720e-01 9.964203093054669807e+03
4.478569091129842583e-01 9.823724294387451664e+03
4.494146722751164447e-01 9.690449947488121325e+03
4.509724354372486310e-01 9.554835890565933369e+03
4.525301985993808174e-01 9.440800583664087753e+03
4.540879617615130037e-01 9.411422548540365824e+03
4.556457249236451901e-01 9.255187491214452166e+03
4.572034880857769323e-01 9.050681356942133789e+03
4.587612512479091187e-01 8.949493461611864404e+03
4.603190144100413050e-01 8.840984423092117140e+03
4.618767775721734914e-01 8.808300040891330354e+03
4.634345407343056777e-01 8.731146395815505457e+03
4.649923038964378641e-01 8.594691649527518166e+03
4.665500670585696064e-01 8.470751584334739164e+03
4.681078302207017927e-01 8.326683538247256365e+03
4.696655933828339791e-01 8.184200911796419859e+03
4.712233565449661654e-01 8.146036018019416588e+03
4.727811197070983518e-01 8.139262936526353769e+03
4.743388828692305381e-01 8.012969255194936522e+03
4.758966460313627245e-01 7.835983215112538346e+03
4.774544091934944667e-01 7.790114444326668490e+03
4.790121723556266531e-01 7.684490231107257387e+03
4.805699355177588394e-01 7.503317909448132923e+03
4.821276986798910258e-01 7.348067319278698051e+03
4.836854618420232121e-01 7.185564527260106843e+03
4.852432250041553985e-01 7.076541337320190905e+03
4.868009881662875848e-01 6.974704569356452339e+03
4.883587513284193271e-01 6.858364463428701129e+03
4.899165144905515135e-01 6.733735460487008822e+03
4.914742776526836998e-01 6.521003007383043951e+03
4.930320408148158862e-01 6.381733592169593067e+03
4.945898039769480725e-01 6.224344409804257339e+03
4.961475671390802589e-01 5.996612935200177162e+03
4.977053303012120011e-01 5.810771064996323730e+03
4.992630934633441875e-01 5.644872066411095147e+03
5.008208566254763738e-01 5.491155411888113122e+03
5.023786197876085602e-01 5.309772149797406200e+03
5.039363829497407465e-01 5.162930280509246586e+03
5.054941461118729329e-01 4.999420611502617248e+03
5.070519092740051192e-01 4.809769434594926679e+03
5.086096724361368615e-01 4.695718324768855382e+03
5.101674355982690479e-01 4.601982066461488103e+03
5.117251987604012342e-01 4.453165232026326521e+03
5.132829619225334206e-01 4.282942977916520249e+03
5.148407250846656069e-01 4.155518930577242827e+03
5.163984882467977933e-01 4.119432868252315529e+03
5.179562514089299796e-01 4.019788468236884910e+03
5.195140145710617219e-01 3.915658794569720612e+03
5.210717777331939082e-01 3.883557522413268543e+03
5.226295408953260946e-01 3.812417249668754266e+03
5.241873040574582809e-01 3.749726819320626419e+03
5.257450672195904673e-01 3.683750317882504987e+03
5.273028303817226536e-01 3.578736081501912849e+03
5.288605935438548400e-01 3.504141485769473547e+03
5.304183567059865823e-01 3.485989996067478842e+03
5.319761198681187686e-01 3.422479547949986681e+03
5.335338830302509550e-01 3.314024870501359601e+03
5.350916461923831413e-01 3.256928426491205755e+03
5.366494093545153277e-01 3.238390148483791108e+03
5.382071725166475140e-01 3.209716863935796027e+03
5.397649356787792563e-01 3.137593657319444446e+03
5.413226988409114426e-01 3.068448675166246630e+03
5.428804620030436290e-01 3.041210301429709034e+03
5.444382251651758153e-01 3.028473411247951844e+03
5.459959883273080017e-01 2.967939198972536360e+03
5.475537514894401880e-01 2.939897330940459142e+03
5.491115146515723744e-01 2.848261460833632555e+03
5.506692778137041167e-01 2.805178583466488817e+03
5.522270409758363030e-01 2.795275842273901617e+03
5.537848041379684894e-01 2.738189607915209763e+03
5.553425673001006757e-01 2.719198938386562986e+03
5.569003304622328621e-01 2.662183841643965934e+03
5.584580936243650484e-01 2.616617795366777500e+03
5.600158567864972348e-01 2.613561905220279641e+03
5.615736199486289770e-01 2.546184876902694214e+03
5.631313831107611634e-01 2.503473476024048068e+03
5.646891462728933497e-01 2.513313866615351799e+03
5.662469094350255361e-01 2.433350896674711748e+03
5.678046725971577224e-01 2.342784393872002056e+03
5.693624357592899088e-01 2.289204412754444093e+03
5.709201989214216511e-01 2.240032702658272683e+03
5.724779620835538374e-01 2.237164474013349263e+03
5.740357252456860238e-01 2.215135155754440348e+03
5.755934884078182101e-01 2.137059897392720359e+03
5.771512515699503965e-01 2.075683024385705266e+03
5.787090147320825828e-01 2.058303126426557810e+03
5.802667778942147692e-01 2.032264296070813771e+03
5.818245410563465114e-01 1.966182803580666587e+03
5.833823042184786978e-01 1.962605887959348820e+03
5.849400673806108841e-01 1.942794964848503469e+03
5.864978305427430705e-01 1.865925317387052473e+03
5.880555937048752568e-01 1.838257582439715407e+03
5.896133568670074432e-01 1.841797634793709676e+03
5.911711200291396295e-01 1.817665121317731973e+03
5.927288831912713718e-01 1.760775263465968237e+03
5.942866463534035582e-01 1.695972507513474966e+03
5.958444095155357445e-01 1.686525191747506142e+03
5.974021726776679309e-01 1.690580339078300085e+03
5.989599358398001172e-01 1.643680731897897886e+03
6.005176990019323036e-01 1.609549870827939685e+03
6.020754621640644899e-01 1.615749296930424634e+03
6.036332253261962322e-01 1.611205067424909203e+03
6.051909884883284185e-01 1.571239379582729043e+03
6.067487516504606049e-01 1.545555768720069864e+03
6.083065148125927912e-01 1.551034024601788815e+03
6.098642779747249776e-01 1.549795820746346635e+03
6.114220411368571639e-01 1.513444059180038494e+03
6.129798042989889062e-01 1.522932089225869049e+03
6.145375674611210925e-01 1.515206166102526595e+03
6.160953306232532789e-01 1.468472161236574266e+03
6.176530937853854653e-01 1.479211344828805295e+03
6.192108569475176516e-01 1.504935237827579613e+03
6.207686201096498380e-01 1.477274284362119261e+03
6.223263832717820243e-01 1.417455369204405088e+03
6.238841464339137666e-01 1.410457760752982267e+03
6.254419095960459529e-01 1.454336496933532089e+03
6.269996727581781393e-01 1.445303993172636865e+03
6.285574359203103256e-01 1.403335101603135172e+03
6.301151990824425120e-01 1.360120751319587043e+03
6.316729622445746983e-01 1.293874735928350674e+03
6.332307254067068847e-01 1.262958167062684652e+03
6.347884885688386269e-01 1.281869295278393565e+03
6.363462517309708133e-01 1.266003941600562939e+03
6.379040148931029997e-01 1.240863283320274832e+03
6.394617780552351860e-01 1.226930838502107235e+03
6.410195412173673724e-01 1.199383817767246910e+03
6.425773043794995587e-01 1.179604793532523900e+03
6.441350675416313010e-01 1.188384169224326115e+03
6.456928307037634873e-01 1.202991057939212624e+03
6.472505938658956737e-01 1.183811283922673056e+03
6.488083570280278600e-01 1.125690544307583195e+03
6.503661201901600464e-01 1.110131590280493128e+03
6.519238833522922327e-01 1.125618809524715743e+03
6.534816465144244191e-01 1.119692661780278968e+03
6.550394096765561613e-01 1.103752036210638835e+03
6.565971728386883477e-01 1.064122216943642115e+03
6.581549360008205340e-01 1.022266512430431135e+03
6.597126991629527204e-01 1.024251818133171128e+03
6.612704623250849068e-01 1.039347323954989633e+03
6.628282254872170931e-01 1.056740142528751903e+03
6.643859886493492795e-01 1.042863333776087075e+03
6.659437518114810217e-01 1.001548493555239247e+03
6.675015149736132081e-01 9.983856302535602936e+02
6.690592781357453944e-01 1.022841013938866581e+03
6.706170412978775808e-01 1.006144596648361926e+03
6.721748044600097671e-01 9.776890591530121810e+02
6.737325676221419535e-01 9.803651946450794412e+02
6.752903307842741398e-01 9.810301503799004195e+02
6.768480939464058821e-01 9.615788658638290372e+02
6.784058571085380684e-01 9.612549232633424481e+02
6.799636202706702548e-01 9.436421565114468422e+02
6.815213834328024411e-01 9.433767098973036127e+02
6.830791465949346275e-01 9.626370720863698125e+02
6.846369097570668139e-01 9.430075151032068561e+02
6.861946729191985561e-01 9.354716432571896121e+02
6.877524360813307425e-01 9.202466101314656726e+02
6.893101992434629288e-01 8.930239356873926226e+02
6.908679624055951152e-01 9.030976974650934608e+02
6.924257255677273015e-01 9.170150903830115112e+02
6.939834887298594879e-01 8.938639474828592029e+02
6.955412518919916742e-01 8.819219048827087590e+02
6.970990150541234165e-01 9.303793213239764555e+02
6.986567782162556028e-01 9.342453202015775560e+02
7.002145413783877892e-01 9.187257386886559516e+02
7.017723045405199755e-01 8.975066079573150546e+02
7.033300677026521619e-01 8.855847657878625796e+02
7.048878308647843483e-01 8.923284127368006011e+02
7.064455940269165346e-01 9.112927831267411420e+02
7.080033571890482769e-01 9.067881242688033581e+02
7.095611203511804632e-01 8.768449046589670388e+02
7.111188835133126496e-01 8.632035224121832471e+02
7.126766466754448359e-01 8.721508892216891127e+02
7.142344098375770223e-01 9.170698606468860135e+02
7.157921729997092086e-01 9.078597430941030098e+02
7.173499361618409509e-01 8.806849033890355258e+02
7.189076993239731372e-01 8.574813720465405140e+02
7.204654624861053236e-01 8.872845288074516930e+02
7.220232256482375099e-01 8.845692054279323884e+02
7.235809888103696963e-01 8.440647768661590362e+02
7.251387519725018826e-01 8.511643821688909384e+02
7.266965151346340690e-01 8.642071021294503907e+02
7.282542782967658113e-01 8.474888556189127939e+02
7.298120414588979976e-01 8.319066477840773359e+02
7.313698046210301840e-01 8.525871033950861602e+02
7.329275677831623703e-01 8.585310277092494289e+02
7.344853309452945567e-01 8.687287999593617087e+02
7.360430941074267430e-01 8.494776854457894615e+02
7.376008572695589294e-01 8.032637942441953101e+02
7.391586204316906716e-01 7.917383869662670577e+02
7.407163835938228580e-01 8.287424719155228559e+02
7.422741467559550443e-01 8.533338857854362232e+02
7.438319099180872307e-01 8.349174366736705224e+02
7.453896730802194170e-01 8.093628702975360056e+02
7.469474362423516034e-01 8.061736904693589167e+02
7.485051994044837897e-01 8.182945802866904614e+02
7.500629625666155320e-01 8.475756403381893733e+02
7.516207257287477184e-01 8.449883253651702262e+02
7.531784888908799047e-01 8.154318735319367306e+02
7.547362520530120911e-01 7.853841409777604667e+02
7.562940152151442774e-01 7.716905930377358800e+02
7.578517783772764638e-01 7.808408124111814459e+02
7.594095415394082060e-01 7.933623408377701480e+02
7.609673047015403924e-01 7.993708339006453798e+02
7.625250678636725787e-01 8.077388860492355889e+02
7.640828310258047651e-01 8.174972425049863887e+02
7.656405941879369514e-01 8.125756288668391107e+02
7.671983573500691378e-01 8.119730363141002272e+02
7.687561205122013241e-01 8.006668088448559502e+02
7.703138836743330664e-01 8.132114244035014963e+02
7.718716468364652528e-01 8.002670427182627009e+02
7.734294099985974391e-01 7.755201376257724633e+02
7.749871731607296255e-01 7.735744334070641344e+02
7.765449363228618118e-01 7.626030060153003660e+02
7.781026994849939982e-01 7.544553187903892422e+02
7.796604626471261845e-01 7.661658790640260577e+02
7.812182258092579268e-01 7.919951459826288556e+02
7.827759889713901131e-01 8.121340956023432227e+02
7.843337521335222995e-01 8.112231345216300724e+02
7.858915152956544858e-01 7.791143304137550558e+02
7.874492784577866722e-01 7.683169481972812491e+02
7.890070416199188585e-01 7.760633522742391506e+02
7.905648047820506008e-01 7.708390355901824478e+02
7.921225679441827872e-01 7.545857363826721667e+02
7.936803311063149735e-01 7.587359550930590331e+02
7.952380942684471599e-01 7.612682241910246148e+02
7.967958574305793462e-01 7.504182171316120957e+02
7.983536205927115326e-01 7.382237126894982566e+02
7.999113837548437189e-01 7.291280236628850844e+02
8.014691469169754612e-01 7.397642562165614208e+02
8.030269100791076475e-01 7.634668839452817792e+02
8.045846732412398339e-01 7.527107354715013798e+02
8.061424364033720202e-01 7.546687300606014333e+02
8.077001995655042066e-01 7.701324582735219337e+02
8.092579627276363929e-01 7.529076363023069689e+02
8.108157258897685793e-01 7.522542694909399188e+02
8.123734890519003216e-01 7.603731047413962187e+02
8.139312522140329520e-01 7.686228443366053398e+02
8.154890153761646943e-01 7.731133311701353250e+02
8.170467785382964365e-01 7.532634507685564813e+02
8.186045417004290670e-01 7.280597703812810551e+02
8.201623048625608092e-01 7.304888932932509533e+02
8.217200680246934397e-01 7.221952647136845371e+02
8.232778311868251819e-01 7.187252310972301075e+02
8.248355943489578124e-01 7.320563980616714161e+02
8.263933575110895546e-01 7.171485293663572520e+02
8.279511206732212969e-01 7.207645301081265643e+02
8.295088838353539273e-01 7.095622250035214620e+02
8.310666469974856696e-01 7.043298756557453544e+02
8.326244101596183000e-01 7.183400202490848869e+02
8.341821733217500423e-01 7.172427223394710154e+02
8.357399364838826727e-01 7.081707516055776068e+02
8.372976996460144150e-01 7.036647617550868290e+02
8.388554628081461573e-01 7.253451923552801190e+02
8.404132259702787877e-01 7.239234199948004971e+02
8.419709891324105300e-01 6.921235176835615448e+02
8.435287522945431604e-01 6.935984320340804743e+02
8.450865154566749027e-01 6.911111118708449794e+02
8.466442786188075331e-01 6.919795921458070325e+02
8.482020417809392754e-01 6.952477410812198286e+02
8.497598049430710176e-01 6.862955642952301787e+02
8.513175681052036481e-01 6.824299454162311349e+02
8.528753312673353904e-01 6.789357954806046109e+02
8.544330944294680208e-01 6.684084049480701424e+02
8.559908575915997631e-01 6.627707630060889414e+02
8.575486207537323935e-01 6.812960235946297871e+02
8.591063839158641358e-01 6.794027350950898381e+02
8.606641470779958780e-01 6.944755789276117639e+02
8.622219102401285085e-01 6.739845392913755404e+02
8.637796734022602507e-01 6.443572369756905118e+02
8.653374365643928812e-01 6.348582218057465525e+02
8.668951997265246234e-01 6.373942949531160593e+02
8.684529628886572539e-01 6.374701056178615772e+02
8.700107260507889961e-01 6.206615304691478059e+02
8.715684892129207384e-01 6.131833348087491231e+02
8.731262523750533688e-01 6.165789983295381944e+02
8.746840155371851111e-01 6.014765419983020820e+02
8.762417786993177415e-01 5.889769829206575196e+02
8.777995418614494838e-01 6.025523763790979501e+02
8.793573050235821142e-01 6.110881762778835764e+02
8.809150681857138565e-01 5.942570366717005754e+02
8.824728313478455988e-01 5.901753447830594723e+02
8.840305945099782292e-01 6.048824342711903910e+02
8.855883576721099715e-01 6.069220749898418035e+02
8.871461208342426019e-01 5.893284007468331538e+02
8.887038839963743442e-01 5.884642952142080503e+02
8.902616471585060864e-01 6.022754542060118865e+02
8.918194103206387169e-01 6.030432978023657142e+02
8.933771734827704591e-01 5.982872880112139455e+02
8.949349366449030896e-01 5.777112013804766093e+02
8.964926998070348318e-01 5.624255142269119006e+02
8.980504629691674623e-01 5.740184757319170785e+02
8.996082261312992046e-01 5.525019839419222762e+02
9.011659892934309468e-01 5.564747078125581083e+02
9.027237524555635773e-01 5.876698084068722210e+02
9.042815156176953195e-01 5.544686812653010293e+02
9.058392787798279500e-01 5.313053039479353856e+02
9.073970419419596922e-01 5.410320781471347118e+02
9.089548051040923227e-01 5.427153212904977408e+02
9.105125682662240649e-01 5.428208218759064039e+02
9.120703314283558072e-01 5.354573529664617126e+02
9.136280945904884376e-01 5.113093954940751473e+02
9.151858577526201799e-01 5.110972080938254294e+02
9.167436209147528103e-01 4.903822783320171084e+02
9.183013840768845526e-01 4.710676188508909377e+02
9.198591472390171830e-01 4.666383276848277433e+02
9.214169104011489253e-01 4.702075754200246820e+02
9.229746735632806676e-01 4.906387532403965679e+02
9.245324367254132980e-01 4.921346202398630112e+02
9.260901998875450403e-01 4.913609597319980367e+02
9.276479630496776707e-01 4.828935282127742425e+02
9.292057262118094130e-01 4.647050202292343215e+02
9.307634893739420434e-01 4.696231630541735740e+02
9.323212525360737857e-01 4.746691672812373213e+02
9.338790156982055279e-01 4.600640242848217554e+02
9.354367788603381584e-01 4.528440284679401202e+02
9.369945420224699006e-01 4.613534516631996212e+02
9.385523051846025311e-01 4.696718068782039950e+02
9.401100683467342733e-01 4.590623516552631713e+02
9.416678315088669038e-01 4.577235797898410397e+02
9.432255946709986461e-01 4.428477813771447700e+02
9.447833578331303883e-01 4.348673419631625734e+02
9.463411209952630188e-01 4.426037266604444653e+02
9.478988841573947610e-01 4.438981502640900771e+02
9.494566473195273915e-01 4.392182154329139507e+02
9.510144104816591337e-01 4.208826141819379245e+02
9.525721736437917642e-01 4.070559500816478362e+02
9.541299368059235064e-01 4.010731789899274418e+02
9.556876999680552487e-01 4.116259903245154419e+02
9.572454631301878791e-01 4.303664982155838175e+02
9.588032262923196214e-01 4.186174652144791821e+02
9.603609894544522518e-01 3.993192874996189516e+02
9.619187526165839941e-01 3.936007524101116246e+02
9.634765157787157364e-01 3.922844901809045837e+02
9.650342789408483668e-01 3.933267226349989869e+02
9.665920421029801091e-01 3.891139935427216869e+02
9.681498052651127395e-01 3.800980538544596357e+02
9.697075684272444818e-01 3.770795349610843346e+02
9.712653315893771122e-01 3.715619005716985725e+02
9.728230947515088545e-01 3.749219296581237018e+02
9.743808579136405967e-01 3.768258520318626097e+02
9.759386210757732272e-01 3.618592549322138439e+02
9.774963842379049694e-01 3.578125884972767494e+02
9.790541474000375999e-01 3.447563399958279433e+02
9.806119105621693421e-01 3.414305100843492369e+02
9.821696737243019726e-01 3.421371860753266674e+02
9.837274368864337148e-01 3.471345853098371776e+02
9.852852000485654571e-01 3.431562910988385511e+02
9.868429632106980876e-01 3.287645297018050314e+02
9.884007263728298298e-01 3.308505626241084769e+02
9.899584895349624603e-01 3.341562630812170482e+02
9.915162526970942025e-01 3.341653566276079914e+02
9.930740158592268330e-01 3.265164693968143297e+02
9.946317790213585752e-01 3.237273103275427957e+02
9.961895421834903175e-01 3.185269566665490402e+02
9.977473053456229479e-01 3.076248156185567382e+02
9.993050685077546902e-01 3.122495264592024569e+02
1.000862831669887321e+00 3.207360348241249994e+02
1.002420594832019063e+00 3.135970576249957844e+02
1.003978357994151693e+00 3.086881656828206815e+02
1.005536121156283436e+00 3.119146725803648792e+02
1.007093884318415178e+00 3.100336586181435337e+02
1.008651647480547808e+00 3.084624938622275181e+02
1.010209410642679551e+00 3.044217225677699616e+02
1.011767173804812181e+00 3.128897971255016728e+02
1.013324936966943923e+00 3.103565952072952427e+02
1.014882700129076554e+00 2.968687424935517924e+02
1.016440463291208296e+00 2.977532738421901399e+02
1.017998226453340038e+00 2.907672194828749639e+02
1.019555989615472669e+00 2.904222172381957421e+02
1.021113752777604411e+00 2.871075514469744121e+02
1.022671515939737041e+00 2.760123407484452969e+02
1.024229279101868784e+00 2.752557273879844502e+02
1.025787042264001414e+00 2.787136572828425187e+02
1.027344805426133156e+00 2.683166278635958975e+02
1.028902568588264899e+00 2.558440817600831849e+02
1.030460331750397529e+00 2.738849395772573416e+02
1.032018094912529271e+00 2.630317268112101488e+02
1.033575858074661902e+00 2.599841353592347559e+02
1.035133621236793644e+00 2.635312827903047150e+02
1.036691384398925386e+00 2.555506693252254138e+02
1.038249147561058017e+00 2.466527093005320239e+02
1.039806910723189759e+00 2.404217764770103258e+02
1.041364673885322389e+00 2.428190100988761913e+02
1.042922437047454132e+00 2.422399724825243652e+02
1.044480200209586762e+00 2.368671717140498743e+02
1.046037963371718504e+00 2.372975456179260902e+02
1.047595726533850247e+00 2.379170383556435695e+02
1.049153489695982877e+00 2.351842087197693729e+02
1.050711252858114619e+00 2.376967810283061908e+02
1.052269016020247250e+00 2.419853775690943962e+02
1.053826779182378992e+00 2.448061415053531960e+02
1.055384542344511623e+00 2.300044043263418700e+02
1.056942305506643365e+00 2.143611833858470561e+02
1.058500068668775107e+00 2.168975187381146839e+02
1.060057831830907737e+00 2.277545300204715772e+02
1.061615594993039480e+00 2.315622513762588142e+02
1.063173358155172110e+00 2.273845171960690834e+02
1.064731121317303852e+00 2.232071199667288113e+02
1.066288884479436483e+00 2.215578312046723681e+02
1.067846647641568225e+00 2.202937639625590691e+02
1.069404410803699967e+00 2.232001824062697324e+02
1.070962173965832598e+00 2.137287450375534377e+02
1.072519937127964340e+00 2.064919569340195551e+02
1.074077700290096971e+00 2.127911594955699002e+02
1.075635463452228713e+00 2.075216771782948797e+02
1.077193226614361343e+00 2.048076148118296658e+02
1.078750989776493086e+00 2.120629782782069128e+02
1.080308752938624828e+00 2.090587224803421691e+02
1.081866516100757458e+00 2.007085475942918720e+02
1.083424279262889200e+00 2.022034305450794420e+02
1.084982042425021831e+00 2.059595526127520770e+02
1.086539805587153573e+00 2.100347971658115114e+02
1.088097568749286204e+00 1.926036074689375823e+02
1.089655331911417946e+00 2.001003414693677485e+02
1.091213095073549688e+00 2.005047543583251297e+02
1.092770858235682319e+00 1.911477960769159097e+02
1.094328621397814061e+00 2.043455045177402383e+02
1.095886384559946691e+00 2.038921142622222078e+02
1.097444147722078434e+00 1.935766547702873481e+02
1.099001910884211064e+00 1.942193327412601889e+02
1.100559674046342806e+00 1.991604111429795978e+02
1.102117437208474549e+00 2.000905053138123435e+02
1.103675200370607179e+00 1.917972024571362510e+02
1.105232963532738921e+00 1.812707064025089778e+02
1.106790726694871552e+00 1.925645976006649960e+02
1.108348489857003294e+00 1.928259099418467315e+02
1.109906253019135036e+00 1.857288683160884091e+02
1.111464016181267667e+00 1.972276530209360317e+02
1.113021779343399409e+00 1.956864822505024222e+02
1.114579542505532039e+00 1.872119922425112293e+02
1.116137305667663782e+00 1.870071467970219885e+02
1.117695068829796412e+00 1.811345533771641954e+02
1.119252831991928154e+00 1.807907920520026153e+02
1.120810595154059897e+00 1.869650116488163860e+02
1.122368358316192527e+00 1.879668899229621957e+02
1.123926121478324269e+00 1.870334678596835545e+02
1.125483884640456900e+00 1.793447939619006206e+02
1.127041647802588642e+00 1.781967118376754229e+02
1.128599410964721272e+00 1.714626363022619557e+02
1.130157174126853015e+00 1.769767976848244189e+02
1.131714937288984757e+00 1.775172629284159598e+02
1.133272700451117387e+00 1.763380975431379056e+02
1.134830463613249130e+00 1.764335265837453903e+02
1.136388226775381760e+00 1.824954267759775348e+02
1.137945989937513502e+00 1.824931648402831854e+02
1.139503753099646133e+00 1.711220985411689810e+02
1.141061516261777875e+00 1.716563149226338965e+02
1.142619279423909617e+00 1.770240353611855824e+02
1.144177042586042248e+00 1.696363770369123927e+02
1.145734805748173990e+00 1.745875875343061523e+02
1.147292568910306620e+00 1.789911621864541758e+02
1.148850332072438363e+00 1.887125847952707716e+02
1.150408095234570993e+00 1.833845071349760190e+02
1.151965858396702735e+00 1.775820522464855458e+02
1.153523621558834478e+00 1.748223030828305866e+02
1.155081384720967108e+00 1.792638168603963891e+02
1.156639147883098850e+00 1.784971966272219390e+02
1.158196911045231481e+00 1.666766906537478405e+02
1.159754674207363223e+00 1.682309535850219504e+02
1.161312437369495854e+00 1.782901191132551730e+02
1.162870200531627596e+00 1.740928224421944037e+02
1.164427963693759338e+00 1.671904566247855257e+02
1.165985726855891969e+00 1.697173944100005656e+02
1.167543490018023711e+00 1.536882173890411138e+02
1.169101253180156341e+00 1.702512802696135452e+02
1.170659016342288083e+00 1.696830456450331042e+02
1.172216779504420714e+00 1.606310193298618572e+02
1.173774542666552456e+00 1.591026750874092102e+02
1.175332305828684198e+00 1.634309425568027905e+02
1.176890068990816829e+00 1.733153541112630478e+02
1.178447832152948571e+00 1.713904387742179551e+02
1.180005595315081202e+00 1.683108338315033450e+02
1.181563358477212944e+00 1.702586369254284477e+02
1.183121121639344686e+00 1.715125724415893558e+02
1.184678884801477317e+00 1.627356113593771170e+02
1.186236647963609059e+00 1.583378244205863439e+02
1.187794411125741689e+00 1.614706633613710949e+02
1.189352174287873432e+00 1.621072989203297823e+02
1.190909937450006062e+00 1.512022778992167389e+02
1.192467700612137804e+00 1.487764145057689973e+02
1.194025463774269546e+00 1.455079677090020596e+02
1.195583226936402177e+00 1.502198832824580848e+02
1.197140990098533919e+00 1.618054757252869535e+02
1.198698753260666550e+00 1.649295172431563685e+02
1.200256516422798292e+00 1.623236166879559619e+02
1.201814279584930922e+00 1.564103522419010801e+02
1.203372042747062665e+00 1.493886291712559000e+02
1.204929805909194407e+00 1.537607014822011990e+02
1.206487569071327037e+00 1.529174594984523594e+02
1.208045332233458780e+00 1.577490267645430606e+02
1.209603095395591410e+00 1.589620969705375728e+02
1.211160858557723152e+00 1.580142625442696271e+02
1.212718621719855783e+00 1.516559865729720116e+02
1.214276384881987525e+00 1.455674509845691773e+02
1.215834148044119267e+00 1.512597516162296074e+02
1.217391911206251898e+00 1.563245353735584615e+02
1.218949674368383640e+00 1.520812640342532802e+02
1.220507437530516270e+00 1.497802901052798461e+02
1.222065200692648013e+00 1.531710508895094165e+02
1.223622963854780643e+00 1.433181053149382933e+02
1.225180727016912385e+00 1.435693209748909283e+02
1.226738490179044128e+00 1.441364555753852414e+02
1.228296253341176758e+00 1.419731229511085076e+02
1.229854016503308500e+00 1.476003502120225050e+02
1.231411779665441131e+00 1.412740587422477176e+02
1.232969542827572873e+00 1.352560091286008515e+02
1.234527305989705503e+00 1.392283522529369577e+02
1.236085069151837246e+00 1.376863887202585204e+02
1.237642832313968988e+00 1.363419851478574856e+02
1.239200595476101618e+00 1.398239212769189805e+02
1.240758358638233361e+00 1.365801254624922478e+02
1.242316121800365991e+00 1.349538046659288852e+02
1.243873884962497733e+00 1.335463825948683052e+02
1.245431648124630364e+00 1.318793497702253035e+02
1.246989411286762106e+00 1.426280813638499012e+02
1.248547174448893848e+00 1.461850614551853766e+02
1.250104937611026479e+00 1.454839434854811770e+02
1.251662700773158221e+00 1.420223710707958844e+02
1.253220463935290852e+00 1.362567377193930440e+02
1.254778227097422594e+00 1.396986354300416906e+02
1.256335990259554336e+00 1.395223531007720794e+02
1.257893753421686966e+00 1.353248829510687585e+02
1.259451516583818709e+00 1.377854549899280414e+02
1.261009279745951339e+00 1.371827157575626472e+02
1.262567042908083081e+00 1.362406007186678778e+02
1.264124806070215712e+00 1.371679230930957942e+02
1.265682569232347454e+00 1.359473217619480749e+02
1.267240332394479196e+00 1.363817038226711134e+02
1.268798095556611827e+00 1.275556575231997414e+02
1.270355858718743569e+00 1.329835610362204648e+02
1.271913621880876200e+00 1.353750910306089281e+02
1.273471385043007942e+00 1.296593070779236996e+02
1.275029148205140572e+00 1.315828181938158252e+02
1.276586911367272315e+00 1.306280812800828244e+02
1.278144674529404057e+00 1.262245342263005625e+02
1.279702437691536687e+00 1.241674972696582131e+02
1.281260200853668429e+00 1.324953921057999651e+02
1.282817964015801060e+00 1.280317878536818341e+02
1.284375727177932802e+00 1.270420284763027894e+02
1.285933490340065433e+00 1.315085703080571022e+02
1.287491253502197175e+00 1.308043507160030572e+02
1.289049016664328917e+00 1.279809892335855466e+02
1.290606779826461548e+00 1.258919282526792500e+02
1.292164542988593290e+00 1.233609721539550890e+02
1.293722306150725920e+00 1.283752005300825658e+02
1.295280069312857663e+00 1.324598973571352758e+02
1.296837832474990293e+00 1.263129022202177225e+02
1.298395595637122035e+00 1.233453919837504458e+02
1.299953358799253778e+00 1.227021266201342939e+02
1.301511121961386408e+00 1.234655493973673686e+02
1.303068885123518150e+00 1.321974854335500993e+02
1.304626648285650781e+00 1.297885805846136975e+02
1.306184411447782523e+00 1.273688084258532740e+02
1.307742174609915153e+00 1.289167222139315641e+02
1.309299937772046896e+00 1.251419945220460050e+02
1.310857700934178638e+00 1.268608921706611312e+02
1.312415464096311268e+00 1.230516726746149061e+02
1.313973227258443011e+00 1.167227329334593406e+02
1.315530990420575641e+00 1.171121595408703229e+02
1.317088753582707383e+00 1.181793571387809010e+02
1.318646516744840014e+00 1.192703593686396459e+02
1.320204279906971756e+00 1.214722612570646589e+02
1.321762043069103498e+00 1.276476375315501031e+02
1.323319806231236129e+00 1.307386411513728603e+02
1.324877569393367871e+00 1.185242922635860054e+02
1.326435332555500501e+00 1.231652608231461272e+02
1.327993095717632244e+00 1.328184160373074292e+02
1.329550858879763986e+00 1.275349397351568967e+02
1.331108622041896616e+00 1.240285219866422040e+02
1.332666385204028359e+00 1.199204480625174654e+02
1.334224148366160989e+00 1.121293210053318319e+02
1.335781911528292731e+00 1.139951962527564291e+02
1.337339674690425362e+00 1.255004300415978236e+02
1.338897437852557104e+00 1.227581247391168802e+02
1.340455201014688846e+00 1.222006756379423109e+02
1.342012964176821477e+00 1.194390685542371813e+02
1.343570727338953219e+00 1.192050750906459484e+02
1.345128490501085849e+00 1.191939626798375826e+02
1.346686253663217592e+00 1.224267623490603967e+02
1.348244016825350222e+00 1.200749423905565436e+02
1.349801779987481964e+00 1.141729975961604993e+02
1.351359543149613707e+00 1.100876182218999446e+02
1.352917306311746337e+00 1.070624002741508889e+02
1.354475069473878079e+00 1.078659454659056678e+02
1.356032832636010710e+00 1.073765904584316928e+02
1.357590595798142452e+00 1.101630870869874457e+02
1.359148358960275083e+00 1.094228645649395730e+02
1.360706122122406825e+00 1.175234153373149155e+02
1.362263885284538567e+00 1.131439033224658033e+02
1.363821648446671198e+00 1.090702969117869685e+02
1.365379411608802940e+00 1.147138815636219675e+02
1.366937174770935570e+00 1.129232655463411845e+02
1.368494937933067312e+00 1.044582103745694326e+02
1.370052701095199943e+00 1.032186246163248313e+02
1.371610464257331685e+00 1.085472025042377027e+02
1.373168227419463427e+00 1.038964460711002573e+02
1.374725990581596058e+00 1.013102289311751179e+02
1.376283753743727800e+00 1.063545758700216339e+02
1.377841516905860431e+00 1.137919756612892996e+02
1.379399280067992173e+00 1.074329375297780729e+02
1.380957043230124803e+00 1.082601222500218512e+02
1.382514806392256546e+00 1.100192932503467631e+02
1.384072569554388288e+00 1.040714530364022323e+02
1.385630332716520918e+00 1.054621085050552267e+02
1.387188095878652661e+00 1.027402731342679800e+02
1.388745859040785291e+00 9.556668784588508458e+01
1.390303622202917033e+00 9.617733455901912976e+01
1.391861385365049664e+00 9.810642523075894417e+01
1.393419148527181406e+00 9.611961610128615519e+01
1.394976911689313148e+00 9.569623653421665210e+01
1.396534674851445779e+00 9.873655976575331294e+01
1.398092438013577521e+00 9.917051729562207640e+01
1.399650201175710151e+00 9.753376828941951260e+01
1.401207964337841894e+00 1.052193553621368949e+02
1.402765727499973636e+00 1.035326875739538792e+02
1.404323490662106266e+00 9.572629789682156343e+01
1.405881253824238009e+00 9.369544843808728274e+01
1.407439016986370639e+00 9.250820296865541081e+01
1.408996780148502381e+00 9.234531764786763119e+01
1.410554543310635012e+00 9.458788923300912188e+01
1.412112306472766754e+00 1.002559859779948681e+02
1.413670069634898496e+00 9.580099609936894467e+01
1.415227832797031127e+00 9.459678838139448942e+01
1.416785595959162869e+00 9.057884871778223612e+01
1.418343359121295499e+00 9.147761996239435689e+01
1.419901122283427242e+00 9.396603607484132681e+01
1.421458885445559872e+00 9.214776953632132006e+01
1.423016648607691614e+00 9.595217631910088585e+01
1.424574411769823357e+00 1.013944861753455342e+02
1.426132174931955987e+00 1.010723350292887801e+02
1.427689938094087729e+00 9.647803789010673370e+01
1.429247701256220360e+00 9.435032073925488305e+01
1.430805464418352102e+00 9.315538785245585984e+01
1.432363227580484732e+00 9.478767347117019426e+01
1.433920990742616475e+00 9.422895383667581370e+01
1.435478753904748217e+00 8.977652618899382730e+01
1.437036517066880847e+00 9.068227270720996103e+01
1.438594280229012590e+00 8.596679555488856295e+01
1.440152043391145220e+00 8.562044129225962763e+01
1.441709806553276962e+00 9.127303148540249822e+01
1.443267569715409593e+00 8.864196590929313402e+01
1.444825332877541335e+00 8.477336499767899625e+01
1.446383096039673077e+00 8.644695162005700695e+01
1.447940859201805708e+00 8.710545499847948747e+01
1.449498622363937450e+00 8.945968656851491119e+01
1.451056385526070081e+00 9.322165403130696859e+01
1.452614148688201823e+00 8.988891890431962395e+01
1.454171911850334453e+00 8.056607900850707438e+01
1.455729675012466195e+00 8.575846547258313990e+01
1.457287438174597938e+00 9.213360005306866185e+01
1.458845201336730568e+00 8.663398448471409097e+01
1.460402964498862310e+00 8.745466529339688577e+01
1.461960727660994941e+00 9.121155580168571930e+01
1.463518490823126683e+00 8.627135557402205279e+01
1.465076253985259314e+00 8.103444961166719906e+01
1.466634017147391056e+00 8.340747248759126364e+01
1.468191780309522798e+00 8.713995968075353460e+01
1.469749543471655429e+00 8.834237890003862503e+01
1.471307306633787171e+00 8.096802928361715601e+01
1.472865069795919801e+00 8.029748162423186386e+01
1.474422832958051544e+00 8.936609930468482332e+01
1.475980596120183286e+00 8.924512527525384087e+01
1.477538359282315916e+00 8.585286509092813390e+01
1.479096122444447658e+00 8.485570172493181929e+01
1.480653885606580289e+00 8.497643860179064745e+01
1.482211648768712031e+00 8.459707207190491829e+01
1.483769411930844662e+00 8.297852468137382687e+01
1.485327175092976404e+00 8.379844347363811607e+01
1.486884938255108146e+00 8.791316628636964481e+01
1.488442701417240777e+00 8.364478993601379386e+01
1.490000464579372519e+00 8.103551281138867068e+01
1.491558227741505149e+00 8.658709777128093776e+01
1.493115990903636892e+00 8.235765960591864143e+01
1.494673754065769522e+00 7.685889151369846672e+01
1.496231517227901264e+00 7.870112783798542466e+01
1.497789280390033007e+00 8.183104473161962744e+01
1.499347043552165637e+00 8.493084198450156919e+01
1.500904806714297379e+00 8.878955820940002752e+01
1.502462569876430010e+00 8.638327000040381165e+01
1.504020333038561752e+00 8.272777243721652951e+01
1.505578096200694382e+00 7.878399672443508450e+01
1.507135859362826125e+00 7.244816795436713619e+01
1.508693622524957867e+00 7.152286702507029759e+01
1.510251385687090497e+00 7.488202770391738738e+01
1.511809148849222240e+00 7.658643061521971163e+01
1.513366912011354870e+00 7.453965105990806705e+01
1.514924675173486612e+00 7.183117642925635948e+01
1.516482438335619243e+00 7.395174162169402621e+01
1.518040201497750985e+00 8.123258998630592487e+01
1.519597964659882727e+00 8.377015922695169081e+01
1.521155727822015358e+00 8.463008680977422671e+01
1.522713490984147100e+00 9.091155174039239739e+01
1.524271254146279730e+00 9.588851013750087304e+01
1.525829017308411473e+00 8.575906347285545905e+01
1.527386780470544103e+00 6.975556419253857143e+01
1.528944543632675845e+00 6.492734594338438114e+01
1.530502306794807588e+00 7.319046660077100341e+01
1.532060069956940218e+00 7.978575303481288472e+01
1.533617833119071960e+00 7.783515466665055271e+01
1.535175596281204591e+00 7.410675759349963698e+01
1.536733359443336333e+00 8.267975956007290961e+01
1.538291122605468964e+00 7.841564185104587636e+01
1.539848885767600706e+00 7.645076961923490444e+01
1.541406648929732448e+00 7.183361573306790149e+01
1.542964412091865078e+00 7.452770892882264775e+01
1.544522175253996821e+00 8.180473044630466006e+01
1.546079938416129451e+00 7.798373164932920076e+01
1.547637701578261193e+00 8.020529579067844850e+01
1.549195464740392936e+00 8.236728659134688257e+01
1.550753227902525566e+00 7.507720043526499865e+01
1.552310991064657308e+00 7.022996832710290960e+01
1.553868754226789939e+00 7.747548763851573028e+01
1.555426517388921681e+00 8.201325421922759062e+01
1.556984280551054312e+00 8.099439798038962124e+01
1.558542043713186054e+00 7.853880351840246021e+01
1.560099806875317796e+00 7.828346879833807748e+01
1.561657570037450427e+00 7.102804882804485942e+01
1.563215333199582169e+00 7.209732532800690308e+01
1.564773096361714799e+00 7.744048733180115107e+01
1.566330859523846541e+00 7.736415857570894161e+01
1.567888622685979172e+00 7.799168763967270479e+01
1.569446385848110914e+00 7.789758073238820657e+01
1.571004149010242656e+00 7.239160000221008318e+01
1.572561912172375287e+00 7.377092300271105785e+01
1.574119675334507029e+00 6.973786555726424297e+01
1.575677438496639660e+00 6.781954672447959354e+01
1.577235201658771402e+00 7.245063752216672981e+01
1.578792964820904032e+00 7.714300256134885103e+01
1.580350727983035775e+00 7.309042553263414277e+01
1.581908491145167517e+00 7.186533564749119307e+01
1.583466254307300147e+00 7.657633009784184708e+01
1.585024017469431890e+00 7.307196831758550104e+01
1.586581780631564520e+00 7.044109808388536464e+01
1.588139543793696262e+00 6.942118713724480017e+01
1.589697306955828893e+00 7.259022134146020733e+01
1.591255070117960635e+00 7.150512511342634525e+01
1.592812833280092377e+00 7.315232691300488455e+01
1.594370596442225008e+00 7.017275177601463554e+01
1.595928359604356750e+00 6.565671484995961293e+01
1.597486122766489380e+00 6.815379347105866259e+01
1.599043885928621123e+00 7.221403465354511297e+01
1.600601649090753753e+00 7.257028474750588032e+01
1.602159412252885495e+00 6.890443078249447240e+01
1.603717175415017238e+00 6.879440995102794432e+01
1.605274938577149868e+00 7.045286682417757618e+01
1.606832701739281610e+00 6.860010311747628009e+01
1.608390464901414241e+00 6.827723452066869925e+01
1.609948228063545983e+00 6.840640820325270965e+01
1.611505991225678613e+00 6.824811752104771756e+01
1.613063754387810356e+00 6.682443055329272852e+01
1.614621517549942098e+00 6.486034158584153886e+01
1.616179280712074728e+00 6.498560956410072720e+01
1.617737043874206471e+00 6.764989893600959192e+01
1.619294807036339101e+00 6.534277618609647220e+01
1.620852570198470843e+00 6.652183236927565702e+01
1.622410333360602586e+00 5.751989300823815654e+01
1.623968096522735216e+00 5.694937544682345276e+01
1.625525859684866958e+00 6.705290901540733728e+01
1.627083622846999589e+00 7.324207270834830297e+01
1.628641386009131331e+00 7.343952109880051182e+01
1.630199149171263961e+00 6.726747503475904466e+01
1.631756912333395704e+00 5.996561995370277742e+01
1.633314675495527446e+00 6.003774581864095694e+01
1.634872438657660076e+00 6.585492713793868802e+01
1.636430201819791819e+00 6.231951233285160896e+01
1.637987964981924449e+00 6.664136456942901532e+01
1.639545728144056191e+00 6.969234280760510103e+01
1.641103491306188822e+00 7.666198800472132291e+01
1.642661254468320564e+00 7.354154228590525122e+01
1.644219017630452306e+00 6.550706902450959035e+01
1.645776780792584937e+00 6.342257085825540486e+01
1.647334543954716679e+00 6.191439478665418505e+01
1.648892307116849310e+00 6.171769317654241860e+01
1.650450070278981052e+00 6.023064822775256744e+01
1.652007833441113682e+00 5.857385875450669488e+01
1.653565596603245424e+00 5.798414926239360057e+01
1.655123359765377167e+00 6.540231502523639051e+01
1.656681122927509797e+00 6.877478949269551833e+01
1.658238886089641539e+00 6.630354059069208006e+01
1.659796649251774170e+00 6.475696369852678913e+01
1.661354412413905912e+00 6.642385559005322193e+01
1.662912175576038543e+00 6.495001806924199172e+01
1.664469938738170285e+00 6.116503558969793630e+01
1.666027701900302027e+00 6.098311075637423784e+01
1.667585465062434658e+00 6.418699116633705160e+01
1.669143228224566400e+00 6.462008729976663801e+01
1.670700991386699030e+00 6.285571548905371486e+01
1.672258754548830773e+00 5.917494823478958921e+01
1.673816517710963403e+00 5.708966834932530077e+01
1.675374280873095145e+00 5.666408264470408085e+01
1.676932044035226888e+00 5.567612860034899569e+01
1.678489807197359518e+00 5.854596158685099994e+01
1.680047570359491260e+00 6.280739240879016450e+01
1.681605333521623891e+00 6.310845802570052854e+01
1.683163096683755633e+00 6.732020592714788165e+01
1.684720859845888263e+00 6.725887024262324587e+01
1.686278623008020006e+00 5.828750524372954089e+01
1.687836386170151748e+00 5.763001550342553969e+01
1.689394149332284378e+00 6.330847928526606694e+01
1.690951912494416121e+00 5.930669770026418064e+01
1.692509675656548751e+00 5.530404609946742056e+01
1.694067438818680493e+00 5.686092378922815982e+01
1.695625201980812236e+00 5.619020212769655842e+01
1.697182965142944866e+00 5.737498687845273082e+01
1.698740728305076608e+00 6.220122112744367371e+01
1.700298491467209239e+00 6.643968372645551312e+01
1.701856254629340981e+00 6.031914643646081231e+01
1.703414017791473611e+00 5.909463532087201543e+01
1.704971780953605354e+00 6.237765836092590632e+01
1.706529544115737096e+00 6.064761418313537433e+01
1.708087307277869726e+00 5.873007411489042084e+01
1.709645070440001469e+00 5.920791691440525284e+01
1.711202833602134099e+00 5.945136405050465811e+01
1.712760596764265841e+00 6.000798651201589706e+01
1.714318359926398472e+00 6.498270014963735264e+01
1.715876123088530214e+00 5.985701579447545129e+01
1.717433886250661956e+00 5.712523052120091904e+01
1.718991649412794587e+00 5.631914506546867472e+01
1.720549412574926329e+00 5.654756106052472120e+01
1.722107175737058959e+00 5.962379600325998297e+01
1.723664938899190702e+00 6.031542695481108041e+01
1.725222702061323332e+00 5.850548958821754297e+01
1.726780465223455074e+00 5.943817061231870014e+01
1.728338228385586817e+00 5.947204512123552433e+01
1.729895991547719447e+00 5.915685635125468167e+01
1.731453754709851189e+00 6.493109346724804709e+01
1.733011517871983820e+00 5.927595958029256451e+01
1.734569281034115562e+00 5.274469534719028729e+01
1.736127044196248193e+00 5.020316047176316232e+01
1.737684807358379935e+00 4.990184072404692728e+01
1.739242570520511677e+00 5.597458871426848503e+01
1.740800333682644307e+00 5.636714292951069893e+01
1.742358096844776050e+00 5.282296112488447193e+01
1.743915860006908680e+00 5.217400651964836555e+01
1.745473623169040422e+00 5.211277219259054760e+01
1.747031386331173053e+00 5.181851996192454379e+01
1.748589149493304795e+00 5.286162059565064197e+01
1.750146912655436537e+00 5.170100821569681671e+01
1.751704675817569168e+00 4.933320332344674597e+01
1.753262438979700910e+00 4.995625464365843271e+01
1.754820202141833541e+00 5.402087548711491394e+01
1.756377965303965283e+00 5.700202211177423806e+01
1.757935728466097913e+00 5.973284798107726346e+01
1.759493491628229656e+00 5.799648731080066000e+01
1.761051254790361398e+00 5.828523522438220539e+01
1.762609017952494028e+00 6.066743511487339902e+01
1.764166781114625770e+00 5.681407449689711342e+01
1.765724544276758401e+00 5.172513563078108945e+01
1.767282307438890143e+00 5.221254418379457718e+01
1.768840070601021885e+00 5.390075455006556382e+01
1.770397833763154516e+00 5.691429643083482404e+01
1.771955596925286258e+00 5.029301503629378800e+01
1.773513360087418889e+00 5.406307684282140258e+01
1.775071123249550631e+00 5.527027220616396619e+01
1.776628886411683261e+00 4.680979706767694637e+01
1.778186649573815004e+00 4.902023791828738553e+01
1.779744412735946746e+00 5.634447942012103994e+01
1.781302175898079376e+00 5.789624723687067132e+01
1.782859939060211119e+00 5.578685439877195051e+01
1.784417702222343749e+00 4.876471095150059654e+01
1.785975465384475491e+00 5.539555377236223421e+01
1.787533228546608122e+00 5.755653670704953129e+01
1.789090991708739864e+00 5.078076633584600330e+01
1.790648754870871606e+00 4.968361164474867309e+01
1.792206518033004237e+00 4.916688348622110283e+01
1.793764281195135979e+00 5.000880168703925932e+01
1.795322044357268609e+00 5.402197830635810760e+01
1.796879807519400352e+00 5.512905129532151705e+01
1.798437570681532982e+00 5.043270979385354025e+01
1.799995333843664724e+00 4.827984652707606728e+01
1.801553097005796467e+00 4.774240082715807176e+01
1.803110860167929097e+00 5.044331524366919695e+01
1.804668623330060839e+00 4.914472485597885765e+01
1.806226386492193470e+00 5.123363215630054412e+01
1.807784149654325212e+00 5.191365171510896914e+01
1.809341912816457842e+00 5.167345162761160537e+01
1.810899675978589585e+00 4.740335111191139106e+01
1.812457439140721327e+00 4.382536437261595808e+01
1.814015202302853957e+00 4.639551770864430580e+01
1.815572965464985700e+00 4.870608391922015556e+01
1.817130728627118330e+00 4.900922352996870757e+01
1.818688491789250072e+00 4.731183162935165143e+01
1.820246254951382703e+00 4.938308308282051229e+01
1.821804018113514445e+00 4.968273164793502872e+01
1.823361781275646187e+00 4.188491453495551298e+01
1.824919544437778818e+00 4.303045810541190974e+01
1.826477307599910560e+00 5.037040194122005943e+01
1.828035070762043190e+00 5.115875474357233088e+01
1.829592833924174933e+00 4.632266424374212477e+01
1.831150597086307563e+00 4.471670401052541877e+01
1.832708360248439305e+00 4.902383112895200412e+01
1.834266123410571048e+00 4.580104342068327838e+01
1.835823886572703678e+00 4.385225046690255368e+01
1.837381649734835420e+00 4.488592664358554174e+01
1.838939412896968051e+00 4.993420462607084431e+01
1.840497176059099793e+00 4.812445004577114815e+01
1.842054939221231535e+00 4.331715320794359769e+01
1.843612702383364166e+00 4.292488899536506608e+01
1.845170465545495908e+00 4.540276413310844106e+01
1.846728228707628539e+00 5.037890464124151180e+01
1.848285991869760281e+00 4.973348591121055051e+01
1.849843755031892911e+00 4.610989588989833976e+01
1.851401518194024653e+00 4.131485616562644481e+01
1.852959281356156396e+00 4.789300680008054201e+01
1.854517044518289026e+00 4.552383919879321184e+01
1.856074807680420768e+00 3.979550696889662476e+01
1.857632570842553399e+00 4.365736325803285212e+01
1.859190334004685141e+00 4.739989467830172032e+01
1.860748097166817772e+00 4.480343834430370009e+01
1.862305860328949514e+00 3.946133483817997956e+01
1.863863623491081256e+00 4.156988219310593990e+01
1.865421386653213887e+00 4.493454051123809023e+01
1.866979149815345629e+00 4.252915065975995645e+01
1.868536912977478259e+00 4.443939375143418147e+01
1.870094676139610002e+00 4.751273012726203149e+01
1.871652439301742632e+00 4.013126648875183378e+01
1.873210202463874374e+00 4.139607906119000091e+01
1.874767965626006117e+00 4.856659038882668966e+01
1.876325728788138747e+00 5.186624657516310322e+01
1.877883491950270489e+00 5.092632003491856807e+01
1.879441255112403120e+00 4.710203481770494705e+01
1.880999018274534862e+00 4.539441346184487003e+01
1.882556781436667492e+00 4.447717322971448084e+01
1.884114544598799235e+00 4.113822856210962442e+01
1.885672307760930977e+00 4.208135222878712511e+01
1.887230070923063607e+00 4.875659236069267877e+01
1.888787834085195350e+00 4.360894012382525631e+01
1.890345597247327980e+00 4.124978987343337167e+01
1.891903360409459722e+00 4.325128708374373332e+01
1.893461123571592353e+00 4.447690596879517955e+01
1.895018886733724095e+00 4.708860311134557719e+01
1.896576649895855837e+00 4.201753664544087030e+01
1.898134413057988468e+00 3.916622565789590027e+01
1.899692176220120210e+00 4.150381244702936101e+01
1.901249939382252840e+00 4.515586039624529491e+01
1.902807702544384583e+00 4.525207120381167414e+01
1.904365465706517213e+00 4.419750320895155937e+01
1.905923228868648955e+00 4.513246974110535348e+01
1.907480992030780698e+00 4.514578419505840401e+01
1.909038755192913328e+00 4.448521432139229859e+01
1.910596518355045070e+00 4.105891129033189202e+01
1.912154281517177701e+00 3.890401237295082382e+01
1.913712044679309443e+00 4.174922624063209042e+01
1.915269807841441185e+00 4.322644867222780363e+01
1.916827571003573816e+00 4.506843863435943831e+01
1.918385334165705558e+00 4.113278179061725126e+01
1.919943097327838188e+00 3.997505543766768454e+01
1.921500860489969931e+00 4.122486942673668153e+01
1.923058623652102561e+00 3.973968001732219335e+01
1.924616386814234303e+00 3.906038751081705129e+01
1.926174149976366046e+00 3.876565746979610338e+01
1.927731913138498676e+00 3.723956045886147592e+01
1.929289676300630418e+00 3.692761007523513683e+01
1.930847439462763049e+00 3.901246384544059254e+01
1.932405202624894791e+00 4.510971651891728840e+01
1.933962965787027422e+00 3.945763268781982447e+01
1.935520728949159164e+00 3.785731998489436023e+01
1.937078492111290906e+00 4.892723068383197926e+01
1.938636255273423536e+00 4.346046968452186121e+01
1.940194018435555279e+00 4.451855694264028074e+01
1.941751781597687909e+00 4.785120998895138911e+01
1.943309544759819651e+00 3.971500999461500925e+01
1.944867307921952282e+00 3.563128718651949356e+01
1.946425071084084024e+00 3.692426413277460284e+01
1.947982834246215766e+00 3.950099093810550244e+01
1.949540597408348397e+00 4.384371631945210623e+01
1.951098360570480139e+00 4.155657080553223892e+01
1.952656123732612770e+00 3.849626647602649143e+01
1.954213886894744512e+00 4.159279513018051233e+01
1.955771650056877142e+00 4.290401850564661146e+01
1.957329413219008885e+00 4.029858941124663119e+01
1.958887176381140627e+00 3.875734625831218239e+01
1.960444939543273257e+00 3.926326490065117980e+01
1.962002702705405000e+00 3.806491298435836512e+01
1.963560465867537630e+00 3.685576686739282337e+01
1.965118229029669372e+00 3.775227466136502130e+01
1.966675992191802003e+00 3.777527220404877539e+01
1.968233755353933745e+00 4.284719941177209535e+01
1.969791518516065487e+00 4.182624735895369383e+01
1.971349281678198118e+00 3.975730252986218005e+01
1.972907044840329860e+00 4.010172510189044459e+01
1.974464808002462490e+00 4.162095994594920967e+01
1.976022571164594233e+00 3.813888839515826135e+01
1.977580334326726863e+00 3.667023616831063748e+01
1.979138097488858605e+00 4.026234416192991716e+01
1.980695860650990348e+00 3.929212239498822612e+01
1.982253623813122978e+00 3.738046880508188252e+01
1.983811386975254720e+00 3.683055355911361772e+01
1.985369150137387351e+00 3.743056478821350908e+01
1.986926913299519093e+00 4.014895239220713563e+01
1.988484676461650835e+00 3.911247722790354686e+01
1.990042439623783466e+00 3.584735897748874578e+01
1.991600202785915208e+00 3.650913321908472398e+01
1.993157965948047838e+00 4.107883596003230764e+01
1.994715729110179581e+00 4.081831815942059194e+01
1.996273492272312211e+00 3.688562259792243481e+01
1.997831255434443953e+00 3.636427243420661171e+01
1.999389018596575696e+00 3.676934202062107460e+01
2.000946781758708326e+00 3.425818200823086102e+01
2.002504544920840068e+00 3.582005185723057394e+01
2.004062308082972699e+00 3.668110976033246118e+01
2.005620071245104441e+00 3.633503325597956035e+01
2.007177834407237071e+00 3.687695527299380416e+01
2.008735597569368814e+00 3.711562489254756514e+01
2.010293360731500556e+00 3.850448205143040781e+01
2.011851123893633186e+00 3.820588109277515798e+01
2.013408887055764929e+00 3.583174279315221611e+01
2.014966650217897559e+00 3.648916971494430328e+01
2.016524413380029301e+00 3.541553114480861097e+01
2.018082176542161932e+00 2.904550351283256049e+01
2.019639939704293674e+00 3.280845562620697820e+01
2.021197702866425416e+00 3.617926878267662261e+01
2.022755466028558047e+00 3.521630022807708826e+01
2.024313229190689789e+00 3.647764620889930143e+01
2.025870992352822419e+00 3.478390694109633330e+01
2.027428755514954162e+00 3.534451414149657467e+01
2.028986518677086792e+00 3.564247447019420179e+01
2.030544281839218534e+00 3.009962346452144999e+01
2.032102045001350277e+00 2.776087526505228098e+01
2.033659808163482907e+00 3.486699113411805229e+01
2.035217571325614649e+00 3.250369065486167131e+01
2.036775334487747280e+00 2.955501056984978803e+01
2.038333097649879022e+00 3.344824389907638817e+01
2.039890860812011653e+00 3.760747967428501681e+01
2.041448623974143395e+00 4.248570218237780693e+01
2.043006387136275137e+00 3.927832670109555835e+01
2.044564150298407768e+00 3.650654009802888567e+01
2.046121913460539510e+00 3.589839265025384663e+01
2.047679676622672140e+00 3.490199887192228800e+01
2.049237439784803883e+00 3.483075726660637628e+01
2.050795202946936513e+00 3.588640872228103973e+01
2.052352966109068255e+00 4.068089488941969734e+01
2.053910729271199997e+00 4.475093816794952062e+01
2.055468492433332628e+00 3.700216926444240784e+01
2.057026255595464370e+00 2.812063413124901956e+01
2.058584018757597001e+00 3.141419796035740220e+01
2.060141781919728743e+00 3.319923840231985679e+01
2.061699545081860485e+00 3.550189196783905743e+01
2.063257308243993116e+00 3.414898694749073371e+01
2.064815071406124858e+00 2.857866465801290090e+01
2.066372834568257488e+00 2.802683039590268876e+01
2.067930597730389231e+00 2.931364531255089645e+01
2.069488360892521861e+00 3.088897321909809079e+01
2.071046124054653603e+00 3.458131491162751558e+01
2.072603887216785346e+00 3.681156715999765083e+01
2.074161650378917976e+00 3.690350126496051075e+01
2.075719413541049718e+00 3.639120616662209073e+01
2.077277176703182349e+00 3.406544735747569064e+01
2.078834939865314091e+00 3.323418397203931818e+01
2.080392703027446721e+00 3.286514870517567743e+01
2.081950466189578464e+00 3.239807231096678208e+01
2.083508229351710206e+00 3.320895900471661122e+01
2.085065992513842836e+00 3.221607307338967985e+01
2.086623755675974579e+00 3.151189633960109404e+01
2.088181518838107209e+00 3.244742936563181956e+01
2.089739282000238951e+00 3.182238618740152702e+01
2.091297045162371582e+00 3.504837475296843508e+01
2.092854808324503324e+00 3.235376017662785841e+01
2.094412571486635066e+00 3.582189938349350200e+01
2.095970334648767697e+00 3.866133590653874563e+01
2.097528097810899439e+00 3.718176343807381556e+01
2.099085860973032069e+00 3.468137860807517114e+01
2.100643624135163812e+00 3.070792503585525068e+01
2.102201387297296442e+00 2.791742889572821085e+01
2.103759150459428184e+00 2.914723337362578448e+01
2.105316913621559927e+00 3.377341908331193565e+01
2.106874676783692557e+00 3.269654107414539368e+01
2.108432439945824299e+00 2.853972310090334474e+01
2.109990203107956930e+00 3.066674707656186172e+01
2.111547966270088672e+00 2.683281283196658507e+01
2.113105729432221302e+00 2.725315982889648581e+01
2.114663492594353045e+00 2.849971778507536868e+01
2.116221255756484787e+00 3.008171679984622671e+01
2.117779018918617417e+00 3.291723135272099654e+01
2.119336782080749160e+00 3.098879361366976681e+01
2.120894545242881790e+00 3.072126254618807195e+01
2.122452308405013532e+00 3.263829914048196201e+01
2.124010071567146163e+00 3.119006383398421534e+01
2.125567834729277905e+00 2.983876676791274463e+01
2.127125597891409647e+00 3.358269131620666315e+01
2.128683361053542278e+00 3.450704894733502215e+01
2.130241124215674020e+00 3.166325806059654013e+01
2.131798887377806651e+00 2.795686310750152970e+01
2.133356650539938393e+00 2.964083605330529636e+01
2.134914413702070135e+00 3.255040438623139920e+01
2.136472176864202766e+00 3.073351849258898838e+01
2.138029940026334508e+00 2.796623008225390450e+01
2.139587703188467138e+00 3.213745767332865455e+01
2.141145466350598880e+00 3.519056369015628860e+01
2.142703229512731511e+00 3.243634306184322469e+01
2.144260992674863253e+00 3.010917072673176165e+01
2.145818755836994995e+00 2.714858006264707768e+01
2.147376518999127626e+00 2.642470354191438986e+01
2.148934282161259368e+00 3.165533528855048218e+01
2.150492045323391999e+00 2.851663100614772617e+01
2.152049808485523741e+00 3.027714034787252828e+01
2.153607571647656371e+00 3.310344658474349444e+01
2.155165334809788114e+00 3.023747999162132416e+01
2.156723097971919856e+00 2.821577430235986483e+01
2.158280861134052486e+00 2.906687686608334786e+01
2.159838624296184229e+00 3.124915003655756962e+01
2.161396387458316859e+00 3.128660795741433631e+01
2.162954150620448601e+00 2.935658296535527612e+01
2.164511913782581232e+00 2.693935874817349330e+01
2.166069676944712974e+00 3.220843692605360076e+01
2.167627440106844716e+00 3.210216979362408551e+01
2.169185203268977347e+00 2.825619207819870837e+01
2.170742966431109089e+00 2.876135809777338892e+01
2.172300729593241719e+00 2.691219577657800244e+01
2.173858492755373462e+00 2.491133150528873585e+01
2.175416255917506092e+00 2.549922231489778923e+01
2.176974019079637834e+00 2.582150279913938462e+01
2.178531782241769577e+00 2.620853728734438093e+01
2.180089545403902207e+00 2.827122526836032534e+01
2.181647308566033949e+00 3.118358432789809598e+01
2.183205071728166580e+00 2.846198887705750380e+01
2.184762834890298322e+00 2.822234988095388886e+01
2.186320598052430952e+00 3.368096042046821736e+01
2.187878361214562695e+00 3.116383477870398622e+01
2.189436124376694437e+00 2.333568727454671787e+01
2.190993887538827067e+00 2.328432613267478501e+01
2.192551650700958810e+00 2.607071019535293743e+01
2.194109413863091440e+00 2.730948926135296517e+01
2.195667177025223182e+00 2.830046240677745928e+01
2.197224940187355813e+00 2.902253241472348932e+01
2.198782703349487555e+00 2.988577045566672652e+01
2.200340466511619297e+00 2.635159811792052409e+01
2.201898229673751928e+00 2.466725579618086073e+01
2.203455992835883670e+00 2.760344510032480514e+01
2.205013755998016300e+00 2.501866812731932299e+01
2.206571519160148043e+00 2.758908217335715207e+01
2.208129282322279785e+00 3.547343206117322012e+01
2.209687045484412415e+00 3.347121624286493358e+01
2.211244808646544158e+00 2.581887459028840937e+01
2.212802571808676788e+00 2.359675415383676267e+01
2.214360334970808530e+00 2.708275992486166572e+01
2.215918098132941161e+00 2.943109689776232685e+01
2.217475861295072903e+00 2.926211600635278742e+01
2.219033624457204645e+00 3.025030576161633178e+01
2.220591387619337276e+00 2.966880679586719793e+01
2.222149150781469018e+00 3.176690899305213733e+01
2.223706913943601648e+00 3.089558045288021759e+01
2.225264677105733391e+00 2.574415108536318186e+01
2.226822440267866021e+00 2.352881595734111997e+01
2.228380203429997763e+00 2.778803939321135985e+01
2.229937966592129506e+00 3.235670883477613557e+01
2.231495729754262136e+00 2.758798627317368002e+01
2.233053492916393878e+00 2.346526426136289345e+01
2.234611256078526509e+00 2.716333093910112595e+01
2.236169019240658251e+00 3.200032481406719143e+01
2.237726782402790882e+00 3.413392900503128402e+01
2.239284545564922624e+00 2.999772429649732786e+01
2.240842308727054366e+00 2.985024972746331429e+01
2.242400071889186997e+00 2.804387963867933564e+01
2.243957835051318739e+00 2.553997810508705157e+01
2.245515598213451369e+00 2.516051211828061085e+01
2.247073361375583112e+00 2.444115060934726102e+01
2.248631124537715742e+00 2.153350168890152716e+01
2.250188887699847484e+00 2.399582908337897891e+01
2.251746650861979226e+00 2.917785498475943484e+01
2.253304414024111857e+00 3.022664483448941652e+01
2.254862177186243599e+00 2.810243855540030466e+01
2.256419940348376230e+00 2.342263233232318953e+01
2.257977703510507972e+00 2.200499168133944039e+01
2.259535466672640602e+00 2.874072850100186471e+01
2.261093229834772345e+00 2.891747549724867028e+01
2.262650992996904087e+00 2.630952155867773001e+01
2.264208756159036717e+00 2.316638258994324673e+01
2.265766519321168460e+00 2.855466491711333532e+01
2.267324282483301090e+00 3.100023749040611420e+01
2.268882045645432832e+00 2.770201146025678085e+01
2.270439808807565463e+00 2.827438893931752872e+01
2.271997571969697205e+00 2.805401383898845680e+01
2.273555335131828947e+00 2.472675498128362293e+01
2.275113098293961578e+00 2.228206823801274439e+01
2.276670861456093320e+00 2.592235233281596152e+01
2.278228624618225950e+00 2.687403062379760499e+01
2.279786387780357693e+00 2.340274660388965344e+01
2.281344150942489435e+00 2.942925655539241703e+01
2.282901914104622065e+00 2.871200743291111834e+01
2.284459677266753808e+00 2.604410632908049195e+01
2.286017440428886438e+00 2.685739260396880823e+01
2.287575203591018180e+00 2.537624550535559820e+01
2.289132966753150811e+00 2.598872430141572920e+01
2.290690729915282553e+00 2.725696809882552429e+01
2.292248493077414295e+00 2.605725353670959521e+01
2.293806256239546926e+00 2.509961796771784392e+01
2.295364019401678668e+00 2.424284090631022792e+01
2.296921782563811298e+00 2.608445299666551165e+01
2.298479545725943041e+00 2.759096453473397403e+01
2.300037308888075671e+00 2.725011966535085861e+01
2.301595072050207413e+00 2.457559008114517596e+01
2.303152835212339156e+00 2.356500648929610620e+01
2.304710598374471786e+00 2.810774229758503040e+01
2.306268361536603528e+00 2.722233185069976713e+01
2.307826124698736159e+00 2.649308582390596101e+01
2.309383887860867901e+00 2.828657297615053423e+01
2.310941651023000531e+00 2.489129176781485242e+01
2.312499414185132274e+00 2.155744142271940689e+01
2.314057177347264016e+00 2.366452691907657524e+01
2.315614940509396646e+00 2.462770681594463440e+01
2.317172703671528389e+00 2.394325662848374847e+01
2.318730466833661019e+00 2.388523925652953039e+01
2.320288229995792761e+00 2.392520626997903221e+01
2.321845993157925392e+00 2.149406779409041945e+01
2.323403756320057134e+00 2.314768762698412985e+01
2.324961519482188876e+00 2.224540312868412784e+01
2.326519282644321507e+00 2.337664988759243556e+01
2.328077045806453249e+00 2.611793863277211614e+01
2.329634808968585880e+00 2.538597696206898746e+01
2.331192572130717622e+00 2.500701241919939477e+01
2.332750335292850252e+00 2.343531655126889390e+01
2.334308098454981995e+00 2.302319009064076738e+01
2.335865861617113737e+00 2.741169401261782568e+01
2.337423624779246367e+00 2.352334482175296770e+01
2.338981387941378109e+00 2.152347181346086913e+01
2.340539151103510740e+00 2.613438286059161086e+01
2.342096914265642482e+00 2.526082891849413059e+01
2.343654677427775113e+00 2.210348193168809061e+01
2.345212440589906855e+00 2.294205020245425430e+01
2.346770203752038597e+00 2.328960039706314689e+01
2.348327966914171228e+00 2.164313412110806212e+01
2.349885730076302970e+00 2.278155306258025448e+01
2.351443493238435600e+00 2.339956321946915807e+01
2.353001256400567343e+00 2.396248639198222818e+01
2.354559019562699085e+00 2.680038811889336259e+01
2.356116782724831715e+00 2.492373552100827183e+01
2.357674545886963458e+00 2.338572984339750960e+01
2.359232309049096088e+00 2.753568045394011676e+01
2.360790072211227830e+00 2.479375029969433797e+01
2.362347835373360461e+00 2.276329712620885815e+01
2.363905598535492203e+00 2.306687260514120297e+01
2.365463361697623945e+00 2.151100348503004867e+01
2.367021124859756576e+00 2.350554451397474409e+01
2.368578888021888318e+00 2.622264420949622732e+01
2.370136651184020948e+00 2.619980527971985040e+01
2.371694414346152691e+00 2.182396954455330373e+01
2.373252177508285321e+00 1.856318408166788103e+01
2.374809940670417063e+00 2.255622044088536526e+01
2.376367703832548806e+00 2.662396237704456681e+01
2.377925466994681436e+00 2.715311780980951539e+01
2.379483230156813178e+00 2.212445460940944741e+01
2.381040993318945809e+00 2.214383858083120771e+01
2.382598756481077551e+00 2.830963743214889661e+01
2.384156519643210181e+00 2.821385984052138696e+01
2.385714282805341924e+00 2.645816597625544730e+01
2.387272045967473666e+00 2.690620179223175157e+01
2.388829809129606296e+00 2.412553434115518769e+01
2.390387572291738039e+00 2.210246752231556755e+01
2.391945335453870669e+00 2.527387368765012354e+01
2.393503098616002411e+00 2.803021846565481923e+01
2.395060861778135042e+00 2.788484531026358937e+01
2.396618624940266784e+00 2.468413439827915212e+01
2.398176388102398526e+00 1.743247540317664956e+01
2.399734151264531157e+00 2.352070702770800281e+01
2.401291914426662899e+00 2.341695721792267548e+01
2.402849677588795529e+00 2.502326984611540084e+01
2.404407440750927272e+00 2.521187253051879296e+01
2.405965203913059902e+00 2.225468789926587831e+01
2.407522967075191644e+00 2.296296377748194928e+01
2.409080730237323387e+00 2.336211367017494567e+01
2.410638493399456017e+00 2.494510310211505200e+01
2.412196256561587759e+00 2.567274362343207983e+01
2.413754019723720390e+00 2.132330187005170785e+01
2.415311782885852132e+00 2.175492862939071159e+01
2.416869546047984763e+00 1.988621852159898751e+01
2.418427309210116505e+00 1.972075693438855382e+01
2.419985072372248247e+00 2.089561459651764608e+01
2.421542835534380878e+00 1.966554647249974508e+01
2.423100598696512620e+00 2.274233293963122193e+01
2.424658361858645250e+00 2.616947884203421637e+01
2.426216125020776992e+00 2.721703266314732161e+01
2.427773888182908735e+00 2.400421183065031272e+01
2.429331651345041365e+00 2.268836199275417442e+01
2.430889414507173107e+00 2.689802112648883536e+01
2.432447177669305738e+00 2.575277591448834258e+01
2.434004940831437480e+00 2.403950007182102766e+01
2.435562703993570111e+00 2.247007137604557414e+01
2.437120467155701853e+00 2.353107017921173494e+01
2.438678230317833595e+00 2.331857543076657535e+01
2.440235993479966226e+00 2.557116778366759746e+01
2.441793756642097968e+00 2.350721856080402361e+01
2.443351519804230598e+00 2.328883799305372548e+01
2.444909282966362341e+00 2.496202362791790108e+01
2.446467046128494971e+00 2.376528931583570170e+01
2.448024809290626713e+00 2.365561622807023667e+01
2.449582572452758455e+00 2.381121626217816711e+01
2.451140335614891086e+00 2.292203033594701367e+01
2.452698098777022828e+00 2.249550406394308766e+01
2.454255861939155459e+00 2.234219102973527171e+01
2.455813625101287201e+00 2.166333721556852154e+01
2.457371388263419831e+00 2.361193126888735705e+01
2.458929151425551574e+00 2.635889399691281909e+01
2.460486914587683316e+00 2.092244839454381022e+01
2.462044677749815946e+00 2.049410755185852295e+01
2.463602440911947689e+00 2.176186789737686311e+01
2.465160204074080319e+00 2.109015102127195007e+01
2.466717967236212061e+00 2.158652832846787106e+01
2.468275730398344692e+00 2.057073583482290502e+01
2.469833493560476434e+00 2.080340425281341865e+01
2.471391256722608176e+00 2.001816068641057100e+01
2.472949019884740807e+00 1.946732202578533943e+01
2.474506783046872549e+00 2.115303275527080373e+01
2.476064546209005179e+00 2.031281417050557181e+01
2.477622309371136922e+00 2.399124605880147243e+01
2.479180072533269552e+00 2.487277535417246455e+01
2.480737835695401294e+00 2.139015172460793579e+01
2.482295598857533037e+00 2.144951029369309481e+01
2.483853362019665667e+00 2.421846922392957779e+01
2.485411125181797409e+00 2.616253278802206239e+01
2.486968888343930040e+00 2.528258995268621234e+01
2.488526651506061782e+00 2.433585795947835706e+01
2.490084414668194412e+00 2.652793718016216573e+01
2.491642177830326155e+00 3.074009498689278885e+01
2.493199940992457897e+00 2.118482845291259409e+01
2.494757704154590527e+00 2.136649405195150919e+01
2.496315467316722270e+00 2.433692885979465359e+01
2.497873230478854900e+00 1.745363116961808103e+01
2.499430993640986642e+00 1.502140839895272428e+01
2.500988756803118385e+00 1.888636341911724159e+01
2.502546519965251015e+00 1.915871086831510439e+01
2.504104283127382757e+00 1.640469397883817848e+01
2.505662046289515388e+00 1.705328048379041661e+01
2.507219809451647130e+00 1.784690736960324031e+01
2.508777572613779761e+00 1.855017034402956000e+01
2.510335335775911503e+00 2.189195131419480944e+01
2.511893098938043245e+00 2.023971502542489631e+01
2.513450862100175875e+00 2.035090320664017582e+01
2.515008625262307618e+00 2.043660354352413222e+01
2.516566388424440248e+00 2.139664110736644886e+01
2.518124151586571990e+00 2.539561118371859649e+01
2.519681914748704621e+00 2.569718373351593499e+01
2.521239677910836363e+00 2.153297419849323546e+01
2.522797441072968105e+00 2.118214373613376722e+01
2.524355204235100736e+00 2.383969412540817601e+01
2.525912967397232478e+00 2.391761763627887305e+01
2.527470730559365109e+00 2.047304938426537646e+01
2.529028493721496851e+00 1.925538285392509152e+01
2.530586256883629481e+00 2.240815444231680331e+01
2.532144020045761224e+00 2.197902266687328776e+01
2.533701783207892966e+00 2.101335531623845654e+01
2.535259546370025596e+00 2.214578122219494460e+01
2.536817309532157338e+00 1.901455633797518985e+01
2.538375072694289969e+00 1.859272618154409074e+01
2.539932835856421711e+00 2.374719531732174005e+01
2.541490599018554342e+00 2.287403547211057031e+01
2.543048362180686084e+00 2.077457679218822761e+01
2.544606125342817826e+00 2.028735774862893848e+01
2.546163888504950457e+00 1.761764082795755115e+01
2.547721651667082199e+00 1.845554590958372287e+01
2.549279414829214829e+00 2.106767974360167273e+01
2.550837177991346572e+00 1.837586170933180441e+01
2.552394941153479202e+00 1.873004418308592278e+01
2.553952704315610944e+00 1.911266566212090723e+01
2.555510467477742687e+00 2.661139702339616875e+01
2.557068230639875317e+00 2.720759671102180732e+01
2.558625993802007059e+00 1.989851257302009913e+01
2.560183756964139690e+00 1.755513714132549552e+01
2.561741520126271432e+00 1.621990099529777396e+01
2.563299283288404062e+00 1.662563135436457173e+01
2.564857046450535805e+00 1.958077769704196314e+01
2.566414809612667547e+00 2.289661579852971229e+01
2.567972572774800177e+00 2.416978238926285627e+01
2.569530335936931920e+00 2.142864072603099501e+01
2.571088099099064550e+00 2.064807929787054519e+01
2.572645862261196292e+00 2.148797680621386164e+01
2.574203625423328035e+00 2.113434107586551747e+01
2.575761388585460665e+00 1.974360685674156457e+01
2.577319151747592407e+00 2.062558167402039899e+01
2.578876914909725038e+00 2.085447734410639598e+01
2.580434678071856780e+00 2.248272501806599522e+01
2.581992441233989410e+00 2.158247773518635881e+01
2.583550204396121153e+00 2.051291391286276422e+01
2.585107967558252895e+00 2.325678136465483803e+01
2.586665730720385525e+00 2.327465665747109469e+01
2.588223493882517268e+00 2.139670144947806918e+01
2.589781257044649898e+00 1.849815111107006516e+01
2.591339020206781640e+00 1.950287147358732653e+01
2.592896783368914271e+00 2.242004910693108855e+01
2.594454546531046013e+00 1.838336869213998170e+01
2.596012309693177755e+00 1.965519408521087641e+01
2.597570072855310386e+00 1.959843993482542146e+01
2.599127836017442128e+00 1.933922531533513123e+01
2.600685599179574758e+00 2.224818904510617301e+01
2.602243362341706501e+00 2.269542736399933247e+01
2.603801125503839131e+00 2.185451569746852130e+01
2.605358888665970873e+00 1.961912411112746923e+01
2.606916651828102616e+00 1.847804263110733913e+01
2.608474414990235246e+00 1.722188953870186978e+01
2.610032178152366988e+00 1.887541567110649510e+01
2.611589941314499619e+00 2.004858137104280047e+01
2.613147704476631361e+00 1.682254852950404711e+01
2.614705467638763992e+00 1.593944741213420890e+01
2.616263230800895734e+00 1.846288902657808961e+01
2.617820993963027476e+00 1.618526208871859140e+01
2.619378757125160107e+00 1.622044512654105830e+01
2.620936520287291849e+00 2.061829509955997608e+01
2.622494283449424479e+00 2.085340649105037869e+01
2.624052046611556221e+00 2.049596448383243441e+01
2.625609809773688852e+00 2.224919775681602374e+01
2.627167572935820594e+00 2.191858996017671402e+01
2.628725336097952336e+00 1.963336964511236005e+01
2.630283099260084967e+00 1.804788982642246609e+01
2.631840862422216709e+00 2.203276975530489068e+01
2.633398625584349340e+00 2.252996798177549920e+01
2.634956388746481082e+00 1.872617236506847505e+01
2.636514151908613712e+00 1.802373691180779502e+01
2.638071915070745455e+00 1.809804697558872988e+01
2.639629678232877197e+00 1.943136894669543224e+01
2.641187441395009827e+00 2.092174011492552310e+01
2.642745204557141570e+00 2.080937626049554723e+01
2.644302967719274200e+00 2.374653632395625991e+01
2.645860730881405942e+00 2.218141828232412394e+01
2.647418494043537684e+00 1.845094211879458257e+01
2.648976257205670315e+00 1.962838414270792242e+01
2.650534020367802057e+00 2.092478635050996871e+01
2.652091783529934688e+00 1.755415411543244275e+01
2.653649546692066430e+00 1.937865062610023159e+01
2.655207309854199060e+00 2.156337024513207723e+01
2.656765073016330803e+00 2.313538847989459057e+01
2.658322836178462545e+00 2.168492077869872858e+01
2.659880599340595175e+00 1.654140352513918089e+01
2.661438362502726918e+00 1.763618931232429787e+01
2.662996125664859548e+00 1.906933426583375280e+01
2.664553888826991290e+00 2.106945547359843829e+01
2.666111651989123921e+00 2.056357404889966745e+01
2.667669415151255663e+00 1.619090605371944847e+01
2.669227178313387405e+00 1.483612242513386370e+01
2.670784941475520036e+00 1.486232637704900839e+01
2.672342704637651778e+00 1.775655215860266978e+01
2.673900467799784408e+00 1.807044851207524871e+01
2.675458230961916151e+00 1.745561041893885701e+01
2.677015994124048781e+00 2.038525840228631480e+01
2.678573757286180523e+00 2.196006830218161099e+01
2.680131520448312266e+00 2.152391497858179292e+01
2.681689283610444896e+00 2.174744645290689249e+01
2.683247046772576638e+00 2.183194310606459965e+01
2.684804809934709269e+00 2.504905983743438114e+01
2.686362573096841011e+00 2.378911455426767674e+01
2.687920336258973641e+00 1.799214405796904614e+01
2.689478099421105384e+00 1.515863571086522654e+01
2.691035862583237126e+00 1.627913785208665232e+01
2.692593625745369756e+00 1.888043844127485471e+01
2.694151388907501499e+00 1.991156868811356162e+01
2.695709152069634129e+00 2.166093416544635986e+01
2.697266915231765871e+00 2.111700590435090774e+01
2.698824678393898502e+00 1.841431920296294678e+01
2.700382441556030244e+00 1.927601877892245597e+01
2.701940204718161986e+00 2.129510993351400217e+01
2.703497967880294617e+00 2.122021094746350300e+01
2.705055731042426359e+00 1.981035374012666850e+01
2.706613494204558990e+00 1.491142241407585090e+01
2.708171257366690732e+00 1.689091820694378754e+01
2.709729020528823362e+00 1.947171871275213206e+01
2.711286783690955104e+00 1.925361841406799712e+01
2.712844546853086847e+00 2.266574894229526294e+01
2.714402310015219477e+00 2.422597443178518972e+01
2.715960073177351219e+00 2.185451841860528432e+01
2.717517836339483850e+00 1.998873429752801911e+01
2.719075599501615592e+00 1.864982143601631748e+01
2.720633362663747334e+00 1.812450304576178439e+01
2.722191125825879965e+00 1.837878972239240483e+01
2.723748888988011707e+00 2.157331677234920164e+01
2.725306652150144338e+00 1.757578272640711603e+01
2.726864415312276080e+00 1.542762391697230129e+01
2.728422178474408710e+00 1.848532376011074518e+01
2.729979941636540453e+00 1.919216847693826367e+01
2.731537704798672195e+00 1.903966672332234467e+01
2.733095467960804825e+00 1.843047201274070090e+01
2.734653231122936567e+00 1.810862448926000212e+01
2.736210994285069198e+00 1.987157434159550107e+01
2.737768757447200940e+00 2.117469415893577533e+01
2.739326520609333571e+00 1.968317084845555698e+01
2.740884283771465313e+00 2.094264447338092694e+01
2.742442046933597055e+00 1.960723880055807911e+01
2.743999810095729686e+00 1.928351172823387216e+01
2.745557573257861428e+00 1.677439103723994407e+01
2.747115336419994058e+00 1.697777935085211709e+01
2.748673099582125801e+00 1.988474703233399410e+01
2.750230862744258431e+00 1.905846345871957226e+01
2.751788625906390173e+00 1.675453324490879936e+01
2.753346389068521916e+00 1.776483179933312684e+01
2.754904152230654546e+00 2.033689505343597403e+01
2.756461915392786288e+00 2.053816510037152554e+01
2.758019678554918919e+00 2.000380442626194721e+01
2.759577441717050661e+00 1.945888917718822242e+01
2.761135204879183291e+00 1.912466472869325074e+01
2.762692968041315034e+00 2.096539009384530061e+01
2.764250731203446776e+00 1.948452798219206272e+01
2.765808494365579406e+00 1.615968548005643868e+01
2.767366257527711149e+00 1.698733236790441481e+01
2.768924020689843779e+00 1.811652757426275073e+01
2.770481783851975521e+00 1.815948260741936338e+01
2.772039547014108152e+00 1.956652333257586562e+01
2.773597310176239894e+00 1.697455723240689096e+01
2.775155073338371636e+00 1.796281407870458935e+01
2.776712836500504267e+00 1.626522842544958181e+01
2.778270599662636009e+00 1.709150443376013584e+01
2.779828362824768639e+00 2.116115915042231777e+01
2.781386125986900382e+00 2.413097826956205694e+01
2.782943889149033012e+00 2.279039505993000247e+01
2.784501652311164754e+00 1.985238653140848086e+01
2.786059415473296497e+00 1.787019722993263215e+01
2.787617178635429127e+00 1.631347952407059410e+01
2.789174941797560869e+00 1.812222714452988370e+01
2.790732704959693500e+00 1.976423278915546788e+01
2.792290468121825242e+00 1.856132268820602604e+01
2.793848231283956984e+00 1.637294947172733472e+01
2.795405994446089615e+00 1.507828116805534258e+01
2.796963757608221357e+00 1.943486952559103287e+01
2.798521520770353987e+00 2.171809296204066442e+01
2.800079283932485730e+00 2.113789424304744458e+01
2.801637047094618360e+00 1.920532323202389335e+01
2.803194810256750102e+00 1.922872036571304122e+01
2.804752573418881845e+00 2.053161055922712563e+01
2.806310336581014475e+00 1.900644211689884955e+01
2.807868099743146217e+00 1.684923840612220758e+01
2.809425862905278848e+00 1.560974836276683142e+01
2.810983626067410590e+00 1.818367053481155793e+01
2.812541389229543221e+00 2.166848310504818542e+01
2.814099152391674963e+00 1.728190288378373296e+01
2.815656915553806705e+00 1.646317912915081649e+01
2.817214678715939336e+00 2.325659463765279611e+01
2.818772441878071078e+00 2.171462222329214953e+01
2.820330205040203708e+00 1.817897280053851716e+01
2.821887968202335450e+00 1.844632355755175013e+01
2.823445731364468081e+00 1.872498231607287877e+01
2.825003494526599823e+00 2.125688516736877176e+01
2.826561257688731565e+00 2.221933498504023419e+01
2.828119020850864196e+00 1.690062837167679888e+01
2.829676784012995938e+00 1.681626188887534923e+01
2.831234547175128569e+00 1.864624259038300025e+01
2.832792310337260311e+00 1.669531459830601250e+01
2.834350073499392941e+00 1.778925112146764675e+01
2.835907836661524684e+00 1.906773447700756208e+01
2.837465599823656426e+00 1.804324413766856239e+01
2.839023362985789056e+00 1.621509810162375231e+01
2.840581126147920799e+00 1.619025858330144629e+01
2.842138889310053429e+00 1.694284814867176081e+01
2.843696652472185171e+00 1.744536579563208534e+01
2.845254415634317802e+00 1.846087879461597225e+01
2.846812178796449544e+00 2.161242295153091675e+01
2.848369941958581286e+00 1.962853640468420480e+01
2.849927705120713917e+00 1.724585234843189596e+01
2.851485468282845659e+00 2.054520432836469013e+01
2.853043231444978289e+00 1.676060355772279564e+01
2.854600994607110032e+00 1.327848165553872128e+01
2.856158757769242662e+00 1.603558299290034483e+01
2.857716520931374404e+00 1.735174943906513789e+01
2.859274284093506147e+00 1.707009019207141520e+01
2.860832047255638777e+00 1.694655608032869054e+01
2.862389810417770519e+00 1.724810810957384533e+01
2.863947573579903150e+00 1.751002429495855139e+01
2.865505336742034892e+00 1.675351819826359900e+01
2.867063099904166634e+00 1.629302658335586074e+01
2.868620863066299265e+00 1.734539344537662231e+01
2.870178626228431007e+00 1.800263865568653898e+01
2.871736389390563637e+00 2.015057527164826467e+01
2.873294152552695380e+00 2.149866457137791187e+01
2.874851915714828010e+00 2.069057552394820831e+01
2.876409678876959752e+00 1.859693783257126753e+01
2.877967442039091495e+00 1.731202884953922805e+01
2.879525205201224125e+00 1.707511038799548331e+01
2.881082968363355867e+00 1.522178200835891637e+01
2.882640731525488498e+00 1.781701963967078228e+01
2.884198494687620240e+00 1.897621885479346560e+01
2.885756257849752870e+00 1.649870926268529914e+01
2.887314021011884613e+00 1.544102783355355513e+01
2.888871784174016355e+00 1.632453533135424806e+01
2.890429547336148985e+00 1.799394091919494443e+01
2.891987310498280728e+00 1.867702769331948787e+01
2.893545073660413358e+00 1.688303035366424965e+01
2.895102836822545100e+00 1.678427271614080851e+01
2.896660599984677731e+00 1.585356587941333828e+01
2.898218363146809473e+00 1.454624236308992202e+01
2.899776126308941215e+00 1.619075731008670260e+01
2.901333889471073846e+00 1.977766761822402941e+01
2.902891652633205588e+00 1.805878516583918270e+01
2.904449415795338219e+00 1.484729282342678403e+01
2.906007178957469961e+00 1.671156375647381154e+01
2.907564942119602591e+00 1.985309134087037464e+01
2.909122705281734333e+00 1.981567820905697630e+01
2.910680468443866076e+00 1.632453818843435656e+01
2.912238231605998706e+00 2.011865042985324692e+01
2.913795994768130448e+00 2.106247539945168157e+01
2.915353757930263079e+00 2.056882433972999280e+01
2.916911521092394821e+00 1.800894621918396865e+01
2.918469284254527452e+00 1.817912517169615327e+01
2.920027047416659194e+00 2.016750641837871072e+01
2.921584810578790936e+00 1.891936736432215582e+01
2.923142573740923567e+00 1.714454743395679159e+01
2.924700336903055309e+00 1.791483676012009951e+01
2.926258100065187939e+00 1.893045736416859270e+01
2.927815863227319682e+00 1.438085548585473106e+01
2.929373626389452312e+00 1.483086587401782985e+01
2.930931389551584054e+00 1.461142936384372426e+01
2.932489152713715796e+00 1.712227061806870054e+01
2.934046915875848427e+00 1.880636061862213992e+01
2.935604679037980169e+00 1.817491473008810843e+01
2.937162442200112800e+00 1.898300785984152839e+01
2.938720205362244542e+00 1.863079051439652289e+01
2.940277968524376284e+00 1.756811440735524954e+01
2.941835731686508915e+00 1.665775377777710631e+01
2.943393494848640657e+00 1.787625604059511275e+01
2.944951258010773287e+00 1.648200350609104348e+01
2.946509021172905030e+00 1.549939996412821408e+01
2.948066784335037660e+00 2.038793404979691459e+01
2.949624547497169402e+00 1.995048096187782605e+01
2.951182310659301145e+00 1.493794013643990937e+01
2.952740073821433775e+00 1.461033448928603029e+01
2.954297836983565517e+00 1.647565330696260588e+01
2.955855600145698148e+00 1.673672628532761308e+01
2.957413363307829890e+00 1.761226211131558017e+01
2.958971126469962520e+00 1.376038484965093822e+01
2.960528889632094263e+00 1.364941933380567995e+01
2.962086652794226005e+00 1.718605062464134647e+01
2.963644415956358635e+00 1.698819427764874490e+01
2.965202179118490378e+00 1.766038444703388066e+01
2.966759942280623008e+00 1.832265794008017679e+01
2.968317705442754750e+00 1.694204318653241614e+01
2.969875468604887381e+00 1.458643919258425470e+01
2.971433231767019123e+00 1.499093348788163738e+01
2.972990994929150865e+00 1.832171158307777503e+01
2.974548758091283496e+00 1.637600381415618855e+01
2.976106521253415238e+00 1.565029060279029238e+01
2.977664284415547868e+00 1.458870001933544458e+01
2.979222047577679611e+00 1.694173089409453681e+01
2.980779810739812241e+00 1.715185721276629494e+01
2.982337573901943983e+00 1.552673911536164297e+01
2.983895337064075726e+00 1.816730851862201135e+01
2.985453100226208356e+00 1.694069595730713118e+01
2.987010863388340098e+00 1.385310918393084911e+01
2.988568626550472729e+00 1.441962070030452736e+01
2.990126389712604471e+00 1.423734386584303557e+01
2.991684152874737102e+00 1.525458880670205630e+01
2.993241916036868844e+00 1.747422578487874745e+01
2.994799679199000586e+00 1.391321145718536911e+01
2.996357442361133216e+00 1.509254186617606841e+01
2.997915205523264959e+00 2.149111245277129711e+01
2.999472968685397589e+00 2.052301883001919336e+01
3.001030731847529331e+00 1.699357101847607154e+01
3.002588495009661962e+00 1.625200592505606778e+01
3.004146258171793704e+00 1.477660587701760164e+01
3.005704021333925446e+00 1.391597049761816862e+01
3.007261784496058077e+00 1.385821111916896520e+01
3.008819547658189819e+00 1.466310221992170781e+01
3.010377310820322450e+00 1.863344311360333805e+01
3.011935073982454192e+00 1.861579404353924616e+01
3.013492837144585934e+00 2.039779197756120865e+01
3.015050600306718565e+00 1.804797347169798627e+01
3.016608363468850307e+00 1.240473830776138442e+01
3.018166126630982937e+00 1.476916901731617493e+01
3.019723889793114679e+00 1.810567038942946638e+01
3.021281652955247310e+00 1.658207494654281078e+01
3.022839416117379052e+00 1.608886035332367470e+01
3.024397179279510794e+00 1.870644331575885388e+01
3.025954942441643425e+00 1.291869676306634673e+01
3.027512705603775167e+00 1.418172093856700045e+01
3.029070468765907798e+00 2.035520983328598987e+01
3.030628231928039540e+00 1.979644522569696719e+01
3.032185995090172170e+00 1.856644381724544957e+01
3.033743758252303913e+00 1.767069813391818656e+01
3.035301521414435655e+00 1.728139497603055830e+01
3.036859284576568285e+00 1.673746481539249231e+01
3.038417047738700028e+00 1.550389825888755091e+01
3.039974810900832658e+00 1.518580687621154901e+01
3.041532574062964400e+00 1.491346347774153003e+01
3.043090337225097031e+00 1.739250062799476382e+01
3.044648100387228773e+00 1.774992680504364273e+01
3.046205863549360515e+00 1.397437440805852837e+01
3.047763626711493146e+00 1.411041340513980913e+01
3.049321389873624888e+00 1.656733410206053492e+01
3.050879153035757518e+00 1.613304716751040147e+01
3.052436916197889261e+00 1.690590555020978059e+01
3.053994679360021891e+00 1.758485587381214543e+01
3.055552442522153633e+00 1.707927683497398874e+01
3.057110205684285376e+00 1.815316468332969180e+01
3.058667968846418006e+00 1.680169096430522302e+01
3.060225732008549748e+00 1.785259223556347763e+01
3.061783495170682379e+00 1.700842563931549378e+01
3.063341258332814121e+00 1.665862720599148261e+01
3.064899021494946751e+00 1.606131878942174751e+01
3.066456784657078494e+00 1.413189992366211278e+01
3.068014547819210236e+00 1.682358402089089466e+01
3.069572310981342866e+00 1.760086960372369091e+01
3.071130074143474609e+00 1.741562471004738555e+01
3.072687837305607239e+00 1.801872512344474941e+01
3.074245600467738981e+00 1.786014530110954368e+01
3.075803363629871612e+00 1.703449618293458911e+01
3.077361126792003354e+00 1.966698394389684168e+01
3.078918889954135096e+00 1.974478409278882651e+01
3.080476653116267727e+00 1.569884955803320992e+01
3.082034416278399469e+00 1.512311469278804665e+01
3.083592179440532099e+00 1.706387008132602645e+01
3.085149942602663842e+00 1.803467045674556601e+01
3.086707705764795584e+00 1.822503374442053925e+01
3.088265468926928214e+00 2.112878469510338064e+01
3.089823232089059957e+00 2.091825257174636832e+01
3.091380995251192587e+00 1.871284199353055300e+01
3.092938758413324329e+00 1.893469769296920546e+01
3.094496521575456960e+00 2.031202859993567955e+01
3.096054284737588702e+00 1.932702409505159480e+01
3.097612047899720444e+00 1.664183605800839416e+01
3.099169811061853075e+00 1.403427805773298864e+01
3.100727574223984817e+00 1.250589107253138366e+01
3.102285337386117448e+00 1.573190872282934727e+01
3.103843100548249190e+00 1.742746184571945633e+01
3.105400863710381820e+00 1.700608911762849473e+01
3.106958626872513562e+00 1.251724819906831954e+01
3.108516390034645305e+00 1.051959835474255378e+01
3.110074153196777935e+00 1.321037775999258734e+01
3.111631916358909677e+00 1.483972676949268177e+01
3.113189679521042308e+00 1.679843354649391785e+01
3.114747442683174050e+00 1.364195284360886262e+01
3.116305205845306681e+00 1.560960740803569280e+01
3.117862969007438423e+00 1.780316791316871416e+01
3.119420732169570165e+00 1.595209664897160806e+01
3.120978495331702796e+00 1.823595821119600657e+01
3.122536258493834538e+00 2.003146254131725001e+01
3.124094021655967168e+00 1.811811094188631799e+01
3.125651784818098911e+00 1.499955572326793174e+01
3.127209547980231541e+00 1.652676047056884201e+01
3.128767311142363283e+00 1.993976478791952900e+01
3.130325074304495026e+00 1.863512163649030740e+01
3.131882837466627656e+00 1.800175809522287906e+01
3.133440600628759398e+00 1.545520341801471531e+01
3.134998363790892029e+00 1.514337487196645426e+01
3.136556126953023771e+00 1.782350364053693070e+01
3.138113890115156401e+00 1.617038875589985381e+01
3.139671653277288144e+00 1.227880442891267343e+01
3.141229416439419886e+00 1.179290625343136156e+01
3.142787179601552516e+00 1.458517807466895810e+01
3.144344942763684259e+00 1.409844312437412306e+01
3.145902705925816889e+00 1.434678323331015903e+01
3.147460469087948631e+00 1.781081880752969582e+01
3.149018232250081262e+00 1.875784670501480988e+01
3.150575995412213004e+00 1.520262390009603948e+01
3.152133758574344746e+00 1.457916457198386695e+01
3.153691521736477377e+00 1.669346124417875643e+01
3.155249284898609119e+00 1.737791083435392636e+01
3.156807048060741749e+00 1.562081390562554084e+01
3.158364811222873492e+00 1.484792952708202307e+01
3.159922574385005234e+00 1.685380645172639191e+01
3.161480337547137864e+00 1.116466468767273845e+01
3.163038100709269607e+00 1.089091349049341950e+01
3.164595863871402237e+00 1.844467783938300087e+01
3.166153627033533979e+00 2.002543291104497314e+01
3.167711390195666610e+00 1.832765555768291321e+01
3.169269153357798352e+00 1.942145765227474996e+01
3.170826916519930094e+00 1.839887462424913522e+01
3.172384679682062725e+00 1.495646550926798746e+01
3.173942442844194467e+00 1.701486608349706131e+01
3.175500206006327097e+00 1.508795079917033810e+01
3.177057969168458840e+00 1.153401483793820503e+01
3.178615732330591470e+00 1.316340705495984054e+01
3.180173495492723212e+00 1.194716477752872308e+01
3.181731258654854955e+00 1.245768370873050301e+01
3.183289021816987585e+00 1.616406753312408995e+01
3.184846784979119327e+00 1.356638600317924848e+01
3.186404548141251958e+00 1.351170429094270986e+01
3.187962311303383700e+00 1.811555835991147489e+01
3.189520074465516775e+00 0.000000000000000000e+00
