-3.189520074465516775e+00 0.000000000000000000e+00
-3.187962311303384588e+00 0.000000000000000000e+00
-3.186404548141252402e+00 0.000000000000000000e+00
-3.184846784979120216e+00 0.000000000000000000e+00
-3.183289021816988473e+00 0.000000000000000000e+00
-3.181731258654856287e+00 1.993833714410716240e+01
-3.180173495492724101e+00 1.527895123875532235e+01
-3.178615732330591914e+00 1.274086266974213189e+01
-3.177057969168459728e+00 1.372398994433486230e+01
-3.175500206006327542e+00 1.957806378843119077e+01
-3.173942442844195355e+00 1.621817508920064910e+01
-3.172384679682063613e+00 1.927798595987382768e+01
-3.170826916519931427e+00 1.846877589143868548e+01
-3.169269153357799240e+00 2.205189708102917479e+01
-3.167711390195667054e+00 2.123492520663014105e+01
-3.166153627033534868e+00 1.720516322597205061e+01
-3.164595863871402681e+00 1.574146133313017693e+01
-3.163038100709270939e+00 1.851447495207781913e+01
-3.161480337547138753e+00 1.507820439434662241e+01
-3.159922574385006566e+00 1.644192052979322227e+01
-3.158364811222874380e+00 1.487776627614353409e+01
-3.156807048060742193e+00 1.299256171081874989e+01
-3.155249284898610007e+00 1.551524801294628197e+01
-3.153691521736477821e+00 1.769923974553883639e+01
-3.152133758574346079e+00 1.482512459859917797e+01
-3.150575995412213892e+00 2.054805876709926338e+01
-3.149018232250081706e+00 1.586994068754421505e+01
-3.147460469087949519e+00 1.542860255711464390e+01
-3.145902705925817333e+00 1.220057321001403849e+01
-3.144344942763685147e+00 1.079520532643860520e+01
-3.142787179601552960e+00 1.369705743363735628e+01
-3.141229416439421218e+00 1.199525846782299787e+01
-3.139671653277289032e+00 1.113249107076502042e+01
-3.138113890115156845e+00 1.771262373148994129e+01
-3.136556126953024659e+00 1.685292581160150860e+01
-3.134998363790892473e+00 1.390704994848401554e+01
-3.133440600628760286e+00 1.534215748053243544e+01
-3.131882837466628544e+00 1.606081336812782467e+01
-3.130325074304496358e+00 1.562804007947018547e+01
-3.128767311142364171e+00 1.508717875127982033e+01
-3.127209547980231985e+00 1.384564188314418054e+01
-3.125651784818099799e+00 1.359669471094863802e+01
-3.124094021655967612e+00 1.208957046404040447e+01
-3.122536258493835426e+00 1.507245731034769065e+01
-3.120978495331703684e+00 1.539881644072779032e+01
-3.119420732169571497e+00 1.500838177679195518e+01
-3.117862969007439311e+00 1.612214839433736202e+01
-3.116305205845307125e+00 1.334563959675384837e+01
-3.114747442683174938e+00 1.050484710166903035e+01
-3.113189679521042752e+00 1.334001991768124462e+01
-3.111631916358910566e+00 1.325208158370811518e+01
-3.110074153196778823e+00 1.643740828272360588e+01
-3.108516390034646637e+00 1.729426074025466065e+01
-3.106958626872514451e+00 1.717389641191180516e+01
-3.105400863710382264e+00 1.634227368369460720e+01
-3.103843100548250078e+00 1.318557109432643593e+01
-3.102285337386117892e+00 8.308969311248889156e+00
-3.100727574223985705e+00 1.314871450734864311e+01
-3.099169811061853963e+00 1.595286883648410914e+01
-3.097612047899721777e+00 2.012261421374901005e+01
-3.096054284737589590e+00 1.622586825805557353e+01
-3.094496521575457404e+00 1.339023401752059961e+01
-3.092938758413325218e+00 1.710104789331927577e+01
-3.091380995251193031e+00 1.777903373706859114e+01
-3.089823232089060845e+00 1.487229575711203644e+01
-3.088265468926929103e+00 1.584130102261159756e+01
-3.086707705764796916e+00 1.419964018018755247e+01
-3.085149942602664730e+00 1.289990603548662662e+01
-3.083592179440532544e+00 1.585592646705606512e+01
-3.082034416278400357e+00 1.816542705171279337e+01
-3.080476653116268171e+00 1.683126265358331608e+01
-3.078918889954136429e+00 1.467544574859838491e+01
-3.077361126792004242e+00 1.294453832298433937e+01
-3.075803363629872056e+00 1.210703926197721003e+01
-3.074245600467739870e+00 1.392623665965047586e+01
-3.072687837305607683e+00 1.605112896979597181e+01
-3.071130074143475497e+00 1.693173460107612271e+01
-3.069572310981343310e+00 1.394452722827797508e+01
-3.068014547819211568e+00 9.825306470903749201e+00
-3.066456784657079382e+00 1.183618994836331595e+01
-3.064899021494947196e+00 7.462868068748957917e+00
-3.063341258332815009e+00 1.439593862319157758e+01
-3.061783495170682823e+00 1.936874729107976023e+01
-3.060225732008550636e+00 1.786064865625394660e+01
-3.058667968846418894e+00 1.617909809980010394e+01
-3.057110205684286708e+00 1.596811956662440757e+01
-3.055552442522154521e+00 1.535185727471454697e+01
-3.053994679360022335e+00 1.382917996938157579e+01
-3.052436916197890149e+00 1.661156992387707731e+01
-3.050879153035757962e+00 1.563909285827132578e+01
-3.049321389873625776e+00 1.480003839454083092e+01
-3.047763626711494034e+00 1.674161652970165903e+01
-3.046205863549361847e+00 1.717593144938801331e+01
-3.044648100387229661e+00 1.556767199334766616e+01
-3.043090337225097475e+00 1.806732016650884987e+01
-3.041532574062965288e+00 1.851407393459239970e+01
-3.039974810900833102e+00 1.502350215554464263e+01
-3.038417047738700916e+00 1.413111771330571109e+01
-3.036859284576569173e+00 1.719414068088892478e+01
-3.035301521414436987e+00 1.875044544570607030e+01
-3.033743758252304801e+00 1.725063250342248722e+01
-3.032185995090172614e+00 1.432217371858623522e+01
-3.030628231928040428e+00 1.162499234105618307e+01
-3.029070468765908242e+00 1.078365140564486424e+01
-3.027512705603776055e+00 1.604880817490398215e+01
-3.025954942441644313e+00 1.532506258731796223e+01
-3.024397179279512127e+00 1.281257396648308067e+01
-3.022839416117379940e+00 1.490997498378152386e+01
-3.021281652955247754e+00 1.497453923084575322e+01
-3.019723889793115568e+00 1.756041104285255727e+01
-3.018166126630983381e+00 1.760050212739219688e+01
-3.016608363468851195e+00 1.515692238026821137e+01
-3.015050600306719453e+00 1.602341715838926461e+01
-3.013492837144587266e+00 1.444186816524426931e+01
-3.011935073982455080e+00 1.669542881457770278e+01
-3.010377310820322894e+00 1.705624555974408807e+01
-3.008819547658190707e+00 1.423585564452722174e+01
-3.007261784496058521e+00 1.521077658978827074e+01
-3.005704021333926335e+00 1.483964958517348798e+01
-3.004146258171794592e+00 1.473533096892156635e+01
-3.002588495009662406e+00 1.709580703554713210e+01
-3.001030731847530220e+00 1.829083246298003118e+01
-2.999472968685398033e+00 1.570013103219503847e+01
-2.997915205523265847e+00 1.894348425507009281e+01
-2.996357442361133661e+00 1.252620104889380315e+01
-2.994799679199001918e+00 1.319983989915452938e+01
-2.993241916036869732e+00 1.599996757554293048e+01
-2.991684152874737546e+00 1.539606406572114139e+01
-2.990126389712605359e+00 1.656133531662845471e+01
-2.988568626550473173e+00 1.776553993585948987e+01
-2.987010863388340987e+00 1.627366774448145748e+01
-2.985453100226208800e+00 1.434778500519870903e+01
-2.983895337064077058e+00 1.781596925824324273e+01
-2.982337573901944872e+00 1.287901439331422004e+01
-2.980779810739812685e+00 1.481522712114438001e+01
-2.979222047577680499e+00 1.937631952298222870e+01
-2.977664284415548313e+00 1.546483526497001648e+01
-2.976106521253416126e+00 1.066610375665287513e+01
-2.974548758091284384e+00 1.169880896092064582e+01
-2.972990994929152198e+00 1.511468756851894213e+01
-2.971433231767020011e+00 1.760776915597349301e+01
-2.969875468604887825e+00 1.805764131056303867e+01
-2.968317705442755639e+00 2.093764291761189611e+01
-2.966759942280623452e+00 2.072206271992067883e+01
-2.965202179118491266e+00 1.946991162625769078e+01
-2.963644415956359524e+00 1.964344523573788237e+01
-2.962086652794227337e+00 1.981983979044824551e+01
-2.960528889632095151e+00 1.994622835432548413e+01
-2.958971126469962964e+00 2.016795156737091688e+01
-2.957413363307830778e+00 1.785414527108832417e+01
-2.955855600145698592e+00 1.662932081050610478e+01
-2.954297836983566405e+00 1.361642768941848125e+01
-2.952740073821434663e+00 1.415128301182475212e+01
-2.951182310659302477e+00 1.284380808878211333e+01
-2.949624547497170290e+00 1.317764215811285311e+01
-2.948066784335038104e+00 1.584732643300254473e+01
-2.946509021172905918e+00 1.484512944657034517e+01
-2.944951258010773731e+00 1.078556537017685102e+01
-2.943393494848641545e+00 7.574715946670991684e+00
-2.941835731686509803e+00 1.064138948812476038e+01
-2.940277968524377616e+00 1.461919669389477328e+01
-2.938720205362245430e+00 1.565387343313935631e+01
-2.937162442200113244e+00 2.110726508656749800e+01
-2.935604679037981057e+00 1.761649971628012068e+01
-2.934046915875848871e+00 1.690428594559899267e+01
-2.932489152713716685e+00 1.727674063108049296e+01
-2.930931389551584942e+00 1.690502945259890666e+01
-2.929373626389452756e+00 1.569093043797137987e+01
-2.927815863227320570e+00 1.720183141464139709e+01
-2.926258100065188383e+00 1.549477684281836076e+01
-2.924700336903056197e+00 2.163136900959676012e+01
-2.923142573740924011e+00 1.657667562682411599e+01
-2.921584810578791824e+00 1.493011315085317747e+01
-2.920027047416660082e+00 1.597824677449529673e+01
-2.918469284254527896e+00 1.616634451805894912e+01
-2.916911521092395709e+00 1.524890548441900506e+01
-2.915353757930263523e+00 1.454849588201150468e+01
-2.913795994768131337e+00 1.367424801469856988e+01
-2.912238231605999150e+00 1.757955480675473581e+01
-2.910680468443867408e+00 1.480111182897728206e+01
-2.909122705281735222e+00 1.864033813398426176e+01
-2.907564942119603035e+00 1.588748867714383017e+01
-2.906007178957470849e+00 1.625433970828744634e+01
-2.904449415795338663e+00 1.883989675642438044e+01
-2.902891652633206476e+00 1.777354375277358400e+01
-2.901333889471074734e+00 1.535214436066077681e+01
-2.899776126308942548e+00 1.650983264146857010e+01
-2.898218363146810361e+00 1.542775244812820468e+01
-2.896660599984678175e+00 2.001812561383804479e+01
-2.895102836822545989e+00 2.136004477853494876e+01
-2.893545073660413802e+00 1.532769091817068485e+01
-2.891987310498281616e+00 1.948247271854962648e+01
-2.890429547336149874e+00 1.746602221343828631e+01
-2.888871784174017687e+00 1.451148117491953471e+01
-2.887314021011885501e+00 1.408251574151272401e+01
-2.885756257849753315e+00 1.647130020908564774e+01
-2.884198494687621128e+00 1.891739587710454629e+01
-2.882640731525488942e+00 1.849582985310375349e+01
-2.881082968363356756e+00 1.868437366599334126e+01
-2.879525205201225013e+00 1.936946238590151381e+01
-2.877967442039092827e+00 1.805746996994614051e+01
-2.876409678876960641e+00 1.524103787772633289e+01
-2.874851915714828454e+00 1.428438522327859417e+01
-2.873294152552696268e+00 1.446136800833334668e+01
-2.871736389390564081e+00 1.297734741300108396e+01
-2.870178626228431895e+00 1.195255114906207439e+01
-2.868620863066300153e+00 1.111049655415097881e+01
-2.867063099904167967e+00 1.730864575650724291e+01
-2.865505336742035780e+00 2.170369526225904977e+01
-2.863947573579903594e+00 2.468263693447983087e+01
-2.862389810417771407e+00 1.852323861390595638e+01
-2.860832047255639221e+00 1.449502182604226697e+01
-2.859274284093507035e+00 1.747422369233359518e+01
-2.857716520931375292e+00 1.954075500984443892e+01
-2.856158757769243106e+00 1.708648012801008420e+01
-2.854600994607110920e+00 1.673113514354339415e+01
-2.853043231444978733e+00 1.907153827111106992e+01
-2.851485468282846547e+00 1.742230726811536812e+01
-2.849927705120714361e+00 1.917422746858031957e+01
-2.848369941958582174e+00 1.939418221757792082e+01
-2.846812178796450432e+00 2.142143907861100161e+01
-2.845254415634318246e+00 1.830426379421592387e+01
-2.843696652472186059e+00 1.460026810786636808e+01
-2.842138889310053873e+00 1.556447990153378313e+01
-2.840581126147921687e+00 1.662883996546145227e+01
-2.839023362985789500e+00 1.668376187561997170e+01
-2.837465599823657314e+00 1.730988373992592244e+01
-2.835907836661525572e+00 1.942550121883658676e+01
-2.834350073499393385e+00 1.659008248988451584e+01
-2.832792310337261199e+00 1.396230914781910215e+01
-2.831234547175129013e+00 1.421747458392060715e+01
-2.829676784012996826e+00 1.524562128571071362e+01
-2.828119020850865084e+00 1.319241315408262594e+01
-2.826561257688732898e+00 1.327193408602205515e+01
-2.825003494526600711e+00 1.533102152586788769e+01
-2.823445731364468525e+00 1.651787983243245961e+01
-2.821887968202336339e+00 1.596145805573482690e+01
-2.820330205040204152e+00 1.978829558172416725e+01
-2.818772441878071966e+00 1.806275099798509842e+01
-2.817214678715940224e+00 1.683739070957645012e+01
-2.815656915553808037e+00 1.100924323203532396e+01
-2.814099152391675851e+00 1.486480298092959629e+01
-2.812541389229543665e+00 1.737769366053555231e+01
-2.810983626067411478e+00 1.604759953900864033e+01
-2.809425862905279292e+00 1.487725518895436139e+01
-2.807868099743147106e+00 1.534315439059062669e+01
-2.806310336581015363e+00 1.673785966209506171e+01
-2.804752573418883177e+00 2.078147829076127806e+01
-2.803194810256750991e+00 2.005566676315338270e+01
-2.801637047094618804e+00 1.459865796657103232e+01
-2.800079283932486618e+00 1.278752399375730597e+01
-2.798521520770354432e+00 1.299565706114468711e+01
-2.796963757608222245e+00 1.360492828763419126e+01
-2.795405994446090503e+00 1.330038038340410189e+01
-2.793848231283958317e+00 1.399559515498622986e+01
-2.792290468121826130e+00 1.672631732244976632e+01
-2.790732704959693944e+00 1.621680057829306065e+01
-2.789174941797561758e+00 1.725911252007146857e+01
-2.787617178635429571e+00 1.532641514603892396e+01
-2.786059415473297385e+00 1.526850352679750777e+01
-2.784501652311165643e+00 1.586383154295203468e+01
-2.782943889149033456e+00 1.568505085956703127e+01
-2.781386125986901270e+00 1.619559785076510039e+01
-2.779828362824769084e+00 1.619106251255275808e+01
-2.778270599662636897e+00 1.472271187614954613e+01
-2.776712836500504711e+00 1.382496947045527058e+01
-2.775155073338372524e+00 1.395897961972330492e+01
-2.773597310176240782e+00 1.624051709125693677e+01
-2.772039547014108596e+00 1.787630775488721113e+01
-2.770481783851976409e+00 1.546011067114656434e+01
-2.768924020689844223e+00 1.506450564113456103e+01
-2.767366257527712037e+00 1.312418976248285851e+01
-2.765808494365579850e+00 1.696343673106355610e+01
-2.764250731203447664e+00 1.681320370158955768e+01
-2.762692968041315922e+00 1.754438674637709994e+01
-2.761135204879183735e+00 1.634225645671793359e+01
-2.759577441717051549e+00 1.536327125476257294e+01
-2.758019678554919363e+00 1.655757628343365440e+01
-2.756461915392787176e+00 2.001011974188782361e+01
-2.754904152230654990e+00 1.943806287881066552e+01
-2.753346389068522804e+00 1.673619910980000114e+01
-2.751788625906391061e+00 1.875734177531207436e+01
-2.750230862744258875e+00 1.186671177639293617e+01
-2.748673099582126689e+00 1.705485935556393429e+01
-2.747115336419994502e+00 2.158386806344525155e+01
-2.745557573257862316e+00 2.027726636824369777e+01
-2.743999810095730574e+00 1.530055856658668745e+01
-2.742442046933598387e+00 1.359952376248231332e+01
-2.740884283771466201e+00 1.680637332936483119e+01
-2.739326520609334015e+00 1.861284039153728642e+01
-2.737768757447201828e+00 1.814207662491844530e+01
-2.736210994285069642e+00 1.707777414606087163e+01
-2.734653231122937456e+00 2.399427125117382786e+01
-2.733095467960805713e+00 1.471093689513778457e+01
-2.731537704798673527e+00 1.569755071146121139e+01
-2.729979941636541341e+00 1.696747803350147166e+01
-2.728422178474409154e+00 1.644983480057948455e+01
-2.726864415312276968e+00 1.848784516979536363e+01
-2.725306652150144782e+00 2.050431648174675203e+01
-2.723748888988012595e+00 2.139556814634141091e+01
-2.722191125825880853e+00 2.148623585321638885e+01
-2.720633362663748667e+00 1.735949727058031655e+01
-2.719075599501616480e+00 1.793384601446856408e+01
-2.717517836339484294e+00 1.640444822407163272e+01
-2.715960073177352108e+00 1.604203071327157559e+01
-2.714402310015219921e+00 1.438883466871329553e+01
-2.712844546853087735e+00 1.716581173097828739e+01
-2.711286783690955993e+00 1.657152798443074460e+01
-2.709729020528823806e+00 1.474343864086155520e+01
-2.708171257366691620e+00 1.589613051879491223e+01
-2.706613494204559434e+00 1.639247394835784633e+01
-2.705055731042427247e+00 1.567155436446503280e+01
-2.703497967880295061e+00 1.764654841091777016e+01
-2.701940204718162875e+00 1.398915799510283264e+01
-2.700382441556031132e+00 1.071628902438538766e+01
-2.698824678393898946e+00 1.939520284359619851e+01
-2.697266915231766760e+00 1.619558929314378659e+01
-2.695709152069634573e+00 1.388314580208300875e+01
-2.694151388907502387e+00 1.586544447238688704e+01
-2.692593625745370201e+00 1.746748262239484717e+01
-2.691035862583238014e+00 1.899097567503433837e+01
-2.689478099421106272e+00 1.695817917948176401e+01
-2.687920336258974086e+00 1.917785983558025720e+01
-2.686362573096841899e+00 2.059917044843656342e+01
-2.684804809934709713e+00 1.927067736215393978e+01
-2.683247046772577526e+00 1.952996061702716801e+01
-2.681689283610445784e+00 1.663235031660029151e+01
-2.680131520448313154e+00 1.687749841608208712e+01
-2.678573757286181412e+00 1.704651142752054227e+01
-2.677015994124049225e+00 1.623316041514143038e+01
-2.675458230961917039e+00 1.425214279355174263e+01
-2.673900467799784852e+00 1.392073284945718825e+01
-2.672342704637652666e+00 1.642518839246657336e+01
-2.670784941475520924e+00 2.076630779555106443e+01
-2.669227178313388293e+00 1.938441525812510946e+01
-2.667669415151256551e+00 1.812866327784695031e+01
-2.666111651989124365e+00 1.750007254752832964e+01
-2.664553888826992178e+00 1.947823722089900755e+01
-2.662996125664859992e+00 2.022064618402939473e+01
-2.661438362502727806e+00 1.733190248070257766e+01
-2.659880599340596063e+00 1.698931658182926796e+01
-2.658322836178463433e+00 1.853282514286728500e+01
-2.656765073016331691e+00 1.735328798209168255e+01
-2.655207309854199504e+00 1.659579558527438081e+01
-2.653649546692067318e+00 1.873828898347901628e+01
-2.652091783529935132e+00 1.729406122869644591e+01
-2.650534020367802945e+00 1.979759681111037750e+01
-2.648976257205671203e+00 1.902242202780757907e+01
-2.647418494043539017e+00 1.701202272126799642e+01
-2.645860730881406830e+00 1.488639108586721349e+01
-2.644302967719274644e+00 2.367576441081201821e+01
-2.642745204557142458e+00 2.388538784671873927e+01
-2.641187441395010271e+00 1.919283282619587183e+01
-2.639629678232878085e+00 1.500068572081994667e+01
-2.638071915070746343e+00 1.627067995934765676e+01
-2.636514151908614156e+00 1.936779007944411646e+01
-2.634956388746481970e+00 1.802967872811203875e+01
-2.633398625584349784e+00 1.816329154214038866e+01
-2.631840862422217597e+00 2.021634347730447701e+01
-2.630283099260085411e+00 1.353884307549189714e+01
-2.628725336097953225e+00 1.306136052269673620e+01
-2.627167572935821482e+00 1.602777263869997881e+01
-2.625609809773689296e+00 2.038232283059567962e+01
-2.624052046611557110e+00 1.991657903922234496e+01
-2.622494283449424923e+00 1.663516362453197672e+01
-2.620936520287292737e+00 1.610019124216184139e+01
-2.619378757125160551e+00 1.729329252423194063e+01
-2.617820993963028364e+00 1.704050794313010897e+01
-2.616263230800896622e+00 1.638436882591235033e+01
-2.614705467638764436e+00 1.316969159781478460e+01
-2.613147704476632249e+00 1.462313091388191566e+01
-2.611589941314500063e+00 2.315595616558688263e+01
-2.610032178152367877e+00 1.745744762894242896e+01
-2.608474414990235690e+00 1.457926505402641482e+01
-2.606916651828103504e+00 1.565677734787705333e+01
-2.605358888665971762e+00 1.455502061922844170e+01
-2.603801125503839575e+00 1.278603477982696646e+01
-2.602243362341707389e+00 1.426281360315541313e+01
-2.600685599179575203e+00 1.665405768056451308e+01
-2.599127836017443016e+00 1.542841804254071292e+01
-2.597570072855311274e+00 1.463657373417957253e+01
-2.596012309693178643e+00 1.431450302180119216e+01
-2.594454546531046901e+00 1.905395098031757684e+01
-2.592896783368914715e+00 1.895007938635027855e+01
-2.591339020206782529e+00 1.595686155114813154e+01
-2.589781257044650342e+00 1.857955320934832244e+01
-2.588223493882518156e+00 1.856733847524168368e+01
-2.586665730720386414e+00 1.709674437287365478e+01
-2.585107967558253783e+00 1.800534011817000746e+01
-2.583550204396122041e+00 1.787146501331422499e+01
-2.581992441233989855e+00 1.658632726951911351e+01
-2.580434678071857668e+00 1.411961331477067816e+01
-2.578876914909725482e+00 1.551644096844065501e+01
-2.577319151747593295e+00 1.749498800052176151e+01
-2.575761388585461553e+00 1.317451334589239842e+01
-2.574203625423329367e+00 1.746308097270467030e+01
-2.572645862261197180e+00 1.836095152727553526e+01
-2.571088099099064994e+00 1.640497323427218745e+01
-2.569530335936932808e+00 1.480488750445867474e+01
-2.567972572774800621e+00 1.725794469198886105e+01
-2.566414809612668435e+00 1.998011618212392904e+01
-2.564857046450536693e+00 1.808595443521867807e+01
-2.563299283288404506e+00 1.710285034463771581e+01
-2.561741520126272320e+00 1.982617217802407339e+01
-2.560183756964140134e+00 1.749614173227128688e+01
-2.558625993802007947e+00 1.749310585515344485e+01
-2.557068230639875761e+00 1.752727862637859246e+01
-2.555510467477743575e+00 1.584575037005422082e+01
-2.553952704315611832e+00 1.652470713032912286e+01
-2.552394941153479646e+00 1.537042868272243723e+01
-2.550837177991347460e+00 1.562652818305743807e+01
-2.549279414829215273e+00 1.718897606766126884e+01
-2.547721651667083087e+00 1.577897817446722684e+01
-2.546163888504950901e+00 1.337616172662692904e+01
-2.544606125342818714e+00 1.293626802369957041e+01
-2.543048362180686972e+00 1.307523476406550245e+01
-2.541490599018554786e+00 1.537675603246378131e+01
-2.539932835856422599e+00 1.785491124598057411e+01
-2.538375072694290413e+00 1.672559642085045084e+01
-2.536817309532158227e+00 1.770534804742341350e+01
-2.535259546370026040e+00 2.067703404539661705e+01
-2.533701783207893854e+00 1.680248881471435141e+01
-2.532144020045762112e+00 1.847117885624114209e+01
-2.530586256883629925e+00 2.019652372291304943e+01
-2.529028493721497739e+00 1.863575681094012282e+01
-2.527470730559365553e+00 1.550120956931707816e+01
-2.525912967397233366e+00 1.451329766923825737e+01
-2.524355204235101624e+00 1.827442322002661612e+01
-2.522797441072968994e+00 1.952970025507157104e+01
-2.521239677910837251e+00 1.727418885510179791e+01
-2.519681914748705065e+00 1.640933920632290466e+01
-2.518124151586572879e+00 1.781560463119995319e+01
-2.516566388424440692e+00 1.628951674020133567e+01
-2.515008625262308506e+00 1.043550720582449287e+01
-2.513450862100176764e+00 1.353471259990831577e+01
-2.511893098938044133e+00 1.416100910920731160e+01
-2.510335335775912391e+00 1.436396696907926440e+01
-2.508777572613780205e+00 1.339166467176857545e+01
-2.507219809451648018e+00 1.294111609807374563e+01
-2.505662046289515832e+00 1.612943318590342301e+01
-2.504104283127383646e+00 1.823796332897542172e+01
-2.502546519965251903e+00 1.556229083971950899e+01
-2.500988756803119273e+00 1.945435096329853764e+01
-2.499430993640987531e+00 1.936941119986908433e+01
-2.497873230478855344e+00 1.584095276446498168e+01
-2.496315467316723158e+00 9.937837173544457059e+00
-2.494757704154590972e+00 1.813950644050612127e+01
-2.493199940992458785e+00 1.607706939236452115e+01
-2.491642177830327043e+00 2.327230216673582319e+01
-2.490084414668194857e+00 2.230743597460638838e+01
-2.488526651506062670e+00 1.520081078948553888e+01
-2.486968888343930484e+00 1.381026355920689319e+01
-2.485411125181798297e+00 1.723863031648110677e+01
-2.483853362019666111e+00 2.048571548370425077e+01
-2.482295598857533925e+00 1.818240845200536171e+01
-2.480737835695402183e+00 1.226774158473774179e+01
-2.479180072533269996e+00 1.699277714001279804e+01
-2.477622309371137810e+00 1.676787146258711658e+01
-2.476064546209005623e+00 1.486478504578971460e+01
-2.474506783046873437e+00 1.551573062527579339e+01
-2.472949019884741251e+00 1.525255776574335620e+01
-2.471391256722609064e+00 1.789543691963440608e+01
-2.469833493560477322e+00 1.738844576619965920e+01
-2.468275730398345136e+00 1.687647537230982664e+01
-2.466717967236212949e+00 1.717352302904053474e+01
-2.465160204074080763e+00 1.529852920810415107e+01
-2.463602440911948577e+00 1.703169793538584642e+01
-2.462044677749816390e+00 2.057927860151404786e+01
-2.460486914587684204e+00 1.634061058195425531e+01
-2.458929151425552462e+00 1.967275504322667956e+01
-2.457371388263420275e+00 1.985659433118819450e+01
-2.455813625101288089e+00 1.729442590486815945e+01
-2.454255861939155903e+00 1.493757945056470327e+01
-2.452698098777023716e+00 1.495394079089997064e+01
-2.451140335614891530e+00 1.833398599400613449e+01
-2.449582572452759344e+00 1.719669124546157235e+01
-2.448024809290627601e+00 1.595028666374583182e+01
-2.446467046128495415e+00 1.783829079554725894e+01
-2.444909282966363229e+00 1.727990883513935572e+01
-2.443351519804231042e+00 2.307967387277625804e+01
-2.441793756642098856e+00 1.711785954801990073e+01
-2.440235993479967114e+00 1.861930654322113554e+01
-2.438678230317834483e+00 1.336029196174601807e+01
-2.437120467155702741e+00 1.535028626615735092e+01
-2.435562703993570555e+00 2.021712748631937373e+01
-2.434004940831438368e+00 1.682652771687357784e+01
-2.432447177669306182e+00 1.751473636540810119e+01
-2.430889414507173996e+00 1.895499176284717890e+01
-2.429331651345042253e+00 1.838575202695558986e+01
-2.427773888182909623e+00 1.915478623001149217e+01
-2.426216125020777881e+00 2.059215035980361819e+01
-2.424658361858645694e+00 1.798399417909122278e+01
-2.423100598696513508e+00 1.619647647580556438e+01
-2.421542835534381322e+00 1.812069085318420747e+01
-2.419985072372249135e+00 1.719992756343545182e+01
-2.418427309210117393e+00 1.801405038751351029e+01
-2.416869546047984763e+00 1.944982026330458780e+01
-2.415311782885853020e+00 1.534475216633930650e+01
-2.413754019723720834e+00 1.435524049964091020e+01
-2.412196256561588648e+00 1.528793463365360417e+01
-2.410638493399456461e+00 1.809949696142078679e+01
-2.409080730237324275e+00 2.026860897780165871e+01
-2.407522967075192533e+00 1.852176554821502918e+01
-2.405965203913060346e+00 1.708675745270015156e+01
-2.404407440750928160e+00 1.822816582150041498e+01
-2.402849677588795974e+00 2.056018419807986319e+01
-2.401291914426663787e+00 2.114218558445365659e+01
-2.399734151264531601e+00 2.085272185183881177e+01
-2.398176388102399414e+00 1.836015404062037248e+01
-2.396618624940267672e+00 1.988617666934941042e+01
-2.395060861778135486e+00 2.272691862808630603e+01
-2.393503098616003300e+00 2.460860213786322959e+01
-2.391945335453871113e+00 2.017860342911338734e+01
-2.390387572291738927e+00 1.625884715132430358e+01
-2.388829809129606740e+00 1.662828867796715215e+01
-2.387272045967474554e+00 1.693635425608367484e+01
-2.385714282805342812e+00 1.591708476635880842e+01
-2.384156519643210626e+00 1.571355625047199922e+01
-2.382598756481078439e+00 2.013777139341029709e+01
-2.381040993318946253e+00 1.718201787510943390e+01
-2.379483230156814066e+00 1.609926491647345870e+01
-2.377925466994681880e+00 1.422607609465936562e+01
-2.376367703832549694e+00 2.226443541637174306e+01
-2.374809940670417951e+00 2.221043311517353658e+01
-2.373252177508285765e+00 2.010156795041167754e+01
-2.371694414346153579e+00 2.012741804283701441e+01
-2.370136651184021392e+00 1.976296260023255869e+01
-2.368578888021889206e+00 1.783863425331263386e+01
-2.367021124859757464e+00 1.830023852152019259e+01
-2.365463361697624833e+00 1.959103597880250902e+01
-2.363905598535493091e+00 1.911912246794965498e+01
-2.362347835373360905e+00 1.528993022116472034e+01
-2.360790072211228718e+00 2.041099282559677519e+01
-2.359232309049096532e+00 2.168404809769878483e+01
-2.357674545886964346e+00 1.618642672788842773e+01
-2.356116782724832603e+00 1.436632183913275718e+01
-2.354559019562699973e+00 1.878074659783744238e+01
-2.353001256400568231e+00 1.779791836538425187e+01
-2.351443493238436044e+00 1.823741712201696785e+01
-2.349885730076303858e+00 1.945823918587007384e+01
-2.348327966914171672e+00 1.840174868071633796e+01
-2.346770203752039485e+00 1.888696966036670588e+01
-2.345212440589907743e+00 2.012415590122025932e+01
-2.343654677427775113e+00 1.882633389351935449e+01
-2.342096914265643370e+00 2.080164077120930344e+01
-2.340539151103511184e+00 2.114529372109198846e+01
-2.338981387941378998e+00 2.184442671773166111e+01
-2.337423624779246811e+00 1.772219163004003661e+01
-2.335865861617114625e+00 1.702590245438215177e+01
-2.334308098454982883e+00 1.550862028548396587e+01
-2.332750335292850696e+00 1.548496404271720017e+01
-2.331192572130718510e+00 1.620821048311300316e+01
-2.329634808968586324e+00 1.868622204966065681e+01
-2.328077045806454137e+00 1.913565794949993659e+01
-2.326519282644321951e+00 1.989361844990666484e+01
-2.324961519482189765e+00 1.959563268435636729e+01
-2.323403756320058022e+00 1.444379860829229756e+01
-2.321845993157925836e+00 1.454173153009491770e+01
-2.320288229995793650e+00 1.492778300071846331e+01
-2.318730466833661463e+00 2.101566757400730268e+01
-2.317172703671529277e+00 1.717461557838957376e+01
-2.315614940509397091e+00 1.709183308273786039e+01
-2.314057177347264904e+00 1.676065867276895460e+01
-2.312499414185133162e+00 1.833734387880268812e+01
-2.310941651023000976e+00 1.615479498084783572e+01
-2.309383887860868789e+00 1.535831420403175329e+01
-2.307826124698736603e+00 1.545532768564610748e+01
-2.306268361536604417e+00 1.651724457905229571e+01
-2.304710598374472230e+00 1.649499670921767702e+01
-2.303152835212340044e+00 1.565675635501852270e+01
-2.301595072050208302e+00 1.748950836977200396e+01
-2.300037308888076115e+00 1.681059039572355829e+01
-2.298479545725943929e+00 1.702408652303216741e+01
-2.296921782563811743e+00 1.768709228214760287e+01
-2.295364019401679556e+00 1.709651781994028852e+01
-2.293806256239547370e+00 1.775777987078577524e+01
-2.292248493077415183e+00 1.792728413137939469e+01
-2.290690729915283441e+00 1.485750708604996362e+01
-2.289132966753151255e+00 1.462294019423841185e+01
-2.287575203591019068e+00 2.009048088047693525e+01
-2.286017440428886882e+00 2.315019079889135867e+01
-2.284459677266754696e+00 2.142296944021718375e+01
-2.282901914104622954e+00 1.810154550785803806e+01
-2.281344150942490323e+00 1.798818958778235455e+01
-2.279786387780358581e+00 1.691845291218891134e+01
-2.278228624618226394e+00 1.704005370843101730e+01
-2.276670861456094208e+00 1.694179356152891103e+01
-2.275113098293962022e+00 1.563006611154530390e+01
-2.273555335131829835e+00 1.850858908413375303e+01
-2.271997571969698093e+00 1.995257615147498242e+01
-2.270439808807565463e+00 1.890315559975773141e+01
-2.268882045645433720e+00 2.083182635656584125e+01
-2.267324282483301534e+00 2.144182861216634706e+01
-2.265766519321169348e+00 1.623585895382765543e+01
-2.264208756159037161e+00 1.561338295642870655e+01
-2.262650992996904975e+00 1.866709650817806221e+01
-2.261093229834773233e+00 1.662614989441810565e+01
-2.259535466672640602e+00 1.963848502237382831e+01
-2.257977703510508860e+00 2.054434312768210091e+01
-2.256419940348376674e+00 1.639454964224987421e+01
-2.254862177186244487e+00 2.172896580860765781e+01
-2.253304414024112301e+00 1.932952090047749749e+01
-2.251746650861980115e+00 1.573921410711879076e+01
-2.250188887699848372e+00 1.559668829898440379e+01
-2.248631124537716186e+00 1.620608516253750864e+01
-2.247073361375584000e+00 1.713782263962932007e+01
-2.245515598213451813e+00 1.854540629695846121e+01
-2.243957835051319627e+00 2.220880613353717692e+01
-2.242400071889187441e+00 2.288602702863586202e+01
-2.240842308727055254e+00 1.928922953332351398e+01
-2.239284545564923512e+00 1.722352002240073077e+01
-2.237726782402791326e+00 1.216452027483656551e+01
-2.236169019240659139e+00 1.740552010367461477e+01
-2.234611256078526953e+00 1.900687435418781845e+01
-2.233053492916394767e+00 2.197134257047766681e+01
-2.231495729754262580e+00 1.973233427692190034e+01
-2.229937966592130394e+00 1.850573525459550694e+01
-2.228380203429998652e+00 2.045471867420855716e+01
-2.226822440267866465e+00 1.846308515455597998e+01
-2.225264677105734279e+00 1.691292394043637870e+01
-2.223706913943602093e+00 1.796654929671251466e+01
-2.222149150781469906e+00 1.711780089259314508e+01
-2.220591387619337720e+00 1.979061035714917338e+01
-2.219033624457205534e+00 1.782176420946077400e+01
-2.217475861295073791e+00 1.864482276744031353e+01
-2.215918098132941605e+00 1.604173104877958878e+01
-2.214360334970809419e+00 1.610556404560500354e+01
-2.212802571808677232e+00 1.709688410999912023e+01
-2.211244808646545046e+00 2.176107683451686370e+01
-2.209687045484412860e+00 2.008120679446787094e+01
-2.208129282322280673e+00 1.940341975781350570e+01
-2.206571519160148931e+00 2.020864988033201826e+01
-2.205013755998016745e+00 1.776059093607091555e+01
-2.203455992835884558e+00 1.716559454773734927e+01
-2.201898229673752372e+00 1.906550957115386069e+01
-2.200340466511620185e+00 2.206621519722844837e+01
-2.198782703349488443e+00 1.957745976175491265e+01
-2.197224940187355813e+00 1.942248523697966789e+01
-2.195667177025224071e+00 1.916225755743279535e+01
-2.194109413863091884e+00 2.045170093107175902e+01
-2.192551650700959698e+00 2.277511548693076904e+01
-2.190993887538827511e+00 2.039278195601162835e+01
-2.189436124376695325e+00 2.006264037419114032e+01
-2.187878361214563583e+00 1.874430518894892828e+01
-2.186320598052430952e+00 1.923514879638354103e+01
-2.184762834890299210e+00 1.889418755130003191e+01
-2.183205071728167024e+00 1.607723426861330651e+01
-2.181647308566034837e+00 1.518071231513131281e+01
-2.180089545403902651e+00 1.720561153176292279e+01
-2.178531782241770465e+00 1.795910230113490869e+01
-2.176974019079638722e+00 1.893877171922551739e+01
-2.175416255917506092e+00 1.690296123589029165e+01
-2.173858492755374350e+00 1.458961217081948547e+01
-2.172300729593242163e+00 1.417443313005504280e+01
-2.170742966431109977e+00 1.733169168693413908e+01
-2.169185203268977791e+00 2.025420919838372669e+01
-2.167627440106845604e+00 1.818825508604873420e+01
-2.166069676944713862e+00 1.765330196596711687e+01
-2.164511913782581232e+00 1.865487178675727620e+01
-2.162954150620449489e+00 1.924213565041310403e+01
-2.161396387458317303e+00 1.848554715598946174e+01
-2.159838624296185117e+00 1.958339859317274190e+01
-2.158280861134053374e+00 2.063061504250123690e+01
-2.156723097971920744e+00 1.949724158609137348e+01
-2.155165334809789002e+00 1.981318170416372482e+01
-2.153607571647656371e+00 1.885337309386065030e+01
-2.152049808485524629e+00 1.685142267437373320e+01
-2.150492045323392443e+00 1.526412275942557706e+01
-2.148934282161260256e+00 1.964173336042615858e+01
-2.147376518999128514e+00 1.883751210825070643e+01
-2.145818755836995884e+00 2.010905075721684554e+01
-2.144260992674864141e+00 2.019265594114556350e+01
-2.142703229512731955e+00 1.680649996797546919e+01
-2.141145466350599769e+00 1.945542790464176264e+01
-2.139587703188467582e+00 2.145222323876705417e+01
-2.138029940026335396e+00 2.138888075348089757e+01
-2.136472176864203654e+00 2.317684948331206130e+01
-2.134914413702071023e+00 2.013737023198607901e+01
-2.133356650539939281e+00 2.202681610615227825e+01
-2.131798887377807095e+00 1.849778902470506736e+01
-2.130241124215674908e+00 1.812273919879226014e+01
-2.128683361053542722e+00 1.888526440458950972e+01
-2.127125597891410536e+00 1.733580189372587910e+01
-2.125567834729278793e+00 1.806815004442513484e+01
-2.124010071567146163e+00 2.124731796939115824e+01
-2.122452308405014421e+00 2.320660778196508289e+01
-2.120894545242882234e+00 2.041016472234775492e+01
-2.119336782080750048e+00 2.078148417183386698e+01
-2.117779018918617862e+00 1.620821682040949341e+01
-2.116221255756485675e+00 1.700068002685541657e+01
-2.114663492594353933e+00 1.969123038607379073e+01
-2.113105729432221302e+00 1.998090796363844035e+01
-2.111547966270089560e+00 1.861400566612906360e+01
-2.109990203107957374e+00 1.941530597723901153e+01
-2.108432439945825188e+00 1.997271761167885629e+01
-2.106874676783693001e+00 2.171765261164058813e+01
-2.105316913621560815e+00 2.146836072558440023e+01
-2.103759150459429073e+00 1.958607547204956489e+01
-2.102201387297296442e+00 2.131575278275390417e+01
-2.100643624135164700e+00 2.014930689302186195e+01
-2.099085860973032513e+00 2.123508389333421675e+01
-2.097528097810900327e+00 2.137542439785654125e+01
-2.095970334648768141e+00 2.265125326852301058e+01
-2.094412571486635954e+00 2.038777698504913616e+01
-2.092854808324504212e+00 1.813014830325990445e+01
-2.091297045162371582e+00 2.026264938272129612e+01
-2.089739282000239839e+00 1.773977311124799172e+01
-2.088181518838107653e+00 1.679169388189410839e+01
-2.086623755675975467e+00 1.885267072739765837e+01
-2.085065992513843280e+00 2.017846288814753208e+01
-2.083508229351711094e+00 1.968695347136922891e+01
-2.081950466189579352e+00 1.759596924109983718e+01
-2.080392703027446721e+00 2.004141916296565995e+01
-2.078834939865314979e+00 2.160580142302056572e+01
-2.077277176703182793e+00 1.949987921376796152e+01
-2.075719413541050606e+00 1.741561489814453978e+01
-2.074161650378918864e+00 1.552094619785809471e+01
-2.072603887216786234e+00 1.883508742934066404e+01
-2.071046124054654491e+00 2.232495163606881761e+01
-2.069488360892521861e+00 1.793769580046911827e+01
-2.067930597730390119e+00 1.826846904152029794e+01
-2.066372834568257932e+00 2.084001306212748261e+01
-2.064815071406125746e+00 2.125284432726716588e+01
-2.063257308243994004e+00 1.942411815396279451e+01
-2.061699545081861373e+00 1.838885870832152492e+01
-2.060141781919729631e+00 2.071903797888921162e+01
-2.058584018757597445e+00 1.906525254581469042e+01
-2.057026255595465258e+00 2.277899925345197119e+01
-2.055468492433333072e+00 2.025725292125456534e+01
-2.053910729271200886e+00 1.959029236467954505e+01
-2.052352966109069143e+00 1.905767247848918444e+01
-2.050795202946936513e+00 1.877340604508894373e+01
-2.049237439784804771e+00 1.978462340548837517e+01
-2.047679676622672584e+00 2.065929697666532050e+01
-2.046121913460540398e+00 2.032407262146219651e+01
-2.044564150298408212e+00 2.008011171202564071e+01
-2.043006387136276025e+00 1.862925455556480969e+01
-2.041448623974144283e+00 2.005563345532747732e+01
-2.039890860812011653e+00 2.160263042672474754e+01
-2.038333097649879910e+00 1.946700832075374521e+01
-2.036775334487747724e+00 2.231253694604603410e+01
-2.035217571325615538e+00 2.341638359559823002e+01
-2.033659808163483351e+00 1.823499156383000042e+01
-2.032102045001351165e+00 1.945309007312908633e+01
-2.030544281839219423e+00 1.871019125769277736e+01
-2.028986518677086792e+00 1.833124248071178997e+01
-2.027428755514955050e+00 1.942719533347726824e+01
-2.025870992352822864e+00 2.113460900334564485e+01
-2.024313229190690677e+00 2.300634269585789582e+01
-2.022755466028558491e+00 1.965226835656739368e+01
-2.021197702866426305e+00 1.491998200952035702e+01
-2.019639939704294562e+00 1.834774910518795821e+01
-2.018082176542161932e+00 2.068223901285507083e+01
-2.016524413380030190e+00 1.810909096805573526e+01
-2.014966650217898003e+00 1.640335639601743267e+01
-2.013408887055765817e+00 1.922424061009622065e+01
-2.011851123893633631e+00 1.695150029726457319e+01
-2.010293360731501444e+00 1.827825556100020421e+01
-2.008735597569369702e+00 2.070639889663437572e+01
-2.007177834407237071e+00 1.964808045740199560e+01
-2.005620071245105329e+00 1.807335572758648112e+01
-2.004062308082973143e+00 1.851530573163165272e+01
-2.002504544920840956e+00 1.584916623226352073e+01
-2.000946781758709214e+00 1.837330373923639470e+01
-1.999389018596576806e+00 1.992553768582098073e+01
-1.997831255434444619e+00 2.106284250848375095e+01
-1.996273492272312433e+00 2.103787759693599213e+01
-1.994715729110180469e+00 1.793866365143095365e+01
-1.993157965948048282e+00 1.889594539072037094e+01
-1.991600202785916096e+00 2.024005629070293821e+01
-1.990042439623784132e+00 2.079709190535002961e+01
-1.988484676461651945e+00 2.235051905977189080e+01
-1.986926913299519759e+00 2.157200377221731813e+01
-1.985369150137387573e+00 1.947905447731497475e+01
-1.983811386975255608e+00 2.226895893334593168e+01
-1.982253623813123422e+00 2.166097628564558875e+01
-1.980695860650991236e+00 1.600945324777374523e+01
-1.979138097488859271e+00 2.234659257379350450e+01
-1.977580334326727085e+00 1.907378087428406843e+01
-1.976022571164594899e+00 1.806664453104461643e+01
-1.974464808002462934e+00 2.058341812230959178e+01
-1.972907044840330748e+00 2.156062113975106342e+01
-1.971349281678198562e+00 2.186522110774376415e+01
-1.969791518516066375e+00 2.257295983497922975e+01
-1.968233755353934411e+00 2.375628577966520538e+01
-1.966675992191802225e+00 2.086380869324316478e+01
-1.965118229029670038e+00 2.196560852858834068e+01
-1.963560465867538074e+00 1.916193501809753741e+01
-1.962002702705405888e+00 2.030936941855247468e+01
-1.960444939543273701e+00 2.408477887107415327e+01
-1.958887176381141737e+00 2.214104816872231041e+01
-1.957329413219009551e+00 1.832041526403343212e+01
-1.955771650056877364e+00 1.802803879195768744e+01
-1.954213886894745178e+00 1.938437346411286555e+01
-1.952656123732613214e+00 1.966184252962008827e+01
-1.951098360570481027e+00 2.199231529327347801e+01
-1.949540597408348841e+00 2.229537055356975728e+01
-1.947982834246216877e+00 2.247783149162613014e+01
-1.946425071084084690e+00 2.049889599925781525e+01
-1.944867307921952504e+00 2.286853809015762096e+01
-1.943309544759820540e+00 1.923356243248121800e+01
-1.941751781597688353e+00 1.905520310500373782e+01
-1.940194018435556167e+00 2.030836680086490631e+01
-1.938636255273423981e+00 2.095283737595361728e+01
-1.937078492111292016e+00 1.958868747130637900e+01
-1.935520728949159830e+00 1.794782193713576035e+01
-1.933962965787027644e+00 1.832378446463819444e+01
-1.932405202624895679e+00 1.974086334958357014e+01
-1.930847439462763493e+00 1.666285309583166452e+01
-1.929289676300631307e+00 1.766785635728511039e+01
-1.927731913138499120e+00 1.551966591955685715e+01
-1.926174149976367156e+00 1.707940029700953133e+01
-1.924616386814234970e+00 1.671869540783554342e+01
-1.923058623652102783e+00 1.731869418997447596e+01
-1.921500860489970819e+00 2.391767183858922508e+01
-1.919943097327838633e+00 2.563854884683280488e+01
-1.918385334165706446e+00 2.038725002881185233e+01
-1.916827571003574482e+00 1.837985237727221133e+01
-1.915269807841442296e+00 1.935347727443354415e+01
-1.913712044679310109e+00 1.718773506682932961e+01
-1.912154281517177923e+00 1.804120512902055040e+01
-1.910596518355045959e+00 1.737215639469048867e+01
-1.909038755192913772e+00 1.954158724493281341e+01
-1.907480992030781586e+00 2.259395625932858920e+01
-1.905923228868649622e+00 2.052529003481605230e+01
-1.904365465706517435e+00 2.016618852894077918e+01
-1.902807702544385249e+00 1.787239064443667758e+01
-1.901249939382253284e+00 1.980904107232568734e+01
-1.899692176220121098e+00 1.960520719160255965e+01
-1.898134413057988912e+00 1.748057254343288847e+01
-1.896576649895856725e+00 1.951911577261483188e+01
-1.895018886733724761e+00 2.203689674110871266e+01
-1.893461123571592575e+00 2.323413880537188447e+01
-1.891903360409460388e+00 2.465654273008872011e+01
-1.890345597247328424e+00 2.023648087892130576e+01
-1.888787834085196238e+00 2.044398250894491298e+01
-1.887230070923064051e+00 2.079358973809881661e+01
-1.885672307760931865e+00 2.105706761087271772e+01
-1.884114544598799901e+00 2.175756292104019707e+01
-1.882556781436667714e+00 2.175966737270463014e+01
-1.880999018274535528e+00 2.182228026171495472e+01
-1.879441255112403564e+00 2.136236363362017343e+01
-1.877883491950271377e+00 2.059643865247697647e+01
-1.876325728788139191e+00 1.686084148900890867e+01
-1.874767965626007227e+00 1.816279296855420000e+01
-1.873210202463875040e+00 1.910634705151242585e+01
-1.871652439301742854e+00 2.285173431793874954e+01
-1.870094676139610668e+00 2.394073181002395501e+01
-1.868536912977478703e+00 1.862554175973754056e+01
-1.866979149815346517e+00 2.460974324415050063e+01
-1.865421386653214331e+00 2.769324948714302792e+01
-1.863863623491082366e+00 2.366206559714259328e+01
-1.862305860328950180e+00 1.984595725405232969e+01
-1.860748097166817994e+00 1.880686276911616517e+01
-1.859190334004686029e+00 2.146018958016040301e+01
-1.857632570842553843e+00 2.072382862212496946e+01
-1.856074807680421657e+00 2.238381272051146453e+01
-1.854517044518289470e+00 2.176559172262017228e+01
-1.852959281356157506e+00 1.880003918795818052e+01
-1.851401518194025320e+00 1.683818533398550699e+01
-1.849843755031893133e+00 2.059045115750356203e+01
-1.848285991869761169e+00 2.144888840793793960e+01
-1.846728228707628983e+00 1.973147578072826391e+01
-1.845170465545496796e+00 2.123701276552979067e+01
-1.843612702383364610e+00 2.227229317006781173e+01
-1.842054939221232646e+00 2.202299891187941228e+01
-1.840497176059100459e+00 2.322910030908682089e+01
-1.838939412896968273e+00 2.543994384333959502e+01
-1.837381649734836309e+00 2.078213676821916067e+01
-1.835823886572704122e+00 1.965839313539049371e+01
-1.834266123410571936e+00 1.923770561005959578e+01
-1.832708360248439972e+00 1.961173377937335971e+01
-1.831150597086307785e+00 1.898266245360054683e+01
-1.829592833924175599e+00 1.988140741966584102e+01
-1.828035070762043413e+00 2.260026314296414185e+01
-1.826477307599911448e+00 2.214158985653358513e+01
-1.824919544437779262e+00 1.769716350217498402e+01
-1.823361781275647076e+00 1.894859731394653224e+01
-1.821804018113515111e+00 2.118580634428044718e+01
-1.820246254951382925e+00 2.402099180922075305e+01
-1.818688491789250739e+00 2.201545119076864054e+01
-1.817130728627118774e+00 2.351518052169188167e+01
-1.815572965464986588e+00 2.366789528754943817e+01
-1.814015202302854401e+00 2.052055582595487238e+01
-1.812457439140722215e+00 2.104099105634828959e+01
-1.810899675978590251e+00 2.131619382436883114e+01
-1.809341912816458064e+00 1.967826438235960396e+01
-1.807784149654325878e+00 1.934517512448734422e+01
-1.806226386492193914e+00 2.078351944700855469e+01
-1.804668623330061727e+00 2.032627260849534778e+01
-1.803110860167929541e+00 2.434442544453206025e+01
-1.801553097005797577e+00 2.056956176522833246e+01
-1.799995333843665390e+00 1.986860748840789626e+01
-1.798437570681533204e+00 2.033119116410700045e+01
-1.796879807519401018e+00 1.791191917403044798e+01
-1.795322044357269053e+00 1.932149098895814987e+01
-1.793764281195136867e+00 1.831107164371429263e+01
-1.792206518033004681e+00 2.100524062422194760e+01
-1.790648754870872716e+00 2.056673785522328046e+01
-1.789090991708740530e+00 2.125035857105224224e+01
-1.787533228546608344e+00 2.296060856365494374e+01
-1.785975465384476157e+00 2.077874172011389931e+01
-1.784417702222344193e+00 1.569386327789218782e+01
-1.782859939060212007e+00 1.592346575885900251e+01
-1.781302175898079820e+00 2.095309708474905008e+01
-1.779744412735947856e+00 2.185299806203222772e+01
-1.778186649573815670e+00 1.814288702453926660e+01
-1.776628886411683483e+00 1.677307804462914476e+01
-1.775071123249551519e+00 2.400010130376705320e+01
-1.773513360087419333e+00 1.793731845728251884e+01
-1.771955596925287146e+00 2.195472067603595434e+01
-1.770397833763154960e+00 2.662686635460014983e+01
-1.768840070601022996e+00 2.520196838369386327e+01
-1.767282307438890809e+00 2.262587813155440131e+01
-1.765724544276758623e+00 2.013699736521013506e+01
-1.764166781114626659e+00 2.166564467842104946e+01
-1.762609017952494472e+00 2.575998391179738789e+01
-1.761051254790362286e+00 2.371289205388013244e+01
-1.759493491628230322e+00 2.249694077372378231e+01
-1.757935728466098135e+00 2.143685053505967630e+01
-1.756377965303965949e+00 2.109677620856302838e+01
-1.754820202141833763e+00 2.282372332638480827e+01
-1.753262438979701798e+00 2.243009914242382763e+01
-1.751704675817569612e+00 2.160880195382721070e+01
-1.750146912655437426e+00 1.979252506164767311e+01
-1.748589149493305461e+00 1.811950576085533626e+01
-1.747031386331173275e+00 2.067351535782258054e+01
-1.745473623169041089e+00 2.047700877777884898e+01
-1.743915860006909124e+00 1.892972005521375323e+01
-1.742358096844776938e+00 1.946811673371907148e+01
-1.740800333682644752e+00 1.861269784267642535e+01
-1.739242570520512565e+00 1.786297628751450972e+01
-1.737684807358380601e+00 1.746368157069967708e+01
-1.736127044196248415e+00 1.766251766301233062e+01
-1.734569281034116228e+00 1.993866497392328796e+01
-1.733011517871984264e+00 2.435513551272037702e+01
-1.731453754709852078e+00 2.398677117572416151e+01
-1.729895991547719891e+00 2.270814293099357783e+01
-1.728338228385587705e+00 2.207884935642282187e+01
-1.726780465223455741e+00 2.398459299143207701e+01
-1.725222702061323554e+00 2.068063321225371354e+01
-1.723664938899191368e+00 1.880553389842943091e+01
-1.722107175737059404e+00 1.882935876938240227e+01
-1.720549412574927217e+00 1.830460694239779329e+01
-1.718991649412795031e+00 1.761557461207755182e+01
-1.717433886250663067e+00 1.774688689385865814e+01
-1.715876123088530880e+00 1.468434853056280431e+01
-1.714318359926398694e+00 1.666238022656384743e+01
-1.712760596764266507e+00 1.861026072442044565e+01
-1.711202833602134543e+00 1.845053473724181003e+01
-1.709645070440002357e+00 1.898780884466266983e+01
-1.708087307277870170e+00 2.096608527571264702e+01
-1.706529544115738206e+00 2.201189137164585574e+01
-1.704971780953606020e+00 2.360102532752240023e+01
-1.703414017791473833e+00 2.069632509228064876e+01
-1.701856254629341869e+00 1.485635456885205841e+01
-1.700298491467209683e+00 1.829419773461889775e+01
-1.698740728305077496e+00 1.781066628495167592e+01
-1.697182965142945310e+00 1.670554364801437686e+01
-1.695625201980813346e+00 1.809714502557300264e+01
-1.694067438818681159e+00 2.147513751605448107e+01
-1.692509675656548973e+00 2.278187475691239072e+01
-1.690951912494417009e+00 2.401117706533006313e+01
-1.689394149332284822e+00 1.906561681141345588e+01
-1.687836386170152636e+00 1.731475483901702006e+01
-1.686278623008020450e+00 1.909865704256486652e+01
-1.684720859845888485e+00 1.966825813786099886e+01
-1.683163096683756299e+00 1.918845297137988126e+01
-1.681605333521624113e+00 1.824614404423415337e+01
-1.680047570359492148e+00 1.943751676973521114e+01
-1.678489807197359962e+00 1.928248235761566320e+01
-1.676932044035227776e+00 1.872335114603973594e+01
-1.675374280873095811e+00 1.968623753634453521e+01
-1.673816517710963625e+00 2.079229071895192504e+01
-1.672258754548831439e+00 2.409670182140855843e+01
-1.670700991386699252e+00 2.070171412581290227e+01
-1.669143228224567288e+00 2.317774256807534172e+01
-1.667585465062435102e+00 2.834893938844826167e+01
-1.666027701900302915e+00 2.739936587444073623e+01
-1.664469938738170951e+00 2.302476461623128401e+01
-1.662912175576038765e+00 2.128054029315548235e+01
-1.661354412413906578e+00 1.611792170800626778e+01
-1.659796649251774614e+00 2.113329020696750860e+01
-1.658238886089642428e+00 2.244873582268875722e+01
-1.656681122927510241e+00 2.073689149114994024e+01
-1.655123359765378055e+00 2.307492747807904721e+01
-1.653565596603246091e+00 2.398788332894655184e+01
-1.652007833441113904e+00 2.402507459689156022e+01
-1.650450070278981718e+00 2.308777876055902567e+01
-1.648892307116849754e+00 2.492138921033754073e+01
-1.647334543954717567e+00 1.882197458165024173e+01
-1.645776780792585381e+00 2.082154586609260605e+01
-1.644219017630453195e+00 1.853306617561118586e+01
-1.642661254468321230e+00 2.053272898691010795e+01
-1.641103491306189044e+00 2.429053962731334693e+01
-1.639545728144056858e+00 1.914807192174450989e+01
-1.637987964981924893e+00 1.516642600796630802e+01
-1.636430201819792707e+00 1.799362260494488197e+01
-1.634872438657660521e+00 1.996355482342097787e+01
-1.633314675495528556e+00 1.718345541107640173e+01
-1.631756912333396370e+00 1.742526761590170636e+01
-1.630199149171264184e+00 1.964939955904190683e+01
-1.628641386009131997e+00 1.878200033774092148e+01
-1.627083622847000033e+00 2.536633550221129596e+01
-1.625525859684867847e+00 2.660368511527616064e+01
-1.623968096522735660e+00 2.261697124936155134e+01
-1.622410333360603696e+00 1.982238093005184609e+01
-1.620852570198471509e+00 1.955693733158522463e+01
-1.619294807036339323e+00 2.246354215305949609e+01
-1.617737043874207359e+00 1.813280513363277535e+01
-1.616179280712075172e+00 1.682922519003540529e+01
-1.614621517549942986e+00 1.930595841649385491e+01
-1.613063754387810800e+00 2.156943210370627995e+01
-1.611505991225678835e+00 2.316971090352657114e+01
-1.609948228063546649e+00 2.140914522641340767e+01
-1.608390464901414463e+00 1.947247443166950021e+01
-1.606832701739282498e+00 2.190817782295339100e+01
-1.605274938577150312e+00 1.843669425536814188e+01
-1.603717175415018126e+00 1.889608012654414892e+01
-1.602159412252886161e+00 2.159903219255100382e+01
-1.600601649090753975e+00 2.321421531381716008e+01
-1.599043885928621789e+00 2.110290726318533672e+01
-1.597486122766489602e+00 2.003820414228341917e+01
-1.595928359604357638e+00 2.073594046538641678e+01
-1.594370596442225452e+00 2.121186859483536935e+01
-1.592812833280093265e+00 2.234915087516070287e+01
-1.591255070117961301e+00 2.027279685979965151e+01
-1.589697306955829115e+00 2.019497607283268437e+01
-1.588139543793696928e+00 2.396729195051752015e+01
-1.586581780631564742e+00 2.140135378258584353e+01
-1.585024017469432778e+00 2.280648337876368004e+01
-1.583466254307300591e+00 2.449609992720474594e+01
-1.581908491145168405e+00 2.269564392617686011e+01
-1.580350727983036441e+00 2.189933588747372895e+01
-1.578792964820904254e+00 1.935633830105989972e+01
-1.577235201658772068e+00 1.635274713193725304e+01
-1.575677438496640104e+00 1.478001909534133773e+01
-1.574119675334507917e+00 2.516487635368511988e+01
-1.572561912172375731e+00 2.590232095231928255e+01
-1.571004149010243545e+00 2.288706467978386172e+01
-1.569446385848111580e+00 2.338165577314244459e+01
-1.567888622685979394e+00 2.176477663934230122e+01
-1.566330859523847208e+00 2.136912147771802850e+01
-1.564773096361715243e+00 2.284888617465470162e+01
-1.563215333199583057e+00 2.451543840812352570e+01
-1.561657570037450871e+00 2.095283924486768967e+01
-1.560099806875318906e+00 1.806577001359649159e+01
-1.558542043713186720e+00 2.414991945889388347e+01
-1.556984280551054534e+00 2.419970584976128691e+01
-1.555426517388922347e+00 2.018396410513816264e+01
-1.553868754226790383e+00 2.032863701574253668e+01
-1.552310991064658197e+00 2.223113065839527280e+01
-1.550753227902526010e+00 2.203101555693415747e+01
-1.549195464740394046e+00 2.253136787415402864e+01
-1.547637701578261860e+00 2.358701681605326073e+01
-1.546079938416129673e+00 2.701338830720074213e+01
-1.544522175253997709e+00 2.470731997857188134e+01
-1.542964412091865523e+00 2.030358127604872109e+01
-1.541406648929733336e+00 2.097270532419783962e+01
-1.539848885767601150e+00 2.149277289842354577e+01
-1.538291122605469186e+00 2.088212684775721328e+01
-1.536733359443336999e+00 2.052854674566588500e+01
-1.535175596281204813e+00 2.007471583066622145e+01
-1.533617833119072849e+00 1.979561483353555573e+01
-1.532060069956940662e+00 1.842536116519066880e+01
-1.530502306794808476e+00 1.921634291336023637e+01
-1.528944543632676289e+00 1.848131892246071217e+01
-1.527386780470544325e+00 2.236577456709573042e+01
-1.525829017308412139e+00 2.486768044918026277e+01
-1.524271254146279952e+00 2.338868670711311282e+01
-1.522713490984147988e+00 2.155734158786701471e+01
-1.521155727822015802e+00 1.928153937025692954e+01
-1.519597964659883615e+00 2.415353502802309649e+01
-1.518040201497751651e+00 2.884178896299128425e+01
-1.516482438335619465e+00 2.254578314096254132e+01
-1.514924675173487278e+00 1.746469439443815119e+01
-1.513366912011355092e+00 1.921102646983194262e+01
-1.511809148849223128e+00 2.056283220989756444e+01
-1.510251385687090941e+00 2.029629379428999059e+01
-1.508693622524958755e+00 2.222794624937460028e+01
-1.507135859362826791e+00 2.397897757502721916e+01
-1.505578096200694604e+00 2.064461502707734653e+01
-1.504020333038562418e+00 1.710793187992967646e+01
-1.502462569876430454e+00 1.649793299951393166e+01
-1.500904806714298267e+00 1.995054878938853804e+01
-1.499347043552166081e+00 1.984084046996705197e+01
-1.497789280390033895e+00 2.025442135757939965e+01
-1.496231517227901930e+00 2.209851409685211010e+01
-1.494673754065769744e+00 2.234037349021994956e+01
-1.493115990903637558e+00 2.302862688674034430e+01
-1.491558227741505593e+00 2.166574459156265320e+01
-1.490000464579373407e+00 1.865901323475658202e+01
-1.488442701417241221e+00 2.164727966736362674e+01
-1.486884938255109034e+00 2.027014591253947273e+01
-1.485327175092977070e+00 1.944712027102852403e+01
-1.483769411930844884e+00 1.978661832558633549e+01
-1.482211648768712697e+00 1.839274686832584038e+01
-1.480653885606580733e+00 1.814053667473604747e+01
-1.479096122444448547e+00 1.956690431110951423e+01
-1.477538359282316360e+00 1.978234043822563137e+01
-1.475980596120184396e+00 2.143304614770678640e+01
-1.474422832958052210e+00 2.112056562270852211e+01
-1.472865069795920023e+00 1.753868194334490838e+01
-1.471307306633787837e+00 1.882523944987466180e+01
-1.469749543471655873e+00 2.233289239784150126e+01
-1.468191780309523686e+00 2.437388532943969466e+01
-1.466634017147391500e+00 2.287408540787559375e+01
-1.465076253985259536e+00 1.848532176264723503e+01
-1.463518490823127349e+00 1.835486471326542102e+01
-1.461960727660995163e+00 1.878107672430983399e+01
-1.460402964498863199e+00 2.281698565675890933e+01
-1.458845201336731012e+00 2.236870067608924373e+01
-1.457287438174598826e+00 2.174446637803455573e+01
-1.455729675012466640e+00 1.960737308728643313e+01
-1.454171911850334675e+00 1.981841387985057068e+01
-1.452614148688202489e+00 2.156596530398814693e+01
-1.451056385526070303e+00 1.711622430676472106e+01
-1.449498622363938338e+00 1.957382911641412448e+01
-1.447940859201806152e+00 1.935079739208214278e+01
-1.446383096039673966e+00 1.941290297345486593e+01
-1.444825332877541779e+00 2.378028799683823991e+01
-1.443267569715409815e+00 2.278489255593868279e+01
-1.441709806553277629e+00 2.228078264157004540e+01
-1.440152043391145442e+00 2.031457734623168321e+01
-1.438594280229013478e+00 2.008965665584980087e+01
-1.437036517066881292e+00 2.054345244632828127e+01
-1.435478753904749105e+00 1.811037312649705200e+01
-1.433920990742617141e+00 1.256881482705613884e+01
-1.432363227580484955e+00 2.091835889067897369e+01
-1.430805464418352768e+00 2.118189891411586956e+01
-1.429247701256220582e+00 1.798346463476337220e+01
-1.427689938094088618e+00 2.022594268392273520e+01
-1.426132174931956431e+00 2.154227549983643542e+01
-1.424574411769824245e+00 2.416520973883698176e+01
-1.423016648607692280e+00 2.612477918801559440e+01
-1.421458885445560094e+00 2.077501548696194433e+01
-1.419901122283427908e+00 1.681050223658286669e+01
-1.418343359121295943e+00 2.427835571362314582e+01
-1.416785595959163757e+00 1.883402433129545273e+01
-1.415227832797031571e+00 2.017812818085076998e+01
-1.413670069634899384e+00 2.411591651773869316e+01
-1.412112306472767420e+00 2.117222690926246287e+01
-1.410554543310635234e+00 1.940431469480285998e+01
-1.408996780148503047e+00 2.094975098105993538e+01
-1.407439016986371083e+00 2.199754275614913013e+01
-1.405881253824238897e+00 1.866611669152612762e+01
-1.404323490662106710e+00 2.007606365308762619e+01
-1.402765727499974746e+00 1.976929154719788784e+01
-1.401207964337842560e+00 2.079353236294726770e+01
-1.399650201175710373e+00 1.845321486958213697e+01
-1.398092438013578187e+00 1.730681786847987524e+01
-1.396534674851446223e+00 2.009456934521555027e+01
-1.394976911689314036e+00 2.286385907106014059e+01
-1.393419148527181850e+00 2.257534448520606318e+01
-1.391861385365049886e+00 1.702197089875893354e+01
-1.390303622202917699e+00 1.570320565717132055e+01
-1.388745859040785513e+00 1.966435569364909597e+01
-1.387188095878653327e+00 2.189100032621771774e+01
-1.385630332716521362e+00 2.053188348544287223e+01
-1.384072569554389176e+00 2.221768900668327262e+01
-1.382514806392256990e+00 2.321034851500573382e+01
-1.380957043230125025e+00 2.205416074450220520e+01
-1.379399280067992839e+00 2.054984202935693460e+01
-1.377841516905860653e+00 1.816775227140540139e+01
-1.376283753743728688e+00 2.060172557323259568e+01
-1.374725990581596502e+00 2.179569373772214291e+01
-1.373168227419464316e+00 2.295971762256844073e+01
-1.371610464257332129e+00 2.149971982585546826e+01
-1.370052701095200165e+00 1.773388271982338082e+01
-1.368494937933067979e+00 1.712672224798266285e+01
-1.366937174770935792e+00 2.001893055806848665e+01
-1.365379411608803828e+00 2.286745219454279621e+01
-1.363821648446671642e+00 2.286806163687329985e+01
-1.362263885284539455e+00 1.896740091121557725e+01
-1.360706122122407491e+00 2.026966993522999516e+01
-1.359148358960275305e+00 1.817330850569872780e+01
-1.357590595798143118e+00 1.772688429905397811e+01
-1.356032832636010932e+00 2.081095578873596708e+01
-1.354475069473878968e+00 2.028547292123063883e+01
-1.352917306311746781e+00 1.867968447506465424e+01
-1.351359543149614595e+00 1.826532581076471828e+01
-1.349801779987482631e+00 1.742053541052005272e+01
-1.348244016825350444e+00 1.894438867533116877e+01
-1.346686253663218258e+00 1.436036236017252676e+01
-1.345128490501086294e+00 1.482356517553892772e+01
-1.343570727338954107e+00 1.709984737169785163e+01
-1.342012964176821921e+00 2.226212578037839052e+01
-1.340455201014689735e+00 2.721988072051179230e+01
-1.338897437852557770e+00 2.473894262036339242e+01
-1.337339674690425584e+00 2.246713983653109281e+01
-1.335781911528293397e+00 2.435113069883332315e+01
-1.334224148366161433e+00 2.106578109639889007e+01
-1.332666385204029247e+00 2.479507671894531384e+01
-1.331108622041897060e+00 2.351924485516094521e+01
-1.329550858879764874e+00 1.935499707606740927e+01
-1.327993095717632910e+00 1.897429501347468062e+01
-1.326435332555500723e+00 2.509201563301307658e+01
-1.324877569393368537e+00 2.908046303136575617e+01
-1.323319806231236573e+00 2.595992307366315544e+01
-1.321762043069104386e+00 2.365506946362840424e+01
-1.320204279906972200e+00 2.257499024938294596e+01
-1.318646516744840236e+00 2.174017845078289568e+01
-1.317088753582708049e+00 2.027082462854444600e+01
-1.315530990420575863e+00 2.239115194284556054e+01
-1.313973227258443677e+00 2.025564828392121086e+01
-1.312415464096311712e+00 1.834512028762396696e+01
-1.310857700934179526e+00 2.131313544731900578e+01
-1.309299937772047340e+00 2.123536713081143645e+01
-1.307742174609915375e+00 2.248796609345145470e+01
-1.306184411447783189e+00 2.587978592018895796e+01
-1.304626648285651003e+00 2.307954584118517971e+01
-1.303068885123519038e+00 2.114717624420914177e+01
-1.301511121961386852e+00 1.891003797107802598e+01
-1.299953358799254666e+00 2.146532619814730580e+01
-1.298395595637122479e+00 2.625223497479319690e+01
-1.296837832474990515e+00 2.441176852490021076e+01
-1.295280069312858329e+00 2.398916543897366793e+01
-1.293722306150726142e+00 2.399319526150596005e+01
-1.292164542988594178e+00 2.513736514660065779e+01
-1.290606779826461992e+00 2.738579981362888205e+01
-1.289049016664329805e+00 2.235866717606835508e+01
-1.287491253502197619e+00 2.339714368551789292e+01
-1.285933490340065655e+00 2.537905401349316747e+01
-1.284375727177933468e+00 2.411190693638484817e+01
-1.282817964015801282e+00 2.316439579925116732e+01
-1.281260200853669318e+00 2.121577832351856330e+01
-1.279702437691537131e+00 1.971679906802254578e+01
-1.278144674529404945e+00 2.028299213283216673e+01
-1.276586911367272981e+00 2.255821239837597147e+01
-1.275029148205140794e+00 2.401172568496730619e+01
-1.273471385043008608e+00 2.060958954152495792e+01
-1.271913621880876422e+00 2.458967311385122301e+01
-1.270355858718744457e+00 2.348088987131378857e+01
-1.268798095556612271e+00 2.217604338597805125e+01
-1.267240332394480085e+00 2.017645978642345028e+01
-1.265682569232348120e+00 1.784226114130822793e+01
-1.264124806070215934e+00 2.057422971006796786e+01
-1.262567042908083748e+00 2.131292071491543538e+01
-1.261009279745951783e+00 2.024639485373833736e+01
-1.259451516583819597e+00 1.948370536525035135e+01
-1.257893753421687411e+00 1.766976285929236212e+01
-1.256335990259555224e+00 1.667121830739121791e+01
-1.254778227097423260e+00 2.368331012833109028e+01
-1.253220463935291074e+00 2.640280105883842410e+01
-1.251662700773158887e+00 2.261656091098954136e+01
-1.250104937611026923e+00 2.128553174856906338e+01
-1.248547174448894737e+00 2.214769628004017576e+01
-1.246989411286762550e+00 2.261422086519518615e+01
-1.245431648124630364e+00 2.089608341473129371e+01
-1.243873884962498400e+00 2.237531444447818885e+01
-1.242316121800366213e+00 1.872687531830025875e+01
-1.240758358638234027e+00 2.328142380299486902e+01
-1.239200595476102063e+00 2.234891253032576586e+01
-1.237642832313969876e+00 1.996558735121219641e+01
-1.236085069151837690e+00 2.021821694330811070e+01
-1.234527305989705726e+00 2.038400184527645109e+01
-1.232969542827573539e+00 2.240593055959883273e+01
-1.231411779665441353e+00 2.321941232604976690e+01
-1.229854016503309166e+00 2.208527610583279355e+01
-1.228296253341177202e+00 2.378229439492085007e+01
-1.226738490179045016e+00 2.133535971120606689e+01
-1.225180727016912829e+00 2.125461661423192083e+01
-1.223622963854780865e+00 2.060303033855722887e+01
-1.222065200692648679e+00 2.270730133850380739e+01
-1.220507437530516492e+00 2.437471725180587967e+01
-1.218949674368384528e+00 2.402082883378458789e+01
-1.217391911206252342e+00 2.270677425870880839e+01
-1.215834148044120155e+00 2.188648051494479319e+01
-1.214276384881987969e+00 2.232136451693759938e+01
-1.212718621719856005e+00 2.256254960355435557e+01
-1.211160858557723818e+00 2.384609712647955249e+01
-1.209603095395591632e+00 2.234507866497386885e+01
-1.208045332233459668e+00 1.946832104134094266e+01
-1.206487569071327481e+00 1.976423996809899819e+01
-1.204929805909195295e+00 1.912622327740642092e+01
-1.203372042747063331e+00 1.813501086770080306e+01
-1.201814279584931144e+00 2.037291433235164462e+01
-1.200256516422798958e+00 2.200249727541565292e+01
-1.198698753260666772e+00 2.020234970212425196e+01
-1.197140990098534807e+00 1.849630636401262151e+01
-1.195583226936402621e+00 2.626446189386783558e+01
-1.194025463774270435e+00 2.911645695518049237e+01
-1.192467700612138470e+00 2.403918571708615204e+01
-1.190909937450006284e+00 2.214367547721572294e+01
-1.189352174287874320e+00 2.089746884596832288e+01
-1.187794411125742133e+00 2.036358603314988613e+01
-1.186236647963609947e+00 2.226406895889810755e+01
-1.184678884801477761e+00 2.231278467423619105e+01
-1.183121121639345574e+00 2.207659555078302915e+01
-1.181563358477213388e+00 1.791935827171099405e+01
-1.180005595315081202e+00 1.935715381870388896e+01
-1.178447832152949459e+00 1.955612578964714743e+01
-1.176890068990817273e+00 2.137309413008283343e+01
-1.175332305828685087e+00 2.182547558887193517e+01
-1.173774542666552900e+00 1.920076127039284586e+01
-1.172216779504420714e+00 1.875560760898360968e+01
-1.170659016342288528e+00 1.927159717835457542e+01
-1.169101253180156785e+00 1.949003592580905320e+01
-1.167543490018024599e+00 2.175593397729279133e+01
-1.165985726855892413e+00 2.488243871773742910e+01
-1.164427963693760226e+00 2.143149064113450208e+01
-1.162870200531628040e+00 1.891115958125858043e+01
-1.161312437369495854e+00 2.073717729568049606e+01
-1.159754674207363667e+00 1.925707780501078048e+01
-1.158196911045231925e+00 1.776073080268625048e+01
-1.156639147883099739e+00 1.998022139494412386e+01
-1.155081384720967552e+00 2.370685750392570412e+01
-1.153523621558835366e+00 2.566568519911380264e+01
-1.151965858396703180e+00 2.539617964138280826e+01
-1.150408095234570993e+00 2.050795099257134169e+01
-1.148850332072438807e+00 2.155409647473103263e+01
-1.147292568910307065e+00 2.016917458374077654e+01
-1.145734805748174878e+00 1.875777601378752024e+01
-1.144177042586042692e+00 2.043486882916551650e+01
-1.142619279423910505e+00 2.249472861387432232e+01
-1.141061516261778319e+00 2.214516658657879589e+01
-1.139503753099646133e+00 2.058157584599521073e+01
-1.137945989937513946e+00 1.942673903829840398e+01
-1.136388226775382204e+00 2.179011214175646316e+01
-1.134830463613250018e+00 2.222209114885577819e+01
-1.133272700451117831e+00 2.167426187158604023e+01
-1.131714937288985645e+00 2.438250365805653885e+01
-1.130157174126853459e+00 2.387686415497355696e+01
-1.128599410964721272e+00 2.203692873479270631e+01
-1.127041647802589530e+00 2.168595488496803014e+01
-1.125483884640457344e+00 2.207823773948581092e+01
-1.123926121478325157e+00 2.182852649077473473e+01
-1.122368358316192971e+00 2.324830191250032740e+01
-1.120810595154060785e+00 2.521829238451505262e+01
-1.119252831991928598e+00 2.474385183277833988e+01
-1.117695068829796412e+00 2.295376761852875092e+01
-1.116137305667664670e+00 2.292246217257018515e+01
-1.114579542505532483e+00 2.097238847355740177e+01
-1.113021779343400297e+00 1.989000216462959258e+01
-1.111464016181268111e+00 1.835926653279386755e+01
-1.109906253019135924e+00 1.884372991006546627e+01
-1.108348489857003738e+00 2.213262603630357006e+01
-1.106790726694871552e+00 2.395258330300583083e+01
-1.105232963532739809e+00 2.279429691663086999e+01
-1.103675200370607623e+00 1.961489095098593793e+01
-1.102117437208475437e+00 2.058946794178392636e+01
-1.100559674046343250e+00 2.404109968795410879e+01
-1.099001910884211064e+00 2.692480855614552482e+01
-1.097444147722078878e+00 2.405649266691878552e+01
-1.095886384559947135e+00 1.963874555558142276e+01
-1.094328621397814949e+00 1.817577329769088834e+01
-1.092770858235682763e+00 1.623601148727950516e+01
-1.091213095073550576e+00 1.994444602002492317e+01
-1.089655331911418390e+00 2.091804166590354441e+01
-1.088097568749286204e+00 1.809138947692304455e+01
-1.086539805587154017e+00 1.627449572523769206e+01
-1.084982042425022275e+00 1.598037895724641899e+01
-1.083424279262890089e+00 1.993341679490168872e+01
-1.081866516100757902e+00 2.268745608652926649e+01
-1.080308752938625716e+00 2.135559971507718302e+01
-1.078750989776493530e+00 2.139907082202084965e+01
-1.077193226614361343e+00 2.513600300057234449e+01
-1.075635463452229157e+00 2.484473720398764129e+01
-1.074077700290097415e+00 2.166627959052200225e+01
-1.072519937127965228e+00 2.430514040083525984e+01
-1.070962173965833042e+00 2.362993650022258052e+01
-1.069404410803700856e+00 2.232336214039731104e+01
-1.067846647641568669e+00 2.582697389563201895e+01
-1.066288884479436483e+00 2.693324821348198128e+01
-1.064731121317304297e+00 2.333068948370334184e+01
-1.063173358155172554e+00 2.195028876555986486e+01
-1.061615594993040368e+00 2.298963015679307986e+01
-1.060057831830908182e+00 2.342617237449831435e+01
-1.058500068668775995e+00 2.232178877941891315e+01
-1.056942305506643809e+00 2.501027821219445357e+01
-1.055384542344511623e+00 2.339172172890680557e+01
-1.053826779182379880e+00 2.060171507645681288e+01
-1.052269016020247694e+00 2.150836240959311141e+01
-1.050711252858115508e+00 2.123713349941630213e+01
-1.049153489695983321e+00 2.032568792480359576e+01
-1.047595726533851135e+00 2.204089717206730370e+01
-1.046037963371718948e+00 2.274980377442047441e+01
-1.044480200209586762e+00 1.921127723428155321e+01
-1.042922437047455020e+00 2.157626739673790794e+01
-1.041364673885322834e+00 2.189419844490075917e+01
-1.039806910723190647e+00 2.419919397645922388e+01
-1.038249147561058461e+00 2.782283616243345392e+01
-1.036691384398926274e+00 2.705622238085880937e+01
-1.035133621236794088e+00 2.497878294051476544e+01
-1.033575858074661902e+00 2.389256058156619389e+01
-1.032018094912530159e+00 2.529733545815556894e+01
-1.030460331750397973e+00 2.539206422700661037e+01
-1.028902568588265787e+00 2.409869565179698014e+01
-1.027344805426133600e+00 2.355662168028083059e+01
-1.025787042264001414e+00 2.605084504699053127e+01
-1.024229279101869228e+00 2.467896885580088906e+01
-1.022671515939737041e+00 2.493509800943185084e+01
-1.021113752777605299e+00 2.635960001726737900e+01
-1.019555989615473113e+00 2.617145652985184512e+01
-1.017998226453340926e+00 2.239558460700371256e+01
-1.016440463291208740e+00 2.088747211238846901e+01
-1.014882700129076554e+00 2.174083293866316069e+01
-1.013324936966944367e+00 1.975615728804013216e+01
-1.011767173804812625e+00 1.978675569290891900e+01
-1.010209410642680439e+00 2.453269238663136420e+01
-1.008651647480548252e+00 2.262985518303884902e+01
-1.007093884318416066e+00 1.713619880370630355e+01
-1.005536121156283880e+00 1.799547974415216700e+01
-1.003978357994151693e+00 1.670901526800512471e+01
-1.002420594832019507e+00 1.588358292431904673e+01
-1.000862831669887765e+00 1.874429637131614257e+01
-9.993050685077555784e-01 2.139110225749685767e+01
-9.977473053456233920e-01 1.911477357324642767e+01
-9.961895421834912057e-01 2.112292622952513454e+01
-9.946317790213590193e-01 2.078197951885718808e+01
-9.930740158592268330e-01 2.160093565260742210e+01
-9.915162526970946466e-01 2.031437581042942142e+01
-9.899584895349629043e-01 1.995939882355533612e+01
-9.884007263728307180e-01 2.297985623708123981e+01
-9.868429632106985316e-01 2.402029483914162356e+01
-9.852852000485663453e-01 2.071612545720632426e+01
-9.837274368864341589e-01 1.700763555828485707e+01
-9.821696737243019726e-01 1.897195804077236403e+01
-9.806119105621697862e-01 1.639725598152660879e+01
-9.790541474000380440e-01 2.069743017865176427e+01
-9.774963842379058576e-01 2.233828778204653531e+01
-9.759386210757736713e-01 2.435654139222328141e+01
-9.743808579136414849e-01 2.273274327449648169e+01
-9.728230947515092986e-01 2.130497064986808908e+01
-9.712653315893771122e-01 2.494047804097721865e+01
-9.697075684272453699e-01 2.582658607295955733e+01
-9.681498052651131836e-01 2.452484612647901585e+01
-9.665920421029809972e-01 1.983100332465366122e+01
-9.650342789408488109e-01 1.854207909258524367e+01
-9.634765157787166245e-01 2.327026277178809011e+01
-9.619187526165844382e-01 2.485563960197743327e+01
-9.603609894544522518e-01 2.093410971097198470e+01
-9.588032262923205096e-01 2.213576538981434183e+01
-9.572454631301883232e-01 2.321748384311253233e+01
-9.556876999680561369e-01 2.500374710774822518e+01
-9.541299368059239505e-01 2.559165165726847846e+01
-9.525721736437917642e-01 2.594983670888623806e+01
-9.510144104816595778e-01 3.006261378587041833e+01
-9.494566473195273915e-01 2.694316911796398273e+01
-9.478988841573956492e-01 1.922240325816321871e+01
-9.463411209952634628e-01 2.000795874492359516e+01
-9.447833578331312765e-01 2.123064750079766227e+01
-9.432255946709990901e-01 2.339512125907489803e+01
-9.416678315088669038e-01 2.740548538099267617e+01
-9.401100683467347174e-01 2.658345285612732667e+01
-9.385523051846025311e-01 2.417495330105666795e+01
-9.369945420224707888e-01 2.549496064130215345e+01
-9.354367788603386025e-01 2.763686412557111538e+01
-9.338790156982064161e-01 2.381411061489437486e+01
-9.323212525360742298e-01 2.184955865090620719e+01
-9.307634893739420434e-01 2.276570702696266935e+01
-9.292057262118098571e-01 2.017782623828932387e+01
-9.276479630496781148e-01 1.937853675665010300e+01
-9.260901998875459284e-01 2.247440888310183382e+01
-9.245324367254137421e-01 2.486891951192825800e+01
-9.229746735632815557e-01 2.169105823922308929e+01
-9.214169104011493694e-01 1.959810037857769771e+01
-9.198591472390171830e-01 2.247011415071970930e+01
-9.183013840768849967e-01 2.616769195932812764e+01
-9.167436209147532544e-01 2.600346102404510162e+01
-9.151858577526210681e-01 2.582872822973793348e+01
-9.136280945904888817e-01 1.984633330649518257e+01
-9.120703314283566954e-01 1.706741585152581564e+01
-9.105125682662245090e-01 2.090684291706121201e+01
-9.089548051040923227e-01 1.907372867383479331e+01
-9.073970419419601363e-01 1.931120082051050701e+01
-9.058392787798283941e-01 1.860187787492994715e+01
-9.042815156176962077e-01 1.776754576952994924e+01
-9.027237524555640213e-01 1.973850659784056205e+01
-9.011659892934318350e-01 1.786049073424662126e+01
-8.996082261312996486e-01 2.001808460184549077e+01
-8.980504629691674623e-01 2.265884518222642541e+01
-8.964926998070352759e-01 2.392627761639258921e+01
-8.949349366449035337e-01 2.670386489273331421e+01
-8.933771734827713473e-01 2.416904621348684046e+01
-8.918194103206391610e-01 2.072995954510065886e+01
-8.902616471585069746e-01 2.492477615628485310e+01
-8.887038839963747883e-01 2.505419740097777037e+01
-8.871461208342426019e-01 2.015538570611386504e+01
-8.855883576721108597e-01 1.768355152021516830e+01
-8.840305945099786733e-01 1.655473813510263170e+01
-8.824728313478464869e-01 1.814316235730928639e+01
-8.809150681857143006e-01 1.953353506941006046e+01
-8.793573050235821142e-01 2.653964250984301998e+01
-8.777995418614499279e-01 2.331341583645264492e+01
-8.762417786993177415e-01 2.253830252377191812e+01
-8.746840155371859993e-01 2.532272503759236315e+01
-8.731262523750538129e-01 2.461554495369063389e+01
-8.715684892129216266e-01 2.391380695343706719e+01
-8.700107260507894402e-01 2.222382869069315703e+01
-8.684529628886572539e-01 2.123470236742939221e+01
-8.668951997265250675e-01 2.093687530062539182e+01
-8.653374365643928812e-01 2.455496287304810110e+01
-8.637796734022611389e-01 2.345485476090079402e+01
-8.622219102401289526e-01 2.546299810911346384e+01
-8.606641470779967662e-01 2.070651151693453329e+01
-8.591063839158645798e-01 2.028623899431178046e+01
-8.575486207537323935e-01 2.265567317831717276e+01
-8.559908575916002071e-01 2.346235191056836911e+01
-8.544330944294684649e-01 2.462611747191811062e+01
-8.528753312673362785e-01 2.217688301025643582e+01
-8.513175681052040922e-01 2.082708874023585111e+01
-8.497598049430719058e-01 2.216455015331022338e+01
-8.482020417809397195e-01 2.234051062992580228e+01
-8.466442786188075331e-01 2.271534761562821103e+01
-8.450865154566753468e-01 2.295785086713695833e+01
-8.435287522945436045e-01 2.119617801272664792e+01
-8.419709891324114182e-01 2.310281327669065732e+01
-8.404132259702792318e-01 2.335152244350281947e+01
-8.388554628081470455e-01 2.066022356621792255e+01
-8.372976996460148591e-01 2.124392772180373257e+01
-8.357399364838826727e-01 2.442650720636991224e+01
-8.341821733217504864e-01 2.487929145182508961e+01
-8.326244101596187441e-01 2.276859563321240998e+01
-8.310666469974865578e-01 2.181962024520623444e+01
-8.295088838353543714e-01 2.468441383772868036e+01
-8.279511206732221851e-01 2.331174693684110721e+01
-8.263933575110899987e-01 1.957169544399161154e+01
-8.248355943489578124e-01 2.226023560440627236e+01
-8.232778311868256260e-01 2.295019325687395906e+01
-8.217200680246938838e-01 2.366631269894382683e+01
-8.201623048625616974e-01 2.393264964509231163e+01
-8.186045417004295111e-01 2.059764156504773425e+01
-8.170467785382973247e-01 1.806495510265999727e+01
-8.154890153761651383e-01 1.815915581371744381e+01
-8.139312522140329520e-01 2.107430810659779752e+01
-8.123734890519012097e-01 2.544468336170186262e+01
-8.108157258897690234e-01 2.406764955673887485e+01
-8.092579627276368370e-01 2.445323540571955334e+01
-8.077001995655046507e-01 2.501807412325856816e+01
-8.061424364033724643e-01 2.277714362573841456e+01
-8.045846732412402780e-01 2.069425023341044323e+01
-8.030269100791080916e-01 1.878964394589998577e+01
-8.014691469169763494e-01 1.944366127057785931e+01
-7.999113837548441630e-01 2.362039331741810599e+01
-7.983536205927119767e-01 2.226183409755925169e+01
-7.967958574305797903e-01 2.163440404905306735e+01
-7.952380942684476040e-01 2.270438916308336630e+01
-7.936803311063154176e-01 2.121891360459059328e+01
-7.921225679441832312e-01 2.154066108970604887e+01
-7.905648047820514890e-01 2.552741790723364801e+01
-7.890070416199193026e-01 2.321362360161183247e+01
-7.874492784577871163e-01 1.823576228357323714e+01
-7.858915152956549299e-01 1.969623390031394194e+01
-7.843337521335227436e-01 2.298827211376875823e+01
-7.827759889713905572e-01 2.097467258877394158e+01
-7.812182258092583709e-01 2.197493475284765196e+01
-7.796604626471266286e-01 2.095431171526572101e+01
-7.781026994849944423e-01 1.910147681921058194e+01
-7.765449363228622559e-01 2.160559713723976216e+01
-7.749871731607300696e-01 2.302260323627445615e+01
-7.734294099985978832e-01 2.139563230555428319e+01
-7.718716468364656969e-01 2.240949809572191853e+01
-7.703138836743339546e-01 2.210109570629406051e+01
-7.687561205122017682e-01 2.064456195559134599e+01
-7.671983573500695819e-01 2.156460699303782036e+01
-7.656405941879373955e-01 2.515871335902178529e+01
-7.640828310258052092e-01 2.602407108450986328e+01
-7.625250678636730228e-01 2.296549335483555865e+01
-7.609673047015408365e-01 1.802428042562900146e+01
-7.594095415394090942e-01 2.318446136379633771e+01
-7.578517783772769079e-01 2.534353212185778759e+01
-7.562940152151447215e-01 2.130468711472556365e+01
-7.547362520530125352e-01 2.136818205309341678e+01
-7.531784888908803488e-01 2.151860368368939547e+01
-7.516207257287481625e-01 2.276606033613374436e+01
-7.500629625666159761e-01 2.320857006197994821e+01
-7.485051994044842338e-01 2.004189431913993147e+01
-7.469474362423520475e-01 1.949559721130795964e+01
-7.453896730802198611e-01 2.459330932149357807e+01
-7.438319099180876748e-01 2.264437410209085400e+01
-7.422741467559554884e-01 1.881047290503757097e+01
-7.407163835938233021e-01 2.186148618505741936e+01
-7.391586204316911157e-01 2.118256036489109562e+01
-7.376008572695593735e-01 1.927231428862943119e+01
-7.360430941074271871e-01 2.192213533534360081e+01
-7.344853309452950008e-01 2.542161211013131350e+01
-7.329275677831628144e-01 2.374718088276512162e+01
-7.313698046210306281e-01 2.098089933696032361e+01
-7.298120414588984417e-01 2.371607777521222360e+01
-7.282542782967666994e-01 2.313153593410386932e+01
-7.266965151346345131e-01 2.161499679160632681e+01
-7.251387519725023267e-01 2.326278064900215981e+01
-7.235809888103701404e-01 2.344375992526483543e+01
-7.220232256482379540e-01 2.224001469302033840e+01
-7.204654624861057677e-01 2.314593629833547439e+01
-7.189076993239735813e-01 2.441362157812877953e+01
-7.173499361618418391e-01 2.510917941716714097e+01
-7.157921729997096527e-01 2.639337446639025586e+01
-7.142344098375774664e-01 2.295555674430806903e+01
-7.126766466754452800e-01 2.161913772743179507e+01
-7.111188835133130937e-01 2.582541700949885310e+01
-7.095611203511809073e-01 2.317160217777232134e+01
-7.080033571890487210e-01 1.825859622534139604e+01
-7.064455940269169787e-01 2.040551605939456792e+01
-7.048878308647847923e-01 2.322759656017703023e+01
-7.033300677026526060e-01 2.358799244427296671e+01
-7.017723045405204196e-01 2.201373232717739370e+01
-7.002145413783882333e-01 1.996739791904917993e+01
-6.986567782162560469e-01 2.499972207844442806e+01
-6.970990150541243047e-01 3.021320920115369901e+01
-6.955412518919921183e-01 2.728051327881021138e+01
-6.939834887298599320e-01 2.376187678302989781e+01
-6.924257255677277456e-01 2.341394092504755875e+01
-6.908679624055955593e-01 2.197924167560272224e+01
-6.893101992434633729e-01 2.164919092423230040e+01
-6.877524360813311866e-01 2.394800171178354731e+01
-6.861946729191994443e-01 2.299495945389395146e+01
-6.846369097570672579e-01 2.132883083277665648e+01
-6.830791465949350716e-01 2.085351780185742854e+01
-6.815213834328028852e-01 2.069670238976597787e+01
-6.799636202706706989e-01 1.928582498282982982e+01
-6.784058571085385125e-01 1.716081015159695866e+01
-6.768480939464063262e-01 2.341211791116554153e+01
-6.752903307842745839e-01 2.550400356310035122e+01
-6.737325676221423976e-01 1.992165545699400298e+01
-6.721748044600102112e-01 1.717529389670725237e+01
-6.706170412978780249e-01 1.993269947799900876e+01
-6.690592781357458385e-01 2.338868760740186303e+01
-6.675015149736136522e-01 2.272299545496408513e+01
-6.659437518114814658e-01 1.921312300396417783e+01
-6.643859886493497235e-01 2.188850765467094206e+01
-6.628282254872175372e-01 2.979429378962876029e+01
-6.612704623250853508e-01 2.395447053918482538e+01
-6.597126991629531645e-01 1.921503342264137615e+01
-6.581549360008209781e-01 2.474131473004801052e+01
-6.565971728386887918e-01 2.492160450341636846e+01
-6.550394096765570495e-01 2.142984383175060614e+01
-6.534816465144248632e-01 2.391308928932429367e+01
-6.519238833522926768e-01 2.600573642173542765e+01
-6.503661201901604905e-01 2.394407671189827624e+01
-6.488083570280283041e-01 2.607760269331496161e+01
-6.472505938658961178e-01 2.748601896212798223e+01
-6.456928307037639314e-01 2.417238867138675573e+01
-6.441350675416321891e-01 2.051892381232097051e+01
-6.425773043795000028e-01 2.266004673502125755e+01
-6.410195412173678164e-01 2.411833905957124102e+01
-6.394617780552356301e-01 2.272114082668455382e+01
-6.379040148931034437e-01 2.184564077272707294e+01
-6.363462517309712574e-01 2.367904068411474228e+01
-6.347884885688390710e-01 2.414903194853111401e+01
-6.332307254067073288e-01 2.062453031108112356e+01
-6.316729622445751424e-01 2.079009710376092102e+01
-6.301151990824429561e-01 2.459218828705736826e+01
-6.285574359203107697e-01 2.370436479353772796e+01
-6.269996727581785834e-01 2.186961380585943360e+01
-6.254419095960463970e-01 2.207596140563437004e+01
-6.238841464339142107e-01 2.166738182292140991e+01
-6.223263832717824684e-01 2.343438723356230113e+01
-6.207686201096502820e-01 2.481736902195716610e+01
-6.192108569475180957e-01 2.253075042383798632e+01
-6.176530937853859093e-01 2.242953476807350555e+01
-6.160953306232537230e-01 2.383655376170446161e+01
-6.145375674611215366e-01 2.330132687301711414e+01
-6.129798042989897944e-01 2.303055190298303145e+01
-6.114220411368576080e-01 1.993794816768319578e+01
-6.098642779747254217e-01 2.140779245592145941e+01
-6.083065148125932353e-01 2.165524729204196319e+01
-6.067487516504610490e-01 2.154132087854952360e+01
-6.051909884883288626e-01 2.580326134476608857e+01
-6.036332253261966763e-01 2.564878342182907645e+01
-6.020754621640649340e-01 2.509253866524958809e+01
-6.005176990019327476e-01 2.835447109141405875e+01
-5.989599358398005613e-01 2.728892696824651409e+01
-5.974021726776683749e-01 2.303902564068602032e+01
-5.958444095155361886e-01 2.668736552095245784e+01
-5.942866463534040022e-01 2.538757148996366553e+01
-5.927288831912718159e-01 2.293807008711300455e+01
-5.911711200291400736e-01 2.112334663924088218e+01
-5.896133568670078873e-01 2.116205583561879777e+01
-5.880555937048757009e-01 2.328462975183258976e+01
-5.864978305427435146e-01 2.449494465484157857e+01
-5.849400673806113282e-01 2.683589011288761483e+01
-5.833823042184791419e-01 2.795406820842984175e+01
-5.818245410563469555e-01 2.641578494276446065e+01
-5.802667778942152133e-01 2.628469498008316307e+01
-5.787090147320830269e-01 2.197463064733634397e+01
-5.771512515699508405e-01 2.124342060748016081e+01
-5.755934884078186542e-01 2.250817346873757785e+01
-5.740357252456864678e-01 2.038771114234457826e+01
-5.724779620835542815e-01 2.048305085334469666e+01
-5.709201989214225392e-01 2.042280190166563969e+01
-5.693624357592903529e-01 2.417885099155552453e+01
-5.678046725971581665e-01 2.765910131121726678e+01
-5.662469094350259802e-01 2.661343991431742850e+01
-5.646891462728937938e-01 2.392299089037214088e+01
-5.631313831107616075e-01 2.196170573288402750e+01
-5.615736199486294211e-01 2.308424759087553468e+01
-5.600158567864976789e-01 2.718657649132638809e+01
-5.584580936243654925e-01 2.158880005364765253e+01
-5.569003304622333062e-01 2.146020554340054076e+01
-5.553425673001011198e-01 2.347297929886371293e+01
-5.537848041379689334e-01 2.191858927369607812e+01
-5.522270409758367471e-01 2.349915138552654170e+01
-5.506692778137045607e-01 2.342230508399461542e+01
-5.491115146515728185e-01 2.256831223413891863e+01
-5.475537514894406321e-01 2.284590898155220984e+01
-5.459959883273084458e-01 2.302096428146228746e+01
-5.444382251651762594e-01 2.308489708386156281e+01
-5.428804620030440731e-01 2.639244915472391995e+01
-5.413226988409118867e-01 2.604084977268696832e+01
-5.397649356787797004e-01 2.555250827045092166e+01
-5.382071725166479581e-01 2.124945730116119691e+01
-5.366494093545157718e-01 2.109690176092506775e+01
-5.350916461923835854e-01 2.534349722692076057e+01
-5.335338830302513990e-01 2.261362001800443977e+01
-5.319761198681192127e-01 2.066706363507626421e+01
-5.304183567059870263e-01 2.473889290013659448e+01
-5.288605935438552841e-01 2.720745744519200571e+01
-5.273028303817230977e-01 2.710552606981239521e+01
-5.257450672195909114e-01 3.132955766730148639e+01
-5.241873040574587250e-01 2.524269589914390366e+01
-5.226295408953265387e-01 2.128836385368106221e+01
-5.210717777331943523e-01 2.712791655702049098e+01
-5.195140145710621660e-01 2.854616429364078201e+01
-5.179562514089304237e-01 2.823417932474619718e+01
-5.163984882467982374e-01 2.588910778010437141e+01
-5.148407250846660510e-01 2.322972844076361909e+01
-5.132829619225338647e-01 2.694742327650946834e+01
-5.117251987604016783e-01 3.060625531576537384e+01
-5.101674355982694919e-01 2.821763971146415884e+01
-5.086096724361373056e-01 2.288884390681544900e+01
-5.070519092740055633e-01 2.663122872628317950e+01
-5.054941461118733770e-01 2.015183959967754745e+01
-5.039363829497411906e-01 1.938323757467674469e+01
-5.023786197876090043e-01 2.700465160202109871e+01
-5.008208566254768179e-01 2.629110244866487989e+01
-4.992630934633446316e-01 2.780624829346495375e+01
-4.977053303012124452e-01 2.895504214415035094e+01
-4.961475671390807030e-01 2.689572936089992439e+01
-4.945898039769485166e-01 2.690605678666356582e+01
-4.930320408148163303e-01 2.517373408891552700e+01
-4.914742776526841439e-01 2.161884106745422329e+01
-4.899165144905519576e-01 2.389528675280967107e+01
-4.883587513284197712e-01 2.711997171572091503e+01
-4.868009881662880289e-01 2.929572917157019774e+01
-4.852432250041558426e-01 2.620479198689465150e+01
-4.836854618420236562e-01 2.303912193633624739e+01
-4.821276986798914699e-01 2.352799548877201374e+01
-4.805699355177592835e-01 2.191305889872206336e+01
-4.790121723556270972e-01 2.128762232869928539e+01
-4.774544091934949108e-01 2.674432464247539798e+01
-4.758966460313631686e-01 2.635548619133458459e+01
-4.743388828692309822e-01 2.388239438066424114e+01
-4.727811197070987959e-01 2.633163836893187693e+01
-4.712233565449666095e-01 2.621153747166797743e+01
-4.696655933828344232e-01 2.641138843923966562e+01
-4.681078302207022368e-01 2.902847333510685957e+01
-4.665500670585700504e-01 2.629824217430574507e+01
-4.649923038964383082e-01 2.217124490208713183e+01
-4.634345407343061218e-01 2.491242555566113737e+01
-4.618767775721739355e-01 2.967366681074101820e+01
-4.603190144100417491e-01 2.922538516832493372e+01
-4.587612512479095628e-01 2.740115622774742477e+01
-4.572034880857773764e-01 3.039917323602515964e+01
-4.556457249236456342e-01 3.011638713448071414e+01
-4.540879617615134478e-01 2.865125405672932501e+01
-4.525301985993812615e-01 2.706136977241495600e+01
-4.509724354372490751e-01 2.820071453251775750e+01
-4.494146722751168888e-01 2.936340946914550898e+01
-4.478569091129847024e-01 2.676290118294582854e+01
-4.462991459508525161e-01 2.779978074259114607e+01
-4.447413827887207738e-01 3.090252374373586619e+01
-4.431836196265885874e-01 2.968739546629081616e+01
-4.416258564644564011e-01 2.717986927951902842e+01
-4.400680933023242147e-01 2.822992354055935493e+01
-4.385103301401920284e-01 2.687984881276808835e+01
-4.369525669780598420e-01 2.734892255763416813e+01
-4.353948038159276557e-01 2.874455902812304942e+01
-4.338370406537959134e-01 2.911392223710073068e+01
-4.322792774916637271e-01 2.911462850889767395e+01
-4.307215143295315407e-01 2.807796257442151600e+01
-4.291637511673993544e-01 2.658132005515921392e+01
-4.276059880052671680e-01 2.580878510421321437e+01
-4.260482248431349817e-01 2.855624277813275924e+01
-4.244904616810027953e-01 2.950891565608008094e+01
-4.229326985188710530e-01 2.546995340674263630e+01
-4.213749353567388667e-01 2.731750420630375586e+01
-4.198171721946066803e-01 3.057403053546491378e+01
-4.182594090324744940e-01 3.020786616505269606e+01
-4.167016458703423076e-01 3.135730120721830616e+01
-4.151438827082101213e-01 3.052402875336343158e+01
-4.135861195460783790e-01 2.771277760614770713e+01
-4.120283563839461927e-01 2.744723114644370199e+01
-4.104705932218140063e-01 2.838253000248246494e+01
-4.089128300596818200e-01 2.827958718591941434e+01
-4.073550668975496336e-01 2.427769686590194809e+01
-4.057973037354174473e-01 2.004855903627359837e+01
-4.042395405732852609e-01 2.315903283325822670e+01
-4.026817774111535186e-01 2.465796690043974237e+01
-4.011240142490213323e-01 2.703709925460392327e+01
-3.995662510868891459e-01 3.006847143530165667e+01
-3.980084879247569596e-01 2.796813075879935084e+01
-3.964507247626247732e-01 2.643135341742036459e+01
-3.948929616004925869e-01 2.566855977537366940e+01
-3.933351984383604005e-01 3.092375576954355054e+01
-3.917774352762286583e-01 2.870739380792410955e+01
-3.902196721140964719e-01 2.741044342100883568e+01
-3.886619089519642856e-01 3.213139254897813402e+01
-3.871041457898320992e-01 3.125752918094094568e+01
-3.855463826276999129e-01 3.163173560758530201e+01
-3.839886194655677265e-01 3.382240442124501811e+01
-3.824308563034355402e-01 3.333603850796360746e+01
-3.808730931413037979e-01 3.213235617563348256e+01
-3.793153299791716115e-01 3.175241572952328539e+01
-3.777575668170394252e-01 3.285984562971940193e+01
-3.761998036549072388e-01 2.991429737622352292e+01
-3.746420404927750525e-01 2.913892911240183281e+01
-3.730842773306428661e-01 3.167153769180121614e+01
-3.715265141685111239e-01 2.896607042148751177e+01
-3.699687510063789375e-01 2.875666197011093672e+01
-3.684109878442467512e-01 3.423209614694037839e+01
-3.668532246821145648e-01 3.215818385829884107e+01
-3.652954615199823785e-01 2.754552684592374234e+01
-3.637376983578501921e-01 3.032128336774967181e+01
-3.621799351957180058e-01 3.042385850953918691e+01
-3.606221720335862635e-01 2.804741542310926405e+01
-3.590644088714540771e-01 3.061765546336823718e+01
-3.575066457093218908e-01 3.753976589804899788e+01
-3.559488825471897044e-01 3.628959386433562173e+01
-3.543911193850575181e-01 3.561827723759330411e+01
-3.528333562229253317e-01 3.377363080641331550e+01
-3.512755930607931454e-01 2.862475315466720360e+01
-3.497178298986614031e-01 3.017519350535341616e+01
-3.481600667365292168e-01 3.121096251495093910e+01
-3.466023035743970304e-01 2.756407978105954371e+01
-3.450445404122648441e-01 2.494953104976973179e+01
-3.434867772501326577e-01 3.011958814819395513e+01
-3.419290140880004714e-01 3.320309741068290776e+01
-3.403712509258682850e-01 3.510604259724468790e+01
-3.388134877637365427e-01 3.682927180878400719e+01
-3.372557246016043564e-01 3.904433264344219623e+01
-3.356979614394721700e-01 3.963147735000720218e+01
-3.341401982773399837e-01 3.635995413361842310e+01
-3.325824351152077973e-01 3.440453937537915152e+01
-3.310246719530756110e-01 3.399045232781833903e+01
-3.294669087909438687e-01 3.445824946684368228e+01
-3.279091456288116824e-01 3.288100199701914761e+01
-3.263513824666794960e-01 3.432715109588986024e+01
-3.247936193045473097e-01 4.045403427640704308e+01
-3.232358561424151233e-01 4.123212016966831328e+01
-3.216780929802829370e-01 4.231603671728291971e+01
-3.201203298181507506e-01 4.214512411033530981e+01
-3.185625666560190083e-01 4.127985524784234883e+01
-3.170048034938868220e-01 4.047232732045889492e+01
-3.154470403317546356e-01 4.064452293906487057e+01
-3.138892771696224493e-01 4.185479872244540900e+01
-3.123315140074902629e-01 4.117679165012491183e+01
-3.107737508453580766e-01 4.187969405754679286e+01
-3.092159876832258902e-01 4.471196928955613004e+01
-3.076582245210941480e-01 4.130366284388982479e+01
-3.061004613589619616e-01 3.787096231891369769e+01
-3.045426981968297753e-01 3.906240684741500502e+01
-3.029849350346975889e-01 4.167224078179228286e+01
-3.014271718725654026e-01 4.521489035270457180e+01
-2.998694087104332162e-01 4.267753969865074737e+01
-2.983116455483014740e-01 3.728166603049758265e+01
-2.967538823861692876e-01 3.645304890426817224e+01
-2.951961192240371012e-01 4.159163151642069067e+01
-2.936383560619049149e-01 4.350083593855417519e+01
-2.920805928997727285e-01 4.273803076218308661e+01
-2.905228297376405422e-01 4.414556483848294732e+01
-2.889650665755083558e-01 4.342409181514013028e+01
-2.874073034133766136e-01 4.352110252630428988e+01
-2.858495402512444272e-01 4.910827176066040067e+01
-2.842917770891122409e-01 5.293083378961522811e+01
-2.827340139269800545e-01 4.900908450813231809e+01
-2.811762507648478682e-01 4.602013468525147033e+01
-2.796184876027156818e-01 4.917350353241115357e+01
-2.780607244405834955e-01 5.128550324819065764e+01
-2.765029612784517532e-01 4.479176695281081777e+01
-2.749451981163195669e-01 4.523037723844253577e+01
-2.733874349541873805e-01 4.724095880247054424e+01
-2.718296717920551941e-01 4.495287204814100335e+01
-2.702719086299230078e-01 4.576950974099732861e+01
-2.687141454677908214e-01 4.902737701369763812e+01
-2.671563823056586351e-01 5.424314297990834177e+01
-2.655986191435268928e-01 5.654107362771274836e+01
-2.640408559813947065e-01 5.600939693977122147e+01
-2.624830928192625201e-01 5.662925625656434647e+01
-2.609253296571303338e-01 5.848441963793851528e+01
-2.593675664949981474e-01 6.424913232929769435e+01
-2.578098033328659611e-01 6.454762021808440409e+01
-2.562520401707342188e-01 5.810019537799766454e+01
-2.546942770086020325e-01 6.210411087969048083e+01
-2.531365138464698461e-01 6.213626862971149478e+01
-2.515787506843376597e-01 6.001313385744298756e+01
-2.500209875222054734e-01 6.399121042826799055e+01
-2.484632243600732870e-01 6.437645296759625069e+01
-2.469054611979411007e-01 6.238905647208651573e+01
-2.453476980358093584e-01 6.494498771929507086e+01
-2.437899348736771721e-01 7.209122249045493902e+01
-2.422321717115449857e-01 7.583912145842037944e+01
-2.406744085494127994e-01 7.534954936855329777e+01
-2.391166453872806130e-01 7.762544247737048408e+01
-2.375588822251484267e-01 7.651014449228790681e+01
-2.360011190630162403e-01 7.111407331471598070e+01
-2.344433559008844981e-01 7.407495421131018531e+01
-2.328855927387523117e-01 8.427969658719452184e+01
-2.313278295766201254e-01 9.111423807545028808e+01
-2.297700664144879390e-01 9.539186155203981343e+01
-2.282123032523557526e-01 9.752963094265547284e+01
-2.266545400902235663e-01 9.185331742468649452e+01
-2.250967769280913799e-01 9.610038682739194371e+01
-2.235390137659596377e-01 9.735150566091847679e+01
-2.219812506038274513e-01 1.018598662191836866e+02
-2.204234874416952650e-01 1.149574938761257670e+02
-2.188657242795630786e-01 1.161365691239337963e+02
-2.173079611174308923e-01 1.194313302304322946e+02
-2.157501979552987059e-01 1.258158912994774710e+02
-2.141924347931669637e-01 1.259121057465006288e+02
-2.126346716310347773e-01 1.300722342693173914e+02
-2.110769084689025910e-01 1.426129707072158226e+02
-2.095191453067704046e-01 1.398954391697408255e+02
-2.079613821446382183e-01 1.385153514454734420e+02
-2.064036189825060319e-01 1.497012999709144196e+02
-2.048458558203738455e-01 1.577531256945690643e+02
-2.032880926582421033e-01 1.600185439244201575e+02
-2.017303294961099169e-01 1.672344568064490886e+02
-2.001725663339777306e-01 1.706802837855660187e+02
-1.986148031718455442e-01 1.679028753961189580e+02
-1.970570400097133579e-01 1.735779457967198880e+02
-1.954992768475811715e-01 1.833986825756580004e+02
-1.939415136854489852e-01 1.888863802670785503e+02
-1.923837505233172429e-01 1.898339043987544699e+02
-1.908259873611850566e-01 1.903253673314974606e+02
-1.892682241990528702e-01 2.078914234560721468e+02
-1.877104610369206839e-01 2.069359042080069457e+02
-1.861526978747884975e-01 2.043128843531056873e+02
-1.845949347126563111e-01 2.117837538084719426e+02
-1.830371715505241248e-01 2.157302554650485718e+02
-1.814794083883923825e-01 2.246927654464199406e+02
-1.799216452262601962e-01 2.239734511004184299e+02
-1.783638820641280098e-01 2.216157026980540934e+02
-1.768061189019958235e-01 2.361410146781461208e+02
-1.752483557398636371e-01 2.441405128306876122e+02
-1.736905925777314508e-01 2.431075870250046478e+02
-1.721328294155997085e-01 2.540099601041955566e+02
-1.705750662534675222e-01 2.694291037967014404e+02
-1.690173030913353358e-01 2.825742576699950064e+02
-1.674595399292031495e-01 2.856528125900670148e+02
-1.659017767670709631e-01 2.901764339016475560e+02
-1.643440136049387768e-01 3.091657252035065540e+02
-1.627862504428065904e-01 3.312683338711412375e+02
-1.612284872806748481e-01 3.521469870145975847e+02
-1.596707241185426618e-01 3.728328270656696759e+02
-1.581129609564104754e-01 3.964405424172132939e+02
-1.565551977942782891e-01 4.092856670428517987e+02
-1.549974346321461027e-01 4.335932996825134182e+02
-1.534396714700139164e-01 4.643437737148771021e+02
-1.518819083078817300e-01 4.971730452043801165e+02
-1.503241451457499878e-01 5.348602205152180886e+02
-1.487663819836178014e-01 5.719338344757906043e+02
-1.472086188214856151e-01 6.208450163164349078e+02
-1.456508556593534287e-01 6.783641007402579817e+02
-1.440930924972212424e-01 7.485664618109402682e+02
-1.425353293350890560e-01 8.188986824600991667e+02
-1.409775661729568697e-01 8.946878515866739008e+02
-1.394198030108251274e-01 1.026991426178363326e+03
-1.378620398486929410e-01 1.162340989654535406e+03
-1.363042766865607547e-01 1.272132952380826964e+03
-1.347465135244285683e-01 1.399324067270202477e+03
-1.331887503622963820e-01 1.568454677922131850e+03
-1.316309872001641956e-01 1.764516562151011385e+03
-1.300732240380324534e-01 1.963121433363020060e+03
-1.285154608759002670e-01 2.183012336185752247e+03
-1.269576977137680807e-01 2.423162967637016209e+03
-1.253999345516358943e-01 2.617332680699254070e+03
-1.238421713895037080e-01 2.920701559282945254e+03
-1.222844082273715216e-01 3.287008501775852437e+03
-1.207266450652393353e-01 3.570467519042436379e+03
-1.191688819031075930e-01 3.913520430108390883e+03
-1.176111187409754066e-01 4.247078028662865108e+03
-1.160533555788432203e-01 4.506181606027901580e+03
-1.144955924167110339e-01 4.762482082373620869e+03
-1.129378292545788476e-01 5.033572352542294539e+03
-1.113800660924466612e-01 5.308786922694205714e+03
-1.098223029303144749e-01 5.582728629759639261e+03
-1.082645397681827326e-01 5.609482456280207771e+03
-1.067067766060505463e-01 5.677743218188371429e+03
-1.051490134439183599e-01 5.765339379451073000e+03
-1.035912502817861736e-01 5.640675283649507037e+03
-1.020334871196539872e-01 5.449376202607884807e+03
-1.004757239575218009e-01 5.206757877218498834e+03
-9.891796079538961450e-02 4.943431043000472528e+03
-9.736019763325787224e-02 4.678927931958118279e+03
-9.580243447112568589e-02 4.389879643918011425e+03
-9.424467130899349954e-02 4.050370265633104736e+03
-9.268690814686131318e-02 3.732880231199672835e+03
-9.112914498472912683e-02 3.432045476856377263e+03
-8.957138182259694048e-02 3.196827903520341351e+03
-8.801361866046519822e-02 2.950561771253129336e+03
-8.645585549833301187e-02 2.704076889712461252e+03
-8.489809233620082551e-02 2.561025553967172527e+03
-8.334032917406863916e-02 2.403661054542320471e+03
-8.178256601193645281e-02 2.273966783967790434e+03
-8.022480284980426646e-02 2.185113092195590070e+03
-7.866703968767208011e-02 2.044812567021088853e+03
-7.710927652554033784e-02 1.935929664088789877e+03
-7.555151336340815149e-02 1.886051440830717638e+03
-7.399375020127596514e-02 1.819352763230211167e+03
-7.243598703914377879e-02 1.765449366580932065e+03
-7.087822387701159244e-02 1.758061406448703792e+03
-6.932046071487940608e-02 1.770114735251910133e+03
-6.776269755274721973e-02 1.754420830989200795e+03
-6.620493439061547747e-02 1.743620679146177963e+03
-6.464717122848329112e-02 1.767411751409244289e+03
-6.308940806635110476e-02 1.799743993964691072e+03
-6.153164490421891841e-02 1.841116402656765558e+03
-5.997388174208673206e-02 1.888018955651616352e+03
-5.841611857995454571e-02 1.957595052801249722e+03
-5.685835541782280345e-02 1.996904357470650439e+03
-5.530059225569061709e-02 2.076120191998512837e+03
-5.374282909355843074e-02 2.157311051053554820e+03
-5.218506593142624439e-02 2.253666071122887388e+03
-5.062730276929405804e-02 2.380968984928289046e+03
-4.906953960716187169e-02 2.466306683846569285e+03
-4.751177644502968533e-02 2.346552940228118587e+03
-4.595401328289794307e-02 1.773345026324324181e+03
-4.439625012076575672e-02 9.496557002029353498e+02
-4.283848695863357037e-02 4.492220989648943146e+02
-4.128072379650138402e-02 3.092038402653183198e+02
-3.972296063436919766e-02 2.432056518966693375e+02
-3.816519747223701131e-02 1.943763561102828419e+02
-3.660743431010482496e-02 1.655655808007475969e+02
-3.504967114797308270e-02 1.420862171589151615e+02
-3.349190798584089634e-02 1.548508053423124409e+02
-3.193414482370870999e-02 1.012850127651962850e+02
-3.037638166157652364e-02 2.572791918967057256e+01
-2.881861849944433729e-02 2.010256053097476681e+01
-2.726085533731215094e-02 2.203796130769573125e+01
-2.570309217517996458e-02 2.112224802391003209e+01
-2.414532901304822232e-02 1.999556387631645293e+01
-2.258756585091603597e-02 2.222382070861969439e+01
-2.102980268878384962e-02 2.097703604985385084e+01
-1.947203952665166327e-02 1.952776936845843991e+01
-1.791427636451947691e-02 2.175144850947419428e+01
-1.635651320238729056e-02 2.294725333064220507e+01
-1.479875004025554830e-02 2.201614526267902860e+01
-1.324098687812336195e-02 2.199042693614532595e+01
-1.168322371599117560e-02 2.383309208739826346e+01
-1.012546055385898924e-02 2.336583711064560021e+01
-8.567697391726802891e-03 2.173513168162617148e+01
-7.009934229594616539e-03 2.188501244616342234e+01
-5.452171067462430187e-03 2.181870720785526885e+01
-3.894407905330687925e-03 1.942172336055210380e+01
-2.336644743198501573e-03 1.918277557818717938e+01
-7.788815810663152206e-04 2.239305361378768211e+01
7.788815810658711314e-04 2.455449376106623660e+01
2.336644743198057483e-03 2.454216874310575136e+01
3.894407905330243835e-03 2.531068459178110430e+01
5.452171067462430187e-03 2.327872339436702021e+01
7.009934229594172450e-03 2.246308581348264255e+01
8.567697391726358802e-03 2.564199771966733010e+01
1.012546055385854515e-02 2.885865580562438737e+01
1.168322371599073151e-02 2.965908698484081896e+01
1.324098687812291786e-02 2.709900239444313286e+01
1.479875004025510421e-02 2.461899876775605733e+01
1.635651320238729056e-02 2.489240134829746154e+01
1.791427636451903282e-02 2.649856474408865381e+01
1.947203952665121918e-02 2.385295462854539394e+01
2.102980268878340553e-02 2.957609357401897299e+01
2.258756585091559188e-02 3.423514464131931589e+01
2.414532901304777823e-02 3.173697144750921595e+01
2.570309217517996458e-02 3.182148253144650596e+01
2.726085533731170685e-02 3.274114684359986427e+01
2.881861849944389320e-02 3.662869363741904039e+01
3.037638166157607955e-02 3.814477230935362684e+01
3.193414482370826590e-02 4.017995616233895362e+01
3.349190798584045226e-02 4.257168889999456951e+01
3.504967114797263861e-02 4.490609645854975440e+01
3.660743431010482496e-02 4.929270831466531178e+01
3.816519747223656722e-02 5.219500088838368157e+01
3.972296063436875357e-02 6.040059242907147308e+01
4.128072379650093993e-02 7.293754361664767316e+01
4.283848695863312628e-02 8.033146288998771922e+01
4.439625012076531263e-02 9.173260456350659808e+01
4.595401328289749898e-02 1.094541596280030689e+02
4.751177644502968533e-02 1.383017132697273439e+02
4.906953960716142760e-02 1.812158841269554443e+02
5.062730276929361395e-02 2.493222782203144163e+02
5.218506593142580030e-02 6.113337974060026454e+02
5.374282909355798665e-02 1.222991459842443192e+03
5.530059225569017300e-02 1.667594193704314876e+03
5.685835541782235936e-02 1.805575621490900403e+03
5.841611857995454571e-02 1.800763599699112547e+03
5.997388174208628797e-02 1.768253826745266224e+03
6.153164490421847432e-02 1.707257954690545375e+03
6.308940806635066068e-02 1.713546261831964785e+03
6.464717122848284703e-02 1.705706111522720676e+03
6.620493439061503338e-02 1.659285172847545255e+03
6.776269755274721973e-02 1.678710074639797540e+03
6.932046071487896199e-02 1.734123194009272765e+03
7.087822387701114835e-02 1.768531215039668496e+03
7.243598703914333470e-02 1.784196070202235887e+03
7.399375020127552105e-02 1.785359687794221600e+03
7.555151336340770740e-02 1.843339239006326579e+03
7.710927652553989375e-02 1.944241734507114415e+03
7.866703968767208011e-02 2.019584114536426569e+03
8.022480284980382237e-02 2.125396519877001538e+03
8.178256601193600872e-02 2.270814893096864125e+03
8.334032917406819507e-02 2.397772038722441721e+03
8.489809233620038142e-02 2.563800021433720758e+03
8.645585549833256778e-02 2.780255695356544948e+03
8.801361866046475413e-02 2.996897519712663325e+03
8.957138182259694048e-02 3.219778145191595286e+03
9.112914498472868274e-02 3.550769492281053772e+03
9.268690814686086910e-02 3.864098995557907529e+03
9.424467130899305545e-02 4.114337122083573377e+03
9.580243447112524180e-02 4.443785498600777828e+03
9.736019763325742815e-02 4.776833466721473087e+03
9.891796079538961450e-02 5.102501100192727790e+03
1.004757239575213568e-01 5.398243909964586237e+03
1.020334871196535431e-01 5.603101005744392751e+03
1.035912502817857295e-01 5.686787458032650648e+03
1.051490134439179158e-01 5.696413859520488586e+03
1.067067766060501022e-01 5.700074952490628675e+03
1.082645397681822885e-01 5.670548332889776248e+03
1.098223029303144749e-01 5.567228533200380298e+03
1.113800660924462171e-01 5.404165905929319706e+03
1.129378292545784035e-01 5.206856550476622942e+03
1.144955924167105898e-01 4.963993167183596597e+03
1.160533555788427762e-01 4.511260722041639383e+03
1.176111187409749625e-01 4.121138012481673286e+03
1.191688819031071489e-01 3.853835949181348042e+03
1.207266450652393353e-01 3.519771425907700177e+03
1.222844082273710775e-01 3.209717826399787100e+03
1.238421713895032639e-01 2.913805137281552106e+03
1.253999345516354502e-01 2.626465844763460609e+03
1.269576977137676366e-01 2.323781429998648036e+03
1.285154608758998229e-01 2.068225651494859449e+03
1.300732240380320093e-01 1.853028669544242348e+03
1.316309872001641956e-01 1.659694810381563002e+03
1.331887503622959379e-01 1.502351216700144732e+03
1.347465135244281242e-01 1.347572506469887003e+03
1.363042766865603106e-01 1.193149324846801619e+03
1.378620398486924969e-01 1.066634510163026789e+03
1.394198030108246833e-01 9.743058297219839687e+02
1.409775661729568697e-01 8.719976068652941876e+02
1.425353293350886119e-01 7.834025319058861214e+02
1.440930924972207983e-01 6.967859352719010531e+02
1.456508556593529846e-01 6.545032558499740389e+02
1.472086188214851710e-01 6.140436634693260203e+02
1.487663819836173573e-01 5.463482677491811046e+02
1.503241451457495437e-01 5.089876536415238206e+02
1.518819083078817300e-01 4.731500640656334440e+02
1.534396714700134723e-01 4.405625882756475562e+02
1.549974346321456586e-01 4.185701942007769958e+02
1.565551977942778450e-01 4.037297247465462533e+02
1.581129609564100313e-01 3.780550058194342569e+02
1.596707241185422177e-01 3.517442021530960687e+02
1.612284872806744040e-01 3.249540649430524581e+02
1.627862504428065904e-01 3.228898856318517119e+02
1.643440136049383327e-01 3.172170897385578883e+02
1.659017767670705190e-01 2.954677961308755698e+02
1.674595399292027054e-01 2.854537913075286042e+02
1.690173030913348917e-01 2.643281990450205399e+02
1.705750662534670781e-01 2.529951856317896670e+02
1.721328294155992644e-01 2.415521923734058305e+02
1.736905925777314508e-01 2.321665353317551137e+02
1.752483557398631930e-01 2.275574052563043495e+02
1.768061189019953794e-01 2.259130538538376243e+02
1.783638820641275657e-01 2.227084675104600251e+02
1.799216452262597521e-01 2.186226508930334091e+02
1.814794083883919384e-01 2.213799910860701345e+02
1.830371715505241248e-01 2.170602904399361250e+02
1.845949347126558671e-01 2.077570076193703130e+02
1.861526978747880534e-01 2.013598040806997744e+02
1.877104610369202398e-01 1.995400550983428616e+02
1.892682241990524261e-01 1.946408288130678557e+02
1.908259873611846125e-01 1.983128133473521473e+02
1.923837505233167988e-01 2.030830383632534222e+02
1.939415136854489852e-01 1.928901958130894343e+02
1.954992768475807274e-01 1.807152487374200120e+02
1.970570400097129138e-01 1.746461486549530662e+02
1.986148031718451001e-01 1.682439730472126485e+02
2.001725663339772865e-01 1.655697467015791631e+02
2.017303294961094728e-01 1.559888850711536179e+02
2.032880926582416592e-01 1.468487076542195098e+02
2.048458558203738455e-01 1.417318359266016046e+02
2.064036189825055878e-01 1.386618664328736372e+02
2.079613821446377742e-01 1.386786035932927632e+02
2.095191453067699605e-01 1.346019447208866211e+02
2.110769084689021469e-01 1.305590141552451939e+02
2.126346716310343332e-01 1.252861495014678610e+02
2.141924347931665196e-01 1.209743805942670463e+02
2.157501979552987059e-01 1.176978465785627037e+02
2.173079611174304482e-01 1.139882552632575994e+02
2.188657242795626345e-01 1.107307122563487241e+02
2.204234874416948209e-01 1.067346450303434722e+02
2.219812506038270072e-01 1.074053971467215973e+02
2.235390137659591936e-01 1.003046567044003581e+02
2.250967769280913799e-01 9.724992910562129111e+01
2.266545400902231222e-01 9.967516619371986053e+01
2.282123032523553086e-01 9.121485473636053598e+01
2.297700664144874949e-01 8.471745425609424274e+01
2.313278295766196813e-01 7.899590003000318461e+01
2.328855927387518676e-01 7.517776203720615058e+01
2.344433559008840540e-01 8.021323649302368608e+01
2.360011190630162403e-01 8.596714791923409393e+01
2.375588822251479826e-01 8.010465782308685334e+01
2.391166453872801689e-01 7.287792359642864426e+01
2.406744085494123553e-01 7.233123637606682621e+01
2.422321717115445416e-01 6.876995740685954672e+01
2.437899348736767280e-01 6.330380024165877018e+01
2.453476980358089143e-01 6.323950613131743381e+01
2.469054611979411007e-01 6.417731565567449081e+01
2.484632243600728430e-01 6.161516169311690305e+01
2.500209875222050293e-01 6.223120049766345829e+01
2.515787506843372157e-01 6.540388547095147942e+01
2.531365138464694020e-01 6.056510217053596534e+01
2.546942770086015884e-01 5.802811578925710734e+01
2.562520401707337747e-01 6.004773191415377198e+01
2.578098033328659611e-01 5.739951243154518323e+01
2.593675664949977033e-01 5.184570237129518233e+01
2.609253296571298897e-01 4.755898817250736954e+01
2.624830928192620760e-01 4.821937630098272365e+01
2.640408559813942624e-01 4.917490686164197200e+01
2.655986191435264487e-01 5.148357327771279301e+01
2.671563823056586351e-01 5.072514359492838310e+01
2.687141454677903774e-01 5.104662128509764329e+01
2.702719086299225637e-01 4.643889269838656730e+01
2.718296717920547501e-01 4.057211082536650792e+01
2.733874349541869364e-01 4.927832834624092584e+01
2.749451981163191228e-01 5.290868280034556648e+01
2.765029612784513091e-01 4.861394970934239268e+01
2.780607244405834955e-01 4.839744429146266924e+01
2.796184876027152377e-01 4.642671018774815650e+01
2.811762507648474241e-01 4.310175964310044350e+01
2.827340139269796104e-01 3.767303113080470922e+01
2.842917770891117968e-01 4.024388167458862853e+01
2.858495402512439831e-01 4.464999610848486356e+01
2.874073034133761695e-01 4.216172144453743442e+01
2.889650665755083558e-01 4.230272075905948270e+01
2.905228297376400981e-01 4.309837969124186685e+01
2.920805928997722845e-01 4.227024107675750741e+01
2.936383560619044708e-01 4.046902243270974964e+01
2.951961192240366572e-01 4.125361528572383918e+01
2.967538823861688435e-01 4.130852881407383137e+01
2.983116455483010299e-01 4.113151439731009162e+01
2.998694087104332162e-01 4.109275660579248779e+01
3.014271718725649585e-01 3.646460119326727067e+01
3.029849350346971448e-01 3.321256084273221632e+01
3.045426981968293312e-01 3.573908292122332142e+01
3.061004613589615175e-01 3.837420617847028126e+01
3.076582245210937039e-01 4.006627597994976497e+01
3.092159876832258902e-01 3.952787123143905745e+01
3.107737508453576325e-01 3.801633304287776838e+01
3.123315140074898189e-01 3.887647415894947045e+01
3.138892771696220052e-01 3.564623203617209413e+01
3.154470403317541916e-01 3.773273543425702314e+01
3.170048034938863779e-01 3.851124347429806960e+01
3.185625666560185643e-01 3.248409789327898523e+01
3.201203298181507506e-01 3.283126832316612109e+01
3.216780929802824929e-01 3.550976268938014613e+01
3.232358561424146792e-01 3.687323783214229422e+01
3.247936193045468656e-01 3.789908079760788695e+01
3.263513824666790519e-01 4.033734404122587591e+01
3.279091456288112383e-01 4.062974433846590472e+01
3.294669087909434246e-01 3.786964681413918044e+01
3.310246719530756110e-01 3.547519895270833246e+01
3.325824351152073532e-01 3.327477363845401470e+01
3.341401982773395396e-01 3.478400493108760827e+01
3.356979614394717260e-01 3.492943196943014783e+01
3.372557246016039123e-01 3.280858399690519889e+01
3.388134877637360987e-01 3.455433039984131938e+01
3.403712509258682850e-01 3.521392105175440435e+01
3.419290140880000273e-01 3.326565994305901341e+01
3.434867772501322136e-01 3.243206869168260909e+01
3.450445404122644000e-01 3.361835770519286370e+01
3.466023035743965863e-01 3.535401969391330823e+01
3.481600667365287727e-01 3.641530414831220952e+01
3.497178298986609590e-01 3.046572526367202016e+01
3.512755930607931454e-01 2.874313114685382331e+01
3.528333562229248876e-01 3.149297983495775100e+01
3.543911193850570740e-01 2.586689035231153966e+01
3.559488825471892604e-01 2.742620440077600819e+01
3.575066457093214467e-01 3.483445317440259004e+01
3.590644088714536331e-01 3.649680187064276993e+01
3.606221720335858194e-01 3.620075934754164138e+01
3.621799351957180058e-01 3.141416483880035670e+01
3.637376983578497480e-01 2.702461899339843043e+01
3.652954615199819344e-01 2.776683526498446142e+01
3.668532246821141207e-01 3.227847551102014734e+01
3.684109878442463071e-01 3.375688245711821622e+01
3.699687510063784934e-01 3.235379786040354588e+01
3.715265141685106798e-01 3.072201060664015415e+01
3.730842773306428661e-01 2.718181592141426961e+01
3.746420404927746084e-01 2.716103973468656463e+01
3.761998036549067947e-01 2.861973705137660673e+01
3.777575668170389811e-01 2.753705637012442509e+01
3.793153299791711675e-01 2.415343525868712149e+01
3.808730931413033538e-01 2.559120384697038020e+01
3.824308563034355402e-01 3.129177639943746314e+01
3.839886194655672824e-01 2.714082798161703991e+01
3.855463826276994688e-01 2.305413624409367301e+01
3.871041457898316551e-01 2.671500579333445202e+01
3.886619089519638415e-01 2.731845200073403390e+01
3.902196721140960278e-01 2.827399760262404271e+01
3.917774352762282142e-01 3.034337853920576222e+01
3.933351984383604005e-01 3.154816572130106422e+01
3.948929616004921428e-01 3.090895062040782904e+01
3.964507247626243291e-01 2.858215851846113154e+01
3.980084879247565155e-01 2.476891028950749174e+01
3.995662510868887018e-01 2.730817974019186067e+01
4.011240142490208882e-01 3.277866478633234948e+01
4.026817774111530746e-01 2.868540788952649834e+01
4.042395405732852609e-01 2.488576843273321870e+01
4.057973037354170032e-01 2.646348522903090128e+01
4.073550668975491895e-01 2.780485251989300366e+01
4.089128300596813759e-01 2.955561205740224651e+01
4.104705932218135622e-01 3.098790988347428765e+01
4.120283563839457486e-01 3.013474381513064770e+01
4.135861195460779349e-01 3.115547964311195273e+01
4.151438827082101213e-01 2.887567339480487760e+01
4.167016458703418635e-01 2.724553959803675696e+01
4.182594090324740499e-01 2.735038629046725234e+01
4.198171721946062362e-01 2.773090931212066934e+01
4.213749353567384226e-01 3.192259442105486045e+01
4.229326985188706090e-01 3.074877331574761996e+01
4.244904616810027953e-01 2.831878010659661626e+01
4.260482248431345376e-01 2.780197253414981162e+01
4.276059880052667239e-01 2.797414754473011200e+01
4.291637511673989103e-01 3.262012913099142253e+01
4.307215143295310966e-01 3.326993670758183441e+01
4.322792774916632830e-01 3.210758027710716789e+01
4.338370406537954693e-01 2.814797310894894622e+01
4.353948038159276557e-01 2.353372580167832240e+01
4.369525669780593979e-01 2.535198013982230947e+01
4.385103301401915843e-01 2.508855431425170224e+01
4.400680933023237706e-01 2.926680373144294478e+01
4.416258564644559570e-01 3.300738721890351002e+01
4.431836196265881433e-01 3.171143189207892377e+01
4.447413827887203297e-01 2.944424495027095645e+01
4.462991459508525161e-01 2.778928004860991408e+01
4.478569091129842583e-01 2.691959209361118255e+01
4.494146722751164447e-01 2.648731522725484311e+01
4.509724354372486310e-01 2.543977970950176370e+01
4.525301985993808174e-01 2.390685036391965568e+01
4.540879617615130037e-01 2.513121391373791269e+01
4.556457249236451901e-01 2.740410522861025910e+01
4.572034880857773764e-01 2.615569839522881779e+01
4.587612512479091187e-01 2.430849702727828898e+01
4.603190144100413050e-01 2.489805948269633973e+01
4.618767775721734914e-01 2.619510751017449124e+01
4.634345407343056777e-01 2.443482850389537830e+01
4.649923038964378641e-01 2.686333293714790571e+01
4.665500670585700504e-01 3.372815671386994296e+01
4.681078302207017927e-01 2.827008334897875130e+01
4.696655933828339791e-01 2.327542155592237805e+01
4.712233565449661654e-01 2.370300396188009273e+01
4.727811197070983518e-01 2.364096275218581766e+01
4.743388828692305381e-01 2.583562786991510407e+01
4.758966460313627245e-01 2.565645879895085812e+01
4.774544091934949108e-01 2.493950491108006773e+01
4.790121723556266531e-01 2.326991719226827371e+01
4.805699355177588394e-01 2.173300646919479817e+01
4.821276986798910258e-01 2.231330010913477935e+01
4.836854618420232121e-01 2.732948016624424170e+01
4.852432250041553985e-01 2.905655991161642149e+01
4.868009881662875848e-01 2.093948780522183384e+01
4.883587513284197712e-01 2.281417966616967163e+01
4.899165144905515135e-01 2.774217149462111820e+01
4.914742776526836998e-01 3.006250740378967024e+01
4.930320408148158862e-01 3.484239955379934628e+01
4.945898039769480725e-01 2.945526887331050858e+01
4.961475671390802589e-01 2.511435338298150555e+01
4.977053303012124452e-01 2.650021855839868934e+01
4.992630934633441875e-01 2.741988947358841600e+01
5.008208566254763738e-01 2.396863422996635151e+01
5.023786197876085602e-01 2.385852023806650379e+01
5.039363829497407465e-01 2.554508455048399540e+01
5.054941461118729329e-01 2.478115998006656895e+01
5.070519092740051192e-01 2.403738570313829825e+01
5.086096724361373056e-01 2.518419882328722892e+01
5.101674355982690479e-01 2.654362387128613321e+01
5.117251987604012342e-01 2.500397188632480905e+01
5.132829619225334206e-01 2.476676054889632539e+01
5.148407250846656069e-01 2.585341890443915958e+01
5.163984882467977933e-01 2.592273385177558609e+01
5.179562514089299796e-01 2.299543926473327105e+01
5.195140145710621660e-01 2.515852754052324869e+01
5.210717777331939082e-01 2.650389728809168943e+01
5.226295408953260946e-01 2.547429329794041308e+01
5.241873040574582809e-01 2.342034094319619442e+01
5.257450672195904673e-01 2.092088636055567719e+01
5.273028303817226536e-01 2.193333369105807762e+01
5.288605935438548400e-01 2.142250871357270370e+01
5.304183567059870263e-01 2.421928997856165466e+01
5.319761198681187686e-01 2.701904438844638534e+01
5.335338830302509550e-01 2.481493637715031753e+01
5.350916461923831413e-01 2.350795426306904545e+01
5.366494093545153277e-01 2.521734785250420074e+01
5.382071725166475140e-01 2.380783166230476766e+01
5.397649356787797004e-01 2.408866873263331598e+01
5.413226988409114426e-01 2.285428486562961936e+01
5.428804620030436290e-01 2.103051747799630533e+01
5.444382251651758153e-01 2.445100783210789075e+01
5.459959883273080017e-01 2.492510041567940249e+01
5.475537514894401880e-01 2.315764026234024797e+01
5.491115146515723744e-01 2.392797113458695080e+01
5.506692778137045607e-01 2.629664829174410201e+01
5.522270409758363030e-01 2.666160269076696920e+01
5.537848041379684894e-01 2.484925900306659230e+01
5.553425673001006757e-01 2.507706231536667829e+01
5.569003304622328621e-01 2.256764853044550279e+01
5.584580936243650484e-01 1.974550434202975069e+01
5.600158567864972348e-01 2.187178841048128675e+01
5.615736199486294211e-01 2.296479663927216919e+01
5.631313831107611634e-01 2.204507268203411030e+01
5.646891462728933497e-01 2.287982281121921346e+01
5.662469094350255361e-01 2.443949637905323513e+01
5.678046725971577224e-01 2.387090907479701585e+01
5.693624357592899088e-01 2.336477394134141505e+01
5.709201989214220951e-01 2.136172097165878370e+01
5.724779620835542815e-01 2.320230158975899215e+01
5.740357252456860238e-01 2.371628501865731664e+01
5.755934884078182101e-01 2.653546955331055557e+01
5.771512515699503965e-01 2.788313169797215352e+01
5.787090147320825828e-01 2.180546326467889529e+01
5.802667778942147692e-01 2.186683831425959923e+01
5.818245410563469555e-01 2.272051558691041251e+01
5.833823042184786978e-01 2.200050083869998474e+01
5.849400673806108841e-01 2.077330957018513402e+01
5.864978305427430705e-01 2.159356442813589894e+01
5.880555937048752568e-01 2.352744465511729288e+01
5.896133568670074432e-01 2.430687671401890171e+01
5.911711200291396295e-01 2.704423016172105676e+01
5.927288831912718159e-01 2.534306329078984987e+01
5.942866463534035582e-01 2.260668541035710177e+01
5.958444095155357445e-01 2.307371344893216758e+01
5.974021726776679309e-01 2.195833270565751860e+01
5.989599358398001172e-01 2.233631162262383896e+01
6.005176990019323036e-01 2.102273775297395275e+01
6.020754621640644899e-01 2.109665326038969368e+01
6.036332253261966763e-01 2.483443118203196676e+01
6.051909884883284185e-01 2.788500786387507802e+01
6.067487516504606049e-01 2.665254065257311922e+01
6.083065148125927912e-01 2.308340040422520190e+01
6.098642779747249776e-01 2.263537346220397595e+01
6.114220411368571639e-01 2.502128160075912078e+01
6.129798042989893503e-01 2.552900931350420421e+01
6.145375674611215366e-01 2.331730931127210482e+01
6.160953306232532789e-01 2.298954059909206293e+01
6.176530937853854653e-01 2.282495353979545172e+01
6.192108569475176516e-01 2.207405322244144941e+01
6.207686201096498380e-01 2.439927118047047827e+01
6.223263832717820243e-01 2.724811156612370056e+01
6.238841464339142107e-01 2.869984256510526777e+01
6.254419095960459529e-01 2.429011944439756121e+01
6.269996727581781393e-01 2.318047325140932813e+01
6.285574359203103256e-01 2.660410804179583621e+01
6.301151990824425120e-01 2.440997306262980260e+01
6.316729622445746983e-01 2.327515731097712859e+01
6.332307254067068847e-01 2.261955533210192471e+01
6.347884885688390710e-01 2.170502069257450017e+01
6.363462517309708133e-01 2.446168146154998624e+01
6.379040148931029997e-01 2.600243362642884293e+01
6.394617780552351860e-01 2.476261705152209558e+01
6.410195412173673724e-01 2.438098202411476478e+01
6.425773043794995587e-01 2.114194477329926514e+01
6.441350675416317451e-01 2.190873336005954997e+01
6.456928307037639314e-01 2.269797611530973569e+01
6.472505938658956737e-01 1.984120642510365684e+01
6.488083570280278600e-01 2.087754739551040117e+01
6.503661201901600464e-01 2.011528696258343274e+01
6.519238833522922327e-01 1.964177797602718201e+01
6.534816465144244191e-01 1.831731972411223097e+01
6.550394096765566054e-01 1.944819891980387894e+01
6.565971728386887918e-01 2.300115881865473000e+01
6.581549360008205340e-01 2.203626036897875551e+01
6.597126991629527204e-01 2.273146428697562271e+01
6.612704623250849068e-01 2.454304162915073206e+01
6.628282254872170931e-01 2.112146352751738476e+01
6.643859886493492795e-01 2.211993501796851547e+01
6.659437518114814658e-01 2.379864624916221771e+01
6.675015149736132081e-01 2.193482023258800950e+01
6.690592781357453944e-01 2.242456675295313318e+01
6.706170412978775808e-01 2.493342014558110975e+01
6.721748044600097671e-01 2.594161257790534592e+01
6.737325676221419535e-01 2.409656052848505681e+01
6.752903307842741398e-01 2.168004096487912236e+01
6.768480939464063262e-01 2.389110588130040469e+01
6.784058571085380684e-01 2.467324098524477094e+01
6.799636202706702548e-01 2.457897650713800530e+01
6.815213834328024411e-01 2.281524901229613533e+01
6.830791465949346275e-01 1.989093110413072907e+01
6.846369097570668139e-01 2.000807377875505821e+01
6.861946729191990002e-01 2.010494036919412153e+01
6.877524360813311866e-01 2.132213892962579749e+01
6.893101992434629288e-01 1.956521147760035717e+01
6.908679624055951152e-01 1.950920866885742910e+01
6.924257255677273015e-01 2.170082007741860508e+01
6.939834887298594879e-01 2.120011658368977692e+01
6.955412518919916742e-01 1.940298667255592591e+01
6.970990150541238606e-01 2.413214714076382350e+01
6.986567782162560469e-01 2.745801929616818171e+01
7.002145413783877892e-01 2.529392156818943960e+01
7.017723045405199755e-01 2.310949285876081660e+01
7.033300677026521619e-01 2.389818220677789640e+01
7.048878308647843483e-01 2.788297410499743023e+01
7.064455940269165346e-01 2.832939345318654034e+01
7.080033571890487210e-01 2.599255373627603660e+01
7.095611203511804632e-01 2.212629291203167980e+01
7.111188835133126496e-01 2.305461435210039056e+01
7.126766466754448359e-01 2.406019346555819283e+01
7.142344098375770223e-01 2.574407092905590488e+01
7.157921729997092086e-01 3.040062164086763730e+01
7.173499361618413950e-01 2.756138287310118784e+01
7.189076993239735813e-01 2.525945860992087333e+01
7.204654624861053236e-01 2.584716241435859629e+01
7.220232256482375099e-01 2.396385686966016237e+01
7.235809888103696963e-01 2.184158657397892256e+01
7.251387519725018826e-01 2.305893451977214781e+01
7.266965151346340690e-01 2.428135759156936047e+01
7.282542782967662554e-01 2.287037165652758119e+01
7.298120414588984417e-01 2.094029737322393458e+01
7.313698046210301840e-01 2.114536634731090814e+01
7.329275677831623703e-01 2.673923364675867020e+01
7.344853309452945567e-01 2.851733687178871435e+01
7.360430941074267430e-01 2.474420687467264912e+01
7.376008572695589294e-01 2.303100050502210649e+01
7.391586204316911157e-01 2.101404226223425908e+01
7.407163835938228580e-01 2.262002024089776242e+01
7.422741467559550443e-01 2.515167469310180337e+01
7.438319099180872307e-01 2.525572226583556912e+01
7.453896730802194170e-01 2.661543548607260945e+01
7.469474362423516034e-01 2.606754013581043594e+01
7.485051994044837897e-01 2.481340329203835537e+01
7.500629625666159761e-01 2.299642049655593112e+01
7.516207257287477184e-01 2.031319950987246870e+01
7.531784888908799047e-01 2.193550008044547184e+01
7.547362520530120911e-01 2.044820455365830725e+01
7.562940152151442774e-01 1.894746376774946484e+01
7.578517783772764638e-01 2.176178876969196452e+01
7.594095415394086501e-01 2.270583109880237771e+01
7.609673047015408365e-01 2.212584969542717417e+01
7.625250678636725787e-01 2.115710301043205988e+01
7.640828310258047651e-01 2.303761914213755801e+01
7.656405941879369514e-01 1.980101606952318605e+01
7.671983573500691378e-01 2.227430482551464408e+01
7.687561205122013241e-01 2.469724210547883914e+01
7.703138836743335105e-01 2.062310825169449657e+01
7.718716468364656969e-01 2.375722490711618207e+01
7.734294099985974391e-01 2.198715953036957416e+01
7.749871731607296255e-01 2.243320427063206068e+01
7.765449363228618118e-01 2.007046343268746469e+01
7.781026994849939982e-01 1.712308471387055775e+01
7.796604626471261845e-01 2.115763208340630896e+01
7.812182258092583709e-01 2.121678792970972083e+01
7.827759889713901131e-01 2.223649792224247435e+01
7.843337521335222995e-01 2.820469349307032658e+01
7.858915152956544858e-01 2.514075092551343360e+01
7.874492784577866722e-01 1.943191093716554718e+01
7.890070416199188585e-01 2.060387022762561315e+01
7.905648047820510449e-01 2.377885724951576663e+01
7.921225679441832312e-01 2.372263127290250395e+01
7.936803311063149735e-01 2.368565702189896527e+01
7.952380942684471599e-01 2.327919157538390138e+01
7.967958574305793462e-01 2.291665528343331815e+01
7.983536205927115326e-01 2.566337879958199863e+01
7.999113837548437189e-01 2.654717739970226376e+01
8.014691469169759053e-01 2.474481973723726469e+01
8.030269100791080916e-01 2.307056356007407416e+01
8.045846732412398339e-01 2.115362148508974371e+01
8.061424364033720202e-01 2.117854046229804155e+01
8.077001995655042066e-01 1.931004232754714067e+01
8.092579627276363929e-01 1.816617172547253745e+01
8.108157258897681352e-01 1.740259140685443029e+01
8.123734890519007656e-01 1.942144186778036641e+01
8.139312522140325079e-01 2.195548936381892702e+01
8.154890153761651383e-01 2.014608747765898045e+01
8.170467785382968806e-01 2.227018175607235051e+01
8.186045417004295111e-01 2.566183232928239377e+01
8.201623048625612533e-01 1.875702927368042694e+01
8.217200680246929956e-01 1.611037715353000266e+01
8.232778311868256260e-01 1.993881754682342944e+01
8.248355943489573683e-01 1.971717779880162524e+01
8.263933575110899987e-01 1.788403848816958330e+01
8.279511206732217410e-01 1.681745334264128289e+01
8.295088838353543714e-01 1.942721941926071949e+01
8.310666469974861137e-01 2.236478031244784859e+01
8.326244101596178560e-01 2.251245456095218955e+01
8.341821733217504864e-01 2.740641894064556183e+01
8.357399364838822287e-01 2.805579108405203570e+01
8.372976996460148591e-01 2.061426747758962463e+01
8.388554628081466014e-01 1.916074180376717706e+01
8.404132259702783436e-01 2.223810065399714375e+01
8.419709891324109741e-01 2.261034556603234691e+01
8.435287522945427163e-01 2.306578830251383749e+01
8.450865154566753468e-01 2.294122527254327792e+01
8.466442786188070890e-01 1.800999700683012961e+01
8.482020417809397195e-01 1.707140297007920893e+01
8.497598049430714617e-01 1.924482441413983835e+01
8.513175681052032040e-01 1.618136438268851762e+01
8.528753312673358344e-01 1.801191108325616597e+01
8.544330944294675767e-01 1.873694993643010420e+01
8.559908575916002071e-01 1.689003514908269210e+01
8.575486207537319494e-01 2.135380433006579182e+01
8.591063839158645798e-01 2.006898853478901756e+01
8.606641470779963221e-01 1.983220040867461975e+01
8.622219102401280644e-01 1.965418087610571973e+01
8.637796734022606948e-01 2.146490396131683909e+01
8.653374365643924371e-01 2.408238305875497076e+01
8.668951997265250675e-01 2.061362526615166857e+01
8.684529628886568098e-01 1.862869426469093881e+01
8.700107260507894402e-01 2.091831454935109846e+01
8.715684892129211825e-01 2.334295244835024974e+01
8.731262523750529247e-01 2.485443187703096868e+01
8.746840155371855552e-01 2.207128561021638191e+01
8.762417786993172975e-01 1.857371688279524946e+01
8.777995418614499279e-01 1.744817495986814393e+01
8.793573050235816702e-01 2.273337859860776078e+01
8.809150681857143006e-01 2.385706742306291872e+01
8.824728313478460429e-01 1.893054938412499411e+01
8.840305945099777851e-01 1.979967652485233742e+01
8.855883576721104156e-01 2.678300038699300600e+01
8.871461208342421578e-01 2.483892680169471490e+01
8.887038839963747883e-01 2.022951655757044165e+01
8.902616471585065305e-01 2.262023403524227305e+01
8.918194103206391610e-01 2.187232298162014033e+01
8.933771734827709032e-01 1.982321637553940263e+01
8.949349366449026455e-01 1.957732457729177611e+01
8.964926998070352759e-01 1.839979020051742253e+01
8.980504629691670182e-01 2.031030607047645375e+01
8.996082261312996486e-01 2.329555057174110999e+01
9.011659892934313909e-01 2.222312795125701612e+01
9.027237524555640213e-01 2.104944732250333317e+01
9.042815156176957636e-01 1.871176269510030821e+01
9.058392787798275059e-01 1.827710773895091378e+01
9.073970419419601363e-01 2.380630001212998081e+01
9.089548051040918786e-01 2.171633835365708975e+01
9.105125682662245090e-01 2.115509614581902298e+01
9.120703314283562513e-01 2.356609469722423356e+01
9.136280945904888817e-01 2.114273996885519580e+01
9.151858577526206240e-01 2.103484297891902344e+01
9.167436209147523662e-01 2.109728881302740078e+01
9.183013840768849967e-01 2.049388105492959866e+01
9.198591472390167390e-01 2.050763187816208344e+01
9.214169104011493694e-01 1.960393041903335742e+01
9.229746735632811117e-01 2.040859144194129016e+01
9.245324367254128539e-01 2.265835137979427572e+01
9.260901998875454844e-01 2.405831102627782414e+01
9.276479630496772266e-01 2.563557381932295698e+01
9.292057262118098571e-01 2.225105874961945673e+01
9.307634893739415993e-01 1.898709074508822425e+01
9.323212525360742298e-01 2.165801454590525665e+01
9.338790156982059720e-01 2.309226995393392556e+01
9.354367788603377143e-01 2.077448266093723461e+01
9.369945420224703447e-01 2.183573680314571774e+01
9.385523051846020870e-01 2.537506915222367709e+01
9.401100683467347174e-01 2.522702044304184454e+01
9.416678315088664597e-01 2.000386934024069419e+01
9.432255946709990901e-01 1.998101642491961627e+01
9.447833578331308324e-01 2.285685623491450613e+01
9.463411209952625747e-01 2.065759200156489683e+01
9.478988841573952051e-01 2.167148786079293998e+01
9.494566473195269474e-01 2.423171060105255847e+01
9.510144104816595778e-01 2.482253661390662813e+01
9.525721736437913201e-01 2.334772871615207279e+01
9.541299368059239505e-01 2.080185747924101491e+01
9.556876999680556928e-01 2.029287522019815881e+01
9.572454631301874350e-01 2.148474004628741341e+01
9.588032262923200655e-01 2.326696399737879872e+01
9.603609894544518077e-01 2.322091845044559832e+01
9.619187526165844382e-01 1.851983851017457283e+01
9.634765157787161804e-01 1.708577923163772283e+01
9.650342789408488109e-01 1.813824306352630700e+01
9.665920421029805532e-01 2.078902590923920002e+01
9.681498052651122954e-01 2.414654847978440699e+01
9.697075684272449259e-01 2.568414504636712437e+01
9.712653315893766681e-01 2.401861224085239854e+01
9.728230947515092986e-01 2.416451699564886724e+01
9.743808579136410408e-01 2.694523518874215284e+01
9.759386210757736713e-01 2.345865902132317871e+01
9.774963842379054135e-01 2.476557400747703142e+01
9.790541474000371558e-01 2.524741918770763505e+01
9.806119105621697862e-01 1.994668538014892434e+01
9.821696737243015285e-01 2.240720854886563984e+01
9.837274368864341589e-01 2.210741067128888204e+01
9.852852000485659012e-01 2.156714117371405592e+01
9.868429632106985316e-01 2.221475368664232164e+01
9.884007263728302739e-01 2.055517176742023366e+01
9.899584895349620162e-01 1.867827478029681032e+01
9.915162526970946466e-01 2.347870169468480483e+01
9.930740158592263889e-01 2.587135126102478466e+01
9.946317790213590193e-01 2.249862828068510012e+01
9.961895421834907616e-01 2.210384230830483077e+01
9.977473053456225038e-01 1.956011709638726614e+01
9.993050685077551343e-01 1.992734015551969406e+01
1.000862831669886877e+00 2.431903806142702607e+01
1.002420594832019507e+00 2.577199158439869464e+01
1.003978357994151249e+00 2.117363127023296343e+01
1.005536121156283880e+00 1.916997421978785354e+01
1.007093884318415622e+00 1.870595096232982257e+01
1.008651647480547364e+00 1.997458615465471254e+01
1.010209410642679995e+00 2.357574463688955291e+01
1.011767173804811737e+00 2.258633829855105901e+01
1.013324936966944367e+00 2.299436763984506982e+01
1.014882700129076110e+00 2.347665544735162158e+01
1.016440463291208740e+00 2.106448462020449952e+01
1.017998226453340482e+00 1.799903179613259496e+01
1.019555989615472225e+00 2.007280638360355240e+01
1.021113752777604855e+00 2.149930163300899011e+01
1.022671515939736597e+00 2.446971558441914851e+01
1.024229279101869228e+00 2.449252703501666062e+01
1.025787042264000970e+00 2.116292982789038746e+01
1.027344805426133600e+00 2.218023474157110542e+01
1.028902568588265343e+00 2.252974242519987058e+01
1.030460331750397085e+00 2.197360706284413823e+01
1.032018094912529715e+00 2.165374856317036034e+01
1.033575858074661458e+00 2.026929933069932233e+01
1.035133621236794088e+00 1.866134454173381130e+01
1.036691384398925830e+00 1.778817174859301176e+01
1.038249147561058461e+00 1.875167833550640495e+01
1.039806910723190203e+00 2.246114392359376666e+01
1.041364673885321945e+00 2.235633688485157933e+01
1.042922437047454576e+00 2.262405988587260808e+01
1.044480200209586318e+00 2.330691303619060761e+01
1.046037963371718948e+00 1.737318648458205672e+01
1.047595726533850691e+00 1.695277473272093616e+01
1.049153489695983321e+00 2.255212910738896781e+01
1.050711252858115063e+00 2.385256868740939495e+01
1.052269016020246806e+00 1.983156707257211337e+01
1.053826779182379436e+00 1.945575144514158339e+01
1.055384542344511178e+00 2.119189089840999785e+01
1.056942305506643809e+00 2.030170851434946400e+01
1.058500068668775551e+00 2.213797839672156087e+01
1.060057831830908182e+00 2.322555488328460171e+01
1.061615594993039924e+00 1.864932750469212053e+01
1.063173358155171666e+00 1.857350735976625700e+01
1.064731121317304297e+00 1.926897375167123627e+01
1.066288884479436039e+00 1.663380743897240777e+01
1.067846647641568669e+00 1.694354340961092120e+01
1.069404410803700411e+00 2.089574556910679703e+01
1.070962173965833042e+00 2.255453218459055265e+01
1.072519937127964784e+00 2.041058443964847058e+01
1.074077700290096526e+00 1.872607577502687803e+01
1.075635463452229157e+00 1.970906275928197360e+01
1.077193226614360899e+00 2.091729706869137573e+01
1.078750989776493530e+00 2.060574831129768114e+01
1.080308752938625272e+00 2.165183520668672301e+01
1.081866516100757014e+00 2.159866574182141719e+01
1.083424279262889645e+00 2.121004547900560055e+01
1.084982042425021387e+00 2.080071343334728340e+01
1.086539805587154017e+00 1.757604234138435118e+01
1.088097568749285760e+00 1.709619202672612204e+01
1.089655331911418390e+00 1.774578214235332752e+01
1.091213095073550132e+00 1.833302473570874014e+01
1.092770858235681875e+00 2.096191785500658256e+01
1.094328621397814505e+00 2.018799314692021696e+01
1.095886384559946247e+00 2.105687336239136087e+01
1.097444147722078878e+00 2.367779944125808456e+01
1.099001910884210620e+00 1.918828542444880014e+01
1.100559674046343250e+00 1.806991670876605482e+01
1.102117437208474993e+00 1.940688230317405427e+01
1.103675200370606735e+00 2.089734002101733878e+01
1.105232963532739365e+00 2.280210250439932906e+01
1.106790726694871108e+00 2.303438747605551384e+01
1.108348489857003738e+00 2.276565582146196576e+01
1.109906253019135480e+00 2.314739713759831119e+01
1.111464016181268111e+00 2.020087328306031793e+01
1.113021779343399853e+00 1.870570796910865852e+01
1.114579542505531595e+00 1.874483715305100162e+01
1.116137305667664226e+00 1.771306566364650692e+01
1.117695068829795968e+00 2.125898974745480530e+01
1.119252831991928598e+00 2.291000629744952732e+01
1.120810595154060341e+00 2.285424088667849674e+01
1.122368358316192971e+00 2.071923357944118393e+01
1.123926121478324713e+00 2.129229741029163847e+01
1.125483884640456456e+00 2.269357993212271651e+01
1.127041647802589086e+00 2.081779746151853061e+01
1.128599410964720828e+00 2.185017685462071313e+01
1.130157174126853459e+00 2.271559282442563799e+01
1.131714937288985201e+00 1.785289716389406678e+01
1.133272700451117831e+00 1.654797242327956397e+01
1.134830463613249574e+00 1.981299796147566639e+01
1.136388226775381316e+00 2.071620370170953152e+01
1.137945989937513946e+00 2.078569776550736492e+01
1.139503753099645689e+00 2.188114224088439030e+01
1.141061516261778319e+00 2.158213276227770194e+01
1.142619279423910061e+00 2.068337991344784399e+01
1.144177042586042692e+00 2.160527483307182806e+01
1.145734805748174434e+00 2.245209343199287133e+01
1.147292568910306176e+00 2.095207244246275025e+01
1.148850332072438807e+00 2.096604851719800422e+01
1.150408095234570549e+00 2.466667860821765501e+01
1.151965858396703180e+00 2.523876106605974456e+01
1.153523621558834922e+00 1.980623083938673545e+01
1.155081384720967552e+00 1.726944943861022352e+01
1.156639147883099294e+00 1.861265042944878445e+01
1.158196911045231037e+00 1.871762488424541004e+01
1.159754674207363667e+00 1.890622963279891877e+01
1.161312437369495409e+00 1.895218268703381526e+01
1.162870200531628040e+00 2.109849251140241932e+01
1.164427963693759782e+00 2.253618396795337731e+01
1.165985726855891524e+00 1.789759127729127286e+01
1.167543490018024155e+00 1.801535034616288300e+01
1.169101253180155897e+00 2.031615072794756927e+01
1.170659016342288528e+00 2.338276949209725686e+01
1.172216779504420270e+00 2.437796280065330023e+01
1.173774542666552900e+00 2.130941736728300739e+01
1.175332305828684643e+00 1.761049205242656512e+01
1.176890068990816385e+00 1.898224626237280788e+01
1.178447832152949015e+00 2.199369194210917300e+01
1.180005595315080758e+00 2.100653286264082098e+01
1.181563358477213388e+00 1.932161086402744132e+01
1.183121121639345130e+00 1.886664156023311989e+01
1.184678884801477761e+00 2.151319570661116387e+01
1.186236647963609503e+00 2.240337791864243755e+01
1.187794411125741245e+00 1.957360883671957907e+01
1.189352174287873876e+00 2.229091218601539737e+01
1.190909937450005618e+00 2.535154446671557338e+01
1.192467700612138248e+00 2.334126328360635583e+01
1.194025463774269991e+00 2.132074561463377549e+01
1.195583226936402621e+00 2.198326520542358864e+01
1.197140990098534363e+00 2.409184202511333339e+01
1.198698753260666106e+00 2.224317056001194004e+01
1.200256516422798736e+00 1.940119449985326128e+01
1.201814279584930478e+00 1.781076808474198359e+01
1.203372042747063109e+00 2.030879170035836978e+01
1.204929805909194851e+00 2.272728747171652941e+01
1.206487569071327481e+00 2.275390186538625059e+01
1.208045332233459224e+00 2.477881670812810455e+01
1.209603095395590966e+00 2.329154815705339487e+01
1.211160858557723596e+00 2.095112858114559629e+01
1.212718621719855339e+00 2.180077923658371475e+01
1.214276384881987969e+00 2.262583198462066392e+01
1.215834148044119711e+00 2.344858019276816918e+01
1.217391911206252342e+00 2.214589652965739219e+01
1.218949674368384084e+00 2.469644749460508493e+01
1.220507437530515826e+00 2.183557785141783469e+01
1.222065200692648457e+00 1.929578109947834719e+01
1.223622963854780199e+00 1.703839444891720944e+01
1.225180727016912829e+00 1.935595244556771277e+01
1.226738490179044572e+00 2.247057846034534023e+01
1.228296253341177202e+00 1.546702939308316438e+01
1.229854016503308944e+00 1.628686637506041279e+01
1.231411779665440687e+00 1.777753048278989922e+01
1.232969542827573317e+00 1.786720264169240124e+01
1.234527305989705059e+00 1.986610881115044691e+01
1.236085069151837690e+00 2.171234718257033336e+01
1.237642832313969432e+00 1.930765385676685852e+01
1.239200595476101174e+00 1.816750435009752351e+01
1.240758358638233805e+00 2.000683087236259539e+01
1.242316121800365547e+00 2.194020177442178010e+01
1.243873884962498177e+00 2.294082352233425226e+01
1.245431648124629920e+00 1.982798749272792094e+01
1.246989411286762550e+00 2.043689905599661927e+01
1.248547174448894292e+00 2.185341332629945654e+01
1.250104937611026035e+00 2.270407865310864537e+01
1.251662700773158665e+00 2.557548503046188060e+01
1.253220463935290407e+00 2.338187220009620759e+01
1.254778227097423038e+00 2.049698698380727890e+01
1.256335990259554780e+00 1.765616066777429083e+01
1.257893753421687411e+00 1.713250540244683151e+01
1.259451516583819153e+00 2.079514509854665505e+01
1.261009279745950895e+00 2.387180194113984655e+01
1.262567042908083526e+00 2.010765796236014324e+01
1.264124806070215268e+00 1.556009043760162314e+01
1.265682569232347898e+00 1.843884763527561432e+01
1.267240332394479640e+00 2.210922645954917698e+01
1.268798095556612271e+00 2.343898058996297351e+01
1.270355858718744013e+00 2.018557348037899857e+01
1.271913621880875755e+00 1.989111246696629465e+01
1.273471385043008386e+00 1.852327371412754076e+01
1.275029148205140128e+00 1.989028772253330857e+01
1.276586911367272759e+00 2.091223567472788858e+01
1.278144674529404501e+00 1.704439788399150046e+01
1.279702437691537131e+00 2.167223212913116726e+01
1.281260200853668874e+00 2.080228800266156242e+01
1.282817964015800616e+00 2.234439816096022113e+01
1.284375727177933246e+00 2.223761550280295296e+01
1.285933490340064989e+00 1.912097236816977031e+01
1.287491253502197619e+00 1.697190740083338056e+01
1.289049016664329361e+00 1.699657638344850241e+01
1.290606779826461992e+00 1.796014749048044479e+01
1.292164542988593734e+00 1.991439066423027171e+01
1.293722306150725476e+00 2.149312937669658652e+01
1.295280069312858107e+00 2.040597928722981536e+01
1.296837832474989849e+00 2.319986068162925363e+01
1.298395595637122479e+00 2.556145217636222355e+01
1.299953358799254222e+00 2.171215061438804739e+01
1.301511121961386852e+00 1.809761989879946498e+01
1.303068885123518594e+00 1.889995770565450073e+01
1.304626648285650337e+00 1.947547593411011135e+01
1.306184411447782967e+00 1.842203810178440904e+01
1.307742174609914709e+00 1.643758979590844049e+01
1.309299937772047340e+00 1.709851262560610508e+01
1.310857700934179082e+00 2.032158186240064879e+01
1.312415464096311712e+00 1.849898197970106040e+01
1.313973227258443455e+00 1.954035078046057805e+01
1.315530990420575197e+00 2.514550466349671254e+01
1.317088753582707827e+00 2.626970454729709914e+01
1.318646516744839570e+00 2.396034419211503774e+01
1.320204279906972200e+00 2.323662185523129509e+01
1.321762043069103942e+00 2.046874875238238900e+01
1.323319806231235685e+00 1.819365799776704051e+01
1.324877569393368315e+00 1.742012452381100829e+01
1.326435332555500057e+00 1.752465816047776315e+01
1.327993095717632688e+00 2.113858047639891069e+01
1.329550858879764430e+00 2.005900676184919007e+01
1.331108622041897060e+00 2.259929637440395922e+01
1.332666385204028803e+00 2.210510148702462985e+01
1.334224148366160545e+00 2.080311222998340526e+01
1.335781911528293175e+00 2.169281976582426807e+01
1.337339674690424918e+00 1.979716522986592508e+01
1.338897437852557548e+00 1.868122775924542012e+01
1.340455201014689290e+00 2.005143761444415063e+01
1.342012964176821921e+00 2.087765589960797286e+01
1.343570727338953663e+00 2.022247486289939644e+01
1.345128490501085405e+00 1.558488186328410308e+01
1.346686253663218036e+00 1.671387006764440741e+01
1.348244016825349778e+00 2.046279052514449148e+01
1.349801779987482409e+00 2.173132068812532580e+01
1.351359543149614151e+00 1.986615720876335800e+01
1.352917306311746781e+00 2.001748726415033275e+01
1.354475069473878523e+00 2.187150417133912583e+01
1.356032832636010266e+00 2.225114412322956525e+01
1.357590595798142896e+00 1.988510461688644781e+01
1.359148358960274638e+00 1.986130012963549518e+01
1.360706122122407269e+00 2.020151944548837619e+01
1.362263885284539011e+00 1.773263295950079055e+01
1.363821648446671642e+00 1.905646816802410370e+01
1.365379411608803384e+00 2.112623934773107237e+01
1.366937174770935126e+00 2.257855861415471921e+01
1.368494937933067757e+00 2.068808945932782350e+01
1.370052701095199499e+00 1.958565164705979456e+01
1.371610464257332129e+00 2.060243237410420036e+01
1.373168227419463872e+00 2.036593136468162513e+01
1.374725990581596502e+00 2.011071054076098363e+01
1.376283753743728244e+00 1.808487570464887639e+01
1.377841516905859987e+00 2.024088037110509575e+01
1.379399280067992617e+00 2.395021173963362315e+01
1.380957043230124359e+00 2.257386522895896519e+01
1.382514806392256990e+00 2.125854136641281755e+01
1.384072569554388732e+00 2.085884847800545927e+01
1.385630332716521362e+00 2.053816278459493105e+01
1.387188095878653105e+00 2.111104708160592835e+01
1.388745859040784847e+00 2.316422874681189725e+01
1.390303622202917477e+00 2.438973604499366488e+01
1.391861385365049220e+00 2.286928308015393796e+01
1.393419148527181850e+00 2.218445441075282076e+01
1.394976911689313592e+00 2.179852432848461063e+01
1.396534674851446223e+00 1.929560347194593817e+01
1.398092438013577965e+00 1.879907203827218964e+01
1.399650201175709707e+00 1.910964718065617163e+01
1.401207964337842338e+00 1.741150843812306093e+01
1.402765727499974080e+00 1.831221047008558855e+01
1.404323490662106710e+00 1.968345890738600801e+01
1.405881253824238453e+00 1.760878965316819489e+01
1.407439016986370195e+00 1.770534608151816514e+01
1.408996780148502825e+00 1.958160828803926989e+01
1.410554543310634568e+00 1.977005342049703884e+01
1.412112306472767198e+00 1.867619951396196143e+01
1.413670069634898940e+00 2.093055836607846842e+01
1.415227832797031571e+00 2.328866479690906743e+01
1.416785595959163313e+00 2.109011431617843257e+01
1.418343359121295055e+00 2.111754905463837773e+01
1.419901122283427686e+00 2.022337375792893255e+01
1.421458885445559428e+00 2.063459038041143501e+01
1.423016648607692058e+00 2.424049144414997059e+01
1.424574411769823801e+00 1.958573215949217072e+01
1.426132174931956431e+00 2.101589393733128475e+01
1.427689938094088173e+00 2.090486793388699738e+01
1.429247701256219916e+00 2.048601898870765936e+01
1.430805464418352546e+00 2.018530030648874174e+01
1.432363227580484288e+00 2.008978272584145586e+01
1.433920990742616919e+00 1.976597224373041684e+01
1.435478753904748661e+00 1.926092903421579550e+01
1.437036517066881292e+00 2.193342443603687997e+01
1.438594280229013034e+00 1.974307990491000808e+01
1.440152043391144776e+00 1.871682083043645406e+01
1.441709806553277406e+00 2.376662908882641290e+01
1.443267569715409149e+00 2.326250203265049166e+01
1.444825332877541779e+00 2.002763648989455092e+01
1.446383096039673521e+00 1.998372973914541717e+01
1.447940859201806152e+00 2.009660994334927864e+01
1.449498622363937894e+00 1.831852879431954761e+01
1.451056385526069636e+00 2.137840096366451093e+01
1.452614148688202267e+00 2.448234819939327167e+01
1.454171911850334009e+00 2.180329351398740201e+01
1.455729675012466640e+00 1.972000545513548531e+01
1.457287438174598382e+00 1.815702495074662792e+01
1.458845201336731012e+00 2.179978393835326145e+01
1.460402964498862755e+00 2.453796139347004157e+01
1.461960727660994497e+00 2.077051225751191410e+01
1.463518490823127127e+00 1.937115508774859407e+01
1.465076253985258870e+00 1.967186725268853564e+01
1.466634017147391500e+00 1.774415485481394228e+01
1.468191780309523242e+00 2.027507216249791355e+01
1.469749543471655873e+00 1.947514762771088215e+01
1.471307306633787615e+00 2.237628602997012450e+01
1.472865069795919357e+00 2.250285453680882242e+01
1.474422832958051988e+00 2.025556655267748596e+01
1.475980596120183730e+00 1.796343797231374850e+01
1.477538359282316360e+00 1.753062020641103302e+01
1.479096122444448103e+00 1.631828065632786817e+01
1.480653885606579845e+00 1.694202688245094635e+01
1.482211648768712475e+00 2.361180004949441269e+01
1.483769411930844218e+00 2.321835440330236722e+01
1.485327175092976848e+00 2.114593987057278923e+01
1.486884938255108590e+00 2.127427737639710870e+01
1.488442701417241221e+00 2.155624286815107737e+01
1.490000464579372963e+00 2.206220873455392351e+01
1.491558227741504705e+00 1.983503953802304309e+01
1.493115990903637336e+00 1.914827221978028149e+01
1.494673754065769078e+00 1.980811442328498373e+01
1.496231517227901708e+00 2.028116807196387938e+01
1.497789280390033451e+00 2.113189638254450031e+01
1.499347043552166081e+00 1.805812267842695107e+01
1.500904806714297823e+00 1.864162904042920132e+01
1.502462569876429566e+00 1.966315108526394440e+01
1.504020333038562196e+00 1.916171936858809488e+01
1.505578096200693938e+00 1.852226487424611179e+01
1.507135859362826569e+00 2.062356691531693187e+01
1.508693622524958311e+00 2.030605422773816215e+01
1.510251385687090941e+00 1.605332293207073491e+01
1.511809148849222684e+00 1.660890629139224828e+01
1.513366912011354426e+00 2.177455619463128755e+01
1.514924675173487056e+00 2.362924340611111873e+01
1.516482438335618799e+00 2.142719688541098222e+01
1.518040201497751429e+00 1.916159561033357761e+01
1.519597964659883171e+00 1.908951082548031053e+01
1.521155727822015802e+00 1.952430983616129367e+01
1.522713490984147544e+00 1.960746046783189200e+01
1.524271254146279286e+00 1.643588615875049896e+01
1.525829017308411917e+00 1.523310829276401535e+01
1.527386780470543659e+00 2.074457426866385390e+01
1.528944543632676289e+00 2.241289647854123857e+01
1.530502306794808032e+00 2.120099270149419013e+01
1.532060069956940662e+00 2.032453635745369525e+01
1.533617833119072404e+00 2.134516118849713351e+01
1.535175596281204147e+00 2.195530157250965786e+01
1.536733359443336777e+00 2.170625049012859975e+01
1.538291122605468519e+00 2.126014701507392246e+01
1.539848885767601150e+00 1.895005505032771964e+01
1.541406648929732892e+00 1.804083764052476013e+01
1.542964412091865523e+00 1.790447233485464196e+01
1.544522175253997265e+00 1.547711364858040994e+01
1.546079938416129007e+00 1.506678687808683570e+01
1.547637701578261638e+00 1.940389644127849422e+01
1.549195464740393380e+00 2.208783298984993948e+01
1.550753227902526010e+00 2.083727307849784793e+01
1.552310991064657753e+00 2.040683314007152305e+01
1.553868754226790383e+00 1.963475420182757603e+01
1.555426517388922125e+00 2.222176037892269562e+01
1.556984280551053867e+00 2.663835269292203733e+01
1.558542043713186498e+00 2.300304219274202566e+01
1.560099806875318240e+00 1.917195480001961982e+01
1.561657570037450871e+00 1.846454438390165720e+01
1.563215333199582613e+00 1.900498155491895957e+01
1.564773096361714355e+00 2.206071987753125896e+01
1.566330859523846986e+00 2.298320501778965763e+01
1.567888622685978728e+00 2.252594635318182625e+01
1.569446385848111358e+00 2.292259670025747198e+01
1.571004149010243101e+00 1.896057787677819562e+01
1.572561912172375731e+00 2.166899904250593067e+01
1.574119675334507473e+00 2.456411056707639062e+01
1.575677438496639216e+00 1.893214864042796464e+01
1.577235201658771846e+00 2.107143963632175243e+01
1.578792964820903588e+00 2.459928930632910138e+01
1.580350727983036219e+00 2.053265159366069170e+01
1.581908491145167961e+00 2.271939223038370770e+01
1.583466254307300591e+00 2.236073903341392111e+01
1.585024017469432334e+00 2.124881884881487082e+01
1.586581780631564076e+00 1.875007155938802583e+01
1.588139543793696706e+00 2.059197756045378469e+01
1.589697306955828449e+00 2.389344352981947495e+01
1.591255070117961079e+00 2.464902677191936320e+01
1.592812833280092821e+00 2.201655162843393398e+01
1.594370596442225452e+00 1.800296169821938008e+01
1.595928359604357194e+00 2.330892830353510092e+01
1.597486122766488936e+00 2.094296735341020010e+01
1.599043885928621567e+00 1.848695727100004049e+01
1.600601649090753309e+00 1.988969343936429013e+01
1.602159412252885939e+00 2.269937310296944943e+01
1.603717175415017682e+00 2.069420979273758832e+01
1.605274938577150312e+00 2.199647210272005893e+01
1.606832701739282054e+00 2.506010231484204098e+01
1.608390464901413797e+00 2.267280083756809361e+01
1.609948228063546427e+00 2.488531708123342412e+01
1.611505991225678169e+00 2.117982597969655956e+01
1.613063754387810800e+00 1.893193578384303066e+01
1.614621517549942542e+00 1.964161630095366462e+01
1.616179280712075172e+00 1.839076941795732978e+01
1.617737043874206915e+00 1.834599384921546417e+01
1.619294807036338657e+00 1.798317195251102518e+01
1.620852570198471287e+00 1.571302102785786126e+01
1.622410333360603030e+00 1.901464436002539315e+01
1.623968096522735660e+00 2.014540698874021274e+01
1.625525859684867402e+00 2.291450804267719121e+01
1.627083622847000033e+00 2.038894370404581480e+01
1.628641386009131775e+00 1.797978728224290634e+01
1.630199149171263517e+00 1.785979552641926915e+01
1.631756912333396148e+00 1.547118862681860918e+01
1.633314675495527890e+00 1.593162624026516383e+01
1.634872438657660521e+00 2.012272609630649356e+01
1.636430201819792263e+00 2.192526824249248918e+01
1.637987964981924005e+00 1.993041935212271198e+01
1.639545728144056636e+00 1.526393315103438120e+01
1.641103491306188378e+00 1.583661345649205643e+01
1.642661254468321008e+00 2.337333362274948101e+01
1.644219017630452750e+00 2.374952043631725829e+01
1.645776780792585381e+00 2.027227302561930955e+01
1.647334543954717123e+00 2.458221379937252493e+01
1.648892307116848865e+00 2.092405350684042986e+01
1.650450070278981496e+00 1.894624430184724062e+01
1.652007833441113238e+00 1.794962455818798475e+01
1.653565596603245869e+00 1.776547585096995974e+01
1.655123359765377611e+00 1.590813184158922944e+01
1.656681122927510241e+00 1.574366977819369495e+01
1.658238886089641984e+00 1.741916674895131223e+01
1.659796649251773726e+00 1.653267669269959583e+01
1.661354412413906356e+00 1.961059845621952036e+01
1.662912175576038099e+00 2.167297153239005425e+01
1.664469938738170729e+00 2.079539221394310289e+01
1.666027701900302471e+00 1.990214827076677651e+01
1.667585465062435102e+00 1.921231433447887582e+01
1.669143228224566844e+00 2.188310088332551828e+01
1.670700991386698586e+00 2.323411209182068404e+01
1.672258754548831217e+00 2.278540418040607207e+01
1.673816517710962959e+00 2.454670172427443475e+01
1.675374280873095589e+00 1.881391642194614278e+01
1.676932044035227332e+00 1.881056369751948054e+01
1.678489807197359962e+00 2.628485180545986211e+01
1.680047570359491704e+00 2.018668403856703719e+01
1.681605333521623447e+00 1.759143583157743862e+01
1.683163096683756077e+00 1.812875110914491117e+01
1.684720859845887819e+00 2.161006470379297895e+01
1.686278623008020450e+00 2.411557574746422716e+01
1.687836386170152192e+00 1.866214577487935600e+01
1.689394149332284822e+00 1.873251246479216547e+01
1.690951912494416565e+00 2.068164384167652869e+01
1.692509675656548307e+00 1.924481410870669507e+01
1.694067438818680937e+00 2.127365495564578168e+01
1.695625201980812680e+00 1.925041567749928362e+01
1.697182965142945310e+00 1.721287861095695249e+01
1.698740728305077052e+00 1.969708396076389079e+01
1.700298491467209683e+00 2.178493903005011134e+01
1.701856254629341425e+00 1.950624162834467867e+01
1.703414017791473167e+00 1.955462926582763927e+01
1.704971780953605798e+00 1.877295706087377525e+01
1.706529544115737540e+00 1.866362867455278973e+01
1.708087307277870170e+00 2.099087034783818240e+01
1.709645070440001913e+00 2.242889968657268085e+01
1.711202833602134543e+00 2.260336537772557364e+01
1.712760596764266285e+00 1.867317256106081302e+01
1.714318359926398028e+00 1.704269873991110629e+01
1.715876123088530658e+00 1.893931122135288092e+01
1.717433886250662400e+00 1.939962117282948029e+01
1.718991649412795031e+00 2.064541457661023927e+01
1.720549412574926773e+00 2.189790783943952590e+01
1.722107175737058515e+00 1.949239829575648031e+01
1.723664938899191146e+00 2.080400774691707255e+01
1.725222702061322888e+00 1.847071477103728299e+01
1.726780465223455518e+00 1.862561489517807090e+01
1.728338228385587261e+00 1.910093553915541520e+01
1.729895991547719891e+00 2.125225118763071563e+01
1.731453754709851633e+00 2.148227991341642351e+01
1.733011517871983376e+00 2.104177332314535676e+01
1.734569281034116006e+00 2.450926184317141221e+01
1.736127044196247748e+00 1.983468053200175873e+01
1.737684807358380379e+00 1.457621064635959129e+01
1.739242570520512121e+00 2.065505685429052463e+01
1.740800333682644752e+00 1.831104787646964027e+01
1.742358096844776494e+00 1.913806013027332398e+01
1.743915860006908236e+00 1.726823905194165221e+01
1.745473623169040867e+00 1.543439023430271106e+01
1.747031386331172609e+00 1.780604536617661182e+01
1.748589149493305239e+00 2.122704924830697948e+01
1.750146912655436982e+00 2.216584883691829688e+01
1.751704675817569612e+00 2.221195175534804989e+01
1.753262438979701354e+00 2.276243634563455842e+01
1.754820202141833096e+00 2.586243284377028573e+01
1.756377965303965727e+00 2.601811418855691116e+01
1.757935728466097469e+00 2.033437262864103445e+01
1.759493491628230100e+00 1.822180891075361941e+01
1.761051254790361842e+00 1.945962767182252762e+01
1.762609017952494472e+00 1.866171745293848261e+01
1.764166781114626215e+00 2.005488182934764652e+01
1.765724544276757957e+00 2.212265633226052230e+01
1.767282307438890587e+00 2.177355638113898806e+01
1.768840070601022330e+00 2.025914446236805944e+01
1.770397833763154960e+00 1.745346566819224066e+01
1.771955596925286702e+00 1.755429745540195086e+01
1.773513360087419333e+00 1.647065617454522979e+01
1.775071123249551075e+00 1.582540552374191201e+01
1.776628886411682817e+00 1.744836193402512237e+01
1.778186649573815448e+00 1.760652182972426161e+01
1.779744412735947190e+00 1.613601699501535336e+01
1.781302175898079820e+00 1.842320287008405444e+01
1.782859939060211563e+00 2.091339029603735611e+01
1.784417702222344193e+00 1.971938856831246056e+01
1.785975465384475935e+00 1.995740345432012930e+01
1.787533228546607678e+00 2.039496965093294278e+01
1.789090991708740308e+00 1.883452938232583662e+01
1.790648754870872050e+00 1.935490003719884911e+01
1.792206518033004681e+00 2.039485305322554964e+01
1.793764281195136423e+00 2.172214472347858205e+01
1.795322044357268165e+00 2.386280674572673277e+01
1.796879807519400796e+00 2.214729917270004833e+01
1.798437570681532538e+00 2.089649200690768183e+01
1.799995333843665168e+00 2.031278277642958940e+01
1.801553097005796911e+00 1.954797514289861482e+01
1.803110860167929541e+00 1.927708884272556844e+01
1.804668623330061283e+00 2.039117348206896452e+01
1.806226386492193026e+00 1.704340566041334171e+01
1.807784149654325656e+00 1.746653423017640705e+01
1.809341912816457398e+00 1.818014711816291396e+01
1.810899675978590029e+00 1.538983755436508893e+01
1.812457439140721771e+00 1.556459457302891103e+01
1.814015202302854401e+00 1.782434411593004597e+01
1.815572965464986144e+00 1.860204540735319156e+01
1.817130728627117886e+00 1.917557681233911282e+01
1.818688491789250516e+00 2.027271485325068312e+01
1.820246254951382259e+00 1.999035637231856555e+01
1.821804018113514889e+00 1.897336489550619731e+01
1.823361781275646631e+00 2.180971269175626048e+01
1.824919544437779262e+00 2.279959954303637204e+01
1.826477307599911004e+00 2.139826152083743693e+01
1.828035070762042746e+00 1.995607168224093542e+01
1.829592833924175377e+00 1.535940796383836116e+01
1.831150597086307119e+00 1.813255323212152348e+01
1.832708360248439750e+00 2.198009757344833659e+01
1.834266123410571492e+00 1.523543505931058561e+01
1.835823886572704122e+00 2.040184806132394968e+01
1.837381649734835865e+00 2.383437465937168653e+01
1.838939412896967607e+00 2.255993314852942788e+01
1.840497176059100237e+00 2.281547635846949973e+01
1.842054939221231979e+00 2.095647904517923266e+01
1.843612702383364610e+00 1.965135041364595736e+01
1.845170465545496352e+00 1.866797164947794840e+01
1.846728228707628983e+00 1.909505635464438456e+01
1.848285991869760725e+00 2.204168168049345056e+01
1.849843755031892467e+00 2.406099676657600739e+01
1.851401518194025098e+00 2.229530807876862397e+01
1.852959281356156840e+00 2.096205791885773806e+01
1.854517044518289470e+00 2.184558998174318489e+01
1.856074807680421213e+00 2.437440727720799671e+01
1.857632570842553843e+00 2.400385945232686069e+01
1.859190334004685585e+00 2.034605524707552604e+01
1.860748097166817328e+00 1.999075679172482012e+01
1.862305860328949958e+00 2.260905555527948252e+01
1.863863623491081700e+00 2.411129894375068972e+01
1.865421386653214331e+00 2.220221793429408663e+01
1.866979149815346073e+00 1.858376749829694674e+01
1.868536912977478703e+00 1.645825772288609912e+01
1.870094676139610446e+00 1.727855018263140607e+01
1.871652439301742188e+00 1.603892941476413014e+01
1.873210202463874818e+00 2.001835914632188818e+01
1.874767965626006561e+00 2.080215813336216257e+01
1.876325728788139191e+00 1.773490962883001743e+01
1.877883491950270933e+00 1.537262698096082936e+01
1.879441255112402676e+00 1.804989029506091924e+01
1.880999018274535306e+00 2.239162518022809678e+01
1.882556781436667048e+00 2.184919044516658104e+01
1.884114544598799679e+00 2.048772284342733840e+01
1.885672307760931421e+00 1.778369612722899973e+01
1.887230070923064051e+00 1.266706364642680605e+01
1.888787834085195794e+00 1.475317361530576932e+01
1.890345597247327536e+00 1.667386158405556884e+01
1.891903360409460166e+00 2.044239166594251600e+01
1.893461123571591909e+00 2.036188123414720152e+01
1.895018886733724539e+00 1.816863085978435421e+01
1.896576649895856281e+00 1.658487421379216187e+01
1.898134413057988912e+00 1.513676079439641065e+01
1.899692176220120654e+00 1.907979330962670161e+01
1.901249939382252396e+00 2.128856435163704219e+01
1.902807702544385027e+00 1.757988320252330183e+01
1.904365465706516769e+00 2.158290900493295794e+01
1.905923228868649399e+00 1.905395126940055661e+01
1.907480992030781142e+00 1.879002800389465833e+01
1.909038755192913772e+00 1.810939388930058769e+01
1.910596518355045514e+00 1.797260356636073197e+01
1.912154281517177257e+00 2.074187129347994940e+01
1.913712044679309887e+00 2.183986162030602785e+01
1.915269807841441629e+00 2.075870559155117334e+01
1.916827571003574260e+00 1.996773854039836138e+01
1.918385334165706002e+00 1.983452281745674384e+01
1.919943097327838633e+00 1.876629542015933083e+01
1.921500860489970375e+00 1.523176014100321574e+01
1.923058623652102117e+00 2.084210901800973303e+01
1.924616386814234748e+00 2.149895198104989191e+01
1.926174149976366490e+00 1.632592619771985909e+01
1.927731913138499120e+00 1.495528680823260359e+01
1.929289676300630862e+00 2.010123813080979005e+01
1.930847439462763493e+00 2.011638094362581342e+01
1.932405202624895235e+00 1.463003058063026884e+01
1.933962965787026977e+00 1.607344419815303382e+01
1.935520728949159608e+00 1.739062416133308275e+01
1.937078492111291350e+00 1.520702860547857327e+01
1.938636255273423981e+00 1.940026735895719057e+01
1.940194018435555723e+00 2.057165107648571833e+01
1.941751781597688353e+00 1.469296064528499635e+01
1.943309544759820096e+00 1.739021145822321301e+01
1.944867307921951838e+00 2.087099162457718293e+01
1.946425071084084468e+00 2.146017296110202111e+01
1.947982834246216211e+00 2.151199820417128095e+01
1.949540597408348841e+00 2.126320921123297225e+01
1.951098360570480583e+00 1.704722148030532125e+01
1.952656123732613214e+00 1.421415742822003558e+01
1.954213886894744956e+00 1.698063560685560347e+01
1.955771650056876698e+00 1.976305313869119118e+01
1.957329413219009329e+00 1.661811927953124624e+01
1.958887176381141071e+00 1.902531114595220529e+01
1.960444939543273701e+00 2.503138465345238117e+01
1.962002702705405444e+00 2.385650890725094442e+01
1.963560465867537186e+00 1.854839184962168375e+01
1.965118229029669816e+00 1.888466919802259625e+01
1.966675992191801559e+00 2.156501915793966617e+01
1.968233755353934189e+00 2.116218330787442525e+01
1.969791518516065931e+00 2.229612577940137541e+01
1.971349281678198562e+00 2.237249880931239332e+01
1.972907044840330304e+00 2.119889544446979812e+01
1.974464808002462046e+00 2.033607697714923646e+01
1.976022571164594677e+00 2.171565972631666952e+01
1.977580334326726419e+00 1.890285718964320694e+01
1.979138097488859049e+00 1.737102419788608287e+01
1.980695860650990792e+00 1.814890894438595836e+01
1.982253623813123422e+00 2.056450903107306516e+01
1.983811386975255164e+00 1.975797181424129079e+01
1.985369150137386907e+00 1.783477803864748878e+01
1.986926913299519537e+00 2.062824406276672562e+01
1.988484676461651279e+00 2.048344152651657168e+01
1.990042439623783910e+00 1.993866223161790430e+01
1.991600202785915652e+00 2.236286939409073327e+01
1.993157965948048282e+00 2.161316379413150202e+01
1.994715729110180025e+00 2.124979504325044033e+01
1.996273492272311767e+00 1.741430606345991450e+01
1.997831255434444397e+00 1.671598965337664211e+01
1.999389018596576140e+00 1.718194715211758350e+01
2.000946781758708770e+00 2.031231842639511598e+01
2.002504544920840512e+00 2.049099043348709515e+01
2.004062308082973143e+00 1.716932776793499826e+01
2.005620071245104885e+00 1.728273094247255059e+01
2.007177834407236627e+00 1.405339305451168563e+01
2.008735597569369258e+00 1.651320684103428604e+01
2.010293360731501000e+00 1.945763566443573822e+01
2.011851123893633631e+00 2.114107683471033994e+01
2.013408887055765373e+00 2.246820496424962599e+01
2.014966650217898003e+00 1.885748410475351022e+01
2.016524413380029745e+00 1.604071110863718275e+01
2.018082176542161488e+00 1.785919068702059676e+01
2.019639939704294118e+00 1.995754314794046635e+01
2.021197702866425860e+00 1.699784373889350064e+01
2.022755466028558491e+00 1.786849759616271882e+01
2.024313229190690233e+00 2.025002513807843840e+01
2.025870992352822864e+00 1.820430845259015129e+01
2.027428755514954606e+00 2.023201248741289504e+01
2.028986518677086348e+00 1.675605471181294348e+01
2.030544281839218979e+00 1.983455388709873546e+01
2.032102045001350721e+00 2.011067566583157173e+01
2.033659808163483351e+00 1.903207450724567451e+01
2.035217571325615094e+00 2.206989375037722567e+01
2.036775334487746836e+00 2.176916208940624031e+01
2.038333097649879466e+00 1.994580196842196074e+01
2.039890860812011208e+00 2.305916602917658409e+01
2.041448623974143839e+00 2.011827466706930068e+01
2.043006387136275581e+00 1.808771646486952989e+01
2.044564150298408212e+00 1.835679044437847907e+01
2.046121913460539954e+00 1.910687342828020263e+01
2.047679676622671696e+00 1.634681440663555918e+01
2.049237439784804327e+00 1.686097330795048777e+01
2.050795202946936069e+00 1.766939636612843501e+01
2.052352966109068699e+00 1.847225243472824019e+01
2.053910729271200442e+00 2.142176643959525961e+01
2.055468492433333072e+00 2.219739506664354423e+01
2.057026255595464814e+00 2.157350100739531484e+01
2.058584018757596557e+00 2.255750875933486554e+01
2.060141781919729187e+00 2.172622536679115868e+01
2.061699545081860929e+00 1.759949139931276463e+01
2.063257308243993560e+00 1.766046352125094998e+01
2.064815071406125302e+00 1.826160792870426874e+01
2.066372834568257932e+00 1.789163575993304889e+01
2.067930597730389675e+00 1.690623084640990115e+01
2.069488360892521417e+00 1.548190756717085037e+01
2.071046124054654047e+00 1.808180369256945497e+01
2.072603887216785790e+00 1.797623165238596243e+01
2.074161650378918420e+00 1.618427527753676998e+01
2.075719413541050162e+00 1.803276087098135250e+01
2.077277176703182793e+00 1.500522011946876333e+01
2.078834939865314535e+00 1.773886217373082985e+01
2.080392703027446277e+00 2.147909136193332102e+01
2.081950466189578908e+00 1.704662362986239543e+01
2.083508229351710650e+00 2.130335342458965897e+01
2.085065992513843280e+00 1.942780527698733906e+01
2.086623755675975023e+00 1.853155886789498297e+01
2.088181518838107653e+00 1.724787829377993376e+01
2.089739282000239395e+00 1.891736051365945315e+01
2.091297045162371138e+00 1.930107151225213968e+01
2.092854808324503768e+00 1.816655138718493845e+01
2.094412571486635510e+00 1.906329796470036086e+01
2.095970334648768141e+00 1.979668259644722639e+01
2.097528097810899883e+00 2.087296460330715675e+01
2.099085860973032513e+00 1.736100462452036908e+01
2.100643624135164256e+00 1.589593115367658172e+01
2.102201387297295998e+00 1.616504557374014794e+01
2.103759150459428628e+00 1.537796204551084145e+01
2.105316913621560371e+00 1.837979121445021846e+01
2.106874676783693001e+00 1.807994910210106454e+01
2.108432439945824743e+00 1.752117183943783729e+01
2.109990203107957374e+00 1.872573371590084790e+01
2.111547966270089116e+00 2.040632575273586014e+01
2.113105729432220858e+00 2.103254815148719103e+01
2.114663492594353489e+00 2.008727386708407536e+01
2.116221255756485231e+00 2.028232823324536227e+01
2.117779018918617862e+00 2.140609955300192269e+01
2.119336782080749604e+00 1.863343848872419173e+01
2.120894545242881346e+00 1.845125878961586707e+01
2.122452308405013977e+00 2.219329384370009350e+01
2.124010071567145719e+00 2.140315192006607958e+01
2.125567834729278349e+00 2.269241073768961314e+01
2.127125597891410091e+00 2.304207105022924296e+01
2.128683361053542722e+00 1.814748451894049452e+01
2.130241124215674464e+00 1.471090617566520464e+01
2.131798887377806206e+00 1.885502780368861409e+01
2.133356650539938837e+00 2.000879479384602178e+01
2.134914413702070579e+00 1.686141954397319154e+01
2.136472176864203210e+00 1.843810884961637342e+01
2.138029940026334952e+00 2.023509241800131875e+01
2.139587703188467582e+00 2.125844701553175753e+01
2.141145466350599325e+00 1.835941549333597678e+01
2.142703229512731067e+00 1.524844966991407524e+01
2.144260992674863697e+00 1.689845017927127202e+01
2.145818755836995440e+00 1.849057012718320436e+01
2.147376518999128070e+00 1.969303310631513781e+01
2.148934282161259812e+00 1.899248000813981108e+01
2.150492045323392443e+00 1.563067060217363213e+01
2.152049808485524185e+00 1.913671005165938155e+01
2.153607571647655927e+00 2.081213565355080775e+01
2.155165334809788558e+00 1.803571141098602126e+01
2.156723097971920300e+00 1.820041476478396447e+01
2.158280861134052930e+00 1.860196544925535989e+01
2.159838624296184673e+00 1.734030291150444114e+01
2.161396387458317303e+00 1.737035453567509435e+01
2.162954150620449045e+00 2.033073491183747805e+01
2.164511913782580788e+00 2.309032046309921427e+01
2.166069676944713418e+00 1.842536416379506647e+01
2.167627440106845160e+00 1.381103010626454086e+01
2.169185203268977791e+00 1.835765431556163207e+01
2.170742966431109533e+00 2.055775282282213112e+01
2.172300729593242163e+00 1.969609474299297958e+01
2.173858492755373906e+00 1.932068070896333012e+01
2.175416255917505648e+00 2.163300990722828843e+01
2.176974019079638278e+00 2.067810097340168340e+01
2.178531782241770021e+00 1.772172911301120379e+01
2.180089545403902651e+00 1.771478903974763597e+01
2.181647308566034393e+00 1.654214340306227982e+01
2.183205071728167024e+00 1.606920637380157046e+01
2.184762834890298766e+00 1.565778592988120543e+01
2.186320598052430508e+00 1.586062624147128552e+01
2.187878361214563139e+00 1.611168262534540929e+01
2.189436124376694881e+00 1.440411812002275127e+01
2.190993887538827511e+00 1.774301764326384756e+01
2.192551650700959254e+00 1.660155763815889074e+01
2.194109413863091884e+00 1.555976478259899132e+01
2.195667177025223626e+00 1.683157071351301326e+01
2.197224940187355369e+00 1.993952884095839906e+01
2.198782703349487999e+00 1.968925398807875737e+01
2.200340466511619741e+00 1.708182657327959930e+01
2.201898229673752372e+00 1.757300799282080206e+01
2.203455992835884114e+00 2.166225717289565367e+01
2.205013755998015856e+00 2.256348345107316788e+01
2.206571519160148487e+00 1.745710188352254022e+01
2.208129282322280229e+00 1.533823294079352983e+01
2.209687045484412860e+00 2.063565821838688308e+01
2.211244808646544602e+00 2.043854103073640971e+01
2.212802571808677232e+00 1.877004489022548483e+01
2.214360334970808974e+00 1.890596184050757600e+01
2.215918098132940717e+00 1.804243086770181037e+01
2.217475861295073347e+00 1.836494626493323423e+01
2.219033624457205089e+00 1.925106116629603648e+01
2.220591387619337720e+00 2.009569198579028892e+01
2.222149150781469462e+00 1.704471382657808221e+01
2.223706913943602093e+00 1.487038842568306762e+01
2.225264677105733835e+00 1.855721191935919379e+01
2.226822440267865577e+00 1.619514079145412921e+01
2.228380203429998208e+00 1.380058624160528247e+01
2.229937966592129950e+00 1.695408359625741923e+01
2.231495729754262580e+00 1.951067541207127576e+01
2.233053492916394323e+00 1.797212489180239103e+01
2.234611256078526953e+00 1.568149092728717342e+01
2.236169019240658695e+00 1.704677053086715688e+01
2.237726782402790437e+00 1.950589491379819407e+01
2.239284545564923068e+00 1.895948985488423943e+01
2.240842308727054810e+00 1.529695777272684332e+01
2.242400071889187441e+00 1.422970125463317181e+01
2.243957835051319183e+00 1.790835305561392587e+01
2.245515598213451813e+00 1.815886336621927200e+01
2.247073361375583556e+00 1.891526229970247996e+01
2.248631124537715298e+00 2.076532097692503243e+01
2.250188887699847928e+00 2.018715274126715542e+01
2.251746650861979671e+00 1.859538091432379758e+01
2.253304414024112301e+00 1.658037445068384130e+01
2.254862177186244043e+00 1.747084113404770989e+01
2.256419940348376674e+00 2.052749287683275980e+01
2.257977703510508416e+00 2.237791660049224873e+01
2.259535466672640158e+00 2.144228577460624763e+01
2.261093229834772789e+00 1.589933696717437783e+01
2.262650992996904531e+00 1.553100727587333729e+01
2.264208756159037161e+00 2.188854193514109880e+01
2.265766519321168904e+00 1.954253182728987426e+01
2.267324282483301534e+00 1.715009780197995681e+01
2.268882045645433276e+00 1.698210614897728732e+01
2.270439808807565019e+00 1.750135667973451703e+01
2.271997571969697649e+00 1.583454816795113373e+01
2.273555335131829391e+00 1.568767035722416736e+01
2.275113098293962022e+00 1.637731749375744528e+01
2.276670861456093764e+00 1.890166782645320254e+01
2.278228624618225506e+00 1.986014688538410056e+01
2.279786387780358137e+00 1.835788671540609229e+01
2.281344150942489879e+00 1.814560282103399302e+01
2.282901914104622509e+00 1.431535913494040813e+01
2.284459677266754252e+00 1.312894732835976974e+01
2.286017440428886882e+00 1.794882275122947135e+01
2.287575203591018624e+00 1.783944402442677202e+01
2.289132966753150367e+00 1.659723637631898185e+01
2.290690729915282997e+00 1.377156587525423248e+01
2.292248493077414739e+00 1.584187665677366397e+01
2.293806256239547370e+00 2.113930346883487843e+01
2.295364019401679112e+00 2.239080995311632449e+01
2.296921782563811743e+00 1.948353626940578565e+01
2.298479545725943485e+00 1.772976372738316897e+01
2.300037308888075227e+00 1.451020750695356831e+01
2.301595072050207857e+00 1.213744477659604648e+01
2.303152835212339600e+00 1.482597599031969970e+01
2.304710598374472230e+00 1.862816444896740009e+01
2.306268361536603972e+00 1.948905198969119468e+01
2.307826124698736603e+00 1.883107026302009857e+01
2.309383887860868345e+00 1.635879960352191986e+01
2.310941651023000087e+00 1.598283590023259748e+01
2.312499414185132718e+00 1.792226191687275261e+01
2.314057177347264460e+00 1.821711787528667159e+01
2.315614940509397091e+00 1.815374006711880384e+01
2.317172703671528833e+00 1.960811411580528230e+01
2.318730466833661463e+00 2.263386022055392743e+01
2.320288229995793206e+00 2.091609432400340296e+01
2.321845993157924948e+00 1.883142968995271360e+01
2.323403756320057578e+00 1.800395283988762429e+01
2.324961519482189320e+00 1.887175555609869804e+01
2.326519282644321951e+00 1.857906797186564418e+01
2.328077045806453693e+00 1.680541176259274039e+01
2.329634808968586324e+00 1.520760480925222957e+01
2.331192572130718066e+00 1.539776523783610784e+01
2.332750335292849808e+00 1.596464421921517385e+01
2.334308098454982439e+00 1.710567448785176126e+01
2.335865861617114181e+00 1.712183737129078054e+01
2.337423624779246811e+00 1.647443996440991043e+01
2.338981387941378554e+00 1.932037222823473144e+01
2.340539151103511184e+00 2.017884002139118493e+01
2.342096914265642926e+00 1.917974704035409772e+01
2.343654677427774669e+00 1.697161106404121966e+01
2.345212440589907299e+00 1.681818177316028695e+01
2.346770203752039041e+00 1.555638488704413191e+01
2.348327966914171672e+00 1.575814371951253179e+01
2.349885730076303414e+00 1.630691122448125085e+01
2.351443493238436044e+00 1.460735732976359635e+01
2.353001256400567787e+00 1.597825156429735927e+01
2.354559019562699529e+00 2.020147080481946134e+01
2.356116782724832159e+00 2.610262797076790875e+01
2.357674545886963902e+00 2.249103668803974188e+01
2.359232309049096532e+00 1.976417508549950952e+01
2.360790072211228274e+00 1.814062765213284578e+01
2.362347835373360017e+00 1.967158817193490350e+01
2.363905598535492647e+00 1.984494150708796312e+01
2.365463361697624389e+00 1.642949719009557796e+01
2.367021124859757020e+00 1.551962503004758176e+01
2.368578888021888762e+00 1.849566272448995718e+01
2.370136651184021392e+00 1.782345769920297940e+01
2.371694414346153135e+00 1.630115946982439823e+01
2.373252177508284877e+00 1.711260775723655314e+01
2.374809940670417507e+00 1.403540315429648011e+01
2.376367703832549250e+00 1.476354196205163483e+01
2.377925466994681880e+00 1.452669205250435347e+01
2.379483230156813622e+00 1.453967655562778383e+01
2.381040993318946253e+00 1.246326975797854608e+01
2.382598756481077995e+00 1.528609033245865056e+01
2.384156519643209737e+00 1.604122268943826057e+01
2.385714282805342368e+00 1.614753745334397550e+01
2.387272045967474110e+00 1.592072839575907395e+01
2.388829809129606740e+00 1.537256788722628364e+01
2.390387572291738483e+00 1.257422419817318726e+01
2.391945335453871113e+00 1.539052015438669230e+01
2.393503098616002855e+00 1.998912574897101990e+01
2.395060861778134598e+00 1.912327969269357197e+01
2.396618624940267228e+00 1.761514595069423450e+01
2.398176388102398970e+00 1.542812489331503123e+01
2.399734151264531601e+00 1.727101256358453085e+01
2.401291914426663343e+00 1.679054580923771667e+01
2.402849677588795974e+00 1.694229125047123219e+01
2.404407440750927716e+00 1.718567011487802887e+01
2.405965203913059458e+00 1.614048018022760900e+01
2.407522967075192089e+00 1.205915351987270689e+01
2.409080730237323831e+00 1.120043591252922610e+01
2.410638493399456461e+00 1.685986667046276466e+01
2.412196256561588203e+00 1.910287110165943503e+01
2.413754019723720834e+00 2.010195169386096126e+01
2.415311782885852576e+00 2.043647626099240000e+01
2.416869546047984318e+00 2.035790870534779629e+01
2.418427309210116949e+00 2.048685792801675731e+01
2.419985072372248691e+00 1.762678244382730952e+01
2.421542835534381322e+00 1.774510271129107508e+01
2.423100598696513064e+00 1.868620590898924760e+01
2.424658361858645694e+00 1.896097201888782280e+01
2.426216125020777437e+00 1.975310149088403122e+01
2.427773888182909179e+00 1.897173726779458391e+01
2.429331651345041809e+00 1.587164663049045465e+01
2.430889414507173552e+00 1.488894319715280723e+01
2.432447177669306182e+00 2.020590175694422541e+01
2.434004940831437924e+00 1.636121267167608906e+01
2.435562703993569666e+00 1.618305372019308663e+01
2.437120467155702297e+00 1.773149477492804849e+01
2.438678230317834039e+00 1.865123973308759986e+01
2.440235993479966670e+00 1.773858688769064074e+01
2.441793756642098412e+00 1.557842587659170697e+01
2.443351519804231042e+00 1.698812162685978322e+01
2.444909282966362785e+00 2.116358091055427337e+01
2.446467046128494527e+00 2.154915106020403925e+01
2.448024809290627157e+00 1.449792057849178839e+01
2.449582572452758900e+00 1.906180980164805305e+01
2.451140335614891530e+00 1.873123709298104345e+01
2.452698098777023272e+00 1.895353156608004497e+01
2.454255861939155903e+00 2.091510253254730500e+01
2.455813625101287645e+00 2.003399040457863833e+01
2.457371388263419387e+00 1.877240773774083848e+01
2.458929151425552018e+00 1.715120792407246242e+01
2.460486914587683760e+00 1.630660843014107186e+01
2.462044677749816390e+00 1.665306040296736967e+01
2.463602440911948133e+00 1.808405691282093031e+01
2.465160204074080763e+00 2.220768128728299118e+01
2.466717967236212505e+00 2.017747777988336111e+01
2.468275730398344248e+00 1.646071712717331437e+01
2.469833493560476878e+00 1.700074770631152887e+01
2.471391256722608620e+00 1.997767313717740834e+01
2.472949019884741251e+00 1.421260289809367627e+01
2.474506783046872993e+00 1.285945850609360619e+01
2.476064546209005623e+00 1.497170567534781860e+01
2.477622309371137366e+00 1.719561479270159055e+01
2.479180072533269108e+00 1.548194771323960239e+01
2.480737835695401738e+00 1.252074704011406325e+01
2.482295598857533481e+00 1.463699439557293225e+01
2.483853362019666111e+00 1.679839346767067809e+01
2.485411125181797853e+00 1.688243745261262774e+01
2.486968888343930484e+00 1.598743728834036482e+01
2.488526651506062226e+00 1.619701050010698395e+01
2.490084414668193968e+00 1.640822338983941364e+01
2.491642177830326599e+00 1.461386133393928333e+01
2.493199940992458341e+00 1.329490201344344591e+01
2.494757704154590972e+00 1.663351964944081729e+01
2.496315467316722714e+00 1.695383273299598414e+01
2.497873230478855344e+00 1.267919872414052307e+01
2.499430993640987086e+00 1.578881922276281635e+01
2.500988756803118829e+00 1.859296781999455206e+01
2.502546519965251459e+00 1.406863415995183964e+01
2.504104283127383201e+00 1.753742561457282179e+01
2.505662046289515832e+00 1.604146298156868156e+01
2.507219809451647574e+00 1.720494113594132912e+01
2.508777572613780205e+00 1.697195509333168317e+01
2.510335335775911947e+00 1.676094051372624349e+01
2.511893098938043689e+00 1.612669047770964781e+01
2.513450862100176320e+00 1.633854610963149057e+01
2.515008625262308062e+00 1.452041481076450857e+01
2.516566388424440692e+00 1.669353027906643661e+01
2.518124151586572435e+00 2.192599821199038246e+01
2.519681914748704177e+00 1.660454964986760018e+01
2.521239677910836807e+00 1.637635647946123285e+01
2.522797441072968549e+00 1.616377264429918270e+01
2.524355204235101180e+00 1.889152047513218236e+01
2.525912967397232922e+00 1.858879197215528833e+01
2.527470730559365553e+00 2.124370669871679240e+01
2.529028493721497295e+00 2.039242558904062008e+01
2.530586256883629037e+00 1.950942245507370743e+01
2.532144020045761668e+00 1.734769986155630406e+01
2.533701783207893410e+00 1.665686529758995960e+01
2.535259546370026040e+00 1.718279444463485817e+01
2.536817309532157783e+00 1.727902111829984122e+01
2.538375072694290413e+00 1.607278330367906705e+01
2.539932835856422155e+00 1.670965926770214693e+01
2.541490599018553898e+00 1.459097876984358066e+01
2.543048362180686528e+00 1.809561584325506445e+01
2.544606125342818270e+00 1.553634577975132203e+01
2.546163888504950901e+00 1.570683305082394199e+01
2.547721651667082643e+00 1.690848323962824651e+01
2.549279414829215273e+00 1.879377480528547295e+01
2.550837177991347016e+00 1.760156342882381608e+01
2.552394941153478758e+00 1.610516328886627235e+01
2.553952704315611388e+00 1.728817839320419125e+01
2.555510467477743131e+00 1.389462826000042028e+01
2.557068230639875761e+00 1.326584912144559780e+01
2.558625993802007503e+00 1.362425033616656478e+01
2.560183756964140134e+00 1.457312891129858556e+01
2.561741520126271876e+00 1.786971921061902080e+01
2.563299283288403618e+00 1.862206555833612853e+01
2.564857046450536249e+00 1.887339967341110025e+01
2.566414809612667991e+00 1.654473523782341715e+01
2.567972572774800621e+00 1.281788689319563446e+01
2.569530335936932364e+00 1.509648039481132642e+01
2.571088099099064994e+00 1.791483107278798670e+01
2.572645862261196736e+00 1.544744869153546496e+01
2.574203625423328479e+00 1.284737660803539150e+01
2.575761388585461109e+00 1.667863164619339145e+01
2.577319151747592851e+00 1.621777931331511979e+01
2.578876914909725482e+00 1.292329600084440777e+01
2.580434678071857224e+00 1.737005204736125208e+01
2.581992441233989855e+00 1.608820410509396837e+01
2.583550204396121597e+00 1.301591452957659811e+01
2.585107967558253339e+00 1.500688124661140144e+01
2.586665730720385969e+00 1.988078669759709527e+01
2.588223493882517712e+00 1.926272186937888264e+01
2.589781257044650342e+00 1.847166346869579812e+01
2.591339020206782084e+00 1.888790572667359058e+01
2.592896783368913827e+00 1.378943119959229868e+01
2.594454546531046457e+00 1.136429516597514322e+01
2.596012309693178199e+00 1.726699418657948115e+01
2.597570072855310830e+00 1.817932880102828008e+01
2.599127836017442572e+00 1.874070629396661047e+01
2.600685599179575203e+00 1.702301779784385261e+01
2.602243362341706945e+00 1.507579292993740694e+01
2.603801125503838687e+00 1.419614481793379746e+01
2.605358888665971318e+00 1.689636333814348390e+01
2.606916651828103060e+00 2.029823808800434648e+01
2.608474414990235690e+00 1.896113850012062230e+01
2.610032178152367432e+00 1.241899274542588927e+01
2.611589941314500063e+00 1.389512072864025427e+01
2.613147704476631805e+00 1.403727301246468251e+01
2.614705467638763547e+00 1.526352470011379481e+01
2.616263230800896178e+00 1.583419362899036642e+01
2.617820993963027920e+00 1.681342161022357473e+01
2.619378757125160551e+00 1.891341321517126062e+01
2.620936520287292293e+00 1.826168800074914955e+01
2.622494283449424923e+00 1.594677208331237139e+01
2.624052046611556666e+00 1.583455533612841748e+01
2.625609809773688408e+00 1.639804112809816061e+01
2.627167572935821038e+00 1.243880433788872253e+01
2.628725336097952781e+00 1.447859377098759026e+01
2.630283099260085411e+00 1.771537132054375618e+01
2.631840862422217153e+00 1.839615513508407574e+01
2.633398625584349784e+00 1.866997935358656235e+01
2.634956388746481526e+00 1.565005167721059465e+01
2.636514151908613268e+00 1.565789086463489888e+01
2.638071915070745899e+00 1.845445094541535269e+01
2.639629678232877641e+00 1.697244601288406329e+01
2.641187441395010271e+00 1.488803125226423951e+01
2.642745204557142014e+00 1.866940969471211531e+01
2.644302967719274644e+00 1.497038694156355554e+01
2.645860730881406386e+00 1.723863039948800946e+01
2.647418494043538129e+00 1.468815894561953783e+01
2.648976257205670759e+00 1.386956452091808245e+01
2.650534020367802501e+00 1.297145553684679342e+01
2.652091783529935132e+00 1.444407706510090073e+01
2.653649546692066874e+00 1.475098343667703737e+01
2.655207309854199504e+00 1.539310279662103831e+01
2.656765073016331247e+00 1.834176224629212015e+01
2.658322836178462989e+00 1.555119944551079314e+01
2.659880599340595619e+00 1.312180463087498694e+01
2.661438362502727362e+00 1.822810291609465594e+01
2.662996125664859992e+00 1.439735746136582328e+01
2.664553888826991734e+00 1.432468685846778023e+01
2.666111651989124365e+00 1.201305835362056307e+01
2.667669415151256107e+00 1.572478171767553867e+01
2.669227178313387849e+00 1.903822932058324824e+01
2.670784941475520480e+00 2.013008407945256550e+01
2.672342704637652222e+00 1.909560237707977137e+01
2.673900467799784852e+00 1.715135119888376636e+01
2.675458230961916595e+00 1.574234011666917255e+01
2.677015994124048337e+00 1.540096074075054844e+01
2.678573757286180967e+00 1.569198277598419011e+01
2.680131520448312710e+00 1.911495464956700729e+01
2.681689283610445340e+00 1.793213821747541914e+01
2.683247046772577082e+00 1.509912900673684355e+01
2.684804809934709713e+00 1.445334624005328905e+01
2.686362573096841455e+00 1.542778160281208599e+01
2.687920336258973197e+00 1.754039158078482785e+01
2.689478099421105828e+00 1.648998112263305416e+01
2.691035862583237570e+00 1.389286367416070433e+01
2.692593625745370201e+00 1.242016818817191037e+01
2.694151388907501943e+00 1.396098785846831980e+01
2.695709152069634573e+00 1.582315929478362726e+01
2.697266915231766315e+00 1.430259271944210830e+01
2.698824678393898058e+00 1.480337420851312658e+01
2.700382441556030688e+00 1.582633186683598048e+01
2.701940204718162430e+00 1.734997991663657402e+01
2.703497967880295061e+00 1.533742398466941559e+01
2.705055731042426803e+00 1.684139438542759137e+01
2.706613494204559434e+00 1.831717705201104707e+01
2.708171257366691176e+00 1.498334069792152690e+01
2.709729020528822918e+00 1.188977910077645106e+01
2.711286783690955549e+00 1.335079593338748438e+01
2.712844546853087291e+00 1.281873820999238234e+01
2.714402310015219921e+00 1.311110536110694369e+01
2.715960073177351664e+00 1.318445527620647262e+01
2.717517836339484294e+00 1.210526171325561684e+01
2.719075599501616036e+00 1.437703277648994948e+01
2.720633362663747778e+00 1.502653909593749404e+01
2.722191125825880409e+00 1.445173722250554249e+01
2.723748888988012151e+00 1.395870034449833241e+01
2.725306652150144782e+00 1.678805450744116712e+01
2.726864415312276524e+00 1.635029883336363454e+01
2.728422178474409154e+00 1.275985769100500455e+01
2.729979941636540897e+00 2.009102350739846088e+01
2.731537704798672639e+00 1.746671833216182890e+01
2.733095467960805269e+00 1.405252253234621840e+01
2.734653231122937012e+00 1.410030195325624547e+01
2.736210994285069642e+00 1.603078237905318559e+01
2.737768757447201384e+00 2.129534439298898363e+01
2.739326520609334015e+00 2.245617663240542683e+01
2.740884283771465757e+00 1.368318271313101064e+01
2.742442046933597499e+00 1.065255903155193096e+01
2.743999810095730130e+00 2.102194776991692393e+01
2.745557573257861872e+00 2.000541807320893994e+01
2.747115336419994502e+00 1.767403509416225305e+01
2.748673099582126245e+00 1.772375678133531807e+01
2.750230862744258875e+00 1.725897774370832849e+01
2.751788625906390617e+00 1.940595430688629364e+01
2.753346389068522360e+00 1.851845990250902929e+01
2.754904152230654990e+00 1.581264888410607483e+01
2.756461915392786732e+00 1.585581003814738210e+01
2.758019678554919363e+00 1.612704704168829650e+01
2.759577441717051105e+00 1.479236059007831550e+01
2.761135204879182847e+00 1.648721296322904450e+01
2.762692968041315478e+00 1.358591787654759742e+01
2.764250731203447220e+00 1.210628774596504442e+01
2.765808494365579850e+00 1.570553377382097082e+01
2.767366257527711593e+00 1.264141871628236125e+01
2.768924020689844223e+00 1.342662152645644369e+01
2.770481783851975965e+00 1.759268566740049522e+01
2.772039547014107708e+00 1.841881265071041085e+01
2.773597310176240338e+00 1.553046139553305771e+01
2.775155073338372080e+00 1.388120599577251113e+01
2.776712836500504711e+00 1.388832734316894246e+01
2.778270599662636453e+00 1.786369710485097428e+01
2.779828362824769084e+00 1.718694112311875699e+01
2.781386125986900826e+00 1.702076157863587724e+01
2.782943889149032568e+00 1.605996410386287110e+01
2.784501652311165198e+00 1.420830323024883768e+01
2.786059415473296941e+00 1.561486070225820555e+01
2.787617178635429571e+00 1.547977718212827725e+01
2.789174941797561313e+00 1.490540908760570638e+01
2.790732704959693944e+00 2.090294264578281869e+01
2.792290468121825686e+00 2.344222884050528322e+01
2.793848231283957428e+00 1.434746562132897907e+01
2.795405994446090059e+00 1.418662702912457263e+01
2.796963757608221801e+00 1.232831172922752927e+01
2.798521520770354432e+00 1.726101489229868235e+01
2.800079283932486174e+00 1.461418659885658045e+01
2.801637047094618804e+00 1.232725853935905747e+01
2.803194810256750547e+00 1.381988067763719918e+01
2.804752573418882289e+00 1.398686233420209746e+01
2.806310336581014919e+00 1.609519168428350611e+01
2.807868099743146661e+00 1.732982335138411401e+01
2.809425862905279292e+00 1.996709484220893671e+01
2.810983626067411034e+00 2.269466641414009800e+01
2.812541389229543665e+00 1.610025117838950592e+01
2.814099152391675407e+00 1.442001248231300892e+01
2.815656915553807149e+00 1.471163610278993161e+01
2.817214678715939780e+00 1.454485408114579315e+01
2.818772441878071522e+00 1.418765846114620821e+01
2.820330205040204152e+00 1.772156535222477203e+01
2.821887968202335895e+00 1.919955688131472016e+01
2.823445731364468525e+00 1.651215891118657098e+01
2.825003494526600267e+00 1.395759264679599809e+01
2.826561257688732010e+00 1.568010975052561840e+01
2.828119020850864640e+00 1.731949160995179682e+01
2.829676784012996382e+00 1.342942226901737790e+01
2.831234547175129013e+00 1.547788258168632858e+01
2.832792310337260755e+00 1.732290991850244666e+01
2.834350073499392497e+00 1.658082205298587652e+01
2.835907836661525128e+00 1.592972155866610962e+01
2.837465599823656870e+00 1.750098447860458606e+01
2.839023362985789500e+00 1.670812710685742175e+01
2.840581126147921243e+00 1.485466129966529003e+01
2.842138889310053873e+00 1.491806694041354220e+01
2.843696652472185615e+00 1.538378223654461863e+01
2.845254415634317358e+00 1.946620023901484586e+01
2.846812178796449988e+00 1.471624486705280077e+01
2.848369941958581730e+00 1.770314174551996800e+01
2.849927705120714361e+00 1.866952977839259376e+01
2.851485468282846103e+00 1.575266816780303714e+01
2.853043231444978733e+00 1.618822649115439916e+01
2.854600994607110476e+00 1.573187052107888029e+01
2.856158757769242218e+00 1.670991660163414139e+01
2.857716520931374848e+00 1.981260697745547361e+01
2.859274284093506591e+00 2.006684433249121469e+01
2.860832047255639221e+00 1.660670993599347156e+01
2.862389810417770963e+00 1.854282977840588131e+01
2.863947573579903594e+00 2.171862582797016827e+01
2.865505336742035336e+00 1.716772865437440032e+01
2.867063099904167078e+00 1.220783874245696410e+01
2.868620863066299709e+00 1.169385511032058034e+01
2.870178626228431451e+00 1.608494817804947630e+01
2.871736389390564081e+00 2.010035708491526307e+01
2.873294152552695824e+00 1.681897875927882069e+01
2.874851915714828454e+00 1.581823125674105590e+01
2.876409678876960196e+00 1.831929630057386049e+01
2.877967442039091939e+00 1.373734184232493227e+01
2.879525205201224569e+00 1.655187945484509271e+01
2.881082968363356311e+00 1.451541159530424885e+01
2.882640731525488942e+00 1.458520604895229944e+01
2.884198494687620684e+00 1.454747048685213429e+01
2.885756257849753315e+00 1.521005683832620825e+01
2.887314021011885057e+00 1.566451600466368710e+01
2.888871784174016799e+00 1.474311282302543447e+01
2.890429547336149430e+00 1.592611649773699156e+01
2.891987310498281172e+00 1.655450632544994249e+01
2.893545073660413802e+00 1.576828090668667137e+01
2.895102836822545544e+00 1.372976276985529154e+01
2.896660599984678175e+00 1.546478257917397414e+01
2.898218363146809917e+00 1.311729797679445397e+01
2.899776126308941659e+00 1.481337622314892322e+01
2.901333889471074290e+00 1.454240774866335073e+01
2.902891652633206032e+00 1.490639341366833115e+01
2.904449415795338663e+00 1.585596014313146540e+01
2.906007178957470405e+00 1.412989269018555305e+01
2.907564942119603035e+00 1.507347085365030104e+01
2.909122705281734778e+00 1.477600524452668473e+01
2.910680468443866520e+00 1.586697903523307396e+01
2.912238231605999150e+00 1.667061085365114792e+01
2.913795994768130893e+00 1.688848316114342651e+01
2.915353757930263523e+00 1.349762873578113798e+01
2.916911521092395265e+00 1.366729604410467047e+01
2.918469284254527008e+00 1.578302639167498356e+01
2.920027047416659638e+00 1.627547109619442267e+01
2.921584810578791380e+00 1.528692136857707240e+01
2.923142573740924011e+00 1.346804854205018032e+01
2.924700336903055753e+00 1.465507670673093266e+01
2.926258100065188383e+00 1.335386372920342524e+01
2.927815863227320126e+00 1.627398578545924224e+01
2.929373626389451868e+00 1.700005420129462408e+01
2.930931389551584498e+00 1.774702240139682630e+01
2.932489152713716241e+00 1.549506709174532304e+01
2.934046915875848871e+00 1.231222573475477233e+01
2.935604679037980613e+00 1.201612619334954069e+01
2.937162442200113244e+00 1.366063787527501816e+01
2.938720205362244986e+00 1.355882997530407330e+01
2.940277968524376728e+00 1.286981896658317126e+01
2.941835731686509359e+00 1.745170204136190861e+01
2.943393494848641101e+00 1.704665943868935329e+01
2.944951258010773731e+00 1.760204721021079521e+01
2.946509021172905474e+00 1.444801659434598484e+01
2.948066784335038104e+00 1.538328484488869918e+01
2.949624547497169846e+00 1.691744887874411418e+01
2.951182310659301589e+00 1.532015026255156442e+01
2.952740073821434219e+00 1.720674820419369766e+01
2.954297836983565961e+00 1.697078826019577491e+01
2.955855600145698592e+00 1.547078120281460301e+01
2.957413363307830334e+00 1.432233151761263912e+01
2.958971126469962964e+00 1.290333335295231620e+01
2.960528889632094707e+00 1.341093187620580629e+01
2.962086652794226449e+00 1.421093436634236795e+01
2.963644415956359079e+00 1.463980523264935485e+01
2.965202179118490822e+00 1.475198011131398346e+01
2.966759942280623452e+00 1.279980175155821165e+01
2.968317705442755194e+00 1.297839935103450415e+01
2.969875468604887825e+00 1.775493815827877242e+01
2.971433231767019567e+00 2.092461522254240691e+01
2.972990994929151309e+00 1.539356921565332392e+01
2.974548758091283940e+00 1.814160954981270990e+01
2.976106521253415682e+00 2.039255608625256855e+01
2.977664284415548313e+00 2.120392011885241601e+01
2.979222047577680055e+00 2.018033587983800103e+01
2.980779810739812685e+00 1.655746589894723186e+01
2.982337573901944427e+00 1.439376361983192254e+01
2.983895337064076170e+00 1.556973882447145563e+01
2.985453100226208800e+00 1.483347363834187682e+01
2.987010863388340542e+00 1.310917789072158257e+01
2.988568626550473173e+00 1.854122846971250738e+01
2.990126389712604915e+00 1.844999093827395953e+01
2.991684152874737546e+00 1.840263884690098095e+01
2.993241916036869288e+00 1.764248544390223117e+01
2.994799679199001030e+00 1.476329390033564692e+01
2.996357442361133661e+00 1.518870232706962931e+01
2.997915205523265403e+00 1.654356375891376985e+01
2.999472968685398033e+00 1.217913474376198302e+01
3.001030731847529776e+00 1.513241397318986614e+01
3.002588495009661518e+00 1.589637792393505222e+01
3.004146258171794148e+00 1.645658353941583130e+01
3.005704021333925891e+00 1.677613633781071201e+01
3.007261784496058521e+00 1.575892899935770330e+01
3.008819547658190263e+00 1.408286470276259905e+01
3.010377310820322894e+00 1.354557704694938636e+01
3.011935073982454636e+00 1.534008240252999578e+01
3.013492837144586378e+00 1.474730890676795880e+01
3.015050600306719009e+00 1.309271133381030694e+01
3.016608363468850751e+00 1.408153545985056354e+01
3.018166126630983381e+00 1.603567408936120486e+01
3.019723889793115124e+00 1.614304190194169664e+01
3.021281652955247754e+00 1.541227927771365991e+01
3.022839416117379496e+00 1.505439688508340801e+01
3.024397179279511239e+00 1.364839199166484285e+01
3.025954942441643869e+00 1.103459724709224332e+01
3.027512705603775611e+00 1.547510925972127183e+01
3.029070468765908242e+00 1.537363949179303368e+01
3.030628231928039984e+00 1.062801978623072685e+01
3.032185995090172614e+00 1.267447726480827619e+01
3.033743758252304357e+00 1.422516763297213949e+01
3.035301521414436099e+00 1.726494422700191222e+01
3.036859284576568729e+00 1.898829441071453061e+01
3.038417047738700472e+00 1.725934642572934408e+01
3.039974810900833102e+00 1.647182720464002870e+01
3.041532574062964844e+00 1.757044279585923263e+01
3.043090337225097475e+00 1.701682773617127964e+01
3.044648100387229217e+00 1.584642308056513293e+01
3.046205863549360959e+00 1.428427499888123187e+01
3.047763626711493590e+00 1.191882594930823203e+01
3.049321389873625332e+00 1.334034315835303630e+01
3.050879153035757962e+00 1.652256536647606211e+01
3.052436916197889705e+00 1.461690239047582551e+01
3.053994679360022335e+00 1.132737843667067956e+01
3.055552442522154077e+00 1.506964907191482439e+01
3.057110205684285820e+00 1.658086726350741102e+01
3.058667968846418450e+00 1.865628349124441954e+01
3.060225732008550192e+00 1.965256460457332821e+01
3.061783495170682823e+00 1.385605097413243847e+01
3.063341258332814565e+00 1.305832252749934064e+01
3.064899021494947196e+00 1.409370646571411356e+01
3.066456784657078938e+00 1.436376732959332791e+01
3.068014547819210680e+00 1.572588434438646487e+01
3.069572310981343310e+00 1.279090950139256577e+01
3.071130074143475053e+00 1.651814940009955279e+01
3.072687837305607683e+00 1.082131341687366621e+01
3.074245600467739425e+00 1.371207378775744168e+01
3.075803363629871168e+00 1.583632406903434742e+01
3.077361126792003798e+00 1.529293545558239664e+01
3.078918889954135540e+00 1.630714481117069781e+01
3.080476653116268171e+00 1.758707644041539808e+01
3.082034416278399913e+00 1.498868277528179327e+01
3.083592179440532544e+00 1.149251558151910757e+01
3.085149942602664286e+00 1.068426188393371490e+01
3.086707705764796028e+00 1.278164282177264965e+01
3.088265468926928659e+00 1.456973442994642731e+01
3.089823232089060401e+00 1.793857093321373242e+01
3.091380995251193031e+00 1.776254409265494871e+01
3.092938758413324773e+00 1.464281764149282061e+01
3.094496521575457404e+00 1.109123861452998838e+01
3.096054284737589146e+00 1.473876481024554153e+01
3.097612047899720888e+00 1.627119881695638881e+01
3.099169811061853519e+00 1.394514058994106342e+01
3.100727574223985261e+00 1.655446752941910660e+01
3.102285337386117892e+00 1.503175109823905942e+01
3.103843100548249634e+00 1.673940799659801826e+01
3.105400863710382264e+00 1.559852786509202538e+01
3.106958626872514007e+00 1.493866377444989979e+01
3.108516390034645749e+00 1.891603708711437903e+01
3.110074153196778379e+00 1.569696490049734194e+01
3.111631916358910122e+00 1.345838051476885333e+01
3.113189679521042752e+00 1.311252549067402562e+01
3.114747442683174494e+00 1.192088739120206320e+01
3.116305205845307125e+00 1.360402920761515055e+01
3.117862969007438867e+00 1.550359949488007061e+01
3.119420732169570609e+00 1.608719212636163221e+01
3.120978495331703240e+00 1.695559341105469642e+01
3.122536258493834982e+00 1.699304246764218007e+01
3.124094021655967612e+00 1.148853427018149809e+01
3.125651784818099355e+00 1.304853463598015217e+01
3.127209547980231985e+00 1.302239132670365329e+01
3.128767311142363727e+00 1.493380179705002675e+01
3.130325074304495470e+00 1.358190033262667562e+01
3.131882837466628100e+00 1.179847176222402183e+01
3.133440600628759842e+00 1.093741137241217132e+01
3.134998363790892473e+00 1.223987842342783239e+01
3.136556126953024215e+00 1.432243272187215588e+01
3.138113890115156845e+00 1.615366235400092521e+01
3.139671653277288588e+00 1.550192086126461355e+01
3.141229416439420330e+00 1.439930410767893498e+01
3.142787179601552960e+00 1.191960021969187977e+01
3.144344942763684703e+00 1.231982280252120532e+01
3.145902705925817333e+00 1.536543584647457372e+01
3.147460469087949075e+00 1.428068876704054446e+01
3.149018232250081706e+00 1.334315390618315966e+01
3.150575995412213448e+00 1.455194464201834847e+01
3.152133758574345190e+00 1.064632629700479605e+01
3.153691521736477821e+00 8.071463446828795796e+00
3.155249284898609563e+00 -9.498654742903002157e-01
3.156807048060742193e+00 2.539625540542217452e-01
3.158364811222873936e+00 -6.789486478508466316e-02
3.159922574385005678e+00 1.814953803256755260e-02
3.161480337547138308e+00 -4.851291613974031969e-03
3.163038100709270051e+00 1.296624143846659971e-03
3.164595863871402681e+00 -3.465273448371986292e-04
3.166153627033534423e+00 9.260392132343631924e-05
3.167711390195667054e+00 -2.474522971438385146e-05
3.169269153357798796e+00 6.611890413610036534e-06
3.170826916519930538e+00 -1.766581428307540854e-06
3.172384679682063169e+00 4.719732196818326580e-07
3.173942442844194911e+00 -1.260894000998907081e-07
3.175500206006327542e+00 3.368365294858198755e-08
3.177057969168459284e+00 -8.997897687593699717e-09
3.178615732330591914e+00 2.403510778143055901e-09
3.180173495492723656e+00 -6.420016877314003396e-10
3.181731258654855399e+00 1.714799207903528170e-10
3.183289021816988029e+00 -4.580146241767464964e-11
3.184846784979119771e+00 1.223309536894994789e-11
3.186404548141252402e+00 -3.267279737971583865e-12
3.187962311303384144e+00 8.726320342687823672e-13
3.189520074465516775e+00 -2.330620777986427723e-13
