-3.189520074465516775e+00 -2.547291846496159437e-75
-3.187962311303384588e+00 9.819360060369726472e-75
-3.186404548141252402e+00 -3.688098627046111592e-74
-3.184846784979120216e+00 1.382705980258561996e-73
-3.183289021816988473e+00 -5.183289256352784033e-73
-3.181731258654856287e+00 1.943040891428689293e-72
-3.180173495492724101e+00 -7.283877044652822101e-72
-3.178615732330591914e+00 2.730531489722141737e-71
-3.177057969168459728e+00 -1.023611584233103410e-70
-3.175500206006327542e+00 3.837303124441853100e-70
-3.173942442844195355e+00 -1.438531696156324758e-69
-3.172384679682063613e+00 5.392804623278690573e-69
-3.170826916519931427e+00 -2.021675179158535236e-68
-3.169269153357799240e+00 7.578949988258971030e-68
-3.167711390195667054e+00 -2.841235350530847428e-67
-3.166153627033534868e+00 1.065136897271391192e-66
-3.164595863871402681e+00 -3.993036266771437916e-66
-3.163038100709270939e+00 1.496925712927264340e-65
-3.161480337547138753e+00 -5.611719844696258147e-65
-3.159922574385006566e+00 2.103730161207024979e-64
-3.158364811222874380e+00 -7.886457949471508080e-64
-3.156807048060742193e+00 2.956456224410607679e-63
-3.155249284898610007e+00 -1.108301752324899931e-62
-3.153691521736477821e+00 4.154715638607406000e-62
-3.152133758574346079e+00 -1.557474434985527315e-61
-3.150575995412213892e+00 5.838435852451756150e-61
-3.149018232250081706e+00 -2.188606566421578528e-60
-3.147460469087949519e+00 8.204160036882995430e-60
-3.145902705925817333e+00 -3.075356299544185926e-59
-3.144344942763685147e+00 1.152792918787274240e-58
-3.142787179601552960e+00 -4.321170181578699782e-58
-3.141229416439421218e+00 1.619740048081614113e-57
-3.139671653277289032e+00 -6.071315836686460879e-57
-3.138113890115156845e+00 2.275692462148396477e-56
-3.136556126953024659e+00 -8.529768513806675604e-56
-3.134998363790892473e+00 3.197080301435996021e-55
-3.133440600628760286e+00 -1.198290652927650031e-54
-3.131882837466628544e+00 4.491204544130896161e-54
-3.130325074304496358e+00 -1.683275676958380644e-53
-3.128767311142364171e+00 6.308689191189976598e-53
-3.127209547980231985e+00 -2.364363310291832366e-52
-3.125651784818099799e+00 8.860948627356303090e-52
-3.124094021655967612e+00 -3.320755474028778726e-51
-3.122536258493835426e+00 1.244469332418868223e-50
-3.120978495331703684e+00 -4.663610832911154328e-50
-3.119420732169571497e+00 1.747637667710771552e-49
-3.117862969007439311e+00 -6.548949881067956367e-49
-3.116305205845307125e+00 2.454049367017670019e-48
-3.114747442683174938e+00 -9.195735279828193308e-48
-3.113189679521042752e+00 3.445730762544670886e-47
-3.111631916358910566e+00 -1.291124455566121695e-46
-3.110074153196778823e+00 4.837789113714984592e-46
-3.108516390034646637e+00 -1.812666819683072623e-45
-3.106958626872514451e+00 6.791745907043212586e-45
-3.105400863710382264e+00 -2.544704919451595591e-44
-3.103843100548250078e+00 9.534241419884648762e-44
-3.102285337386117892e+00 -3.572133928932182111e-43
-3.100727574223985705e+00 1.338327343167262775e-42
-3.099169811061853963e+00 -5.014067205592865967e-42
-3.097612047899721777e+00 1.878500361448596092e-41
-3.096054284737589590e+00 -7.037621346126738091e-41
-3.094496521575457404e+00 2.636538616088851285e-40
-3.092938758413325218e+00 -9.877252313395367056e-40
-3.091380995251193031e+00 3.700258558650619199e-39
-3.089823232089060845e+00 -1.386187721957568827e-38
-3.088265468926929103e+00 5.192855206696757978e-38
-3.086707705764796916e+00 -1.945291564207001782e-37
-3.085149942602664730e+00 7.287149035035175190e-37
-3.083592179440532544e+00 -2.729764547971572754e-36
-3.082034416278400357e+00 1.022556809616360332e-35
-3.080476653116268171e+00 -3.830403689633566989e-35
-3.078918889954136429e+00 1.434817351947567944e-34
-3.077361126792004242e+00 -5.374570797304003525e-34
-3.075803363629872056e+00 2.013196526592884613e-33
-3.074245600467739870e+00 -7.540912353863283491e-33
-3.072687837305607683e+00 2.824600737811131287e-32
-3.071130074143475497e+00 -1.058000356485512191e-31
-3.069572310981343310e+00 3.962873826855820597e-31
-3.068014547819211568e+00 -1.484330031740109689e-30
-3.066456784657079382e+00 5.559639259533670859e-30
-3.064899021494947196e+00 -2.082374181838766757e-29
-3.063341258332815009e+00 7.799505252732708570e-29
-3.061783495170682823e+00 -2.921269149661575223e-28
-3.060225732008550636e+00 1.094138821299802765e-27
-3.058667968846418894e+00 -4.097978955387816343e-27
-3.057110205684286708e+00 1.534841603388523893e-26
-3.055552442522154521e+00 -5.748493494944037839e-26
-3.053994679360022335e+00 2.152986304322838852e-25
-3.052436916197890149e+00 -8.063532275498072610e-25
-3.050879153035757962e+00 3.019995697739800900e-24
-3.049321389873625776e+00 -1.131056626286029022e-23
-3.047763626711494034e+00 4.236034552255748828e-23
-3.046205863549361847e+00 -1.586469956677254547e-22
-3.044648100387229661e+00 5.941574040458389703e-22
-3.043090337225097475e+00 -2.225197515341637196e-21
-3.041532574062965288e+00 8.333608581087958764e-21
-3.039974810900833102e+00 -3.121010254150652245e-20
-3.038417047738700916e+00 1.168839669401577771e-19
-3.036859284576569173e+00 -4.377361596767891517e-19
-3.035301521414436987e+00 1.639335028805649489e-18
-3.033743758252304801e+00 -6.139322932210562079e-18
-3.032185995090172614e+00 2.299160427527746080e-17
-3.030628231928040428e+00 -8.610186184572649976e-17
-3.029070468765908242e+00 3.224398672827475525e-16
-3.027512705603776055e+00 -1.207469943460248122e-15
-3.025954942441644313e+00 4.521617617734685660e-15
-3.024397179279512127e+00 -1.693166903883593106e-14
-3.022839416117379940e+00 6.340050166974262265e-14
-3.021281652955247754e+00 -2.373947854251128522e-13
-3.019723889793115568e+00 8.888609083414020100e-13
-3.018166126630983381e+00 -3.327968470748195861e-12
-3.016608363468851195e+00 1.245965448243602401e-11
-3.015050600306719453e+00 -4.664583246861987272e-11
-3.013492837144587266e+00 1.746217846143034163e-10
-3.011935073982455080e+00 -6.536743014277948047e-10
-3.010377310820322894e+00 2.446811550432893216e-09
-3.008819547658190707e+00 -9.158291791228353834e-09
-3.007261784496058521e+00 3.427693747699326306e-08
-3.005704021333926335e+00 -1.282808654651127221e-07
-3.004146258171794592e+00 4.800570457906109177e-07
-3.002588495009662406e+00 -1.796361299504636158e-06
-3.001030731847530220e+00 6.721453452254429282e-06
-2.999472968685398033e+00 -2.514780954386378007e-05
-2.997915205523265847e+00 9.408131944895967158e-05
-2.996357442361133661e+00 -3.519425062583867738e-04
-2.994799679199001918e+00 1.316448743641278341e-03
-2.993241916036869732e+00 -4.923783229417458274e-03
-2.991684152874737546e+00 1.841431075688616109e-02
-2.990126389712605359e+00 -6.886085680883539950e-02
-2.988568626550473173e+00 2.574830402021422993e-01
-2.987010863388340987e+00 -9.626821720871606702e-01
-2.985453100226208800e+00 3.986308282622847532e+00
-2.983895337064077058e+00 1.649833079223989429e+01
-2.982337573901944872e+00 1.269444955219528737e+01
-2.980779810739812685e+00 1.075813370984739237e+01
-2.979222047577680499e+00 1.059967208169816111e+01
-2.977664284415548313e+00 1.218105993148544286e+01
-2.976106521253416126e+00 1.397314980417164776e+01
-2.974548758091284384e+00 1.331021529411247606e+01
-2.972990994929152198e+00 1.350990988381510682e+01
-2.971433231767020011e+00 1.130042899021166392e+01
-2.969875468604887825e+00 8.980004116358712096e+00
-2.968317705442755639e+00 1.151817378072080800e+01
-2.966759942280623452e+00 1.000185669487981599e+01
-2.965202179118491266e+00 1.073884130768377076e+01
-2.963644415956359524e+00 1.411772988703284781e+01
-2.962086652794227337e+00 1.291372386172416498e+01
-2.960528889632095151e+00 1.193462681043926565e+01
-2.958971126469962964e+00 1.190287439381447143e+01
-2.957413363307830778e+00 1.137015850827927466e+01
-2.955855600145698592e+00 1.440523223267730479e+01
-2.954297836983566405e+00 1.418069565219929373e+01
-2.952740073821434663e+00 1.128000594397487966e+01
-2.951182310659302477e+00 1.263595858423857976e+01
-2.949624547497170290e+00 1.217703800842065753e+01
-2.948066784335038104e+00 1.017516406277722751e+01
-2.946509021172905918e+00 1.168286771622145714e+01
-2.944951258010773731e+00 1.316706941522130414e+01
-2.943393494848641545e+00 1.287788321925839519e+01
-2.941835731686509803e+00 1.311337209785436642e+01
-2.940277968524377616e+00 1.594485605505588488e+01
-2.938720205362245430e+00 1.682761477473240674e+01
-2.937162442200113244e+00 1.540345770575390638e+01
-2.935604679037981057e+00 1.454452757583666767e+01
-2.934046915875848871e+00 1.218398252382760738e+01
-2.932489152713716685e+00 1.257562127542278674e+01
-2.930931389551584942e+00 1.478639621375863022e+01
-2.929373626389452756e+00 1.522579230205071177e+01
-2.927815863227320570e+00 1.569158405569898918e+01
-2.926258100065188383e+00 1.539181982621158085e+01
-2.924700336903056197e+00 1.346981256327682352e+01
-2.923142573740924011e+00 1.535095108565289834e+01
-2.921584810578791824e+00 1.297020297098791985e+01
-2.920027047416660082e+00 1.081327185505680433e+01
-2.918469284254527896e+00 1.298564729310153076e+01
-2.916911521092395709e+00 1.202637566769460875e+01
-2.915353757930263523e+00 1.130271369364495726e+01
-2.913795994768131337e+00 1.245864762009978932e+01
-2.912238231605999150e+00 1.160995514733545697e+01
-2.910680468443867408e+00 1.269380737268283710e+01
-2.909122705281735222e+00 1.451252817403584672e+01
-2.907564942119603035e+00 1.297101463038133851e+01
-2.906007178957470849e+00 1.322870506455606687e+01
-2.904449415795338663e+00 1.286169750695160907e+01
-2.902891652633206476e+00 1.221801245562430616e+01
-2.901333889471074734e+00 9.193936273262284686e+00
-2.899776126308942548e+00 7.265457426055541568e+00
-2.898218363146810361e+00 9.778256241046605624e+00
-2.896660599984678175e+00 1.332030881127055899e+01
-2.895102836822545989e+00 1.233793205805243431e+01
-2.893545073660413802e+00 9.317513382075539141e+00
-2.891987310498281616e+00 1.418651964274584643e+01
-2.890429547336149874e+00 1.533431486371243935e+01
-2.888871784174017687e+00 1.531402251440560924e+01
-2.887314021011885501e+00 1.575589578610336972e+01
-2.885756257849753315e+00 1.405740938187012468e+01
-2.884198494687621128e+00 1.223523006402310287e+01
-2.882640731525488942e+00 9.090545430322910292e+00
-2.881082968363356756e+00 7.750186310094274056e+00
-2.879525205201225013e+00 1.156674753935123334e+01
-2.877967442039092827e+00 1.518870452225133505e+01
-2.876409678876960641e+00 1.223028311184258321e+01
-2.874851915714828454e+00 1.179186883589294688e+01
-2.873294152552696268e+00 1.494353446208513958e+01
-2.871736389390564081e+00 1.266602922975541468e+01
-2.870178626228431895e+00 1.109987131566023599e+01
-2.868620863066300153e+00 1.411297221540022662e+01
-2.867063099904167967e+00 1.469605290132439457e+01
-2.865505336742035780e+00 1.152735937826352952e+01
-2.863947573579903594e+00 1.353098973073270095e+01
-2.862389810417771407e+00 1.309945734137358286e+01
-2.860832047255639221e+00 9.624552404223841506e+00
-2.859274284093507035e+00 1.398144722956410035e+01
-2.857716520931375292e+00 1.550403797120524096e+01
-2.856158757769243106e+00 1.304931622247119805e+01
-2.854600994607110920e+00 1.203752475001602917e+01
-2.853043231444978733e+00 9.617620017113566178e+00
-2.851485468282846547e+00 9.213857322333284472e+00
-2.849927705120714361e+00 1.280413361859711330e+01
-2.848369941958582174e+00 1.412799668083332527e+01
-2.846812178796450432e+00 1.400739901115669284e+01
-2.845254415634318246e+00 1.507422694934051499e+01
-2.843696652472186059e+00 1.274283685104057184e+01
-2.842138889310053873e+00 1.063658321882078894e+01
-2.840581126147921687e+00 1.199740117484451929e+01
-2.839023362985789500e+00 1.286186428862968611e+01
-2.837465599823657314e+00 1.125550931072458383e+01
-2.835907836661525572e+00 9.439805010543757646e+00
-2.834350073499393385e+00 9.845262055230868725e+00
-2.832792310337261199e+00 1.107287609682348339e+01
-2.831234547175129013e+00 1.248488904509888542e+01
-2.829676784012996826e+00 1.452528108588234268e+01
-2.828119020850865084e+00 1.505229420742174362e+01
-2.826561257688732898e+00 1.104122150364432464e+01
-2.825003494526600711e+00 8.819995232667546148e+00
-2.823445731364468525e+00 1.098623868430876982e+01
-2.821887968202336339e+00 1.109318871804937601e+01
-2.820330205040204152e+00 1.153775755356853594e+01
-2.818772441878071966e+00 1.431305114237668974e+01
-2.817214678715940224e+00 1.349767801638047082e+01
-2.815656915553808037e+00 1.275883251955297482e+01
-2.814099152391675851e+00 1.321488428164901308e+01
-2.812541389229543665e+00 1.128565471469715042e+01
-2.810983626067411478e+00 9.753156255610958780e+00
-2.809425862905279292e+00 1.164971573916723990e+01
-2.807868099743147106e+00 1.185654636948411778e+01
-2.806310336581015363e+00 1.099194282770702458e+01
-2.804752573418883177e+00 1.132216304882445712e+01
-2.803194810256750991e+00 1.419763443209119025e+01
-2.801637047094618804e+00 1.779424539412059403e+01
-2.800079283932486618e+00 1.448812737760467506e+01
-2.798521520770354432e+00 1.055485180907970388e+01
-2.796963757608222245e+00 1.322312572409177811e+01
-2.795405994446090503e+00 1.359842976219387900e+01
-2.793848231283958317e+00 1.209546274249108677e+01
-2.792290468121826130e+00 1.296748784311635028e+01
-2.790732704959693944e+00 1.464470836017813760e+01
-2.789174941797561758e+00 1.572501463875536665e+01
-2.787617178635429571e+00 1.548934916710072152e+01
-2.786059415473297385e+00 1.280582027150124702e+01
-2.784501652311165643e+00 1.193103609884092364e+01
-2.782943889149033456e+00 1.569048108554751764e+01
-2.781386125986901270e+00 1.726041240133526600e+01
-2.779828362824769084e+00 1.365443064004030482e+01
-2.778270599662636897e+00 1.276364942879399145e+01
-2.776712836500504711e+00 1.399242001263640489e+01
-2.775155073338372524e+00 1.389040385574782199e+01
-2.773597310176240782e+00 1.047458225481383032e+01
-2.772039547014108596e+00 9.689975540906694107e+00
-2.770481783851976409e+00 1.371027480941715737e+01
-2.768924020689844223e+00 1.586418487806424871e+01
-2.767366257527712037e+00 1.380130419872428860e+01
-2.765808494365579850e+00 1.171249767900386018e+01
-2.764250731203447664e+00 8.473361555030626491e+00
-2.762692968041315922e+00 1.183772899190971550e+01
-2.761135204879183735e+00 1.499827769617653495e+01
-2.759577441717051549e+00 1.194346751294958686e+01
-2.758019678554919363e+00 1.463107511515524806e+01
-2.756461915392787176e+00 1.229417092030826630e+01
-2.754904152230654990e+00 1.058521583386406739e+01
-2.753346389068522804e+00 1.258698413554886564e+01
-2.751788625906391061e+00 1.318960512156078835e+01
-2.750230862744258875e+00 1.370281965492003273e+01
-2.748673099582126689e+00 1.467153374434690782e+01
-2.747115336419994502e+00 1.499856438720475360e+01
-2.745557573257862316e+00 1.201159333294950393e+01
-2.743999810095730574e+00 1.462124908748844376e+01
-2.742442046933598387e+00 1.316354539194863449e+01
-2.740884283771466201e+00 1.376245163934221871e+01
-2.739326520609334015e+00 1.602673949633304673e+01
-2.737768757447201828e+00 1.568266748058248616e+01
-2.736210994285069642e+00 1.487593671211338453e+01
-2.734653231122937456e+00 1.540481470475857861e+01
-2.733095467960805713e+00 1.299563046152690049e+01
-2.731537704798673527e+00 8.704709753130357441e+00
-2.729979941636541341e+00 1.375835775646149450e+01
-2.728422178474409154e+00 1.306001884489902842e+01
-2.726864415312276968e+00 1.099892296561703198e+01
-2.725306652150144782e+00 1.543245812148310847e+01
-2.723748888988012595e+00 1.313335992319076162e+01
-2.722191125825880853e+00 1.044173781545882917e+01
-2.720633362663748667e+00 1.290713462395184763e+01
-2.719075599501616480e+00 1.493003087337784329e+01
-2.717517836339484294e+00 1.554075834629559871e+01
-2.715960073177352108e+00 1.365761365989647658e+01
-2.714402310015219921e+00 1.276871878537926541e+01
-2.712844546853087735e+00 1.372338149442354904e+01
-2.711286783690955993e+00 1.529635065619775780e+01
-2.709729020528823806e+00 1.430036316917047934e+01
-2.708171257366691620e+00 1.347947212441841991e+01
-2.706613494204559434e+00 1.292745417498730554e+01
-2.705055731042427247e+00 1.003457194496623472e+01
-2.703497967880295061e+00 1.124416029957541063e+01
-2.701940204718162875e+00 1.380481367750354060e+01
-2.700382441556031132e+00 1.516684127855729969e+01
-2.698824678393898946e+00 1.411472696236805646e+01
-2.697266915231766760e+00 1.076753762286847937e+01
-2.695709152069634573e+00 1.254366627362153608e+01
-2.694151388907502387e+00 1.424243088009055036e+01
-2.692593625745370201e+00 1.343708913759605394e+01
-2.691035862583238014e+00 9.289872239315485558e+00
-2.689478099421106272e+00 1.107200856386797483e+01
-2.687920336258974086e+00 1.073683682020940644e+01
-2.686362573096841899e+00 8.815220166023442161e+00
-2.684804809934709713e+00 1.169460474746685641e+01
-2.683247046772577526e+00 1.305644768892490859e+01
-2.681689283610445784e+00 1.294697858377121946e+01
-2.680131520448313154e+00 1.476348205593990670e+01
-2.678573757286181412e+00 1.689393652751796537e+01
-2.677015994124049225e+00 1.512522681014225689e+01
-2.675458230961917039e+00 1.527615268961115902e+01
-2.673900467799784852e+00 1.803330935874798868e+01
-2.672342704637652666e+00 1.172375094626853098e+01
-2.670784941475520924e+00 1.023795129092939149e+01
-2.669227178313388293e+00 1.438237159733450454e+01
-2.667669415151256551e+00 1.440762563426714316e+01
-2.666111651989124365e+00 1.166926495587425805e+01
-2.664553888826992178e+00 1.269418019928098040e+01
-2.662996125664859992e+00 1.496611071035105134e+01
-2.661438362502727806e+00 1.213784915682437671e+01
-2.659880599340596063e+00 1.045697218490016134e+01
-2.658322836178463433e+00 1.099543351249701217e+01
-2.656765073016331691e+00 9.075241636228389197e+00
-2.655207309854199504e+00 7.322864761049621585e+00
-2.653649546692067318e+00 1.270227119291378415e+01
-2.652091783529935132e+00 1.345183746736260311e+01
-2.650534020367802945e+00 1.428913856372746771e+01
-2.648976257205671203e+00 1.385013895346052593e+01
-2.647418494043539017e+00 1.269674165565951540e+01
-2.645860730881406830e+00 1.436426134139856359e+01
-2.644302967719274644e+00 1.367740668455854802e+01
-2.642745204557142458e+00 1.319336068388395944e+01
-2.641187441395010271e+00 1.520693449322040891e+01
-2.639629678232878085e+00 1.328889014586342476e+01
-2.638071915070746343e+00 1.317184524471353591e+01
-2.636514151908614156e+00 1.446759119687310502e+01
-2.634956388746481970e+00 1.044068976979326457e+01
-2.633398625584349784e+00 1.003137633239854054e+01
-2.631840862422217597e+00 1.313489497955130503e+01
-2.630283099260085411e+00 1.323180766415543097e+01
-2.628725336097953225e+00 1.337357523958432282e+01
-2.627167572935821482e+00 1.221846231284536977e+01
-2.625609809773689296e+00 1.175756497034071479e+01
-2.624052046611557110e+00 1.372434336175147607e+01
-2.622494283449424923e+00 1.364123697192088613e+01
-2.620936520287292737e+00 1.626957398112031683e+01
-2.619378757125160551e+00 1.471472715145172749e+01
-2.617820993963028364e+00 1.111982740217490040e+01
-2.616263230800896622e+00 1.213148248061151158e+01
-2.614705467638764436e+00 1.250336312943170292e+01
-2.613147704476632249e+00 1.079825725976197859e+01
-2.611589941314500063e+00 1.190333571838944948e+01
-2.610032178152367877e+00 1.126940004890218638e+01
-2.608474414990235690e+00 1.080937371108445078e+01
-2.606916651828103504e+00 1.195427098259523468e+01
-2.605358888665971762e+00 1.394547803278934950e+01
-2.603801125503839575e+00 1.626035228472479588e+01
-2.602243362341707389e+00 1.507061890901970891e+01
-2.600685599179575203e+00 1.780234453481295276e+01
-2.599127836017443016e+00 1.591039316278076043e+01
-2.597570072855311274e+00 1.190256251971490542e+01
-2.596012309693178643e+00 1.197510689840317610e+01
-2.594454546531046901e+00 1.305229519842997732e+01
-2.592896783368914715e+00 1.390844746950743449e+01
-2.591339020206782529e+00 1.240400992699322558e+01
-2.589781257044650342e+00 1.001891348401342441e+01
-2.588223493882518156e+00 9.949487096986294077e+00
-2.586665730720386414e+00 1.226382488970850915e+01
-2.585107967558253783e+00 1.354182390314137763e+01
-2.583550204396122041e+00 1.754323778965856562e+01
-2.581992441233989855e+00 1.643926590093209583e+01
-2.580434678071857668e+00 1.354851753403874071e+01
-2.578876914909725482e+00 1.533610094379516298e+01
-2.577319151747593295e+00 1.531066552456845642e+01
-2.575761388585461553e+00 1.086057547263037470e+01
-2.574203625423329367e+00 1.150829115635499456e+01
-2.572645862261197180e+00 1.366869481469674064e+01
-2.571088099099064994e+00 1.380548129363671173e+01
-2.569530335936932808e+00 1.326410183576086510e+01
-2.567972572774800621e+00 1.204149173395651928e+01
-2.566414809612668435e+00 1.386577637313502365e+01
-2.564857046450536693e+00 1.498831276048237626e+01
-2.563299283288404506e+00 1.432534246989259330e+01
-2.561741520126272320e+00 1.478495159057772312e+01
-2.560183756964140134e+00 1.117988054588864699e+01
-2.558625993802007947e+00 1.235000451570697422e+01
-2.557068230639875761e+00 1.343428903072640956e+01
-2.555510467477743575e+00 1.454502935119577955e+01
-2.553952704315611832e+00 1.413080261811671967e+01
-2.552394941153479646e+00 1.311221781522601049e+01
-2.550837177991347460e+00 1.417776063130656006e+01
-2.549279414829215273e+00 1.409087680457330016e+01
-2.547721651667083087e+00 1.366364573431183516e+01
-2.546163888504950901e+00 1.367770625643081317e+01
-2.544606125342818714e+00 1.455107295148693680e+01
-2.543048362180686972e+00 1.839227233270552375e+01
-2.541490599018554786e+00 1.556870754405458079e+01
-2.539932835856422599e+00 1.377571173015902950e+01
-2.538375072694290413e+00 1.326693294910143983e+01
-2.536817309532158227e+00 1.224132448260075989e+01
-2.535259546370026040e+00 1.113828316503030713e+01
-2.533701783207893854e+00 1.265701022100403073e+01
-2.532144020045762112e+00 1.402417276386434786e+01
-2.530586256883629925e+00 1.386444823210164223e+01
-2.529028493721497739e+00 1.332953564761223575e+01
-2.527470730559365553e+00 1.112534470073023662e+01
-2.525912967397233366e+00 1.101295685135721669e+01
-2.524355204235101624e+00 1.271738696528955970e+01
-2.522797441072968994e+00 1.240442753519658226e+01
-2.521239677910837251e+00 1.090038681629561168e+01
-2.519681914748705065e+00 1.432773716873767000e+01
-2.518124151586572879e+00 1.364833907005445290e+01
-2.516566388424440692e+00 1.273777404839359306e+01
-2.515008625262308506e+00 1.398113318463052046e+01
-2.513450862100176764e+00 1.227881557794653844e+01
-2.511893098938044133e+00 1.096159147563670722e+01
-2.510335335775912391e+00 1.078103320759163175e+01
-2.508777572613780205e+00 1.090990265982213892e+01
-2.507219809451648018e+00 1.371387578261174411e+01
-2.505662046289515832e+00 1.499933987960889148e+01
-2.504104283127383646e+00 1.157998611978970693e+01
-2.502546519965251903e+00 1.248258450800891239e+01
-2.500988756803119273e+00 1.579113319953912686e+01
-2.499430993640987531e+00 1.451068342951958989e+01
-2.497873230478855344e+00 1.306401628220464595e+01
-2.496315467316723158e+00 1.311710469683343483e+01
-2.494757704154590972e+00 1.301912486861013818e+01
-2.493199940992458785e+00 1.210153865941382101e+01
-2.491642177830327043e+00 1.297789641341047329e+01
-2.490084414668194857e+00 1.353599128186332123e+01
-2.488526651506062670e+00 1.149267073779757453e+01
-2.486968888343930484e+00 9.709553631811562724e+00
-2.485411125181798297e+00 9.795989010142061915e+00
-2.483853362019666111e+00 1.231720984597581392e+01
-2.482295598857533925e+00 1.470839450316676178e+01
-2.480737835695402183e+00 1.084313676977766505e+01
-2.479180072533269996e+00 1.255776611073609494e+01
-2.477622309371137810e+00 1.282707750063205054e+01
-2.476064546209005623e+00 1.394755788716442879e+01
-2.474506783046873437e+00 1.517419629875372777e+01
-2.472949019884741251e+00 1.390031853027597286e+01
-2.471391256722609064e+00 1.392551025646428720e+01
-2.469833493560477322e+00 1.424561612093696539e+01
-2.468275730398345136e+00 1.399467908339055278e+01
-2.466717967236212949e+00 1.453045157761215656e+01
-2.465160204074080763e+00 1.412664431611297822e+01
-2.463602440911948577e+00 1.296255136014079667e+01
-2.462044677749816390e+00 1.679066038243168535e+01
-2.460486914587684204e+00 1.312863374724038934e+01
-2.458929151425552462e+00 1.320805893250748575e+01
-2.457371388263420275e+00 1.316298416781144098e+01
-2.455813625101288089e+00 9.977235401592269071e+00
-2.454255861939155903e+00 1.283321216200859105e+01
-2.452698098777023716e+00 1.318750572550161770e+01
-2.451140335614891530e+00 1.238434996556678946e+01
-2.449582572452759344e+00 1.330198390131693742e+01
-2.448024809290627601e+00 1.400956301560476724e+01
-2.446467046128495415e+00 1.570231492951230479e+01
-2.444909282966363229e+00 1.208979837395271417e+01
-2.443351519804231042e+00 1.022534729718591251e+01
-2.441793756642098856e+00 1.307017574262588688e+01
-2.440235993479967114e+00 1.256195526521576156e+01
-2.438678230317834483e+00 1.265941932045851992e+01
-2.437120467155702741e+00 1.238888463125589290e+01
-2.435562703993570555e+00 1.354904146754091165e+01
-2.434004940831438368e+00 1.355553919873112356e+01
-2.432447177669306182e+00 1.286770227336513983e+01
-2.430889414507173996e+00 1.210296704582898286e+01
-2.429331651345042253e+00 1.204794426798838280e+01
-2.427773888182909623e+00 1.302844138602960200e+01
-2.426216125020777881e+00 1.128789233940229053e+01
-2.424658361858645694e+00 1.104323785484785070e+01
-2.423100598696513508e+00 1.441977405652535715e+01
-2.421542835534381322e+00 1.372846998934837970e+01
-2.419985072372249135e+00 1.256336965402948991e+01
-2.418427309210117393e+00 1.137005623761348438e+01
-2.416869546047984763e+00 1.262839074606730172e+01
-2.415311782885853020e+00 1.312951514529281205e+01
-2.413754019723720834e+00 1.130596371042574333e+01
-2.412196256561588648e+00 1.345971921567528895e+01
-2.410638493399456461e+00 1.346246387190420357e+01
-2.409080730237324275e+00 1.105471184713755761e+01
-2.407522967075192533e+00 1.090630510240078266e+01
-2.405965203913060346e+00 1.258697272254015864e+01
-2.404407440750928160e+00 1.115579923888775404e+01
-2.402849677588795974e+00 1.102772287045600841e+01
-2.401291914426663787e+00 1.534508783254293718e+01
-2.399734151264531601e+00 1.301564419329811528e+01
-2.398176388102399414e+00 1.075404937140542394e+01
-2.396618624940267672e+00 1.213899099859844988e+01
-2.395060861778135486e+00 1.242659482000521720e+01
-2.393503098616003300e+00 9.895005557983527211e+00
-2.391945335453871113e+00 8.540027281069340503e+00
-2.390387572291738927e+00 1.126948030445072391e+01
-2.388829809129606740e+00 1.451472689564593388e+01
-2.387272045967474554e+00 1.483604691994174907e+01
-2.385714282805342812e+00 1.389378133033677010e+01
-2.384156519643210626e+00 1.352025392106824242e+01
-2.382598756481078439e+00 1.359453366531639595e+01
-2.381040993318946253e+00 1.675589242164186388e+01
-2.379483230156814066e+00 1.606701633909506910e+01
-2.377925466994681880e+00 1.439488069715062757e+01
-2.376367703832549694e+00 1.400485145947077292e+01
-2.374809940670417951e+00 1.272429810026341279e+01
-2.373252177508285765e+00 1.107807224388574063e+01
-2.371694414346153579e+00 1.102785842816100903e+01
-2.370136651184021392e+00 9.935346412779862746e+00
-2.368578888021889206e+00 1.281639994687591688e+01
-2.367021124859757464e+00 1.716125281995042684e+01
-2.365463361697624833e+00 1.329744569742220861e+01
-2.363905598535493091e+00 1.125831420198532129e+01
-2.362347835373360905e+00 1.390295026033201431e+01
-2.360790072211228718e+00 1.508689268122003035e+01
-2.359232309049096532e+00 1.223938218941161082e+01
-2.357674545886964346e+00 1.062591457300826647e+01
-2.356116782724832603e+00 1.189664553678177050e+01
-2.354559019562699973e+00 1.015919508246761893e+01
-2.353001256400568231e+00 1.004425430007599473e+01
-2.351443493238436044e+00 9.707469444348276966e+00
-2.349885730076303858e+00 8.955693977414247442e+00
-2.348327966914171672e+00 1.411499765804513373e+01
-2.346770203752039485e+00 1.804570004581519882e+01
-2.345212440589907743e+00 1.507070973337302355e+01
-2.343654677427775113e+00 1.304917581430446027e+01
-2.342096914265643370e+00 1.504861340714732520e+01
-2.340539151103511184e+00 1.691427531380926297e+01
-2.338981387941378998e+00 1.290174385032245041e+01
-2.337423624779246811e+00 1.322042969822004821e+01
-2.335865861617114625e+00 1.384645588861420329e+01
-2.334308098454982883e+00 1.520671321899901507e+01
-2.332750335292850696e+00 1.305473001710814884e+01
-2.331192572130718510e+00 1.159196722800834856e+01
-2.329634808968586324e+00 1.284333913381580672e+01
-2.328077045806454137e+00 1.147144280104505221e+01
-2.326519282644321951e+00 9.994403304386706210e+00
-2.324961519482189765e+00 9.124691439646158031e+00
-2.323403756320058022e+00 1.143641353880988376e+01
-2.321845993157925836e+00 1.390007200425596601e+01
-2.320288229995793650e+00 1.410287078015181095e+01
-2.318730466833661463e+00 1.424635507030142634e+01
-2.317172703671529277e+00 1.496661561508971694e+01
-2.315614940509397091e+00 1.429536423818479562e+01
-2.314057177347264904e+00 1.498652709927523219e+01
-2.312499414185133162e+00 1.371608829363150583e+01
-2.310941651023000976e+00 1.164614645408554949e+01
-2.309383887860868789e+00 1.100478520653286552e+01
-2.307826124698736603e+00 1.173438980529314968e+01
-2.306268361536604417e+00 1.557997116457659637e+01
-2.304710598374472230e+00 1.757157106276004654e+01
-2.303152835212340044e+00 1.613075894763473883e+01
-2.301595072050208302e+00 1.465592595456972269e+01
-2.300037308888076115e+00 1.283086165791928757e+01
-2.298479545725943929e+00 1.242600975635670402e+01
-2.296921782563811743e+00 1.447713708551657952e+01
-2.295364019401679556e+00 1.154946266925239406e+01
-2.293806256239547370e+00 1.216614883166537275e+01
-2.292248493077415183e+00 1.374720237541440682e+01
-2.290690729915283441e+00 1.209809606926421921e+01
-2.289132966753151255e+00 1.309792741113021464e+01
-2.287575203591019068e+00 1.290446442764334023e+01
-2.286017440428886882e+00 1.105600812370233221e+01
-2.284459677266754696e+00 1.144091584812776219e+01
-2.282901914104622954e+00 1.331611881608679226e+01
-2.281344150942490323e+00 1.485024221488352048e+01
-2.279786387780358581e+00 1.387777462526653416e+01
-2.278228624618226394e+00 1.206877638401515895e+01
-2.276670861456094208e+00 1.265081971649113335e+01
-2.275113098293962022e+00 8.809350058458075949e+00
-2.273555335131829835e+00 1.017293970465879660e+01
-2.271997571969698093e+00 1.355205886930522396e+01
-2.270439808807565463e+00 1.386628185597844087e+01
-2.268882045645433720e+00 1.446329202027530414e+01
-2.267324282483301534e+00 1.364278546886709798e+01
-2.265766519321169348e+00 1.157799369527286615e+01
-2.264208756159037161e+00 1.084625646898406792e+01
-2.262650992996904975e+00 1.094641957413965550e+01
-2.261093229834773233e+00 1.242285196776331269e+01
-2.259535466672640602e+00 1.446468341004446856e+01
-2.257977703510508860e+00 1.201004539591381715e+01
-2.256419940348376674e+00 8.697519057106211093e+00
-2.254862177186244487e+00 1.301585428768498431e+01
-2.253304414024112301e+00 1.291407873996267597e+01
-2.251746650861980115e+00 1.033500157988206958e+01
-2.250188887699848372e+00 1.369430170242188716e+01
-2.248631124537716186e+00 1.340107570302367179e+01
-2.247073361375584000e+00 1.024907751789890753e+01
-2.245515598213451813e+00 1.099621314152167351e+01
-2.243957835051319627e+00 1.288355184437582324e+01
-2.242400071889187441e+00 1.298181607228591261e+01
-2.240842308727055254e+00 1.539335448562249553e+01
-2.239284545564923512e+00 1.477390062758326827e+01
-2.237726782402791326e+00 9.743419467629001574e+00
-2.236169019240659139e+00 9.425825355643302927e+00
-2.234611256078526953e+00 1.105644034202940951e+01
-2.233053492916394767e+00 1.348332638238335868e+01
-2.231495729754262580e+00 1.260904262747068749e+01
-2.229937966592130394e+00 1.080530384753408590e+01
-2.228380203429998652e+00 1.042079436179683150e+01
-2.226822440267866465e+00 1.220104265251700149e+01
-2.225264677105734279e+00 1.344308547391614006e+01
-2.223706913943602093e+00 1.230493796668036488e+01
-2.222149150781469906e+00 1.023616406190263284e+01
-2.220591387619337720e+00 9.166409410699220217e+00
-2.219033624457205534e+00 1.168903427688698393e+01
-2.217475861295073791e+00 1.368025941321199568e+01
-2.215918098132941605e+00 1.108651593359033605e+01
-2.214360334970809419e+00 1.043840248327051690e+01
-2.212802571808677232e+00 1.282683699449206038e+01
-2.211244808646545046e+00 1.467453578523875279e+01
-2.209687045484412860e+00 1.186750126525620885e+01
-2.208129282322280673e+00 1.076724126679221172e+01
-2.206571519160148931e+00 1.261110211709040918e+01
-2.205013755998016745e+00 1.396188128988739763e+01
-2.203455992835884558e+00 1.098391185450603302e+01
-2.201898229673752372e+00 9.288419174802193368e+00
-2.200340466511620185e+00 1.105481986380603843e+01
-2.198782703349488443e+00 9.664244705620639309e+00
-2.197224940187355813e+00 1.078232469685912420e+01
-2.195667177025224071e+00 1.179299146520225428e+01
-2.194109413863091884e+00 1.046040294832009820e+01
-2.192551650700959698e+00 1.251872803000229872e+01
-2.190993887538827511e+00 1.298860195427567454e+01
-2.189436124376695325e+00 1.586923100105400231e+01
-2.187878361214563583e+00 1.476551580209239312e+01
-2.186320598052430952e+00 1.184560185368382967e+01
-2.184762834890299210e+00 1.247230122190476642e+01
-2.183205071728167024e+00 1.518879123326642144e+01
-2.181647308566034837e+00 1.527413846034619027e+01
-2.180089545403902651e+00 1.166956670232751492e+01
-2.178531782241770465e+00 1.286415156987870390e+01
-2.176974019079638722e+00 1.517755476927201386e+01
-2.175416255917506092e+00 9.676728817465711785e+00
-2.173858492755374350e+00 1.155438287322335178e+01
-2.172300729593242163e+00 1.333803429039423349e+01
-2.170742966431109977e+00 1.415632837697069313e+01
-2.169185203268977791e+00 1.172833512138143952e+01
-2.167627440106845604e+00 1.043946905923673540e+01
-2.166069676944713862e+00 1.241161659100810510e+01
-2.164511913782581232e+00 1.268367291555254361e+01
-2.162954150620449489e+00 1.393607622113987965e+01
-2.161396387458317303e+00 1.356108386171611890e+01
-2.159838624296185117e+00 1.015588279031810970e+01
-2.158280861134053374e+00 1.134186429477878733e+01
-2.156723097971920744e+00 1.206907658745783962e+01
-2.155165334809789002e+00 1.340659216446819890e+01
-2.153607571647656371e+00 1.659605336583742385e+01
-2.152049808485524629e+00 1.389754922678864091e+01
-2.150492045323392443e+00 1.326242601958466949e+01
-2.148934282161260256e+00 1.507350914820025345e+01
-2.147376518999128514e+00 1.667895835222526202e+01
-2.145818755836995884e+00 1.639405200563963660e+01
-2.144260992674864141e+00 1.424211828496272680e+01
-2.142703229512731955e+00 1.233254242912165388e+01
-2.141145466350599769e+00 1.199686204341757367e+01
-2.139587703188467582e+00 1.215730815072329385e+01
-2.138029940026335396e+00 1.152828031590383162e+01
-2.136472176864203654e+00 9.168560325550824786e+00
-2.134914413702071023e+00 9.456166710564785305e+00
-2.133356650539939281e+00 1.402758884078880541e+01
-2.131798887377807095e+00 1.200195647749823102e+01
-2.130241124215674908e+00 1.308657440356913781e+01
-2.128683361053542722e+00 1.467528842371714326e+01
-2.127125597891410536e+00 1.428629670270912300e+01
-2.125567834729278793e+00 1.411751150306092839e+01
-2.124010071567146163e+00 1.087585207697539857e+01
-2.122452308405014421e+00 8.442066104354333689e+00
-2.120894545242882234e+00 1.102504573535888888e+01
-2.119336782080750048e+00 1.366065206056359393e+01
-2.117779018918617862e+00 1.237479313976696993e+01
-2.116221255756485675e+00 1.658599848107672869e+01
-2.114663492594353933e+00 1.422149781248235101e+01
-2.113105729432221302e+00 1.149900589916970439e+01
-2.111547966270089560e+00 1.232768248293796276e+01
-2.109990203107957374e+00 1.175866309498861995e+01
-2.108432439945825188e+00 1.463062305586687017e+01
-2.106874676783693001e+00 1.323650016205566970e+01
-2.105316913621560815e+00 1.299965188369044888e+01
-2.103759150459429073e+00 1.627445049351059936e+01
-2.102201387297296442e+00 1.593482527775084634e+01
-2.100643624135164700e+00 1.660714349381828470e+01
-2.099085860973032513e+00 1.655907847071977557e+01
-2.097528097810900327e+00 1.361918266016435020e+01
-2.095970334648768141e+00 9.865341467926224794e+00
-2.094412571486635954e+00 1.236552981173427312e+01
-2.092854808324504212e+00 1.362916543275680326e+01
-2.091297045162371582e+00 1.330342049957495121e+01
-2.089739282000239839e+00 1.261475202915497995e+01
-2.088181518838107653e+00 1.288628989640815448e+01
-2.086623755675975467e+00 1.362347093633799844e+01
-2.085065992513843280e+00 1.173145180882497662e+01
-2.083508229351711094e+00 1.016209432336587959e+01
-2.081950466189579352e+00 1.093126188456023762e+01
-2.080392703027446721e+00 1.280053162542836631e+01
-2.078834939865314979e+00 1.294949803441675407e+01
-2.077277176703182793e+00 1.013379074389029277e+01
-2.075719413541050606e+00 1.273854262413009941e+01
-2.074161650378918864e+00 1.143827760880978772e+01
-2.072603887216786234e+00 1.018736100504029629e+01
-2.071046124054654491e+00 1.231132215938130336e+01
-2.069488360892521861e+00 1.115035790789633552e+01
-2.067930597730390119e+00 1.150190396506674873e+01
-2.066372834568257932e+00 1.127909667327798893e+01
-2.064815071406125746e+00 9.983909338092828989e+00
-2.063257308243994004e+00 1.325513897848128408e+01
-2.061699545081861373e+00 1.433527795145647588e+01
-2.060141781919729631e+00 9.925501370619311814e+00
-2.058584018757597445e+00 1.026275317254427399e+01
-2.057026255595465258e+00 1.211274609668013369e+01
-2.055468492433333072e+00 1.192087263735665381e+01
-2.053910729271200886e+00 1.202944700324287552e+01
-2.052352966109069143e+00 1.187649413241320140e+01
-2.050795202946936513e+00 1.091846401439098813e+01
-2.049237439784804771e+00 1.246460086545131141e+01
-2.047679676622672584e+00 1.392034091642398863e+01
-2.046121913460540398e+00 1.376262568620622240e+01
-2.044564150298408212e+00 1.391140060404505441e+01
-2.043006387136276025e+00 1.542759678116549615e+01
-2.041448623974144283e+00 1.676372265241326787e+01
-2.039890860812011653e+00 1.439446063783397634e+01
-2.038333097649879910e+00 1.442048179087713677e+01
-2.036775334487747724e+00 9.319058050003047100e+00
-2.035217571325615538e+00 9.418788407941539376e+00
-2.033659808163483351e+00 1.069001150735929961e+01
-2.032102045001351165e+00 8.786054274184179391e+00
-2.030544281839219423e+00 9.845251144727058090e+00
-2.028986518677086792e+00 1.202912248179008792e+01
-2.027428755514955050e+00 1.178127947223741678e+01
-2.025870992352822864e+00 1.046184710117308470e+01
-2.024313229190690677e+00 1.300243207293989478e+01
-2.022755466028558491e+00 1.246264976413884717e+01
-2.021197702866426305e+00 1.059616994033498472e+01
-2.019639939704294562e+00 1.224150544760910542e+01
-2.018082176542161932e+00 1.290813725836841108e+01
-2.016524413380030190e+00 1.649547508452506150e+01
-2.014966650217898003e+00 1.379867572304380197e+01
-2.013408887055765817e+00 1.230797685302877298e+01
-2.011851123893633631e+00 1.155958961477721125e+01
-2.010293360731501444e+00 1.142447401753397784e+01
-2.008735597569369702e+00 1.357122322333889031e+01
-2.007177834407237071e+00 1.309822268163796188e+01
-2.005620071245105329e+00 1.441396653193533695e+01
-2.004062308082973143e+00 1.382961576362074041e+01
-2.002504544920840956e+00 1.254772532430644638e+01
-2.000946781758709214e+00 1.427676308167640862e+01
-1.999389018596576806e+00 1.592332310188644939e+01
-1.997831255434444619e+00 1.192594762978616885e+01
-1.996273492272312433e+00 9.937406128716483877e+00
-1.994715729110180469e+00 1.041252760784403009e+01
-1.993157965948048282e+00 1.187593827834116134e+01
-1.991600202785916096e+00 1.356594591424050122e+01
-1.990042439623784132e+00 1.368725279354269730e+01
-1.988484676461651945e+00 1.387758576103947128e+01
-1.986926913299519759e+00 1.177431912158126615e+01
-1.985369150137387573e+00 1.161838920608254355e+01
-1.983811386975255608e+00 1.347964085716090032e+01
-1.982253623813123422e+00 1.486070694914142010e+01
-1.980695860650991236e+00 1.467653993840158044e+01
-1.979138097488859271e+00 1.431168018132983022e+01
-1.977580334326727085e+00 1.460157096630001661e+01
-1.976022571164594899e+00 1.046530072064857997e+01
-1.974464808002462934e+00 1.145177606892506539e+01
-1.972907044840330748e+00 1.517202456700741031e+01
-1.971349281678198562e+00 1.523177056684241926e+01
-1.969791518516066375e+00 1.166214727914856297e+01
-1.968233755353934411e+00 1.147835843723043681e+01
-1.966675992191802225e+00 1.553270453752937996e+01
-1.965118229029670038e+00 1.223381571541175106e+01
-1.963560465867538074e+00 9.674055764313724382e+00
-1.962002702705405888e+00 1.343928571791575699e+01
-1.960444939543273701e+00 1.591228349802530850e+01
-1.958887176381141737e+00 1.374520614633504678e+01
-1.957329413219009551e+00 1.218581952417883407e+01
-1.955771650056877364e+00 1.313118681877034355e+01
-1.954213886894745178e+00 1.327350680738952349e+01
-1.952656123732613214e+00 1.392972267523982843e+01
-1.951098360570481027e+00 1.377586891380767220e+01
-1.949540597408348841e+00 1.118880447278663581e+01
-1.947982834246216877e+00 1.361791129263410305e+01
-1.946425071084084690e+00 1.329251583748951582e+01
-1.944867307921952504e+00 1.285839531104336864e+01
-1.943309544759820540e+00 1.193799577609840767e+01
-1.941751781597688353e+00 1.169514869764677378e+01
-1.940194018435556167e+00 1.275671645656612085e+01
-1.938636255273423981e+00 1.070198035312867191e+01
-1.937078492111292016e+00 1.109629809878868656e+01
-1.935520728949159830e+00 1.269220199066485755e+01
-1.933962965787027644e+00 1.098493480728577332e+01
-1.932405202624895679e+00 1.239281040444780579e+01
-1.930847439462763493e+00 1.479576297363751358e+01
-1.929289676300631307e+00 1.345056785223117224e+01
-1.927731913138499120e+00 1.359792078220652023e+01
-1.926174149976367156e+00 1.075872578569690141e+01
-1.924616386814234970e+00 1.131187943192366951e+01
-1.923058623652102783e+00 1.549915577736115502e+01
-1.921500860489970819e+00 1.521850783354198988e+01
-1.919943097327838633e+00 1.630862116273170770e+01
-1.918385334165706446e+00 1.661167426903268662e+01
-1.916827571003574482e+00 1.410847272902094396e+01
-1.915269807841442296e+00 1.347360587503962215e+01
-1.913712044679310109e+00 1.352022264743522229e+01
-1.912154281517177923e+00 1.367964938522427865e+01
-1.910596518355045959e+00 1.244662838198166277e+01
-1.909038755192913772e+00 1.053577410166044537e+01
-1.907480992030781586e+00 1.017489504472240291e+01
-1.905923228868649622e+00 1.241556148018961991e+01
-1.904365465706517435e+00 1.461760918852420943e+01
-1.902807702544385249e+00 1.305453435643553206e+01
-1.901249939382253284e+00 1.255995159728402655e+01
-1.899692176220121098e+00 1.388962850063673571e+01
-1.898134413057988912e+00 1.256962091887337962e+01
-1.896576649895856725e+00 1.264926362000516669e+01
-1.895018886733724761e+00 1.540867464937330311e+01
-1.893461123571592575e+00 1.175745404813284267e+01
-1.891903360409460388e+00 1.377881214011150490e+01
-1.890345597247328424e+00 9.610061026654872052e+00
-1.888787834085196238e+00 1.059855985863673133e+01
-1.887230070923064051e+00 1.463635723429947433e+01
-1.885672307760931865e+00 1.467197139263204697e+01
-1.884114544598799901e+00 1.286011023649524709e+01
-1.882556781436667714e+00 9.436393780842958989e+00
-1.880999018274535528e+00 9.648339465249904379e+00
-1.879441255112403564e+00 1.328398765872114673e+01
-1.877883491950271377e+00 1.358762694496334689e+01
-1.876325728788139191e+00 1.266712331856891005e+01
-1.874767965626007227e+00 1.060917708946021598e+01
-1.873210202463875040e+00 1.538285686857731172e+01
-1.871652439301742854e+00 1.443404021618143851e+01
-1.870094676139610668e+00 1.267600920522125207e+01
-1.868536912977478703e+00 1.553034104193984533e+01
-1.866979149815346517e+00 1.182623575870186627e+01
-1.865421386653214331e+00 1.048662849202002256e+01
-1.863863623491082366e+00 1.359789058812051366e+01
-1.862305860328950180e+00 1.354266832189686909e+01
-1.860748097166817994e+00 1.580220763636147474e+01
-1.859190334004686029e+00 1.343494536500014114e+01
-1.857632570842553843e+00 1.228915562399469863e+01
-1.856074807680421657e+00 1.186508209794550872e+01
-1.854517044518289470e+00 1.122352330394496356e+01
-1.852959281356157506e+00 9.415893670928671355e+00
-1.851401518194025320e+00 8.624730178696992766e+00
-1.849843755031893133e+00 8.792639547316008830e+00
-1.848285991869761169e+00 1.139551042485387988e+01
-1.846728228707628983e+00 1.355613811312576367e+01
-1.845170465545496796e+00 1.335314136641746785e+01
-1.843612702383364610e+00 1.312644642231366632e+01
-1.842054939221232646e+00 1.235585903082161252e+01
-1.840497176059100459e+00 1.153714407573017731e+01
-1.838939412896968273e+00 1.384626763627047197e+01
-1.837381649734836309e+00 1.175553084159678363e+01
-1.835823886572704122e+00 1.275821967229406617e+01
-1.834266123410571936e+00 1.359822707491357718e+01
-1.832708360248439972e+00 1.384584483071039429e+01
-1.831150597086307785e+00 1.429842135983699514e+01
-1.829592833924175599e+00 1.390607609461146232e+01
-1.828035070762043413e+00 1.352881865086914104e+01
-1.826477307599911448e+00 1.192750349122311704e+01
-1.824919544437779262e+00 1.152763706026375523e+01
-1.823361781275647076e+00 1.312088045727754704e+01
-1.821804018113515111e+00 1.323792916968737110e+01
-1.820246254951382925e+00 1.191586571251538729e+01
-1.818688491789250739e+00 1.388465905397869804e+01
-1.817130728627118774e+00 1.491436665715094101e+01
-1.815572965464986588e+00 1.097718354320087464e+01
-1.814015202302854401e+00 9.280564026088333307e+00
-1.812457439140722215e+00 1.249793770027456219e+01
-1.810899675978590251e+00 1.344197297078780906e+01
-1.809341912816458064e+00 1.257113428105097697e+01
-1.807784149654325878e+00 1.119714829008401580e+01
-1.806226386492193914e+00 1.154719777231709621e+01
-1.804668623330061727e+00 1.512309669969907411e+01
-1.803110860167929541e+00 1.489970784746052068e+01
-1.801553097005797577e+00 1.457521655937629390e+01
-1.799995333843665390e+00 1.585752768839958371e+01
-1.798437570681533204e+00 1.751318698864657719e+01
-1.796879807519401018e+00 1.740996389877416206e+01
-1.795322044357269053e+00 1.521995047778034049e+01
-1.793764281195136867e+00 1.227205994329295535e+01
-1.792206518033004681e+00 1.263500725474153086e+01
-1.790648754870872716e+00 1.310164631645749367e+01
-1.789090991708740530e+00 1.445622604868356653e+01
-1.787533228546608344e+00 1.505667850757618176e+01
-1.785975465384476157e+00 1.730123990020102198e+01
-1.784417702222344193e+00 1.833488185855879848e+01
-1.782859939060212007e+00 1.868396177695379023e+01
-1.781302175898079820e+00 1.908974586012050167e+01
-1.779744412735947856e+00 1.645352486880534926e+01
-1.778186649573815670e+00 1.315088061863921709e+01
-1.776628886411683483e+00 1.522577986355609525e+01
-1.775071123249551519e+00 1.314014170350901267e+01
-1.773513360087419333e+00 1.277965480267656062e+01
-1.771955596925287146e+00 1.604932624190830026e+01
-1.770397833763154960e+00 9.918194014676702253e+00
-1.768840070601022996e+00 1.059320324788418155e+01
-1.767282307438890809e+00 1.505001106442254510e+01
-1.765724544276758623e+00 1.319659025473738190e+01
-1.764166781114626659e+00 1.232542627190484019e+01
-1.762609017952494472e+00 1.350077917003454431e+01
-1.761051254790362286e+00 1.278942375531594067e+01
-1.759493491628230322e+00 1.256010486971170970e+01
-1.757935728466098135e+00 1.275571013253374630e+01
-1.756377965303965949e+00 1.302258062449444154e+01
-1.754820202141833763e+00 9.240869079201218028e+00
-1.753262438979701798e+00 1.515974452094387992e+01
-1.751704675817569612e+00 1.560072756391625504e+01
-1.750146912655437426e+00 1.375388769015077628e+01
-1.748589149493305461e+00 1.362824824254647282e+01
-1.747031386331173275e+00 1.422358729931740662e+01
-1.745473623169041089e+00 1.504016943189207112e+01
-1.743915860006909124e+00 1.273855033141157200e+01
-1.742358096844776938e+00 1.247062267270022140e+01
-1.740800333682644752e+00 1.341107513271705365e+01
-1.739242570520512565e+00 1.294307388511212586e+01
-1.737684807358380601e+00 1.203099850060686826e+01
-1.736127044196248415e+00 1.055194118418032900e+01
-1.734569281034116228e+00 1.223205668973042748e+01
-1.733011517871984264e+00 1.350198854899917933e+01
-1.731453754709852078e+00 1.257888588383676520e+01
-1.729895991547719891e+00 1.257337543644343825e+01
-1.728338228385587705e+00 1.263788217094487898e+01
-1.726780465223455741e+00 1.239833229641860335e+01
-1.725222702061323554e+00 1.079616450990139320e+01
-1.723664938899191368e+00 1.076471864155146108e+01
-1.722107175737059404e+00 1.408853950666985000e+01
-1.720549412574927217e+00 1.709846611302551267e+01
-1.718991649412795031e+00 1.582022178744654006e+01
-1.717433886250663067e+00 1.147480165919146877e+01
-1.715876123088530880e+00 1.064783181265324963e+01
-1.714318359926398694e+00 1.275931483425761570e+01
-1.712760596764266507e+00 1.463918196576056374e+01
-1.711202833602134543e+00 1.769135117417348724e+01
-1.709645070440002357e+00 1.912826832601762561e+01
-1.708087307277870170e+00 1.751006427476444216e+01
-1.706529544115738206e+00 1.467774637874394372e+01
-1.704971780953606020e+00 1.558857308239535122e+01
-1.703414017791473833e+00 1.236566996961359166e+01
-1.701856254629341869e+00 1.120076070528193668e+01
-1.700298491467209683e+00 1.381165865564363671e+01
-1.698740728305077496e+00 1.422873835306462631e+01
-1.697182965142945310e+00 1.077840928622814864e+01
-1.695625201980813346e+00 1.049964555225530383e+01
-1.694067438818681159e+00 1.327526808657941970e+01
-1.692509675656548973e+00 1.220708178966894053e+01
-1.690951912494417009e+00 1.165776441805640928e+01
-1.689394149332284822e+00 9.236724543864186288e+00
-1.687836386170152636e+00 9.341521363898287689e+00
-1.686278623008020450e+00 1.123588814610405251e+01
-1.684720859845888485e+00 1.237428623797544347e+01
-1.683163096683756299e+00 1.400818308888868202e+01
-1.681605333521624113e+00 1.534604392137028306e+01
-1.680047570359492148e+00 1.461219955001052284e+01
-1.678489807197359962e+00 1.368466438630005655e+01
-1.676932044035227776e+00 1.602096901160356524e+01
-1.675374280873095811e+00 1.734672641831691564e+01
-1.673816517710963625e+00 1.277350806827961271e+01
-1.672258754548831439e+00 1.163211131795447884e+01
-1.670700991386699252e+00 1.380024835852671039e+01
-1.669143228224567288e+00 1.451436178344733996e+01
-1.667585465062435102e+00 1.433927399845992134e+01
-1.666027701900302915e+00 1.413408597540172806e+01
-1.664469938738170951e+00 1.142996911988125319e+01
-1.662912175576038765e+00 1.228357916560091745e+01
-1.661354412413906578e+00 1.512602849578045117e+01
-1.659796649251774614e+00 1.098207274609292305e+01
-1.658238886089642428e+00 1.361645463210982321e+01
-1.656681122927510241e+00 1.589888984553195073e+01
-1.655123359765378055e+00 1.571964960299524883e+01
-1.653565596603246091e+00 1.732463603678726827e+01
-1.652007833441113904e+00 1.715783288270850804e+01
-1.650450070278981718e+00 1.376740492097854940e+01
-1.648892307116849754e+00 1.134060531296604601e+01
-1.647334543954717567e+00 1.405541488063550304e+01
-1.645776780792585381e+00 1.514434472681928234e+01
-1.644219017630453195e+00 1.196197358924044174e+01
-1.642661254468321230e+00 1.352103874045934440e+01
-1.641103491306189044e+00 1.178464731017140288e+01
-1.639545728144056858e+00 1.125617534890738547e+01
-1.637987964981924893e+00 1.342364046271272571e+01
-1.636430201819792707e+00 1.395968740432531874e+01
-1.634872438657660521e+00 1.396888804319582000e+01
-1.633314675495528556e+00 1.287803753518371863e+01
-1.631756912333396370e+00 1.237815454644517033e+01
-1.630199149171264184e+00 1.355094004985270040e+01
-1.628641386009131997e+00 1.402262063989986807e+01
-1.627083622847000033e+00 1.408766262840962646e+01
-1.625525859684867847e+00 1.632998201782758230e+01
-1.623968096522735660e+00 1.550906341498243357e+01
-1.622410333360603696e+00 1.084750429576832786e+01
-1.620852570198471509e+00 1.221204435374943920e+01
-1.619294807036339323e+00 1.577293271403187092e+01
-1.617737043874207359e+00 1.279607666540094080e+01
-1.616179280712075172e+00 1.136969179594924739e+01
-1.614621517549942986e+00 1.762448101712602622e+01
-1.613063754387810800e+00 1.722154855869501233e+01
-1.611505991225678835e+00 1.558015382945061056e+01
-1.609948228063546649e+00 1.452126864298263698e+01
-1.608390464901414463e+00 1.530465861484466394e+01
-1.606832701739282498e+00 1.618446542784937492e+01
-1.605274938577150312e+00 1.422557579921816995e+01
-1.603717175415018126e+00 1.312451811526529610e+01
-1.602159412252886161e+00 1.231292905384336756e+01
-1.600601649090753975e+00 1.097320925734476660e+01
-1.599043885928621789e+00 1.589257187153377338e+01
-1.597486122766489602e+00 1.375902547114099583e+01
-1.595928359604357638e+00 1.140226415653091507e+01
-1.594370596442225452e+00 1.215285523532646295e+01
-1.592812833280093265e+00 1.206472176674175678e+01
-1.591255070117961301e+00 1.172157299808309716e+01
-1.589697306955829115e+00 1.155584787132705493e+01
-1.588139543793696928e+00 1.589297927489962703e+01
-1.586581780631564742e+00 1.201027910399622378e+01
-1.585024017469432778e+00 1.123986045016231650e+01
-1.583466254307300591e+00 1.338735270990529891e+01
-1.581908491145168405e+00 1.174494706032325020e+01
-1.580350727983036441e+00 1.046708037539340097e+01
-1.578792964820904254e+00 1.265262946363450069e+01
-1.577235201658772068e+00 1.650713395079241153e+01
-1.575677438496640104e+00 1.898919983486807084e+01
-1.574119675334507917e+00 1.731000539433277297e+01
-1.572561912172375731e+00 1.396423132915389154e+01
-1.571004149010243545e+00 1.343347053630583687e+01
-1.569446385848111580e+00 1.249768327197405249e+01
-1.567888622685979394e+00 1.355356274989870968e+01
-1.566330859523847208e+00 1.261672689361991928e+01
-1.564773096361715243e+00 1.116107464698950835e+01
-1.563215333199583057e+00 1.417780828425495443e+01
-1.561657570037450871e+00 1.642196692953539383e+01
-1.560099806875318906e+00 1.551512149631732562e+01
-1.558542043713186720e+00 1.738831359143996735e+01
-1.556984280551054534e+00 1.395693668401104226e+01
-1.555426517388922347e+00 8.422669023019745183e+00
-1.553868754226790383e+00 1.295974804242728773e+01
-1.552310991064658197e+00 1.469279004737794914e+01
-1.550753227902526010e+00 1.201756385615497891e+01
-1.549195464740394046e+00 1.096125606810911890e+01
-1.547637701578261860e+00 1.327606238873007349e+01
-1.546079938416129673e+00 1.517680791729145007e+01
-1.544522175253997709e+00 1.474765798967628072e+01
-1.542964412091865523e+00 1.642584549942908723e+01
-1.541406648929733336e+00 1.416237912901118001e+01
-1.539848885767601150e+00 1.451955151742467720e+01
-1.538291122605469186e+00 1.484347676605762523e+01
-1.536733359443336999e+00 1.269156981481653190e+01
-1.535175596281204813e+00 1.551828090997434728e+01
-1.533617833119072849e+00 1.497779232710525577e+01
-1.532060069956940662e+00 1.289738746824410676e+01
-1.530502306794808476e+00 1.356551448423315875e+01
-1.528944543632676289e+00 1.576455424163813035e+01
-1.527386780470544325e+00 1.636255867741916248e+01
-1.525829017308412139e+00 1.107153744418074304e+01
-1.524271254146279952e+00 1.348919728958513353e+01
-1.522713490984147988e+00 1.478428275453435958e+01
-1.521155727822015802e+00 1.455021424268701224e+01
-1.519597964659883615e+00 1.441968076325169967e+01
-1.518040201497751651e+00 1.301086882835877745e+01
-1.516482438335619465e+00 1.536711532422953397e+01
-1.514924675173487278e+00 1.645166457195841048e+01
-1.513366912011355092e+00 1.442212349710830921e+01
-1.511809148849223128e+00 1.221229239184055082e+01
-1.510251385687090941e+00 1.277883567354709804e+01
-1.508693622524958755e+00 1.220260474410924978e+01
-1.507135859362826791e+00 1.156783935011612563e+01
-1.505578096200694604e+00 1.450625551096426946e+01
-1.504020333038562418e+00 1.415551341228479743e+01
-1.502462569876430454e+00 1.160113947775255028e+01
-1.500904806714298267e+00 1.386635712343213456e+01
-1.499347043552166081e+00 1.464091703803746825e+01
-1.497789280390033895e+00 1.363727613574403108e+01
-1.496231517227901930e+00 1.046930541862844954e+01
-1.494673754065769744e+00 8.544996849523004201e+00
-1.493115990903637558e+00 1.116124732663541508e+01
-1.491558227741505593e+00 1.291698628479971411e+01
-1.490000464579373407e+00 1.239122630869157504e+01
-1.488442701417241221e+00 9.878868114175212156e+00
-1.486884938255109034e+00 1.226544124205063113e+01
-1.485327175092977070e+00 1.588917828278448319e+01
-1.483769411930844884e+00 1.161757972053886157e+01
-1.482211648768712697e+00 1.299261321821671800e+01
-1.480653885606580733e+00 1.639449708711762810e+01
-1.479096122444448547e+00 1.537739556434739008e+01
-1.477538359282316360e+00 1.607519787630675978e+01
-1.475980596120184396e+00 1.768590022800756145e+01
-1.474422832958052210e+00 1.641318000126705812e+01
-1.472865069795920023e+00 1.214623930392635387e+01
-1.471307306633787837e+00 1.337838357925646271e+01
-1.469749543471655873e+00 1.651994110550932149e+01
-1.468191780309523686e+00 1.334569592824979090e+01
-1.466634017147391500e+00 1.242258472833074556e+01
-1.465076253985259536e+00 1.332065624259711889e+01
-1.463518490823127349e+00 1.207779201439810812e+01
-1.461960727660995163e+00 1.147724624936065041e+01
-1.460402964498863199e+00 1.165483130687832514e+01
-1.458845201336731012e+00 1.522185287601864268e+01
-1.457287438174598826e+00 1.135206750506869078e+01
-1.455729675012466640e+00 1.114664844638901009e+01
-1.454171911850334675e+00 1.451863091375967230e+01
-1.452614148688202489e+00 1.165075772312992086e+01
-1.451056385526070303e+00 1.083150792708171295e+01
-1.449498622363938338e+00 1.248758735853951585e+01
-1.447940859201806152e+00 9.432611227282723831e+00
-1.446383096039673966e+00 1.011441156763038229e+01
-1.444825332877541779e+00 1.177768044383649837e+01
-1.443267569715409815e+00 1.368001814471681854e+01
-1.441709806553277629e+00 1.293838840800670376e+01
-1.440152043391145442e+00 1.182316538188965893e+01
-1.438594280229013478e+00 1.369721768638840054e+01
-1.437036517066881292e+00 1.425690622014805697e+01
-1.435478753904749105e+00 1.213950260683078319e+01
-1.433920990742617141e+00 1.472494013145532499e+01
-1.432363227580484955e+00 1.889063695714286695e+01
-1.430805464418352768e+00 1.525536951330939495e+01
-1.429247701256220582e+00 1.368652020607408026e+01
-1.427689938094088618e+00 1.196483784011137175e+01
-1.426132174931956431e+00 1.076758247887206821e+01
-1.424574411769824245e+00 1.187728376992617640e+01
-1.423016648607692280e+00 1.206695514568226990e+01
-1.421458885445560094e+00 1.131015325908356139e+01
-1.419901122283427908e+00 1.435805483583463804e+01
-1.418343359121295943e+00 1.107328782344373685e+01
-1.416785595959163757e+00 8.646088676060747602e+00
-1.415227832797031571e+00 1.307487121289241827e+01
-1.413670069634899384e+00 1.587533338147800777e+01
-1.412112306472767420e+00 1.611065131825151653e+01
-1.410554543310635234e+00 1.720530475561113803e+01
-1.408996780148503047e+00 1.967670168063117231e+01
-1.407439016986371083e+00 1.479059615037879638e+01
-1.405881253824238897e+00 1.275395624138126571e+01
-1.404323490662106710e+00 1.751952318738365832e+01
-1.402765727499974746e+00 1.598686920335716621e+01
-1.401207964337842560e+00 1.412102484066051211e+01
-1.399650201175710373e+00 1.336093670259313448e+01
-1.398092438013578187e+00 1.348436695184571654e+01
-1.396534674851446223e+00 1.523841126346320074e+01
-1.394976911689314036e+00 1.432042343721871092e+01
-1.393419148527181850e+00 5.396199893922119628e+00
-1.391861385365049886e+00 1.125641525442054736e+01
-1.390303622202917699e+00 1.696633348272709441e+01
-1.388745859040785513e+00 1.234453519059070992e+01
-1.387188095878653327e+00 1.248660559867678010e+01
-1.385630332716521362e+00 1.126618214149797481e+01
-1.384072569554389176e+00 1.094195560023515235e+01
-1.382514806392256990e+00 1.370380911805988866e+01
-1.380957043230125025e+00 1.518639682034936378e+01
-1.379399280067992839e+00 1.237261896913811476e+01
-1.377841516905860653e+00 1.349243177235232771e+01
-1.376283753743728688e+00 1.834213315488429430e+01
-1.374725990581596502e+00 2.019766221708288612e+01
-1.373168227419464316e+00 1.773661485054100240e+01
-1.371610464257332129e+00 1.168792808625799751e+01
-1.370052701095200165e+00 1.141037146783014400e+01
-1.368494937933067979e+00 1.459204534693212985e+01
-1.366937174770935792e+00 1.112979113831440969e+01
-1.365379411608803828e+00 1.338572925287283510e+01
-1.363821648446671642e+00 1.239654828282159471e+01
-1.362263885284539455e+00 9.030738553881000996e+00
-1.360706122122407491e+00 1.194852773629827958e+01
-1.359148358960275305e+00 1.567642147572644440e+01
-1.357590595798143118e+00 1.728172387680012889e+01
-1.356032832636010932e+00 1.495310963976158192e+01
-1.354475069473878968e+00 1.370389758975391281e+01
-1.352917306311746781e+00 1.644077518916030911e+01
-1.351359543149614595e+00 1.585443348047496492e+01
-1.349801779987482631e+00 1.224387534034778291e+01
-1.348244016825350444e+00 1.475093466485550664e+01
-1.346686253663218258e+00 1.454109127910284371e+01
-1.345128490501086294e+00 1.436745288732872794e+01
-1.343570727338954107e+00 1.525309580016787159e+01
-1.342012964176821921e+00 1.345467910755948004e+01
-1.340455201014689735e+00 1.246717499879939872e+01
-1.338897437852557770e+00 1.737363643049447148e+01
-1.337339674690425584e+00 2.134294102368644630e+01
-1.335781911528293397e+00 1.326575276323862695e+01
-1.334224148366161433e+00 1.325302632723367324e+01
-1.332666385204029247e+00 1.655590623272770401e+01
-1.331108622041897060e+00 1.362271292832268266e+01
-1.329550858879764874e+00 1.190070821185662453e+01
-1.327993095717632910e+00 1.272945621128479132e+01
-1.326435332555500723e+00 1.329961699071079906e+01
-1.324877569393368537e+00 1.346047858709354017e+01
-1.323319806231236573e+00 9.464882913721996971e+00
-1.321762043069104386e+00 1.498117990471275363e+01
-1.320204279906972200e+00 1.466652310922656710e+01
-1.318646516744840236e+00 1.593075083739464404e+01
-1.317088753582708049e+00 1.788347330122672929e+01
-1.315530990420575863e+00 1.572639578432232810e+01
-1.313973227258443677e+00 1.510504083572607037e+01
-1.312415464096311712e+00 1.496623367112841763e+01
-1.310857700934179526e+00 1.393998222817705823e+01
-1.309299937772047340e+00 1.665012206376038151e+01
-1.307742174609915375e+00 1.643089324059569023e+01
-1.306184411447783189e+00 1.440543841606961806e+01
-1.304626648285651003e+00 1.510335736041698063e+01
-1.303068885123519038e+00 1.547391817347020471e+01
-1.301511121961386852e+00 1.594981680604749208e+01
-1.299953358799254666e+00 1.719873935347913019e+01
-1.298395595637122479e+00 1.470965288290635797e+01
-1.296837832474990515e+00 1.337109773775276267e+01
-1.295280069312858329e+00 1.321939441305666030e+01
-1.293722306150726142e+00 1.327369368641124936e+01
-1.292164542988594178e+00 1.220385383319245065e+01
-1.290606779826461992e+00 1.133651735939292848e+01
-1.289049016664329805e+00 1.149872024244288049e+01
-1.287491253502197619e+00 1.230489464639135377e+01
-1.285933490340065655e+00 1.299946545906077588e+01
-1.284375727177933468e+00 1.438182646898832751e+01
-1.282817964015801282e+00 1.449927138575558949e+01
-1.281260200853669318e+00 1.558032962000698518e+01
-1.279702437691537131e+00 1.411015776370826025e+01
-1.278144674529404945e+00 1.243781627155857450e+01
-1.276586911367272981e+00 1.216001646553150195e+01
-1.275029148205140794e+00 1.223633217128903894e+01
-1.273471385043008608e+00 1.404797743841756308e+01
-1.271913621880876422e+00 1.549261039346646029e+01
-1.270355858718744457e+00 1.374402214947217438e+01
-1.268798095556612271e+00 1.492237249772047925e+01
-1.267240332394480085e+00 1.386695842860833672e+01
-1.265682569232348120e+00 1.517115094856114332e+01
-1.264124806070215934e+00 1.116551977874862800e+01
-1.262567042908083748e+00 9.808147894045120552e+00
-1.261009279745951783e+00 1.577261567988063540e+01
-1.259451516583819597e+00 1.671164528597163468e+01
-1.257893753421687411e+00 1.354371553677265005e+01
-1.256335990259555224e+00 1.341807932624155519e+01
-1.254778227097423260e+00 1.753279308841368689e+01
-1.253220463935291074e+00 1.283718658033544635e+01
-1.251662700773158887e+00 1.258961817104456671e+01
-1.250104937611026923e+00 1.558775620829525721e+01
-1.248547174448894737e+00 1.110369105280471835e+01
-1.246989411286762550e+00 1.280263617837306889e+01
-1.245431648124630364e+00 1.306503729875012709e+01
-1.243873884962498400e+00 1.113808300939375506e+01
-1.242316121800366213e+00 1.262902490472011152e+01
-1.240758358638234027e+00 1.334344154986577102e+01
-1.239200595476102063e+00 1.443882802489176065e+01
-1.237642832313969876e+00 1.223651888874137406e+01
-1.236085069151837690e+00 1.147387435759766738e+01
-1.234527305989705726e+00 1.299895482018413873e+01
-1.232969542827573539e+00 1.242551686294872759e+01
-1.231411779665441353e+00 1.182713340347470243e+01
-1.229854016503309166e+00 1.234132559449872346e+01
-1.228296253341177202e+00 1.426944807481204691e+01
-1.226738490179045016e+00 1.567378076566775746e+01
-1.225180727016912829e+00 1.403168169189673442e+01
-1.223622963854780865e+00 1.177364491304605565e+01
-1.222065200692648679e+00 1.265115580302170528e+01
-1.220507437530516492e+00 1.465661056889016933e+01
-1.218949674368384528e+00 1.494846892526710924e+01
-1.217391911206252342e+00 1.497552053932099625e+01
-1.215834148044120155e+00 1.543588026416905024e+01
-1.214276384881987969e+00 1.399386306174142369e+01
-1.212718621719856005e+00 1.210998946825627520e+01
-1.211160858557723818e+00 1.064971714881147768e+01
-1.209603095395591632e+00 8.401677012667528643e+00
-1.208045332233459668e+00 1.217364995972428510e+01
-1.206487569071327481e+00 1.570699515132680446e+01
-1.204929805909195295e+00 1.556943697822022088e+01
-1.203372042747063331e+00 1.386796748464373685e+01
-1.201814279584931144e+00 1.677736339996390669e+01
-1.200256516422798958e+00 1.377687137145005103e+01
-1.198698753260666772e+00 1.099084815175882213e+01
-1.197140990098534807e+00 1.350997715886463624e+01
-1.195583226936402621e+00 1.572622153840785764e+01
-1.194025463774270435e+00 1.645869144088798208e+01
-1.192467700612138470e+00 1.810335888699002638e+01
-1.190909937450006284e+00 1.566108875277047829e+01
-1.189352174287874320e+00 1.337608897777991679e+01
-1.187794411125742133e+00 1.386235731469375487e+01
-1.186236647963609947e+00 1.127423132639650305e+01
-1.184678884801477761e+00 1.164337058033846795e+01
-1.183121121639345574e+00 1.301726913510933414e+01
-1.181563358477213388e+00 1.362190076126187854e+01
-1.180005595315081202e+00 1.405132698275196823e+01
-1.178447832152949459e+00 1.278412912853741190e+01
-1.176890068990817273e+00 1.706503688484023940e+01
-1.175332305828685087e+00 1.589156309227206876e+01
-1.173774542666552900e+00 1.302809051148969033e+01
-1.172216779504420714e+00 1.634763633597559718e+01
-1.170659016342288528e+00 1.407189523193648562e+01
-1.169101253180156785e+00 1.243580346317422602e+01
-1.167543490018024599e+00 1.395075131877722718e+01
-1.165985726855892413e+00 1.486570302923013465e+01
-1.164427963693760226e+00 1.590116424800192796e+01
-1.162870200531628040e+00 1.535940377158877368e+01
-1.161312437369495854e+00 1.402651877844522055e+01
-1.159754674207363667e+00 1.461891615249736454e+01
-1.158196911045231925e+00 1.460001912494509568e+01
-1.156639147883099739e+00 1.097321396705317653e+01
-1.155081384720967552e+00 1.383250466639472620e+01
-1.153523621558835366e+00 1.660453468508414687e+01
-1.151965858396703180e+00 1.422685579969767389e+01
-1.150408095234570993e+00 1.461410376204378103e+01
-1.148850332072438807e+00 1.626635632010840737e+01
-1.147292568910307065e+00 1.494274157613492271e+01
-1.145734805748174878e+00 1.208903017281018677e+01
-1.144177042586042692e+00 1.533155075072528462e+01
-1.142619279423910505e+00 1.771372095838959382e+01
-1.141061516261778319e+00 1.053673033048692709e+01
-1.139503753099646133e+00 1.683408310543987341e+01
-1.137945989937513946e+00 1.389876090606253101e+01
-1.136388226775382204e+00 1.452942463403803330e+01
-1.134830463613250018e+00 1.611735238042676244e+01
-1.133272700451117831e+00 1.350636718142563630e+01
-1.131714937288985645e+00 1.491245182232447775e+01
-1.130157174126853459e+00 1.541015331671683519e+01
-1.128599410964721272e+00 1.290276923258882213e+01
-1.127041647802589530e+00 1.653176391576901594e+01
-1.125483884640457344e+00 1.922275992866287098e+01
-1.123926121478325157e+00 1.361129362516559027e+01
-1.122368358316192971e+00 1.729214714111975582e+01
-1.120810595154060785e+00 1.368328466038723512e+01
-1.119252831991928598e+00 1.184391013719838881e+01
-1.117695068829796412e+00 1.621365121977545698e+01
-1.116137305667664670e+00 1.456099418479594299e+01
-1.114579542505532483e+00 1.463032469915581757e+01
-1.113021779343400297e+00 1.553174279858933282e+01
-1.111464016181268111e+00 1.489481019635595693e+01
-1.109906253019135924e+00 1.708772179398556901e+01
-1.108348489857003738e+00 1.706206036555207106e+01
-1.106790726694871552e+00 1.449246226951510508e+01
-1.105232963532739809e+00 1.632881106554123818e+01
-1.103675200370607623e+00 1.625470725302072239e+01
-1.102117437208475437e+00 1.800439669207336735e+01
-1.100559674046343250e+00 1.821751167798829130e+01
-1.099001910884211064e+00 1.598310448841472464e+01
-1.097444147722078878e+00 1.461277400487951716e+01
-1.095886384559947135e+00 1.396066400800124185e+01
-1.094328621397814949e+00 1.458234742061239864e+01
-1.092770858235682763e+00 1.574928211350500717e+01
-1.091213095073550576e+00 1.535616814438651900e+01
-1.089655331911418390e+00 1.482029034634419773e+01
-1.088097568749286204e+00 1.588469745338167272e+01
-1.086539805587154017e+00 1.526531575952920505e+01
-1.084982042425022275e+00 1.367166845584989332e+01
-1.083424279262890089e+00 1.684939083671703131e+01
-1.081866516100757902e+00 1.694064327411563653e+01
-1.080308752938625716e+00 1.432646657485124919e+01
-1.078750989776493530e+00 1.312359212553069376e+01
-1.077193226614361343e+00 1.359216597362198087e+01
-1.075635463452229157e+00 1.457018810847275780e+01
-1.074077700290097415e+00 1.809829695543040629e+01
-1.072519937127965228e+00 1.805009975264227506e+01
-1.070962173965833042e+00 1.358369243169249252e+01
-1.069404410803700856e+00 1.418106652844449300e+01
-1.067846647641568669e+00 1.598577105817892097e+01
-1.066288884479436483e+00 1.653572824862891721e+01
-1.064731121317304297e+00 1.618742738589461894e+01
-1.063173358155172554e+00 1.626889956743729826e+01
-1.061615594993040368e+00 1.636919688239350279e+01
-1.060057831830908182e+00 1.350070085762831162e+01
-1.058500068668775995e+00 1.282616896855449617e+01
-1.056942305506643809e+00 1.779044436138133278e+01
-1.055384542344511623e+00 1.783943460914311885e+01
-1.053826779182379880e+00 1.441514494058941587e+01
-1.052269016020247694e+00 1.407691369799655057e+01
-1.050711252858115508e+00 1.427429720438932037e+01
-1.049153489695983321e+00 1.381041757259309044e+01
-1.047595726533851135e+00 1.565040677508908828e+01
-1.046037963371718948e+00 1.683592775034848898e+01
-1.044480200209586762e+00 1.902181560162115304e+01
-1.042922437047455020e+00 2.169667309618100148e+01
-1.041364673885322834e+00 1.904725355360610095e+01
-1.039806910723190647e+00 1.555498405598191347e+01
-1.038249147561058461e+00 1.495921652474191177e+01
-1.036691384398926274e+00 1.559545997351404978e+01
-1.035133621236794088e+00 1.675206545273171344e+01
-1.033575858074661902e+00 1.731849845884434203e+01
-1.032018094912530159e+00 1.817128765310994254e+01
-1.030460331750397973e+00 1.490267096125693769e+01
-1.028902568588265787e+00 1.573819747276907322e+01
-1.027344805426133600e+00 1.822074139910631629e+01
-1.025787042264001414e+00 1.614065993273679567e+01
-1.024229279101869228e+00 1.254893230471000365e+01
-1.022671515939737041e+00 1.430051963020702210e+01
-1.021113752777605299e+00 1.625037006776677373e+01
-1.019555989615473113e+00 1.630832928330280751e+01
-1.017998226453340926e+00 1.575943882392683193e+01
-1.016440463291208740e+00 1.564115355870204205e+01
-1.014882700129076554e+00 1.618995839138397841e+01
-1.013324936966944367e+00 1.224012457436785617e+01
-1.011767173804812625e+00 1.007015769872682043e+01
-1.010209410642680439e+00 1.419309123053050037e+01
-1.008651647480548252e+00 1.421227013757791013e+01
-1.007093884318416066e+00 1.532580200572916596e+01
-1.005536121156283880e+00 1.630032774446430466e+01
-1.003978357994151693e+00 1.598199005664671368e+01
-1.002420594832019507e+00 1.423654040151710198e+01
-1.000862831669887765e+00 1.398213057922404801e+01
-9.993050685077555784e-01 1.589284001291424886e+01
-9.977473053456233920e-01 1.485647693578828310e+01
-9.961895421834912057e-01 1.403969033407045153e+01
-9.946317790213590193e-01 1.585032583424545294e+01
-9.930740158592268330e-01 1.447639868764557036e+01
-9.915162526970946466e-01 1.643146522564116552e+01
-9.899584895349629043e-01 1.270326749033001335e+01
-9.884007263728307180e-01 1.307714655557601446e+01
-9.868429632106985316e-01 1.866055793998359746e+01
-9.852852000485663453e-01 1.695964867770588569e+01
-9.837274368864341589e-01 1.561743719448315026e+01
-9.821696737243019726e-01 1.692170205208558897e+01
-9.806119105621697862e-01 1.636964031309235068e+01
-9.790541474000380440e-01 1.579624588986798983e+01
-9.774963842379058576e-01 1.584229904322279481e+01
-9.759386210757736713e-01 1.446746450306174658e+01
-9.743808579136414849e-01 1.442377514960712404e+01
-9.728230947515092986e-01 1.597735074374552156e+01
-9.712653315893771122e-01 1.551074881298529995e+01
-9.697075684272453699e-01 1.348965122323526700e+01
-9.681498052651131836e-01 1.492019152743436727e+01
-9.665920421029809972e-01 1.628408000010606571e+01
-9.650342789408488109e-01 1.580022517745792321e+01
-9.634765157787166245e-01 1.429319595224461281e+01
-9.619187526165844382e-01 1.430080253656586109e+01
-9.603609894544522518e-01 1.642196953320090458e+01
-9.588032262923205096e-01 1.494121902100830468e+01
-9.572454631301883232e-01 1.496639754794217048e+01
-9.556876999680561369e-01 1.674098583345845270e+01
-9.541299368059239505e-01 1.628724373069841747e+01
-9.525721736437917642e-01 1.696766489108074083e+01
-9.510144104816595778e-01 1.411620310564326886e+01
-9.494566473195273915e-01 1.363638616310421980e+01
-9.478988841573956492e-01 1.343454932912912980e+01
-9.463411209952634628e-01 1.555338981720289837e+01
-9.447833578331312765e-01 1.782565071314605021e+01
-9.432255946709990901e-01 1.668239637565921285e+01
-9.416678315088669038e-01 1.609737125208546260e+01
-9.401100683467347174e-01 1.724904090351116537e+01
-9.385523051846025311e-01 1.731473498734220229e+01
-9.369945420224707888e-01 1.604205927527852893e+01
-9.354367788603386025e-01 1.589527159576424076e+01
-9.338790156982064161e-01 1.772729978995591082e+01
-9.323212525360742298e-01 1.515627473022536265e+01
-9.307634893739420434e-01 1.129694773313072353e+01
-9.292057262118098571e-01 1.399817726011649199e+01
-9.276479630496781148e-01 1.619678353974211404e+01
-9.260901998875459284e-01 1.556864759419575073e+01
-9.245324367254137421e-01 1.583597246007652437e+01
-9.229746735632815557e-01 1.547399813753068720e+01
-9.214169104011493694e-01 1.503635665671454724e+01
-9.198591472390171830e-01 1.765290543328092099e+01
-9.183013840768849967e-01 1.783903012293957957e+01
-9.167436209147532544e-01 1.367196694082883646e+01
-9.151858577526210681e-01 1.458436897329960580e+01
-9.136280945904888817e-01 2.047182039032535172e+01
-9.120703314283566954e-01 1.573735996910285451e+01
-9.105125682662245090e-01 2.078626590466833335e+01
-9.089548051040923227e-01 1.614132078795254444e+01
-9.073970419419601363e-01 1.462501624732285954e+01
-9.058392787798283941e-01 1.659973424701329137e+01
-9.042815156176962077e-01 1.421297804262698250e+01
-9.027237524555640213e-01 1.484687578397182861e+01
-9.011659892934318350e-01 1.636366102054659066e+01
-8.996082261312996486e-01 1.809382827974144448e+01
-8.980504629691674623e-01 1.605077138353973609e+01
-8.964926998070352759e-01 1.391058159782455306e+01
-8.949349366449035337e-01 1.526623402575273758e+01
-8.933771734827713473e-01 1.789662947404491433e+01
-8.918194103206391610e-01 1.478296716791351884e+01
-8.902616471585069746e-01 1.670625216798229928e+01
-8.887038839963747883e-01 1.803451869925869744e+01
-8.871461208342426019e-01 2.200582427000927765e+01
-8.855883576721108597e-01 1.804040998088651193e+01
-8.840305945099786733e-01 1.595921434246658066e+01
-8.824728313478464869e-01 1.596150191331947177e+01
-8.809150681857143006e-01 1.455061792660044340e+01
-8.793573050235821142e-01 1.599414981119736545e+01
-8.777995418614499279e-01 1.602265473038953658e+01
-8.762417786993177415e-01 1.654363703180952783e+01
-8.746840155371859993e-01 1.556950589455870748e+01
-8.731262523750538129e-01 1.424812736252007639e+01
-8.715684892129216266e-01 1.468822727791640226e+01
-8.700107260507894402e-01 1.849816232892611012e+01
-8.684529628886572539e-01 1.656170539350111426e+01
-8.668951997265250675e-01 1.685007619161247305e+01
-8.653374365643928812e-01 1.731626457223063298e+01
-8.637796734022611389e-01 1.550005076907977575e+01
-8.622219102401289526e-01 1.489546402488848464e+01
-8.606641470779967662e-01 1.507176899291427397e+01
-8.591063839158645798e-01 1.612528031185814470e+01
-8.575486207537323935e-01 1.766694722885941360e+01
-8.559908575916002071e-01 1.749684247248494273e+01
-8.544330944294684649e-01 1.985698728696777238e+01
-8.528753312673362785e-01 1.614844545573324908e+01
-8.513175681052040922e-01 1.186168432046320653e+01
-8.497598049430719058e-01 1.124752830107504309e+01
-8.482020417809397195e-01 2.024354112093204705e+01
-8.466442786188075331e-01 1.934449837766759117e+01
-8.450865154566753468e-01 1.500604743878867708e+01
-8.435287522945436045e-01 1.570596100041331411e+01
-8.419709891324114182e-01 1.614032106165471347e+01
-8.404132259702792318e-01 1.842401219531668488e+01
-8.388554628081470455e-01 1.963030611293887517e+01
-8.372976996460148591e-01 1.884619617219685495e+01
-8.357399364838826727e-01 1.807601402881418196e+01
-8.341821733217504864e-01 1.680103202091947878e+01
-8.326244101596187441e-01 1.707452489820775554e+01
-8.310666469974865578e-01 1.669347080854357657e+01
-8.295088838353543714e-01 2.028565032835400572e+01
-8.279511206732221851e-01 2.064661156538344144e+01
-8.263933575110899987e-01 2.288559895983039283e+01
-8.248355943489578124e-01 2.166384812587678255e+01
-8.232778311868256260e-01 1.707064282460946458e+01
-8.217200680246938838e-01 1.755873440432443999e+01
-8.201623048625616974e-01 1.794426946786819599e+01
-8.186045417004295111e-01 2.004078847061323998e+01
-8.170467785382973247e-01 2.110951735284279351e+01
-8.154890153761651383e-01 2.070758084920214515e+01
-8.139312522140329520e-01 2.258407792054546448e+01
-8.123734890519012097e-01 2.153865101280060657e+01
-8.108157258897690234e-01 2.087591537047605428e+01
-8.092579627276368370e-01 2.007764890434908978e+01
-8.077001995655046507e-01 1.488256226094259560e+01
-8.061424364033724643e-01 1.679125699866396815e+01
-8.045846732412402780e-01 1.604855272240064323e+01
-8.030269100791080916e-01 1.667997684612153364e+01
-8.014691469169763494e-01 1.951557964753929042e+01
-7.999113837548441630e-01 1.691143770100691057e+01
-7.983536205927119767e-01 1.636217799174762888e+01
-7.967958574305797903e-01 1.933973034646956179e+01
-7.952380942684476040e-01 2.073909289362332586e+01
-7.936803311063154176e-01 2.042668537129014084e+01
-7.921225679441832312e-01 2.154439495569725693e+01
-7.905648047820514890e-01 2.077325002850867008e+01
-7.890070416199193026e-01 2.042405665477855337e+01
-7.874492784577871163e-01 2.166229669828623727e+01
-7.858915152956549299e-01 1.929231355706477302e+01
-7.843337521335227436e-01 1.857661105655249045e+01
-7.827759889713905572e-01 2.037446559810754465e+01
-7.812182258092583709e-01 1.600130211105275890e+01
-7.796604626471266286e-01 1.820360126636731479e+01
-7.781026994849944423e-01 1.896835340846870821e+01
-7.765449363228622559e-01 1.760199250514045843e+01
-7.749871731607300696e-01 1.900429102748995547e+01
-7.734294099985978832e-01 1.845878200738454922e+01
-7.718716468364656969e-01 1.688935784629015302e+01
-7.703138836743339546e-01 1.806618814756789604e+01
-7.687561205122017682e-01 2.077449594551167422e+01
-7.671983573500695819e-01 2.217810160285413090e+01
-7.656405941879373955e-01 1.607585863266208648e+01
-7.640828310258052092e-01 1.620398506428298901e+01
-7.625250678636730228e-01 1.788752601648154084e+01
-7.609673047015408365e-01 1.989795293398810117e+01
-7.594095415394090942e-01 1.809065786826258559e+01
-7.578517783772769079e-01 2.068806869126556336e+01
-7.562940152151447215e-01 2.055617506895076119e+01
-7.547362520530125352e-01 1.783827089521438225e+01
-7.531784888908803488e-01 1.814890838159759312e+01
-7.516207257287481625e-01 1.748658772604670730e+01
-7.500629625666159761e-01 1.760389034799115038e+01
-7.485051994044842338e-01 1.776492650364215820e+01
-7.469474362423520475e-01 1.695536599099961350e+01
-7.453896730802198611e-01 1.968856511712667867e+01
-7.438319099180876748e-01 2.321377748993199930e+01
-7.422741467559554884e-01 2.339776504027307169e+01
-7.407163835938233021e-01 2.104973422885838019e+01
-7.391586204316911157e-01 1.918955133417232517e+01
-7.376008572695593735e-01 1.685324237464287833e+01
-7.360430941074271871e-01 2.103763321414519893e+01
-7.344853309452950008e-01 2.270924012429538408e+01
-7.329275677831628144e-01 2.175434499819598955e+01
-7.313698046210306281e-01 2.063525491166184622e+01
-7.298120414588984417e-01 1.918371998116917254e+01
-7.282542782967666994e-01 1.890304148721735089e+01
-7.266965151346345131e-01 1.950464689455230527e+01
-7.251387519725023267e-01 2.222398378124526275e+01
-7.235809888103701404e-01 2.477550472210866062e+01
-7.220232256482379540e-01 2.500994103588264394e+01
-7.204654624861057677e-01 2.604462929165664420e+01
-7.189076993239735813e-01 2.158649520708892666e+01
-7.173499361618418391e-01 2.104831361937289103e+01
-7.157921729997096527e-01 2.122890357016595786e+01
-7.142344098375774664e-01 2.357656473686421350e+01
-7.126766466754452800e-01 2.544896415884466023e+01
-7.111188835133130937e-01 2.432396540504036153e+01
-7.095611203511809073e-01 2.262671333214212765e+01
-7.080033571890487210e-01 2.101834935714066788e+01
-7.064455940269169787e-01 1.987396867318005889e+01
-7.048878308647847923e-01 1.905707366485492216e+01
-7.033300677026526060e-01 1.815992236275319627e+01
-7.017723045405204196e-01 1.886155503493682417e+01
-7.002145413783882333e-01 2.034093223970846864e+01
-6.986567782162560469e-01 2.111811666466678616e+01
-6.970990150541243047e-01 1.586391611527970369e+01
-6.955412518919921183e-01 1.856082435303356704e+01
-6.939834887298599320e-01 2.285919813054101013e+01
-6.924257255677277456e-01 2.171030431789978721e+01
-6.908679624055955593e-01 1.949032859238579007e+01
-6.893101992434633729e-01 2.130989093175415050e+01
-6.877524360813311866e-01 2.425636977400064964e+01
-6.861946729191994443e-01 2.482852472771648067e+01
-6.846369097570672579e-01 2.358940599345872258e+01
-6.830791465949350716e-01 2.271829379460326592e+01
-6.815213834328028852e-01 1.970812993052089723e+01
-6.799636202706706989e-01 2.065097114959000635e+01
-6.784058571085385125e-01 1.898467074747749450e+01
-6.768480939464063262e-01 2.033502419571045294e+01
-6.752903307842745839e-01 2.216117367850041830e+01
-6.737325676221423976e-01 2.349725140398631495e+01
-6.721748044600102112e-01 2.434318226241565242e+01
-6.706170412978780249e-01 2.413526166853124266e+01
-6.690592781357458385e-01 2.010663149838491748e+01
-6.675015149736136522e-01 1.900867004332020116e+01
-6.659437518114814658e-01 1.837898357808059302e+01
-6.643859886493497235e-01 1.748040872233707788e+01
-6.628282254872175372e-01 1.966120955365308021e+01
-6.612704623250853508e-01 2.140781187276757436e+01
-6.597126991629531645e-01 2.146774290332952262e+01
-6.581549360008209781e-01 2.136223277016786071e+01
-6.565971728386887918e-01 2.191801553746268283e+01
-6.550394096765570495e-01 2.309743466759689667e+01
-6.534816465144248632e-01 2.031641635269296131e+01
-6.519238833522926768e-01 1.774018084270690565e+01
-6.503661201901604905e-01 2.258910642949087233e+01
-6.488083570280283041e-01 2.101696381767198574e+01
-6.472505938658961178e-01 2.170392970816211786e+01
-6.456928307037639314e-01 2.352843129270301858e+01
-6.441350675416321891e-01 1.995508043611298987e+01
-6.425773043795000028e-01 1.997004549615652635e+01
-6.410195412173678164e-01 2.111147525951327353e+01
-6.394617780552356301e-01 2.055847275331412405e+01
-6.379040148931034437e-01 1.935957404247543678e+01
-6.363462517309712574e-01 1.926984288652567301e+01
-6.347884885688390710e-01 2.182410890296695172e+01
-6.332307254067073288e-01 2.059838448087585761e+01
-6.316729622445751424e-01 2.171879237513994454e+01
-6.301151990824429561e-01 2.470397765666129786e+01
-6.285574359203107697e-01 1.862952401108704237e+01
-6.269996727581785834e-01 1.984533752603678991e+01
-6.254419095960463970e-01 2.371427510469580824e+01
-6.238841464339142107e-01 2.560922817358046544e+01
-6.223263832717824684e-01 2.341496110028436917e+01
-6.207686201096502820e-01 1.989669648758044573e+01
-6.192108569475180957e-01 2.078403352486884259e+01
-6.176530937853859093e-01 2.525442294799083953e+01
-6.160953306232537230e-01 2.602249463124336515e+01
-6.145375674611215366e-01 2.296202603979175549e+01
-6.129798042989897944e-01 2.420820393500445888e+01
-6.114220411368576080e-01 2.243756593345347383e+01
-6.098642779747254217e-01 1.507336585180152788e+01
-6.083065148125932353e-01 2.028616533386837872e+01
-6.067487516504610490e-01 2.356646465455621708e+01
-6.051909884883288626e-01 2.082267582519401827e+01
-6.036332253261966763e-01 2.228897134870468832e+01
-6.020754621640649340e-01 2.309393667624613400e+01
-6.005176990019327476e-01 2.144177286917576453e+01
-5.989599358398005613e-01 2.111958556061163250e+01
-5.974021726776683749e-01 2.179215328808241736e+01
-5.958444095155361886e-01 2.139187730700497525e+01
-5.942866463534040022e-01 1.959029936032823471e+01
-5.927288831912718159e-01 1.912336493915939428e+01
-5.911711200291400736e-01 2.345627739719551030e+01
-5.896133568670078873e-01 2.634542332976896262e+01
-5.880555937048757009e-01 2.732076495423251927e+01
-5.864978305427435146e-01 2.681636260517197101e+01
-5.849400673806113282e-01 2.215547094537401662e+01
-5.833823042184791419e-01 2.508772513428583650e+01
-5.818245410563469555e-01 2.736526413121940493e+01
-5.802667778942152133e-01 2.606189006962691224e+01
-5.787090147320830269e-01 2.588651984255875504e+01
-5.771512515699508405e-01 2.466431544547910804e+01
-5.755934884078186542e-01 2.317125904382712420e+01
-5.740357252456864678e-01 2.329199697328804319e+01
-5.724779620835542815e-01 2.366199330688500879e+01
-5.709201989214225392e-01 2.000975842576714925e+01
-5.693624357592903529e-01 1.945930083539870736e+01
-5.678046725971581665e-01 2.133918940595883385e+01
-5.662469094350259802e-01 1.883845785942025230e+01
-5.646891462728937938e-01 2.504557530681541166e+01
-5.631313831107616075e-01 2.793544600926410837e+01
-5.615736199486294211e-01 2.667592846403810114e+01
-5.600158567864976789e-01 2.784510500378617337e+01
-5.584580936243654925e-01 2.648516527304456147e+01
-5.569003304622333062e-01 2.377857141001952002e+01
-5.553425673001011198e-01 2.539679156597878062e+01
-5.537848041379689334e-01 2.819990540065888496e+01
-5.522270409758367471e-01 2.849787611614829430e+01
-5.506692778137045607e-01 2.782613008000867083e+01
-5.491115146515728185e-01 2.202934703631596491e+01
-5.475537514894406321e-01 2.178398371444917103e+01
-5.459959883273084458e-01 2.718135535296504557e+01
-5.444382251651762594e-01 2.315659033420973145e+01
-5.428804620030440731e-01 2.501622919659413924e+01
-5.413226988409118867e-01 2.786077610603599553e+01
-5.397649356787797004e-01 2.474999192742448528e+01
-5.382071725166479581e-01 2.339864057315472934e+01
-5.366494093545157718e-01 2.073027359305695683e+01
-5.350916461923835854e-01 2.110390982174747876e+01
-5.335338830302513990e-01 2.341828963889948056e+01
-5.319761198681192127e-01 2.662786963760897763e+01
-5.304183567059870263e-01 2.979822455643466839e+01
-5.288605935438552841e-01 2.694165280493718839e+01
-5.273028303817230977e-01 2.482138756981699501e+01
-5.257450672195909114e-01 2.267239197814903662e+01
-5.241873040574587250e-01 2.330479777066217650e+01
-5.226295408953265387e-01 2.776834653099993844e+01
-5.210717777331943523e-01 2.702839363142309637e+01
-5.195140145710621660e-01 2.834018017803200351e+01
-5.179562514089304237e-01 2.978308989248911587e+01
-5.163984882467982374e-01 2.519760120147930138e+01
-5.148407250846660510e-01 2.476543267179920349e+01
-5.132829619225338647e-01 2.737390599532753654e+01
-5.117251987604016783e-01 2.775367739402494394e+01
-5.101674355982694919e-01 2.798832296598490998e+01
-5.086096724361373056e-01 2.943842619643020697e+01
-5.070519092740055633e-01 2.785656497023626699e+01
-5.054941461118733770e-01 2.211978959722979354e+01
-5.039363829497411906e-01 1.938271253791754845e+01
-5.023786197876090043e-01 2.433169007903264003e+01
-5.008208566254768179e-01 2.462934263184405737e+01
-4.992630934633446316e-01 2.664295199834135630e+01
-4.977053303012124452e-01 2.768511939742324302e+01
-4.961475671390807030e-01 1.894275783967633231e+01
-4.945898039769485166e-01 2.327639442426283267e+01
-4.930320408148163303e-01 2.830576848749149477e+01
-4.914742776526841439e-01 2.653533903572211727e+01
-4.899165144905519576e-01 2.783637708020458490e+01
-4.883587513284197712e-01 2.639116689855968900e+01
-4.868009881662880289e-01 2.410205689952703523e+01
-4.852432250041558426e-01 2.484324403125143732e+01
-4.836854618420236562e-01 2.774767452984438521e+01
-4.821276986798914699e-01 2.939692913595992252e+01
-4.805699355177592835e-01 3.077838344075515309e+01
-4.790121723556270972e-01 2.361585915893406451e+01
-4.774544091934949108e-01 2.328793326739509695e+01
-4.758966460313631686e-01 2.462146825914372528e+01
-4.743388828692309822e-01 2.558470977874484120e+01
-4.727811197070987959e-01 2.973278941702624678e+01
-4.712233565449666095e-01 2.813906713365267365e+01
-4.696655933828344232e-01 2.595536691229602866e+01
-4.681078302207022368e-01 2.751927016443128693e+01
-4.665500670585700504e-01 2.993553079362857261e+01
-4.649923038964383082e-01 2.863190481386536490e+01
-4.634345407343061218e-01 2.896152437599767637e+01
-4.618767775721739355e-01 2.794211636612346439e+01
-4.603190144100417491e-01 3.179436429636298556e+01
-4.587612512479095628e-01 2.986921816845972444e+01
-4.572034880857773764e-01 2.763894120646697061e+01
-4.556457249236456342e-01 2.747238434271542573e+01
-4.540879617615134478e-01 2.823435326926579236e+01
-4.525301985993812615e-01 2.942992881534115668e+01
-4.509724354372490751e-01 2.764424327522358027e+01
-4.494146722751168888e-01 2.666323470715171950e+01
-4.478569091129847024e-01 2.835058285176504711e+01
-4.462991459508525161e-01 2.925237218885495594e+01
-4.447413827887207738e-01 2.663666768346386604e+01
-4.431836196265885874e-01 2.534970278983291436e+01
-4.416258564644564011e-01 2.801920448849377365e+01
-4.400680933023242147e-01 2.882426229774026183e+01
-4.385103301401920284e-01 2.909446788214619417e+01
-4.369525669780598420e-01 2.828123182292937443e+01
-4.353948038159276557e-01 2.671272254939383473e+01
-4.338370406537959134e-01 2.746928144277212525e+01
-4.322792774916637271e-01 2.633651864632825479e+01
-4.307215143295315407e-01 2.535071691461104137e+01
-4.291637511673993544e-01 2.779833799124677896e+01
-4.276059880052671680e-01 2.628580070929400492e+01
-4.260482248431349817e-01 2.342624818873378345e+01
-4.244904616810027953e-01 2.539849380342619156e+01
-4.229326985188710530e-01 2.923560349160547389e+01
-4.213749353567388667e-01 2.892091593927165505e+01
-4.198171721946066803e-01 3.219369439314083792e+01
-4.182594090324744940e-01 2.997786155375964157e+01
-4.167016458703423076e-01 2.749039170743128579e+01
-4.151438827082101213e-01 3.030721517313184421e+01
-4.135861195460783790e-01 3.350965775310971395e+01
-4.120283563839461927e-01 3.581218150619766760e+01
-4.104705932218140063e-01 3.459610717711255035e+01
-4.089128300596818200e-01 3.172601927342130423e+01
-4.073550668975496336e-01 3.158489830654093566e+01
-4.057973037354174473e-01 2.937304001719944679e+01
-4.042395405732852609e-01 2.675494310081433724e+01
-4.026817774111535186e-01 3.446123884111403157e+01
-4.011240142490213323e-01 3.253401791776952479e+01
-3.995662510868891459e-01 3.577754854461015555e+01
-3.980084879247569596e-01 3.210359789448693846e+01
-3.964507247626247732e-01 2.841329971702360879e+01
-3.948929616004925869e-01 2.842246584429817347e+01
-3.933351984383604005e-01 3.025188842994123917e+01
-3.917774352762286583e-01 3.243185011272002782e+01
-3.902196721140964719e-01 3.144910520752007699e+01
-3.886619089519642856e-01 3.129601590592836757e+01
-3.871041457898320992e-01 3.253162353056004008e+01
-3.855463826276999129e-01 2.855136428340968635e+01
-3.839886194655677265e-01 2.935851294959105218e+01
-3.824308563034355402e-01 3.372180230828310243e+01
-3.808730931413037979e-01 3.082571721211552784e+01
-3.793153299791716115e-01 3.253295149219448490e+01
-3.777575668170394252e-01 3.365412534956664103e+01
-3.761998036549072388e-01 3.285123312721546540e+01
-3.746420404927750525e-01 3.067218537711812942e+01
-3.730842773306428661e-01 2.971350768163204492e+01
-3.715265141685111239e-01 2.939656935616149980e+01
-3.699687510063789375e-01 2.927892083695138581e+01
-3.684109878442467512e-01 3.043490845890454821e+01
-3.668532246821145648e-01 2.926125410796149495e+01
-3.652954615199823785e-01 2.790734197648978565e+01
-3.637376983578501921e-01 3.545146083463375675e+01
-3.621799351957180058e-01 3.227112202787619566e+01
-3.606221720335862635e-01 2.749860029572666775e+01
-3.590644088714540771e-01 3.422626975305493602e+01
-3.575066457093218908e-01 3.551050789346158609e+01
-3.559488825471897044e-01 3.058810577129526820e+01
-3.543911193850575181e-01 3.193939160078492989e+01
-3.528333562229253317e-01 3.307884569652703277e+01
-3.512755930607931454e-01 2.887294578951312118e+01
-3.497178298986614031e-01 2.893510435053084962e+01
-3.481600667365292168e-01 3.551634970247960865e+01
-3.466023035743970304e-01 3.597095171287902815e+01
-3.450445404122648441e-01 3.571447176229339249e+01
-3.434867772501326577e-01 3.522907208881590435e+01
-3.419290140880004714e-01 3.760292091964968364e+01
-3.403712509258682850e-01 3.492637804845374916e+01
-3.388134877637365427e-01 3.176954079099229489e+01
-3.372557246016043564e-01 3.386544385023876913e+01
-3.356979614394721700e-01 3.400156044317046167e+01
-3.341401982773399837e-01 3.309914149825820573e+01
-3.325824351152077973e-01 3.106883716708824750e+01
-3.310246719530756110e-01 2.981993034719015867e+01
-3.294669087909438687e-01 3.345877931647044790e+01
-3.279091456288116824e-01 3.668790944848546332e+01
-3.263513824666794960e-01 3.595575565211402846e+01
-3.247936193045473097e-01 2.874440535499169869e+01
-3.232358561424151233e-01 3.304577539915876372e+01
-3.216780929802829370e-01 3.085885482331608642e+01
-3.201203298181507506e-01 3.101472910682520023e+01
-3.185625666560190083e-01 3.618585325367256900e+01
-3.170048034938868220e-01 3.356866284753784413e+01
-3.154470403317546356e-01 3.214748483287729641e+01
-3.138892771696224493e-01 3.433365809631895615e+01
-3.123315140074902629e-01 3.563844265920959486e+01
-3.107737508453580766e-01 3.555870962437987970e+01
-3.092159876832258902e-01 3.834581962898456453e+01
-3.076582245210941480e-01 3.345403690270501329e+01
-3.061004613589619616e-01 3.011986010574570116e+01
-3.045426981968297753e-01 3.287249203431351674e+01
-3.029849350346975889e-01 3.493667108648522657e+01
-3.014271718725654026e-01 3.513960395509023726e+01
-2.998694087104332162e-01 3.662407452713468814e+01
-2.983116455483014740e-01 3.628061356416446159e+01
-2.967538823861692876e-01 3.498645266854356350e+01
-2.951961192240371012e-01 3.100345648278952027e+01
-2.936383560619049149e-01 2.885392312437766904e+01
-2.920805928997727285e-01 3.275526804788106716e+01
-2.905228297376405422e-01 3.520692089146545811e+01
-2.889650665755083558e-01 3.226987301260616192e+01
-2.874073034133766136e-01 3.551475579960077766e+01
-2.858495402512444272e-01 3.101122302417284615e+01
-2.842917770891122409e-01 3.164602515215437606e+01
-2.827340139269800545e-01 3.736729098113607250e+01
-2.811762507648478682e-01 3.488876858541288328e+01
-2.796184876027156818e-01 3.426835489348763986e+01
-2.780607244405834955e-01 3.635287619906121392e+01
-2.765029612784517532e-01 3.887578094165546361e+01
-2.749451981163195669e-01 4.138656871201008869e+01
-2.733874349541873805e-01 4.149899256294637695e+01
-2.718296717920551941e-01 3.943459584891202496e+01
-2.702719086299230078e-01 3.943972724221744386e+01
-2.687141454677908214e-01 4.010361924867728334e+01
-2.671563823056586351e-01 3.365602499695734195e+01
-2.655986191435268928e-01 3.318186776570671270e+01
-2.640408559813947065e-01 3.300844784587020087e+01
-2.624830928192625201e-01 3.688900471180180318e+01
-2.609253296571303338e-01 4.108445397240674879e+01
-2.593675664949981474e-01 3.897215416180255687e+01
-2.578098033328659611e-01 3.519420054494509742e+01
-2.562520401707342188e-01 3.635805902378825749e+01
-2.546942770086020325e-01 3.638344253809010809e+01
-2.531365138464698461e-01 3.348416692677455586e+01
-2.515787506843376597e-01 3.651364684334331656e+01
-2.500209875222054734e-01 3.782140403353081837e+01
-2.484632243600732870e-01 3.641263061296664461e+01
-2.469054611979411007e-01 3.678768254938717774e+01
-2.453476980358093584e-01 3.770828233096001725e+01
-2.437899348736771721e-01 3.677667750526681090e+01
-2.422321717115449857e-01 3.834479357276659073e+01
-2.406744085494127994e-01 3.892920200019420207e+01
-2.391166453872806130e-01 3.638768656203066598e+01
-2.375588822251484267e-01 3.974447416574201242e+01
-2.360011190630162403e-01 4.401207129742805080e+01
-2.344433559008844981e-01 3.866299314160939815e+01
-2.328855927387523117e-01 3.556249355489263309e+01
-2.313278295766201254e-01 3.491655727686686816e+01
-2.297700664144879390e-01 3.715662299719939909e+01
-2.282123032523557526e-01 4.159683081818871386e+01
-2.266545400902235663e-01 3.838291225109801985e+01
-2.250967769280913799e-01 3.629037976108446628e+01
-2.235390137659596377e-01 3.736877833984956965e+01
-2.219812506038274513e-01 3.632250717577004195e+01
-2.204234874416952650e-01 3.754053782399996919e+01
-2.188657242795630786e-01 4.033328950833054449e+01
-2.173079611174308923e-01 4.084846587769174420e+01
-2.157501979552987059e-01 4.116166060220657386e+01
-2.141924347931669637e-01 3.861178808168975252e+01
-2.126346716310347773e-01 4.096784315666119625e+01
-2.110769084689025910e-01 3.664933905098431666e+01
-2.095191453067704046e-01 3.314176472032238507e+01
-2.079613821446382183e-01 3.420380653437926100e+01
-2.064036189825060319e-01 3.746038468895859097e+01
-2.048458558203738455e-01 3.985463733980856915e+01
-2.032880926582421033e-01 3.954964906276388348e+01
-2.017303294961099169e-01 4.072692672906059386e+01
-2.001725663339777306e-01 4.308557513131273708e+01
-1.986148031718455442e-01 4.245602922762424214e+01
-1.970570400097133579e-01 3.870058933360219555e+01
-1.954992768475811715e-01 3.617454919859032003e+01
-1.939415136854489852e-01 4.046342627831976557e+01
-1.923837505233172429e-01 4.395757871281698925e+01
-1.908259873611850566e-01 4.331092973531868751e+01
-1.892682241990528702e-01 4.196717120210997365e+01
-1.877104610369206839e-01 4.247461056163388093e+01
-1.861526978747884975e-01 4.466019502663509400e+01
-1.845949347126563111e-01 4.485636300696546641e+01
-1.830371715505241248e-01 4.212130891850534198e+01
-1.814794083883923825e-01 4.974732227028869147e+01
-1.799216452262601962e-01 4.837116193931129970e+01
-1.783638820641280098e-01 4.711613343219688943e+01
-1.768061189019958235e-01 4.604014438670473908e+01
-1.752483557398636371e-01 5.148921666363229122e+01
-1.736905925777314508e-01 5.365517849235052950e+01
-1.721328294155997085e-01 4.830364213352752500e+01
-1.705750662534675222e-01 4.767032106714373185e+01
-1.690173030913353358e-01 5.250076166547940915e+01
-1.674595399292031495e-01 5.452302255168466871e+01
-1.659017767670709631e-01 5.141458469261604591e+01
-1.643440136049387768e-01 5.486642014084240060e+01
-1.627862504428065904e-01 5.672151978527120519e+01
-1.612284872806748481e-01 6.135422405040056759e+01
-1.596707241185426618e-01 6.967687853713097468e+01
-1.581129609564104754e-01 6.341439274888610100e+01
-1.565551977942782891e-01 6.229694983878696490e+01
-1.549974346321461027e-01 6.936478501615974324e+01
-1.534396714700139164e-01 6.999430849816785383e+01
-1.518819083078817300e-01 6.885575085114203375e+01
-1.503241451457499878e-01 7.039936814363392159e+01
-1.487663819836178014e-01 6.900550405403134846e+01
-1.472086188214856151e-01 7.075430257437902526e+01
-1.456508556593534287e-01 7.112253896122325614e+01
-1.440930924972212424e-01 7.031209447560424053e+01
-1.425353293350890560e-01 7.137887119473781183e+01
-1.409775661729568697e-01 7.694093382802891767e+01
-1.394198030108251274e-01 7.912190622371674920e+01
-1.378620398486929410e-01 7.974273260421918508e+01
-1.363042766865607547e-01 8.038805261588962026e+01
-1.347465135244285683e-01 8.225197627328272176e+01
-1.331887503622963820e-01 8.443027098581178791e+01
-1.316309872001641956e-01 8.225705613161917995e+01
-1.300732240380324534e-01 8.055002198925100743e+01
-1.285154608759002670e-01 7.726375202346055460e+01
-1.269576977137680807e-01 8.337305869930840174e+01
-1.253999345516358943e-01 8.319698976960557957e+01
-1.238421713895037080e-01 9.011942791891539173e+01
-1.222844082273715216e-01 9.443304047831972525e+01
-1.207266450652393353e-01 8.713584245595784239e+01
-1.191688819031075930e-01 8.452543052212735120e+01
-1.176111187409754066e-01 9.045311834854881283e+01
-1.160533555788432203e-01 9.137678759222801261e+01
-1.144955924167110339e-01 8.957398518131074638e+01
-1.129378292545788476e-01 8.447925282313639173e+01
-1.113800660924466612e-01 8.066355689039731658e+01
-1.098223029303144749e-01 8.377654118155062690e+01
-1.082645397681827326e-01 8.061073616431774269e+01
-1.067067766060505463e-01 8.610322563041606259e+01
-1.051490134439183599e-01 9.346855139472752683e+01
-1.035912502817861736e-01 9.290517302131617328e+01
-1.020334871196539872e-01 9.262467684851399952e+01
-1.004757239575218009e-01 9.090497269669560865e+01
-9.891796079538961450e-02 8.995798980100956044e+01
-9.736019763325787224e-02 8.613132530713724577e+01
-9.580243447112568589e-02 9.427973399560586643e+01
-9.424467130899349954e-02 9.248332664749393928e+01
-9.268690814686131318e-02 8.969009319380504053e+01
-9.112914498472912683e-02 9.464387887357504781e+01
-8.957138182259694048e-02 9.250352830570467688e+01
-8.801361866046519822e-02 8.847045810984280934e+01
-8.645585549833301187e-02 9.135144274341251958e+01
-8.489809233620082551e-02 9.530790968780465278e+01
-8.334032917406863916e-02 9.593721481524035255e+01
-8.178256601193645281e-02 1.007135130300329848e+02
-8.022480284980426646e-02 9.883127622549372404e+01
-7.866703968767208011e-02 1.021538853252767183e+02
-7.710927652554033784e-02 1.019405579612721624e+02
-7.555151336340815149e-02 9.803595778911687830e+01
-7.399375020127596514e-02 1.017835825327352097e+02
-7.243598703914377879e-02 1.066186381706739894e+02
-7.087822387701159244e-02 1.051428356003653306e+02
-6.932046071487940608e-02 1.023712603953548097e+02
-6.776269755274721973e-02 1.099260689147080967e+02
-6.620493439061547747e-02 1.052221187165423260e+02
-6.464717122848329112e-02 1.118432141998593039e+02
-6.308940806635110476e-02 1.137632374889722371e+02
-6.153164490421891841e-02 1.072846766949758006e+02
-5.997388174208673206e-02 1.111486064538231773e+02
-5.841611857995454571e-02 1.148236083472367000e+02
-5.685835541782280345e-02 1.128119965792319022e+02
-5.530059225569061709e-02 1.103497941496479910e+02
-5.374282909355843074e-02 1.107122412024693290e+02
-5.218506593142624439e-02 1.124808542141227150e+02
-5.062730276929405804e-02 1.150952075841754123e+02
-4.906953960716187169e-02 1.173778560039266807e+02
-4.751177644502968533e-02 1.167237952747204730e+02
-4.595401328289794307e-02 1.125846118106422580e+02
-4.439625012076575672e-02 1.101403838390881447e+02
-4.283848695863357037e-02 1.143177641310050632e+02
-4.128072379650138402e-02 1.215020218220208079e+02
-3.972296063436919766e-02 1.245469784750922315e+02
-3.816519747223701131e-02 1.294568657906802400e+02
-3.660743431010482496e-02 1.356990336425055261e+02
-3.504967114797308270e-02 1.281003499854482470e+02
-3.349190798584089634e-02 1.260913274995042315e+02
-3.193414482370870999e-02 1.238312329068913300e+02
-3.037638166157652364e-02 1.253208458556715783e+02
-2.881861849944433729e-02 1.318031238528784286e+02
-2.726085533731215094e-02 1.329203686098662160e+02
-2.570309217517996458e-02 1.307113912643885385e+02
-2.414532901304822232e-02 1.335528483038320644e+02
-2.258756585091603597e-02 1.358206720191497539e+02
-2.102980268878384962e-02 1.320361475419798012e+02
-1.947203952665166327e-02 1.435797442669070847e+02
-1.791427636451947691e-02 1.409830709215400475e+02
-1.635651320238729056e-02 1.476416225387497434e+02
-1.479875004025554830e-02 1.538470923898763658e+02
-1.324098687812336195e-02 1.527492370143278890e+02
-1.168322371599117560e-02 1.557466626130464817e+02
-1.012546055385898924e-02 1.537236026862188680e+02
-8.567697391726802891e-03 1.547700917994225449e+02
-7.009934229594616539e-03 1.634852970553175453e+02
-5.452171067462430187e-03 1.510756061913886015e+02
-3.894407905330687925e-03 1.454796342729178775e+02
-2.336644743198501573e-03 1.489200598438152383e+02
-7.788815810663152206e-04 1.551403242910991196e+02
7.788815810658711314e-04 1.671700913795431802e+02
2.336644743198057483e-03 1.708802819040957957e+02
3.894407905330243835e-03 1.602392007976422406e+02
5.452171067462430187e-03 1.636018149455407240e+02
7.009934229594172450e-03 1.621836797587745593e+02
8.567697391726358802e-03 1.618787895955613578e+02
1.012546055385854515e-02 1.588911015609947128e+02
1.168322371599073151e-02 1.563789752431063960e+02
1.324098687812291786e-02 1.545840167255368272e+02
1.479875004025510421e-02 1.516998166347003121e+02
1.635651320238729056e-02 1.562574325073038608e+02
1.791427636451903282e-02 1.601495928353644445e+02
1.947203952665121918e-02 1.655928488141001083e+02
2.102980268878340553e-02 1.647688261341201894e+02
2.258756585091559188e-02 1.692729131409876686e+02
2.414532901304777823e-02 1.830854068931732854e+02
2.570309217517996458e-02 1.827075181611349990e+02
2.726085533731170685e-02 1.693775334775181705e+02
2.881861849944389320e-02 1.618717482477179317e+02
3.037638166157607955e-02 1.730291898420500445e+02
3.193414482370826590e-02 1.643363546183704216e+02
3.349190798584045226e-02 1.632494418952968545e+02
3.504967114797263861e-02 1.729111555056898624e+02
3.660743431010482496e-02 1.633705029131365905e+02
3.816519747223656722e-02 1.528400118002782904e+02
3.972296063436875357e-02 1.594894119054108330e+02
4.128072379650093993e-02 1.753733834423036342e+02
4.283848695863312628e-02 1.811978033712044862e+02
4.439625012076531263e-02 1.694587098021893041e+02
4.595401328289749898e-02 1.697384126990926063e+02
4.751177644502968533e-02 1.697158583016238538e+02
4.906953960716142760e-02 1.752718392579114663e+02
5.062730276929361395e-02 1.756895111272518761e+02
5.218506593142580030e-02 1.760797797180922828e+02
5.374282909355798665e-02 1.801025267272615622e+02
5.530059225569017300e-02 1.725326521318235393e+02
5.685835541782235936e-02 1.646175273647138511e+02
5.841611857995454571e-02 1.650123192265279783e+02
5.997388174208628797e-02 1.694931872684372536e+02
6.153164490421847432e-02 1.702987130473798913e+02
6.308940806635066068e-02 1.732647465538699123e+02
6.464717122848284703e-02 1.675946887247664847e+02
6.620493439061503338e-02 1.650621243972697982e+02
6.776269755274721973e-02 1.752260627334586900e+02
6.932046071487896199e-02 1.775088420900335677e+02
7.087822387701114835e-02 1.661747297282724389e+02
7.243598703914333470e-02 1.833609495391800408e+02
7.399375020127552105e-02 1.907886024504662430e+02
7.555151336340770740e-02 1.833781282971169162e+02
7.710927652553989375e-02 1.874536249812993844e+02
7.866703968767208011e-02 1.878310253477903302e+02
8.022480284980382237e-02 1.832190294417422081e+02
8.178256601193600872e-02 1.794825704809268530e+02
8.334032917406819507e-02 1.822754709130562105e+02
8.489809233620038142e-02 1.856683542250571861e+02
8.645585549833256778e-02 1.964154820092816749e+02
8.801361866046475413e-02 2.030337308303232078e+02
8.957138182259694048e-02 2.103335973814167801e+02
9.112914498472868274e-02 2.163872365116715457e+02
9.268690814686086910e-02 2.133878232172878313e+02
9.424467130899305545e-02 2.163174790293121248e+02
9.580243447112524180e-02 2.329661978978397769e+02
9.736019763325742815e-02 2.429584570264893557e+02
9.891796079538961450e-02 2.424962502367818900e+02
1.004757239575213568e-01 2.629558030901467305e+02
1.020334871196535431e-01 2.807550890554218768e+02
1.035912502817857295e-01 3.121413780882980404e+02
1.051490134439179158e-01 3.626977307761974885e+02
1.067067766060501022e-01 4.275633206496232219e+02
1.082645397681822885e-01 5.160147003644226515e+02
1.098223029303144749e-01 5.998181885344368993e+02
1.113800660924462171e-01 6.685455648916812379e+02
1.129378292545784035e-01 7.292451654258853750e+02
1.144955924167105898e-01 8.173119724914683957e+02
1.160533555788427762e-01 9.087490785434985128e+02
1.176111187409749625e-01 9.891305731122926090e+02
1.191688819031071489e-01 1.087454840504865615e+03
1.207266450652393353e-01 1.226315771102301824e+03
1.222844082273710775e-01 1.343528424126767277e+03
1.238421713895032639e-01 1.486174481829460092e+03
1.253999345516354502e-01 1.661197062748852204e+03
1.269576977137676366e-01 1.839180839856181592e+03
1.285154608758998229e-01 1.982470914798891044e+03
1.300732240380320093e-01 2.130991105256528499e+03
1.316309872001641956e-01 2.351626284132927140e+03
1.331887503622959379e-01 2.537829229967259835e+03
1.347465135244281242e-01 2.732779120583252734e+03
1.363042766865603106e-01 2.951967627389661629e+03
1.378620398486924969e-01 3.191681324257828237e+03
1.394198030108246833e-01 3.449973854846833547e+03
1.409775661729568697e-01 3.707098758361709770e+03
1.425353293350886119e-01 3.963407391882411957e+03
1.440930924972207983e-01 4.221616498087950276e+03
1.456508556593529846e-01 4.428148275082421605e+03
1.472086188214851710e-01 4.704495833602955827e+03
1.487663819836173573e-01 5.010659227577179990e+03
1.503241451457495437e-01 5.238063208373609996e+03
1.518819083078817300e-01 5.507984498716829876e+03
1.534396714700134723e-01 5.811949544333879203e+03
1.549974346321456586e-01 6.068229309999698671e+03
1.565551977942778450e-01 6.366501643710438657e+03
1.581129609564100313e-01 6.692607562037069329e+03
1.596707241185422177e-01 7.211999981071261573e+03
1.612284872806744040e-01 7.596262455882328140e+03
1.627862504428065904e-01 7.819530668364489429e+03
1.643440136049383327e-01 8.125537089937754899e+03
1.659017767670705190e-01 8.511269627151876193e+03
1.674595399292027054e-01 8.941364748021867854e+03
1.690173030913348917e-01 9.338805730776022756e+03
1.705750662534670781e-01 9.756883217257345677e+03
1.721328294155992644e-01 1.030882893376201537e+04
1.736905925777314508e-01 1.069329421237366296e+04
1.752483557398631930e-01 1.106395903913076654e+04
1.768061189019953794e-01 1.149871787223095635e+04
1.783638820641275657e-01 1.191283341892647150e+04
1.799216452262597521e-01 1.242180695503890638e+04
1.814794083883919384e-01 1.275711904508807311e+04
1.830371715505241248e-01 1.314720247079994260e+04
1.845949347126558671e-01 1.353145283450490388e+04
1.861526978747880534e-01 1.398885245234196736e+04
1.877104610369202398e-01 1.443459803142089550e+04
1.892682241990524261e-01 1.475716068776958491e+04
1.908259873611846125e-01 1.510292950189714793e+04
1.923837505233167988e-01 1.557037870384972121e+04
1.939415136854489852e-01 1.585116307004845294e+04
1.954992768475807274e-01 1.641069058188108102e+04
1.970570400097129138e-01 1.674620707155516720e+04
1.986148031718451001e-01 1.703499715014676258e+04
2.001725663339772865e-01 1.745859465057103080e+04
2.017303294961094728e-01 1.779983240759397813e+04
2.032880926582416592e-01 1.804930828212288543e+04
2.048458558203738455e-01 1.847834340045836143e+04
2.064036189825055878e-01 1.888830232277165123e+04
2.079613821446377742e-01 1.885712963090946141e+04
2.095191453067699605e-01 1.850712117053916154e+04
2.110769084689021469e-01 1.789000304551986846e+04
2.126346716310343332e-01 1.708610463308140243e+04
2.141924347931665196e-01 1.635891997197756064e+04
2.157501979552987059e-01 1.599604558996797823e+04
2.173079611174304482e-01 1.537690882830643568e+04
2.188657242795626345e-01 1.479767302499571633e+04
2.204234874416948209e-01 1.497724222657776954e+04
2.219812506038270072e-01 1.461894121863509099e+04
2.235390137659591936e-01 1.361386305497774811e+04
2.250967769280913799e-01 1.324976598569656198e+04
2.266545400902231222e-01 1.399633295906194689e+04
2.282123032523553086e-01 1.416075933194900244e+04
2.297700664144874949e-01 1.249969489287278338e+04
2.313278295766196813e-01 1.170020793970896193e+04
2.328855927387518676e-01 1.256337877587493495e+04
2.344433559008840540e-01 1.327390703055263657e+04
2.360011190630162403e-01 1.276752265619589889e+04
2.375588822251479826e-01 1.145789109539231504e+04
2.391166453872801689e-01 1.066986237006207921e+04
2.406744085494123553e-01 1.128103865094641696e+04
2.422321717115445416e-01 1.260292325871022149e+04
2.437899348736767280e-01 1.247621441551057251e+04
2.453476980358089143e-01 1.099050369434568165e+04
2.469054611979411007e-01 9.793527672446116412e+03
2.484632243600728430e-01 9.756326567549267565e+03
2.500209875222050293e-01 1.059577705313759725e+04
2.515787506843372157e-01 1.122293825124125397e+04
2.531365138464694020e-01 1.072985917243322729e+04
2.546942770086015884e-01 9.128158540374457516e+03
2.562520401707337747e-01 7.845263297406428137e+03
2.578098033328659611e-01 7.823049920378172828e+03
2.593675664949977033e-01 8.195868146953736868e+03
2.609253296571298897e-01 8.208386638944750302e+03
2.624830928192620760e-01 7.740070991114374010e+03
2.640408559813942624e-01 6.878145473067306739e+03
2.655986191435264487e-01 6.003862940693975361e+03
2.671563823056586351e-01 5.737705464872889024e+03
2.687141454677903774e-01 5.944303393818334371e+03
2.702719086299225637e-01 6.179621896451174507e+03
2.718296717920547501e-01 6.219941918699751113e+03
2.733874349541869364e-01 5.980314471647467144e+03
2.749451981163191228e-01 5.557283136132721665e+03
2.765029612784513091e-01 5.128209704571711882e+03
2.780607244405834955e-01 4.906344340762886532e+03
2.796184876027152377e-01 5.058199304554822447e+03
2.811762507648474241e-01 5.230706773165330560e+03
2.827340139269796104e-01 5.271350751093181316e+03
2.842917770891117968e-01 5.150031350307734101e+03
2.858495402512439831e-01 4.943687538509750084e+03
2.874073034133761695e-01 4.725329391290400054e+03
2.889650665755083558e-01 4.523751134390137850e+03
2.905228297376400981e-01 4.477921115468036078e+03
2.920805928997722845e-01 4.508379183279414974e+03
2.936383560619044708e-01 4.624216449210607607e+03
2.951961192240366572e-01 4.630654211791002126e+03
2.967538823861688435e-01 4.484541222271965125e+03
2.983116455483010299e-01 4.315581413239231551e+03
2.998694087104332162e-01 4.179041698551748595e+03
3.014271718725649585e-01 4.104159208055506497e+03
3.029849350346971448e-01 4.085833740500800104e+03
3.045426981968293312e-01 4.113316628426357966e+03
3.061004613589615175e-01 4.219483589137570561e+03
3.076582245210937039e-01 4.206887052280452735e+03
3.092159876832258902e-01 4.083379525542722149e+03
3.107737508453576325e-01 3.949648207868493500e+03
3.123315140074898189e-01 3.859001838452673837e+03
3.138892771696220052e-01 3.824402676826390689e+03
3.154470403317541916e-01 3.806804277940265820e+03
3.170048034938863779e-01 3.818249288824645191e+03
3.185625666560185643e-01 3.846950142105019495e+03
3.201203298181507506e-01 3.874034502537754179e+03
3.216780929802824929e-01 3.775732093575043564e+03
3.232358561424146792e-01 3.650565230714022164e+03
3.247936193045468656e-01 3.618467367948157062e+03
3.263513824666790519e-01 3.604557621155310699e+03
3.279091456288112383e-01 3.582514530182180351e+03
3.294669087909434246e-01 3.607790395758048362e+03
3.310246719530756110e-01 3.647644611226205143e+03
3.325824351152073532e-01 3.675946296052533853e+03
3.341401982773395396e-01 3.610435842839254747e+03
3.356979614394717260e-01 3.541260881344368045e+03
3.372557246016039123e-01 3.516362923309427515e+03
3.388134877637360987e-01 3.506389928697074538e+03
3.403712509258682850e-01 3.507690390841412864e+03
3.419290140880000273e-01 3.517358028124047451e+03
3.434867772501322136e-01 3.548588411352164258e+03
3.450445404122644000e-01 3.535158214189067621e+03
3.466023035743965863e-01 3.558068827795149900e+03
3.481600667365287727e-01 3.493135192353164257e+03
3.497178298986609590e-01 3.464149009414289139e+03
3.512755930607931454e-01 3.493636863270018239e+03
3.528333562229248876e-01 3.471738493348479551e+03
3.543911193850570740e-01 3.438172371549685977e+03
3.559488825471892604e-01 3.454876595267248376e+03
3.575066457093214467e-01 3.436419989139806603e+03
3.590644088714536331e-01 3.442728907871452066e+03
3.606221720335858194e-01 3.418042366200572360e+03
3.621799351957180058e-01 3.394937460342052873e+03
3.637376983578497480e-01 3.408862927829793989e+03
3.652954615199819344e-01 3.384563199153365076e+03
3.668532246821141207e-01 3.346704048228977172e+03
3.684109878442463071e-01 3.350067925140583611e+03
3.699687510063784934e-01 3.407354281768888995e+03
3.715265141685106798e-01 3.334063853275816655e+03
3.730842773306428661e-01 3.348847739018112406e+03
3.746420404927746084e-01 3.358186263477261946e+03
3.761998036549067947e-01 3.318833850328997869e+03
3.777575668170389811e-01 3.309681837635561351e+03
3.793153299791711675e-01 3.288785282638701574e+03
3.808730931413033538e-01 3.264335917358770530e+03
3.824308563034355402e-01 3.251723729371996797e+03
3.839886194655672824e-01 3.313040618766896387e+03
3.855463826276994688e-01 3.322929716060119972e+03
3.871041457898316551e-01 3.331645870169160844e+03
3.886619089519638415e-01 3.290941753627825619e+03
3.902196721140960278e-01 3.255705931937680816e+03
3.917774352762282142e-01 3.248811798570954579e+03
3.933351984383604005e-01 3.238663263315388122e+03
3.948929616004921428e-01 3.248276306379661037e+03
3.964507247626243291e-01 3.242094788725245053e+03
3.980084879247565155e-01 3.219778145191595286e+03
3.995662510868887018e-01 3.226065477969012136e+03
4.011240142490208882e-01 3.232467145708962107e+03
4.026817774111530746e-01 3.190592193173208216e+03
4.042395405732852609e-01 3.166180226279344879e+03
4.057973037354170032e-01 3.178506359020220771e+03
4.073550668975491895e-01 3.169177305804833850e+03
4.089128300596813759e-01 3.138360536016175047e+03
4.104705932218135622e-01 3.135186105883864457e+03
4.120283563839457486e-01 3.151938566107708539e+03
4.135861195460779349e-01 3.203077223717265497e+03
4.151438827082101213e-01 3.170378980759885962e+03
4.167016458703418635e-01 3.138229589165625839e+03
4.182594090324740499e-01 3.098870502530597605e+03
4.198171721946062362e-01 3.122882693071001995e+03
4.213749353567384226e-01 3.147602829680328796e+03
4.229326985188706090e-01 3.085720928133648613e+03
4.244904616810027953e-01 3.053078452418996221e+03
4.260482248431345376e-01 3.097184580786946299e+03
4.276059880052667239e-01 3.095312959649184904e+03
4.291637511673989103e-01 3.063488671165895084e+03
4.307215143295310966e-01 3.046193786907344929e+03
4.322792774916632830e-01 3.037924120012036838e+03
4.338370406537954693e-01 3.013365495356210886e+03
4.353948038159276557e-01 3.022318268064181211e+03
4.369525669780593979e-01 3.041835043432805833e+03
4.385103301401915843e-01 3.009379376146879622e+03
4.400680933023237706e-01 2.964973350031191785e+03
4.416258564644559570e-01 2.998349904077326300e+03
4.431836196265881433e-01 2.967651333395059282e+03
4.447413827887203297e-01 2.974200246786058869e+03
4.462991459508525161e-01 2.952661594077104382e+03
4.478569091129842583e-01 2.891999076977563163e+03
4.494146722751164447e-01 2.888879468525372431e+03
4.509724354372486310e-01 2.918043409738111677e+03
4.525301985993808174e-01 2.933206454116088025e+03
4.540879617615130037e-01 2.902401166944934630e+03
4.556457249236451901e-01 2.853244000563051941e+03
4.572034880857773764e-01 2.870726254778742259e+03
4.587612512479091187e-01 2.873157123669087014e+03
4.603190144100413050e-01 2.912442202629960775e+03
4.618767775721734914e-01 2.884004938494141697e+03
4.634345407343056777e-01 2.840347260418428050e+03
4.649923038964378641e-01 2.833080377326754387e+03
4.665500670585700504e-01 2.810340589536453535e+03
4.681078302207017927e-01 2.782941824211920448e+03
4.696655933828339791e-01 2.750666074492582538e+03
4.712233565449661654e-01 2.762563059181964036e+03
4.727811197070983518e-01 2.797387844964506257e+03
4.743388828692305381e-01 2.735072221168423312e+03
4.758966460313627245e-01 2.737703407935468931e+03
4.774544091934949108e-01 2.780851851442906536e+03
4.790121723556266531e-01 2.746318380936300400e+03
4.805699355177588394e-01 2.711447564314856209e+03
4.821276986798910258e-01 2.704495986649100814e+03
4.836854618420232121e-01 2.696925129371913044e+03
4.852432250041553985e-01 2.705441393526110005e+03
4.868009881662875848e-01 2.695351406336612399e+03
4.883587513284197712e-01 2.695059402101019259e+03
4.899165144905515135e-01 2.691000424749262947e+03
4.914742776526836998e-01 2.707956614807954793e+03
4.930320408148158862e-01 2.674829078819640472e+03
4.945898039769480725e-01 2.645666339949202211e+03
4.961475671390802589e-01 2.662307012879401555e+03
4.977053303012124452e-01 2.663098147391458497e+03
4.992630934633441875e-01 2.662492373916709312e+03
5.008208566254763738e-01 2.619270520962536466e+03
5.023786197876085602e-01 2.642019060034667291e+03
5.039363829497407465e-01 2.624779583727151930e+03
5.054941461118729329e-01 2.571137762337901222e+03
5.070519092740051192e-01 2.613299706893967596e+03
5.086096724361373056e-01 2.628061811596363441e+03
5.101674355982690479e-01 2.581516245139137482e+03
5.117251987604012342e-01 2.550145031743127220e+03
5.132829619225334206e-01 2.555307342104950749e+03
5.148407250846656069e-01 2.568129898226764908e+03
5.163984882467977933e-01 2.582547130675462085e+03
5.179562514089299796e-01 2.551770331827233349e+03
5.195140145710621660e-01 2.573851250391973281e+03
5.210717777331939082e-01 2.539267168166050396e+03
5.226295408953260946e-01 2.515519956986798661e+03
5.241873040574582809e-01 2.546241798600296534e+03
5.257450672195904673e-01 2.532393476203854334e+03
5.273028303817226536e-01 2.510376230031919476e+03
5.288605935438548400e-01 2.530012597060400822e+03
5.304183567059870263e-01 2.528511705878705925e+03
5.319761198681187686e-01 2.520695865867067823e+03
5.335338830302509550e-01 2.493888004447827825e+03
5.350916461923831413e-01 2.481681473718092548e+03
5.366494093545153277e-01 2.492781671333909344e+03
5.382071725166475140e-01 2.443531389280294661e+03
5.397649356787797004e-01 2.431124395032068151e+03
5.413226988409114426e-01 2.459825541406460161e+03
5.428804620030436290e-01 2.456406894227794510e+03
5.444382251651758153e-01 2.435607228578004197e+03
5.459959883273080017e-01 2.424207168002753860e+03
5.475537514894401880e-01 2.435185092865873685e+03
5.491115146515723744e-01 2.405304217716604853e+03
5.506692778137045607e-01 2.397327335260002201e+03
5.522270409758363030e-01 2.416888383341137796e+03
5.537848041379684894e-01 2.386137822418428186e+03
5.553425673001006757e-01 2.367015235862665577e+03
5.569003304622328621e-01 2.373129099251937077e+03
5.584580936243650484e-01 2.379028699504548968e+03
5.600158567864972348e-01 2.399129342429102962e+03
5.615736199486294211e-01 2.424647007777712133e+03
5.631313831107611634e-01 2.397761476837828923e+03
5.646891462728933497e-01 2.367447463524898012e+03
5.662469094350255361e-01 2.336076373123927624e+03
5.678046725971577224e-01 2.315556618503683694e+03
5.693624357592899088e-01 2.297422090374501749e+03
5.709201989214220951e-01 2.304451889775514246e+03
5.724779620835542815e-01 2.306040256041417706e+03
5.740357252456860238e-01 2.296753303861356926e+03
5.755934884078182101e-01 2.302428733848782485e+03
5.771512515699503965e-01 2.312586920663349701e+03
5.787090147320825828e-01 2.338457438948817526e+03
5.802667778942147692e-01 2.311747214097370033e+03
5.818245410563469555e-01 2.300994141858496732e+03
5.833823042184786978e-01 2.291692525329382534e+03
5.849400673806108841e-01 2.246384402130416220e+03
5.864978305427430705e-01 2.262755918516955262e+03
5.880555937048752568e-01 2.288212206925113605e+03
5.896133568670074432e-01 2.263699670246317510e+03
5.911711200291396295e-01 2.235012181950847207e+03
5.927288831912718159e-01 2.220771577636209713e+03
5.942866463534035582e-01 2.197789722490741951e+03
5.958444095155357445e-01 2.211481201765221613e+03
5.974021726776679309e-01 2.261073916933056807e+03
5.989599358398001172e-01 2.234844491085591017e+03
6.005176990019323036e-01 2.210131676121419787e+03
6.020754621640644899e-01 2.200128997419468305e+03
6.036332253261966763e-01 2.175512956442548330e+03
6.051909884883284185e-01 2.147991342428750613e+03
6.067487516504606049e-01 2.108801078804164717e+03
6.083065148125927912e-01 2.094110925778492401e+03
6.098642779747249776e-01 2.126121941802499805e+03
6.114220411368571639e-01 2.131444968237621651e+03
6.129798042989893503e-01 2.125681616288736222e+03
6.145375674611215366e-01 2.168407165018832984e+03
6.160953306232532789e-01 2.154016659261504628e+03
6.176530937853854653e-01 2.075814238060472690e+03
6.192108569475176516e-01 2.093600707318660170e+03
6.207686201096498380e-01 2.125170558248896214e+03
6.223263832717820243e-01 2.111763781657045001e+03
6.238841464339142107e-01 2.087153434814782941e+03
6.254419095960459529e-01 2.062407565884062478e+03
6.269996727581781393e-01 2.077179332698799954e+03
6.285574359203103256e-01 2.065128509527034112e+03
6.301151990824425120e-01 2.040665452559855794e+03
6.316729622445746983e-01 1.996352356965889840e+03
6.332307254067068847e-01 2.000221417905242788e+03
6.347884885688390710e-01 1.976066535894018443e+03
6.363462517309708133e-01 1.979852459668865549e+03
6.379040148931029997e-01 1.999562669075673512e+03
6.394617780552351860e-01 1.973160998936477199e+03
6.410195412173673724e-01 1.958486898435066450e+03
6.425773043794995587e-01 1.966790347126466031e+03
6.441350675416317451e-01 1.978979505754139382e+03
6.456928307037639314e-01 1.949992864007373555e+03
6.472505938658956737e-01 1.954571472039484206e+03
6.488083570280278600e-01 1.942637271369380414e+03
6.503661201901600464e-01 1.945498720860279946e+03
6.519238833522922327e-01 1.956200302524088556e+03
6.534816465144244191e-01 1.932087502718322185e+03
6.550394096765566054e-01 1.918621021455896425e+03
6.565971728386887918e-01 1.921700882358640456e+03
6.581549360008205340e-01 1.919299152880154679e+03
6.597126991629527204e-01 1.913322901284189584e+03
6.612704623250849068e-01 1.910333996688523484e+03
6.628282254872170931e-01 1.878367825410563228e+03
6.643859886493492795e-01 1.847007557742343579e+03
6.659437518114814658e-01 1.843989320567546656e+03
6.675015149736132081e-01 1.856102000861793385e+03
6.690592781357453944e-01 1.878641415886810591e+03
6.706170412978775808e-01 1.845853383364389629e+03
6.721748044600097671e-01 1.821024336763581914e+03
6.737325676221419535e-01 1.830659814091191720e+03
6.752903307842741398e-01 1.821106636057448895e+03
6.768480939464063262e-01 1.797690531364939034e+03
6.784058571085380684e-01 1.789522505590862011e+03
6.799636202706702548e-01 1.804254168411618366e+03
6.815213834328024411e-01 1.800689913886358227e+03
6.830791465949346275e-01 1.796077321893985300e+03
6.846369097570668139e-01 1.755219920147172388e+03
6.861946729191990002e-01 1.719113547639816261e+03
6.877524360813311866e-01 1.735102160920390361e+03
6.893101992434629288e-01 1.761228133920297523e+03
6.908679624055951152e-01 1.758508831440903350e+03
6.924257255677273015e-01 1.724748314556812829e+03
6.939834887298594879e-01 1.696200051880839737e+03
6.955412518919916742e-01 1.709776355249405469e+03
6.970990150541238606e-01 1.732470726666913151e+03
6.986567782162560469e-01 1.740281680856536923e+03
7.002145413783877892e-01 1.655313790585340939e+03
7.017723045405199755e-01 1.667091939874823083e+03
7.033300677026521619e-01 1.667916742670010080e+03
7.048878308647843483e-01 1.638188866353362300e+03
7.064455940269165346e-01 1.619471916217468561e+03
7.080033571890487210e-01 1.628045920776429739e+03
7.095611203511804632e-01 1.662229937830602012e+03
7.111188835133126496e-01 1.654125521261477161e+03
7.126766466754448359e-01 1.636772551425788379e+03
7.142344098375770223e-01 1.642393847979576094e+03
7.157921729997092086e-01 1.660190829823832701e+03
7.173499361618413950e-01 1.602799596760043642e+03
7.189076993239735813e-01 1.613807754141385885e+03
7.204654624861053236e-01 1.604430567770102243e+03
7.220232256482375099e-01 1.578050408979762551e+03
7.235809888103696963e-01 1.566153637694081681e+03
7.251387519725018826e-01 1.543617163813797561e+03
7.266965151346340690e-01 1.546731840159122385e+03
7.282542782967662554e-01 1.560018083155786599e+03
7.298120414588984417e-01 1.564530446487643530e+03
7.313698046210301840e-01 1.556942453300270699e+03
7.329275677831623703e-01 1.559439815515370810e+03
7.344853309452945567e-01 1.554699902907179194e+03
7.360430941074267430e-01 1.557251811108178799e+03
7.376008572695589294e-01 1.539050288440823351e+03
7.391586204316911157e-01 1.530313093739990791e+03
7.407163835938228580e-01 1.528274601211577874e+03
7.422741467559550443e-01 1.527927501340936942e+03
7.438319099180872307e-01 1.528890913440877739e+03
7.453896730802194170e-01 1.505503142064241501e+03
7.469474362423516034e-01 1.477685426524823242e+03
7.485051994044837897e-01 1.486211986247204550e+03
7.500629625666159761e-01 1.505133235102301569e+03
7.516207257287477184e-01 1.485004524923526105e+03
7.531784888908799047e-01 1.492837089577554025e+03
7.547362520530120911e-01 1.473090731850847078e+03
7.562940152151442774e-01 1.443209288995930820e+03
7.578517783772764638e-01 1.455805749871932676e+03
7.594095415394086501e-01 1.466876506100819597e+03
7.609673047015408365e-01 1.452960233529524658e+03
7.625250678636725787e-01 1.438158877946719940e+03
7.640828310258047651e-01 1.441031646926309350e+03
7.656405941879369514e-01 1.431308034342498104e+03
7.671983573500691378e-01 1.423477388622608942e+03
7.687561205122013241e-01 1.397338510506321427e+03
7.703138836743335105e-01 1.402032309972643361e+03
7.718716468364656969e-01 1.415575402722197850e+03
7.734294099985974391e-01 1.377128747039089831e+03
7.749871731607296255e-01 1.359608137650585149e+03
7.765449363228618118e-01 1.369863057436489953e+03
7.781026994849939982e-01 1.362659156880006776e+03
7.796604626471261845e-01 1.367403853987987077e+03
7.812182258092583709e-01 1.385391621412877839e+03
7.827759889713901131e-01 1.352714866231941187e+03
7.843337521335222995e-01 1.304438472856784074e+03
7.858915152956544858e-01 1.339806046117597589e+03
7.874492784577866722e-01 1.379214071328560067e+03
7.890070416199188585e-01 1.329199406553801055e+03
7.905648047820510449e-01 1.309163450123671510e+03
7.921225679441832312e-01 1.313559063234119321e+03
7.936803311063149735e-01 1.284864944941597741e+03
7.952380942684471599e-01 1.304859221147978587e+03
7.967958574305793462e-01 1.323824088743469019e+03
7.983536205927115326e-01 1.295954473978267742e+03
7.999113837548437189e-01 1.273846741829254142e+03
8.014691469169759053e-01 1.255378934383069691e+03
8.030269100791080916e-01 1.264255567265091940e+03
8.045846732412398339e-01 1.277287949570094270e+03
8.061424364033720202e-01 1.234183987227166199e+03
8.077001995655042066e-01 1.222817392967870092e+03
8.092579627276363929e-01 1.233071773095346543e+03
8.108157258897681352e-01 1.245501188344500406e+03
8.123734890519007656e-01 1.261778086045342434e+03
8.139312522140325079e-01 1.238086369798717215e+03
8.154890153761651383e-01 1.218451775552461186e+03
8.170467785382968806e-01 1.227250444719545612e+03
8.186045417004295111e-01 1.218916772261227152e+03
8.201623048625612533e-01 1.203831120361411422e+03
8.217200680246929956e-01 1.177131907031456876e+03
8.232778311868256260e-01 1.172442027891088173e+03
8.248355943489573683e-01 1.195176093504476967e+03
8.263933575110899987e-01 1.196970613430729827e+03
8.279511206732217410e-01 1.171673764109239755e+03
8.295088838353543714e-01 1.139616109651351962e+03
8.310666469974861137e-01 1.137761243420167602e+03
8.326244101596178560e-01 1.160249573785324856e+03
8.341821733217504864e-01 1.169408490720962163e+03
8.357399364838822287e-01 1.160256017626227958e+03
8.372976996460148591e-01 1.144545669293432866e+03
8.388554628081466014e-01 1.136509327456358733e+03
8.404132259702783436e-01 1.106645981984665241e+03
8.419709891324109741e-01 1.113616918718002808e+03
8.435287522945427163e-01 1.098550021384001184e+03
8.450865154566753468e-01 1.089438268961170024e+03
8.466442786188070890e-01 1.116840200621230906e+03
8.482020417809397195e-01 1.115693378315457949e+03
8.497598049430714617e-01 1.098120852836635095e+03
8.513175681052032040e-01 1.091134203999918782e+03
8.528753312673358344e-01 1.091609879413119870e+03
8.544330944294675767e-01 1.093841944046509298e+03
8.559908575916002071e-01 1.101296473330666458e+03
8.575486207537319494e-01 1.078767569943944864e+03
8.591063839158645798e-01 1.097844050096068713e+03
8.606641470779963221e-01 1.068062463359330195e+03
8.622219102401280644e-01 1.074742959237128844e+03
8.637796734022606948e-01 1.092278470454782337e+03
8.653374365643924371e-01 1.058585314049601948e+03
8.668951997265250675e-01 1.040814768968403314e+03
8.684529628886568098e-01 1.052822197111530159e+03
8.700107260507894402e-01 1.062423360589983986e+03
8.715684892129211825e-01 1.053895846572469281e+03
8.731262523750529247e-01 1.044370769780415458e+03
8.746840155371855552e-01 1.023562678073474217e+03
8.762417786993172975e-01 1.009288780539612844e+03
8.777995418614499279e-01 9.880580194203326982e+02
8.793573050235816702e-01 9.906389252010981181e+02
8.809150681857143006e-01 9.766866522323033450e+02
8.824728313478460429e-01 9.818929951389909547e+02
8.840305945099777851e-01 9.675085895975820449e+02
8.855883576721104156e-01 9.628481427900335348e+02
8.871461208342421578e-01 9.857818764740512734e+02
8.887038839963747883e-01 9.776978135672037524e+02
8.902616471585065305e-01 9.575311830937858986e+02
8.918194103206391610e-01 9.709214681093247918e+02
8.933771734827709032e-01 9.989314763121294618e+02
8.949349366449026455e-01 9.907337729050627786e+02
8.964926998070352759e-01 9.560879698407038632e+02
8.980504629691670182e-01 9.327978438932503877e+02
8.996082261312996486e-01 9.246248399334874648e+02
9.011659892934313909e-01 9.117599388380295977e+02
9.027237524555640213e-01 9.226802748303152839e+02
9.042815156176957636e-01 8.997446878242460571e+02
9.058392787798275059e-01 9.112872435441704511e+02
9.073970419419601363e-01 9.207996010864472964e+02
9.089548051040918786e-01 8.878043821340569366e+02
9.105125682662245090e-01 8.817275263840019761e+02
9.120703314283562513e-01 8.865061205465829062e+02
9.136280945904888817e-01 8.691001454591453239e+02
9.151858577526206240e-01 8.386073245080791594e+02
9.167436209147523662e-01 8.267394116885986932e+02
9.183013840768849967e-01 8.503163978375705483e+02
9.198591472390167390e-01 8.856013014238038750e+02
9.214169104011493694e-01 8.702257166343821382e+02
9.229746735632811117e-01 8.512673934064857804e+02
9.245324367254128539e-01 8.469709196395409663e+02
9.260901998875454844e-01 8.507100708475509236e+02
9.276479630496772266e-01 8.412146457490468947e+02
9.292057262118098571e-01 8.206397819326648460e+02
9.307634893739415993e-01 8.288512147894379041e+02
9.323212525360742298e-01 8.429842054965286025e+02
9.338790156982059720e-01 8.341587259912045056e+02
9.354367788603377143e-01 8.106460962233711598e+02
9.369945420224703447e-01 8.332461302341597502e+02
9.385523051846020870e-01 8.367306163112623381e+02
9.401100683467347174e-01 8.034873511335275680e+02
9.416678315088664597e-01 8.090295022337016917e+02
9.432255946709990901e-01 8.086473976914346622e+02
9.447833578331308324e-01 8.008011138711935928e+02
9.463411209952625747e-01 7.946886665622682813e+02
9.478988841573952051e-01 7.820870083021429764e+02
9.494566473195269474e-01 7.835517117315868063e+02
9.510144104816595778e-01 7.946472024787993860e+02
9.525721736437913201e-01 7.849170618455960948e+02
9.541299368059239505e-01 7.692071858826902826e+02
9.556876999680556928e-01 7.790345873870695641e+02
9.572454631301874350e-01 7.703995143822415912e+02
9.588032262923200655e-01 7.582863970740369268e+02
9.603609894544518077e-01 7.561230594718539351e+02
9.619187526165844382e-01 7.276171187970556957e+02
9.634765157787161804e-01 7.353165549235468461e+02
9.650342789408488109e-01 7.518642905903142264e+02
9.665920421029805532e-01 7.372685900035772875e+02
9.681498052651122954e-01 7.260613476643011381e+02
9.697075684272449259e-01 7.183703514577870237e+02
9.712653315893766681e-01 7.318461555517358192e+02
9.728230947515092986e-01 7.465191676923230943e+02
9.743808579136410408e-01 7.439162284610874849e+02
9.759386210757736713e-01 7.352372304478566321e+02
9.774963842379054135e-01 7.129175930166720718e+02
9.790541474000371558e-01 6.938059177214742022e+02
9.806119105621697862e-01 7.186770317202280012e+02
9.821696737243015285e-01 7.184160669849420628e+02
9.837274368864341589e-01 7.008871098981126124e+02
9.852852000485659012e-01 6.923835598659029529e+02
9.868429632106985316e-01 6.815144357719603931e+02
9.884007263728302739e-01 6.894419469682806039e+02
9.899584895349620162e-01 7.013055497973066394e+02
9.915162526970946466e-01 6.905971375942316399e+02
9.930740158592263889e-01 6.592952670862522382e+02
9.946317790213590193e-01 6.548762291089477685e+02
9.961895421834907616e-01 6.475793641145540960e+02
9.977473053456225038e-01 6.685649789014508997e+02
9.993050685077551343e-01 6.681370826189693162e+02
1.000862831669886877e+00 6.513411972138243300e+02
1.002420594832019507e+00 6.604970517403326085e+02
1.003978357994151249e+00 6.595136248404585331e+02
1.005536121156283880e+00 6.445423003148794123e+02
1.007093884318415622e+00 6.315349602863116161e+02
1.008651647480547364e+00 6.155091981461050636e+02
1.010209410642679995e+00 6.327970232065458731e+02
1.011767173804811737e+00 6.461295614295740961e+02
1.013324936966944367e+00 6.502256010124076511e+02
1.014882700129076110e+00 6.214633262928216482e+02
1.016440463291208740e+00 6.154288633497657202e+02
1.017998226453340482e+00 6.138866501144990480e+02
1.019555989615472225e+00 5.981307187225402231e+02
1.021113752777604855e+00 5.899131036897060767e+02
1.022671515939736597e+00 5.848259035286139351e+02
1.024229279101869228e+00 5.854484740438927020e+02
1.025787042264000970e+00 5.884278889607145402e+02
1.027344805426133600e+00 5.904126126780017785e+02
1.028902568588265343e+00 5.837498405321911150e+02
1.030460331750397085e+00 5.674704791114851332e+02
1.032018094912529715e+00 5.725371999604218445e+02
1.033575858074661458e+00 5.797917727567891006e+02
1.035133621236794088e+00 5.710696170954264517e+02
1.036691384398925830e+00 5.730043003408277400e+02
1.038249147561058461e+00 5.819070916912717166e+02
1.039806910723190203e+00 5.789132954482413425e+02
1.041364673885321945e+00 5.679588934802588938e+02
1.042922437047454576e+00 5.675207021755060168e+02
1.044480200209586318e+00 5.741712732907037662e+02
1.046037963371718948e+00 5.669907060971664805e+02
1.047595726533850691e+00 5.571927848502281222e+02
1.049153489695983321e+00 5.570128043289237212e+02
1.050711252858115063e+00 5.320617209671918317e+02
1.052269016020246806e+00 5.507547676580426241e+02
1.053826779182379436e+00 5.725572989469500271e+02
1.055384542344511178e+00 5.511976266580624042e+02
1.056942305506643809e+00 5.419872611612306628e+02
1.058500068668775551e+00 5.458836764045466907e+02
1.060057831830908182e+00 5.443861321269753262e+02
1.061615594993039924e+00 5.379738618947747000e+02
1.063173358155171666e+00 5.285511132773622194e+02
1.064731121317304297e+00 5.152998937730661737e+02
1.066288884479436039e+00 5.066700488256744848e+02
1.067846647641568669e+00 5.264845627741208318e+02
1.069404410803700411e+00 5.246739935333165477e+02
1.070962173965833042e+00 5.209612962079921772e+02
1.072519937127964784e+00 5.320718359317390878e+02
1.074077700290096526e+00 5.076104581631620363e+02
1.075635463452229157e+00 4.930283224508858098e+02
1.077193226614360899e+00 4.909258726178132406e+02
1.078750989776493530e+00 4.909669964301086225e+02
1.080308752938625272e+00 4.968959656356078085e+02
1.081866516100757014e+00 4.960929156501777584e+02
1.083424279262889645e+00 4.862385016087902727e+02
1.084982042425021387e+00 4.734514935337316501e+02
1.086539805587154017e+00 4.733629297711319737e+02
1.088097568749285760e+00 4.835397786918491079e+02
1.089655331911418390e+00 4.772181524734972413e+02
1.091213095073550132e+00 4.707814810542237183e+02
1.092770858235681875e+00 4.587106457694036976e+02
1.094328621397814505e+00 4.708257171353841954e+02
1.095886384559946247e+00 4.682425763950457167e+02
1.097444147722078878e+00 4.485269496665476368e+02
1.099001910884210620e+00 4.461722682236304536e+02
1.100559674046343250e+00 4.473626685880723244e+02
1.102117437208474993e+00 4.509390811610290370e+02
1.103675200370606735e+00 4.637616952621334008e+02
1.105232963532739365e+00 4.618801552234252767e+02
1.106790726694871108e+00 4.477224786936695295e+02
1.108348489857003738e+00 4.348516022606056026e+02
1.109906253019135480e+00 4.464599024993231637e+02
1.111464016181268111e+00 4.393934399305072134e+02
1.113021779343399853e+00 4.338213704496801597e+02
1.114579542505531595e+00 4.323198289588189596e+02
1.116137305667664226e+00 4.240261455287957233e+02
1.117695068829795968e+00 4.216739823725573046e+02
1.119252831991928598e+00 4.312124621333245500e+02
1.120810595154060341e+00 4.468625463315045749e+02
1.122368358316192971e+00 4.487762410388819490e+02
1.123926121478324713e+00 4.350188148368730481e+02
1.125483884640456456e+00 4.126859482607154064e+02
1.127041647802589086e+00 3.982640377728116050e+02
1.128599410964720828e+00 4.051790974075646545e+02
1.130157174126853459e+00 4.329138733286014258e+02
1.131714937288985201e+00 4.188413046109824904e+02
1.133272700451117831e+00 4.135569456839500617e+02
1.134830463613249574e+00 4.154022177386519843e+02
1.136388226775381316e+00 4.014079626176353486e+02
1.137945989937513946e+00 3.990321587400320595e+02
1.139503753099645689e+00 4.064050310882757344e+02
1.141061516261778319e+00 4.045316476696876293e+02
1.142619279423910061e+00 3.923955740669554757e+02
1.144177042586042692e+00 3.902912838977285332e+02
1.145734805748174434e+00 3.845279032018078169e+02
1.147292568910306176e+00 3.662661572027748775e+02
1.148850332072438807e+00 3.689872367482664686e+02
1.150408095234570549e+00 3.935539456567282741e+02
1.151965858396703180e+00 3.937408237563954003e+02
1.153523621558834922e+00 3.808369674764261390e+02
1.155081384720967552e+00 3.836539982075494208e+02
1.156639147883099294e+00 3.846339911815734354e+02
1.158196911045231037e+00 3.829595423675851862e+02
1.159754674207363667e+00 3.859058325598018655e+02
1.161312437369495409e+00 3.843640899476535537e+02
1.162870200531628040e+00 3.800073213970177903e+02
1.164427963693759782e+00 3.779239869885502117e+02
1.165985726855891524e+00 3.732109016596911601e+02
1.167543490018024155e+00 4.013946383765432415e+02
1.169101253180155897e+00 3.865062474889976443e+02
1.170659016342288528e+00 3.538153069738024215e+02
1.172216779504420270e+00 3.580857839799757016e+02
1.173774542666552900e+00 3.639114214342000082e+02
1.175332305828684643e+00 3.641628134550419986e+02
1.176890068990816385e+00 3.631279869063212118e+02
1.178447832152949015e+00 3.555579868266810308e+02
1.180005595315080758e+00 3.483332980314310703e+02
1.181563358477213388e+00 3.486558997727470910e+02
1.183121121639345130e+00 3.526638319399306738e+02
1.184678884801477761e+00 3.494323503464976284e+02
1.186236647963609503e+00 3.418329852171314087e+02
1.187794411125741245e+00 3.386917167612351705e+02
1.189352174287873876e+00 3.584569041164767782e+02
1.190909937450005618e+00 3.557390828895393042e+02
1.192467700612138248e+00 3.322319659102214473e+02
1.194025463774269991e+00 3.463042507857821306e+02
1.195583226936402621e+00 3.459241469523412320e+02
1.197140990098534363e+00 3.352760236338846198e+02
1.198698753260666106e+00 3.387353182280446049e+02
1.200256516422798736e+00 3.445027966310976808e+02
1.201814279584930478e+00 3.534392163244448852e+02
1.203372042747063109e+00 3.418963373321541326e+02
1.204929805909194851e+00 3.302782257702920106e+02
1.206487569071327481e+00 3.313435715696151078e+02
1.208045332233459224e+00 3.239645909979167300e+02
1.209603095395590966e+00 3.267920334516932144e+02
1.211160858557723596e+00 3.289810324088421680e+02
1.212718621719855339e+00 3.200601751833523849e+02
1.214276384881987969e+00 3.101705108039735137e+02
1.215834148044119711e+00 3.085669492035680150e+02
1.217391911206252342e+00 3.185486209546318150e+02
1.218949674368384084e+00 3.265359439007715991e+02
1.220507437530515826e+00 3.234671616145894859e+02
1.222065200692648457e+00 3.209524557110928527e+02
1.223622963854780199e+00 3.252585408703109806e+02
1.225180727016912829e+00 3.066703562799389715e+02
1.226738490179044572e+00 2.858342666293429488e+02
1.228296253341177202e+00 3.056036635191105120e+02
1.229854016503308944e+00 3.062013049757277940e+02
1.231411779665440687e+00 3.006938477008367272e+02
1.232969542827573317e+00 3.020177202839061010e+02
1.234527305989705059e+00 3.036279363202166905e+02
1.236085069151837690e+00 3.131363468558221257e+02
1.237642832313969432e+00 3.131669828417282702e+02
1.239200595476101174e+00 3.001152687227948945e+02
1.240758358638233805e+00 2.884427854612447391e+02
1.242316121800365547e+00 2.973751597304910774e+02
1.243873884962498177e+00 2.997162382770197837e+02
1.245431648124629920e+00 2.884787302816937995e+02
1.246989411286762550e+00 2.843414399660642289e+02
1.248547174448894292e+00 2.926686400957295859e+02
1.250104937611026035e+00 2.925611568844914245e+02
1.251662700773158665e+00 2.856181095978155895e+02
1.253220463935290407e+00 2.853937466345460621e+02
1.254778227097423038e+00 2.833767207237661410e+02
1.256335990259554780e+00 2.802423644963355969e+02
1.257893753421687411e+00 2.827976672014290784e+02
1.259451516583819153e+00 2.861261056206057560e+02
1.261009279745950895e+00 2.828849470929541212e+02
1.262567042908083526e+00 2.734582028153574811e+02
1.264124806070215268e+00 2.750651184946277681e+02
1.265682569232347898e+00 2.767138310449622622e+02
1.267240332394479640e+00 2.835829439352875738e+02
1.268798095556612271e+00 2.797731228464334094e+02
1.270355858718744013e+00 2.654130313314914247e+02
1.271913621880875755e+00 2.567083157174238863e+02
1.273471385043008386e+00 2.590052761655829840e+02
1.275029148205140128e+00 2.670262035198446142e+02
1.276586911367272759e+00 2.699683021173163979e+02
1.278144674529404501e+00 2.654129796815728923e+02
1.279702437691537131e+00 2.577516162456938673e+02
1.281260200853668874e+00 2.664560129161401392e+02
1.282817964015800616e+00 2.636364508395287771e+02
1.284375727177933246e+00 2.695005748957021297e+02
1.285933490340064989e+00 2.699773857483305051e+02
1.287491253502197619e+00 2.460608061368687913e+02
1.289049016664329361e+00 2.421745414375504311e+02
1.290606779826461992e+00 2.578688457339064826e+02
1.292164542988593734e+00 2.604884272612249561e+02
1.293722306150725476e+00 2.537870580799901745e+02
1.295280069312858107e+00 2.517956729229293842e+02
1.296837832474989849e+00 2.571700655912179627e+02
1.298395595637122479e+00 2.629000763936390968e+02
1.299953358799254222e+00 2.629163293238326560e+02
1.301511121961386852e+00 2.504308470379932601e+02
1.303068885123518594e+00 2.541200039333307075e+02
1.304626648285650337e+00 2.538889779106594347e+02
1.306184411447782967e+00 2.444525162437976178e+02
1.307742174609914709e+00 2.400060687813417246e+02
1.309299937772047340e+00 2.399667171716597238e+02
1.310857700934179082e+00 2.422287049388249613e+02
1.312415464096311712e+00 2.503689444232127244e+02
1.313973227258443455e+00 2.543025135098092164e+02
1.315530990420575197e+00 2.524417673916674403e+02
1.317088753582707827e+00 2.563477832268288239e+02
1.318646516744839570e+00 2.579722382249051407e+02
1.320204279906972200e+00 2.471750925194910735e+02
1.321762043069103942e+00 2.405225922040404782e+02
1.323319806231235685e+00 2.438946176481963164e+02
1.324877569393368315e+00 2.430398509084088516e+02
1.326435332555500057e+00 2.334844689530911523e+02
1.327993095717632688e+00 2.403788344782535376e+02
1.329550858879764430e+00 2.371943857289443542e+02
1.331108622041897060e+00 2.275602667843905635e+02
1.332666385204028803e+00 2.261740431691202105e+02
1.334224148366160545e+00 2.260245962944367761e+02
1.335781911528293175e+00 2.286197114766611094e+02
1.337339674690424918e+00 2.301147905615250693e+02
1.338897437852557548e+00 2.235394907864074412e+02
1.340455201014689290e+00 2.226222185382056580e+02
1.342012964176821921e+00 2.233733150632860429e+02
1.343570727338953663e+00 2.289537364171183071e+02
1.345128490501085405e+00 2.314765073802091422e+02
1.346686253663218036e+00 2.240107473530483446e+02
1.348244016825349778e+00 2.250532528680548978e+02
1.349801779987482409e+00 2.206716417130282366e+02
1.351359543149614151e+00 2.113879633496590600e+02
1.352917306311746781e+00 2.122171522004321673e+02
1.354475069473878523e+00 2.145801561093666123e+02
1.356032832636010266e+00 2.146513158851574019e+02
1.357590595798142896e+00 2.253985209545288626e+02
1.359148358960274638e+00 2.228100110252760828e+02
1.360706122122407269e+00 2.151959297356317222e+02
1.362263885284539011e+00 2.090923977460901426e+02
1.363821648446671642e+00 2.183715985949637286e+02
1.365379411608803384e+00 2.188340759071947161e+02
1.366937174770935126e+00 2.131362927514328760e+02
1.368494937933067757e+00 2.128071413604888562e+02
1.370052701095199499e+00 2.115760292974934202e+02
1.371610464257332129e+00 2.152971618163711014e+02
1.373168227419463872e+00 2.210260546749931052e+02
1.374725990581596502e+00 2.246246830072806517e+02
1.376283753743728244e+00 2.182577229531200373e+02
1.377841516905859987e+00 2.121349654550644743e+02
1.379399280067992617e+00 2.111848704705286934e+02
1.380957043230124359e+00 2.075450835190643772e+02
1.382514806392256990e+00 2.106793989591811567e+02
1.384072569554388732e+00 2.070926805207628547e+02
1.385630332716521362e+00 2.032697020416390217e+02
1.387188095878653105e+00 2.025011980711666979e+02
1.388745859040784847e+00 2.044601989346121798e+02
1.390303622202917477e+00 2.111738197291998063e+02
1.391861385365049220e+00 2.068808581137184319e+02
1.393419148527181850e+00 1.993432855074952386e+02
1.394976911689313592e+00 2.030915336436271730e+02
1.396534674851446223e+00 1.953326048109148019e+02
1.398092438013577965e+00 1.950770466728979784e+02
1.399650201175709707e+00 1.898504841233208538e+02
1.401207964337842338e+00 1.948860457427231268e+02
1.402765727499974080e+00 1.931966470938369298e+02
1.404323490662106710e+00 1.846017247688897100e+02
1.405881253824238453e+00 1.886226127204768659e+02
1.407439016986370195e+00 1.927983256316746292e+02
1.408996780148502825e+00 1.967321015421144637e+02
1.410554543310634568e+00 2.032172493935635202e+02
1.412112306472767198e+00 1.974525368533371079e+02
1.413670069634898940e+00 1.999614798432605198e+02
1.415227832797031571e+00 1.863472190949196374e+02
1.416785595959163313e+00 1.707458380145705803e+02
1.418343359121295055e+00 1.831568760264641469e+02
1.419901122283427686e+00 1.963817260864523462e+02
1.421458885445559428e+00 1.959866926713011708e+02
1.423016648607692058e+00 1.964340999795495861e+02
1.424574411769823801e+00 1.943811726633851720e+02
1.426132174931956431e+00 1.891530833357393817e+02
1.427689938094088173e+00 1.935413649298800181e+02
1.429247701256219916e+00 1.974394951282597788e+02
1.430805464418352546e+00 1.850489199588336078e+02
1.432363227580484288e+00 1.872394273750927596e+02
1.433920990742616919e+00 1.889347804191020259e+02
1.435478753904748661e+00 1.925093728246029343e+02
1.437036517066881292e+00 1.894480707978231635e+02
1.438594280229013034e+00 1.948487829280108201e+02
1.440152043391144776e+00 1.961550733931116497e+02
1.441709806553277406e+00 1.831415673159499420e+02
1.443267569715409149e+00 1.800039503658195486e+02
1.444825332877541779e+00 1.863288124885299055e+02
1.446383096039673521e+00 1.906507476102891872e+02
1.447940859201806152e+00 1.885398221241559895e+02
1.449498622363937894e+00 1.887228369866635660e+02
1.451056385526069636e+00 1.795500075059666187e+02
1.452614148688202267e+00 1.829404155100760079e+02
1.454171911850334009e+00 1.750515483149004297e+02
1.455729675012466640e+00 1.722388950228892099e+02
1.457287438174598382e+00 1.854136796136471332e+02
1.458845201336731012e+00 1.795820823895906813e+02
1.460402964498862755e+00 1.760949504192307984e+02
1.461960727660994497e+00 1.880780200878207040e+02
1.463518490823127127e+00 1.932564059544247073e+02
1.465076253985258870e+00 1.884593407461772756e+02
1.466634017147391500e+00 1.710693348374218772e+02
1.468191780309523242e+00 1.649842676474301015e+02
1.469749543471655873e+00 1.760635049918672053e+02
1.471307306633787615e+00 1.763027510426947799e+02
1.472865069795919357e+00 1.766594403041985686e+02
1.474422832958051988e+00 1.801074233079468456e+02
1.475980596120183730e+00 1.850781574832307967e+02
1.477538359282316360e+00 1.884529594359654823e+02
1.479096122444448103e+00 1.782533522571874300e+02
1.480653885606579845e+00 1.651305710073666262e+02
1.482211648768712475e+00 1.663767221157659151e+02
1.483769411930844218e+00 1.701481105064116548e+02
1.485327175092976848e+00 1.729814451592978912e+02
1.486884938255108590e+00 1.846683830108873110e+02
1.488442701417241221e+00 1.645023196121491935e+02
1.490000464579372963e+00 1.635672146698722145e+02
1.491558227741504705e+00 1.738809182326910729e+02
1.493115990903637336e+00 1.683352089024141094e+02
1.494673754065769078e+00 1.655271234674831078e+02
1.496231517227901708e+00 1.669133203972171771e+02
1.497789280390033451e+00 1.676675899129569700e+02
1.499347043552166081e+00 1.665167199144147503e+02
1.500904806714297823e+00 1.682342452418730829e+02
1.502462569876429566e+00 1.627428149904806389e+02
1.504020333038562196e+00 1.670612733964776737e+02
1.505578096200693938e+00 1.804968961330604031e+02
1.507135859362826569e+00 1.689375458727024579e+02
1.508693622524958311e+00 1.684300967838104555e+02
1.510251385687090941e+00 1.641527257676312388e+02
1.511809148849222684e+00 1.624578575099062334e+02
1.513366912011354426e+00 1.677882234916787354e+02
1.514924675173487056e+00 1.630030654394921328e+02
1.516482438335618799e+00 1.619215739913240668e+02
1.518040201497751429e+00 1.632732913609793286e+02
1.519597964659883171e+00 1.634549262018464333e+02
1.521155727822015802e+00 1.623287886391339043e+02
1.522713490984147544e+00 1.623862422255929800e+02
1.524271254146279286e+00 1.685650162596028849e+02
1.525829017308411917e+00 1.762233721759031368e+02
1.527386780470543659e+00 1.633177927853032259e+02
1.528944543632676289e+00 1.530316829414992696e+02
1.530502306794808032e+00 1.536522634546438724e+02
1.532060069956940662e+00 1.540042678573012438e+02
1.533617833119072404e+00 1.561690099274571253e+02
1.535175596281204147e+00 1.568053284866936394e+02
1.536733359443336777e+00 1.554545742988829602e+02
1.538291122605468519e+00 1.537096760573708707e+02
1.539848885767601150e+00 1.510221537895045003e+02
1.541406648929732892e+00 1.606848578044304361e+02
1.542964412091865523e+00 1.602790077543434677e+02
1.544522175253997265e+00 1.550762896625446103e+02
1.546079938416129007e+00 1.540816874496828461e+02
1.547637701578261638e+00 1.553367833739821720e+02
1.549195464740393380e+00 1.591845662945231368e+02
1.550753227902526010e+00 1.626408360193806573e+02
1.552310991064657753e+00 1.606757030928117445e+02
1.553868754226790383e+00 1.500675571082101385e+02
1.555426517388922125e+00 1.547057285965112499e+02
1.556984280551053867e+00 1.529631047780717665e+02
1.558542043713186498e+00 1.480241317225320756e+02
1.560099806875318240e+00 1.473977184372598686e+02
1.561657570037450871e+00 1.543875399383063609e+02
1.563215333199582613e+00 1.514126328791514027e+02
1.564773096361714355e+00 1.492240809109179338e+02
1.566330859523846986e+00 1.515288549077346261e+02
1.567888622685978728e+00 1.496032572172792641e+02
1.569446385848111358e+00 1.498500847495164692e+02
1.571004149010243101e+00 1.544575345859008451e+02
1.572561912172375731e+00 1.453943173450295205e+02
1.574119675334507473e+00 1.541348320763484594e+02
1.575677438496639216e+00 1.515045561805870875e+02
1.577235201658771846e+00 1.363756823674599730e+02
1.578792964820903588e+00 1.459435776898714039e+02
1.580350727983036219e+00 1.520337638393791622e+02
1.581908491145167961e+00 1.488115464013971803e+02
1.583466254307300591e+00 1.500049921365465195e+02
1.585024017469432334e+00 1.506193226075266693e+02
1.586581780631564076e+00 1.444631448881734173e+02
1.588139543793696706e+00 1.447914338595870447e+02
1.589697306955828449e+00 1.478352643189182061e+02
1.591255070117961079e+00 1.444133986429506251e+02
1.592812833280092821e+00 1.416752850762516118e+02
1.594370596442225452e+00 1.383410582788449403e+02
1.595928359604357194e+00 1.428681472117692977e+02
1.597486122766488936e+00 1.465580645205099870e+02
1.599043885928621567e+00 1.446692419489573354e+02
1.600601649090753309e+00 1.454629272724742748e+02
1.602159412252885939e+00 1.425604738359991472e+02
1.603717175415017682e+00 1.421886866317831561e+02
1.605274938577150312e+00 1.449577911963286567e+02
1.606832701739282054e+00 1.469926127935149509e+02
1.608390464901413797e+00 1.366748551244970429e+02
1.609948228063546427e+00 1.353037726938127889e+02
1.611505991225678169e+00 1.427224973055763826e+02
1.613063754387810800e+00 1.424724834939918026e+02
1.614621517549942542e+00 1.417714328271896989e+02
1.616179280712075172e+00 1.427288747954635255e+02
1.617737043874206915e+00 1.408824934420593991e+02
1.619294807036338657e+00 1.429112401967760206e+02
1.620852570198471287e+00 1.446421180749308348e+02
1.622410333360603030e+00 1.431131069460668357e+02
1.623968096522735660e+00 1.368103636074556562e+02
1.625525859684867402e+00 1.431171102759886367e+02
1.627083622847000033e+00 1.431171815777659049e+02
1.628641386009131775e+00 1.364243647406725586e+02
1.630199149171263517e+00 1.319108583535994796e+02
1.631756912333396148e+00 1.318653289354458309e+02
1.633314675495527890e+00 1.398773668135657147e+02
1.634872438657660521e+00 1.479100502385052494e+02
1.636430201819792263e+00 1.421520464644118533e+02
1.637987964981924005e+00 1.430752355015901571e+02
1.639545728144056636e+00 1.371834530375791417e+02
1.641103491306188378e+00 1.340359956716181387e+02
1.642661254468321008e+00 1.418505851827824529e+02
1.644219017630452750e+00 1.448699557690747213e+02
1.645776780792585381e+00 1.433488347430621559e+02
1.647334543954717123e+00 1.378144376212833038e+02
1.648892307116848865e+00 1.295891069242064475e+02
1.650450070278981496e+00 1.251359842744080879e+02
1.652007833441113238e+00 1.325697575835428097e+02
1.653565596603245869e+00 1.397546843078290522e+02
1.655123359765377611e+00 1.415637599693435220e+02
1.656681122927510241e+00 1.387231635452547778e+02
1.658238886089641984e+00 1.404481747464938053e+02
1.659796649251773726e+00 1.385780875067734144e+02
1.661354412413906356e+00 1.310532225653114153e+02
1.662912175576038099e+00 1.268953180190914196e+02
1.664469938738170729e+00 1.282797904776338385e+02
1.666027701900302471e+00 1.342872885324677554e+02
1.667585465062435102e+00 1.333740160560624872e+02
1.669143228224566844e+00 1.281059719716375014e+02
1.670700991386698586e+00 1.343945110524454947e+02
1.672258754548831217e+00 1.338696875107460471e+02
1.673816517710962959e+00 1.321308144015517598e+02
1.675374280873095589e+00 1.312202424199448956e+02
1.676932044035227332e+00 1.308971707468354850e+02
1.678489807197359962e+00 1.288484215751454940e+02
1.680047570359491704e+00 1.237316961063143594e+02
1.681605333521623447e+00 1.240832018892829041e+02
1.683163096683756077e+00 1.281945744246087600e+02
1.684720859845887819e+00 1.254568441700239561e+02
1.686278623008020450e+00 1.291813941573647355e+02
1.687836386170152192e+00 1.384583490639406023e+02
1.689394149332284822e+00 1.366471849244310306e+02
1.690951912494416565e+00 1.335468458627801738e+02
1.692509675656548307e+00 1.340464123039721756e+02
1.694067438818680937e+00 1.278197150976817369e+02
1.695625201980812680e+00 1.210197187748303804e+02
1.697182965142945310e+00 1.315137159846928228e+02
1.698740728305077052e+00 1.297334596365150503e+02
1.700298491467209683e+00 1.267654633686448591e+02
1.701856254629341425e+00 1.233159411257352076e+02
1.703414017791473167e+00 1.185893125032679194e+02
1.704971780953605798e+00 1.245072724794679146e+02
1.706529544115737540e+00 1.255227335370464061e+02
1.708087307277870170e+00 1.212367830732855651e+02
1.709645070440001913e+00 1.220784888726150825e+02
1.711202833602134543e+00 1.207850242231005069e+02
1.712760596764266285e+00 1.184132815959711280e+02
1.714318359926398028e+00 1.215808310125015765e+02
1.715876123088530658e+00 1.179676417125692609e+02
1.717433886250662400e+00 1.249109655740722076e+02
1.718991649412795031e+00 1.308670741728930977e+02
1.720549412574926773e+00 1.262658334921947869e+02
1.722107175737058515e+00 1.215310774648597345e+02
1.723664938899191146e+00 1.195997762429324212e+02
1.725222702061322888e+00 1.217367666134132946e+02
1.726780465223455518e+00 1.210748667544952184e+02
1.728338228385587261e+00 1.208766074184365777e+02
1.729895991547719891e+00 1.203638065127223484e+02
1.731453754709851633e+00 1.180979175688097484e+02
1.733011517871983376e+00 1.213451669531241777e+02
1.734569281034116006e+00 1.198998921853873867e+02
1.736127044196247748e+00 1.135388243002025206e+02
1.737684807358380379e+00 1.110559313279313614e+02
1.739242570520512121e+00 1.075896533003790410e+02
1.740800333682644752e+00 1.126550024636410683e+02
1.742358096844776494e+00 1.083835930556489302e+02
1.743915860006908236e+00 1.127462319745573893e+02
1.745473623169040867e+00 1.150925061473780602e+02
1.747031386331172609e+00 1.128384585923078589e+02
1.748589149493305239e+00 1.134736963083946222e+02
1.750146912655436982e+00 1.136037710914522023e+02
1.751704675817569612e+00 1.158490973574725587e+02
1.753262438979701354e+00 1.170186959814560623e+02
1.754820202141833096e+00 1.155764564885219414e+02
1.756377965303965727e+00 1.148723573969450484e+02
1.757935728466097469e+00 1.094952496440103289e+02
1.759493491628230100e+00 1.155049961797886624e+02
1.761051254790361842e+00 1.175232734183451555e+02
1.762609017952494472e+00 1.113764915169769267e+02
1.764166781114626215e+00 1.118649794147178085e+02
1.765724544276757957e+00 1.118075986544078688e+02
1.767282307438890587e+00 1.091940495368711908e+02
1.768840070601022330e+00 1.165591512555715639e+02
1.770397833763154960e+00 1.186474409368014875e+02
1.771955596925286702e+00 1.112350239236641016e+02
1.773513360087419333e+00 1.159833664281389218e+02
1.775071123249551075e+00 1.213485478447606596e+02
1.776628886411682817e+00 1.217268804945149014e+02
1.778186649573815448e+00 1.161149950517059892e+02
1.779744412735947190e+00 1.084620215662470883e+02
1.781302175898079820e+00 1.073827961217810980e+02
1.782859939060211563e+00 1.079628215517166296e+02
1.784417702222344193e+00 1.092175337816452725e+02
1.785975465384475935e+00 1.133650117965680835e+02
1.787533228546607678e+00 1.099171095736185890e+02
1.789090991708740308e+00 1.082349135788941226e+02
1.790648754870872050e+00 1.033862698936863325e+02
1.792206518033004681e+00 1.043103199507912677e+02
1.793764281195136423e+00 1.108167745466719794e+02
1.795322044357268165e+00 1.110283566933256765e+02
1.796879807519400796e+00 1.125952331553705648e+02
1.798437570681532538e+00 1.193073282028890532e+02
1.799995333843665168e+00 1.222238237242121954e+02
1.801553097005796911e+00 1.232865849471830160e+02
1.803110860167929541e+00 1.076789135373098389e+02
1.804668623330061283e+00 1.068804728928463703e+02
1.806226386492193026e+00 1.081276299529710627e+02
1.807784149654325656e+00 1.036228831430294264e+02
1.809341912816457398e+00 1.059167135650490650e+02
1.810899675978590029e+00 1.138760767748232183e+02
1.812457439140721771e+00 1.127933352679169730e+02
1.814015202302854401e+00 1.067709225626463905e+02
1.815572965464986144e+00 1.074512220601392158e+02
1.817130728627117886e+00 1.021264284617529938e+02
1.818688491789250516e+00 1.024362687705575468e+02
1.820246254951382259e+00 9.938334069704957585e+01
1.821804018113514889e+00 9.885994897240458101e+01
1.823361781275646631e+00 1.011889229642992518e+02
1.824919544437779262e+00 1.034337572216645498e+02
1.826477307599911004e+00 1.038923721602306784e+02
1.828035070762042746e+00 1.062557211189268997e+02
1.829592833924175377e+00 1.089452611340261967e+02
1.831150597086307119e+00 1.038673172447407893e+02
1.832708360248439750e+00 9.641532574369004749e+01
1.834266123410571492e+00 9.844081596845404647e+01
1.835823886572704122e+00 1.044805197715729435e+02
1.837381649734835865e+00 1.009327981335160302e+02
1.838939412896967607e+00 1.033941848507952415e+02
1.840497176059100237e+00 1.055188539858291534e+02
1.842054939221231979e+00 9.933631148573964254e+01
1.843612702383364610e+00 1.012867929825282260e+02
1.845170465545496352e+00 1.052943641203037259e+02
1.846728228707628983e+00 1.037583623937072446e+02
1.848285991869760725e+00 1.044236260762354362e+02
1.849843755031892467e+00 1.081092616283954015e+02
1.851401518194025098e+00 1.035029001966590272e+02
1.852959281356156840e+00 9.735973081014921604e+01
1.854517044518289470e+00 9.568589952428887102e+01
1.856074807680421213e+00 9.539953665620517143e+01
1.857632570842553843e+00 9.776453502847559207e+01
1.859190334004685585e+00 1.043107831377395058e+02
1.860748097166817328e+00 1.086692812153069099e+02
1.862305860328949958e+00 1.033713864813211529e+02
1.863863623491081700e+00 9.396659793135363259e+01
1.865421386653214331e+00 9.247458283782893318e+01
1.866979149815346073e+00 9.751553204890272752e+01
1.868536912977478703e+00 1.018442069890719637e+02
1.870094676139610446e+00 1.032750571918881946e+02
1.871652439301742188e+00 9.440439547951253019e+01
1.873210202463874818e+00 1.026573058936130138e+02
1.874767965626006561e+00 1.031347396629022910e+02
1.876325728788139191e+00 9.751241412044588230e+01
1.877883491950270933e+00 1.016100939780349819e+02
1.879441255112402676e+00 1.007764160711994776e+02
1.880999018274535306e+00 9.467566648762586112e+01
1.882556781436667048e+00 9.738971665647943610e+01
1.884114544598799679e+00 9.025548806332864160e+01
1.885672307760931421e+00 8.943287865408703396e+01
1.887230070923064051e+00 9.439312638479536588e+01
1.888787834085195794e+00 9.845646908826208232e+01
1.890345597247327536e+00 9.821146081557238006e+01
1.891903360409460166e+00 9.985024466639619334e+01
1.893461123571591909e+00 9.771776184486924421e+01
1.895018886733724539e+00 8.854609055276242202e+01
1.896576649895856281e+00 8.514550626210044015e+01
1.898134413057988912e+00 8.970860038679471415e+01
1.899692176220120654e+00 9.298185300435268630e+01
1.901249939382252396e+00 9.101103897290467160e+01
1.902807702544385027e+00 9.657931670375891997e+01
1.904365465706516769e+00 8.612968852190540758e+01
1.905923228868649399e+00 8.220852290513721528e+01
1.907480992030781142e+00 9.015242580649177739e+01
1.909038755192913772e+00 8.934376743897121287e+01
1.910596518355045514e+00 8.390211513025171541e+01
1.912154281517177257e+00 8.417206322366034499e+01
1.913712044679309887e+00 8.960485619923461797e+01
1.915269807841441629e+00 8.747579967447163085e+01
1.916827571003574260e+00 8.868745948954928338e+01
1.918385334165706002e+00 8.910429509360035638e+01
1.919943097327838633e+00 8.683417073353028570e+01
1.921500860489970375e+00 8.904850127801368842e+01
1.923058623652102117e+00 9.450858668672307772e+01
1.924616386814234748e+00 9.729403812165990928e+01
1.926174149976366490e+00 9.695578729430407350e+01
1.927731913138499120e+00 9.571882688679461637e+01
1.929289676300630862e+00 9.265062138984858109e+01
1.930847439462763493e+00 9.079007037844201022e+01
1.932405202624895235e+00 8.912399008679508938e+01
1.933962965787026977e+00 8.543492360814479980e+01
1.935520728949159608e+00 8.083103282585908289e+01
1.937078492111291350e+00 8.956790713581544594e+01
1.938636255273423981e+00 1.017102710215890937e+02
1.940194018435555723e+00 9.487335875396142626e+01
1.941751781597688353e+00 8.826240105001807024e+01
1.943309544759820096e+00 9.242979305508809773e+01
1.944867307921951838e+00 9.589636067783102646e+01
1.946425071084084468e+00 9.674925534755917056e+01
1.947982834246216211e+00 9.594736868894723614e+01
1.949540597408348841e+00 9.870910305976020993e+01
1.951098360570480583e+00 9.339126726843161919e+01
1.952656123732613214e+00 8.353738633998746366e+01
1.954213886894744956e+00 8.187618674692559750e+01
1.955771650056876698e+00 8.978229131094205684e+01
1.957329413219009329e+00 8.508644729722750810e+01
1.958887176381141071e+00 8.247655013827277060e+01
1.960444939543273701e+00 8.481104332486934538e+01
1.962002702705405444e+00 8.104228920477295617e+01
1.963560465867537186e+00 7.927965076806889044e+01
1.965118229029669816e+00 8.588275840906553071e+01
1.966675992191801559e+00 9.387151269527591069e+01
1.968233755353934189e+00 9.423803688015529190e+01
1.969791518516065931e+00 8.545662556201118321e+01
1.971349281678198562e+00 8.526145738048879252e+01
1.972907044840330304e+00 8.862108314849264445e+01
1.974464808002462046e+00 9.202698950573274317e+01
1.976022571164594677e+00 9.277082008408098091e+01
1.977580334326726419e+00 9.037630269439651443e+01
1.979138097488859049e+00 8.832134250641196616e+01
1.980695860650990792e+00 8.712527009449121351e+01
1.982253623813123422e+00 8.700910345886794062e+01
1.983811386975255164e+00 8.384326388327164636e+01
1.985369150137386907e+00 8.423583559205532367e+01
1.986926913299519537e+00 8.754627127163021783e+01
1.988484676461651279e+00 8.815447217397280610e+01
1.990042439623783910e+00 8.777900460570495511e+01
1.991600202785915652e+00 8.720675783720014351e+01
1.993157965948048282e+00 8.554677454243856971e+01
1.994715729110180025e+00 8.374247828185561104e+01
1.996273492272311767e+00 8.200255464007445028e+01
1.997831255434444397e+00 8.178245875562194556e+01
1.999389018596576140e+00 7.957715801994746130e+01
2.000946781758708770e+00 8.053231076915292874e+01
2.002504544920840512e+00 8.160839486921437924e+01
2.004062308082973143e+00 8.421583935302156476e+01
2.005620071245104885e+00 8.216474784207913729e+01
2.007177834407236627e+00 7.588736645264286551e+01
2.008735597569369258e+00 7.864404869323281844e+01
2.010293360731501000e+00 7.853979560583712782e+01
2.011851123893633631e+00 7.873550746988424009e+01
2.013408887055765373e+00 8.213746117306385486e+01
2.014966650217898003e+00 8.215550362168887943e+01
2.016524413380029745e+00 8.221150806481624329e+01
2.018082176542161488e+00 8.181234570412468088e+01
2.019639939704294118e+00 8.006756989351178788e+01
2.021197702866425860e+00 8.369340279953186723e+01
2.022755466028558491e+00 8.121665254221143471e+01
2.024313229190690233e+00 7.580853873483185623e+01
2.025870992352822864e+00 8.270923892579108383e+01
2.027428755514954606e+00 8.383054674996333233e+01
2.028986518677086348e+00 7.964115889396099135e+01
2.030544281839218979e+00 7.762556774244796998e+01
2.032102045001350721e+00 7.582205376525186580e+01
2.033659808163483351e+00 7.599406117688576501e+01
2.035217571325615094e+00 7.905637933233903425e+01
2.036775334487746836e+00 7.790212753524195932e+01
2.038333097649879466e+00 7.610040406763596366e+01
2.039890860812011208e+00 8.952387201697217733e+01
2.041448623974143839e+00 8.587976270217541241e+01
2.043006387136275581e+00 7.570685555138801703e+01
2.044564150298408212e+00 7.953990668269781850e+01
2.046121913460539954e+00 7.951395603539782542e+01
2.047679676622671696e+00 7.289305193160659258e+01
2.049237439784804327e+00 6.956776672374937220e+01
2.050795202946936069e+00 7.343043493158556601e+01
2.052352966109068699e+00 7.682679881540227029e+01
2.053910729271200442e+00 7.442360775889501667e+01
2.055468492433333072e+00 7.253265763296532498e+01
2.057026255595464814e+00 7.295576116501948150e+01
2.058584018757596557e+00 7.078452949469797773e+01
2.060141781919729187e+00 7.737336665971388072e+01
2.061699545081860929e+00 7.199769671820878614e+01
2.063257308243993560e+00 6.576390352746916790e+01
2.064815071406125302e+00 7.179699434902506994e+01
2.066372834568257932e+00 7.334266923687822270e+01
2.067930597730389675e+00 6.928615964482266065e+01
2.069488360892521417e+00 6.995545839052343240e+01
2.071046124054654047e+00 7.549240003011975375e+01
2.072603887216785790e+00 8.045851923044963883e+01
2.074161650378918420e+00 9.094950896053299516e+01
2.075719413541050162e+00 8.159351344721819999e+01
2.077277176703182793e+00 7.218720230145144967e+01
2.078834939865314535e+00 7.879304282272843807e+01
2.080392703027446277e+00 7.488325475857055835e+01
2.081950466189578908e+00 6.911974596403166515e+01
2.083508229351710650e+00 7.279994570295737333e+01
2.085065992513843280e+00 7.476724601777124235e+01
2.086623755675975023e+00 7.420872375457928172e+01
2.088181518838107653e+00 7.557550500499992552e+01
2.089739282000239395e+00 7.761850365013272324e+01
2.091297045162371138e+00 7.935783565146486751e+01
2.092854808324503768e+00 7.498908750756407926e+01
2.094412571486635510e+00 7.099136336567994476e+01
2.095970334648768141e+00 8.078203156080532210e+01
2.097528097810899883e+00 8.321523388815569433e+01
2.099085860973032513e+00 7.246792475612841145e+01
2.100643624135164256e+00 7.256758575859741711e+01
2.102201387297295998e+00 7.706735586735119625e+01
2.103759150459428628e+00 7.635692000591872386e+01
2.105316913621560371e+00 7.630364725289467742e+01
2.106874676783693001e+00 7.857424611323857278e+01
2.108432439945824743e+00 7.722272193850017175e+01
2.109990203107957374e+00 8.153929067291562660e+01
2.111547966270089116e+00 7.709987184259117043e+01
2.113105729432220858e+00 7.723856254543758837e+01
2.114663492594353489e+00 7.607485507489546706e+01
2.116221255756485231e+00 7.125919725445494635e+01
2.117779018918617862e+00 6.792733329300577338e+01
2.119336782080749604e+00 6.722883889788823808e+01
2.120894545242881346e+00 6.538644656822985723e+01
2.122452308405013977e+00 6.300586379887123201e+01
2.124010071567145719e+00 6.689631207818865732e+01
2.125567834729278349e+00 6.863017956375995254e+01
2.127125597891410091e+00 6.409004133256077296e+01
2.128683361053542722e+00 6.408833892942840293e+01
2.130241124215674464e+00 6.665817630415639883e+01
2.131798887377806206e+00 6.856589320777361252e+01
2.133356650539938837e+00 6.749301130331993193e+01
2.134914413702070579e+00 6.300052051975516321e+01
2.136472176864203210e+00 6.519348231949000194e+01
2.138029940026334952e+00 6.576974873805453115e+01
2.139587703188467582e+00 6.672078290615634444e+01
2.141145466350599325e+00 7.243454791268159454e+01
2.142703229512731067e+00 7.348946374191541508e+01
2.144260992674863697e+00 6.924012420400008239e+01
2.145818755836995440e+00 7.154728042063446480e+01
2.147376518999128070e+00 7.583934262208070720e+01
2.148934282161259812e+00 7.543467762593090242e+01
2.150492045323392443e+00 6.827052196492351754e+01
2.152049808485524185e+00 6.275920199261280175e+01
2.153607571647655927e+00 6.630351859617616128e+01
2.155165334809788558e+00 6.892400625477991127e+01
2.156723097971920300e+00 6.988390625421165225e+01
2.158280861134052930e+00 7.309315147145593983e+01
2.159838624296184673e+00 7.129908864868826868e+01
2.161396387458317303e+00 6.722538458784308091e+01
2.162954150620449045e+00 6.651565401485687801e+01
2.164511913782580788e+00 6.756074921958598622e+01
2.166069676944713418e+00 6.947476855747160585e+01
2.167627440106845160e+00 6.950026070688396373e+01
2.169185203268977791e+00 6.936795347423674230e+01
2.170742966431109533e+00 7.082986915346135959e+01
2.172300729593242163e+00 6.584444219241228780e+01
2.173858492755373906e+00 6.187609772840291100e+01
2.175416255917505648e+00 6.338543313028586823e+01
2.176974019079638278e+00 6.444380705612620375e+01
2.178531782241770021e+00 6.352688871786404690e+01
2.180089545403902651e+00 6.113017345430596095e+01
2.181647308566034393e+00 5.883296379597526737e+01
2.183205071728167024e+00 5.863134428893210526e+01
2.184762834890298766e+00 7.084804649010317235e+01
2.186320598052430508e+00 6.875680659021298879e+01
2.187878361214563139e+00 6.077002624136220277e+01
2.189436124376694881e+00 6.189242963648563034e+01
2.190993887538827511e+00 5.850229373930807952e+01
2.192551650700959254e+00 5.936818519611400546e+01
2.194109413863091884e+00 6.294212925897770106e+01
2.195667177025223626e+00 5.983724439867435052e+01
2.197224940187355369e+00 5.634530426322385921e+01
2.198782703349487999e+00 5.672260485157583787e+01
2.200340466511619741e+00 5.916039712530799477e+01
2.201898229673752372e+00 6.556459656943128778e+01
2.203455992835884114e+00 6.953787276954498964e+01
2.205013755998015856e+00 6.629394251803786631e+01
2.206571519160148487e+00 6.721354436597221138e+01
2.208129282322280229e+00 6.434752602511183284e+01
2.209687045484412860e+00 6.568484979652191669e+01
2.211244808646544602e+00 6.918700565451436546e+01
2.212802571808677232e+00 6.518051944068567138e+01
2.214360334970808974e+00 6.074790469035120566e+01
2.215918098132940717e+00 5.936170800347683496e+01
2.217475861295073347e+00 5.793644161884699884e+01
2.219033624457205089e+00 5.753844939033386652e+01
2.220591387619337720e+00 6.288287235518598095e+01
2.222149150781469462e+00 6.294947246430207599e+01
2.223706913943602093e+00 6.103754345203897458e+01
2.225264677105733835e+00 6.023695081638403082e+01
2.226822440267865577e+00 6.294073586447317581e+01
2.228380203429998208e+00 5.967561582642508000e+01
2.229937966592129950e+00 5.869881211104106455e+01
2.231495729754262580e+00 6.027945905134715332e+01
2.233053492916394323e+00 5.484113802412953476e+01
2.234611256078526953e+00 5.190985871881019165e+01
2.236169019240658695e+00 5.942371800950207472e+01
2.237726782402790437e+00 6.642456810800550215e+01
2.239284545564923068e+00 6.351481233277045391e+01
2.240842308727054810e+00 5.809121696802172607e+01
2.242400071889187441e+00 6.028058484071278400e+01
2.243957835051319183e+00 6.657529675357828580e+01
2.245515598213451813e+00 6.420516033978235271e+01
2.247073361375583556e+00 6.055875506029732946e+01
2.248631124537715298e+00 6.101623040099926953e+01
2.250188887699847928e+00 5.497344616400179973e+01
2.251746650861979671e+00 5.351900228773904189e+01
2.253304414024112301e+00 6.127699360613206636e+01
2.254862177186244043e+00 6.164660912657996761e+01
2.256419940348376674e+00 5.296614711286279231e+01
2.257977703510508416e+00 5.006359202916934237e+01
2.259535466672640158e+00 5.375618867254653566e+01
2.261093229834772789e+00 5.447899559281628257e+01
2.262650992996904531e+00 5.886555891463758883e+01
2.264208756159037161e+00 6.056029445250932497e+01
2.265766519321168904e+00 5.585737888175229671e+01
2.267324282483301534e+00 5.462639801833289965e+01
2.268882045645433276e+00 5.365465882255040952e+01
2.270439808807565019e+00 5.602477505519362211e+01
2.271997571969697649e+00 5.905186056394911276e+01
2.273555335131829391e+00 5.737597649386663079e+01
2.275113098293962022e+00 5.577787420999823809e+01
2.276670861456093764e+00 5.816962309571908207e+01
2.278228624618225506e+00 5.868429529321959137e+01
2.279786387780358137e+00 6.101963827287733722e+01
2.281344150942489879e+00 5.497561173413510716e+01
2.282901914104622509e+00 5.428257162528972657e+01
2.284459677266754252e+00 5.742086436468088806e+01
2.286017440428886882e+00 5.693042814415630914e+01
2.287575203591018624e+00 6.238389950104021153e+01
2.289132966753150367e+00 6.430385640138443648e+01
2.290690729915282997e+00 5.621267363557520724e+01
2.292248493077414739e+00 4.779668954390040625e+01
2.293806256239547370e+00 4.843277357713542131e+01
2.295364019401679112e+00 5.297048864310347227e+01
2.296921782563811743e+00 5.115734735709254011e+01
2.298479545725943485e+00 5.399198483049789132e+01
2.300037308888075227e+00 5.518567882604867947e+01
2.301595072050207857e+00 5.396039176160712003e+01
2.303152835212339600e+00 5.560472123099327746e+01
2.304710598374472230e+00 5.970214914563085529e+01
2.306268361536603972e+00 6.193255318471716464e+01
2.307826124698736603e+00 5.526025397140843864e+01
2.309383887860868345e+00 5.443021376228116281e+01
2.310941651023000087e+00 6.043077699917182599e+01
2.312499414185132718e+00 6.005677389180777226e+01
2.314057177347264460e+00 5.542238084071790638e+01
2.315614940509397091e+00 5.182520426387337409e+01
2.317172703671528833e+00 4.892056656655315550e+01
2.318730466833661463e+00 5.080174692930700786e+01
2.320288229995793206e+00 6.103111526139878862e+01
2.321845993157924948e+00 5.878050410636590328e+01
2.323403756320057578e+00 4.768170399041912333e+01
2.324961519482189320e+00 4.549672561750917055e+01
2.326519282644321951e+00 4.942411408033544973e+01
2.328077045806453693e+00 5.031075760445849454e+01
2.329634808968586324e+00 5.298669976820064420e+01
2.331192572130718066e+00 5.757141199600619075e+01
2.332750335292849808e+00 5.438577731472674515e+01
2.334308098454982439e+00 4.678808852236900861e+01
2.335865861617114181e+00 4.582209043646059143e+01
2.337423624779246811e+00 5.230657449053425267e+01
2.338981387941378554e+00 5.537922265659386056e+01
2.340539151103511184e+00 5.321084529294516585e+01
2.342096914265642926e+00 5.272122501142010265e+01
2.343654677427774669e+00 5.371236883682171026e+01
2.345212440589907299e+00 5.730521366365881875e+01
2.346770203752039041e+00 5.273751509842582408e+01
2.348327966914171672e+00 5.032377873040559280e+01
2.349885730076303414e+00 5.333349201531212458e+01
2.351443493238436044e+00 5.384725148262277372e+01
2.353001256400567787e+00 5.498265828480091955e+01
2.354559019562699529e+00 5.192216172492118176e+01
2.356116782724832159e+00 5.039259944184986750e+01
2.357674545886963902e+00 5.151725714730694250e+01
2.359232309049096532e+00 4.886391277835247138e+01
2.360790072211228274e+00 5.184296902330729750e+01
2.362347835373360017e+00 5.294745091342811349e+01
2.363905598535492647e+00 4.696611660840483893e+01
2.365463361697624389e+00 4.534567997852055043e+01
2.367021124859757020e+00 4.598983210808135169e+01
2.368578888021888762e+00 4.836464328353593345e+01
2.370136651184021392e+00 4.861755360157364692e+01
2.371694414346153135e+00 4.678267081149111561e+01
2.373252177508284877e+00 4.842857851037491201e+01
2.374809940670417507e+00 5.039182768924199962e+01
2.376367703832549250e+00 4.287056298793476827e+01
2.377925466994681880e+00 4.441622502679292950e+01
2.379483230156813622e+00 5.251358579777463831e+01
2.381040993318946253e+00 5.293252774873453603e+01
2.382598756481077995e+00 5.462187294727972642e+01
2.384156519643209737e+00 5.474509991881396331e+01
2.385714282805342368e+00 4.787167135120265726e+01
2.387272045967474110e+00 4.905711774716394302e+01
2.388829809129606740e+00 5.339869297833156025e+01
2.390387572291738483e+00 5.043734295336618345e+01
2.391945335453871113e+00 4.712709584260097273e+01
2.393503098616002855e+00 5.023030130707171281e+01
2.395060861778134598e+00 5.091000432786126595e+01
2.396618624940267228e+00 4.434350931179551480e+01
2.398176388102398970e+00 5.379168002111616431e+01
2.399734151264531601e+00 5.528559287023495017e+01
2.401291914426663343e+00 4.740564348901695269e+01
2.402849677588795974e+00 4.780293654107268964e+01
2.404407440750927716e+00 5.122865499424713676e+01
2.405965203913059458e+00 5.134967866991261332e+01
2.407522967075192089e+00 4.674565447107033123e+01
2.409080730237323831e+00 4.598935261823427112e+01
2.410638493399456461e+00 4.957377027127265734e+01
2.412196256561588203e+00 4.954013303776006438e+01
2.413754019723720834e+00 4.960141232001932110e+01
2.415311782885852576e+00 4.965334167120217757e+01
2.416869546047984318e+00 4.831095112910973199e+01
2.418427309210116949e+00 5.329320723387833425e+01
2.419985072372248691e+00 5.432269439938554711e+01
2.421542835534381322e+00 4.581372149056278431e+01
2.423100598696513064e+00 4.378053209582112970e+01
2.424658361858645694e+00 4.773465553177397425e+01
2.426216125020777437e+00 5.065693150312196735e+01
2.427773888182909179e+00 5.039405240642582129e+01
2.429331651345041809e+00 4.502254070071803227e+01
2.430889414507173552e+00 4.106403910141933267e+01
2.432447177669306182e+00 4.549848877767391286e+01
2.434004940831437924e+00 4.931077910652371799e+01
2.435562703993569666e+00 4.459701166372086334e+01
2.437120467155702297e+00 4.038239319264949501e+01
2.438678230317834039e+00 4.714593134876481173e+01
2.440235993479966670e+00 5.125528111867611614e+01
2.441793756642098412e+00 5.546104567614742109e+01
2.443351519804231042e+00 6.045132732912050955e+01
2.444909282966362785e+00 5.756301236793417075e+01
2.446467046128494527e+00 5.039933806151895368e+01
2.448024809290627157e+00 4.332592105206380495e+01
2.449582572452758900e+00 3.903933948622960770e+01
2.451140335614891530e+00 3.976658588393381422e+01
2.452698098777023272e+00 4.187370488204496155e+01
2.454255861939155903e+00 4.733423639556807672e+01
2.455813625101287645e+00 4.873235538489253571e+01
2.457371388263419387e+00 4.628695020371065993e+01
2.458929151425552018e+00 5.079505668743080804e+01
2.460486914587683760e+00 5.291659987743121718e+01
2.462044677749816390e+00 4.438080136565222489e+01
2.463602440911948133e+00 4.081267696467681105e+01
2.465160204074080763e+00 4.336861966952066183e+01
2.466717967236212505e+00 4.777236058562058929e+01
2.468275730398344248e+00 5.011008591290677572e+01
2.469833493560476878e+00 4.795892373132328146e+01
2.471391256722608620e+00 4.669314997013334789e+01
2.472949019884741251e+00 4.186516875571377483e+01
2.474506783046872993e+00 3.953606780059468662e+01
2.476064546209005623e+00 4.198730320060760590e+01
2.477622309371137366e+00 4.160386542059212189e+01
2.479180072533269108e+00 4.109864217148216170e+01
2.480737835695401738e+00 4.228633393233185700e+01
2.482295598857533481e+00 4.292028973388129742e+01
2.483853362019666111e+00 4.636986618824469275e+01
2.485411125181797853e+00 4.718311423873895905e+01
2.486968888343930484e+00 4.592498864241410672e+01
2.488526651506062226e+00 5.003369611025587460e+01
2.490084414668193968e+00 5.135883155738903127e+01
2.491642177830326599e+00 4.606180719143859648e+01
2.493199940992458341e+00 4.257190482652188734e+01
2.494757704154590972e+00 4.660525517950458152e+01
2.496315467316722714e+00 5.075938021725514204e+01
2.497873230478855344e+00 5.327894227119853809e+01
2.499430993640987086e+00 5.042118880015735982e+01
2.500988756803118829e+00 5.034672803366302674e+01
2.502546519965251459e+00 4.856670295710811303e+01
2.504104283127383201e+00 4.284086463190227789e+01
2.505662046289515832e+00 4.248389427446981870e+01
2.507219809451647574e+00 4.414898255309149988e+01
2.508777572613780205e+00 4.396781237227368422e+01
2.510335335775911947e+00 4.243466802370952706e+01
2.511893098938043689e+00 4.097979878638769691e+01
2.513450862100176320e+00 4.712325142485392604e+01
2.515008625262308062e+00 4.512521220304098790e+01
2.516566388424440692e+00 4.008491753846057293e+01
2.518124151586572435e+00 4.121404045356019452e+01
2.519681914748704177e+00 4.679045726732989152e+01
2.521239677910836807e+00 4.640792234351752654e+01
2.522797441072968549e+00 4.211537675676822801e+01
2.524355204235101180e+00 4.098228608762210712e+01
2.525912967397232922e+00 4.055019474455527728e+01
2.527470730559365553e+00 4.089178935245456614e+01
2.529028493721497295e+00 3.865808627711572143e+01
2.530586256883629037e+00 3.764179535981827485e+01
2.532144020045761668e+00 3.526583621817758285e+01
2.533701783207893410e+00 3.095888768633487587e+01
2.535259546370026040e+00 3.793795930481407197e+01
2.536817309532157783e+00 4.320355691549264776e+01
2.538375072694290413e+00 4.222164478259666254e+01
2.539932835856422155e+00 4.039025755332614409e+01
2.541490599018553898e+00 4.040975870663270797e+01
2.543048362180686528e+00 3.951380537072006405e+01
2.544606125342818270e+00 3.663085727028889949e+01
2.546163888504950901e+00 3.821567795269764645e+01
2.547721651667082643e+00 4.080208338331699025e+01
2.549279414829215273e+00 4.175618605376995163e+01
2.550837177991347016e+00 4.318311153757250054e+01
2.552394941153478758e+00 4.126797213178624446e+01
2.553952704315611388e+00 4.254458893839802869e+01
2.555510467477743131e+00 4.419230051394203684e+01
2.557068230639875761e+00 3.770799291612348725e+01
2.558625993802007503e+00 3.839455930033839337e+01
2.560183756964140134e+00 3.783756344785685855e+01
2.561741520126271876e+00 3.830593792802570619e+01
2.563299283288403618e+00 4.001479727736689540e+01
2.564857046450536249e+00 3.962506272356648651e+01
2.566414809612667991e+00 4.466784972851801427e+01
2.567972572774800621e+00 4.497057771210473476e+01
2.569530335936932364e+00 4.281736161105731497e+01
2.571088099099064994e+00 3.974911394056915981e+01
2.572645862261196736e+00 4.129877598144508255e+01
2.574203625423328479e+00 4.002982252117646311e+01
2.575761388585461109e+00 3.990081054880065636e+01
2.577319151747592851e+00 4.105853332760723617e+01
2.578876914909725482e+00 4.036675000012485270e+01
2.580434678071857224e+00 4.060689706113145547e+01
2.581992441233989855e+00 4.137623146086996684e+01
2.583550204396121597e+00 4.212707215244347481e+01
2.585107967558253339e+00 4.153701278766124716e+01
2.586665730720385969e+00 3.885184401215050798e+01
2.588223493882517712e+00 3.892958319994375671e+01
2.589781257044650342e+00 4.245191255126447061e+01
2.591339020206782084e+00 4.434182583764719254e+01
2.592896783368913827e+00 4.242602949543915969e+01
2.594454546531046457e+00 3.682456823648465871e+01
2.596012309693178199e+00 3.976469298722991397e+01
2.597570072855310830e+00 4.043414294446132118e+01
2.599127836017442572e+00 3.804622892121565059e+01
2.600685599179575203e+00 3.896203422306160746e+01
2.602243362341706945e+00 3.841151386883806396e+01
2.603801125503838687e+00 3.913880836524999296e+01
2.605358888665971318e+00 4.284262148924090496e+01
2.606916651828103060e+00 4.177443520436785462e+01
2.608474414990235690e+00 3.565987833488175340e+01
2.610032178152367432e+00 3.417330879697819057e+01
2.611589941314500063e+00 3.760717661503289833e+01
2.613147704476631805e+00 3.816458230364057869e+01
2.614705467638763547e+00 4.022511234910663092e+01
2.616263230800896178e+00 4.082229429148043209e+01
2.617820993963027920e+00 4.134168206223538533e+01
2.619378757125160551e+00 4.454248809207700077e+01
2.620936520287292293e+00 4.479825132086246242e+01
2.622494283449424923e+00 4.377442788357746650e+01
2.624052046611556666e+00 4.231515749301933482e+01
2.625609809773688408e+00 4.044948651643691306e+01
2.627167572935821038e+00 3.887539465600111299e+01
2.628725336097952781e+00 3.684596664447940384e+01
2.630283099260085411e+00 3.586499708797578023e+01
2.631840862422217153e+00 3.727366644436052212e+01
2.633398625584349784e+00 4.206485322795366244e+01
2.634956388746481526e+00 4.040279174661633022e+01
2.636514151908613268e+00 3.571123997294647268e+01
2.638071915070745899e+00 3.555841201694120457e+01
2.639629678232877641e+00 3.626952785126159995e+01
2.641187441395010271e+00 3.759753926938277857e+01
2.642745204557142014e+00 3.808779475462002040e+01
2.644302967719274644e+00 3.708855855673577651e+01
2.645860730881406386e+00 4.005738820013208823e+01
2.647418494043538129e+00 3.870802621139449684e+01
2.648976257205670759e+00 3.673088778733902870e+01
2.650534020367802501e+00 4.222650787646873738e+01
2.652091783529935132e+00 3.562915766824661290e+01
2.653649546692066874e+00 3.189132376078811149e+01
2.655207309854199504e+00 4.058272330197760880e+01
2.656765073016331247e+00 4.185552141900274137e+01
2.658322836178462989e+00 3.703234868409612801e+01
2.659880599340595619e+00 3.382341973696184567e+01
2.661438362502727362e+00 3.201113553865311445e+01
2.662996125664859992e+00 3.492899212170891587e+01
2.664553888826991734e+00 3.516262949142557659e+01
2.666111651989124365e+00 3.278058250747718461e+01
2.667669415151256107e+00 3.412579013430616470e+01
2.669227178313387849e+00 3.931347786046728032e+01
2.670784941475520480e+00 3.744980956039993458e+01
2.672342704637652222e+00 3.818333537317346327e+01
2.673900467799784852e+00 4.035349298496858950e+01
2.675458230961916595e+00 3.874938200308253045e+01
2.677015994124048337e+00 3.514190308784095151e+01
2.678573757286180967e+00 3.270384254194448914e+01
2.680131520448312710e+00 3.550858029976200214e+01
2.681689283610445340e+00 3.457809413983421365e+01
2.683247046772577082e+00 3.899616377701288172e+01
2.684804809934709713e+00 3.916481665095756171e+01
2.686362573096841455e+00 3.370585124572536273e+01
2.687920336258973197e+00 3.586977620796630362e+01
2.689478099421105828e+00 3.620876914459097407e+01
2.691035862583237570e+00 3.712051335105250871e+01
2.692593625745370201e+00 3.726872420322844448e+01
2.694151388907501943e+00 3.666771300027394176e+01
2.695709152069634573e+00 3.766225318278983281e+01
2.697266915231766315e+00 3.676098917953417100e+01
2.698824678393898058e+00 3.451210149506713520e+01
2.700382441556030688e+00 3.521503676564796592e+01
2.701940204718162430e+00 3.772054770426838388e+01
2.703497967880295061e+00 3.913645048282859307e+01
2.705055731042426803e+00 3.669576398233329684e+01
2.706613494204559434e+00 3.457718966090769186e+01
2.708171257366691176e+00 3.391117323806130912e+01
2.709729020528822918e+00 3.374135804938767791e+01
2.711286783690955549e+00 3.333828343833165064e+01
2.712844546853087291e+00 3.476313170869123326e+01
2.714402310015219921e+00 3.523802938192712020e+01
2.715960073177351664e+00 3.405980479454694887e+01
2.717517836339484294e+00 3.533948527723418209e+01
2.719075599501616036e+00 3.492806416673936099e+01
2.720633362663747778e+00 3.952011282743995224e+01
2.722191125825880409e+00 4.191804696105437245e+01
2.723748888988012151e+00 3.549042394094686870e+01
2.725306652150144782e+00 3.246553481725584334e+01
2.726864415312276524e+00 3.298453348894296511e+01
2.728422178474409154e+00 3.474365001394794206e+01
2.729979941636540897e+00 3.688900147699123977e+01
2.731537704798672639e+00 3.804305239419317530e+01
2.733095467960805269e+00 3.712619945172675529e+01
2.734653231122937012e+00 3.395458953816618219e+01
2.736210994285069642e+00 3.287559343224829433e+01
2.737768757447201384e+00 3.953777876769526500e+01
2.739326520609334015e+00 4.394017961346420265e+01
2.740884283771465757e+00 4.368197548730902469e+01
2.742442046933597499e+00 3.844812258334781063e+01
2.743999810095730130e+00 3.623204941120828693e+01
2.745557573257861872e+00 3.456194109183068264e+01
2.747115336419994502e+00 3.310727805426027714e+01
2.748673099582126245e+00 3.645866420427145727e+01
2.750230862744258875e+00 3.788400240504103067e+01
2.751788625906390617e+00 3.488689732383349451e+01
2.753346389068522360e+00 3.210465602689932751e+01
2.754904152230654990e+00 3.379057865038954844e+01
2.756461915392786732e+00 3.421328527265147557e+01
2.758019678554919363e+00 2.534888914285023986e+01
2.759577441717051105e+00 2.830614414994987271e+01
2.761135204879182847e+00 3.234970490653739716e+01
2.762692968041315478e+00 2.852896051504908215e+01
2.764250731203447220e+00 3.029513921284200251e+01
2.765808494365579850e+00 3.385177392554371067e+01
2.767366257527711593e+00 3.317490259971659583e+01
2.768924020689844223e+00 2.964367985822883966e+01
2.770481783851975965e+00 3.023502707481314289e+01
2.772039547014107708e+00 3.585581254400115370e+01
2.773597310176240338e+00 4.141396427350147036e+01
2.775155073338372080e+00 3.643548220648069247e+01
2.776712836500504711e+00 2.844661312380577556e+01
2.778270599662636453e+00 3.565968384954231141e+01
2.779828362824769084e+00 3.791931933673849642e+01
2.781386125986900826e+00 3.522922118348472509e+01
2.782943889149032568e+00 3.266527835336547270e+01
2.784501652311165198e+00 3.106243080008952617e+01
2.786059415473296941e+00 3.441004208349970384e+01
2.787617178635429571e+00 3.638565320988828233e+01
2.789174941797561313e+00 3.303337842476873476e+01
2.790732704959693944e+00 3.036093501340755552e+01
2.792290468121825686e+00 2.990676813509787024e+01
2.793848231283957428e+00 3.110965284860224500e+01
2.795405994446090059e+00 3.439254678094660989e+01
2.796963757608221801e+00 3.372232551066680628e+01
2.798521520770354432e+00 2.974740778881372094e+01
2.800079283932486174e+00 3.287374944597525683e+01
2.801637047094618804e+00 3.687144403526008318e+01
2.803194810256750547e+00 3.579467507571454377e+01
2.804752573418882289e+00 3.588662221728205282e+01
2.806310336581014919e+00 3.439716736732454194e+01
2.807868099743146661e+00 3.335641917531198430e+01
2.809425862905279292e+00 3.132812996675587058e+01
2.810983626067411034e+00 3.536050062646585701e+01
2.812541389229543665e+00 3.393782590351733575e+01
2.814099152391675407e+00 2.988028247794949266e+01
2.815656915553807149e+00 3.291250115982721525e+01
2.817214678715939780e+00 3.594491023757044701e+01
2.818772441878071522e+00 3.504968782310478304e+01
2.820330205040204152e+00 3.241163367594224809e+01
2.821887968202335895e+00 3.148988541519476314e+01
2.823445731364468525e+00 3.212882045990774316e+01
2.825003494526600267e+00 3.169734346241048684e+01
2.826561257688732010e+00 3.347637084712395250e+01
2.828119020850864640e+00 3.528508946241232991e+01
2.829676784012996382e+00 3.179967188931611588e+01
2.831234547175129013e+00 2.924186132552838657e+01
2.832792310337260755e+00 2.927813036910400157e+01
2.834350073499392497e+00 2.923380289093769946e+01
2.835907836661525128e+00 2.826089302447554985e+01
2.837465599823656870e+00 2.913618954697859209e+01
2.839023362985789500e+00 3.196068134939174854e+01
2.840581126147921243e+00 3.369389269048884472e+01
2.842138889310053873e+00 3.180178774521135310e+01
2.843696652472185615e+00 2.698047025245695352e+01
2.845254415634317358e+00 2.874514490653399790e+01
2.846812178796449988e+00 2.797706904156159524e+01
2.848369941958581730e+00 2.500629034415136687e+01
2.849927705120714361e+00 3.089793635405166938e+01
2.851485468282846103e+00 3.954169624005203332e+01
2.853043231444978733e+00 3.282434457231913427e+01
2.854600994607110476e+00 2.621898723847082380e+01
2.856158757769242218e+00 2.640082400805186680e+01
2.857716520931374848e+00 2.490786075881150197e+01
2.859274284093506591e+00 3.295583052931038992e+01
2.860832047255639221e+00 3.194702043425359506e+01
2.862389810417770963e+00 2.452019616769815258e+01
2.863947573579903594e+00 2.356638087818990002e+01
2.865505336742035336e+00 2.560748903850561575e+01
2.867063099904167078e+00 2.853395631843308067e+01
2.868620863066299709e+00 3.301439926045247830e+01
2.870178626228431451e+00 3.092035240222429593e+01
2.871736389390564081e+00 2.692079671467404367e+01
2.873294152552695824e+00 3.006563558434451622e+01
2.874851915714828454e+00 3.051428727815554254e+01
2.876409678876960196e+00 2.773642865126110379e+01
2.877967442039091939e+00 2.814018113152629397e+01
2.879525205201224569e+00 2.845013935935775606e+01
2.881082968363356311e+00 2.734340143786872090e+01
2.882640731525488942e+00 2.976902552297325855e+01
2.884198494687620684e+00 2.889954248868325237e+01
2.885756257849753315e+00 2.644837080504133553e+01
2.887314021011885057e+00 2.801198147015940876e+01
2.888871784174016799e+00 3.009658993715343556e+01
2.890429547336149430e+00 3.000862688492746244e+01
2.891987310498281172e+00 2.793039316440055231e+01
2.893545073660413802e+00 2.777913736106320286e+01
2.895102836822545544e+00 2.994060229730387590e+01
2.896660599984678175e+00 3.093854337433907631e+01
2.898218363146809917e+00 3.013805080890525900e+01
2.899776126308941659e+00 2.856064293788320185e+01
2.901333889471074290e+00 2.953161231778096507e+01
2.902891652633206032e+00 3.126308751210444115e+01
2.904449415795338663e+00 3.080022280880529451e+01
2.906007178957470405e+00 2.958066272360907689e+01
2.907564942119603035e+00 2.857868111422890323e+01
2.909122705281734778e+00 2.628878470856655625e+01
2.910680468443866520e+00 2.270028294469669561e+01
2.912238231605999150e+00 2.226606344242029678e+01
2.913795994768130893e+00 2.557219922920302579e+01
2.915353757930263523e+00 2.635999866578819351e+01
2.916911521092395265e+00 2.909635191105168062e+01
2.918469284254527008e+00 3.110373143397518092e+01
2.920027047416659638e+00 3.252596936760700430e+01
2.921584810578791380e+00 3.516142979218978581e+01
2.923142573740924011e+00 3.282113681666660199e+01
2.924700336903055753e+00 2.731236474365181621e+01
2.926258100065188383e+00 2.704880759600784756e+01
2.927815863227320126e+00 3.190220858615142419e+01
2.929373626389451868e+00 2.735779874347855056e+01
2.930931389551584498e+00 2.764161559265125589e+01
2.932489152713716241e+00 3.354749892478146478e+01
2.934046915875848871e+00 2.997755287830270987e+01
2.935604679037980613e+00 2.744172125280486796e+01
2.937162442200113244e+00 2.817226354247875619e+01
2.938720205362244986e+00 2.875389198079502862e+01
2.940277968524376728e+00 3.058629518922692725e+01
2.941835731686509359e+00 3.042674209058134949e+01
2.943393494848641101e+00 2.842343501427515307e+01
2.944951258010773731e+00 2.407715861349407405e+01
2.946509021172905474e+00 2.034878419623262857e+01
2.948066784335038104e+00 2.716900240041766068e+01
2.949624547497169846e+00 2.932536620285273088e+01
2.951182310659301589e+00 2.826640241279647014e+01
2.952740073821434219e+00 2.946969700498907940e+01
2.954297836983565961e+00 2.817015858045803256e+01
2.955855600145698592e+00 2.671940287907245093e+01
2.957413363307830334e+00 2.816967299506492139e+01
2.958971126469962964e+00 3.077122973486981650e+01
2.960528889632094707e+00 2.857356581501509041e+01
2.962086652794226449e+00 2.480133328910767787e+01
2.963644415956359079e+00 2.551988881694833111e+01
2.965202179118490822e+00 2.568520601839616191e+01
2.966759942280623452e+00 2.546541948933071353e+01
2.968317705442755194e+00 2.507858407042652260e+01
2.969875468604887825e+00 2.494146747340426984e+01
2.971433231767019567e+00 2.591042943499627782e+01
2.972990994929151309e+00 2.572207366492889236e+01
2.974548758091283940e+00 2.654706627702393007e+01
2.976106521253415682e+00 2.625337360234642503e+01
2.977664284415548313e+00 2.787232672749568252e+01
2.979222047577680055e+00 2.882949982950828272e+01
2.980779810739812685e+00 2.492553402624886161e+01
2.982337573901944427e+00 2.658952560147859856e+01
2.983895337064076170e+00 2.985503280289276162e+01
2.985453100226208800e+00 3.017701346260102824e+01
2.987010863388340542e+00 3.002419555146590469e+01
2.988568626550473173e+00 2.816303231515611216e+01
2.990126389712604915e+00 2.652191340744184345e+01
2.991684152874737546e+00 2.669099988714284422e+01
2.993241916036869288e+00 2.906693716854391596e+01
2.994799679199001030e+00 2.642678334236562776e+01
2.996357442361133661e+00 2.575165115913246439e+01
2.997915205523265403e+00 2.709802908042534497e+01
2.999472968685398033e+00 2.815662331046546640e+01
3.001030731847529776e+00 2.907977673564880305e+01
3.002588495009661518e+00 2.728763205506158229e+01
3.004146258171794148e+00 2.855260968649337983e+01
3.005704021333925891e+00 3.234747720193723097e+01
3.007261784496058521e+00 2.966479961779715424e+01
3.008819547658190263e+00 3.054600573422509058e+01
3.010377310820322894e+00 3.402278205589801985e+01
3.011935073982454636e+00 2.843174676127554434e+01
3.013492837144586378e+00 3.000374265087991432e+01
3.015050600306719009e+00 3.263264099348636194e+01
3.016608363468850751e+00 2.715340818060617423e+01
3.018166126630983381e+00 2.498428553140189479e+01
3.019723889793115124e+00 2.904933098283330395e+01
3.021281652955247754e+00 3.225040575035405510e+01
3.022839416117379496e+00 2.468071455950139281e+01
3.024397179279511239e+00 2.578575697469458206e+01
3.025954942441643869e+00 3.115749748946573661e+01
3.027512705603775611e+00 3.136647012972683513e+01
3.029070468765908242e+00 2.785121890668865419e+01
3.030628231928039984e+00 2.707718283595432140e+01
3.032185995090172614e+00 2.907166390905777931e+01
3.033743758252304357e+00 2.654535034807013361e+01
3.035301521414436099e+00 2.329796220586478483e+01
3.036859284576568729e+00 2.482268634721834744e+01
3.038417047738700472e+00 2.507090394528881561e+01
3.039974810900833102e+00 2.396356665011524356e+01
3.041532574062964844e+00 2.625954925726919242e+01
3.043090337225097475e+00 2.629751647087570277e+01
3.044648100387229217e+00 2.505750894290496689e+01
3.046205863549360959e+00 2.625425132655379556e+01
3.047763626711493590e+00 2.708008090009962032e+01
3.049321389873625332e+00 2.694301052882147829e+01
3.050879153035757962e+00 2.675218228559316458e+01
3.052436916197889705e+00 2.675351103670632824e+01
3.053994679360022335e+00 2.544873688562445224e+01
3.055552442522154077e+00 2.448870474588613533e+01
3.057110205684285820e+00 2.704536376782376905e+01
3.058667968846418450e+00 2.780436852680260529e+01
3.060225732008550192e+00 2.515000969749729265e+01
3.061783495170682823e+00 2.463042466743347703e+01
3.063341258332814565e+00 2.680344864169969910e+01
3.064899021494947196e+00 2.866801488534312625e+01
3.066456784657078938e+00 2.846190325431453871e+01
3.068014547819210680e+00 2.754510633951374388e+01
3.069572310981343310e+00 2.457797329768933636e+01
3.071130074143475053e+00 2.334602110414789422e+01
3.072687837305607683e+00 2.625142196405041162e+01
3.074245600467739425e+00 3.087813222921732503e+01
3.075803363629871168e+00 3.035229033883114980e+01
3.077361126792003798e+00 2.725022371319051473e+01
3.078918889954135540e+00 2.862848090826539149e+01
3.080476653116268171e+00 2.805713123132871800e+01
3.082034416278399913e+00 2.511493978782982950e+01
3.083592179440532544e+00 2.724273385352722343e+01
3.085149942602664286e+00 2.794488078021786848e+01
3.086707705764796028e+00 2.350058596250289256e+01
3.088265468926928659e+00 2.302269093807916533e+01
3.089823232089060401e+00 2.348338595197193257e+01
3.091380995251193031e+00 2.383794204210839141e+01
3.092938758413324773e+00 2.619888998204373110e+01
3.094496521575457404e+00 2.708055180575256671e+01
3.096054284737589146e+00 2.597579689604798858e+01
3.097612047899720888e+00 2.529985708174229586e+01
3.099169811061853519e+00 2.654977860060933637e+01
3.100727574223985261e+00 2.073002781464933264e+01
3.102285337386117892e+00 2.512525401764712640e+01
3.103843100548249634e+00 2.657206300815995448e+01
3.105400863710382264e+00 2.312856255571018593e+01
3.106958626872514007e+00 2.425274172695340269e+01
3.108516390034645749e+00 2.417174191314125409e+01
3.110074153196778379e+00 2.271431144627099386e+01
3.111631916358910122e+00 2.171511614092475639e+01
3.113189679521042752e+00 2.649395332470658460e+01
3.114747442683174494e+00 2.802168492762797669e+01
3.116305205845307125e+00 2.405369390331352974e+01
3.117862969007438867e+00 2.307798228138553398e+01
3.119420732169570609e+00 2.434162249614362494e+01
3.120978495331703240e+00 2.317391653133871543e+01
3.122536258493834982e+00 2.419514174926709416e+01
3.124094021655967612e+00 2.608318098541503005e+01
3.125651784818099355e+00 2.467477270860935690e+01
3.127209547980231985e+00 2.468129988287201471e+01
3.128767311142363727e+00 2.376078739509445015e+01
3.130325074304495470e+00 2.525963250468654664e+01
3.131882837466628100e+00 2.650806001454157368e+01
3.133440600628759842e+00 2.744007230067795433e+01
3.134998363790892473e+00 2.767075646147402779e+01
3.136556126953024215e+00 2.549299036466257462e+01
3.138113890115156845e+00 2.512631909333557445e+01
3.139671653277288588e+00 2.593337171029225630e+01
3.141229416439420330e+00 2.555129831183791111e+01
3.142787179601552960e+00 2.224641862582964791e+01
3.144344942763684703e+00 2.210916752275269559e+01
3.145902705925817333e+00 2.656031999895957441e+01
3.147460469087949075e+00 2.557861382572406583e+01
3.149018232250081706e+00 2.336094300283732039e+01
3.150575995412213448e+00 2.236047596233889223e+01
3.152133758574345190e+00 2.220198473055617683e+01
3.153691521736477821e+00 2.286177878240640382e+01
3.155249284898609563e+00 2.521887800187140627e+01
3.156807048060742193e+00 2.510784601786478376e+01
3.158364811222873936e+00 2.404938089663879452e+01
3.159922574385005678e+00 2.313848701429105859e+01
3.161480337547138308e+00 2.144751887660714118e+01
3.163038100709270051e+00 2.414998989188572764e+01
3.164595863871402681e+00 2.599649501727422418e+01
3.166153627033534423e+00 2.565698731690154233e+01
3.167711390195667054e+00 2.694704409598643124e+01
3.169269153357798796e+00 2.772455272985039798e+01
3.170826916519930538e+00 2.206886611988052493e+01
3.172384679682063169e+00 1.977256167132368603e+01
3.173942442844194911e+00 2.608297222661915526e+01
3.175500206006327542e+00 2.949323820231994375e+01
3.177057969168459284e+00 2.444222989095090171e+01
3.178615732330591914e+00 2.429744561619529009e+01
3.180173495492723656e+00 2.651003912500110715e+01
3.181731258654855399e+00 2.268680119615354940e+01
3.183289021816988029e+00 1.981251912034030482e+01
3.184846784979119771e+00 2.105919496761441678e+01
3.186404548141252402e+00 2.748819202897237801e+01
3.187962311303384144e+00 2.432422140402619704e+01
3.189520074465516775e+00 0.000000000000000000e+00
