-3.189520074465516775e+00 0.000000000000000000e+00
-3.187962311303384588e+00 0.000000000000000000e+00
-3.186404548141252402e+00 0.000000000000000000e+00
-3.184846784979120216e+00 0.000000000000000000e+00
-3.183289021816988473e+00 0.000000000000000000e+00
-3.181731258654856287e+00 1.600018661483209215e+01
-3.180173495492724101e+00 1.672633786610387219e+01
-3.178615732330591914e+00 1.529804324525485093e+01
-3.177057969168459728e+00 1.425392960776020601e+01
-3.175500206006327542e+00 1.571524640856927846e+01
-3.173942442844195355e+00 1.527639372580289212e+01
-3.172384679682063613e+00 1.563091168461167513e+01
-3.170826916519931427e+00 1.765552779983741871e+01
-3.169269153357799240e+00 2.006663444353711512e+01
-3.167711390195667054e+00 2.010954101128172411e+01
-3.166153627033534868e+00 1.670662221919977597e+01
-3.164595863871402681e+00 1.336451770932171712e+01
-3.163038100709270939e+00 1.784850859418810387e+01
-3.161480337547138753e+00 1.554232878424009279e+01
-3.159922574385006566e+00 1.593018665111753762e+01
-3.158364811222874380e+00 1.481320578132420884e+01
-3.156807048060742193e+00 1.325540033625697767e+01
-3.155249284898610007e+00 1.631395143431276651e+01
-3.153691521736477821e+00 2.126611444365977022e+01
-3.152133758574346079e+00 1.884864086603337086e+01
-3.150575995412213892e+00 1.116347284931969419e+01
-3.149018232250081706e+00 1.215118273011211869e+01
-3.147460469087949519e+00 1.389597669287092963e+01
-3.145902705925817333e+00 1.488289662128041080e+01
-3.144344942763685147e+00 1.329407806386337931e+01
-3.142787179601552960e+00 1.256570541095085325e+01
-3.141229416439421218e+00 1.540978017485353924e+01
-3.139671653277289032e+00 1.306619693100602397e+01
-3.138113890115156845e+00 1.201088686947046646e+01
-3.136556126953024659e+00 1.325513647420097030e+01
-3.134998363790892473e+00 1.703636697174789205e+01
-3.133440600628760286e+00 1.806442435436066063e+01
-3.131882837466628544e+00 1.677330876489277500e+01
-3.130325074304496358e+00 1.844919748438141127e+01
-3.128767311142364171e+00 1.724321093344832434e+01
-3.127209547980231985e+00 1.271898071576183042e+01
-3.125651784818099799e+00 1.692796996493082062e+01
-3.124094021655967612e+00 1.309398106016845631e+01
-3.122536258493835426e+00 1.246747081139538693e+01
-3.120978495331703684e+00 1.177989182154044734e+01
-3.119420732169571497e+00 1.409212155803244748e+01
-3.117862969007439311e+00 1.690274449972634940e+01
-3.116305205845307125e+00 1.271155286565613096e+01
-3.114747442683174938e+00 9.295954518513754650e+00
-3.113189679521042752e+00 1.422176496816467406e+01
-3.111631916358910566e+00 1.695160224994232934e+01
-3.110074153196778823e+00 1.835111741509883032e+01
-3.108516390034646637e+00 1.717557464498444730e+01
-3.106958626872514451e+00 1.603243352852947368e+01
-3.105400863710382264e+00 1.432599646924566095e+01
-3.103843100548250078e+00 1.181500408038613337e+01
-3.102285337386117892e+00 1.513144006400114172e+01
-3.100727574223985705e+00 1.471202567285646801e+01
-3.099169811061853963e+00 1.475820752183652473e+01
-3.097612047899721777e+00 1.817178571185076308e+01
-3.096054284737589590e+00 1.677016193471363792e+01
-3.094496521575457404e+00 1.488545970575308885e+01
-3.092938758413325218e+00 1.667972366491468961e+01
-3.091380995251193031e+00 1.519549131136767528e+01
-3.089823232089060845e+00 1.196775343155089111e+01
-3.088265468926929103e+00 1.479522205242801469e+01
-3.086707705764796916e+00 2.029596659838207984e+01
-3.085149942602664730e+00 1.665696760893736439e+01
-3.083592179440532544e+00 1.575967916028107574e+01
-3.082034416278400357e+00 1.736978370042989894e+01
-3.080476653116268171e+00 1.854025783724698329e+01
-3.078918889954136429e+00 1.685183544323480120e+01
-3.077361126792004242e+00 1.819405357026419168e+01
-3.075803363629872056e+00 1.637801225290625950e+01
-3.074245600467739870e+00 1.494110460767996607e+01
-3.072687837305607683e+00 1.578045921318505584e+01
-3.071130074143475497e+00 1.496203111631160532e+01
-3.069572310981343310e+00 1.427055799955752491e+01
-3.068014547819211568e+00 1.660488586802139821e+01
-3.066456784657079382e+00 1.386563889932144811e+01
-3.064899021494947196e+00 1.031230822880155173e+01
-3.063341258332815009e+00 1.255500886461721599e+01
-3.061783495170682823e+00 1.524129715954526532e+01
-3.060225732008550636e+00 1.409468347270023436e+01
-3.058667968846418894e+00 1.416482160976630311e+01
-3.057110205684286708e+00 1.686668231658445904e+01
-3.055552442522154521e+00 2.145120503880623275e+01
-3.053994679360022335e+00 1.625439750420747487e+01
-3.052436916197890149e+00 1.566877287183442036e+01
-3.050879153035757962e+00 1.538200405731658549e+01
-3.049321389873625776e+00 1.493872216414901644e+01
-3.047763626711494034e+00 1.434497982254398352e+01
-3.046205863549361847e+00 1.553372011581380363e+01
-3.044648100387229661e+00 1.763179616994731802e+01
-3.043090337225097475e+00 1.882824218116064330e+01
-3.041532574062965288e+00 1.334973384070781144e+01
-3.039974810900833102e+00 1.485935802335143663e+01
-3.038417047738700916e+00 1.863133628931516128e+01
-3.036859284576569173e+00 1.734773392789363555e+01
-3.035301521414436987e+00 1.872850455421057347e+01
-3.033743758252304801e+00 1.584711235603805513e+01
-3.032185995090172614e+00 1.273491935254346430e+01
-3.030628231928040428e+00 1.453013396739342333e+01
-3.029070468765908242e+00 1.624595686808386574e+01
-3.027512705603776055e+00 1.431526181944065712e+01
-3.025954942441644313e+00 1.964783761178949817e+01
-3.024397179279512127e+00 1.474279145157323256e+01
-3.022839416117379940e+00 1.036972973465434755e+01
-3.021281652955247754e+00 1.559808041957851898e+01
-3.019723889793115568e+00 2.029884733782471429e+01
-3.018166126630983381e+00 1.979944564004682306e+01
-3.016608363468851195e+00 1.597608552666345716e+01
-3.015050600306719453e+00 1.599097157661639024e+01
-3.013492837144587266e+00 1.604677442328320680e+01
-3.011935073982455080e+00 1.946128671341347527e+01
-3.010377310820322894e+00 2.036014679897684232e+01
-3.008819547658190707e+00 1.897402353786613105e+01
-3.007261784496058521e+00 1.881745874319066658e+01
-3.005704021333926335e+00 1.875388730627440381e+01
-3.004146258171794592e+00 1.720599934228374650e+01
-3.002588495009662406e+00 1.592339708089535932e+01
-3.001030731847530220e+00 1.566821536050698249e+01
-2.999472968685398033e+00 1.574306760243354830e+01
-2.997915205523265847e+00 1.684697243019339297e+01
-2.996357442361133661e+00 1.310198680280191041e+01
-2.994799679199001918e+00 1.491341034291975731e+01
-2.993241916036869732e+00 1.555407756182509260e+01
-2.991684152874737546e+00 1.487711994806421778e+01
-2.990126389712605359e+00 1.818817151976199753e+01
-2.988568626550473173e+00 1.906726046908359606e+01
-2.987010863388340987e+00 1.767775740109048854e+01
-2.985453100226208800e+00 1.958949288954340417e+01
-2.983895337064077058e+00 1.758648825067933785e+01
-2.982337573901944872e+00 1.701306807663840814e+01
-2.980779810739812685e+00 1.522549252890106253e+01
-2.979222047577680499e+00 2.039428553697171154e+01
-2.977664284415548313e+00 1.702780663507877179e+01
-2.976106521253416126e+00 1.483858406273831498e+01
-2.974548758091284384e+00 1.719726185673651386e+01
-2.972990994929152198e+00 1.878390007536799544e+01
-2.971433231767020011e+00 1.665019336032677444e+01
-2.969875468604887825e+00 1.643171289978682026e+01
-2.968317705442755639e+00 1.728433605613935953e+01
-2.966759942280623452e+00 1.352990791061751885e+01
-2.965202179118491266e+00 1.392161780970339890e+01
-2.963644415956359524e+00 1.458678991140087966e+01
-2.962086652794227337e+00 1.567023178127155703e+01
-2.960528889632095151e+00 1.552487328341329587e+01
-2.958971126469962964e+00 1.481758569106120049e+01
-2.957413363307830778e+00 1.540313797768175164e+01
-2.955855600145698592e+00 1.417060356792842946e+01
-2.954297836983566405e+00 1.747549335578452201e+01
-2.952740073821434663e+00 1.540244102352746225e+01
-2.951182310659302477e+00 1.633296141668470014e+01
-2.949624547497170290e+00 1.601514060530851680e+01
-2.948066784335038104e+00 1.582661034568575609e+01
-2.946509021172905918e+00 1.322359778565909671e+01
-2.944951258010773731e+00 1.218064173475672796e+01
-2.943393494848641545e+00 1.260439905666228988e+01
-2.941835731686509803e+00 1.382781606817366260e+01
-2.940277968524377616e+00 1.389047656921504803e+01
-2.938720205362245430e+00 1.054984152525959828e+01
-2.937162442200113244e+00 1.701808586880873619e+01
-2.935604679037981057e+00 1.880279126179403804e+01
-2.934046915875848871e+00 1.569528261038657746e+01
-2.932489152713716685e+00 1.441353108706861619e+01
-2.930931389551584942e+00 1.489678506731830510e+01
-2.929373626389452756e+00 1.376005937614752384e+01
-2.927815863227320570e+00 1.084797648609141341e+01
-2.926258100065188383e+00 1.623838114477092986e+01
-2.924700336903056197e+00 1.772936207613435045e+01
-2.923142573740924011e+00 1.699063698669264966e+01
-2.921584810578791824e+00 1.459981032756010677e+01
-2.920027047416660082e+00 1.437062873421852949e+01
-2.918469284254527896e+00 1.301765912834748384e+01
-2.916911521092395709e+00 1.312675639169330921e+01
-2.915353757930263523e+00 1.816498487093174319e+01
-2.913795994768131337e+00 1.826078999326367835e+01
-2.912238231605999150e+00 1.744491257415920771e+01
-2.910680468443867408e+00 1.941046050053315142e+01
-2.909122705281735222e+00 1.457765312824833615e+01
-2.907564942119603035e+00 1.150736930489277299e+01
-2.906007178957470849e+00 1.601762883715614905e+01
-2.904449415795338663e+00 1.945243248962190208e+01
-2.902891652633206476e+00 1.689323082463911518e+01
-2.901333889471074734e+00 1.569776763029083355e+01
-2.899776126308942548e+00 1.710262786233035115e+01
-2.898218363146810361e+00 1.672502105474803002e+01
-2.896660599984678175e+00 1.488330029424523104e+01
-2.895102836822545989e+00 1.624733684693906000e+01
-2.893545073660413802e+00 1.246343930046109882e+01
-2.891987310498281616e+00 1.448795272067269124e+01
-2.890429547336149874e+00 1.335323408307839621e+01
-2.888871784174017687e+00 1.435300182450988338e+01
-2.887314021011885501e+00 1.510376495479062875e+01
-2.885756257849753315e+00 1.422778120600833596e+01
-2.884198494687621128e+00 1.437231650451395026e+01
-2.882640731525488942e+00 1.637384778056356538e+01
-2.881082968363356756e+00 1.463524693226490569e+01
-2.879525205201225013e+00 1.607022999408233233e+01
-2.877967442039092827e+00 1.548663269564642420e+01
-2.876409678876960641e+00 1.731743695052156440e+01
-2.874851915714828454e+00 2.028571827667469663e+01
-2.873294152552696268e+00 1.745277830507372485e+01
-2.871736389390564081e+00 1.251165964041158318e+01
-2.870178626228431895e+00 1.368648950522723240e+01
-2.868620863066300153e+00 1.627288938465280310e+01
-2.867063099904167967e+00 1.417344937672092442e+01
-2.865505336742035780e+00 1.934538235944567930e+01
-2.863947573579903594e+00 1.994445636546078759e+01
-2.862389810417771407e+00 1.651707672504474189e+01
-2.860832047255639221e+00 1.561042176318680141e+01
-2.859274284093507035e+00 1.993267387391974665e+01
-2.857716520931375292e+00 1.817092608137572540e+01
-2.856158757769243106e+00 1.491448207207280952e+01
-2.854600994607110920e+00 1.696383698751705182e+01
-2.853043231444978733e+00 1.500182565508452903e+01
-2.851485468282846547e+00 1.829571716895522826e+01
-2.849927705120714361e+00 2.172711917489592892e+01
-2.848369941958582174e+00 1.733926248561768091e+01
-2.846812178796450432e+00 2.024029074636278125e+01
-2.845254415634318246e+00 2.050813009488575744e+01
-2.843696652472186059e+00 1.827771728749176106e+01
-2.842138889310053873e+00 1.983653596265051888e+01
-2.840581126147921687e+00 1.992861217040669430e+01
-2.839023362985789500e+00 1.913204180966764056e+01
-2.837465599823657314e+00 1.588388643936596090e+01
-2.835907836661525572e+00 1.660433229036671321e+01
-2.834350073499393385e+00 1.846805482216499428e+01
-2.832792310337261199e+00 1.745912959986845081e+01
-2.831234547175129013e+00 1.702763755338484941e+01
-2.829676784012996826e+00 1.495010963063996634e+01
-2.828119020850865084e+00 1.559872650118989235e+01
-2.826561257688732898e+00 1.462942356377002717e+01
-2.825003494526600711e+00 1.404832095101177281e+01
-2.823445731364468525e+00 1.602382844474100665e+01
-2.821887968202336339e+00 1.426230232970498157e+01
-2.820330205040204152e+00 1.773898507628972609e+01
-2.818772441878071966e+00 1.794821338771206598e+01
-2.817214678715940224e+00 1.223378972683835109e+01
-2.815656915553808037e+00 1.322927571399734603e+01
-2.814099152391675851e+00 1.740132404808446154e+01
-2.812541389229543665e+00 1.823333586775533277e+01
-2.810983626067411478e+00 1.573983976249489558e+01
-2.809425862905279292e+00 1.637932952357091310e+01
-2.807868099743147106e+00 1.686425320413065165e+01
-2.806310336581015363e+00 1.613582026649090650e+01
-2.804752573418883177e+00 1.716438961733477697e+01
-2.803194810256750991e+00 2.144635643558164873e+01
-2.801637047094618804e+00 1.740816631739499698e+01
-2.800079283932486618e+00 1.477997092161302817e+01
-2.798521520770354432e+00 1.821585045690396143e+01
-2.796963757608222245e+00 1.784399163956442536e+01
-2.795405994446090503e+00 1.645787011423389146e+01
-2.793848231283958317e+00 1.862308913506605990e+01
-2.792290468121826130e+00 1.926778750198622703e+01
-2.790732704959693944e+00 1.523588416130857226e+01
-2.789174941797561758e+00 1.387561383477285304e+01
-2.787617178635429571e+00 1.479589532182982126e+01
-2.786059415473297385e+00 1.673606516169237679e+01
-2.784501652311165643e+00 1.550499086345261546e+01
-2.782943889149033456e+00 1.612508785973971115e+01
-2.781386125986901270e+00 1.257677258311326796e+01
-2.779828362824769084e+00 1.545740796897564096e+01
-2.778270599662636897e+00 1.725413905021852656e+01
-2.776712836500504711e+00 1.466458783131422550e+01
-2.775155073338372524e+00 1.336733530290164929e+01
-2.773597310176240782e+00 1.657934051821077404e+01
-2.772039547014108596e+00 2.180533396565774140e+01
-2.770481783851976409e+00 1.548174794539964694e+01
-2.768924020689844223e+00 1.592971514317595982e+01
-2.767366257527712037e+00 1.411640321729922221e+01
-2.765808494365579850e+00 1.365004872262291791e+01
-2.764250731203447664e+00 1.547439678691223897e+01
-2.762692968041315922e+00 1.665237912786434649e+01
-2.761135204879183735e+00 1.610489901446796779e+01
-2.759577441717051549e+00 1.594415554919698508e+01
-2.758019678554919363e+00 1.577728031375071716e+01
-2.756461915392787176e+00 1.215310592463556638e+01
-2.754904152230654990e+00 1.610305007386018517e+01
-2.753346389068522804e+00 1.753226044335027467e+01
-2.751788625906391061e+00 2.022274442060075117e+01
-2.750230862744258875e+00 1.282171036203115122e+01
-2.748673099582126689e+00 1.287431695421951616e+01
-2.747115336419994502e+00 1.507014086037419176e+01
-2.745557573257862316e+00 1.639504398778391803e+01
-2.743999810095730574e+00 1.687786335344332045e+01
-2.742442046933598387e+00 1.718431830783415393e+01
-2.740884283771466201e+00 1.621906756769963920e+01
-2.739326520609334015e+00 1.434634892556027275e+01
-2.737768757447201828e+00 1.551774775490213187e+01
-2.736210994285069642e+00 1.627783004823877278e+01
-2.734653231122937456e+00 1.618726527257894787e+01
-2.733095467960805713e+00 1.479173682474765705e+01
-2.731537704798673527e+00 1.662616609858671879e+01
-2.729979941636541341e+00 2.109575425567968310e+01
-2.728422178474409154e+00 2.117573156058586648e+01
-2.726864415312276968e+00 1.765031483941989521e+01
-2.725306652150144782e+00 1.740403005109423518e+01
-2.723748888988012595e+00 1.935261008689190376e+01
-2.722191125825880853e+00 1.497441111918644729e+01
-2.720633362663748667e+00 1.550961364214657756e+01
-2.719075599501616480e+00 1.411712500733347220e+01
-2.717517836339484294e+00 1.950990626338721512e+01
-2.715960073177352108e+00 1.745448135913996524e+01
-2.714402310015219921e+00 1.979167990136550870e+01
-2.712844546853087735e+00 1.566603268567253693e+01
-2.711286783690955993e+00 1.232099401180971299e+01
-2.709729020528823806e+00 1.348101547346773366e+01
-2.708171257366691620e+00 1.530934961734411281e+01
-2.706613494204559434e+00 1.649870368000397036e+01
-2.705055731042427247e+00 1.458304618429296085e+01
-2.703497967880295061e+00 1.793268549867068273e+01
-2.701940204718162875e+00 1.262439350651388459e+01
-2.700382441556031132e+00 1.336856236515407126e+01
-2.698824678393898946e+00 1.747044040579161717e+01
-2.697266915231766760e+00 1.746036987428798426e+01
-2.695709152069634573e+00 1.730914422785629370e+01
-2.694151388907502387e+00 1.781146620783925627e+01
-2.692593625745370201e+00 1.657579125548547339e+01
-2.691035862583238014e+00 1.727353526333184064e+01
-2.689478099421106272e+00 1.789104134371420685e+01
-2.687920336258974086e+00 1.491046588265839823e+01
-2.686362573096841899e+00 1.463128232013259833e+01
-2.684804809934709713e+00 1.800542443895842126e+01
-2.683247046772577526e+00 1.447615415149907392e+01
-2.681689283610445784e+00 1.423873294350266860e+01
-2.680131520448313154e+00 1.674136716361817179e+01
-2.678573757286181412e+00 1.598346931392737780e+01
-2.677015994124049225e+00 1.579182989302349327e+01
-2.675458230961917039e+00 1.504933842610803651e+01
-2.673900467799784852e+00 1.498560274892438571e+01
-2.672342704637652666e+00 1.753760507653976219e+01
-2.670784941475520924e+00 1.985590724966758458e+01
-2.669227178313388293e+00 1.872526231271812236e+01
-2.667669415151256551e+00 1.655129623566351071e+01
-2.666111651989124365e+00 1.502290686327535241e+01
-2.664553888826992178e+00 1.692072510513294503e+01
-2.662996125664859992e+00 1.971827658964211594e+01
-2.661438362502727806e+00 1.625909475097866874e+01
-2.659880599340596063e+00 1.547560011424360837e+01
-2.658322836178463433e+00 1.363420706430180651e+01
-2.656765073016331691e+00 1.200115350198634445e+01
-2.655207309854199504e+00 1.513092417723074057e+01
-2.653649546692067318e+00 1.897420369066316326e+01
-2.652091783529935132e+00 1.749572396425923060e+01
-2.650534020367802945e+00 1.811851559290389702e+01
-2.648976257205671203e+00 1.679708727716783656e+01
-2.647418494043539017e+00 1.742671371323806540e+01
-2.645860730881406830e+00 2.008477436376601233e+01
-2.644302967719274644e+00 1.949953902547390783e+01
-2.642745204557142458e+00 1.833833502124227621e+01
-2.641187441395010271e+00 1.624956680778058526e+01
-2.639629678232878085e+00 1.440361101835910951e+01
-2.638071915070746343e+00 1.589962314050902314e+01
-2.636514151908614156e+00 1.622008227082848464e+01
-2.634956388746481970e+00 1.503143249280397953e+01
-2.633398625584349784e+00 1.425407939330641582e+01
-2.631840862422217597e+00 1.527762330155855608e+01
-2.630283099260085411e+00 1.160970429855334984e+01
-2.628725336097953225e+00 1.990334508095562782e+01
-2.627167572935821482e+00 1.978510082336317311e+01
-2.625609809773689296e+00 1.650604817705988481e+01
-2.624052046611557110e+00 2.006632568676076644e+01
-2.622494283449424923e+00 1.947590698422766309e+01
-2.620936520287292737e+00 1.390569746627354952e+01
-2.619378757125160551e+00 1.501572034755380969e+01
-2.617820993963028364e+00 2.004924835276899486e+01
-2.616263230800896622e+00 1.788956015468711058e+01
-2.614705467638764436e+00 1.365568649105978771e+01
-2.613147704476632249e+00 1.672587751567967018e+01
-2.611589941314500063e+00 1.909241659345605413e+01
-2.610032178152367877e+00 1.615748135079598313e+01
-2.608474414990235690e+00 1.700141090916333297e+01
-2.606916651828103504e+00 1.720166439822293114e+01
-2.605358888665971762e+00 1.695103908731078590e+01
-2.603801125503839575e+00 1.414512506036668782e+01
-2.602243362341707389e+00 1.218866789640540560e+01
-2.600685599179575203e+00 1.624746807970369744e+01
-2.599127836017443016e+00 1.877902612639675795e+01
-2.597570072855311274e+00 1.926826037282064163e+01
-2.596012309693178643e+00 1.768504117653826668e+01
-2.594454546531046901e+00 1.572758289379281571e+01
-2.592896783368914715e+00 1.881451953506667607e+01
-2.591339020206782529e+00 1.907498792443792013e+01
-2.589781257044650342e+00 1.761577776799138562e+01
-2.588223493882518156e+00 1.798941217934988401e+01
-2.586665730720386414e+00 1.684759262600263696e+01
-2.585107967558253783e+00 1.550829923635855501e+01
-2.583550204396122041e+00 1.474421326819489586e+01
-2.581992441233989855e+00 1.594792973923881263e+01
-2.580434678071857668e+00 1.521855084871404173e+01
-2.578876914909725482e+00 1.650093243473517290e+01
-2.577319151747593295e+00 1.964674893936248168e+01
-2.575761388585461553e+00 1.424706515714826338e+01
-2.574203625423329367e+00 1.699261218978872989e+01
-2.572645862261197180e+00 1.913403161622832016e+01
-2.571088099099064994e+00 1.936448079462428140e+01
-2.569530335936932808e+00 1.928387821060139018e+01
-2.567972572774800621e+00 1.717943798565559987e+01
-2.566414809612668435e+00 1.543045176428501897e+01
-2.564857046450536693e+00 1.561272093539537309e+01
-2.563299283288404506e+00 1.849457975677637123e+01
-2.561741520126272320e+00 1.762883417471356751e+01
-2.560183756964140134e+00 1.434298743012039701e+01
-2.558625993802007947e+00 1.370405780731170431e+01
-2.557068230639875761e+00 1.730225851667261949e+01
-2.555510467477743575e+00 1.922409981963548375e+01
-2.553952704315611832e+00 1.706008600731514235e+01
-2.552394941153479646e+00 1.310380740654736442e+01
-2.550837177991347460e+00 1.782134784584705045e+01
-2.549279414829215273e+00 1.861777565942946921e+01
-2.547721651667083087e+00 1.679509560094412635e+01
-2.546163888504950901e+00 1.552422201855092254e+01
-2.544606125342818714e+00 1.434376816073315375e+01
-2.543048362180686972e+00 1.497346840618934216e+01
-2.541490599018554786e+00 1.616037545614815585e+01
-2.539932835856422599e+00 1.411011288581121370e+01
-2.538375072694290413e+00 1.298467005934339369e+01
-2.536817309532158227e+00 1.270635502705843223e+01
-2.535259546370026040e+00 1.862660372069435510e+01
-2.533701783207893854e+00 1.706357819993051095e+01
-2.532144020045762112e+00 1.794492665320381519e+01
-2.530586256883629925e+00 1.681687004815595188e+01
-2.529028493721497739e+00 1.543300179101224145e+01
-2.527470730559365553e+00 1.666892614947094486e+01
-2.525912967397233366e+00 1.694071077370623968e+01
-2.524355204235101624e+00 1.819209447944276548e+01
-2.522797441072968994e+00 1.878887492946735804e+01
-2.521239677910837251e+00 1.651963372903602334e+01
-2.519681914748705065e+00 1.562367615604541982e+01
-2.518124151586572879e+00 2.005379248140611281e+01
-2.516566388424440692e+00 2.034621224999008859e+01
-2.515008625262308506e+00 1.673441865440615572e+01
-2.513450862100176764e+00 1.569508131291994069e+01
-2.511893098938044133e+00 1.874894857158048467e+01
-2.510335335775912391e+00 1.766942189673844155e+01
-2.508777572613780205e+00 1.633442620622440700e+01
-2.507219809451648018e+00 1.634767405923824057e+01
-2.505662046289515832e+00 1.732435324429290091e+01
-2.504104283127383646e+00 1.788001178174560124e+01
-2.502546519965251903e+00 1.770241968036852143e+01
-2.500988756803119273e+00 1.850128184851796576e+01
-2.499430993640987531e+00 2.147112025128483026e+01
-2.497873230478855344e+00 1.745765060083432729e+01
-2.496315467316723158e+00 1.378924480146342901e+01
-2.494757704154590972e+00 1.791742536963783294e+01
-2.493199940992458785e+00 1.763592980354355433e+01
-2.491642177830327043e+00 1.790823329305286293e+01
-2.490084414668194857e+00 1.822899314513480817e+01
-2.488526651506062670e+00 1.586041914952044074e+01
-2.486968888343930484e+00 1.834519641295860737e+01
-2.485411125181798297e+00 1.964221839721141549e+01
-2.483853362019666111e+00 1.488790870967583935e+01
-2.482295598857533925e+00 1.775011508319516551e+01
-2.480737835695402183e+00 1.392397476005655221e+01
-2.479180072533269996e+00 1.779918356989375638e+01
-2.477622309371137810e+00 1.954584858337662112e+01
-2.476064546209005623e+00 1.378118879271186970e+01
-2.474506783046873437e+00 1.701814479048779560e+01
-2.472949019884741251e+00 1.781277599829255820e+01
-2.471391256722609064e+00 1.671836505501582337e+01
-2.469833493560477322e+00 1.550432990878922546e+01
-2.468275730398345136e+00 1.685356566180858451e+01
-2.466717967236212949e+00 1.868137642997012193e+01
-2.465160204074080763e+00 1.681604604375907641e+01
-2.463602440911948577e+00 1.595359883583279093e+01
-2.462044677749816390e+00 1.518524806779780612e+01
-2.460486914587684204e+00 1.709702656005195109e+01
-2.458929151425552462e+00 1.322422787491491647e+01
-2.457371388263420275e+00 1.495554522642681050e+01
-2.455813625101288089e+00 1.250262952788286874e+01
-2.454255861939155903e+00 1.394673335815567761e+01
-2.452698098777023716e+00 1.741010307055989870e+01
-2.451140335614891530e+00 1.601992313123670542e+01
-2.449582572452759344e+00 1.534240519891768173e+01
-2.448024809290627601e+00 1.573232039283670858e+01
-2.446467046128495415e+00 1.758645075207109443e+01
-2.444909282966363229e+00 1.633553311830674559e+01
-2.443351519804231042e+00 1.822897671954904908e+01
-2.441793756642098856e+00 1.630493299683712749e+01
-2.440235993479967114e+00 1.681502059691975148e+01
-2.438678230317834483e+00 1.967483275816738342e+01
-2.437120467155702741e+00 1.637175121091824437e+01
-2.435562703993570555e+00 1.929692687162026488e+01
-2.434004940831438368e+00 1.925652069936860400e+01
-2.432447177669306182e+00 1.831884485211057623e+01
-2.430889414507173996e+00 1.566046307681346228e+01
-2.429331651345042253e+00 1.701255463644919530e+01
-2.427773888182909623e+00 2.057863504663237464e+01
-2.426216125020777881e+00 2.038760228451950951e+01
-2.424658361858645694e+00 1.633359460041371847e+01
-2.423100598696513508e+00 1.334008812611100581e+01
-2.421542835534381322e+00 1.768623160437917008e+01
-2.419985072372249135e+00 2.166626310359769292e+01
-2.418427309210117393e+00 2.148456776676826507e+01
-2.416869546047984763e+00 1.915298844852784299e+01
-2.415311782885853020e+00 1.385745604837059552e+01
-2.413754019723720834e+00 1.286616978034454206e+01
-2.412196256561588648e+00 1.301020307090526096e+01
-2.410638493399456461e+00 1.756278195186684954e+01
-2.409080730237324275e+00 1.677535945914545934e+01
-2.407522967075192533e+00 1.619048692286636282e+01
-2.405965203913060346e+00 1.771303313587079131e+01
-2.404407440750928160e+00 1.535863202685849238e+01
-2.402849677588795974e+00 1.556154129971276490e+01
-2.401291914426663787e+00 1.838484662840849992e+01
-2.399734151264531601e+00 1.609621537556093074e+01
-2.398176388102399414e+00 1.442512316716613796e+01
-2.396618624940267672e+00 1.747500854501107526e+01
-2.395060861778135486e+00 1.900746934617454187e+01
-2.393503098616003300e+00 2.076919460539103213e+01
-2.391945335453871113e+00 1.970473370117240464e+01
-2.390387572291738927e+00 1.681426107577020090e+01
-2.388829809129606740e+00 1.565684804413406539e+01
-2.387272045967474554e+00 1.627923525637638491e+01
-2.385714282805342812e+00 1.796618463420502820e+01
-2.384156519643210626e+00 1.560778145810727047e+01
-2.382598756481078439e+00 1.511551189109465732e+01
-2.381040993318946253e+00 1.500967334035072831e+01
-2.379483230156814066e+00 1.630430754484014244e+01
-2.377925466994681880e+00 1.977306521831547315e+01
-2.376367703832549694e+00 1.894768898509968480e+01
-2.374809940670417951e+00 1.964709593223508222e+01
-2.373252177508285765e+00 1.892569424721762772e+01
-2.371694414346153579e+00 1.788742949563201989e+01
-2.370136651184021392e+00 1.788854216053514889e+01
-2.368578888021889206e+00 1.713450364679430749e+01
-2.367021124859757464e+00 1.804593848707585124e+01
-2.365463361697624833e+00 2.054243344864455523e+01
-2.363905598535493091e+00 2.000330571005648750e+01
-2.362347835373360905e+00 1.993614148180822809e+01
-2.360790072211228718e+00 2.152959999829506899e+01
-2.359232309049096532e+00 2.029269474035227461e+01
-2.357674545886964346e+00 2.119870246315880991e+01
-2.356116782724832603e+00 1.637862454136798362e+01
-2.354559019562699973e+00 1.863584183842907294e+01
-2.353001256400568231e+00 1.891287801517514211e+01
-2.351443493238436044e+00 1.691662915696672087e+01
-2.349885730076303858e+00 1.639046511191189381e+01
-2.348327966914171672e+00 1.834678179330787984e+01
-2.346770203752039485e+00 1.836146262894165915e+01
-2.345212440589907743e+00 1.702026673433429238e+01
-2.343654677427775113e+00 1.752001861627115886e+01
-2.342096914265643370e+00 1.610700182040609363e+01
-2.340539151103511184e+00 1.954302183821656413e+01
-2.338981387941378998e+00 1.996324679164963456e+01
-2.337423624779246811e+00 2.022157935973364928e+01
-2.335865861617114625e+00 2.023890212007713529e+01
-2.334308098454982883e+00 1.909546106343173477e+01
-2.332750335292850696e+00 1.817108164561436112e+01
-2.331192572130718510e+00 1.630984734568326999e+01
-2.329634808968586324e+00 1.635324853806744372e+01
-2.328077045806454137e+00 1.915636277891721306e+01
-2.326519282644321951e+00 2.082022340721374576e+01
-2.324961519482189765e+00 1.961424442637473575e+01
-2.323403756320058022e+00 1.590179053079276628e+01
-2.321845993157925836e+00 1.756631293166521601e+01
-2.320288229995793650e+00 1.465659719915653270e+01
-2.318730466833661463e+00 1.774730937090819083e+01
-2.317172703671529277e+00 1.635925955871416804e+01
-2.315614940509397091e+00 1.867398229458417447e+01
-2.314057177347264904e+00 1.780094124429242086e+01
-2.312499414185133162e+00 1.858905485328003238e+01
-2.310941651023000976e+00 2.176261985967056845e+01
-2.309383887860868789e+00 1.951591071425250590e+01
-2.307826124698736603e+00 1.744085046439667863e+01
-2.306268361536604417e+00 1.839271779685705255e+01
-2.304710598374472230e+00 1.931078472185550154e+01
-2.303152835212340044e+00 1.964738926826612797e+01
-2.301595072050208302e+00 1.579779787055767848e+01
-2.300037308888076115e+00 1.998859180172613037e+01
-2.298479545725943929e+00 1.538744227434703760e+01
-2.296921782563811743e+00 1.374055230236580272e+01
-2.295364019401679556e+00 1.535280034523699122e+01
-2.293806256239547370e+00 1.807954073378321525e+01
-2.292248493077415183e+00 1.796030125131720467e+01
-2.290690729915283441e+00 1.418031135211677451e+01
-2.289132966753151255e+00 1.398128243301212592e+01
-2.287575203591019068e+00 1.829297150082153678e+01
-2.286017440428886882e+00 1.992971041391115961e+01
-2.284459677266754696e+00 1.622078405953454805e+01
-2.282901914104622954e+00 1.743632911362052340e+01
-2.281344150942490323e+00 1.887700025162572359e+01
-2.279786387780358581e+00 1.797921442092827959e+01
-2.278228624618226394e+00 1.351849644285004892e+01
-2.276670861456094208e+00 1.426792349160485962e+01
-2.275113098293962022e+00 1.825807602499957483e+01
-2.273555335131829835e+00 1.681873437824863160e+01
-2.271997571969698093e+00 1.932063362894568570e+01
-2.270439808807565463e+00 2.042787708411241709e+01
-2.268882045645433720e+00 2.106961586156209876e+01
-2.267324282483301534e+00 2.139108277662198887e+01
-2.265766519321169348e+00 1.901375577238916748e+01
-2.264208756159037161e+00 1.838833573587973547e+01
-2.262650992996904975e+00 1.913132221543484945e+01
-2.261093229834773233e+00 1.630414908103738725e+01
-2.259535466672640602e+00 1.924757032920290811e+01
-2.257977703510508860e+00 1.576836365581169019e+01
-2.256419940348376674e+00 1.393223197012808079e+01
-2.254862177186244487e+00 2.182301001419404329e+01
-2.253304414024112301e+00 2.257445250857961483e+01
-2.251746650861980115e+00 1.702839716214261756e+01
-2.250188887699848372e+00 1.705115448977158366e+01
-2.248631124537716186e+00 1.997262655950746080e+01
-2.247073361375584000e+00 2.003205260512858032e+01
-2.245515598213451813e+00 1.952601997915489918e+01
-2.243957835051319627e+00 2.118542010127480424e+01
-2.242400071889187441e+00 1.982058395423937469e+01
-2.240842308727055254e+00 1.774689619532859197e+01
-2.239284545564923512e+00 2.070170201097483798e+01
-2.237726782402791326e+00 1.526281866279249932e+01
-2.236169019240659139e+00 1.698146450086905546e+01
-2.234611256078526953e+00 2.657358561632506522e+01
-2.233053492916394767e+00 2.394400955602272774e+01
-2.231495729754262580e+00 1.945352271628240359e+01
-2.229937966592130394e+00 1.662009307195679142e+01
-2.228380203429998652e+00 1.677236421558146873e+01
-2.226822440267866465e+00 1.697013043242080954e+01
-2.225264677105734279e+00 1.629514467117049747e+01
-2.223706913943602093e+00 1.654792385033216107e+01
-2.222149150781469906e+00 1.781529899499585667e+01
-2.220591387619337720e+00 1.881647641167942098e+01
-2.219033624457205534e+00 1.623383635055103724e+01
-2.217475861295073791e+00 2.122612133502882159e+01
-2.215918098132941605e+00 1.988824988123121074e+01
-2.214360334970809419e+00 1.495042709413659132e+01
-2.212802571808677232e+00 1.811437064237396299e+01
-2.211244808646545046e+00 1.962321270919993310e+01
-2.209687045484412860e+00 1.710881957060606950e+01
-2.208129282322280673e+00 1.948242296470517232e+01
-2.206571519160148931e+00 1.976125631553702178e+01
-2.205013755998016745e+00 1.726195099210002581e+01
-2.203455992835884558e+00 1.810879108973776752e+01
-2.201898229673752372e+00 2.039979646523157442e+01
-2.200340466511620185e+00 2.040936371321358322e+01
-2.198782703349488443e+00 1.954533274732549231e+01
-2.197224940187355813e+00 1.970867506177370032e+01
-2.195667177025224071e+00 2.035743904071037491e+01
-2.194109413863091884e+00 1.734648173654510472e+01
-2.192551650700959698e+00 1.957388296932238703e+01
-2.190993887538827511e+00 1.908233531029537033e+01
-2.189436124376695325e+00 1.475790587921049912e+01
-2.187878361214563583e+00 1.417227217214490942e+01
-2.186320598052430952e+00 1.617600968931555983e+01
-2.184762834890299210e+00 1.851636132369469223e+01
-2.183205071728167024e+00 1.981252817873649263e+01
-2.181647308566034837e+00 2.073442850230699719e+01
-2.180089545403902651e+00 2.151024973463298195e+01
-2.178531782241770465e+00 1.952626969328667172e+01
-2.176974019079638722e+00 1.557081491744801660e+01
-2.175416255917506092e+00 1.678208068526340568e+01
-2.173858492755374350e+00 2.213056031414063440e+01
-2.172300729593242163e+00 1.660548900966661279e+01
-2.170742966431109977e+00 1.713332850379727645e+01
-2.169185203268977791e+00 2.239548165771684651e+01
-2.167627440106845604e+00 2.147457803887708749e+01
-2.166069676944713862e+00 2.047368336856428783e+01
-2.164511913782581232e+00 2.037508009516238516e+01
-2.162954150620449489e+00 2.068280350172422288e+01
-2.161396387458317303e+00 2.048236978040953105e+01
-2.159838624296185117e+00 1.861549092431232566e+01
-2.158280861134053374e+00 2.086936398106121615e+01
-2.156723097971920744e+00 2.204312216709086059e+01
-2.155165334809789002e+00 2.158118714447445896e+01
-2.153607571647656371e+00 1.375905083125155315e+01
-2.152049808485524629e+00 1.642024231270072931e+01
-2.150492045323392443e+00 2.011047882894569128e+01
-2.148934282161260256e+00 1.954278620648843656e+01
-2.147376518999128514e+00 1.878067538436202000e+01
-2.145818755836995884e+00 1.958316848445167579e+01
-2.144260992674864141e+00 1.995200272058884750e+01
-2.142703229512731955e+00 1.989148825689583333e+01
-2.141145466350599769e+00 2.165220850280915244e+01
-2.139587703188467582e+00 2.369133846189772186e+01
-2.138029940026335396e+00 1.750510254885978156e+01
-2.136472176864203654e+00 1.869080030073942211e+01
-2.134914413702071023e+00 2.019014235220962661e+01
-2.133356650539939281e+00 2.270728415435030456e+01
-2.131798887377807095e+00 1.934986162647545882e+01
-2.130241124215674908e+00 2.145602211236466061e+01
-2.128683361053542722e+00 2.105195266331572057e+01
-2.127125597891410536e+00 1.621486338913721426e+01
-2.125567834729278793e+00 1.539997611237260067e+01
-2.124010071567146163e+00 1.698185561840891467e+01
-2.122452308405014421e+00 1.882284618756884242e+01
-2.120894545242882234e+00 2.293219208410542365e+01
-2.119336782080750048e+00 2.274976574541188867e+01
-2.117779018918617862e+00 1.786173788007328866e+01
-2.116221255756485675e+00 1.752720256819911171e+01
-2.114663492594353933e+00 2.016569967583978595e+01
-2.113105729432221302e+00 1.815467608647743702e+01
-2.111547966270089560e+00 2.047501885316781767e+01
-2.109990203107957374e+00 1.991885246277499633e+01
-2.108432439945825188e+00 1.885152218567655069e+01
-2.106874676783693001e+00 1.854828670665150270e+01
-2.105316913621560815e+00 1.774380870772924013e+01
-2.103759150459429073e+00 1.643067808594065937e+01
-2.102201387297296442e+00 1.781030068067603622e+01
-2.100643624135164700e+00 1.958951102386750875e+01
-2.099085860973032513e+00 2.150489565141662496e+01
-2.097528097810900327e+00 1.713777448625794619e+01
-2.095970334648768141e+00 1.846418620510390696e+01
-2.094412571486635954e+00 1.824373058540229664e+01
-2.092854808324504212e+00 1.745645954618833429e+01
-2.091297045162371582e+00 1.615988761373537486e+01
-2.089739282000239839e+00 2.031412273060812268e+01
-2.088181518838107653e+00 2.172839614321199164e+01
-2.086623755675975467e+00 2.235718845139006916e+01
-2.085065992513843280e+00 2.086534325038313753e+01
-2.083508229351711094e+00 1.959264134495519727e+01
-2.081950466189579352e+00 2.054233372384116763e+01
-2.080392703027446721e+00 1.939762411313334667e+01
-2.078834939865314979e+00 2.120223610901760480e+01
-2.077277176703182793e+00 1.859449888559279529e+01
-2.075719413541050606e+00 1.957041109230595666e+01
-2.074161650378918864e+00 2.065152823965414797e+01
-2.072603887216786234e+00 2.006963833360162042e+01
-2.071046124054654491e+00 2.095459669556534621e+01
-2.069488360892521861e+00 2.008367607447546632e+01
-2.067930597730390119e+00 2.012868592333935069e+01
-2.066372834568257932e+00 2.077453106718342823e+01
-2.064815071406125746e+00 1.910746146682647151e+01
-2.063257308243994004e+00 1.598107539181786407e+01
-2.061699545081861373e+00 1.817594946558869395e+01
-2.060141781919729631e+00 2.320673300120304106e+01
-2.058584018757597445e+00 2.175072209329567485e+01
-2.057026255595465258e+00 2.257589262827763221e+01
-2.055468492433333072e+00 1.932420935582402421e+01
-2.053910729271200886e+00 1.793332121335442864e+01
-2.052352966109069143e+00 2.083555467578983311e+01
-2.050795202946936513e+00 2.077720500268772597e+01
-2.049237439784804771e+00 2.026090583163808034e+01
-2.047679676622672584e+00 1.968279530015124479e+01
-2.046121913460540398e+00 1.863727771588045456e+01
-2.044564150298408212e+00 1.890110753841119262e+01
-2.043006387136276025e+00 1.659538605254780208e+01
-2.041448623974144283e+00 1.845701356992439557e+01
-2.039890860812011653e+00 1.984897744317958157e+01
-2.038333097649879910e+00 2.104700896166564306e+01
-2.036775334487747724e+00 2.127467130917321469e+01
-2.035217571325615538e+00 2.022101622703403834e+01
-2.033659808163483351e+00 1.689576069324454366e+01
-2.032102045001351165e+00 1.633960639472005738e+01
-2.030544281839219423e+00 1.878574530389926167e+01
-2.028986518677086792e+00 1.750466983614349203e+01
-2.027428755514955050e+00 1.660737337297828375e+01
-2.025870992352822864e+00 1.857087033392923914e+01
-2.024313229190690677e+00 1.925171122793548406e+01
-2.022755466028558491e+00 1.849964342042161292e+01
-2.021197702866426305e+00 2.232087626530930535e+01
-2.019639939704294562e+00 1.874722629088573456e+01
-2.018082176542161932e+00 1.493251302451118079e+01
-2.016524413380030190e+00 1.670992413499013907e+01
-2.014966650217898003e+00 1.526269803275249259e+01
-2.013408887055765817e+00 1.611453687102615717e+01
-2.011851123893633631e+00 1.916478552563707893e+01
-2.010293360731501444e+00 2.142363098359010110e+01
-2.008735597569369702e+00 2.238117859588299297e+01
-2.007177834407237071e+00 2.094933938252733441e+01
-2.005620071245105329e+00 1.888880966829852781e+01
-2.004062308082973143e+00 1.838527619293525817e+01
-2.002504544920840956e+00 1.792726832937656667e+01
-2.000946781758709214e+00 1.950220418620908447e+01
-1.999389018596576806e+00 1.528434499007033764e+01
-1.997831255434444619e+00 1.885282840621426104e+01
-1.996273492272312433e+00 1.929151966596209888e+01
-1.994715729110180469e+00 1.979825955818093064e+01
-1.993157965948048282e+00 1.939139738811347513e+01
-1.991600202785916096e+00 1.861660728557528444e+01
-1.990042439623784132e+00 1.929215118970252618e+01
-1.988484676461651945e+00 1.964137079301767130e+01
-1.986926913299519759e+00 1.900181453913950946e+01
-1.985369150137387573e+00 1.770408177471146871e+01
-1.983811386975255608e+00 1.990953626857481140e+01
-1.982253623813123422e+00 2.130727919174232099e+01
-1.980695860650991236e+00 2.317561780522658665e+01
-1.979138097488859271e+00 1.787719924065655519e+01
-1.977580334326727085e+00 2.023462640180598626e+01
-1.976022571164594899e+00 1.889661338491427145e+01
-1.974464808002462934e+00 1.956317916896069420e+01
-1.972907044840330748e+00 2.212388832807174310e+01
-1.971349281678198562e+00 2.290815798305469997e+01
-1.969791518516066375e+00 2.315067505335236220e+01
-1.968233755353934411e+00 2.356543194044160217e+01
-1.966675992191802225e+00 2.168501410071915814e+01
-1.965118229029670038e+00 1.659374343733506052e+01
-1.963560465867538074e+00 1.928943283422467658e+01
-1.962002702705405888e+00 2.208942801909260467e+01
-1.960444939543273701e+00 2.097815604442052617e+01
-1.958887176381141737e+00 2.098308310848096525e+01
-1.957329413219009551e+00 2.047998364267386151e+01
-1.955771650056877364e+00 1.782535577318667208e+01
-1.954213886894745178e+00 1.753286282076936331e+01
-1.952656123732613214e+00 1.773351567189524047e+01
-1.951098360570481027e+00 1.766930373228630913e+01
-1.949540597408348841e+00 1.781438851522279521e+01
-1.947982834246216877e+00 1.868136721999104921e+01
-1.946425071084084690e+00 2.140343248285086730e+01
-1.944867307921952504e+00 2.406077178231742053e+01
-1.943309544759820540e+00 2.305162518286867268e+01
-1.941751781597688353e+00 1.790984594944153230e+01
-1.940194018435556167e+00 1.890572022873471170e+01
-1.938636255273423981e+00 2.080090844939389783e+01
-1.937078492111292016e+00 1.931011147426190533e+01
-1.935520728949159830e+00 1.683262560594811319e+01
-1.933962965787027644e+00 1.662164547972055573e+01
-1.932405202624895679e+00 1.902208353535634799e+01
-1.930847439462763493e+00 1.982130054959505827e+01
-1.929289676300631307e+00 2.110642447079681361e+01
-1.927731913138499120e+00 2.190898244410871953e+01
-1.926174149976367156e+00 2.165785894982460391e+01
-1.924616386814234970e+00 2.441832299372796200e+01
-1.923058623652102783e+00 1.725757162344448759e+01
-1.921500860489970819e+00 2.095085567976002139e+01
-1.919943097327838633e+00 2.182788683733899759e+01
-1.918385334165706446e+00 1.749240896377679988e+01
-1.916827571003574482e+00 1.680961350377703312e+01
-1.915269807841442296e+00 1.849997838557823471e+01
-1.913712044679310109e+00 2.111391016764139295e+01
-1.912154281517177923e+00 2.126935214130042340e+01
-1.910596518355045959e+00 1.730768879098315693e+01
-1.909038755192913772e+00 1.977394914918825464e+01
-1.907480992030781586e+00 1.783482779535790641e+01
-1.905923228868649622e+00 1.792038264077257637e+01
-1.904365465706517435e+00 1.794076477222321131e+01
-1.902807702544385249e+00 1.675657353877978295e+01
-1.901249939382253284e+00 2.080880745026791345e+01
-1.899692176220121098e+00 2.128964988766036370e+01
-1.898134413057988912e+00 1.670133507392797512e+01
-1.896576649895856725e+00 1.766072946258358911e+01
-1.895018886733724761e+00 1.977011812719068828e+01
-1.893461123571592575e+00 1.461235945854189389e+01
-1.891903360409460388e+00 1.777148113199350377e+01
-1.890345597247328424e+00 1.727231476650215214e+01
-1.888787834085196238e+00 2.045084045131763162e+01
-1.887230070923064051e+00 1.977681055953149780e+01
-1.885672307760931865e+00 1.994969469230537129e+01
-1.884114544598799901e+00 1.989296415588007960e+01
-1.882556781436667714e+00 1.947140821849921366e+01
-1.880999018274535528e+00 1.988855348268620205e+01
-1.879441255112403564e+00 2.269879681888946621e+01
-1.877883491950271377e+00 2.446480611218127521e+01
-1.876325728788139191e+00 2.037501847426829116e+01
-1.874767965626007227e+00 2.304534032667894650e+01
-1.873210202463875040e+00 2.401354615322586739e+01
-1.871652439301742854e+00 2.086897343494561952e+01
-1.870094676139610668e+00 2.199044852662519034e+01
-1.868536912977478703e+00 2.183769610042474341e+01
-1.866979149815346517e+00 2.356510193963764266e+01
-1.865421386653214331e+00 2.267124249976993511e+01
-1.863863623491082366e+00 2.006932377418235802e+01
-1.862305860328950180e+00 2.005468113960333199e+01
-1.860748097166817994e+00 1.978705205516331844e+01
-1.859190334004686029e+00 1.831574115060446672e+01
-1.857632570842553843e+00 1.661568635746332490e+01
-1.856074807680421657e+00 1.534881874781845390e+01
-1.854517044518289470e+00 1.911714769906201283e+01
-1.852959281356157506e+00 2.052263095240769886e+01
-1.851401518194025320e+00 1.956903200499101558e+01
-1.849843755031893133e+00 1.984359211123916822e+01
-1.848285991869761169e+00 1.986200773681961351e+01
-1.846728228707628983e+00 1.949757350588580351e+01
-1.845170465545496796e+00 2.063972868169870623e+01
-1.843612702383364610e+00 1.935287022742293672e+01
-1.842054939221232646e+00 1.893828893252078416e+01
-1.840497176059100459e+00 1.950241164555554718e+01
-1.838939412896968273e+00 2.212987314263740757e+01
-1.837381649734836309e+00 2.460560766525887644e+01
-1.835823886572704122e+00 2.018099768627995871e+01
-1.834266123410571936e+00 2.060286255614373374e+01
-1.832708360248439972e+00 2.238567614669098305e+01
-1.831150597086307785e+00 1.947738010880011572e+01
-1.829592833924175599e+00 1.843084721319637609e+01
-1.828035070762043413e+00 2.150798323863713790e+01
-1.826477307599911448e+00 1.971025784110689472e+01
-1.824919544437779262e+00 1.998210270543190958e+01
-1.823361781275647076e+00 2.224155354151607966e+01
-1.821804018113515111e+00 1.940527602257546036e+01
-1.820246254951382925e+00 2.117301227026624844e+01
-1.818688491789250739e+00 2.080408814469806700e+01
-1.817130728627118774e+00 1.980295565355469023e+01
-1.815572965464986588e+00 1.918141067316537018e+01
-1.814015202302854401e+00 1.986153018508908374e+01
-1.812457439140722215e+00 2.160858586067282516e+01
-1.810899675978590251e+00 1.975367910579549502e+01
-1.809341912816458064e+00 2.157662478845294274e+01
-1.807784149654325878e+00 2.401150205637075175e+01
-1.806226386492193914e+00 2.332589468111256537e+01
-1.804668623330061727e+00 1.997477490493872310e+01
-1.803110860167929541e+00 1.960283346417251593e+01
-1.801553097005797577e+00 1.955996318668343292e+01
-1.799995333843665390e+00 1.893800511417739330e+01
-1.798437570681533204e+00 1.836496110756176492e+01
-1.796879807519401018e+00 1.877139449900791490e+01
-1.795322044357269053e+00 1.940638093821698718e+01
-1.793764281195136867e+00 1.734370897815319523e+01
-1.792206518033004681e+00 2.145677841141468178e+01
-1.790648754870872716e+00 2.361288774630628851e+01
-1.789090991708740530e+00 2.053618878123402425e+01
-1.787533228546608344e+00 1.833736777488281433e+01
-1.785975465384476157e+00 1.774547039237198121e+01
-1.784417702222344193e+00 1.907377186098584687e+01
-1.782859939060212007e+00 2.092504399085729361e+01
-1.781302175898079820e+00 2.183521787402958125e+01
-1.779744412735947856e+00 1.882972010774885874e+01
-1.778186649573815670e+00 1.847800897274816379e+01
-1.776628886411683483e+00 2.299675865091723281e+01
-1.775071123249551519e+00 1.955339050752060714e+01
-1.773513360087419333e+00 1.513297390068382420e+01
-1.771955596925287146e+00 2.108859801800355172e+01
-1.770397833763154960e+00 1.919580339520963719e+01
-1.768840070601022996e+00 2.200200816221162015e+01
-1.767282307438890809e+00 2.567514737822875404e+01
-1.765724544276758623e+00 2.069382583666704889e+01
-1.764166781114626659e+00 1.819805662067348351e+01
-1.762609017952494472e+00 2.204308452393718554e+01
-1.761051254790362286e+00 2.730982114682542772e+01
-1.759493491628230322e+00 2.092326762854392541e+01
-1.757935728466098135e+00 2.139637454023538155e+01
-1.756377965303965949e+00 2.514953650246172501e+01
-1.754820202141833763e+00 2.203186292872926444e+01
-1.753262438979701798e+00 2.053861138364329264e+01
-1.751704675817569612e+00 2.188565545185449324e+01
-1.750146912655437426e+00 1.979508001430841091e+01
-1.748589149493305461e+00 1.835223384734826624e+01
-1.747031386331173275e+00 2.296784604748725300e+01
-1.745473623169041089e+00 2.323768912808170128e+01
-1.743915860006909124e+00 1.921001255814681130e+01
-1.742358096844776938e+00 1.976561441053415891e+01
-1.740800333682644752e+00 2.146706086480543263e+01
-1.739242570520512565e+00 2.100297003896880454e+01
-1.737684807358380601e+00 1.902077515286176990e+01
-1.736127044196248415e+00 1.763716266712566849e+01
-1.734569281034116228e+00 1.887231683044019093e+01
-1.733011517871984264e+00 2.054677170859844892e+01
-1.731453754709852078e+00 2.531033274129783095e+01
-1.729895991547719891e+00 2.081289664685669294e+01
-1.728338228385587705e+00 2.225225990388655362e+01
-1.726780465223455741e+00 2.348410672763107243e+01
-1.725222702061323554e+00 2.047964789993055135e+01
-1.723664938899191368e+00 1.958213795998182860e+01
-1.722107175737059404e+00 2.049291252304301736e+01
-1.720549412574927217e+00 2.079922990758730350e+01
-1.718991649412795031e+00 1.839734616520909327e+01
-1.717433886250663067e+00 2.369278336129271167e+01
-1.715876123088530880e+00 2.104424613302641589e+01
-1.714318359926398694e+00 1.890603617033217887e+01
-1.712760596764266507e+00 1.883021483086723791e+01
-1.711202833602134543e+00 1.936114692176785113e+01
-1.709645070440002357e+00 1.764417788622860428e+01
-1.708087307277870170e+00 1.770902797477821977e+01
-1.706529544115738206e+00 2.090947992603179273e+01
-1.704971780953606020e+00 2.118985086549010788e+01
-1.703414017791473833e+00 2.463058606114901394e+01
-1.701856254629341869e+00 2.009910955018271039e+01
-1.700298491467209683e+00 2.016516709717498657e+01
-1.698740728305077496e+00 2.403608325960510683e+01
-1.697182965142945310e+00 2.333853974360583550e+01
-1.695625201980813346e+00 2.153946102289803832e+01
-1.694067438818681159e+00 2.169633138873307487e+01
-1.692509675656548973e+00 2.120659454135659416e+01
-1.690951912494417009e+00 2.192365194589544686e+01
-1.689394149332284822e+00 2.312186709762504577e+01
-1.687836386170152636e+00 1.784985509941197179e+01
-1.686278623008020450e+00 1.903271528770892829e+01
-1.684720859845888485e+00 2.213017811494655973e+01
-1.683163096683756299e+00 2.349185009069948649e+01
-1.681605333521624113e+00 2.229242949458190282e+01
-1.680047570359492148e+00 2.067333496741056820e+01
-1.678489807197359962e+00 1.944977863969739218e+01
-1.676932044035227776e+00 1.628604860713324243e+01
-1.675374280873095811e+00 1.968888121049247530e+01
-1.673816517710963625e+00 1.930873566267248975e+01
-1.672258754548831439e+00 2.239617172484499008e+01
-1.670700991386699252e+00 2.222751302866176815e+01
-1.669143228224567288e+00 2.291408155382235634e+01
-1.667585465062435102e+00 2.355297063976172467e+01
-1.666027701900302915e+00 2.272454261150146593e+01
-1.664469938738170951e+00 2.148415663007742538e+01
-1.662912175576038765e+00 1.937393913472368467e+01
-1.661354412413906578e+00 2.062863074354755000e+01
-1.659796649251774614e+00 2.019812958344548903e+01
-1.658238886089642428e+00 1.852884327199600989e+01
-1.656681122927510241e+00 1.795754236804166837e+01
-1.655123359765378055e+00 1.932169939528037261e+01
-1.653565596603246091e+00 2.063432718163459967e+01
-1.652007833441113904e+00 2.211323886130347915e+01
-1.650450070278981718e+00 2.515284951792003554e+01
-1.648892307116849754e+00 2.319238453633779073e+01
-1.647334543954717567e+00 1.966890832612167017e+01
-1.645776780792585381e+00 2.130457699779857350e+01
-1.644219017630453195e+00 1.900932596942387676e+01
-1.642661254468321230e+00 1.734515867598119954e+01
-1.641103491306189044e+00 2.382259051635990232e+01
-1.639545728144056858e+00 2.455619650526450926e+01
-1.637987964981924893e+00 2.012191736304510314e+01
-1.636430201819792707e+00 1.895298999019357211e+01
-1.634872438657660521e+00 2.581019798338765980e+01
-1.633314675495528556e+00 2.393404965276115348e+01
-1.631756912333396370e+00 1.964355062773201155e+01
-1.630199149171264184e+00 1.651663441406611099e+01
-1.628641386009131997e+00 1.498613095858147837e+01
-1.627083622847000033e+00 2.266350094464940668e+01
-1.625525859684867847e+00 2.533816977300748619e+01
-1.623968096522735660e+00 2.233245841306260360e+01
-1.622410333360603696e+00 1.949451029127534696e+01
-1.620852570198471509e+00 2.045496152744808072e+01
-1.619294807036339323e+00 2.389153746478642759e+01
-1.617737043874207359e+00 1.983178505157852456e+01
-1.616179280712075172e+00 1.709548714843918660e+01
-1.614621517549942986e+00 1.929981781855316569e+01
-1.613063754387810800e+00 1.967958144339567994e+01
-1.611505991225678835e+00 1.918719420673949116e+01
-1.609948228063546649e+00 1.963327025871806342e+01
-1.608390464901414463e+00 2.098242802159430553e+01
-1.606832701739282498e+00 2.234246891165067339e+01
-1.605274938577150312e+00 1.835460169878340508e+01
-1.603717175415018126e+00 2.162465100087472436e+01
-1.602159412252886161e+00 2.353069481998775458e+01
-1.600601649090753975e+00 2.212329694736848396e+01
-1.599043885928621789e+00 2.068570316960440181e+01
-1.597486122766489602e+00 1.984215599456565116e+01
-1.595928359604357638e+00 2.184100909378487287e+01
-1.594370596442225452e+00 2.238141053122297564e+01
-1.592812833280093265e+00 2.084356908663573549e+01
-1.591255070117961301e+00 1.873849813959479960e+01
-1.589697306955829115e+00 2.113379560954204450e+01
-1.588139543793696928e+00 2.041931158282561753e+01
-1.586581780631564742e+00 2.456096056642684999e+01
-1.585024017469432778e+00 2.571515087463888705e+01
-1.583466254307300591e+00 2.299887955567010067e+01
-1.581908491145168405e+00 1.917597048012315852e+01
-1.580350727983036441e+00 1.929746207989938256e+01
-1.578792964820904254e+00 2.254311732560934090e+01
-1.577235201658772068e+00 2.020904371466205163e+01
-1.575677438496640104e+00 1.747224494570437159e+01
-1.574119675334507917e+00 2.118326568582399361e+01
-1.572561912172375731e+00 2.175969786206805168e+01
-1.571004149010243545e+00 1.933999625241713360e+01
-1.569446385848111580e+00 2.205976028465537908e+01
-1.567888622685979394e+00 2.407186339037467349e+01
-1.566330859523847208e+00 2.341417526926688453e+01
-1.564773096361715243e+00 2.259777164311215003e+01
-1.563215333199583057e+00 2.219314891697955616e+01
-1.561657570037450871e+00 2.502036614023141681e+01
-1.560099806875318906e+00 2.236814351612916596e+01
-1.558542043713186720e+00 2.370179054367862648e+01
-1.556984280551054534e+00 2.328233544021524892e+01
-1.555426517388922347e+00 2.128928457317877232e+01
-1.553868754226790383e+00 2.162395099930700226e+01
-1.552310991064658197e+00 2.266795998218775665e+01
-1.550753227902526010e+00 2.073020149183235006e+01
-1.549195464740394046e+00 1.577512668157695508e+01
-1.547637701578261860e+00 1.606635136935676655e+01
-1.546079938416129673e+00 1.889523377860988518e+01
-1.544522175253997709e+00 2.085677458780506655e+01
-1.542964412091865523e+00 1.821198342557241290e+01
-1.541406648929733336e+00 2.047555105333006864e+01
-1.539848885767601150e+00 2.515969768178997512e+01
-1.538291122605469186e+00 2.595721367711875160e+01
-1.536733359443336999e+00 2.367469050401033570e+01
-1.535175596281204813e+00 2.203189756501673813e+01
-1.533617833119072849e+00 2.218265385817416302e+01
-1.532060069956940662e+00 2.052635216365342430e+01
-1.530502306794808476e+00 2.224784793705830310e+01
-1.528944543632676289e+00 2.057216834327980592e+01
-1.527386780470544325e+00 2.042897564024372414e+01
-1.525829017308412139e+00 2.221459941727789555e+01
-1.524271254146279952e+00 2.323375227882771910e+01
-1.522713490984147988e+00 2.310198557604681469e+01
-1.521155727822015802e+00 2.067796920906002001e+01
-1.519597964659883615e+00 1.848518386603906194e+01
-1.518040201497751651e+00 2.396607456701581995e+01
-1.516482438335619465e+00 2.159229460823835112e+01
-1.514924675173487278e+00 2.400924185174198655e+01
-1.513366912011355092e+00 2.329887090198880983e+01
-1.511809148849223128e+00 2.137943663294802832e+01
-1.510251385687090941e+00 2.334138312353504219e+01
-1.508693622524958755e+00 2.534830961978975239e+01
-1.507135859362826791e+00 2.094649998177652961e+01
-1.505578096200694604e+00 2.476378253488259773e+01
-1.504020333038562418e+00 1.895748108921078057e+01
-1.502462569876430454e+00 1.849483398676083468e+01
-1.500904806714298267e+00 2.342177469899572273e+01
-1.499347043552166081e+00 2.145496036373523907e+01
-1.497789280390033895e+00 2.032155564079302934e+01
-1.496231517227901930e+00 2.165270752393843878e+01
-1.494673754065769744e+00 2.399898910556893483e+01
-1.493115990903637558e+00 2.739416119930120175e+01
-1.491558227741505593e+00 2.478418868934369002e+01
-1.490000464579373407e+00 2.092910397272201450e+01
-1.488442701417241221e+00 1.702344601398806390e+01
-1.486884938255109034e+00 1.750326262562072088e+01
-1.485327175092977070e+00 1.979939950302258822e+01
-1.483769411930844884e+00 1.921563184904023203e+01
-1.482211648768712697e+00 1.865898551874957434e+01
-1.480653885606580733e+00 1.908723754845106413e+01
-1.479096122444448547e+00 1.705650360498354345e+01
-1.477538359282316360e+00 1.897780714519428358e+01
-1.475980596120184396e+00 2.072394615440109789e+01
-1.474422832958052210e+00 1.794751817373843750e+01
-1.472865069795920023e+00 2.157477570566022607e+01
-1.471307306633787837e+00 2.369788897638017033e+01
-1.469749543471655873e+00 2.517669858174166109e+01
-1.468191780309523686e+00 2.292137540301996879e+01
-1.466634017147391500e+00 1.827092491001408803e+01
-1.465076253985259536e+00 2.082862207310001068e+01
-1.463518490823127349e+00 2.357165744222700354e+01
-1.461960727660995163e+00 1.944886790297545787e+01
-1.460402964498863199e+00 1.697580677943218674e+01
-1.458845201336731012e+00 2.223300832972816465e+01
-1.457287438174598826e+00 2.306882922572657435e+01
-1.455729675012466640e+00 1.993472809641741250e+01
-1.454171911850334675e+00 1.870168613454924511e+01
-1.452614148688202489e+00 2.026402355516448850e+01
-1.451056385526070303e+00 1.903824345819413466e+01
-1.449498622363938338e+00 2.348731412566905163e+01
-1.447940859201806152e+00 2.131992948842363589e+01
-1.446383096039673966e+00 2.135043359663518814e+01
-1.444825332877541779e+00 2.558714774521352453e+01
-1.443267569715409815e+00 2.330404805742224639e+01
-1.441709806553277629e+00 2.429717931291551025e+01
-1.440152043391145442e+00 2.360234791664497678e+01
-1.438594280229013478e+00 2.045610502394164243e+01
-1.437036517066881292e+00 1.919196694228098821e+01
-1.435478753904749105e+00 1.956556709078521195e+01
-1.433920990742617141e+00 2.224685705617057607e+01
-1.432363227580484955e+00 1.959189305141861936e+01
-1.430805464418352768e+00 2.366402945166550609e+01
-1.429247701256220582e+00 2.372676957162607181e+01
-1.427689938094088618e+00 2.371040119913664057e+01
-1.426132174931956431e+00 2.150737712625683073e+01
-1.424574411769824245e+00 1.920122983307372522e+01
-1.423016648607692280e+00 2.076037113556902369e+01
-1.421458885445560094e+00 2.144018362183420834e+01
-1.419901122283427908e+00 1.944741954035998788e+01
-1.418343359121295943e+00 2.455989341823590522e+01
-1.416785595959163757e+00 2.331827786895703625e+01
-1.415227832797031571e+00 2.385099175249140657e+01
-1.413670069634899384e+00 2.498784774582112078e+01
-1.412112306472767420e+00 2.259483243175800382e+01
-1.410554543310635234e+00 2.036628534353111064e+01
-1.408996780148503047e+00 2.131311062166140857e+01
-1.407439016986371083e+00 2.386162314216032243e+01
-1.405881253824238897e+00 2.069456921272275807e+01
-1.404323490662106710e+00 2.162973592168956927e+01
-1.402765727499974746e+00 2.438849109579937036e+01
-1.401207964337842560e+00 2.303903156722752499e+01
-1.399650201175710373e+00 1.992322076676661524e+01
-1.398092438013578187e+00 1.945765881482079607e+01
-1.396534674851446223e+00 2.080722042715570907e+01
-1.394976911689314036e+00 2.118589103416843855e+01
-1.393419148527181850e+00 2.097427139425695586e+01
-1.391861385365049886e+00 2.086366906052236558e+01
-1.390303622202917699e+00 2.190026061728003981e+01
-1.388745859040785513e+00 1.641326227681395977e+01
-1.387188095878653327e+00 1.966769684900188864e+01
-1.385630332716521362e+00 2.273875141810398759e+01
-1.384072569554389176e+00 2.305005185379699739e+01
-1.382514806392256990e+00 2.214782433761259028e+01
-1.380957043230125025e+00 2.130345446205708981e+01
-1.379399280067992839e+00 2.175255870009710790e+01
-1.377841516905860653e+00 1.940317080188108534e+01
-1.376283753743728688e+00 1.945062951436910836e+01
-1.374725990581596502e+00 2.360855617143055696e+01
-1.373168227419464316e+00 2.034981780945449970e+01
-1.371610464257332129e+00 2.101197629160061098e+01
-1.370052701095200165e+00 1.982898762559306149e+01
-1.368494937933067979e+00 1.898949851918536069e+01
-1.366937174770935792e+00 2.322971735642117608e+01
-1.365379411608803828e+00 2.619883191450178472e+01
-1.363821648446671642e+00 2.504953572355367442e+01
-1.362263885284539455e+00 2.114675031454537546e+01
-1.360706122122407491e+00 2.376806246765082165e+01
-1.359148358960275305e+00 2.159056474471944398e+01
-1.357590595798143118e+00 1.773333696565560658e+01
-1.356032832636010932e+00 2.099513855103958804e+01
-1.354475069473878968e+00 2.406421811075455608e+01
-1.352917306311746781e+00 2.306183588164101295e+01
-1.351359543149614595e+00 2.102860278778637593e+01
-1.349801779987482631e+00 1.955618706181011390e+01
-1.348244016825350444e+00 2.112523224021836299e+01
-1.346686253663218258e+00 2.387688766618024516e+01
-1.345128490501086294e+00 1.620576165207188168e+01
-1.343570727338954107e+00 1.922250828125513777e+01
-1.342012964176821921e+00 2.207059174990970618e+01
-1.340455201014689735e+00 2.080410729144445980e+01
-1.338897437852557770e+00 2.241018831894356822e+01
-1.337339674690425584e+00 2.473599434861235480e+01
-1.335781911528293397e+00 2.583791689509715184e+01
-1.334224148366161433e+00 2.093031618208891587e+01
-1.332666385204029247e+00 2.107841387117608534e+01
-1.331108622041897060e+00 2.129258718279351115e+01
-1.329550858879764874e+00 1.843542390557255217e+01
-1.327993095717632910e+00 1.866697288666322407e+01
-1.326435332555500723e+00 2.088436577626475810e+01
-1.324877569393368537e+00 2.329159581562786130e+01
-1.323319806231236573e+00 2.327212220910299223e+01
-1.321762043069104386e+00 2.236940020312219701e+01
-1.320204279906972200e+00 1.969433321551787941e+01
-1.318646516744840236e+00 2.003638608259386800e+01
-1.317088753582708049e+00 2.223364046263221283e+01
-1.315530990420575863e+00 1.931970618157177810e+01
-1.313973227258443677e+00 2.157465020514813503e+01
-1.312415464096311712e+00 2.100138973889304950e+01
-1.310857700934179526e+00 2.108997700010391441e+01
-1.309299937772047340e+00 2.082027124229718140e+01
-1.307742174609915375e+00 2.083183132526431791e+01
-1.306184411447783189e+00 2.471397023785672076e+01
-1.304626648285651003e+00 2.742941168674636643e+01
-1.303068885123519038e+00 2.504728557814647516e+01
-1.301511121961386852e+00 2.044706701468111021e+01
-1.299953358799254666e+00 2.385268133670044932e+01
-1.298395595637122479e+00 2.359305132405036787e+01
-1.296837832474990515e+00 2.194321263981094461e+01
-1.295280069312858329e+00 2.251386396026060766e+01
-1.293722306150726142e+00 2.249222680218330694e+01
-1.292164542988594178e+00 2.308027439519504753e+01
-1.290606779826461992e+00 2.438400295816828489e+01
-1.289049016664329805e+00 2.153029661556420749e+01
-1.287491253502197619e+00 2.240880106532353011e+01
-1.285933490340065655e+00 2.271869694876626866e+01
-1.284375727177933468e+00 2.378450479525993444e+01
-1.282817964015801282e+00 2.343852154811606070e+01
-1.281260200853669318e+00 2.003021492503560452e+01
-1.279702437691537131e+00 1.856188519609434451e+01
-1.278144674529404945e+00 1.958316984127322868e+01
-1.276586911367272981e+00 1.969916049603007835e+01
-1.275029148205140794e+00 1.683140735194802318e+01
-1.273471385043008608e+00 1.951998732064964770e+01
-1.271913621880876422e+00 2.205018568675315649e+01
-1.270355858718744457e+00 2.097175044066806748e+01
-1.268798095556612271e+00 2.289795853195772324e+01
-1.267240332394480085e+00 2.082048812089395895e+01
-1.265682569232348120e+00 1.826239769094594578e+01
-1.264124806070215934e+00 1.887121512204244667e+01
-1.262567042908083748e+00 1.974676780430811718e+01
-1.261009279745951783e+00 2.093544737307972170e+01
-1.259451516583819597e+00 2.258919503721322641e+01
-1.257893753421687411e+00 1.992760264441838558e+01
-1.256335990259555224e+00 1.877843523372578716e+01
-1.254778227097423260e+00 2.541582270134597366e+01
-1.253220463935291074e+00 2.641367460285718138e+01
-1.251662700773158887e+00 2.081555341468276410e+01
-1.250104937611026923e+00 2.057852160148171805e+01
-1.248547174448894737e+00 2.336997502512273783e+01
-1.246989411286762550e+00 2.282703178891394558e+01
-1.245431648124630364e+00 2.247344901377629967e+01
-1.243873884962498400e+00 2.457457048196703298e+01
-1.242316121800366213e+00 2.311701175411106490e+01
-1.240758358638234027e+00 2.944663513793738829e+01
-1.239200595476102063e+00 2.611830260959455785e+01
-1.237642832313969876e+00 2.485190629541309804e+01
-1.236085069151837690e+00 2.481366176895102171e+01
-1.234527305989705726e+00 2.190818481034758136e+01
-1.232969542827573539e+00 2.013255067572344004e+01
-1.231411779665441353e+00 2.171789295787441887e+01
-1.229854016503309166e+00 2.473638136004077381e+01
-1.228296253341177202e+00 2.248540662115399513e+01
-1.226738490179045016e+00 2.211581936643284152e+01
-1.225180727016912829e+00 2.461282086584119355e+01
-1.223622963854780865e+00 2.597315245565922481e+01
-1.222065200692648679e+00 2.176209306287905321e+01
-1.220507437530516492e+00 2.077455452628319321e+01
-1.218949674368384528e+00 2.436002112429881450e+01
-1.217391911206252342e+00 2.396518424128644043e+01
-1.215834148044120155e+00 2.189835046897011139e+01
-1.214276384881987969e+00 2.169576327313901132e+01
-1.212718621719856005e+00 2.530537369922053159e+01
-1.211160858557723818e+00 2.444968567909985779e+01
-1.209603095395591632e+00 1.960949215827245951e+01
-1.208045332233459668e+00 2.053193971546009777e+01
-1.206487569071327481e+00 2.223155276415346293e+01
-1.204929805909195295e+00 1.968283275023447842e+01
-1.203372042747063331e+00 1.729835921934315479e+01
-1.201814279584931144e+00 1.941443022521801609e+01
-1.200256516422798958e+00 2.200834526717095230e+01
-1.198698753260666772e+00 2.052523487669853708e+01
-1.197140990098534807e+00 2.182077205916757023e+01
-1.195583226936402621e+00 2.432868542678044577e+01
-1.194025463774270435e+00 2.535133051244329749e+01
-1.192467700612138470e+00 2.349648285288684235e+01
-1.190909937450006284e+00 1.916035022634453000e+01
-1.189352174287874320e+00 1.805646801142085778e+01
-1.187794411125742133e+00 2.013870175076802127e+01
-1.186236647963609947e+00 2.174387207820392121e+01
-1.184678884801477761e+00 2.043541344749092659e+01
-1.183121121639345574e+00 1.892471272857788378e+01
-1.181563358477213388e+00 1.853165030350148612e+01
-1.180005595315081202e+00 1.909484319461297730e+01
-1.178447832152949459e+00 2.331334791570175469e+01
-1.176890068990817273e+00 2.403781200287005149e+01
-1.175332305828685087e+00 2.167418408772555694e+01
-1.173774542666552900e+00 2.190564080874458597e+01
-1.172216779504420714e+00 2.111439473677529222e+01
-1.170659016342288528e+00 1.941622951025607335e+01
-1.169101253180156785e+00 1.775309699086819037e+01
-1.167543490018024599e+00 1.909069490895807064e+01
-1.165985726855892413e+00 2.033543879786461872e+01
-1.164427963693760226e+00 2.499446613100305825e+01
-1.162870200531628040e+00 2.804788685832942718e+01
-1.161312437369495854e+00 2.570422810944351610e+01
-1.159754674207363667e+00 2.216474208035173277e+01
-1.158196911045231925e+00 2.148475766030226808e+01
-1.156639147883099739e+00 2.265806271737848832e+01
-1.155081384720967552e+00 2.355708325969776595e+01
-1.153523621558835366e+00 2.401156615313063725e+01
-1.151965858396703180e+00 2.197982014451068267e+01
-1.150408095234570993e+00 2.468427244818834154e+01
-1.148850332072438807e+00 2.088751124163863793e+01
-1.147292568910307065e+00 1.827106642645780710e+01
-1.145734805748174878e+00 1.899108305962002063e+01
-1.144177042586042692e+00 2.070826332718821305e+01
-1.142619279423910505e+00 2.322739744763825342e+01
-1.141061516261778319e+00 2.386792167788691543e+01
-1.139503753099646133e+00 2.366310564441718967e+01
-1.137945989937513946e+00 2.385195670998653483e+01
-1.136388226775382204e+00 2.064423272453027636e+01
-1.134830463613250018e+00 2.595336292122003385e+01
-1.133272700451117831e+00 2.433042987898989651e+01
-1.131714937288985645e+00 2.372734415621140158e+01
-1.130157174126853459e+00 2.208411833203614449e+01
-1.128599410964721272e+00 2.374851358568269077e+01
-1.127041647802589530e+00 2.743573002121257431e+01
-1.125483884640457344e+00 2.459680542461741837e+01
-1.123926121478325157e+00 2.150815184946473479e+01
-1.122368358316192971e+00 2.169272995744783827e+01
-1.120810595154060785e+00 2.212075343521360082e+01
-1.119252831991928598e+00 2.256139270449653367e+01
-1.117695068829796412e+00 2.302786463243427306e+01
-1.116137305667664670e+00 2.048183415695757148e+01
-1.114579542505532483e+00 1.866629300111531009e+01
-1.113021779343400297e+00 1.835387423194469037e+01
-1.111464016181268111e+00 1.958851299007797309e+01
-1.109906253019135924e+00 2.275072109196559822e+01
-1.108348489857003738e+00 2.477175913913961836e+01
-1.106790726694871552e+00 2.472352563363065414e+01
-1.105232963532739809e+00 2.109563963931571351e+01
-1.103675200370607623e+00 2.380449286587071356e+01
-1.102117437208475437e+00 2.659273033936140607e+01
-1.100559674046343250e+00 2.181809947071971933e+01
-1.099001910884211064e+00 2.136820091348221951e+01
-1.097444147722078878e+00 2.355332420474681854e+01
-1.095886384559947135e+00 2.360062763818195464e+01
-1.094328621397814949e+00 2.227928632447454405e+01
-1.092770858235682763e+00 2.071582246419736251e+01
-1.091213095073550576e+00 2.444833768758185499e+01
-1.089655331911418390e+00 2.674109577897856838e+01
-1.088097568749286204e+00 2.448252452402868329e+01
-1.086539805587154017e+00 2.199143031337511545e+01
-1.084982042425022275e+00 2.353823440320193683e+01
-1.083424279262890089e+00 2.389451120396065065e+01
-1.081866516100757902e+00 2.406305994934024639e+01
-1.080308752938625716e+00 2.209547197936030472e+01
-1.078750989776493530e+00 2.043916185526746432e+01
-1.077193226614361343e+00 2.479730635271453920e+01
-1.075635463452229157e+00 2.832481345043024490e+01
-1.074077700290097415e+00 2.619737982462142156e+01
-1.072519937127965228e+00 2.503453044917973713e+01
-1.070962173965833042e+00 2.658870657454198749e+01
-1.069404410803700856e+00 2.535484694576974007e+01
-1.067846647641568669e+00 2.557943666490583823e+01
-1.066288884479436483e+00 2.507545374460362808e+01
-1.064731121317304297e+00 2.313474595889332264e+01
-1.063173358155172554e+00 2.508386098140038101e+01
-1.061615594993040368e+00 2.777084084473645476e+01
-1.060057831830908182e+00 2.238837586226932075e+01
-1.058500068668775995e+00 2.414291265485514160e+01
-1.056942305506643809e+00 2.786785185870037296e+01
-1.055384542344511623e+00 2.179771017255513144e+01
-1.053826779182379880e+00 2.091437061371421890e+01
-1.052269016020247694e+00 2.332028864894943254e+01
-1.050711252858115508e+00 2.683841915878273099e+01
-1.049153489695983321e+00 2.746826434444356124e+01
-1.047595726533851135e+00 2.553076985090039130e+01
-1.046037963371718948e+00 2.481511212048496162e+01
-1.044480200209586762e+00 2.568077275994238562e+01
-1.042922437047455020e+00 2.169055668697664174e+01
-1.041364673885322834e+00 2.064421854908480825e+01
-1.039806910723190647e+00 2.576503429471067719e+01
-1.038249147561058461e+00 2.422993738579623724e+01
-1.036691384398926274e+00 2.429138272421602096e+01
-1.035133621236794088e+00 2.514354257098153411e+01
-1.033575858074661902e+00 2.303872922834973735e+01
-1.032018094912530159e+00 2.310064919695363272e+01
-1.030460331750397973e+00 2.219380310111519705e+01
-1.028902568588265787e+00 1.835148159974606585e+01
-1.027344805426133600e+00 2.073150049954040242e+01
-1.025787042264001414e+00 2.070202984572239302e+01
-1.024229279101869228e+00 2.445888117249246463e+01
-1.022671515939737041e+00 3.163771408026872223e+01
-1.021113752777605299e+00 2.612486684832773776e+01
-1.019555989615473113e+00 2.311731264247158890e+01
-1.017998226453340926e+00 2.387529371544591683e+01
-1.016440463291208740e+00 2.256168264292336900e+01
-1.014882700129076554e+00 2.425476544654229727e+01
-1.013324936966944367e+00 2.275370787354860624e+01
-1.011767173804812625e+00 2.380902422254386153e+01
-1.010209410642680439e+00 2.490466826494771269e+01
-1.008651647480548252e+00 2.416808494018626163e+01
-1.007093884318416066e+00 2.237592779134505250e+01
-1.005536121156283880e+00 2.270974776118594107e+01
-1.003978357994151693e+00 2.188806845067981044e+01
-1.002420594832019507e+00 2.048318314900650350e+01
-1.000862831669887765e+00 2.120794027552256011e+01
-9.993050685077555784e-01 2.314504852375991817e+01
-9.977473053456233920e-01 2.404415121357098784e+01
-9.961895421834912057e-01 2.378622631206046023e+01
-9.946317790213590193e-01 2.519835802405303937e+01
-9.930740158592268330e-01 2.724566843468867106e+01
-9.915162526970946466e-01 2.704448019467776732e+01
-9.899584895349629043e-01 2.277349002112540788e+01
-9.884007263728307180e-01 2.293681435886212583e+01
-9.868429632106985316e-01 2.386933102146124241e+01
-9.852852000485663453e-01 2.050770846847168016e+01
-9.837274368864341589e-01 2.066940793338262949e+01
-9.821696737243019726e-01 2.127874597677289259e+01
-9.806119105621697862e-01 2.057425879490139664e+01
-9.790541474000380440e-01 2.264940045559016824e+01
-9.774963842379058576e-01 2.125057939584709032e+01
-9.759386210757736713e-01 2.070762649404522193e+01
-9.743808579136414849e-01 2.575273348457516320e+01
-9.728230947515092986e-01 3.091198014785452486e+01
-9.712653315893771122e-01 3.025715504552289659e+01
-9.697075684272453699e-01 2.735562525564107261e+01
-9.681498052651131836e-01 2.581857228202974497e+01
-9.665920421029809972e-01 2.444881818773352578e+01
-9.650342789408488109e-01 2.201146718127541746e+01
-9.634765157787166245e-01 2.502308608289365566e+01
-9.619187526165844382e-01 2.367246852234451282e+01
-9.603609894544522518e-01 2.021822456797618983e+01
-9.588032262923205096e-01 2.502950932901051928e+01
-9.572454631301883232e-01 2.731305621989196197e+01
-9.556876999680561369e-01 2.597929175358281739e+01
-9.541299368059239505e-01 2.280378712028880273e+01
-9.525721736437917642e-01 2.113887500291005850e+01
-9.510144104816595778e-01 2.608944205705603636e+01
-9.494566473195273915e-01 2.747800691608942714e+01
-9.478988841573956492e-01 2.768146974448344011e+01
-9.463411209952634628e-01 2.795098272465254041e+01
-9.447833578331312765e-01 2.453729975817218900e+01
-9.432255946709990901e-01 2.534774657785979812e+01
-9.416678315088669038e-01 2.892293170362129118e+01
-9.401100683467347174e-01 2.858403720517424063e+01
-9.385523051846025311e-01 2.682053317115367363e+01
-9.369945420224707888e-01 2.421055170917544075e+01
-9.354367788603386025e-01 2.237332712555863168e+01
-9.338790156982064161e-01 2.346672577696549311e+01
-9.323212525360742298e-01 2.317655809255139232e+01
-9.307634893739420434e-01 2.469907943708395237e+01
-9.292057262118098571e-01 2.248615831946673538e+01
-9.276479630496781148e-01 1.966239954631920028e+01
-9.260901998875459284e-01 2.082562534796432985e+01
-9.245324367254137421e-01 2.362173137851648264e+01
-9.229746735632815557e-01 2.583907046799956575e+01
-9.214169104011493694e-01 2.596957749316924335e+01
-9.198591472390171830e-01 2.596064060160993847e+01
-9.183013840768849967e-01 2.786495217412215908e+01
-9.167436209147532544e-01 2.630026681095270646e+01
-9.151858577526210681e-01 2.279944925417442647e+01
-9.136280945904888817e-01 1.950326087771692229e+01
-9.120703314283566954e-01 2.731073357690943126e+01
-9.105125682662245090e-01 2.665959163611407590e+01
-9.089548051040923227e-01 2.404342161891084473e+01
-9.073970419419601363e-01 2.682896562646890359e+01
-9.058392787798283941e-01 2.649579264021478053e+01
-9.042815156176962077e-01 2.410931309462138472e+01
-9.027237524555640213e-01 2.239011286629158093e+01
-9.011659892934318350e-01 2.301625705519913012e+01
-8.996082261312996486e-01 2.493503708101566474e+01
-8.980504629691674623e-01 2.442483486870862208e+01
-8.964926998070352759e-01 2.807828540249232674e+01
-8.949349366449035337e-01 2.889995393436960569e+01
-8.933771734827713473e-01 2.404270070028800177e+01
-8.918194103206391610e-01 2.119360595493008503e+01
-8.902616471585069746e-01 2.397417795066317581e+01
-8.887038839963747883e-01 2.686601574127751846e+01
-8.871461208342426019e-01 2.549380121631211082e+01
-8.855883576721108597e-01 2.456077005733982332e+01
-8.840305945099786733e-01 2.645649562638056551e+01
-8.824728313478464869e-01 2.595484112076618288e+01
-8.809150681857143006e-01 2.309483994995104439e+01
-8.793573050235821142e-01 2.859081609318910111e+01
-8.777995418614499279e-01 2.565170308938758126e+01
-8.762417786993177415e-01 2.300867328478081930e+01
-8.746840155371859993e-01 2.371396496851034641e+01
-8.731262523750538129e-01 2.309658129588655129e+01
-8.715684892129216266e-01 2.463250718374747095e+01
-8.700107260507894402e-01 2.543047775723717052e+01
-8.684529628886572539e-01 2.457928285298008930e+01
-8.668951997265250675e-01 2.230137177219243227e+01
-8.653374365643928812e-01 2.327834438475438006e+01
-8.637796734022611389e-01 2.119668744606553901e+01
-8.622219102401289526e-01 2.659125445157667045e+01
-8.606641470779967662e-01 2.748123154820270031e+01
-8.591063839158645798e-01 2.339331496832220125e+01
-8.575486207537323935e-01 2.604431362592971766e+01
-8.559908575916002071e-01 2.630711512679101460e+01
-8.544330944294684649e-01 2.522507132947104935e+01
-8.528753312673362785e-01 2.619461161355777890e+01
-8.513175681052040922e-01 2.706024457659538385e+01
-8.497598049430719058e-01 2.173267278752831189e+01
-8.482020417809397195e-01 2.042445575378189204e+01
-8.466442786188075331e-01 2.046371100607131055e+01
-8.450865154566753468e-01 2.247919569928349404e+01
-8.435287522945436045e-01 2.567968639967321565e+01
-8.419709891324114182e-01 2.727647008905493919e+01
-8.404132259702792318e-01 2.780144828227513187e+01
-8.388554628081470455e-01 2.642237369599776642e+01
-8.372976996460148591e-01 2.596678982095793842e+01
-8.357399364838826727e-01 2.655963738163442756e+01
-8.341821733217504864e-01 2.837371614919995366e+01
-8.326244101596187441e-01 2.787607484457958051e+01
-8.310666469974865578e-01 2.329410656987025519e+01
-8.295088838353543714e-01 2.546066595355774353e+01
-8.279511206732221851e-01 2.824823930861163745e+01
-8.263933575110899987e-01 2.436294638597555817e+01
-8.248355943489578124e-01 2.342982167906407653e+01
-8.232778311868256260e-01 2.415939897222154897e+01
-8.217200680246938838e-01 2.376451964394050265e+01
-8.201623048625616974e-01 2.443082786396729844e+01
-8.186045417004295111e-01 2.536518073087235337e+01
-8.170467785382973247e-01 2.660011923274720402e+01
-8.154890153761651383e-01 2.804166438052597243e+01
-8.139312522140329520e-01 3.180126467982055871e+01
-8.123734890519012097e-01 3.427467447121281907e+01
-8.108157258897690234e-01 3.195213123207727790e+01
-8.092579627276368370e-01 2.713723478913066600e+01
-8.077001995655046507e-01 2.895219640456205212e+01
-8.061424364033724643e-01 2.755366191501812168e+01
-8.045846732412402780e-01 2.540372019598730802e+01
-8.030269100791080916e-01 2.668496980289244647e+01
-8.014691469169763494e-01 2.736719678305985326e+01
-7.999113837548441630e-01 2.635073560474222631e+01
-7.983536205927119767e-01 2.393100100366491034e+01
-7.967958574305797903e-01 2.236280777945288634e+01
-7.952380942684476040e-01 2.544359360006318482e+01
-7.936803311063154176e-01 2.369070451299795366e+01
-7.921225679441832312e-01 2.689025801059884913e+01
-7.905648047820514890e-01 3.128120831809267699e+01
-7.890070416199193026e-01 2.725149408966659337e+01
-7.874492784577871163e-01 2.601144843920394933e+01
-7.858915152956549299e-01 2.900111604049994085e+01
-7.843337521335227436e-01 2.949934659530782710e+01
-7.827759889713905572e-01 2.954816833065488879e+01
-7.812182258092583709e-01 3.035147323386158646e+01
-7.796604626471266286e-01 2.889735961957740429e+01
-7.781026994849944423e-01 3.017635571413698514e+01
-7.765449363228622559e-01 3.090663207760364983e+01
-7.749871731607300696e-01 2.838331665706532192e+01
-7.734294099985978832e-01 2.877220688096806356e+01
-7.718716468364656969e-01 3.170878581059502110e+01
-7.703138836743339546e-01 3.038660268018579558e+01
-7.687561205122017682e-01 2.745055368162032750e+01
-7.671983573500695819e-01 2.679080781786552734e+01
-7.656405941879373955e-01 2.460783513184325955e+01
-7.640828310258052092e-01 2.534142993091641927e+01
-7.625250678636730228e-01 2.702942705855594241e+01
-7.609673047015408365e-01 2.934458433549513146e+01
-7.594095415394090942e-01 2.873331465578315047e+01
-7.578517783772769079e-01 2.884952969695136815e+01
-7.562940152151447215e-01 2.663774186279803047e+01
-7.547362520530125352e-01 2.607900159834339959e+01
-7.531784888908803488e-01 2.715545192383786244e+01
-7.516207257287481625e-01 2.855891657450223775e+01
-7.500629625666159761e-01 3.265006701688032109e+01
-7.485051994044842338e-01 3.117542247417246770e+01
-7.469474362423520475e-01 2.937687571949715704e+01
-7.453896730802198611e-01 2.663171723338716745e+01
-7.438319099180876748e-01 2.507550758031499782e+01
-7.422741467559554884e-01 2.710063420500501863e+01
-7.407163835938233021e-01 2.830479053918542576e+01
-7.391586204316911157e-01 2.711842372903316445e+01
-7.376008572695593735e-01 2.481111007587901085e+01
-7.360430941074271871e-01 2.518516240245879700e+01
-7.344853309452950008e-01 2.864740313155336082e+01
-7.329275677831628144e-01 2.904066135021254169e+01
-7.313698046210306281e-01 2.861166323703910308e+01
-7.298120414588984417e-01 2.650457539234532334e+01
-7.282542782967666994e-01 2.846980577970310833e+01
-7.266965151346345131e-01 3.019006635893809687e+01
-7.251387519725023267e-01 2.881738517094311192e+01
-7.235809888103701404e-01 2.786336534478033755e+01
-7.220232256482379540e-01 2.653721921283606022e+01
-7.204654624861057677e-01 2.834271770921241540e+01
-7.189076993239735813e-01 2.961453604584425392e+01
-7.173499361618418391e-01 2.754699155675871225e+01
-7.157921729997096527e-01 2.700640376629542416e+01
-7.142344098375774664e-01 3.138064935330141481e+01
-7.126766466754452800e-01 2.220894818279208849e+01
-7.111188835133130937e-01 2.339033079014448901e+01
-7.095611203511809073e-01 2.859307299004506575e+01
-7.080033571890487210e-01 2.717453041762021115e+01
-7.064455940269169787e-01 3.061470318712703786e+01
-7.048878308647847923e-01 3.038142430656837334e+01
-7.033300677026526060e-01 2.995064842016854101e+01
-7.017723045405204196e-01 3.105685656143751672e+01
-7.002145413783882333e-01 3.020841361836144046e+01
-6.986567782162560469e-01 3.259928439604083650e+01
-6.970990150541243047e-01 3.494692888198920855e+01
-6.955412518919921183e-01 3.966724873716750466e+01
-6.939834887298599320e-01 3.637572665443082087e+01
-6.924257255677277456e-01 2.691989035242632156e+01
-6.908679624055955593e-01 3.045464401181910219e+01
-6.893101992434633729e-01 3.416578683834460861e+01
-6.877524360813311866e-01 3.043904564578025074e+01
-6.861946729191994443e-01 2.471304249028474231e+01
-6.846369097570672579e-01 2.490795170114158452e+01
-6.830791465949350716e-01 3.170764204667920083e+01
-6.815213834328028852e-01 3.255344504234972902e+01
-6.799636202706706989e-01 2.983902441690357321e+01
-6.784058571085385125e-01 2.604159445840776144e+01
-6.768480939464063262e-01 2.827325974301680134e+01
-6.752903307842745839e-01 3.164734896823371457e+01
-6.737325676221423976e-01 2.635957521342509580e+01
-6.721748044600102112e-01 2.853638784241752901e+01
-6.706170412978780249e-01 3.234270139748245754e+01
-6.690592781357458385e-01 3.234797180244756731e+01
-6.675015149736136522e-01 3.324724856730027511e+01
-6.659437518114814658e-01 3.141429189581221237e+01
-6.643859886493497235e-01 3.355012386997676543e+01
-6.628282254872175372e-01 3.719795424092284719e+01
-6.612704623250853508e-01 3.518262863499788295e+01
-6.597126991629531645e-01 2.935087537972912841e+01
-6.581549360008209781e-01 3.212359230854878689e+01
-6.565971728386887918e-01 3.844432712126367591e+01
-6.550394096765570495e-01 3.696031276803597621e+01
-6.534816465144248632e-01 3.394750842643057354e+01
-6.519238833522926768e-01 3.076388584256540426e+01
-6.503661201901604905e-01 3.102219030465061067e+01
-6.488083570280283041e-01 3.788040005988398917e+01
-6.472505938658961178e-01 3.749078996054327462e+01
-6.456928307037639314e-01 3.258652800417499407e+01
-6.441350675416321891e-01 3.504579510144094456e+01
-6.425773043795000028e-01 3.922681697575200133e+01
-6.410195412173678164e-01 4.106953104115034137e+01
-6.394617780552356301e-01 3.678614509571343660e+01
-6.379040148931034437e-01 3.025059737886471467e+01
-6.363462517309712574e-01 2.816073161128104729e+01
-6.347884885688390710e-01 2.881200431488770519e+01
-6.332307254067073288e-01 3.211099335455519821e+01
-6.316729622445751424e-01 3.504005356691020978e+01
-6.301151990824429561e-01 3.289495348672900121e+01
-6.285574359203107697e-01 2.986267687455611508e+01
-6.269996727581785834e-01 3.379525476412182883e+01
-6.254419095960463970e-01 3.295340151662894357e+01
-6.238841464339142107e-01 3.465583188361950562e+01
-6.223263832717824684e-01 4.070955581029786430e+01
-6.207686201096502820e-01 3.942504101309395992e+01
-6.192108569475180957e-01 3.303883993718717704e+01
-6.176530937853859093e-01 2.983750868067924955e+01
-6.160953306232537230e-01 2.971713377685331636e+01
-6.145375674611215366e-01 2.613624338885563958e+01
-6.129798042989897944e-01 3.379368280149663661e+01
-6.114220411368576080e-01 3.710292306753439107e+01
-6.098642779747254217e-01 3.621599482426197625e+01
-6.083065148125932353e-01 3.829642045551512552e+01
-6.067487516504610490e-01 3.975005304782418847e+01
-6.051909884883288626e-01 3.771057661789669879e+01
-6.036332253261966763e-01 3.236991083620841181e+01
-6.020754621640649340e-01 3.336617114919150850e+01
-6.005176990019327476e-01 3.872738935141634187e+01
-5.989599358398005613e-01 3.939623424870855928e+01
-5.974021726776683749e-01 3.711405392474354414e+01
-5.958444095155361886e-01 3.735935633534538169e+01
-5.942866463534040022e-01 3.759383281598926629e+01
-5.927288831912718159e-01 3.726501661808110555e+01
-5.911711200291400736e-01 3.763994086577124421e+01
-5.896133568670078873e-01 3.473505631879071842e+01
-5.880555937048757009e-01 3.611863027036125828e+01
-5.864978305427435146e-01 3.985265315328994262e+01
-5.849400673806113282e-01 3.790919678803720672e+01
-5.833823042184791419e-01 3.605381042692026483e+01
-5.818245410563469555e-01 3.973208349335307332e+01
-5.802667778942152133e-01 4.229295737578231495e+01
-5.787090147320830269e-01 3.911157396484502868e+01
-5.771512515699508405e-01 4.072765553812977402e+01
-5.755934884078186542e-01 3.979703551352246649e+01
-5.740357252456864678e-01 4.324099279409729490e+01
-5.724779620835542815e-01 4.335630716739692758e+01
-5.709201989214225392e-01 3.870690948819828492e+01
-5.693624357592903529e-01 3.784762922062351720e+01
-5.678046725971581665e-01 3.948515901112973125e+01
-5.662469094350259802e-01 4.198737285098271599e+01
-5.646891462728937938e-01 4.044971840320216927e+01
-5.631313831107616075e-01 3.846360926545965242e+01
-5.615736199486294211e-01 3.624950044212840083e+01
-5.600158567864976789e-01 4.612114949609070891e+01
-5.584580936243654925e-01 4.753259651640861705e+01
-5.569003304622333062e-01 4.783778806787361049e+01
-5.553425673001011198e-01 4.669590069083441364e+01
-5.537848041379689334e-01 4.189265244802461297e+01
-5.522270409758367471e-01 4.291729705409933615e+01
-5.506692778137045607e-01 4.459129034723267893e+01
-5.491115146515728185e-01 4.666951743892114735e+01
-5.475537514894406321e-01 4.661954433412726928e+01
-5.459959883273084458e-01 4.780269236845974490e+01
-5.444382251651762594e-01 5.511744528772636897e+01
-5.428804620030440731e-01 5.054113323835846217e+01
-5.413226988409118867e-01 4.361993399387448989e+01
-5.397649356787797004e-01 4.744118682956961663e+01
-5.382071725166479581e-01 4.514609227223822785e+01
-5.366494093545157718e-01 4.440836957181074496e+01
-5.350916461923835854e-01 4.806430530493613418e+01
-5.335338830302513990e-01 4.755635808247508578e+01
-5.319761198681192127e-01 4.323852609728362495e+01
-5.304183567059870263e-01 3.984798558382883726e+01
-5.288605935438552841e-01 4.253234751043325446e+01
-5.273028303817230977e-01 4.747806659772198401e+01
-5.257450672195909114e-01 4.728052960107345370e+01
-5.241873040574587250e-01 4.193972423502829372e+01
-5.226295408953265387e-01 4.412466916176593656e+01
-5.210717777331943523e-01 4.310100482529924193e+01
-5.195140145710621660e-01 4.675185824562036174e+01
-5.179562514089304237e-01 5.186708843367131294e+01
-5.163984882467982374e-01 5.033042830612150453e+01
-5.148407250846660510e-01 5.298552999651964512e+01
-5.132829619225338647e-01 5.583300566945152354e+01
-5.117251987604016783e-01 5.151402167528132736e+01
-5.101674355982694919e-01 5.550867038418735433e+01
-5.086096724361373056e-01 5.542911878439317519e+01
-5.070519092740055633e-01 5.553102833421080220e+01
-5.054941461118733770e-01 5.552424763483659120e+01
-5.039363829497411906e-01 4.807057632549314263e+01
-5.023786197876090043e-01 5.195715099585149233e+01
-5.008208566254768179e-01 5.821367848357163410e+01
-4.992630934633446316e-01 5.639958047908798022e+01
-4.977053303012124452e-01 5.181166080569522592e+01
-4.961475671390807030e-01 4.862283288027655459e+01
-4.945898039769485166e-01 4.959714464988477545e+01
-4.930320408148163303e-01 5.032910753999097153e+01
-4.914742776526841439e-01 5.150354184465817298e+01
-4.899165144905519576e-01 5.348872372043805967e+01
-4.883587513284197712e-01 5.810027786389279214e+01
-4.868009881662880289e-01 5.955976602882544313e+01
-4.852432250041558426e-01 5.924520537402004550e+01
-4.836854618420236562e-01 5.837524273015718279e+01
-4.821276986798914699e-01 5.854792586794663123e+01
-4.805699355177592835e-01 5.603865938508210576e+01
-4.790121723556270972e-01 5.138851300106772868e+01
-4.774544091934949108e-01 5.649803607279519468e+01
-4.758966460313631686e-01 6.110624735922506545e+01
-4.743388828692309822e-01 6.082538507245573101e+01
-4.727811197070987959e-01 5.929583593702862032e+01
-4.712233565449666095e-01 6.302712147221104999e+01
-4.696655933828344232e-01 6.416622408403532063e+01
-4.681078302207022368e-01 5.744042057454073102e+01
-4.665500670585700504e-01 5.929233497826349009e+01
-4.649923038964383082e-01 6.572163445141553950e+01
-4.634345407343061218e-01 6.712420027862872018e+01
-4.618767775721739355e-01 6.616992961917227944e+01
-4.603190144100417491e-01 6.424813271962554495e+01
-4.587612512479095628e-01 6.166681457625222151e+01
-4.572034880857773764e-01 6.861112769905992081e+01
-4.556457249236456342e-01 7.056767698688258861e+01
-4.540879617615134478e-01 6.435932578352819178e+01
-4.525301985993812615e-01 6.582363025762897735e+01
-4.509724354372490751e-01 7.011108182381647680e+01
-4.494146722751168888e-01 6.948283077713912803e+01
-4.478569091129847024e-01 6.738107460686282479e+01
-4.462991459508525161e-01 7.046723184432339337e+01
-4.447413827887207738e-01 7.609612598146749463e+01
-4.431836196265885874e-01 7.980315523058325766e+01
-4.416258564644564011e-01 7.334496622765213658e+01
-4.400680933023242147e-01 6.695660529301297004e+01
-4.385103301401920284e-01 7.252183685529638524e+01
-4.369525669780598420e-01 7.880827432293760637e+01
-4.353948038159276557e-01 6.973069049020293164e+01
-4.338370406537959134e-01 6.895015555307935529e+01
-4.322792774916637271e-01 7.755189541909420825e+01
-4.307215143295315407e-01 8.094311449896252952e+01
-4.291637511673993544e-01 8.357846968588967229e+01
-4.276059880052671680e-01 8.015468642595212145e+01
-4.260482248431349817e-01 7.554708476482092294e+01
-4.244904616810027953e-01 7.884014108688324995e+01
-4.229326985188710530e-01 8.161178260559420039e+01
-4.213749353567388667e-01 8.237034651335969215e+01
-4.198171721946066803e-01 8.014708559958870637e+01
-4.182594090324744940e-01 8.150538417891048937e+01
-4.167016458703423076e-01 8.337258656585289884e+01
-4.151438827082101213e-01 8.558946923355922820e+01
-4.135861195460783790e-01 8.809492369249637989e+01
-4.120283563839461927e-01 8.491187072443511852e+01
-4.104705932218140063e-01 9.041223436603122821e+01
-4.089128300596818200e-01 9.533452814533410447e+01
-4.073550668975496336e-01 9.043442468035583204e+01
-4.057973037354174473e-01 8.969534943672707072e+01
-4.042395405732852609e-01 1.011569331209326492e+02
-4.026817774111535186e-01 1.054714814633716458e+02
-4.011240142490213323e-01 1.060259267409070532e+02
-3.995662510868891459e-01 1.083757549545290573e+02
-3.980084879247569596e-01 1.050834472130871688e+02
-3.964507247626247732e-01 1.031089502910506042e+02
-3.948929616004925869e-01 1.071122261512630160e+02
-3.933351984383604005e-01 1.141655026934623436e+02
-3.917774352762286583e-01 1.065387342337509864e+02
-3.902196721140964719e-01 1.040895834849933692e+02
-3.886619089519642856e-01 1.080475628152593259e+02
-3.871041457898320992e-01 1.098133455796980229e+02
-3.855463826276999129e-01 1.135857026204764679e+02
-3.839886194655677265e-01 1.245872683913641055e+02
-3.824308563034355402e-01 1.297847000679526843e+02
-3.808730931413037979e-01 1.251439564750633338e+02
-3.793153299791716115e-01 1.251569049192882659e+02
-3.777575668170394252e-01 1.185161031366316706e+02
-3.761998036549072388e-01 1.107728400835321310e+02
-3.746420404927750525e-01 1.214701227595056849e+02
-3.730842773306428661e-01 1.197349319056811083e+02
-3.715265141685111239e-01 1.245614591446165349e+02
-3.699687510063789375e-01 1.356863432551791959e+02
-3.684109878442467512e-01 1.406624532881570246e+02
-3.668532246821145648e-01 1.407964439288022049e+02
-3.652954615199823785e-01 1.373080043301240210e+02
-3.637376983578501921e-01 1.414746064397585883e+02
-3.621799351957180058e-01 1.448012488481927278e+02
-3.606221720335862635e-01 1.402584826129637463e+02
-3.590644088714540771e-01 1.536277783040826819e+02
-3.575066457093218908e-01 1.568912095126039787e+02
-3.559488825471897044e-01 1.528356337408027912e+02
-3.543911193850575181e-01 1.548518703038927242e+02
-3.528333562229253317e-01 1.544989796092294512e+02
-3.512755930607931454e-01 1.532807176295102067e+02
-3.497178298986614031e-01 1.566179684858239796e+02
-3.481600667365292168e-01 1.683590949154830128e+02
-3.466023035743970304e-01 1.710573521331088784e+02
-3.450445404122648441e-01 1.606796598940087222e+02
-3.434867772501326577e-01 1.643343828585040001e+02
-3.419290140880004714e-01 1.791106339686090791e+02
-3.403712509258682850e-01 1.866135391533119332e+02
-3.388134877637365427e-01 1.811565650947381982e+02
-3.372557246016043564e-01 1.802913448900685296e+02
-3.356979614394721700e-01 1.775744462592035120e+02
-3.341401982773399837e-01 1.772056051434834671e+02
-3.325824351152077973e-01 1.838325481663885625e+02
-3.310246719530756110e-01 1.894716499437599850e+02
-3.294669087909438687e-01 1.938654931757270106e+02
-3.279091456288116824e-01 1.866070848107334825e+02
-3.263513824666794960e-01 1.898027037185455868e+02
-3.247936193045473097e-01 1.994059690101784952e+02
-3.232358561424151233e-01 2.149107219000896407e+02
-3.216780929802829370e-01 2.110096727422556171e+02
-3.201203298181507506e-01 1.971346076104349549e+02
-3.185625666560190083e-01 2.077047338218636980e+02
-3.170048034938868220e-01 2.067788567999263307e+02
-3.154470403317546356e-01 2.048626228600610091e+02
-3.138892771696224493e-01 2.146704730215506629e+02
-3.123315140074902629e-01 2.168085213360764669e+02
-3.107737508453580766e-01 2.220924454677195570e+02
-3.092159876832258902e-01 2.297713575711112526e+02
-3.076582245210941480e-01 2.365239142002395170e+02
-3.061004613589619616e-01 2.361864689411302720e+02
-3.045426981968297753e-01 2.410263526578669655e+02
-3.029849350346975889e-01 2.478999284340262079e+02
-3.014271718725654026e-01 2.433560117625402484e+02
-2.998694087104332162e-01 2.468579640947526173e+02
-2.983116455483014740e-01 2.567166619005695338e+02
-2.967538823861692876e-01 2.593316083711620195e+02
-2.951961192240371012e-01 2.563150892272830674e+02
-2.936383560619049149e-01 2.576291269914598274e+02
-2.920805928997727285e-01 2.763949539641891420e+02
-2.905228297376405422e-01 2.865363725805729018e+02
-2.889650665755083558e-01 2.923805813264453946e+02
-2.874073034133766136e-01 2.876529362669061243e+02
-2.858495402512444272e-01 2.970309227382380186e+02
-2.842917770891122409e-01 3.199766053852569030e+02
-2.827340139269800545e-01 3.263954285801742117e+02
-2.811762507648478682e-01 3.265426639315954276e+02
-2.796184876027156818e-01 3.322996405634403914e+02
-2.780607244405834955e-01 3.432248974385402676e+02
-2.765029612784517532e-01 3.486770588363423826e+02
-2.749451981163195669e-01 3.580992361558117523e+02
-2.733874349541873805e-01 3.794421427115677261e+02
-2.718296717920551941e-01 3.887398273715268147e+02
-2.702719086299230078e-01 3.816813652348733399e+02
-2.687141454677908214e-01 4.019721123192958885e+02
-2.671563823056586351e-01 4.283023356504697858e+02
-2.655986191435268928e-01 4.362457085233257317e+02
-2.640408559813947065e-01 4.447974580118570316e+02
-2.624830928192625201e-01 4.597410693971459636e+02
-2.609253296571303338e-01 4.756861291266371268e+02
-2.593675664949981474e-01 4.848616971253292149e+02
-2.578098033328659611e-01 4.997591529737949827e+02
-2.562520401707342188e-01 5.192351882160151035e+02
-2.546942770086020325e-01 5.311732165198602615e+02
-2.531365138464698461e-01 5.327885739546737796e+02
-2.515787506843376597e-01 5.374303726569183937e+02
-2.500209875222054734e-01 5.425625214095140336e+02
-2.484632243600732870e-01 5.606307048863536693e+02
-2.469054611979411007e-01 5.776334348150948017e+02
-2.453476980358093584e-01 5.736343983758758895e+02
-2.437899348736771721e-01 5.686998318540895525e+02
-2.422321717115449857e-01 5.698602829522907314e+02
-2.406744085494127994e-01 5.547328712658027143e+02
-2.391166453872806130e-01 5.411917910537333682e+02
-2.375588822251484267e-01 5.386327252394308971e+02
-2.360011190630162403e-01 5.545616389170911589e+02
-2.344433559008844981e-01 5.599574110614516940e+02
-2.328855927387523117e-01 5.514513155321197928e+02
-2.313278295766201254e-01 5.545451360952154118e+02
-2.297700664144879390e-01 5.685929717565838928e+02
-2.282123032523557526e-01 5.872168380210114265e+02
-2.266545400902235663e-01 5.990914294352506886e+02
-2.250967769280913799e-01 6.070067141912604711e+02
-2.235390137659596377e-01 6.069797610445743885e+02
-2.219812506038274513e-01 6.015230520970045518e+02
-2.204234874416952650e-01 6.195893265266386152e+02
-2.188657242795630786e-01 6.444009090125416606e+02
-2.173079611174308923e-01 6.547644424246244625e+02
-2.157501979552987059e-01 6.612686311846019862e+02
-2.141924347931669637e-01 6.715084679873714322e+02
-2.126346716310347773e-01 6.942799610441796858e+02
-2.110769084689025910e-01 7.341721414260802021e+02
-2.095191453067704046e-01 7.717929370219710563e+02
-2.079613821446382183e-01 7.844849707884726513e+02
-2.064036189825060319e-01 8.140604804616801857e+02
-2.048458558203738455e-01 8.798979616435135540e+02
-2.032880926582421033e-01 9.329160741276489262e+02
-2.017303294961099169e-01 9.583187178304478948e+02
-2.001725663339777306e-01 1.005102636969252330e+03
-1.986148031718455442e-01 1.061463184336065751e+03
-1.970570400097133579e-01 1.111317836596334246e+03
-1.954992768475811715e-01 1.176788733557630621e+03
-1.939415136854489852e-01 1.224875078887634800e+03
-1.923837505233172429e-01 1.270497659001105603e+03
-1.908259873611850566e-01 1.305746648865855605e+03
-1.892682241990528702e-01 1.346020672081881230e+03
-1.877104610369206839e-01 1.388842394056344574e+03
-1.861526978747884975e-01 1.425068588591970865e+03
-1.845949347126563111e-01 1.453352660210253362e+03
-1.830371715505241248e-01 1.477255381012696262e+03
-1.814794083883923825e-01 1.519099439999438346e+03
-1.799216452262601962e-01 1.571869308268408986e+03
-1.783638820641280098e-01 1.630525990284394993e+03
-1.768061189019958235e-01 1.686928595152767230e+03
-1.752483557398636371e-01 1.704311465598386349e+03
-1.736905925777314508e-01 1.753410844506976900e+03
-1.721328294155997085e-01 1.764553820481470211e+03
-1.705750662534675222e-01 1.782764843733972157e+03
-1.690173030913353358e-01 1.841490571618809554e+03
-1.674595399292031495e-01 1.868735742386580569e+03
-1.659017767670709631e-01 1.868377164643389051e+03
-1.643440136049387768e-01 1.844975396158376498e+03
-1.627862504428065904e-01 1.822100847364387619e+03
-1.612284872806748481e-01 1.772899365680108758e+03
-1.596707241185426618e-01 1.723521391190402483e+03
-1.581129609564104754e-01 1.691894001890095979e+03
-1.565551977942782891e-01 1.596819871312189434e+03
-1.549974346321461027e-01 1.493489216826004849e+03
-1.534396714700139164e-01 1.440011193038777947e+03
-1.518819083078817300e-01 1.373476589665845722e+03
-1.503241451457499878e-01 1.307479697796626624e+03
-1.487663819836178014e-01 1.272756776837116604e+03
-1.472086188214856151e-01 1.234317137498960165e+03
-1.456508556593534287e-01 1.168842149414766709e+03
-1.440930924972212424e-01 1.124110663265031917e+03
-1.425353293350890560e-01 1.114590085804518822e+03
-1.409775661729568697e-01 1.112401331428555068e+03
-1.394198030108251274e-01 1.113130956816316029e+03
-1.378620398486929410e-01 1.117898141269866528e+03
-1.363042766865607547e-01 1.136460951266230722e+03
-1.347465135244285683e-01 1.157221013965882548e+03
-1.331887503622963820e-01 1.194900610404917188e+03
-1.316309872001641956e-01 1.245669748602474328e+03
-1.300732240380324534e-01 1.274283976175538783e+03
-1.285154608759002670e-01 1.304480711612957521e+03
-1.269576977137680807e-01 1.366347747972601837e+03
-1.253999345516358943e-01 1.415289171409337087e+03
-1.238421713895037080e-01 1.491344423428079381e+03
-1.222844082273715216e-01 1.561733606085576412e+03
-1.207266450652393353e-01 1.629514189525895972e+03
-1.191688819031075930e-01 1.728164674910312215e+03
-1.176111187409754066e-01 1.842534316062791504e+03
-1.160533555788432203e-01 1.989553497664796623e+03
-1.144955924167110339e-01 2.165609322952667753e+03
-1.129378292545788476e-01 2.393567740279419013e+03
-1.113800660924466612e-01 2.700047920532229000e+03
-1.098223029303144749e-01 3.142592521868644781e+03
-1.082645397681827326e-01 3.568337338265764174e+03
-1.067067766060505463e-01 4.023592888507619136e+03
-1.051490134439183599e-01 4.741065011670258173e+03
-1.035912502817861736e-01 5.591477355231873844e+03
-1.020334871196539872e-01 6.372171591077294579e+03
-1.004757239575218009e-01 7.161397555403919796e+03
-9.891796079538961450e-02 7.964479136914596893e+03
-9.736019763325787224e-02 8.588706105087998367e+03
-9.580243447112568589e-02 8.976855947352783915e+03
-9.424467130899349954e-02 9.224629838796232434e+03
-9.268690814686131318e-02 9.216615922269129442e+03
-9.112914498472912683e-02 8.859634242821646694e+03
-8.957138182259694048e-02 8.109063408153398086e+03
-8.801361866046519822e-02 7.226905247074497311e+03
-8.645585549833301187e-02 6.238695167897544707e+03
-8.489809233620082551e-02 5.344590660217971163e+03
-8.334032917406863916e-02 4.620054142842748661e+03
-8.178256601193645281e-02 3.968000917463227324e+03
-8.022480284980426646e-02 3.428208116486927338e+03
-7.866703968767208011e-02 2.916506220205857971e+03
-7.710927652554033784e-02 2.564942672645966923e+03
-7.555151336340815149e-02 2.280433342330279174e+03
-7.399375020127596514e-02 2.020738112181495126e+03
-7.243598703914377879e-02 1.830378929695980105e+03
-7.087822387701159244e-02 1.694258980445751604e+03
-6.932046071487940608e-02 1.576383850465640307e+03
-6.776269755274721973e-02 1.491478060570944990e+03
-6.620493439061547747e-02 1.405257835850142783e+03
-6.464717122848329112e-02 1.317734995297488240e+03
-6.308940806635110476e-02 1.284294115359829220e+03
-6.153164490421891841e-02 1.239705083378271638e+03
-5.997388174208673206e-02 1.175881297919264853e+03
-5.841611857995454571e-02 1.149027335533133737e+03
-5.685835541782280345e-02 1.135190041246823057e+03
-5.530059225569061709e-02 1.117295911507805613e+03
-5.374282909355843074e-02 1.074756732761455396e+03
-5.218506593142624439e-02 1.060078070738818269e+03
-5.062730276929405804e-02 1.039106280218815073e+03
-4.906953960716187169e-02 9.762637844393617570e+02
-4.751177644502968533e-02 8.520159236376975969e+02
-4.595401328289794307e-02 6.038317584928803399e+02
-4.439625012076575672e-02 3.413019789043453329e+02
-4.283848695863357037e-02 2.062706050697667024e+02
-4.128072379650138402e-02 1.631357367907793332e+02
-3.972296063436919766e-02 1.345753029848192455e+02
-3.816519747223701131e-02 1.150622790247304863e+02
-3.660743431010482496e-02 1.071130451000262838e+02
-3.504967114797308270e-02 9.768800492623012133e+01
-3.349190798584089634e-02 1.101557773331546457e+02
-3.193414482370870999e-02 8.130291167064858371e+01
-3.037638166157652364e-02 3.031082211494280543e+01
-2.881861849944433729e-02 2.356767021697112341e+01
-2.726085533731215094e-02 2.303623170688697996e+01
-2.570309217517996458e-02 2.227424346993221249e+01
-2.414532901304822232e-02 2.472937841428764472e+01
-2.258756585091603597e-02 2.757826271502282722e+01
-2.102980268878384962e-02 3.207951360017262488e+01
-1.947203952665166327e-02 3.084188389081401027e+01
-1.791427636451947691e-02 2.850072903190901030e+01
-1.635651320238729056e-02 2.699892568059798137e+01
-1.479875004025554830e-02 2.834075301948059433e+01
-1.324098687812336195e-02 3.226069889184569917e+01
-1.168322371599117560e-02 3.190420972452292148e+01
-1.012546055385898924e-02 2.921289196780088204e+01
-8.567697391726802891e-03 3.069204578053386712e+01
-7.009934229594616539e-03 2.989282756280276487e+01
-5.452171067462430187e-03 2.763828193485150564e+01
-3.894407905330687925e-03 2.768473539335277778e+01
-2.336644743198501573e-03 2.713048251641756892e+01
-7.788815810663152206e-04 3.094488116531768540e+01
7.788815810658711314e-04 3.234454025343674033e+01
2.336644743198057483e-03 2.941988356896053247e+01
3.894407905330243835e-03 3.014053059915300636e+01
5.452171067462430187e-03 3.094219911430128889e+01
7.009934229594172450e-03 3.447185193067448239e+01
8.567697391726358802e-03 3.798291351074092148e+01
1.012546055385854515e-02 3.548295224772374468e+01
1.168322371599073151e-02 3.102200332848986974e+01
1.324098687812291786e-02 3.232440978283571553e+01
1.479875004025510421e-02 3.875680202338200786e+01
1.635651320238729056e-02 4.104564264446383959e+01
1.791427636451903282e-02 4.085540441478138263e+01
1.947203952665121918e-02 3.927097583055014240e+01
2.102980268878340553e-02 3.736279939239671677e+01
2.258756585091559188e-02 4.381323596343980853e+01
2.414532901304777823e-02 4.918939280603169095e+01
2.570309217517996458e-02 4.557630708474201242e+01
2.726085533731170685e-02 4.132152958294247469e+01
2.881861849944389320e-02 4.276175520778248540e+01
3.037638166157607955e-02 4.700068043767151238e+01
3.193414482370826590e-02 5.121483063229560884e+01
3.349190798584045226e-02 5.550964545889367230e+01
3.504967114797263861e-02 5.591646303551885211e+01
3.660743431010482496e-02 5.544678606666735021e+01
3.816519747223656722e-02 5.665493963501398866e+01
3.972296063436875357e-02 6.427428270088753948e+01
4.128072379650093993e-02 7.777744912874908323e+01
4.283848695863312628e-02 8.374113907531085488e+01
4.439625012076531263e-02 9.132307354482664152e+01
4.595401328289749898e-02 9.551022230692817061e+01
4.751177644502968533e-02 1.176432205969357625e+02
4.906953960716142760e-02 1.419967900208104084e+02
5.062730276929361395e-02 1.761490448107092277e+02
5.218506593142580030e-02 3.560383290600813098e+02
5.374282909355798665e-02 6.590790232485304614e+02
5.530059225569017300e-02 9.212745900084205459e+02
5.685835541782235936e-02 1.064917356140761740e+03
5.841611857995454571e-02 1.125369472811366222e+03
5.997388174208628797e-02 1.156073243246495167e+03
6.153164490421847432e-02 1.186102088793747043e+03
6.308940806635066068e-02 1.253056331055966666e+03
6.464717122848284703e-02 1.317831783641961238e+03
6.620493439061503338e-02 1.392000601144899520e+03
6.776269755274721973e-02 1.506881708123013368e+03
6.932046071487896199e-02 1.617093600491588859e+03
7.087822387701114835e-02 1.735945934612623887e+03
7.243598703914333470e-02 1.903520562708703437e+03
7.399375020127552105e-02 2.118296665094766013e+03
7.555151336340770740e-02 2.332819064682630142e+03
7.710927652553989375e-02 2.610321478369853139e+03
7.866703968767208011e-02 2.993821795287843088e+03
8.022480284980382237e-02 3.462252915204197052e+03
8.178256601193600872e-02 4.022913555103403723e+03
8.334032917406819507e-02 4.675796160983008122e+03
8.489809233620038142e-02 5.432525962490291931e+03
8.645585549833256778e-02 6.346596341836708234e+03
8.801361866046475413e-02 7.331260769736764814e+03
8.957138182259694048e-02 8.155626328124872998e+03
9.112914498472868274e-02 8.882707581491353267e+03
9.268690814686086910e-02 9.375553073169019626e+03
9.424467130899305545e-02 9.447248545637974530e+03
9.580243447112524180e-02 9.224156545315438052e+03
9.736019763325742815e-02 8.766273393202074658e+03
9.891796079538961450e-02 8.022649172356715098e+03
1.004757239575213568e-01 7.197120010932547302e+03
1.020334871196535431e-01 6.243400715071723425e+03
1.035912502817857295e-01 5.282148787687184267e+03
1.051490134439179158e-01 4.518857326057588580e+03
1.067067766060501022e-01 3.895128636676886345e+03
1.082645397681822885e-01 3.367321889429156727e+03
1.098223029303144749e-01 2.876859251460821724e+03
1.113800660924462171e-01 2.526730138334439744e+03
1.129378292545784035e-01 2.324027068002415490e+03
1.144955924167105898e-01 2.128517187423654377e+03
1.160533555788427762e-01 1.901636167474015792e+03
1.176111187409749625e-01 1.776220810402812958e+03
1.191688819031071489e-01 1.678380486988954317e+03
1.207266450652393353e-01 1.560516118410289891e+03
1.222844082273710775e-01 1.512962510328783310e+03
1.238421713895032639e-01 1.486076403592112911e+03
1.253999345516354502e-01 1.409727326983042076e+03
1.269576977137676366e-01 1.304361127440767405e+03
1.285154608758998229e-01 1.244004260157080125e+03
1.300732240380320093e-01 1.213055432414908182e+03
1.316309872001641956e-01 1.191112831279793454e+03
1.331887503622959379e-01 1.168928459130788951e+03
1.347465135244281242e-01 1.134169362736097355e+03
1.363042766865603106e-01 1.121249965333100590e+03
1.378620398486924969e-01 1.124186906970240898e+03
1.394198030108246833e-01 1.124525128585125003e+03
1.409775661729568697e-01 1.136065071117904608e+03
1.425353293350886119e-01 1.142437656937766178e+03
1.440930924972207983e-01 1.161966738685143810e+03
1.456508556593529846e-01 1.188290789725715285e+03
1.472086188214851710e-01 1.231956553295626009e+03
1.487663819836173573e-01 1.266313308612361425e+03
1.503241451457495437e-01 1.285605489034634275e+03
1.518819083078817300e-01 1.363901034712680030e+03
1.534396714700134723e-01 1.461390070884879378e+03
1.549974346321456586e-01 1.504951126335563686e+03
1.565551977942778450e-01 1.553176649744757924e+03
1.581129609564100313e-01 1.660210463766211205e+03
1.596707241185422177e-01 1.750928603020830451e+03
1.612284872806744040e-01 1.794791389695996259e+03
1.627862504428065904e-01 1.836640340149486519e+03
1.643440136049383327e-01 1.863433680071981371e+03
1.659017767670705190e-01 1.841684710821374665e+03
1.674595399292027054e-01 1.814012600143413238e+03
1.690173030913348917e-01 1.813894069674008051e+03
1.705750662534670781e-01 1.785073611236290844e+03
1.721328294155992644e-01 1.751244349116717558e+03
1.736905925777314508e-01 1.741249433986412896e+03
1.752483557398631930e-01 1.689991912424532984e+03
1.768061189019953794e-01 1.642921787464371391e+03
1.783638820641275657e-01 1.612252877416445244e+03
1.799216452262597521e-01 1.575709225562544361e+03
1.814794083883919384e-01 1.538203481264249604e+03
1.830371715505241248e-01 1.490360443127246981e+03
1.845949347126558671e-01 1.467971884032867592e+03
1.861526978747880534e-01 1.441939304319644634e+03
1.877104610369202398e-01 1.397751630451324445e+03
1.892682241990524261e-01 1.342809849882352410e+03
1.908259873611846125e-01 1.317361553175229119e+03
1.923837505233167988e-01 1.284365854228224180e+03
1.939415136854489852e-01 1.219354865080558056e+03
1.954992768475807274e-01 1.174796028001837840e+03
1.970570400097129138e-01 1.128370845463350634e+03
1.986148031718451001e-01 1.068051097249468512e+03
2.001725663339772865e-01 1.006641593231958495e+03
2.017303294961094728e-01 9.600834962752653610e+02
2.032880926582416592e-01 8.994593158046398003e+02
2.048458558203738455e-01 8.312862039269350589e+02
2.064036189825055878e-01 7.936060838275041078e+02
2.079613821446377742e-01 7.654698854725953652e+02
2.095191453067699605e-01 7.436784517585036838e+02
2.110769084689021469e-01 7.271611198606839253e+02
2.126346716310343332e-01 6.961663933622119202e+02
2.141924347931665196e-01 6.576235566615796415e+02
2.157501979552987059e-01 6.327193574776879359e+02
2.173079611174304482e-01 6.183608735425350460e+02
2.188657242795626345e-01 6.048836710623439785e+02
2.204234874416948209e-01 5.781918377868025800e+02
2.219812506038270072e-01 5.862570626466475687e+02
2.235390137659591936e-01 5.857139726879021282e+02
2.250967769280913799e-01 5.584424062128007336e+02
2.266545400902231222e-01 5.535836845419150904e+02
2.282123032523553086e-01 5.461388131455801158e+02
2.297700664144874949e-01 5.460379837284220912e+02
2.313278295766196813e-01 5.540686946502088404e+02
2.328855927387518676e-01 5.630101268533937855e+02
2.344433559008840540e-01 5.680436640734894809e+02
2.360011190630162403e-01 5.607668160037404732e+02
2.375588822251479826e-01 5.606638879448414627e+02
2.391166453872801689e-01 5.647447572157313971e+02
2.406744085494123553e-01 5.519136406907374521e+02
2.422321717115445416e-01 5.373993592133165293e+02
2.437899348736767280e-01 5.372791360474211615e+02
2.453476980358089143e-01 5.459456842161484929e+02
2.469054611979411007e-01 5.468144939543049077e+02
2.484632243600728430e-01 5.433841446179543482e+02
2.500209875222050293e-01 5.419617893422541783e+02
2.515787506843372157e-01 5.203297277451974878e+02
2.531365138464694020e-01 5.291685192750782107e+02
2.546942770086015884e-01 5.214946003989615519e+02
2.562520401707337747e-01 4.872581271877930362e+02
2.578098033328659611e-01 4.852241121322114736e+02
2.593675664949977033e-01 4.805649289941574693e+02
2.609253296571298897e-01 4.711526437884404004e+02
2.624830928192620760e-01 4.526574214389010535e+02
2.640408559813942624e-01 4.239030400505250782e+02
2.655986191435264487e-01 4.060186068271949011e+02
2.671563823056586351e-01 4.062766657465252820e+02
2.687141454677903774e-01 4.090783792430607377e+02
2.702719086299225637e-01 3.883527041952042964e+02
2.718296717920547501e-01 3.606186097872325718e+02
2.733874349541869364e-01 3.486236342263121628e+02
2.749451981163191228e-01 3.452268151111717316e+02
2.765029612784513091e-01 3.478578426742086549e+02
2.780607244405834955e-01 3.441626381731902029e+02
2.796184876027152377e-01 3.287430924622617567e+02
2.811762507648474241e-01 3.164362003992133054e+02
2.827340139269796104e-01 2.994150556352083186e+02
2.842917770891117968e-01 2.854215711463294838e+02
2.858495402512439831e-01 2.833405403268971554e+02
2.874073034133761695e-01 2.840467199208981697e+02
2.889650665755083558e-01 2.805840222393650834e+02
2.905228297376400981e-01 2.687435808345368855e+02
2.920805928997722845e-01 2.579193221913841398e+02
2.936383560619044708e-01 2.564044800275426610e+02
2.951961192240366572e-01 2.602214540807273693e+02
2.967538823861688435e-01 2.464134012554357298e+02
2.983116455483010299e-01 2.387390076913590065e+02
2.998694087104332162e-01 2.398975328986330169e+02
3.014271718725649585e-01 2.492081775770588479e+02
3.029849350346971448e-01 2.435352368152668134e+02
3.045426981968293312e-01 2.188673036855530540e+02
3.061004613589615175e-01 2.208846830684636586e+02
3.076582245210937039e-01 2.273448081513340924e+02
3.092159876832258902e-01 2.203006293543492973e+02
3.107737508453576325e-01 2.118594994190590910e+02
3.123315140074898189e-01 2.103972619015929979e+02
3.138892771696220052e-01 2.061032907266498739e+02
3.154470403317541916e-01 2.013979787616791555e+02
3.170048034938863779e-01 2.079764141022740489e+02
3.185625666560185643e-01 2.013080678359175408e+02
3.201203298181507506e-01 2.007409687717622830e+02
3.216780929802824929e-01 2.008312892052696554e+02
3.232358561424146792e-01 1.910466772685860235e+02
3.247936193045468656e-01 1.955263820385007136e+02
3.263513824666790519e-01 1.985352289877329781e+02
3.279091456288112383e-01 1.960370782547342117e+02
3.294669087909434246e-01 1.881206041234026998e+02
3.310246719530756110e-01 1.769058632419720709e+02
3.325824351152073532e-01 1.780020451076189261e+02
3.341401982773395396e-01 1.763360016745966732e+02
3.356979614394717260e-01 1.729141905496945810e+02
3.372557246016039123e-01 1.829469928953307374e+02
3.388134877637360987e-01 1.802562738600362877e+02
3.403712509258682850e-01 1.744634928446302808e+02
3.419290140880000273e-01 1.737152882228731130e+02
3.434867772501322136e-01 1.727918819754105755e+02
3.450445404122644000e-01 1.790884629534323835e+02
3.466023035743965863e-01 1.787170185034565861e+02
3.481600667365287727e-01 1.627974801805069376e+02
3.497178298986609590e-01 1.539558511648822900e+02
3.512755930607931454e-01 1.678327184717469436e+02
3.528333562229248876e-01 1.566569954727562504e+02
3.543911193850570740e-01 1.396982569077241862e+02
3.559488825471892604e-01 1.568054338339280207e+02
3.575066457093214467e-01 1.583286783332301297e+02
3.590644088714536331e-01 1.421165122707513717e+02
3.606221720335858194e-01 1.414506138909036395e+02
3.621799351957180058e-01 1.478741708456286688e+02
3.637376983578497480e-01 1.464764019825802848e+02
3.652954615199819344e-01 1.313171622117975801e+02
3.668532246821141207e-01 1.327430711275904400e+02
3.684109878442463071e-01 1.404439725444667602e+02
3.699687510063784934e-01 1.299073784085126988e+02
3.715265141685106798e-01 1.214630126646581516e+02
3.730842773306428661e-01 1.222466563028536086e+02
3.746420404927746084e-01 1.279201641882676057e+02
3.761998036549067947e-01 1.291143982237413468e+02
3.777575668170389811e-01 1.319495476213140250e+02
3.793153299791711675e-01 1.320089682966490159e+02
3.808730931413033538e-01 1.201971763265139401e+02
3.824308563034355402e-01 1.213430485486829440e+02
3.839886194655672824e-01 1.234376518454982090e+02
3.855463826276994688e-01 1.120333599486943115e+02
3.871041457898316551e-01 1.115159569987219896e+02
3.886619089519638415e-01 1.164680469656351818e+02
3.902196721140960278e-01 1.195244567920675820e+02
3.917774352762282142e-01 1.142179278966816867e+02
3.933351984383604005e-01 1.014242358438859952e+02
3.948929616004921428e-01 9.263237501076666547e+01
3.964507247626243291e-01 9.201347377425086904e+01
3.980084879247565155e-01 9.629440084470705585e+01
3.995662510868887018e-01 8.999934943031000500e+01
4.011240142490208882e-01 9.070519016659402212e+01
4.026817774111530746e-01 8.922709210358512166e+01
4.042395405732852609e-01 8.550655594378331159e+01
4.057973037354170032e-01 9.239912808068483230e+01
4.073550668975491895e-01 9.011240892082292930e+01
4.089128300596813759e-01 8.839851525959231537e+01
4.104705932218135622e-01 9.103073396131399875e+01
4.120283563839457486e-01 9.220500544245234664e+01
4.135861195460779349e-01 9.086541903325435499e+01
4.151438827082101213e-01 8.540160468474259403e+01
4.167016458703418635e-01 8.091619983652286408e+01
4.182594090324740499e-01 8.724348632985606855e+01
4.198171721946062362e-01 9.023288553025500391e+01
4.213749353567384226e-01 8.455906512267979735e+01
4.229326985188706090e-01 7.979132537717111973e+01
4.244904616810027953e-01 8.172457432088560836e+01
4.260482248431345376e-01 8.426014613177223112e+01
4.276059880052667239e-01 7.855894542163152039e+01
4.291637511673989103e-01 7.644714742335341384e+01
4.307215143295310966e-01 8.164814147923995336e+01
4.322792774916632830e-01 8.065803690452433727e+01
4.338370406537954693e-01 7.364135351719608025e+01
4.353948038159276557e-01 7.251156738459911821e+01
4.369525669780593979e-01 7.736273721154691430e+01
4.385103301401915843e-01 7.466684945240655225e+01
4.400680933023237706e-01 7.066009893861443913e+01
4.416258564644559570e-01 7.197627635320368711e+01
4.431836196265881433e-01 7.199409292668289595e+01
4.447413827887203297e-01 6.870780562872826636e+01
4.462991459508525161e-01 6.575962168985054745e+01
4.478569091129842583e-01 6.743639021639467046e+01
4.494146722751164447e-01 6.742120992132625190e+01
4.509724354372486310e-01 7.029002981084951784e+01
4.525301985993808174e-01 6.901547668803141278e+01
4.540879617615130037e-01 6.707205103419111936e+01
4.556457249236451901e-01 6.560293976520931380e+01
4.572034880857773764e-01 6.361779040246930350e+01
4.587612512479091187e-01 6.668720281413807527e+01
4.603190144100413050e-01 6.605450788511899418e+01
4.618767775721734914e-01 6.488301554955970118e+01
4.634345407343056777e-01 6.379300089869570201e+01
4.649923038964378641e-01 5.804906943050008294e+01
4.665500670585700504e-01 5.421341680136649188e+01
4.681078302207017927e-01 5.673600426272291486e+01
4.696655933828339791e-01 5.842613638881820748e+01
4.712233565449661654e-01 6.066153086623180712e+01
4.727811197070983518e-01 5.991577060187376702e+01
4.743388828692305381e-01 6.087848580275193200e+01
4.758966460313627245e-01 6.276565040978876198e+01
4.774544091934949108e-01 5.814413493255970167e+01
4.790121723556266531e-01 5.617789383919561885e+01
4.805699355177588394e-01 6.037422849885382448e+01
4.821276986798910258e-01 6.215902715919227717e+01
4.836854618420232121e-01 5.566014886952025620e+01
4.852432250041553985e-01 5.447225823863798411e+01
4.868009881662875848e-01 5.545529620384865410e+01
4.883587513284197712e-01 5.505656208382837491e+01
4.899165144905515135e-01 5.534643323025713357e+01
4.914742776526836998e-01 5.071519126385884846e+01
4.930320408148158862e-01 5.062297396685524831e+01
4.945898039769480725e-01 5.360728219385365634e+01
4.961475671390802589e-01 5.461153638121179199e+01
4.977053303012124452e-01 5.207734987132224092e+01
4.992630934633441875e-01 5.023609455341612318e+01
5.008208566254763738e-01 4.522906177454624554e+01
5.023786197876085602e-01 4.477547927142465767e+01
5.039363829497407465e-01 4.789137051498354225e+01
5.054941461118729329e-01 4.870767389830893279e+01
5.070519092740051192e-01 4.921774423524458086e+01
5.086096724361373056e-01 5.036069961516223970e+01
5.101674355982690479e-01 5.042922465010512667e+01
5.117251987604012342e-01 4.853733400662796527e+01
5.132829619225334206e-01 4.861534023768148671e+01
5.148407250846656069e-01 4.836479987144223713e+01
5.163984882467977933e-01 5.237690868683865375e+01
5.179562514089299796e-01 4.811602569392503881e+01
5.195140145710621660e-01 4.437198369133422204e+01
5.210717777331939082e-01 4.392041002978680098e+01
5.226295408953260946e-01 4.647184833541684412e+01
5.241873040574582809e-01 5.292691883424539867e+01
5.257450672195904673e-01 5.056408239703726082e+01
5.273028303817226536e-01 4.485791680264315318e+01
5.288605935438548400e-01 4.251388066944146971e+01
5.304183567059870263e-01 4.582239316376788452e+01
5.319761198681187686e-01 4.510379712592389012e+01
5.335338830302509550e-01 4.160466805419424929e+01
5.350916461923831413e-01 4.519725422646686042e+01
5.366494093545153277e-01 4.807002422707095945e+01
5.382071725166475140e-01 4.842736456717096871e+01
5.397649356787797004e-01 4.447903541622459755e+01
5.413226988409114426e-01 3.890086536686488472e+01
5.428804620030436290e-01 4.303918058908053013e+01
5.444382251651758153e-01 4.260699037095859865e+01
5.459959883273080017e-01 3.961368035191741654e+01
5.475537514894401880e-01 4.205792861070851529e+01
5.491115146515723744e-01 4.368991980658847041e+01
5.506692778137045607e-01 4.206580533681741230e+01
5.522270409758363030e-01 4.318729161775293335e+01
5.537848041379684894e-01 4.374576689224125658e+01
5.553425673001006757e-01 4.014341630909378011e+01
5.569003304622328621e-01 4.237499199375355374e+01
5.584580936243650484e-01 4.028387914635718658e+01
5.600158567864972348e-01 4.003969448493032957e+01
5.615736199486294211e-01 4.433265535590808781e+01
5.631313831107611634e-01 3.929015634664531831e+01
5.646891462728933497e-01 3.699019092383301199e+01
5.662469094350255361e-01 3.898548869399914452e+01
5.678046725971577224e-01 3.959960709424382230e+01
5.693624357592899088e-01 4.258991178739817940e+01
5.709201989214220951e-01 3.969171734409621166e+01
5.724779620835542815e-01 3.305745296890803786e+01
5.740357252456860238e-01 3.676377854683408231e+01
5.755934884078182101e-01 3.512931158208454008e+01
5.771512515699503965e-01 3.468888682131360213e+01
5.787090147320825828e-01 3.828208757754885738e+01
5.802667778942147692e-01 3.628096676885266447e+01
5.818245410563469555e-01 3.755029815291158712e+01
5.833823042184786978e-01 3.801452265472276082e+01
5.849400673806108841e-01 3.737027143480448643e+01
5.864978305427430705e-01 3.599928810623045194e+01
5.880555937048752568e-01 3.569746065007809221e+01
5.896133568670074432e-01 3.975691424027282750e+01
5.911711200291396295e-01 4.204735496819389340e+01
5.927288831912718159e-01 3.404368755635631061e+01
5.942866463534035582e-01 3.198817096403166715e+01
5.958444095155357445e-01 3.985660934689057200e+01
5.974021726776679309e-01 3.919149771531830595e+01
5.989599358398001172e-01 3.865900816053724043e+01
6.005176990019323036e-01 4.124776650073166451e+01
6.020754621640644899e-01 3.868672894645654026e+01
6.036332253261966763e-01 3.833613182077383641e+01
6.051909884883284185e-01 3.833818922759564884e+01
6.067487516504606049e-01 3.794487617585146921e+01
6.083065148125927912e-01 3.746272717909489813e+01
6.098642779747249776e-01 3.491159573753020595e+01
6.114220411368571639e-01 3.261772450637679555e+01
6.129798042989893503e-01 3.312503861454267451e+01
6.145375674611215366e-01 3.396754359052955152e+01
6.160953306232532789e-01 3.313983662310931777e+01
6.176530937853854653e-01 3.276830966727199979e+01
6.192108569475176516e-01 3.229364734053849872e+01
6.207686201096498380e-01 3.256117482847042766e+01
6.223263832717820243e-01 3.328014187091400089e+01
6.238841464339142107e-01 3.607615215730364611e+01
6.254419095960459529e-01 3.690423787429207181e+01
6.269996727581781393e-01 3.312969968881009208e+01
6.285574359203103256e-01 3.065152600413795980e+01
6.301151990824425120e-01 3.324327486493986328e+01
6.316729622445746983e-01 3.477768573448454958e+01
6.332307254067068847e-01 3.201562737225161470e+01
6.347884885688390710e-01 3.096221878244032055e+01
6.363462517309708133e-01 3.121159676310862707e+01
6.379040148931029997e-01 3.211292080518415304e+01
6.394617780552351860e-01 3.292217685022312423e+01
6.410195412173673724e-01 3.143366541694879146e+01
6.425773043794995587e-01 2.991793892786936837e+01
6.441350675416317451e-01 3.131825228212320766e+01
6.456928307037639314e-01 3.159790614809457310e+01
6.472505938658956737e-01 2.794850285197208350e+01
6.488083570280278600e-01 2.671135711600614115e+01
6.503661201901600464e-01 3.196696937597111088e+01
6.519238833522922327e-01 3.469704507410159522e+01
6.534816465144244191e-01 3.144280574856167121e+01
6.550394096765566054e-01 3.124720515641076801e+01
6.565971728386887918e-01 3.010300780891942907e+01
6.581549360008205340e-01 3.103348488654972215e+01
6.597126991629527204e-01 3.582545780599577512e+01
6.612704623250849068e-01 3.462828016829720212e+01
6.628282254872170931e-01 2.724254526270459209e+01
6.643859886493492795e-01 3.031467110770901385e+01
6.659437518114814658e-01 3.371782970282306735e+01
6.675015149736132081e-01 2.492704597922585208e+01
6.690592781357453944e-01 2.414164486235484475e+01
6.706170412978775808e-01 2.741902854626112074e+01
6.721748044600097671e-01 2.828286861303751820e+01
6.737325676221419535e-01 3.033843725611345832e+01
6.752903307842741398e-01 2.912790256633270047e+01
6.768480939464063262e-01 2.985672352087136971e+01
6.784058571085380684e-01 2.685794471433853658e+01
6.799636202706702548e-01 3.098808287064773381e+01
6.815213834328024411e-01 3.297656507567781858e+01
6.830791465949346275e-01 2.680254493431501217e+01
6.846369097570668139e-01 3.239656189682307286e+01
6.861946729191990002e-01 3.139255272494190763e+01
6.877524360813311866e-01 2.984482001022461262e+01
6.893101992434629288e-01 2.701283719812103001e+01
6.908679624055951152e-01 2.459780050602265788e+01
6.924257255677273015e-01 2.495337573928786412e+01
6.939834887298594879e-01 2.857565862598269391e+01
6.955412518919916742e-01 2.920440469953065232e+01
6.970990150541238606e-01 2.984389553212393764e+01
6.986567782162560469e-01 3.080667918787218795e+01
7.002145413783877892e-01 3.119850977397828018e+01
7.017723045405199755e-01 3.227981133089460997e+01
7.033300677026521619e-01 2.939663027836194331e+01
7.048878308647843483e-01 2.624048858382925076e+01
7.064455940269165346e-01 2.407977004608026306e+01
7.080033571890487210e-01 2.326408099997112444e+01
7.095611203511804632e-01 2.454192048181872110e+01
7.111188835133126496e-01 2.684825992599274258e+01
7.126766466754448359e-01 3.035672353928634948e+01
7.142344098375770223e-01 3.072870320044282977e+01
7.157921729997092086e-01 2.949898976826951724e+01
7.173499361618413950e-01 3.016822685227429801e+01
7.189076993239735813e-01 3.108549174292796735e+01
7.204654624861053236e-01 3.330647552282370327e+01
7.220232256482375099e-01 3.175557545648310764e+01
7.235809888103696963e-01 2.937014609873609317e+01
7.251387519725018826e-01 2.891561123517174181e+01
7.266965151346340690e-01 3.002154797050511803e+01
7.282542782967662554e-01 2.548055168120806613e+01
7.298120414588984417e-01 2.376064125167051699e+01
7.313698046210301840e-01 2.639233412434764503e+01
7.329275677831623703e-01 2.797841063625914160e+01
7.344853309452945567e-01 2.943095835230432300e+01
7.360430941074267430e-01 2.598913102236825523e+01
7.376008572695589294e-01 2.543978838858281222e+01
7.391586204316911157e-01 2.713537126371515740e+01
7.407163835938228580e-01 2.855081923042015646e+01
7.422741467559550443e-01 2.915108574368058569e+01
7.438319099180872307e-01 2.862097368162964628e+01
7.453896730802194170e-01 2.907133966132875358e+01
7.469474362423516034e-01 2.852927527578883371e+01
7.485051994044837897e-01 2.691060825136622370e+01
7.500629625666159761e-01 2.625322130284850530e+01
7.516207257287477184e-01 2.910169375752878906e+01
7.531784888908799047e-01 3.119203950216725119e+01
7.547362520530120911e-01 2.757085931214073327e+01
7.562940152151442774e-01 2.609953826610211536e+01
7.578517783772764638e-01 2.581425883410433286e+01
7.594095415394086501e-01 2.502428979869939596e+01
7.609673047015408365e-01 2.366460736752406291e+01
7.625250678636725787e-01 2.301849992881815155e+01
7.640828310258047651e-01 2.588237958949891393e+01
7.656405941879369514e-01 2.847106275543102782e+01
7.671983573500691378e-01 2.766808064506549769e+01
7.687561205122013241e-01 2.590647483405093965e+01
7.703138836743335105e-01 2.524774850081414357e+01
7.718716468364656969e-01 2.904908008271568676e+01
7.734294099985974391e-01 3.021206203430951120e+01
7.749871731607296255e-01 3.044472290575640372e+01
7.765449363228618118e-01 3.113900010071620272e+01
7.781026994849939982e-01 2.821479381975992951e+01
7.796604626471261845e-01 2.439244021058641465e+01
7.812182258092583709e-01 2.479832244915542816e+01
7.827759889713901131e-01 2.366004820160575761e+01
7.843337521335222995e-01 2.610467120229442628e+01
7.858915152956544858e-01 2.651517052345583636e+01
7.874492784577866722e-01 2.212012779232485116e+01
7.890070416199188585e-01 2.517524447682352573e+01
7.905648047820510449e-01 2.124791541617864610e+01
7.921225679441832312e-01 1.851457126261710684e+01
7.936803311063149735e-01 2.115443266986298454e+01
7.952380942684471599e-01 2.210741756762663712e+01
7.967958574305793462e-01 2.179782330478073860e+01
7.983536205927115326e-01 2.382819225587885015e+01
7.999113837548437189e-01 2.627251148080964427e+01
8.014691469169759053e-01 2.458186609555469104e+01
8.030269100791080916e-01 2.239346951491980420e+01
8.045846732412398339e-01 2.445067247739861571e+01
8.061424364033720202e-01 2.702042938145511641e+01
8.077001995655042066e-01 2.761627499331235924e+01
8.092579627276363929e-01 2.574052482840174250e+01
8.108157258897681352e-01 2.333441377340432510e+01
8.123734890519007656e-01 2.416482602874784646e+01
8.139312522140325079e-01 2.451324367685375805e+01
8.154890153761651383e-01 2.010615025770928455e+01
8.170467785382968806e-01 2.701006807977926982e+01
8.186045417004295111e-01 3.083471767843970213e+01
8.201623048625612533e-01 2.341915329151315106e+01
8.217200680246929956e-01 2.314268187769944163e+01
8.232778311868256260e-01 2.230145127287563867e+01
8.248355943489573683e-01 2.345441088894941473e+01
8.263933575110899987e-01 2.345007060328670789e+01
8.279511206732217410e-01 2.195489008966590561e+01
8.295088838353543714e-01 2.459516322365119123e+01
8.310666469974861137e-01 2.824296271079185061e+01
8.326244101596178560e-01 2.422631913206704724e+01
8.341821733217504864e-01 2.758611527138917197e+01
8.357399364838822287e-01 2.694419788325246046e+01
8.372976996460148591e-01 2.086874966531951614e+01
8.388554628081466014e-01 2.745786503646297305e+01
8.404132259702783436e-01 2.613922473900009891e+01
8.419709891324109741e-01 2.473138638475741402e+01
8.435287522945427163e-01 2.617745685730595895e+01
8.450865154566753468e-01 2.404078224503012251e+01
8.466442786188070890e-01 2.168574835755821084e+01
8.482020417809397195e-01 2.499104087021473575e+01
8.497598049430714617e-01 2.711609636830507242e+01
8.513175681052032040e-01 2.471572030820214749e+01
8.528753312673358344e-01 2.421974122559215914e+01
8.544330944294675767e-01 2.459161172960973474e+01
8.559908575916002071e-01 2.617474864599577700e+01
8.575486207537319494e-01 2.621646092402866657e+01
8.591063839158645798e-01 2.449009604839081078e+01
8.606641470779963221e-01 2.453197145186997119e+01
8.622219102401280644e-01 2.290728193120724399e+01
8.637796734022606948e-01 2.138200251100833427e+01
8.653374365643924371e-01 2.338517985849422232e+01
8.668951997265250675e-01 2.250789445161402824e+01
8.684529628886568098e-01 2.039845266898979759e+01
8.700107260507894402e-01 2.300441992443018435e+01
8.715684892129211825e-01 2.755648589124497150e+01
8.731262523750529247e-01 2.540894293206750731e+01
8.746840155371855552e-01 2.101322287596788030e+01
8.762417786993172975e-01 2.402647352194810537e+01
8.777995418614499279e-01 2.580880625709686527e+01
8.793573050235816702e-01 2.484682515804432512e+01
8.809150681857143006e-01 2.053575651822037784e+01
8.824728313478460429e-01 1.933763537435894619e+01
8.840305945099777851e-01 2.325047437518744786e+01
8.855883576721104156e-01 2.662017768635699966e+01
8.871461208342421578e-01 2.499385392902815184e+01
8.887038839963747883e-01 2.195264271108115750e+01
8.902616471585065305e-01 2.193815323392522032e+01
8.918194103206391610e-01 2.249334814622057976e+01
8.933771734827709032e-01 2.201083175580002305e+01
8.949349366449026455e-01 2.394709034661703839e+01
8.964926998070352759e-01 2.494465358023242274e+01
8.980504629691670182e-01 2.391746391663040328e+01
8.996082261312996486e-01 2.235234493558526125e+01
9.011659892934313909e-01 2.475112049158206418e+01
9.027237524555640213e-01 2.122093784404807693e+01
9.042815156176957636e-01 1.776564869100966604e+01
9.058392787798275059e-01 2.104925957974466755e+01
9.073970419419601363e-01 1.848304839668252697e+01
9.089548051040918786e-01 2.036614579317502916e+01
9.105125682662245090e-01 2.247492017624809435e+01
9.120703314283562513e-01 2.271660099018593115e+01
9.136280945904888817e-01 2.505398886340970677e+01
9.151858577526206240e-01 2.513738839146068571e+01
9.167436209147523662e-01 2.387832876697939710e+01
9.183013840768849967e-01 2.090013215831556082e+01
9.198591472390167390e-01 1.997423036884667624e+01
9.214169104011493694e-01 2.377966941709201265e+01
9.229746735632811117e-01 2.568497076081526842e+01
9.245324367254128539e-01 2.194666345471527080e+01
9.260901998875454844e-01 2.315821361550049673e+01
9.276479630496772266e-01 2.718774544239574453e+01
9.292057262118098571e-01 2.520330275289261124e+01
9.307634893739415993e-01 2.212021284062069526e+01
9.323212525360742298e-01 2.148028122203505319e+01
9.338790156982059720e-01 2.118203303250105307e+01
9.354367788603377143e-01 2.094785294186530322e+01
9.369945420224703447e-01 2.314622501884471006e+01
9.385523051846020870e-01 2.382771236952832083e+01
9.401100683467347174e-01 2.128046037927156320e+01
9.416678315088664597e-01 1.964291863362685575e+01
9.432255946709990901e-01 2.285418045682995114e+01
9.447833578331308324e-01 2.282343717206586575e+01
9.463411209952625747e-01 1.878531331414929539e+01
9.478988841573952051e-01 2.129382087059733308e+01
9.494566473195269474e-01 2.409861818703356917e+01
9.510144104816595778e-01 2.383030822021383699e+01
9.525721736437913201e-01 2.456600903154539850e+01
9.541299368059239505e-01 2.375657413455841294e+01
9.556876999680556928e-01 2.357564717436443757e+01
9.572454631301874350e-01 2.683895405643482945e+01
9.588032262923200655e-01 2.680729176539525938e+01
9.603609894544518077e-01 2.401676644062590782e+01
9.619187526165844382e-01 2.239173559546129155e+01
9.634765157787161804e-01 2.181659552322976481e+01
9.650342789408488109e-01 2.237269859194962152e+01
9.665920421029805532e-01 2.394048159072148962e+01
9.681498052651122954e-01 2.514081822787699139e+01
9.697075684272449259e-01 2.350616135466243861e+01
9.712653315893766681e-01 2.216408752288323925e+01
9.728230947515092986e-01 2.318862606961824468e+01
9.743808579136410408e-01 2.534747532378720436e+01
9.759386210757736713e-01 2.661529965604308501e+01
9.774963842379054135e-01 2.532096204449948473e+01
9.790541474000371558e-01 2.693625321841231113e+01
9.806119105621697862e-01 2.755700223204198807e+01
9.821696737243015285e-01 2.509275646599089526e+01
9.837274368864341589e-01 2.194535867012636743e+01
9.852852000485659012e-01 1.935584615045553036e+01
9.868429632106985316e-01 1.838430672971855984e+01
9.884007263728302739e-01 1.876419161638184718e+01
9.899584895349620162e-01 1.919772797465533642e+01
9.915162526970946466e-01 1.914532648600039622e+01
9.930740158592263889e-01 2.065982115235084393e+01
9.946317790213590193e-01 1.946569265774390090e+01
9.961895421834907616e-01 1.876396366467784205e+01
9.977473053456225038e-01 1.994295758184666312e+01
9.993050685077551343e-01 2.151130183517256711e+01
1.000862831669886877e+00 2.344568940885313424e+01
1.002420594832019507e+00 2.394565783504857137e+01
1.003978357994151249e+00 2.189190996565917757e+01
1.005536121156283880e+00 1.991152857884241101e+01
1.007093884318415622e+00 2.210121950404139213e+01
1.008651647480547364e+00 2.419000719517933717e+01
1.010209410642679995e+00 2.192689461837440490e+01
1.011767173804811737e+00 2.106676070729401218e+01
1.013324936966944367e+00 2.213113006973606645e+01
1.014882700129076110e+00 2.283718487695989907e+01
1.016440463291208740e+00 2.290160983024490449e+01
1.017998226453340482e+00 2.085311236087475706e+01
1.019555989615472225e+00 2.150877446448010488e+01
1.021113752777604855e+00 2.188986274646389063e+01
1.022671515939736597e+00 2.105755830795634864e+01
1.024229279101869228e+00 2.159243705939946523e+01
1.025787042264000970e+00 2.170003647609621922e+01
1.027344805426133600e+00 2.040639374700636210e+01
1.028902568588265343e+00 2.228284811070923865e+01
1.030460331750397085e+00 2.254185223010150807e+01
1.032018094912529715e+00 2.092952004324808968e+01
1.033575858074661458e+00 2.211486794189384852e+01
1.035133621236794088e+00 2.189734121445966863e+01
1.036691384398925830e+00 2.114469768688882922e+01
1.038249147561058461e+00 1.928609996251520542e+01
1.039806910723190203e+00 2.026306786804351034e+01
1.041364673885321945e+00 2.326044152395382270e+01
1.042922437047454576e+00 1.885457602460174797e+01
1.044480200209586318e+00 2.230310163199602158e+01
1.046037963371718948e+00 2.330914430353361411e+01
1.047595726533850691e+00 1.590995556966795021e+01
1.049153489695983321e+00 2.046794135176017804e+01
1.050711252858115063e+00 2.106360534872751344e+01
1.052269016020246806e+00 2.044514387155862778e+01
1.053826779182379436e+00 2.020370238188032630e+01
1.055384542344511178e+00 2.113041275169686628e+01
1.056942305506643809e+00 2.167482379980725682e+01
1.058500068668775551e+00 2.104964812966730747e+01
1.060057831830908182e+00 1.863570042608564492e+01
1.061615594993039924e+00 1.687941391897452803e+01
1.063173358155171666e+00 1.901009607674068747e+01
1.064731121317304297e+00 1.894508152569546766e+01
1.066288884479436039e+00 1.766058540270723753e+01
1.067846647641568669e+00 1.896689920297232845e+01
1.069404410803700411e+00 1.974156269568678468e+01
1.070962173965833042e+00 2.258419327806088717e+01
1.072519937127964784e+00 2.297983692649061993e+01
1.074077700290096526e+00 2.294909059712757227e+01
1.075635463452229157e+00 2.187237945213389168e+01
1.077193226614360899e+00 2.002255880068822336e+01
1.078750989776493530e+00 2.104245762704385214e+01
1.080308752938625272e+00 1.810422127736660869e+01
1.081866516100757014e+00 1.711113432415364599e+01
1.083424279262889645e+00 1.956328817535149867e+01
1.084982042425021387e+00 2.004705041849263480e+01
1.086539805587154017e+00 1.861319943663056620e+01
1.088097568749285760e+00 1.911176882187165660e+01
1.089655331911418390e+00 1.952832041349270753e+01
1.091213095073550132e+00 1.952740927224066425e+01
1.092770858235681875e+00 2.488127749113817799e+01
1.094328621397814505e+00 2.394351811139120301e+01
1.095886384559946247e+00 2.070439843369696220e+01
1.097444147722078878e+00 2.191665714493133521e+01
1.099001910884210620e+00 1.646302028229072079e+01
1.100559674046343250e+00 1.640799209978519357e+01
1.102117437208474993e+00 1.917477213188132268e+01
1.103675200370606735e+00 2.197034704424904561e+01
1.105232963532739365e+00 2.315092594793765812e+01
1.106790726694871108e+00 2.302950893221954587e+01
1.108348489857003738e+00 2.012556503461281920e+01
1.109906253019135480e+00 1.844791331178164029e+01
1.111464016181268111e+00 2.392657091618341525e+01
1.113021779343399853e+00 2.547854613441703009e+01
1.114579542505531595e+00 2.158927683376273876e+01
1.116137305667664226e+00 2.138512011216501563e+01
1.117695068829795968e+00 2.340497085944491573e+01
1.119252831991928598e+00 2.430761536963366254e+01
1.120810595154060341e+00 2.242031485571013150e+01
1.122368358316192971e+00 1.961386289263188232e+01
1.123926121478324713e+00 2.162106542514087693e+01
1.125483884640456456e+00 2.579390738421298934e+01
1.127041647802589086e+00 2.344529939035984256e+01
1.128599410964720828e+00 2.214975929633589047e+01
1.130157174126853459e+00 2.170963525584349085e+01
1.131714937288985201e+00 1.742886389276903358e+01
1.133272700451117831e+00 1.875811105084595454e+01
1.134830463613249574e+00 2.322461887192437402e+01
1.136388226775381316e+00 2.083598174286327165e+01
1.137945989937513946e+00 2.057995141466053823e+01
1.139503753099645689e+00 2.341678901827007309e+01
1.141061516261778319e+00 2.086945987814790726e+01
1.142619279423910061e+00 1.783376678227066492e+01
1.144177042586042692e+00 2.028779730072280074e+01
1.145734805748174434e+00 2.189458724335018402e+01
1.147292568910306176e+00 2.265329143970842551e+01
1.148850332072438807e+00 2.400346220959879773e+01
1.150408095234570549e+00 2.553078496699592392e+01
1.151965858396703180e+00 2.220811996842507696e+01
1.153523621558834922e+00 1.951939949507283600e+01
1.155081384720967552e+00 1.902009616040991702e+01
1.156639147883099294e+00 1.971965696381808897e+01
1.158196911045231037e+00 2.375491099676955997e+01
1.159754674207363667e+00 2.432702173691360414e+01
1.161312437369495409e+00 2.413429965870614424e+01
1.162870200531628040e+00 2.341614855219682312e+01
1.164427963693759782e+00 2.080860252660630039e+01
1.165985726855891524e+00 2.257380639467176664e+01
1.167543490018024155e+00 2.353842274056490425e+01
1.169101253180155897e+00 2.390009650670140573e+01
1.170659016342288528e+00 2.442692063389725377e+01
1.172216779504420270e+00 2.418266572488181154e+01
1.173774542666552900e+00 2.281783209364336429e+01
1.175332305828684643e+00 2.358414354900710563e+01
1.176890068990816385e+00 2.064770493459263889e+01
1.178447832152949015e+00 1.787120533389643029e+01
1.180005595315080758e+00 1.994255023764192103e+01
1.181563358477213388e+00 1.893311362696378097e+01
1.183121121639345130e+00 2.101030207714469000e+01
1.184678884801477761e+00 2.128440173760859011e+01
1.186236647963609503e+00 1.907626077097094708e+01
1.187794411125741245e+00 1.995491672200230582e+01
1.189352174287873876e+00 2.137173298342171535e+01
1.190909937450005618e+00 2.083921309994557447e+01
1.192467700612138248e+00 2.105443679081157171e+01
1.194025463774269991e+00 1.926294139977524011e+01
1.195583226936402621e+00 1.864982918389651445e+01
1.197140990098534363e+00 2.037867426825568629e+01
1.198698753260666106e+00 1.991730803465598498e+01
1.200256516422798736e+00 1.859851934685852370e+01
1.201814279584930478e+00 1.928963830199079155e+01
1.203372042747063109e+00 1.953936370144482026e+01
1.204929805909194851e+00 1.839565672577115052e+01
1.206487569071327481e+00 2.245779229138858213e+01
1.208045332233459224e+00 2.774619296050014228e+01
1.209603095395590966e+00 2.536904112359119168e+01
1.211160858557723596e+00 2.137985574655757048e+01
1.212718621719855339e+00 1.926118860439906655e+01
1.214276384881987969e+00 2.131336924915101960e+01
1.215834148044119711e+00 2.230512325441713628e+01
1.217391911206252342e+00 2.161912245351261319e+01
1.218949674368384084e+00 2.151773767304247187e+01
1.220507437530515826e+00 1.900911230017654319e+01
1.222065200692648457e+00 1.849772364604534403e+01
1.223622963854780199e+00 2.034175692048064832e+01
1.225180727016912829e+00 1.817594874704237284e+01
1.226738490179044572e+00 1.904703855892858044e+01
1.228296253341177202e+00 2.344619807453572946e+01
1.229854016503308944e+00 2.222536383663397075e+01
1.231411779665440687e+00 2.039474368372747648e+01
1.232969542827573317e+00 2.051966885365745696e+01
1.234527305989705059e+00 2.337713463175198925e+01
1.236085069151837690e+00 2.452959342552009048e+01
1.237642832313969432e+00 2.076904681601824620e+01
1.239200595476101174e+00 1.873478555736678786e+01
1.240758358638233805e+00 1.968739022124719185e+01
1.242316121800365547e+00 1.894725598085046769e+01
1.243873884962498177e+00 2.005121642369039137e+01
1.245431648124629920e+00 2.503390678305457229e+01
1.246989411286762550e+00 2.417241760646167847e+01
1.248547174448894292e+00 1.993919228282197764e+01
1.250104937611026035e+00 2.022098894412255277e+01
1.251662700773158665e+00 1.844700936961818272e+01
1.253220463935290407e+00 2.142285582732257510e+01
1.254778227097423038e+00 2.188873815000239276e+01
1.256335990259554780e+00 2.002850546685645483e+01
1.257893753421687411e+00 1.756899296711435099e+01
1.259451516583819153e+00 1.687380163911214837e+01
1.261009279745950895e+00 2.257049348346321693e+01
1.262567042908083526e+00 2.205489252641048736e+01
1.264124806070215268e+00 1.926161640359755012e+01
1.265682569232347898e+00 1.907355536878386815e+01
1.267240332394479640e+00 1.940022482813442650e+01
1.268798095556612271e+00 2.009339940501589794e+01
1.270355858718744013e+00 2.030008963634226760e+01
1.271913621880875755e+00 1.992782571209131603e+01
1.273471385043008386e+00 1.869766370573584524e+01
1.275029148205140128e+00 2.011515799269260540e+01
1.276586911367272759e+00 2.084576130726319221e+01
1.278144674529404501e+00 2.181948865815796168e+01
1.279702437691537131e+00 2.343833446119149500e+01
1.281260200853668874e+00 1.910392232800385059e+01
1.282817964015800616e+00 1.952361066928214939e+01
1.284375727177933246e+00 1.921315096080395790e+01
1.285933490340064989e+00 1.761773967227545157e+01
1.287491253502197619e+00 1.537081121367507031e+01
1.289049016664329361e+00 1.708184009601525233e+01
1.290606779826461992e+00 1.951432008469243229e+01
1.292164542988593734e+00 2.187626402854094465e+01
1.293722306150725476e+00 2.219937243102727464e+01
1.295280069312858107e+00 1.779382353203538614e+01
1.296837832474989849e+00 2.353340391130713272e+01
1.298395595637122479e+00 2.368143361077915188e+01
1.299953358799254222e+00 1.819437967936661948e+01
1.301511121961386852e+00 1.611586578875293085e+01
1.303068885123518594e+00 2.051712129383614780e+01
1.304626648285650337e+00 1.989919360491813904e+01
1.306184411447782967e+00 1.762872604958611689e+01
1.307742174609914709e+00 2.138348449538387896e+01
1.309299937772047340e+00 1.806657121125775589e+01
1.310857700934179082e+00 1.728725914651747786e+01
1.312415464096311712e+00 2.335182118350108738e+01
1.313973227258443455e+00 2.110411055617282017e+01
1.315530990420575197e+00 2.078162273191734855e+01
1.317088753582707827e+00 2.114640142342982898e+01
1.318646516744839570e+00 1.872912254252072373e+01
1.320204279906972200e+00 1.907448365049829420e+01
1.321762043069103942e+00 2.223528296442377084e+01
1.323319806231235685e+00 2.117203408381334739e+01
1.324877569393368315e+00 2.019490776860757109e+01
1.326435332555500057e+00 2.052476483356839410e+01
1.327993095717632688e+00 1.804012844993721032e+01
1.329550858879764430e+00 2.032038357588414712e+01
1.331108622041897060e+00 2.198503121958773221e+01
1.332666385204028803e+00 1.994350052529337702e+01
1.334224148366160545e+00 1.826863021894691030e+01
1.335781911528293175e+00 1.962077306321016223e+01
1.337339674690424918e+00 2.075868303945024351e+01
1.338897437852557548e+00 1.847581818688464494e+01
1.340455201014689290e+00 1.919823029701521477e+01
1.342012964176821921e+00 2.104573809817947350e+01
1.343570727338953663e+00 2.148347264241742494e+01
1.345128490501085405e+00 2.416032430218668026e+01
1.346686253663218036e+00 2.194607997436215641e+01
1.348244016825349778e+00 2.110753887224134573e+01
1.349801779987482409e+00 1.922873097046227997e+01
1.351359543149614151e+00 1.841122509954170283e+01
1.352917306311746781e+00 2.123429800420229085e+01
1.354475069473878523e+00 2.347102202174538732e+01
1.356032832636010266e+00 2.121923089836364795e+01
1.357590595798142896e+00 1.797581649768526191e+01
1.359148358960274638e+00 2.032330612930930158e+01
1.360706122122407269e+00 2.062333572201016096e+01
1.362263885284539011e+00 1.973114649613413008e+01
1.363821648446671642e+00 2.232076803842262080e+01
1.365379411608803384e+00 2.086765217270674100e+01
1.366937174770935126e+00 2.166983827923597516e+01
1.368494937933067757e+00 2.070569522571199883e+01
1.370052701095199499e+00 1.881607104979865142e+01
1.371610464257332129e+00 1.841382416713094727e+01
1.373168227419463872e+00 1.863585995291110464e+01
1.374725990581596502e+00 2.170198969230160202e+01
1.376283753743728244e+00 1.991139508759723853e+01
1.377841516905859987e+00 1.821569478983898449e+01
1.379399280067992617e+00 2.055671347778567792e+01
1.380957043230124359e+00 2.054646422701701169e+01
1.382514806392256990e+00 2.229034718439632812e+01
1.384072569554388732e+00 2.093927141525351132e+01
1.385630332716521362e+00 1.948616993580122880e+01
1.387188095878653105e+00 1.911835911025879398e+01
1.388745859040784847e+00 1.516766264833266575e+01
1.390303622202917477e+00 1.757363738825218746e+01
1.391861385365049220e+00 2.094521451256296984e+01
1.393419148527181850e+00 1.868611294705219450e+01
1.394976911689313592e+00 1.960202174909233719e+01
1.396534674851446223e+00 2.012631646153485221e+01
1.398092438013577965e+00 1.994322677377793696e+01
1.399650201175709707e+00 1.958923000948513149e+01
1.401207964337842338e+00 2.122807413096786178e+01
1.402765727499974080e+00 2.226211389618228864e+01
1.404323490662106710e+00 2.279596795368508921e+01
1.405881253824238453e+00 2.055283209407410538e+01
1.407439016986370195e+00 1.810300175415492419e+01
1.408996780148502825e+00 2.172953862780416756e+01
1.410554543310634568e+00 1.930002632657087602e+01
1.412112306472767198e+00 1.709034186348722173e+01
1.413670069634898940e+00 1.752922164502398417e+01
1.415227832797031571e+00 2.046963712757819920e+01
1.416785595959163313e+00 1.876973280237937303e+01
1.418343359121295055e+00 1.801285282235084750e+01
1.419901122283427686e+00 1.925223316962755860e+01
1.421458885445559428e+00 1.998744517291351031e+01
1.423016648607692058e+00 2.085737598032113027e+01
1.424574411769823801e+00 1.801182939033370900e+01
1.426132174931956431e+00 2.037824083009446952e+01
1.427689938094088173e+00 1.960437710381086873e+01
1.429247701256219916e+00 1.967777581407032272e+01
1.430805464418352546e+00 2.046510302309112461e+01
1.432363227580484288e+00 1.908614446080391502e+01
1.433920990742616919e+00 1.733959076436979529e+01
1.435478753904748661e+00 1.944141131421133650e+01
1.437036517066881292e+00 2.346609130619166095e+01
1.438594280229013034e+00 2.207207074143720149e+01
1.440152043391144776e+00 1.976936557957847285e+01
1.441709806553277406e+00 2.047920494536689162e+01
1.443267569715409149e+00 2.108342413805321058e+01
1.444825332877541779e+00 1.844520167378723841e+01
1.446383096039673521e+00 1.629423387205962115e+01
1.447940859201806152e+00 1.948587319342779978e+01
1.449498622363937894e+00 2.009234299432442938e+01
1.451056385526069636e+00 2.071613352581004719e+01
1.452614148688202267e+00 2.343255687213908445e+01
1.454171911850334009e+00 1.940292098204423255e+01
1.455729675012466640e+00 1.980448994192991918e+01
1.457287438174598382e+00 2.081099762765410688e+01
1.458845201336731012e+00 1.901837222356405022e+01
1.460402964498862755e+00 1.517479013191113246e+01
1.461960727660994497e+00 1.523119886175987681e+01
1.463518490823127127e+00 1.912846897068316565e+01
1.465076253985258870e+00 2.076016892372575740e+01
1.466634017147391500e+00 2.055418629774013795e+01
1.468191780309523242e+00 2.088089451050158019e+01
1.469749543471655873e+00 1.920609598530027640e+01
1.471307306633787615e+00 1.534817478472105634e+01
1.472865069795919357e+00 2.026480203313949602e+01
1.474422832958051988e+00 2.554547840831621386e+01
1.475980596120183730e+00 2.279678461763588615e+01
1.477538359282316360e+00 1.870780605425885312e+01
1.479096122444448103e+00 1.817134948676050854e+01
1.480653885606579845e+00 1.894534859541477445e+01
1.482211648768712475e+00 2.212098498488409604e+01
1.483769411930844218e+00 2.198547598993778962e+01
1.485327175092976848e+00 2.201659211190767351e+01
1.486884938255108590e+00 2.043194712908851329e+01
1.488442701417241221e+00 1.788207197141807825e+01
1.490000464579372963e+00 1.721014529235121060e+01
1.491558227741504705e+00 1.770461017794155367e+01
1.493115990903637336e+00 1.930484176536254992e+01
1.494673754065769078e+00 2.418739599936995432e+01
1.496231517227901708e+00 2.277979592192075131e+01
1.497789280390033451e+00 1.833285817485066005e+01
1.499347043552166081e+00 1.914777785241244601e+01
1.500904806714297823e+00 1.892034239242698845e+01
1.502462569876429566e+00 2.162503478298230064e+01
1.504020333038562196e+00 2.348849513132597622e+01
1.505578096200693938e+00 1.993571960424844036e+01
1.507135859362826569e+00 1.456053488864017176e+01
1.508693622524958311e+00 1.550153898021389409e+01
1.510251385687090941e+00 1.927649881108368035e+01
1.511809148849222684e+00 1.926592718244956970e+01
1.513366912011354426e+00 1.924226285082020382e+01
1.514924675173487056e+00 1.917367128019554556e+01
1.516482438335618799e+00 1.876970694553048702e+01
1.518040201497751429e+00 1.854321637161516279e+01
1.519597964659883171e+00 1.823444607002430118e+01
1.521155727822015802e+00 1.744474024760166841e+01
1.522713490984147544e+00 2.120744248827306322e+01
1.524271254146279286e+00 2.142345857004224641e+01
1.525829017308411917e+00 1.840870402305544573e+01
1.527386780470543659e+00 2.063483478889304124e+01
1.528944543632676289e+00 1.860523392458656744e+01
1.530502306794808032e+00 1.704914788729761810e+01
1.532060069956940662e+00 1.677176247572212375e+01
1.533617833119072404e+00 1.987031837289956115e+01
1.535175596281204147e+00 2.136820815148470487e+01
1.536733359443336777e+00 1.875124803178966815e+01
1.538291122605468519e+00 1.951431514421571833e+01
1.539848885767601150e+00 2.161494281974230347e+01
1.541406648929732892e+00 2.063722785830557882e+01
1.542964412091865523e+00 2.066228247149484787e+01
1.544522175253997265e+00 1.890444305291569549e+01
1.546079938416129007e+00 1.888748702943397006e+01
1.547637701578261638e+00 1.851970425722409530e+01
1.549195464740393380e+00 1.919639395438804286e+01
1.550753227902526010e+00 2.073367515395414884e+01
1.552310991064657753e+00 1.822689657342865033e+01
1.553868754226790383e+00 1.859513131911095840e+01
1.555426517388922125e+00 2.151520193465266217e+01
1.556984280551053867e+00 1.935086263851674460e+01
1.558542043713186498e+00 1.745924357597352738e+01
1.560099806875318240e+00 1.705471385299335552e+01
1.561657570037450871e+00 1.958163575563059666e+01
1.563215333199582613e+00 2.166654442160304583e+01
1.564773096361714355e+00 2.226452910225776449e+01
1.566330859523846986e+00 2.257164119790200019e+01
1.567888622685978728e+00 2.076743863487119413e+01
1.569446385848111358e+00 1.775034995909038571e+01
1.571004149010243101e+00 1.930347500525266824e+01
1.572561912172375731e+00 2.157895153588479076e+01
1.574119675334507473e+00 2.141239163848744198e+01
1.575677438496639216e+00 1.937343445603762859e+01
1.577235201658771846e+00 1.869358808457220888e+01
1.578792964820903588e+00 1.999282140501491511e+01
1.580350727983036219e+00 2.150809486613533394e+01
1.581908491145167961e+00 2.324514269845573011e+01
1.583466254307300591e+00 1.991363094295816083e+01
1.585024017469432334e+00 1.952604425674182309e+01
1.586581780631564076e+00 1.927262912529647210e+01
1.588139543793696706e+00 2.043698238633973574e+01
1.589697306955828449e+00 1.954253708650184507e+01
1.591255070117961079e+00 2.095097010416266770e+01
1.592812833280092821e+00 2.485990865116346527e+01
1.594370596442225452e+00 2.038205625951692568e+01
1.595928359604357194e+00 2.196187506278281987e+01
1.597486122766488936e+00 1.918549785691392273e+01
1.599043885928621567e+00 1.961643597785321447e+01
1.600601649090753309e+00 1.896413224801551678e+01
1.602159412252885939e+00 1.759909509095383484e+01
1.603717175415017682e+00 1.796667686470445346e+01
1.605274938577150312e+00 2.035983745805632239e+01
1.606832701739282054e+00 2.118451132144286930e+01
1.608390464901413797e+00 2.075698841317630183e+01
1.609948228063546427e+00 2.653792394741274308e+01
1.611505991225678169e+00 2.543134820191573553e+01
1.613063754387810800e+00 2.128663001882602757e+01
1.614621517549942542e+00 2.161035570179654997e+01
1.616179280712075172e+00 1.848986498267914058e+01
1.617737043874206915e+00 1.790115810780553574e+01
1.619294807036338657e+00 2.203560627589687115e+01
1.620852570198471287e+00 1.824824448296451962e+01
1.622410333360603030e+00 2.006541553449678972e+01
1.623968096522735660e+00 1.827350748740619224e+01
1.625525859684867402e+00 2.127526631838373561e+01
1.627083622847000033e+00 2.277246252135158855e+01
1.628641386009131775e+00 2.462251950062201544e+01
1.630199149171263517e+00 2.303975796781072916e+01
1.631756912333396148e+00 1.778403877301730773e+01
1.633314675495527890e+00 1.820618080441553133e+01
1.634872438657660521e+00 2.153825490042044777e+01
1.636430201819792263e+00 1.995130956536228695e+01
1.637987964981924005e+00 1.867260241556277478e+01
1.639545728144056636e+00 1.829528916828210328e+01
1.641103491306188378e+00 1.872467499271144931e+01
1.642661254468321008e+00 1.756250943329974490e+01
1.644219017630452750e+00 1.956965885548503437e+01
1.645776780792585381e+00 2.275284399745882169e+01
1.647334543954717123e+00 2.176483233284512409e+01
1.648892307116848865e+00 2.165508525390692185e+01
1.650450070278981496e+00 2.076206415016723739e+01
1.652007833441113238e+00 1.966305757888257233e+01
1.653565596603245869e+00 1.704120862993197960e+01
1.655123359765377611e+00 1.629067691980057120e+01
1.656681122927510241e+00 1.669021674447294501e+01
1.658238886089641984e+00 1.542373445594755843e+01
1.659796649251773726e+00 1.695177925650940765e+01
1.661354412413906356e+00 1.793087245423084042e+01
1.662912175576038099e+00 1.502642971839837926e+01
1.664469938738170729e+00 1.848512460497453347e+01
1.666027701900302471e+00 2.071666854215505182e+01
1.667585465062435102e+00 2.099426813123259805e+01
1.669143228224566844e+00 1.914077999926483287e+01
1.670700991386698586e+00 1.802379019258248505e+01
1.672258754548831217e+00 1.758193209382212174e+01
1.673816517710962959e+00 1.679595600139990808e+01
1.675374280873095589e+00 1.875170237059988310e+01
1.676932044035227332e+00 1.893380856574193771e+01
1.678489807197359962e+00 2.106899763717678198e+01
1.680047570359491704e+00 1.998546196595237490e+01
1.681605333521623447e+00 2.078547494357680847e+01
1.683163096683756077e+00 1.950620449843540882e+01
1.684720859845887819e+00 1.898952799094776012e+01
1.686278623008020450e+00 2.031494360780160591e+01
1.687836386170152192e+00 1.782029088379777093e+01
1.689394149332284822e+00 1.767163101625031985e+01
1.690951912494416565e+00 1.592155073535035648e+01
1.692509675656548307e+00 1.573431114757767446e+01
1.694067438818680937e+00 2.347637889526561850e+01
1.695625201980812680e+00 2.304592718583305455e+01
1.697182965142945310e+00 1.887227689266763875e+01
1.698740728305077052e+00 1.913681916176055964e+01
1.700298491467209683e+00 2.015892728020978097e+01
1.701856254629341425e+00 1.807682037462749847e+01
1.703414017791473167e+00 1.803050549703205263e+01
1.704971780953605798e+00 1.930183855099485157e+01
1.706529544115737540e+00 1.779270968404224007e+01
1.708087307277870170e+00 1.825541398376341462e+01
1.709645070440001913e+00 1.958501066996468865e+01
1.711202833602134543e+00 1.892539643444057518e+01
1.712760596764266285e+00 1.747733690908485116e+01
1.714318359926398028e+00 1.691022934435788372e+01
1.715876123088530658e+00 1.758923307231917477e+01
1.717433886250662400e+00 1.888372733304485251e+01
1.718991649412795031e+00 1.538320803002658899e+01
1.720549412574926773e+00 1.516078056121010498e+01
1.722107175737058515e+00 1.792429099929474390e+01
1.723664938899191146e+00 1.785103929916428100e+01
1.725222702061322888e+00 1.856937863372468556e+01
1.726780465223455518e+00 1.687505796119490498e+01
1.728338228385587261e+00 1.662092416308228593e+01
1.729895991547719891e+00 1.780229020088189174e+01
1.731453754709851633e+00 1.924299814267524411e+01
1.733011517871983376e+00 1.707926793799207132e+01
1.734569281034116006e+00 1.725542331767435655e+01
1.736127044196247748e+00 1.814827237294030837e+01
1.737684807358380379e+00 1.321118453485838096e+01
1.739242570520512121e+00 1.956637175400054574e+01
1.740800333682644752e+00 1.796047628649106187e+01
1.742358096844776494e+00 1.607767841392157493e+01
1.743915860006908236e+00 1.829944801113743935e+01
1.745473623169040867e+00 1.949987187462988913e+01
1.747031386331172609e+00 1.841324843472059669e+01
1.748589149493305239e+00 1.770753264468937971e+01
1.750146912655436982e+00 1.839184890374213666e+01
1.751704675817569612e+00 2.032077386035215838e+01
1.753262438979701354e+00 1.957466050098800991e+01
1.754820202141833096e+00 2.144447266435446053e+01
1.756377965303965727e+00 2.258183827370231356e+01
1.757935728466097469e+00 1.811973998945709852e+01
1.759493491628230100e+00 1.486704705302963703e+01
1.761051254790361842e+00 1.788196495625595617e+01
1.762609017952494472e+00 2.019887082914408438e+01
1.764166781114626215e+00 2.120840235971713383e+01
1.765724544276757957e+00 2.075513094962558469e+01
1.767282307438890587e+00 1.718480071628706796e+01
1.768840070601022330e+00 1.998905364177364063e+01
1.770397833763154960e+00 2.105316559511687302e+01
1.771955596925286702e+00 1.841761062004190563e+01
1.773513360087419333e+00 1.480963460767250162e+01
1.775071123249551075e+00 1.686757125716151506e+01
1.776628886411682817e+00 2.096701675997802994e+01
1.778186649573815448e+00 2.068778040300886900e+01
1.779744412735947190e+00 2.131778099317805442e+01
1.781302175898079820e+00 2.097324389933953981e+01
1.782859939060211563e+00 1.870441267679576924e+01
1.784417702222344193e+00 1.929334559072144373e+01
1.785975465384475935e+00 1.693902501488603107e+01
1.787533228546607678e+00 1.857415159937255211e+01
1.789090991708740308e+00 1.800594212183838394e+01
1.790648754870872050e+00 2.054710984635515203e+01
1.792206518033004681e+00 1.863353302902429576e+01
1.793764281195136423e+00 1.803567340394768337e+01
1.795322044357268165e+00 2.160400098510986666e+01
1.796879807519400796e+00 2.313493309597029679e+01
1.798437570681532538e+00 2.241687144125916120e+01
1.799995333843665168e+00 1.987671283656338161e+01
1.801553097005796911e+00 1.966159223958518609e+01
1.803110860167929541e+00 2.510877623654466717e+01
1.804668623330061283e+00 2.464878238492432061e+01
1.806226386492193026e+00 1.985899827430948861e+01
1.807784149654325656e+00 1.910590695535289285e+01
1.809341912816457398e+00 2.140873552368361032e+01
1.810899675978590029e+00 2.025749108410282062e+01
1.812457439140721771e+00 1.807230912097405096e+01
1.814015202302854401e+00 1.691272574858683697e+01
1.815572965464986144e+00 1.700905935017662074e+01
1.817130728627117886e+00 1.958227829359128336e+01
1.818688491789250516e+00 1.966176515795849156e+01
1.820246254951382259e+00 1.801144787491492849e+01
1.821804018113514889e+00 1.556652108804466117e+01
1.823361781275646631e+00 1.609158419613544311e+01
1.824919544437779262e+00 1.766358114080744102e+01
1.826477307599911004e+00 2.114541646924797647e+01
1.828035070762042746e+00 2.167679352267502679e+01
1.829592833924175377e+00 1.838894466110149750e+01
1.831150597086307119e+00 2.002069700625622772e+01
1.832708360248439750e+00 2.012300069445915796e+01
1.834266123410571492e+00 1.643828756246987766e+01
1.835823886572704122e+00 2.127302579298691043e+01
1.837381649734835865e+00 2.348039555965268832e+01
1.838939412896967607e+00 1.968225612521444745e+01
1.840497176059100237e+00 2.061934062102143983e+01
1.842054939221231979e+00 2.112828349700398078e+01
1.843612702383364610e+00 2.120684061899853390e+01
1.845170465545496352e+00 2.153896100391626334e+01
1.846728228707628983e+00 1.956064776581652254e+01
1.848285991869760725e+00 2.059246469693745851e+01
1.849843755031892467e+00 2.316465272542776432e+01
1.851401518194025098e+00 2.116500345426720742e+01
1.852959281356156840e+00 2.204017698940411307e+01
1.854517044518289470e+00 1.789759729698506519e+01
1.856074807680421213e+00 1.476735335311605724e+01
1.857632570842553843e+00 1.613371784866260228e+01
1.859190334004685585e+00 1.831950306799008388e+01
1.860748097166817328e+00 1.950430220228262357e+01
1.862305860328949958e+00 2.306914279214394270e+01
1.863863623491081700e+00 2.177063772050213686e+01
1.865421386653214331e+00 1.682009826675088249e+01
1.866979149815346073e+00 2.116540954672670338e+01
1.868536912977478703e+00 2.050194139467514276e+01
1.870094676139610446e+00 1.872636510362851681e+01
1.871652439301742188e+00 1.762904861883121654e+01
1.873210202463874818e+00 1.548164264298004511e+01
1.874767965626006561e+00 1.710270131686217709e+01
1.876325728788139191e+00 2.023049332138345235e+01
1.877883491950270933e+00 1.909689642287551337e+01
1.879441255112402676e+00 1.864743400698517917e+01
1.880999018274535306e+00 2.148894649443665728e+01
1.882556781436667048e+00 2.116159766986530499e+01
1.884114544598799679e+00 2.142070966269390198e+01
1.885672307760931421e+00 1.752250119811058582e+01
1.887230070923064051e+00 1.589629718145877213e+01
1.888787834085195794e+00 1.802611542228978792e+01
1.890345597247327536e+00 1.684892800254124978e+01
1.891903360409460166e+00 1.823537978245208180e+01
1.893461123571591909e+00 1.870983007279910737e+01
1.895018886733724539e+00 1.661848251004236587e+01
1.896576649895856281e+00 1.381433411762564667e+01
1.898134413057988912e+00 1.337978753479344896e+01
1.899692176220120654e+00 1.726456552982194026e+01
1.901249939382252396e+00 1.928706646676842951e+01
1.902807702544385027e+00 1.810889490702636095e+01
1.904365465706516769e+00 2.162678451957266645e+01
1.905923228868649399e+00 1.803918868091248839e+01
1.907480992030781142e+00 1.689295919533476820e+01
1.909038755192913772e+00 1.753606233290351923e+01
1.910596518355045514e+00 1.823175044192422334e+01
1.912154281517177257e+00 1.841714176298926375e+01
1.913712044679309887e+00 1.888167412776888199e+01
1.915269807841441629e+00 1.844632556253988653e+01
1.916827571003574260e+00 1.828196615270880798e+01
1.918385334165706002e+00 1.881292392293867977e+01
1.919943097327838633e+00 1.716521955497220731e+01
1.921500860489970375e+00 1.714954500138719240e+01
1.923058623652102117e+00 2.172071462750228577e+01
1.924616386814234748e+00 2.128825676128731814e+01
1.926174149976366490e+00 1.617178190655748082e+01
1.927731913138499120e+00 1.362289067693969180e+01
1.929289676300630862e+00 1.590143003330759797e+01
1.930847439462763493e+00 1.688361106150252056e+01
1.932405202624895235e+00 1.727741801682657652e+01
1.933962965787026977e+00 1.905317309527360337e+01
1.935520728949159608e+00 1.804849067652946459e+01
1.937078492111291350e+00 1.686957612482423130e+01
1.938636255273423981e+00 1.776176506501936458e+01
1.940194018435555723e+00 2.114347062249192888e+01
1.941751781597688353e+00 1.780802095143064179e+01
1.943309544759820096e+00 1.533490667136911512e+01
1.944867307921951838e+00 1.750003576733674393e+01
1.946425071084084468e+00 1.952899230550415410e+01
1.947982834246216211e+00 1.958132698016494544e+01
1.949540597408348841e+00 1.701800821078377979e+01
1.951098360570480583e+00 1.287648772812538667e+01
1.952656123732613214e+00 1.388463564738999345e+01
1.954213886894744956e+00 1.530370491783902587e+01
1.955771650056876698e+00 1.845623350202970059e+01
1.957329413219009329e+00 2.506350241231252340e+01
1.958887176381141071e+00 2.297932190041401768e+01
1.960444939543273701e+00 1.854095313302553194e+01
1.962002702705405444e+00 1.636557509272664390e+01
1.963560465867537186e+00 1.609191274239559988e+01
1.965118229029669816e+00 1.787803680835676801e+01
1.966675992191801559e+00 2.360345931387245955e+01
1.968233755353934189e+00 2.383902382648141582e+01
1.969791518516065931e+00 2.107313118871580215e+01
1.971349281678198562e+00 2.159523943251149447e+01
1.972907044840330304e+00 1.823378775979405475e+01
1.974464808002462046e+00 2.237989190967072517e+01
1.976022571164594677e+00 2.256499947208614643e+01
1.977580334326726419e+00 1.844932529679604372e+01
1.979138097488859049e+00 1.704736657516669496e+01
1.980695860650990792e+00 2.034680917043671755e+01
1.982253623813123422e+00 2.437801390891640452e+01
1.983811386975255164e+00 2.112642931709928718e+01
1.985369150137386907e+00 1.610808487511571840e+01
1.986926913299519537e+00 1.988986047720658945e+01
1.988484676461651279e+00 2.019395725862495539e+01
1.990042439623783910e+00 1.849005000829459533e+01
1.991600202785915652e+00 2.152043236688616545e+01
1.993157965948048282e+00 1.606707425275090984e+01
1.994715729110180025e+00 1.565246070301344794e+01
1.996273492272311767e+00 1.763842910142603060e+01
1.997831255434444397e+00 1.634903003401198163e+01
1.999389018596576140e+00 1.424839164253644697e+01
2.000946781758708770e+00 1.597887302009402255e+01
2.002504544920840512e+00 1.870534782130405560e+01
2.004062308082973143e+00 1.713725022373112239e+01
2.005620071245104885e+00 1.602688875890997622e+01
2.007177834407236627e+00 1.944464007084896195e+01
2.008735597569369258e+00 1.753437067485128509e+01
2.010293360731501000e+00 1.943186799160606171e+01
2.011851123893633631e+00 2.388532137687977297e+01
2.013408887055765373e+00 2.025888591089973190e+01
2.014966650217898003e+00 1.543331815877166235e+01
2.016524413380029745e+00 1.565135196069507550e+01
2.018082176542161488e+00 1.912717925808967934e+01
2.019639939704294118e+00 2.121395238369839120e+01
2.021197702866425860e+00 2.025349408694647835e+01
2.022755466028558491e+00 2.050279120780063025e+01
2.024313229190690233e+00 2.198563672279209413e+01
2.025870992352822864e+00 1.669382491622745235e+01
2.027428755514954606e+00 1.542015251636633799e+01
2.028986518677086348e+00 1.644480983066329927e+01
2.030544281839218979e+00 1.761187725662065873e+01
2.032102045001350721e+00 1.694741245877456848e+01
2.033659808163483351e+00 1.508134073933852015e+01
2.035217571325615094e+00 1.644881861700786985e+01
2.036775334487746836e+00 2.021878669614164892e+01
2.038333097649879466e+00 1.820946921796597096e+01
2.039890860812011208e+00 1.578937502321869246e+01
2.041448623974143839e+00 1.720246886807855446e+01
2.043006387136275581e+00 1.494841098852642602e+01
2.044564150298408212e+00 1.873008339888816565e+01
2.046121913460539954e+00 1.756414882650877374e+01
2.047679676622671696e+00 1.847114198504764460e+01
2.049237439784804327e+00 1.962127951877787524e+01
2.050795202946936069e+00 2.004601185169024191e+01
2.052352966109068699e+00 1.737209806732063910e+01
2.053910729271200442e+00 1.686844174600842550e+01
2.055468492433333072e+00 1.715373421344472149e+01
2.057026255595464814e+00 1.749819682007595745e+01
2.058584018757596557e+00 2.054850233976906893e+01
2.060141781919729187e+00 2.205667574445922341e+01
2.061699545081860929e+00 1.938355214144144512e+01
2.063257308243993560e+00 1.395655556291666777e+01
2.064815071406125302e+00 1.594316706223362523e+01
2.066372834568257932e+00 1.641846632531338557e+01
2.067930597730389675e+00 1.625591770634657607e+01
2.069488360892521417e+00 1.772794262826788980e+01
2.071046124054654047e+00 2.017937120633821380e+01
2.072603887216785790e+00 1.939486956112901339e+01
2.074161650378918420e+00 1.874468308810977391e+01
2.075719413541050162e+00 1.848953217240086744e+01
2.077277176703182793e+00 1.624684378459448908e+01
2.078834939865314535e+00 1.848733757424650292e+01
2.080392703027446277e+00 1.541880265658230797e+01
2.081950466189578908e+00 1.770720567763647679e+01
2.083508229351710650e+00 2.149219979687111604e+01
2.085065992513843280e+00 1.812309523717006599e+01
2.086623755675975023e+00 1.745785906040027058e+01
2.088181518838107653e+00 1.693757673876200798e+01
2.089739282000239395e+00 1.713672749119576366e+01
2.091297045162371138e+00 1.676693909615088529e+01
2.092854808324503768e+00 1.576170429693256558e+01
2.094412571486635510e+00 1.920288696335353507e+01
2.095970334648768141e+00 2.085677042798719683e+01
2.097528097810899883e+00 1.374171699432869254e+01
2.099085860973032513e+00 1.266550637367138954e+01
2.100643624135164256e+00 1.447763957028149839e+01
2.102201387297295998e+00 1.636948101463809380e+01
2.103759150459428628e+00 1.489230458560490611e+01
2.105316913621560371e+00 1.597983810014053674e+01
2.106874676783693001e+00 1.568951008709710671e+01
2.108432439945824743e+00 1.569330819496869545e+01
2.109990203107957374e+00 1.691782670770123076e+01
2.111547966270089116e+00 1.728724645998765297e+01
2.113105729432220858e+00 1.685696277312564817e+01
2.114663492594353489e+00 2.027653399193796702e+01
2.116221255756485231e+00 2.089166512194280045e+01
2.117779018918617862e+00 1.740020853858185035e+01
2.119336782080749604e+00 1.913375996821863012e+01
2.120894545242881346e+00 1.737315292243094333e+01
2.122452308405013977e+00 1.713335233592679074e+01
2.124010071567145719e+00 2.034867891481208702e+01
2.125567834729278349e+00 2.016950768365700597e+01
2.127125597891410091e+00 1.792299906687793865e+01
2.128683361053542722e+00 1.785694575820111041e+01
2.130241124215674464e+00 1.784196528878558397e+01
2.131798887377806206e+00 1.700511083041909899e+01
2.133356650539938837e+00 1.851397593969863564e+01
2.134914413702070579e+00 1.901711352590101356e+01
2.136472176864203210e+00 1.890824135807915596e+01
2.138029940026334952e+00 2.051271383891009847e+01
2.139587703188467582e+00 2.097187096203659351e+01
2.141145466350599325e+00 1.998338554773938114e+01
2.142703229512731067e+00 2.005589665065426885e+01
2.144260992674863697e+00 2.261371983812285436e+01
2.145818755836995440e+00 2.148609674520578494e+01
2.147376518999128070e+00 1.763151388549874454e+01
2.148934282161259812e+00 1.806176235881905612e+01
2.150492045323392443e+00 2.107949209938960067e+01
2.152049808485524185e+00 2.028710008047250568e+01
2.153607571647655927e+00 1.823511323000674977e+01
2.155165334809788558e+00 1.881406974562690593e+01
2.156723097971920300e+00 1.933866009367305594e+01
2.158280861134052930e+00 1.723853446875853379e+01
2.159838624296184673e+00 1.509519224906199142e+01
2.161396387458317303e+00 1.677306454005802294e+01
2.162954150620449045e+00 1.757790260923209047e+01
2.164511913782580788e+00 1.997158561857125392e+01
2.166069676944713418e+00 1.944226881821732178e+01
2.167627440106845160e+00 1.420886587527402867e+01
2.169185203268977791e+00 1.408560697406763040e+01
2.170742966431109533e+00 1.788882566468214463e+01
2.172300729593242163e+00 2.041270100568049273e+01
2.173858492755373906e+00 1.926897013837385586e+01
2.175416255917505648e+00 1.890795992789343671e+01
2.176974019079638278e+00 2.012870991095153173e+01
2.178531782241770021e+00 1.934680889798737979e+01
2.180089545403902651e+00 1.788516781885190454e+01
2.181647308566034393e+00 1.855924848271089900e+01
2.183205071728167024e+00 1.847106450537551581e+01
2.184762834890298766e+00 1.651158941982487249e+01
2.186320598052430508e+00 1.776113264627853994e+01
2.187878361214563139e+00 1.982065297017336647e+01
2.189436124376694881e+00 1.989541920410380627e+01
2.190993887538827511e+00 1.984842102989293267e+01
2.192551650700959254e+00 1.744278195762333183e+01
2.194109413863091884e+00 1.972777353294721436e+01
2.195667177025223626e+00 1.849631440840974861e+01
2.197224940187355369e+00 1.809932085013812042e+01
2.198782703349487999e+00 1.862062196035620332e+01
2.200340466511619741e+00 1.901450111287394407e+01
2.201898229673752372e+00 1.915027443505605476e+01
2.203455992835884114e+00 2.044242259644065740e+01
2.205013755998015856e+00 1.838252535675317034e+01
2.206571519160148487e+00 1.782687486537471955e+01
2.208129282322280229e+00 2.208875796308472061e+01
2.209687045484412860e+00 2.019142248152096997e+01
2.211244808646544602e+00 1.828309927140047719e+01
2.212802571808677232e+00 1.664765513071436942e+01
2.214360334970808974e+00 1.426194606861447589e+01
2.215918098132940717e+00 1.666425922337242937e+01
2.217475861295073347e+00 1.734283331203647904e+01
2.219033624457205089e+00 1.780072228960832703e+01
2.220591387619337720e+00 1.702838879185958376e+01
2.222149150781469462e+00 1.654741930891502832e+01
2.223706913943602093e+00 1.788718947815445404e+01
2.225264677105733835e+00 1.786012867921647285e+01
2.226822440267865577e+00 2.021874422531661963e+01
2.228380203429998208e+00 1.587189521995959396e+01
2.229937966592129950e+00 1.764739970212211873e+01
2.231495729754262580e+00 2.067538150140575937e+01
2.233053492916394323e+00 1.849111441698163105e+01
2.234611256078526953e+00 1.587135519739184275e+01
2.236169019240658695e+00 1.523470855285339454e+01
2.237726782402790437e+00 1.566913336239593946e+01
2.239284545564923068e+00 2.124007289104202556e+01
2.240842308727054810e+00 2.172855688061781976e+01
2.242400071889187441e+00 1.361722716093679431e+01
2.243957835051319183e+00 1.937279700955494022e+01
2.245515598213451813e+00 1.969692187526652916e+01
2.247073361375583556e+00 1.620304343300930583e+01
2.248631124537715298e+00 1.750370688148019127e+01
2.250188887699847928e+00 1.678204095316982247e+01
2.251746650861979671e+00 1.611232530842722355e+01
2.253304414024112301e+00 1.618970726160118900e+01
2.254862177186244043e+00 1.646481298758262923e+01
2.256419940348376674e+00 1.758269623652607194e+01
2.257977703510508416e+00 2.106969976641023123e+01
2.259535466672640158e+00 1.835987444231833976e+01
2.261093229834772789e+00 1.554407772813216759e+01
2.262650992996904531e+00 1.702986822429754454e+01
2.264208756159037161e+00 1.649741085863549372e+01
2.265766519321168904e+00 1.585760712177239284e+01
2.267324282483301534e+00 1.780086072968453337e+01
2.268882045645433276e+00 2.067296156477917535e+01
2.270439808807565019e+00 2.013734350136756035e+01
2.271997571969697649e+00 1.760868320954238797e+01
2.273555335131829391e+00 1.620026642106741477e+01
2.275113098293962022e+00 1.485610848902386749e+01
2.276670861456093764e+00 1.638854465855386877e+01
2.278228624618225506e+00 1.739725802101737173e+01
2.279786387780358137e+00 1.856006031575894966e+01
2.281344150942489879e+00 1.767638387533212097e+01
2.282901914104622509e+00 1.801712436050695487e+01
2.284459677266754252e+00 1.817928638759500615e+01
2.286017440428886882e+00 1.912999254601536947e+01
2.287575203591018624e+00 1.823010193032293103e+01
2.289132966753150367e+00 1.622873563187422263e+01
2.290690729915282997e+00 1.695376762315632391e+01
2.292248493077414739e+00 1.972849646159916404e+01
2.293806256239547370e+00 2.007495816934369515e+01
2.295364019401679112e+00 1.731391794248175131e+01
2.296921782563811743e+00 1.684914012956965124e+01
2.298479545725943485e+00 2.023413957336582314e+01
2.300037308888075227e+00 1.665701089135315272e+01
2.301595072050207857e+00 1.536880304766502015e+01
2.303152835212339600e+00 1.844327593621483530e+01
2.304710598374472230e+00 1.414040129097018905e+01
2.306268361536603972e+00 1.586608343821569811e+01
2.307826124698736603e+00 1.834390492706074482e+01
2.309383887860868345e+00 1.925355486070724353e+01
2.310941651023000087e+00 1.748801197880938219e+01
2.312499414185132718e+00 1.477983245506192311e+01
2.314057177347264460e+00 1.612646537813716208e+01
2.315614940509397091e+00 1.687178545456867695e+01
2.317172703671528833e+00 1.539312666999172841e+01
2.318730466833661463e+00 1.875087829637423908e+01
2.320288229995793206e+00 1.830605293579919035e+01
2.321845993157924948e+00 1.814872994070678658e+01
2.323403756320057578e+00 2.066320527270671192e+01
2.324961519482189320e+00 2.075800651096164628e+01
2.326519282644321951e+00 1.698578270407487878e+01
2.328077045806453693e+00 1.567881781596003776e+01
2.329634808968586324e+00 1.439834424109520761e+01
2.331192572130718066e+00 1.488722041762537351e+01
2.332750335292849808e+00 1.800104494330235028e+01
2.334308098454982439e+00 1.797490139951943533e+01
2.335865861617114181e+00 1.691914712851281521e+01
2.337423624779246811e+00 1.621434172916594818e+01
2.338981387941378554e+00 2.110905253319131702e+01
2.340539151103511184e+00 1.785095939408099497e+01
2.342096914265642926e+00 1.507087010768018409e+01
2.343654677427774669e+00 1.742965833255064467e+01
2.345212440589907299e+00 2.025123583679199868e+01
2.346770203752039041e+00 1.955341729903479830e+01
2.348327966914171672e+00 1.780556793787607361e+01
2.349885730076303414e+00 1.629886520549504070e+01
2.351443493238436044e+00 1.166485052355812790e+01
2.353001256400567787e+00 1.185395641019802682e+01
2.354559019562699529e+00 1.884670424161279101e+01
2.356116782724832159e+00 2.003525352773448631e+01
2.357674545886963902e+00 2.212284231456081685e+01
2.359232309049096532e+00 1.728249150316277749e+01
2.360790072211228274e+00 1.840342321581387353e+01
2.362347835373360017e+00 1.709593505541081626e+01
2.363905598535492647e+00 1.627765452716586125e+01
2.365463361697624389e+00 1.670316779512558725e+01
2.367021124859757020e+00 1.780491753848973957e+01
2.368578888021888762e+00 1.849780110299888136e+01
2.370136651184021392e+00 1.923391236093624812e+01
2.371694414346153135e+00 1.769858503124067184e+01
2.373252177508284877e+00 1.395843555143083137e+01
2.374809940670417507e+00 1.689433045104469855e+01
2.376367703832549250e+00 2.052975218295499005e+01
2.377925466994681880e+00 1.892527324285792645e+01
2.379483230156813622e+00 1.466132166445548357e+01
2.381040993318946253e+00 1.345348181343741345e+01
2.382598756481077995e+00 1.270596526889616129e+01
2.384156519643209737e+00 1.449426676566617189e+01
2.385714282805342368e+00 1.753147385551124060e+01
2.387272045967474110e+00 1.689232006427347343e+01
2.388829809129606740e+00 1.377425412820050710e+01
2.390387572291738483e+00 1.313953507816725086e+01
2.391945335453871113e+00 1.747359344812163684e+01
2.393503098616002855e+00 1.841963707051105104e+01
2.395060861778134598e+00 1.502572492065714016e+01
2.396618624940267228e+00 1.395397943015642994e+01
2.398176388102398970e+00 1.363318586510457919e+01
2.399734151264531601e+00 1.659224176052322974e+01
2.401291914426663343e+00 1.778861644388493701e+01
2.402849677588795974e+00 1.763124493073072685e+01
2.404407440750927716e+00 1.715223017383772586e+01
2.405965203913059458e+00 1.488255417805029879e+01
2.407522967075192089e+00 1.451698855931274679e+01
2.409080730237323831e+00 1.702950666701481808e+01
2.410638493399456461e+00 1.868093982958066945e+01
2.412196256561588203e+00 1.534484515726410159e+01
2.413754019723720834e+00 1.532318880554719343e+01
2.415311782885852576e+00 1.580056915059354949e+01
2.416869546047984318e+00 1.859315979977001021e+01
2.418427309210116949e+00 2.045433311733528114e+01
2.419985072372248691e+00 1.697273767271531852e+01
2.421542835534381322e+00 1.654489489762310228e+01
2.423100598696513064e+00 1.882146959423987198e+01
2.424658361858645694e+00 1.748735272578841915e+01
2.426216125020777437e+00 1.404424319617682038e+01
2.427773888182909179e+00 1.705285427293242151e+01
2.429331651345041809e+00 2.217471044111725575e+01
2.430889414507173552e+00 2.152627125358019100e+01
2.432447177669306182e+00 1.699977760042780162e+01
2.434004940831437924e+00 1.619182422898223095e+01
2.435562703993569666e+00 1.514006865707649396e+01
2.437120467155702297e+00 1.652117001143779262e+01
2.438678230317834039e+00 1.830666781828351120e+01
2.440235993479966670e+00 1.738373886521643641e+01
2.441793756642098412e+00 1.557668953676378543e+01
2.443351519804231042e+00 1.385251841956971930e+01
2.444909282966362785e+00 1.267652402892355390e+01
2.446467046128494527e+00 1.862331844721851581e+01
2.448024809290627157e+00 1.977614394173075851e+01
2.449582572452758900e+00 1.961258413965200376e+01
2.451140335614891530e+00 2.014106952432634756e+01
2.452698098777023272e+00 1.326991576133683637e+01
2.454255861939155903e+00 1.601916284479331409e+01
2.455813625101287645e+00 1.454348540063840289e+01
2.457371388263419387e+00 1.537449491232574061e+01
2.458929151425552018e+00 1.733693353301942253e+01
2.460486914587683760e+00 1.753025898092140977e+01
2.462044677749816390e+00 1.590194541066806622e+01
2.463602440911948133e+00 1.432818931330340995e+01
2.465160204074080763e+00 2.137863112580812341e+01
2.466717967236212505e+00 1.953406236724098477e+01
2.468275730398344248e+00 1.850639982278240581e+01
2.469833493560476878e+00 1.747516729426642357e+01
2.471391256722608620e+00 1.599769068288107476e+01
2.472949019884741251e+00 1.374461376365121090e+01
2.474506783046872993e+00 1.460004878996274513e+01
2.476064546209005623e+00 1.574935593445630033e+01
2.477622309371137366e+00 1.750662356779897522e+01
2.479180072533269108e+00 1.676969444044606661e+01
2.480737835695401738e+00 1.580759028291015156e+01
2.482295598857533481e+00 1.643129167202496888e+01
2.483853362019666111e+00 1.462202048186894210e+01
2.485411125181797853e+00 1.695730675524709596e+01
2.486968888343930484e+00 1.540115941870721272e+01
2.488526651506062226e+00 1.277890707706479034e+01
2.490084414668193968e+00 1.582328450528897079e+01
2.491642177830326599e+00 1.588160279020082122e+01
2.493199940992458341e+00 1.381646305806606989e+01
2.494757704154590972e+00 1.234729894673386319e+01
2.496315467316722714e+00 1.466011225213725844e+01
2.497873230478855344e+00 1.643343690916216815e+01
2.499430993640987086e+00 1.446980058398857238e+01
2.500988756803118829e+00 1.616511249660346650e+01
2.502546519965251459e+00 1.828833329243837014e+01
2.504104283127383201e+00 1.088277608792964202e+01
2.505662046289515832e+00 1.361430944161467416e+01
2.507219809451647574e+00 2.133935869340500702e+01
2.508777572613780205e+00 1.591559073383163359e+01
2.510335335775911947e+00 1.492263617950110621e+01
2.511893098938043689e+00 1.659612385877335328e+01
2.513450862100176320e+00 1.614063566182206344e+01
2.515008625262308062e+00 1.294925789310665465e+01
2.516566388424440692e+00 1.531549070863811046e+01
2.518124151586572435e+00 1.621797981723430127e+01
2.519681914748704177e+00 9.329230241099972787e+00
2.521239677910836807e+00 1.262448624322595592e+01
2.522797441072968549e+00 1.537327141061789781e+01
2.524355204235101180e+00 1.851655280521761426e+01
2.525912967397232922e+00 1.503761480700161535e+01
2.527470730559365553e+00 1.428072794541396640e+01
2.529028493721497295e+00 1.694204717894217538e+01
2.530586256883629037e+00 1.923121869393292016e+01
2.532144020045761668e+00 1.760772953243426286e+01
2.533701783207893410e+00 1.685311255650587015e+01
2.535259546370026040e+00 1.812324513622121103e+01
2.536817309532157783e+00 1.651536745322641409e+01
2.538375072694290413e+00 1.658759212559123597e+01
2.539932835856422155e+00 1.616410855894565657e+01
2.541490599018553898e+00 1.423572092681778756e+01
2.543048362180686528e+00 1.767230276949720036e+01
2.544606125342818270e+00 1.796387272806048330e+01
2.546163888504950901e+00 1.485935940256071319e+01
2.547721651667082643e+00 1.365864490962287192e+01
2.549279414829215273e+00 1.571446574295280918e+01
2.550837177991347016e+00 1.555322833046115072e+01
2.552394941153478758e+00 1.509930534528233537e+01
2.553952704315611388e+00 1.586563120588747111e+01
2.555510467477743131e+00 1.382741486813872633e+01
2.557068230639875761e+00 1.310707372461110332e+01
2.558625993802007503e+00 1.487637557050443071e+01
2.560183756964140134e+00 1.901698205991759494e+01
2.561741520126271876e+00 1.966238990656245633e+01
2.563299283288403618e+00 1.768101970563059666e+01
2.564857046450536249e+00 1.645920848585055296e+01
2.566414809612667991e+00 1.551973015935517708e+01
2.567972572774800621e+00 1.491204082280353127e+01
2.569530335936932364e+00 1.727873060874214772e+01
2.571088099099064994e+00 1.654637961837089932e+01
2.572645862261196736e+00 1.505696697172237819e+01
2.574203625423328479e+00 1.696501887978764600e+01
2.575761388585461109e+00 1.952541129444421131e+01
2.577319151747592851e+00 1.900110190229072060e+01
2.578876914909725482e+00 1.411742610999231928e+01
2.580434678071857224e+00 1.313284834965397074e+01
2.581992441233989855e+00 1.316084528338025805e+01
2.583550204396121597e+00 1.330061062953989293e+01
2.585107967558253339e+00 1.389379428512738279e+01
2.586665730720385969e+00 1.573171299939948042e+01
2.588223493882517712e+00 1.752810209147177289e+01
2.589781257044650342e+00 1.773122979546917932e+01
2.591339020206782084e+00 1.835664303130653607e+01
2.592896783368913827e+00 1.803186611966608410e+01
2.594454546531046457e+00 1.701274374314569116e+01
2.596012309693178199e+00 1.617284090581041767e+01
2.597570072855310830e+00 2.004803059149994837e+01
2.599127836017442572e+00 1.775987369526040638e+01
2.600685599179575203e+00 1.490201295474176391e+01
2.602243362341706945e+00 1.690917321951967622e+01
2.603801125503838687e+00 1.714987026704675799e+01
2.605358888665971318e+00 1.579130103047383926e+01
2.606916651828103060e+00 1.815753000429598174e+01
2.608474414990235690e+00 1.609696750741633764e+01
2.610032178152367432e+00 1.647084402202366960e+01
2.611589941314500063e+00 1.626319193590024526e+01
2.613147704476631805e+00 1.400271003950402715e+01
2.614705467638763547e+00 1.402083572633942943e+01
2.616263230800896178e+00 1.304064217151614002e+01
2.617820993963027920e+00 1.455076085688608956e+01
2.619378757125160551e+00 1.596323282206870431e+01
2.620936520287292293e+00 1.567411414766342048e+01
2.622494283449424923e+00 1.449417670047727569e+01
2.624052046611556666e+00 1.636555944016477682e+01
2.625609809773688408e+00 1.877902279251732054e+01
2.627167572935821038e+00 1.261836814530665762e+01
2.628725336097952781e+00 1.399826543536706147e+01
2.630283099260085411e+00 1.315912836461407309e+01
2.631840862422217153e+00 1.437260934513791000e+01
2.633398625584349784e+00 1.599742867772719634e+01
2.634956388746481526e+00 1.654585619897743953e+01
2.636514151908613268e+00 1.700022766510663530e+01
2.638071915070745899e+00 1.531645949479271529e+01
2.639629678232877641e+00 1.382701059559881607e+01
2.641187441395010271e+00 1.634720788843397088e+01
2.642745204557142014e+00 1.550386368506663004e+01
2.644302967719274644e+00 1.464377121683130767e+01
2.645860730881406386e+00 1.726332121422273858e+01
2.647418494043538129e+00 1.785006110251392641e+01
2.648976257205670759e+00 1.545180048486760249e+01
2.650534020367802501e+00 1.501324171191493839e+01
2.652091783529935132e+00 1.694012987841932727e+01
2.653649546692066874e+00 1.903786109488362044e+01
2.655207309854199504e+00 1.992089227795034745e+01
2.656765073016331247e+00 1.765954826916899378e+01
2.658322836178462989e+00 1.566061710144322561e+01
2.659880599340595619e+00 1.632112777949077298e+01
2.661438362502727362e+00 1.650757342087092994e+01
2.662996125664859992e+00 2.066881977028989681e+01
2.664553888826991734e+00 1.992931520299808312e+01
2.666111651989124365e+00 1.521518532448660999e+01
2.667669415151256107e+00 1.408236078037032080e+01
2.669227178313387849e+00 1.517205697485332649e+01
2.670784941475520480e+00 1.621523164905085324e+01
2.672342704637652222e+00 1.566622137325119013e+01
2.673900467799784852e+00 1.504870315925595747e+01
2.675458230961916595e+00 1.609474535804345408e+01
2.677015994124048337e+00 1.657318013639239851e+01
2.678573757286180967e+00 1.766506330108265033e+01
2.680131520448312710e+00 1.621026145144206509e+01
2.681689283610445340e+00 1.769141331076751555e+01
2.683247046772577082e+00 1.991033562069874918e+01
2.684804809934709713e+00 1.804142498970829323e+01
2.686362573096841455e+00 1.689855920484021823e+01
2.687920336258973197e+00 1.796099990395655510e+01
2.689478099421105828e+00 1.703412497906967715e+01
2.691035862583237570e+00 1.367005633116322016e+01
2.692593625745370201e+00 1.266505336789652780e+01
2.694151388907501943e+00 1.430448603906228477e+01
2.695709152069634573e+00 1.604508969080278291e+01
2.697266915231766315e+00 1.906168101079866872e+01
2.698824678393898058e+00 1.505997174939489192e+01
2.700382441556030688e+00 1.517328615175135731e+01
2.701940204718162430e+00 1.495255632487193509e+01
2.703497967880295061e+00 1.446231469826665972e+01
2.705055731042426803e+00 1.343506161176061298e+01
2.706613494204559434e+00 1.317568729252952409e+01
2.708171257366691176e+00 1.302420646810281291e+01
2.709729020528822918e+00 1.272529584909717748e+01
2.711286783690955549e+00 1.562585803435899656e+01
2.712844546853087291e+00 1.428089432753018251e+01
2.714402310015219921e+00 1.377219647925047674e+01
2.715960073177351664e+00 1.411530791297999166e+01
2.717517836339484294e+00 1.262823596254233216e+01
2.719075599501616036e+00 1.456984416696766615e+01
2.720633362663747778e+00 1.460954744236279979e+01
2.722191125825880409e+00 1.301430740743542458e+01
2.723748888988012151e+00 1.356229358318275402e+01
2.725306652150144782e+00 1.620892293601609779e+01
2.726864415312276524e+00 1.445712333887368928e+01
2.728422178474409154e+00 1.190881060198956121e+01
2.729979941636540897e+00 1.831146523931953496e+01
2.731537704798672639e+00 1.852779226830813641e+01
2.733095467960805269e+00 1.406162535420616955e+01
2.734653231122937012e+00 1.262349982851705477e+01
2.736210994285069642e+00 1.401013392401786639e+01
2.737768757447201384e+00 1.573063700039881319e+01
2.739326520609334015e+00 1.751713109474178154e+01
2.740884283771465757e+00 1.683570446015267663e+01
2.742442046933597499e+00 1.418964880370667281e+01
2.743999810095730130e+00 1.638094175331259450e+01
2.745557573257861872e+00 1.610399460148310880e+01
2.747115336419994502e+00 1.413169298215093406e+01
2.748673099582126245e+00 2.043985463792990487e+01
2.750230862744258875e+00 1.637791047923591137e+01
2.751788625906390617e+00 1.525621051872518130e+01
2.753346389068522360e+00 1.558391239114770954e+01
2.754904152230654990e+00 1.574674280905898449e+01
2.756461915392786732e+00 1.717419669864183263e+01
2.758019678554919363e+00 1.737321176735661510e+01
2.759577441717051105e+00 1.492885052444611205e+01
2.761135204879182847e+00 1.324605387169000892e+01
2.762692968041315478e+00 9.573932241726700099e+00
2.764250731203447220e+00 1.215374462321393345e+01
2.765808494365579850e+00 1.293214579365262296e+01
2.767366257527711593e+00 1.331023505972683552e+01
2.768924020689844223e+00 1.296369531264978292e+01
2.770481783851975965e+00 1.557757832795417130e+01
2.772039547014107708e+00 1.828144619051161612e+01
2.773597310176240338e+00 1.912842661913632014e+01
2.775155073338372080e+00 1.512631521021337910e+01
2.776712836500504711e+00 1.008843047445914465e+01
2.778270599662636453e+00 1.676992432576451009e+01
2.779828362824769084e+00 1.575076223345691773e+01
2.781386125986900826e+00 1.254213924298820970e+01
2.782943889149032568e+00 1.686031395757864715e+01
2.784501652311165198e+00 1.340360682558978667e+01
2.786059415473296941e+00 1.154930841536945607e+01
2.787617178635429571e+00 1.030644896891044482e+01
2.789174941797561313e+00 1.139473099461522843e+01
2.790732704959693944e+00 1.421265889213118072e+01
2.792290468121825686e+00 1.705472462622590868e+01
2.793848231283957428e+00 1.863821254925885995e+01
2.795405994446090059e+00 1.400426396356654735e+01
2.796963757608221801e+00 1.376085519862501982e+01
2.798521520770354432e+00 1.877110602020961494e+01
2.800079283932486174e+00 1.628464748717550137e+01
2.801637047094618804e+00 1.569387629201635725e+01
2.803194810256750547e+00 1.465590217678659535e+01
2.804752573418882289e+00 1.354068231777154807e+01
2.806310336581014919e+00 1.430368241055866818e+01
2.807868099743146661e+00 1.414860813904064152e+01
2.809425862905279292e+00 1.552118432094083467e+01
2.810983626067411034e+00 1.607168389319612700e+01
2.812541389229543665e+00 1.278367459406155682e+01
2.814099152391675407e+00 1.395898782636277957e+01
2.815656915553807149e+00 1.290202638207523123e+01
2.817214678715939780e+00 1.381304500722037965e+01
2.818772441878071522e+00 1.575194969045959148e+01
2.820330205040204152e+00 1.774827587582183952e+01
2.821887968202335895e+00 1.887193560250608471e+01
2.823445731364468525e+00 1.966726699417723623e+01
2.825003494526600267e+00 1.968232109059764312e+01
2.826561257688732010e+00 1.860849331538626217e+01
2.828119020850864640e+00 1.661427080845490067e+01
2.829676784012996382e+00 1.202559995899550316e+01
2.831234547175129013e+00 1.365297481113075762e+01
2.832792310337260755e+00 1.416358277069313765e+01
2.834350073499392497e+00 1.416945247523005413e+01
2.835907836661525128e+00 1.213109688059667235e+01
2.837465599823656870e+00 1.256059152514430011e+01
2.839023362985789500e+00 1.456991941159683535e+01
2.840581126147921243e+00 1.411956213646334390e+01
2.842138889310053873e+00 1.335651806386670870e+01
2.843696652472185615e+00 1.509789307231167044e+01
2.845254415634317358e+00 1.613943658288862792e+01
2.846812178796449988e+00 1.728599941777986615e+01
2.848369941958581730e+00 1.711105541875570779e+01
2.849927705120714361e+00 1.847994933120676109e+01
2.851485468282846103e+00 1.464115295103162850e+01
2.853043231444978733e+00 1.374730883544393123e+01
2.854600994607110476e+00 1.243310372948140596e+01
2.856158757769242218e+00 1.357883393110982162e+01
2.857716520931374848e+00 1.522384337915178776e+01
2.859274284093506591e+00 1.769675727155464884e+01
2.860832047255639221e+00 2.022809512896768780e+01
2.862389810417770963e+00 1.973741455349537688e+01
2.863947573579903594e+00 1.548069867009726153e+01
2.865505336742035336e+00 1.680168088297115858e+01
2.867063099904167078e+00 1.281556120971903034e+01
2.868620863066299709e+00 1.218790104912730143e+01
2.870178626228431451e+00 1.550310705670631428e+01
2.871736389390564081e+00 1.797600097008373865e+01
2.873294152552695824e+00 1.619031704006296835e+01
2.874851915714828454e+00 1.667770004524176741e+01
2.876409678876960196e+00 1.799958442749803922e+01
2.877967442039091939e+00 1.602201523314459664e+01
2.879525205201224569e+00 1.898503278051896714e+01
2.881082968363356311e+00 1.671403086116155023e+01
2.882640731525488942e+00 1.546554259556132926e+01
2.884198494687620684e+00 1.678341265444461072e+01
2.885756257849753315e+00 1.424364222151476866e+01
2.887314021011885057e+00 1.348231054185295719e+01
2.888871784174016799e+00 1.494880475433463474e+01
2.890429547336149430e+00 1.606246844308801869e+01
2.891987310498281172e+00 1.759240572405394687e+01
2.893545073660413802e+00 1.605489713690877096e+01
2.895102836822545544e+00 1.382890087521306377e+01
2.896660599984678175e+00 1.444126186809368306e+01
2.898218363146809917e+00 1.080320337315520440e+01
2.899776126308941659e+00 1.185819402557731017e+01
2.901333889471074290e+00 1.289182389875130674e+01
2.902891652633206032e+00 1.549496977587885027e+01
2.904449415795338663e+00 1.592664017583177660e+01
2.906007178957470405e+00 1.276600235511464732e+01
2.907564942119603035e+00 1.438476807091809384e+01
2.909122705281734778e+00 1.792325291243082575e+01
2.910680468443866520e+00 1.611329317191005472e+01
2.912238231605999150e+00 1.342355734587561145e+01
2.913795994768130893e+00 1.375384585700057549e+01
2.915353757930263523e+00 1.616671890418894009e+01
2.916911521092395265e+00 1.762557256537884243e+01
2.918469284254527008e+00 1.716278703361912861e+01
2.920027047416659638e+00 1.579716037177099608e+01
2.921584810578791380e+00 1.455674262533347907e+01
2.923142573740924011e+00 1.566815892381061381e+01
2.924700336903055753e+00 1.664941121115619893e+01
2.926258100065188383e+00 1.428425133775585465e+01
2.927815863227320126e+00 1.668488832027372482e+01
2.929373626389451868e+00 1.451992272675406070e+01
2.930931389551584498e+00 1.401884768083730215e+01
2.932489152713716241e+00 1.512322323515497402e+01
2.934046915875848871e+00 1.561089443013509559e+01
2.935604679037980613e+00 1.556625893890763024e+01
2.937162442200113244e+00 1.599975692340876776e+01
2.938720205362244986e+00 1.350774352329457528e+01
2.940277968524376728e+00 1.267910663390175863e+01
2.941835731686509359e+00 1.562887081783185472e+01
2.943393494848641101e+00 1.544144830572640359e+01
2.944951258010773731e+00 1.433452173556101350e+01
2.946509021172905474e+00 1.732373511968505753e+01
2.948066784335038104e+00 1.867096643915708398e+01
2.949624547497169846e+00 1.664684460636853913e+01
2.951182310659301589e+00 1.448676609988769393e+01
2.952740073821434219e+00 1.603549611389033913e+01
2.954297836983565961e+00 1.901341652735066390e+01
2.955855600145698592e+00 1.472698367481929793e+01
2.957413363307830334e+00 1.219838090245922935e+01
2.958971126469962964e+00 1.587614595856747179e+01
2.960528889632094707e+00 1.563106581554321117e+01
2.962086652794226449e+00 1.576489763445871795e+01
2.963644415956359079e+00 1.401601927624420085e+01
2.965202179118490822e+00 1.324454534048669352e+01
2.966759942280623452e+00 1.332929226307438419e+01
2.968317705442755194e+00 1.410732769640848616e+01
2.969875468604887825e+00 1.723226423235956162e+01
2.971433231767019567e+00 1.259855913309607089e+01
2.972990994929151309e+00 1.478229298853799278e+01
2.974548758091283940e+00 1.445517437216699719e+01
2.976106521253415682e+00 1.835443193274391049e+01
2.977664284415548313e+00 1.678109145626651966e+01
2.979222047577680055e+00 1.692475296697449139e+01
2.980779810739812685e+00 1.753990477575531060e+01
2.982337573901944427e+00 1.315148852456790252e+01
2.983895337064076170e+00 1.517882703110709564e+01
2.985453100226208800e+00 1.391253522985491742e+01
2.987010863388340542e+00 1.531325870987590498e+01
2.988568626550473173e+00 1.409479196594234907e+01
2.990126389712604915e+00 1.604836631683621206e+01
2.991684152874737546e+00 1.623772327420360639e+01
2.993241916036869288e+00 1.679164791927552614e+01
2.994799679199001030e+00 1.560035806834607719e+01
2.996357442361133661e+00 1.382939631724327789e+01
2.997915205523265403e+00 1.527058381367856299e+01
2.999472968685398033e+00 1.370849248803981268e+01
3.001030731847529776e+00 1.253900368057031045e+01
3.002588495009661518e+00 1.351893611194200417e+01
3.004146258171794148e+00 1.529858414478375650e+01
3.005704021333925891e+00 1.621539462690466493e+01
3.007261784496058521e+00 1.485385922336250353e+01
3.008819547658190263e+00 1.511119494937236141e+01
3.010377310820322894e+00 1.819215732899962035e+01
3.011935073982454636e+00 1.429953297966580195e+01
3.013492837144586378e+00 1.402715092634506178e+01
3.015050600306719009e+00 1.314994616474328204e+01
3.016608363468850751e+00 1.433948365902563538e+01
3.018166126630983381e+00 1.694529376707994217e+01
3.019723889793115124e+00 1.374189836528390884e+01
3.021281652955247754e+00 1.179336408069874054e+01
3.022839416117379496e+00 1.670404926098795784e+01
3.024397179279511239e+00 2.078029393296138494e+01
3.025954942441643869e+00 1.651742867272411885e+01
3.027512705603775611e+00 1.792490624622914552e+01
3.029070468765908242e+00 1.517271258941014089e+01
3.030628231928039984e+00 1.332056882180642177e+01
3.032185995090172614e+00 1.242528649465787005e+01
3.033743758252304357e+00 1.286934951857835330e+01
3.035301521414436099e+00 1.219198672510398573e+01
3.036859284576568729e+00 1.199103766631951551e+01
3.038417047738700472e+00 1.276735663394776843e+01
3.039974810900833102e+00 1.413429140887230240e+01
3.041532574062964844e+00 1.658129885546209792e+01
3.043090337225097475e+00 1.765269485340450117e+01
3.044648100387229217e+00 1.612442118863185669e+01
3.046205863549360959e+00 1.438463387383504255e+01
3.047763626711493590e+00 1.772213834735219606e+01
3.049321389873625332e+00 1.641382440689987732e+01
3.050879153035757962e+00 1.629760327792973840e+01
3.052436916197889705e+00 1.445860198759292992e+01
3.053994679360022335e+00 9.393249621718476661e+00
3.055552442522154077e+00 1.752650586001056965e+01
3.057110205684285820e+00 1.711104009655246472e+01
3.058667968846418450e+00 1.611027385722054817e+01
3.060225732008550192e+00 1.805985607724682040e+01
3.061783495170682823e+00 1.585149156519078772e+01
3.063341258332814565e+00 1.436378867903281709e+01
3.064899021494947196e+00 1.415713047474432251e+01
3.066456784657078938e+00 1.289201350747032926e+01
3.068014547819210680e+00 1.418803721029492060e+01
3.069572310981343310e+00 1.128204054094745779e+01
3.071130074143475053e+00 9.522082709969565073e+00
3.072687837305607683e+00 1.380012250373008520e+01
3.074245600467739425e+00 1.197497732377405377e+01
3.075803363629871168e+00 1.357191463810663556e+01
3.077361126792003798e+00 1.787647818209516970e+01
3.078918889954135540e+00 1.866379376714995431e+01
3.080476653116268171e+00 1.703477868723262745e+01
3.082034416278399913e+00 1.694062162494504165e+01
3.083592179440532544e+00 1.327400418702941920e+01
3.085149942602664286e+00 1.388752751444891764e+01
3.086707705764796028e+00 1.670431782615431260e+01
3.088265468926928659e+00 1.760001004371741118e+01
3.089823232089060401e+00 1.453892404463452159e+01
3.091380995251193031e+00 1.361327337655475489e+01
3.092938758413324773e+00 1.405621057963801945e+01
3.094496521575457404e+00 1.403541578423547165e+01
3.096054284737589146e+00 1.492650965926520001e+01
3.097612047899720888e+00 1.375348275842469192e+01
3.099169811061853519e+00 1.068339348952112111e+01
3.100727574223985261e+00 1.335316863175171775e+01
3.102285337386117892e+00 1.385886850446788721e+01
3.103843100548249634e+00 1.319373856273613654e+01
3.105400863710382264e+00 1.331131898047433815e+01
3.106958626872514007e+00 1.600167371735588162e+01
3.108516390034645749e+00 1.869236801151742000e+01
3.110074153196778379e+00 1.463497491312604559e+01
3.111631916358910122e+00 1.292548276849169753e+01
3.113189679521042752e+00 1.284768227914039507e+01
3.114747442683174494e+00 1.272224883677920459e+01
3.116305205845307125e+00 1.731673879537017413e+01
3.117862969007438867e+00 1.911272049519432059e+01
3.119420732169570609e+00 1.849029201248939813e+01
3.120978495331703240e+00 1.631330689983158067e+01
3.122536258493834982e+00 1.405796403569111064e+01
3.124094021655967612e+00 1.322327299553217017e+01
3.125651784818099355e+00 1.180500673554636215e+01
3.127209547980231985e+00 1.233761870072856581e+01
3.128767311142363727e+00 1.382712223715805422e+01
3.130325074304495470e+00 1.309081814141142885e+01
3.131882837466628100e+00 1.214021048716475981e+01
3.133440600628759842e+00 9.867233405167509019e+00
3.134998363790892473e+00 1.136580594797567301e+01
3.136556126953024215e+00 1.761202857086507478e+01
3.138113890115156845e+00 1.379200105562842360e+01
3.139671653277288588e+00 1.518979490254521458e+01
3.141229416439420330e+00 1.553529901739171493e+01
3.142787179601552960e+00 1.672235378398517014e+01
3.144344942763684703e+00 1.657197893650478093e+01
3.145902705925817333e+00 1.494317828589882069e+01
3.147460469087949075e+00 1.181031958740878451e+01
3.149018232250081706e+00 8.715429481846546977e+00
3.150575995412213448e+00 1.103225794687253014e+01
3.152133758574345190e+00 1.358465243819994761e+01
3.153691521736477821e+00 7.629792301702493340e+00
3.155249284898609563e+00 -8.314605024948120704e-01
3.156807048060742193e+00 2.225912455106090482e-01
3.158364811222873936e+00 -5.958718784552533704e-02
3.159922574385005678e+00 1.595060043757767776e-02
3.161480337547138308e+00 -4.269544062572481168e-03
3.163038100709270051e+00 1.142792188205683356e-03
3.164595863871402681e+00 -3.058688904029756815e-04
3.166153627033534423e+00 8.186280413575953638e-05
3.167711390195667054e+00 -2.190898083966020485e-05
3.169269153357798796e+00 5.863311530348007241e-06
3.170826916519930538e+00 -1.569097708099322116e-06
3.172384679682063169e+00 4.198984012932361007e-07
3.173942442844194911e+00 -1.123638632494280871e-07
3.175500206006327542e+00 3.006756848121469991e-08
3.177057969168459284e+00 -8.045631911652235048e-09
3.178615732330591914e+00 2.152847259413668181e-09
3.180173495492723656e+00 -5.760477601720023241e-10
3.181731258654855399e+00 1.541334828642254007e-10
3.183289021816988029e+00 -4.124105177956124360e-11
3.184846784979119771e+00 1.103462892193187441e-11
3.186404548141252402e+00 -2.952446320360082123e-12
3.187962311303384144e+00 7.899570867220228341e-13
3.189520074465516775e+00 -2.113595810405794730e-13
