-3.189520074465517219e+00 -2.111535894905634756e-75
-3.187962311303385032e+00 7.896344673733251029e-75
-3.186404548141252846e+00 -2.923685466333120025e-74
-3.184846784979120660e+00 1.081805869834025685e-73
-3.183289021816988917e+00 -4.002880649937464373e-73
-3.181731258654856731e+00 1.481234879124608673e-72
-3.180173495492724545e+00 -5.481601349873157725e-72
-3.178615732330592358e+00 2.028738821666500478e-71
-3.177057969168460172e+00 -7.509014132482425802e-71
-3.175500206006327986e+00 2.779590216943691122e-70
-3.173942442844195799e+00 -1.029017470919801032e-69
-3.172384679682064057e+00 3.809885835944173862e-69
-3.170826916519931871e+00 -1.410755009688176951e-68
-3.169269153357799684e+00 5.224502189569323878e-68
-3.167711390195667498e+00 -1.935063484209806556e-67
-3.166153627033535312e+00 7.168130103671720591e-67
-3.164595863871403125e+00 -2.655708042507815136e-66
-3.163038100709271383e+00 9.840610608475066648e-66
-3.161480337547139197e+00 -3.646989932734180350e-65
-3.159922574385007010e+00 1.351828055181211207e-64
-3.158364811222874824e+00 -5.011714633333835721e-64
-3.156807048060742638e+00 1.858372844885177091e-63
-3.155249284898610451e+00 -6.892308103929159945e-63
-3.153691521736478265e+00 2.556733922325942603e-62
-3.152133758574346523e+00 -9.486349486577609213e-62
-3.150575995412214336e+00 3.520539103189053392e-61
-3.149018232250082150e+00 -1.306830979308834578e-60
-3.147460469087949964e+00 4.852143018186546883e-60
-3.145902705925817777e+00 -1.802002557130644179e-59
-3.144344942763685591e+00 6.694043695314568889e-59
-3.142787179601553404e+00 -2.487348719052097799e-58
-3.141229416439421662e+00 9.244925756663756814e-58
-3.139671653277289476e+00 -3.437101629988165151e-57
-3.138113890115157290e+00 1.278224193433050591e-56
-3.136556126953025103e+00 -4.755003693565754165e-56
-3.134998363790892917e+00 1.769404896769356012e-55
-3.133440600628760730e+00 -6.586268333547999499e-55
-3.131882837466628544e+00 2.452396216461621373e-54
-3.130325074304496802e+00 -9.134482770050655916e-54
-3.128767311142364616e+00 3.403473393528035924e-53
-3.127209547980232429e+00 -1.268553176029658665e-52
-3.125651784818100243e+00 4.729830955657131947e-52
-3.124094021655968056e+00 -1.764150001296729821e-51
-3.122536258493835870e+00 6.582299255307809018e-51
-3.120978495331703684e+00 -2.456796342440084691e-50
-3.119420732169571941e+00 9.172909650079876531e-50
-3.117862969007439755e+00 -3.426007882366749087e-49
-3.116305205845307569e+00 1.279998921941077683e-48
-3.114747442683175382e+00 -4.783738697916796001e-48
-3.113189679521043196e+00 1.788374108771795902e-47
-3.111631916358911010e+00 -6.687730339561226148e-47
-3.110074153196779267e+00 2.501640332887401277e-46
-3.108516390034647081e+00 -9.360368023244210532e-46
-3.106958626872514895e+00 3.503313828935613765e-45
-3.105400863710382708e+00 -1.311533216212920559e-44
-3.103843100548250522e+00 4.911223425429626142e-44
-3.102285337386118336e+00 -1.839527188126099444e-43
-3.100727574223986149e+00 6.891675096814078768e-43
-3.099169811061854407e+00 -2.582506146898007310e-42
-3.097612047899722221e+00 9.679475534043427927e-42
-3.096054284737590034e+00 -3.628708530837732075e-41
-3.094496521575457848e+00 1.360623754029446344e-40
-3.092938758413325662e+00 -5.102765769457081567e-40
-3.091380995251193475e+00 1.914038974418536955e-39
-3.089823232089061289e+00 -7.180743938876188722e-39
-3.088265468926929547e+00 2.694372375789689136e-38
-3.086707705764797360e+00 -1.011140108797753138e-37
-3.085149942602665174e+00 3.795130157897187355e-37
-3.083592179440532988e+00 -1.424622335524648337e-36
-3.082034416278400801e+00 5.348435116090946149e-36
-3.080476653116268615e+00 -2.008185607583813591e-35
-3.078918889954136873e+00 7.540973098901079307e-35
-3.077361126792004686e+00 -2.832002968503272332e-34
-3.075803363629872500e+00 1.063651120584948917e-33
-3.074245600467740314e+00 -3.995216930090422512e-33
-3.072687837305608127e+00 1.500768633015239024e-32
-3.071130074143475941e+00 -5.637881694201270399e-32
-3.069572310981343755e+00 2.118086538286305391e-31
-3.068014547819212012e+00 -7.957813076044925724e-31
-3.066456784657079826e+00 2.989942916224224838e-30
-3.064899021494947640e+00 -1.123435390765392308e-29
-3.063341258332815453e+00 4.221301098965110800e-29
-3.061783495170683267e+00 -1.586187943316641403e-28
-3.060225732008551081e+00 5.960328181455355505e-28
-3.058667968846418894e+00 -2.239701393132700041e-27
-3.057110205684287152e+00 8.416116928625168250e-27
-3.055552442522154966e+00 -3.162513880399150209e-26
-3.053994679360022779e+00 1.188364238548005301e-25
-3.052436916197890593e+00 -4.465402850211966532e-25
-3.050879153035758407e+00 1.677888910673859867e-24
-3.049321389873626220e+00 -6.304561200515139521e-24
-3.047763626711494034e+00 2.368826798956320844e-23
-3.046205863549362292e+00 -8.900128414315632840e-23
-3.044648100387230105e+00 3.343809763728994920e-22
-3.043090337225097919e+00 -1.256223846333999092e-21
-3.041532574062965733e+00 4.719224126797410760e-21
-3.039974810900833546e+00 -1.772761220010114502e-20
-3.038417047738701360e+00 6.658922704588863457e-20
-3.036859284576569173e+00 -2.501093165759038497e-19
-3.035301521414437431e+00 9.393469979959688339e-19
-3.033743758252305245e+00 -3.527692299597897277e-18
-3.032185995090173058e+00 1.324713732708228466e-17
-3.030628231928040872e+00 -4.974143972567509463e-17
-3.029070468765908686e+00 1.867574566219530849e-16
-3.027512705603776499e+00 -7.011310310463330033e-16
-3.025954942441644757e+00 2.631967078076309220e-15
-3.024397179279512571e+00 -9.879163261300409183e-15
-3.022839416117380384e+00 3.707804010017557606e-14
-3.021281652955248198e+00 -1.391453681685713397e-13
-3.019723889793116012e+00 5.221251612618631466e-13
-3.018166126630983825e+00 -1.958993095659258753e-12
-3.016608363468851639e+00 7.349235369904846571e-12
-3.015050600306719897e+00 -2.756772637916314028e-11
-3.013492837144587710e+00 1.033969852967788692e-10
-3.011935073982455524e+00 -3.877586947811795956e-10
-3.010377310820323338e+00 1.453987178128214673e-09
-3.008819547658191151e+00 -5.451344215671041768e-09
-3.007261784496058965e+00 2.043568853436764396e-08
-3.005704021333926779e+00 -7.659778922442941061e-08
-3.004146258171795036e+00 2.870669153821424826e-07
-3.002588495009662850e+00 -1.075693778935331697e-06
-3.001030731847530664e+00 4.030244912875265660e-06
-2.999472968685398477e+00 -1.509767758246223148e-05
-2.997915205523266291e+00 5.654880573447558739e-05
-2.996357442361134105e+00 -2.117726940315955042e-04
-2.994799679199002362e+00 7.929546704850496536e-04
-2.993241916036870176e+00 -2.968638188726569968e-03
-2.991684152874737990e+00 1.111207866141979486e-02
-2.990126389712605803e+00 -4.158733378551372761e-02
-2.988568626550473617e+00 1.556156141434814066e-01
-2.987010863388341431e+00 -5.821972557880407129e-01
-2.985453100226209244e+00 4.748737413357264181e+00
-2.983895337064077502e+00 1.341177308095714871e+01
-2.982337573901945316e+00 1.416777056656503930e+01
-2.980779810739813129e+00 1.447927634730979030e+01
-2.979222047577680943e+00 1.367081176095073047e+01
-2.977664284415548757e+00 1.559117198521635750e+01
-2.976106521253416570e+00 1.450611638594308594e+01
-2.974548758091284384e+00 1.456415797972365489e+01
-2.972990994929152642e+00 1.435287466544800772e+01
-2.971433231767020455e+00 1.022090901571508148e+01
-2.969875468604888269e+00 9.827901066036517364e+00
-2.968317705442756083e+00 1.026917317876761615e+01
-2.966759942280623896e+00 1.035725668031929381e+01
-2.965202179118491710e+00 1.359928751449090356e+01
-2.963644415956359524e+00 1.306208373576121318e+01
-2.962086652794227781e+00 1.606055296936058241e+01
-2.960528889632095595e+00 1.396127552449669729e+01
-2.958971126469963409e+00 1.064019494924075104e+01
-2.957413363307831222e+00 1.296066602161004333e+01
-2.955855600145699036e+00 1.039251743794992855e+01
-2.954297836983566850e+00 6.675800397484596083e+00
-2.952740073821434663e+00 9.751689486954790098e+00
-2.951182310659302921e+00 1.356145841912706196e+01
-2.949624547497170735e+00 1.195151619938912546e+01
-2.948066784335038548e+00 1.181033175030042770e+01
-2.946509021172906362e+00 1.266285581699782625e+01
-2.944951258010774175e+00 1.185203909963886559e+01
-2.943393494848641989e+00 1.413724871347910650e+01
-2.941835731686509803e+00 1.160721557478730936e+01
-2.940277968524378061e+00 1.077991522677340086e+01
-2.938720205362245874e+00 1.241291328011173789e+01
-2.937162442200113688e+00 9.572448561497440167e+00
-2.935604679037981501e+00 8.747996789762677139e+00
-2.934046915875849315e+00 1.208717424805430163e+01
-2.932489152713717129e+00 1.626141616813410806e+01
-2.930931389551584942e+00 1.465191107334130827e+01
-2.929373626389453200e+00 1.202037138769904701e+01
-2.927815863227321014e+00 1.297738514665658904e+01
-2.926258100065188827e+00 1.456956939717349186e+01
-2.924700336903056641e+00 1.212265428351047092e+01
-2.923142573740924455e+00 9.499323637860644709e+00
-2.921584810578792712e+00 1.232742526611896494e+01
-2.920027047416660526e+00 1.450072738038349662e+01
-2.918469284254528340e+00 1.545585872940489125e+01
-2.916911521092396153e+00 1.459524518718881403e+01
-2.915353757930263967e+00 1.259196500521969675e+01
-2.913795994768131781e+00 1.350725146856578363e+01
-2.912238231605999594e+00 1.482643296013880807e+01
-2.910680468443867852e+00 1.446735853616682732e+01
-2.909122705281735666e+00 1.179265891320878268e+01
-2.907564942119603479e+00 9.378554480741819077e+00
-2.906007178957471293e+00 1.028129143748658691e+01
-2.904449415795339107e+00 1.286557301323964886e+01
-2.902891652633206920e+00 1.418247918817073305e+01
-2.901333889471074734e+00 1.289497758160281293e+01
-2.899776126308942992e+00 8.270931776189364371e+00
-2.898218363146810805e+00 1.006963070350461997e+01
-2.896660599984678619e+00 1.146840892599671591e+01
-2.895102836822546433e+00 1.264243137234417880e+01
-2.893545073660414246e+00 1.537935227686569206e+01
-2.891987310498282060e+00 1.353223051583318792e+01
-2.890429547336149874e+00 1.021407748889054190e+01
-2.888871784174018131e+00 1.055063499797791593e+01
-2.887314021011885945e+00 1.365126602323677218e+01
-2.885756257849753759e+00 1.405713749145302671e+01
-2.884198494687621572e+00 1.366452476088837642e+01
-2.882640731525489386e+00 1.148424862102169364e+01
-2.881082968363357200e+00 9.730135665409164858e+00
-2.879525205201225013e+00 1.224228774040098422e+01
-2.877967442039093271e+00 1.297168520237038969e+01
-2.876409678876961085e+00 1.064197121171800831e+01
-2.874851915714828898e+00 1.048113156898079090e+01
-2.873294152552696712e+00 1.145342050775645681e+01
-2.871736389390564526e+00 1.306303825945141917e+01
-2.870178626228432339e+00 1.154655505739304644e+01
-2.868620863066300153e+00 1.161377021093491280e+01
-2.867063099904168411e+00 1.395010843328497607e+01
-2.865505336742036224e+00 1.209141069597542284e+01
-2.863947573579904038e+00 1.161802774482265654e+01
-2.862389810417771852e+00 1.323699349414524384e+01
-2.860832047255639665e+00 1.249798050951780226e+01
-2.859274284093507479e+00 1.029077846597219725e+01
-2.857716520931375292e+00 1.064556359395488805e+01
-2.856158757769243550e+00 1.207667117733588391e+01
-2.854600994607111364e+00 1.347947743866485126e+01
-2.853043231444979178e+00 1.302913581287054257e+01
-2.851485468282846991e+00 1.238821322530123403e+01
-2.849927705120714805e+00 1.272390350311817464e+01
-2.848369941958582618e+00 1.296202266438785244e+01
-2.846812178796450432e+00 1.500029161429997338e+01
-2.845254415634318690e+00 1.598281501653440095e+01
-2.843696652472186504e+00 1.244157150394157796e+01
-2.842138889310054317e+00 1.036169904510909134e+01
-2.840581126147922131e+00 1.252930334032244986e+01
-2.839023362985789944e+00 1.536127106034360956e+01
-2.837465599823657758e+00 1.485592925192827884e+01
-2.835907836661526016e+00 1.453481518096998037e+01
-2.834350073499393829e+00 1.289895503709744773e+01
-2.832792310337261643e+00 1.273643834250269080e+01
-2.831234547175129457e+00 1.328722055669369873e+01
-2.829676784012997270e+00 1.314704569677889090e+01
-2.828119020850865084e+00 1.306932236903424105e+01
-2.826561257688733342e+00 1.127592863227568465e+01
-2.825003494526601155e+00 8.159940742104989653e+00
-2.823445731364468969e+00 8.218633480780628275e+00
-2.821887968202336783e+00 1.049505335676006545e+01
-2.820330205040204596e+00 1.040540687617596838e+01
-2.818772441878072410e+00 1.248251699323158803e+01
-2.817214678715940224e+00 1.366192483998964313e+01
-2.815656915553808481e+00 1.357304131560837490e+01
-2.814099152391676295e+00 1.383235924832904651e+01
-2.812541389229544109e+00 1.222944930843842570e+01
-2.810983626067411922e+00 1.084583055286742947e+01
-2.809425862905279736e+00 1.076270075608338495e+01
-2.807868099743147550e+00 1.312572394868287695e+01
-2.806310336581015363e+00 1.639536961162803763e+01
-2.804752573418883621e+00 1.275805883340233393e+01
-2.803194810256751435e+00 1.088485390736795999e+01
-2.801637047094619248e+00 1.072184385628920467e+01
-2.800079283932487062e+00 1.125896502270803090e+01
-2.798521520770354876e+00 1.277086518925211323e+01
-2.796963757608222689e+00 1.262022051821971758e+01
-2.795405994446090503e+00 1.292182490079353485e+01
-2.793848231283958761e+00 1.270994115317809481e+01
-2.792290468121826574e+00 1.333445540143327790e+01
-2.790732704959694388e+00 1.174389686558816237e+01
-2.789174941797562202e+00 1.178118560814624516e+01
-2.787617178635430015e+00 1.352332750561659225e+01
-2.786059415473297829e+00 1.348819562384721849e+01
-2.784501652311165643e+00 1.162888671034943577e+01
-2.782943889149033900e+00 1.269726942881449361e+01
-2.781386125986901714e+00 1.423268769501044950e+01
-2.779828362824769528e+00 1.284014962300227758e+01
-2.778270599662637341e+00 1.056171607610785124e+01
-2.776712836500505155e+00 1.095326046560970568e+01
-2.775155073338372969e+00 1.371370338656351429e+01
-2.773597310176240782e+00 1.299791785183954573e+01
-2.772039547014109040e+00 8.672070171323806420e+00
-2.770481783851976854e+00 9.298692415898875296e+00
-2.768924020689844667e+00 1.444503959623651390e+01
-2.767366257527712481e+00 1.378308106980931669e+01
-2.765808494365580295e+00 1.038512744092671269e+01
-2.764250731203448108e+00 9.863948592593123621e+00
-2.762692968041315922e+00 1.264677825070666017e+01
-2.761135204879184180e+00 1.476226058461116786e+01
-2.759577441717051993e+00 1.267641668990273018e+01
-2.758019678554919807e+00 1.114184052636698041e+01
-2.756461915392787621e+00 1.086462942483119143e+01
-2.754904152230655434e+00 8.490726836819316503e+00
-2.753346389068523248e+00 1.033041667062701663e+01
-2.751788625906391506e+00 1.745333775919537800e+01
-2.750230862744259319e+00 1.477055539434340936e+01
-2.748673099582127133e+00 1.041133366603275157e+01
-2.747115336419994946e+00 1.131345504132955249e+01
-2.745557573257862760e+00 1.188205988857732542e+01
-2.743999810095730574e+00 1.341316552482047975e+01
-2.742442046933598832e+00 1.501196136735586073e+01
-2.740884283771466645e+00 1.414731397723806872e+01
-2.739326520609334459e+00 1.238666059987954249e+01
-2.737768757447202272e+00 1.132815827236242612e+01
-2.736210994285070086e+00 9.461906362235019685e+00
-2.734653231122937900e+00 1.095919324167655695e+01
-2.733095467960805713e+00 1.312184862026685295e+01
-2.731537704798673971e+00 9.678153853470627510e+00
-2.729979941636541785e+00 5.920315462162458964e+00
-2.728422178474409598e+00 9.680428724706985122e+00
-2.726864415312277412e+00 1.406765665091818285e+01
-2.725306652150145226e+00 1.410227784538740892e+01
-2.723748888988013039e+00 1.508300969201627595e+01
-2.722191125825880853e+00 1.462706058890242211e+01
-2.720633362663749111e+00 1.237979007673010656e+01
-2.719075599501616924e+00 1.060950384507072286e+01
-2.717517836339484738e+00 8.514307582986466727e+00
-2.715960073177352552e+00 8.010387191866996659e+00
-2.714402310015220365e+00 1.050948973216410209e+01
-2.712844546853088179e+00 1.350438136759282592e+01
-2.711286783690955993e+00 1.197507881210379566e+01
-2.709729020528824250e+00 1.049842242435922124e+01
-2.708171257366692064e+00 1.326245155941463238e+01
-2.706613494204559878e+00 1.372252246781481944e+01
-2.705055731042427691e+00 1.119831082420207835e+01
-2.703497967880295505e+00 1.096886061192320483e+01
-2.701940204718163319e+00 1.101984973586614025e+01
-2.700382441556031132e+00 1.258986373599789665e+01
-2.698824678393899390e+00 1.142213877736799965e+01
-2.697266915231767204e+00 1.089947583896295846e+01
-2.695709152069635017e+00 1.004359642363438176e+01
-2.694151388907502831e+00 1.124201342679974402e+01
-2.692593625745370645e+00 1.345879261790208936e+01
-2.691035862583238458e+00 1.093379389508510258e+01
-2.689478099421106272e+00 1.059025138878505601e+01
-2.687920336258974530e+00 1.201076112524569339e+01
-2.686362573096842343e+00 1.192823171624615419e+01
-2.684804809934710157e+00 1.629822768500251229e+01
-2.683247046772577971e+00 1.388119199398562031e+01
-2.681689283610445784e+00 7.703142320581633840e+00
-2.680131520448314042e+00 1.029171921692473290e+01
-2.678573757286181412e+00 1.315872263274952303e+01
-2.677015994124049669e+00 1.301155638270957837e+01
-2.675458230961917483e+00 1.428929735720181782e+01
-2.673900467799785297e+00 1.190354178426212073e+01
-2.672342704637653110e+00 8.507897047574010330e+00
-2.670784941475520924e+00 1.131205631905585562e+01
-2.669227178313389182e+00 1.216135980693589680e+01
-2.667669415151256551e+00 9.580735083301245680e+00
-2.666111651989124809e+00 8.597158831878555674e+00
-2.664553888826992623e+00 1.119853328778180135e+01
-2.662996125664860436e+00 1.437161078218204224e+01
-2.661438362502728250e+00 1.339765496772773012e+01
-2.659880599340596063e+00 9.969038653973942843e+00
-2.658322836178464321e+00 1.435287959263848556e+01
-2.656765073016331691e+00 1.779148098144565182e+01
-2.655207309854199949e+00 1.382591620307630009e+01
-2.653649546692067762e+00 1.275532466734729020e+01
-2.652091783529935576e+00 1.546465448188200753e+01
-2.650534020367803389e+00 1.429378841409891443e+01
-2.648976257205671203e+00 1.383631481536020402e+01
-2.647418494043539461e+00 1.452150018306166324e+01
-2.645860730881407274e+00 1.367628443841504371e+01
-2.644302967719275088e+00 1.490918732599188345e+01
-2.642745204557142902e+00 1.321419266614141286e+01
-2.641187441395010715e+00 1.352097373878295272e+01
-2.639629678232878529e+00 1.490975037938418346e+01
-2.638071915070746343e+00 1.498372913957309649e+01
-2.636514151908614600e+00 1.598513116715783333e+01
-2.634956388746482414e+00 1.324536320560588543e+01
-2.633398625584350228e+00 1.155770428508222025e+01
-2.631840862422218041e+00 1.320833674376930311e+01
-2.630283099260085855e+00 1.462796350103328002e+01
-2.628725336097953669e+00 1.347181670471468173e+01
-2.627167572935821482e+00 1.035389509219857906e+01
-2.625609809773689740e+00 1.015420722804010545e+01
-2.624052046611557554e+00 1.449498698647729000e+01
-2.622494283449425367e+00 1.477308060255885813e+01
-2.620936520287293181e+00 1.263099134861523254e+01
-2.619378757125160995e+00 1.152172570338689184e+01
-2.617820993963028808e+00 1.074714365625875523e+01
-2.616263230800896622e+00 9.952575304112226462e+00
-2.614705467638764880e+00 9.245815526734432410e+00
-2.613147704476632693e+00 1.136159219034495926e+01
-2.611589941314500507e+00 1.311745066890135014e+01
-2.610032178152368321e+00 1.692211957774588527e+01
-2.608474414990236134e+00 1.456125960127083552e+01
-2.606916651828103948e+00 1.101994400420494102e+01
-2.605358888665971762e+00 1.476790188690151240e+01
-2.603801125503840019e+00 1.224023320900805345e+01
-2.602243362341707833e+00 1.179150956722162924e+01
-2.600685599179575647e+00 1.404021984560425551e+01
-2.599127836017443460e+00 1.114182216538906900e+01
-2.597570072855311274e+00 1.035134660805185725e+01
-2.596012309693179088e+00 1.267237792347086689e+01
-2.594454546531046901e+00 1.205457662590612244e+01
-2.592896783368915159e+00 1.358220456888311034e+01
-2.591339020206782973e+00 1.158534478107495147e+01
-2.589781257044650786e+00 1.262103427729259941e+01
-2.588223493882518600e+00 1.461845094404514001e+01
-2.586665730720386414e+00 1.368916735960981867e+01
-2.585107967558254671e+00 1.500032373989202839e+01
-2.583550204396122041e+00 1.644527277584229097e+01
-2.581992441233990299e+00 1.455005046167642391e+01
-2.580434678071858112e+00 1.252131787698302645e+01
-2.578876914909725926e+00 1.273906799964561642e+01
-2.577319151747593740e+00 1.166649774180347343e+01
-2.575761388585461553e+00 1.178937894286526600e+01
-2.574203625423329811e+00 1.340200266906994031e+01
-2.572645862261197180e+00 1.366624673457330807e+01
-2.571088099099065438e+00 1.161209811447003837e+01
-2.569530335936933252e+00 1.253745542254368850e+01
-2.567972572774801066e+00 1.333476747973918819e+01
-2.566414809612668879e+00 1.246668871199666917e+01
-2.564857046450536693e+00 1.421271501635831491e+01
-2.563299283288404951e+00 1.339455757602538455e+01
-2.561741520126272320e+00 1.149818066011208373e+01
-2.560183756964140578e+00 1.141385692335248692e+01
-2.558625993802008391e+00 1.073132752852649929e+01
-2.557068230639876205e+00 1.021016908451431426e+01
-2.555510467477744019e+00 9.958565890206628524e+00
-2.553952704315611832e+00 1.191308347320907934e+01
-2.552394941153480090e+00 1.047043090548527999e+01
-2.550837177991347904e+00 1.047799282830354883e+01
-2.549279414829215717e+00 1.283397580289166662e+01
-2.547721651667083531e+00 1.029774491617264864e+01
-2.546163888504951345e+00 9.927259857362400908e+00
-2.544606125342819158e+00 1.057905670309626167e+01
-2.543048362180686972e+00 1.177306966589144821e+01
-2.541490599018555230e+00 1.345886152924482282e+01
-2.539932835856423043e+00 1.386477714294847097e+01
-2.538375072694290857e+00 1.371487777499628535e+01
-2.536817309532158671e+00 1.205023758471167206e+01
-2.535259546370026484e+00 1.147251313958480523e+01
-2.533701783207894298e+00 1.148586426929220217e+01
-2.532144020045762112e+00 1.186641747243089640e+01
-2.530586256883630369e+00 9.869558181537080088e+00
-2.529028493721498183e+00 1.025021619117150706e+01
-2.527470730559365997e+00 1.075300412942537776e+01
-2.525912967397233810e+00 1.157622755109360924e+01
-2.524355204235101624e+00 1.136096298221774425e+01
-2.522797441072969438e+00 1.140649584979236053e+01
-2.521239677910837251e+00 1.256552133731140408e+01
-2.519681914748705509e+00 1.053920934800196996e+01
-2.518124151586573323e+00 9.403714894629487731e+00
-2.516566388424441136e+00 1.119110528871075516e+01
-2.515008625262308950e+00 1.121334073934644415e+01
-2.513450862100176764e+00 1.140764365343974340e+01
-2.511893098938044577e+00 1.324873020403790136e+01
-2.510335335775912391e+00 1.429803881363028850e+01
-2.508777572613780649e+00 1.355938223747034499e+01
-2.507219809451648462e+00 1.274206138792196086e+01
-2.505662046289516276e+00 1.314936437058736374e+01
-2.504104283127384090e+00 1.252225142264657798e+01
-2.502546519965251903e+00 1.042113381431760999e+01
-2.500988756803120161e+00 1.247519266700001417e+01
-2.499430993640987531e+00 1.493020868877342622e+01
-2.497873230478855788e+00 1.181620775644225141e+01
-2.496315467316723602e+00 1.036018119214809197e+01
-2.494757704154591416e+00 1.239082407369138394e+01
-2.493199940992459229e+00 1.099385912855300340e+01
-2.491642177830327043e+00 1.132537944276797326e+01
-2.490084414668195301e+00 1.224701159303833364e+01
-2.488526651506062670e+00 1.228975828736595766e+01
-2.486968888343930928e+00 1.623848952362913423e+01
-2.485411125181798742e+00 1.286449375482687962e+01
-2.483853362019666555e+00 9.860894355374904663e+00
-2.482295598857534369e+00 1.339404586795114582e+01
-2.480737835695402183e+00 1.419964379996095083e+01
-2.479180072533270440e+00 1.286109951095825998e+01
-2.477622309371137810e+00 1.276839968113085888e+01
-2.476064546209006068e+00 1.303646342948678694e+01
-2.474506783046873881e+00 1.284237054963134561e+01
-2.472949019884741695e+00 1.155807108769375624e+01
-2.471391256722609509e+00 1.197563154904324279e+01
-2.469833493560477322e+00 1.029364902187857567e+01
-2.468275730398345580e+00 9.533364471227523396e+00
-2.466717967236213394e+00 1.189013600198997977e+01
-2.465160204074081207e+00 1.314068855975508043e+01
-2.463602440911949021e+00 1.207372068422712275e+01
-2.462044677749816834e+00 1.140644236098295927e+01
-2.460486914587684648e+00 1.234408386227002907e+01
-2.458929151425552462e+00 1.257704703095838994e+01
-2.457371388263420720e+00 1.153763434017922407e+01
-2.455813625101288533e+00 1.160249481308146713e+01
-2.454255861939156347e+00 1.334007133213708229e+01
-2.452698098777024160e+00 1.234250648419164342e+01
-2.451140335614891974e+00 1.276291654586969848e+01
-2.449582572452759788e+00 1.242464423144600438e+01
-2.448024809290627601e+00 1.120764388156957381e+01
-2.446467046128495859e+00 1.357045438127706305e+01
-2.444909282966363673e+00 1.217777795519227446e+01
-2.443351519804231486e+00 1.158382363991676023e+01
-2.441793756642099300e+00 1.337565246383547901e+01
-2.440235993479967114e+00 1.235406389065633270e+01
-2.438678230317834927e+00 1.009082928878001795e+01
-2.437120467155702741e+00 9.289960771620716429e+00
-2.435562703993570999e+00 1.059194003817118990e+01
-2.434004940831438812e+00 1.139587874788235133e+01
-2.432447177669306626e+00 1.153101771659224895e+01
-2.430889414507174440e+00 1.096481196894522192e+01
-2.429331651345042253e+00 1.096090934764608349e+01
-2.427773888182910067e+00 1.077954129740069611e+01
-2.426216125020777881e+00 1.199701049692593635e+01
-2.424658361858646138e+00 1.340033140993132754e+01
-2.423100598696513952e+00 1.313931821724373172e+01
-2.421542835534381766e+00 1.449539888183904246e+01
-2.419985072372249579e+00 1.434923736315143294e+01
-2.418427309210117393e+00 1.302685656206498521e+01
-2.416869546047985651e+00 1.305499265618902527e+01
-2.415311782885853020e+00 1.100818321356330998e+01
-2.413754019723721278e+00 8.800467404185347675e+00
-2.412196256561589092e+00 1.128323468449145039e+01
-2.410638493399456905e+00 1.235987757870544179e+01
-2.409080730237324719e+00 1.509112720571213906e+01
-2.407522967075192533e+00 1.714435631928259340e+01
-2.405965203913060790e+00 1.624686441856245622e+01
-2.404407440750928160e+00 1.307934018506039919e+01
-2.402849677588796418e+00 1.064836681983615385e+01
-2.401291914426664231e+00 1.125759367021713331e+01
-2.399734151264532045e+00 1.265521390950931746e+01
-2.398176388102399859e+00 1.596636615836379036e+01
-2.396618624940267672e+00 1.616376879936192879e+01
-2.395060861778135930e+00 1.229214862676979614e+01
-2.393503098616003300e+00 1.175756432208768132e+01
-2.391945335453871557e+00 1.426680474788387087e+01
-2.390387572291739371e+00 1.201353704074391970e+01
-2.388829809129607185e+00 1.262098019497962476e+01
-2.387272045967474998e+00 1.193605287294630024e+01
-2.385714282805342812e+00 9.389487569762357211e+00
-2.384156519643211070e+00 1.322664523153272498e+01
-2.382598756481078883e+00 1.519618221546910952e+01
-2.381040993318946697e+00 1.474440745782755791e+01
-2.379483230156814511e+00 1.239700251328024727e+01
-2.377925466994682324e+00 1.223500266444472651e+01
-2.376367703832550138e+00 1.408456006331366694e+01
-2.374809940670417951e+00 1.378031511518356567e+01
-2.373252177508286209e+00 1.206030333613625061e+01
-2.371694414346154023e+00 1.119127206463508450e+01
-2.370136651184021837e+00 1.609312920958536708e+01
-2.368578888021889650e+00 1.377328012640187715e+01
-2.367021124859757464e+00 9.719470038121986732e+00
-2.365463361697625277e+00 1.219296356910709633e+01
-2.363905598535493091e+00 1.267562709831010004e+01
-2.362347835373361349e+00 1.148762529285130540e+01
-2.360790072211229162e+00 1.152716829858318448e+01
-2.359232309049096976e+00 1.140118831761520291e+01
-2.357674545886964790e+00 1.381303591414963705e+01
-2.356116782724832603e+00 1.616425340357795903e+01
-2.354559019562700417e+00 1.425953654648987623e+01
-2.353001256400568231e+00 1.105781093449128250e+01
-2.351443493238436488e+00 1.146552147968223778e+01
-2.349885730076304302e+00 1.234621164233269752e+01
-2.348327966914172116e+00 1.270362031743611375e+01
-2.346770203752039929e+00 1.045722644423257819e+01
-2.345212440589907743e+00 1.297803589851802997e+01
-2.343654677427775557e+00 1.600860871887194747e+01
-2.342096914265643370e+00 1.594096013890630736e+01
-2.340539151103511628e+00 1.447456966652554478e+01
-2.338981387941379442e+00 1.314757585848661492e+01
-2.337423624779247255e+00 1.380098369707657469e+01
-2.335865861617115069e+00 1.374462485940919620e+01
-2.334308098454982883e+00 1.299846900403998085e+01
-2.332750335292850696e+00 1.325467983170790909e+01
-2.331192572130718510e+00 1.425883363166814810e+01
-2.329634808968586768e+00 1.334127841409453019e+01
-2.328077045806454581e+00 1.230851383517994080e+01
-2.326519282644322395e+00 1.120779168585123031e+01
-2.324961519482190209e+00 1.206288865300534852e+01
-2.323403756320058022e+00 1.194934931457880722e+01
-2.321845993157926280e+00 1.572072832048620050e+01
-2.320288229995793650e+00 1.707721035982171998e+01
-2.318730466833661907e+00 1.280670194060536282e+01
-2.317172703671529721e+00 1.200798134222428004e+01
-2.315614940509397535e+00 1.366508710861950959e+01
-2.314057177347265348e+00 1.359857638168417182e+01
-2.312499414185133162e+00 1.287062313019712967e+01
-2.310941651023001420e+00 1.471124184582263261e+01
-2.309383887860868789e+00 1.456464937428371265e+01
-2.307826124698737047e+00 1.316333840023363777e+01
-2.306268361536604861e+00 1.615035845912648327e+01
-2.304710598374472674e+00 1.405988173433375543e+01
-2.303152835212340488e+00 1.313624956188987980e+01
-2.301595072050208302e+00 1.288490792284548903e+01
-2.300037308888076559e+00 1.071923974507209287e+01
-2.298479545725944373e+00 8.991873782407152405e+00
-2.296921782563812187e+00 1.129030696087888153e+01
-2.295364019401680000e+00 1.365513644295137397e+01
-2.293806256239547814e+00 1.243739615609085725e+01
-2.292248493077415628e+00 1.103391428580123979e+01
-2.290690729915283441e+00 1.049963861891766115e+01
-2.289132966753151699e+00 1.047111971619094817e+01
-2.287575203591019513e+00 9.154367046220764692e+00
-2.286017440428887326e+00 9.395314937627368579e+00
-2.284459677266755140e+00 9.236694424220589283e+00
-2.282901914104622954e+00 1.186069656180223753e+01
-2.281344150942490767e+00 1.260610456120159739e+01
-2.279786387780358581e+00 9.414505265856321969e+00
-2.278228624618226839e+00 1.044794537436383131e+01
-2.276670861456094652e+00 1.263953618307538385e+01
-2.275113098293962466e+00 1.441500959827978079e+01
-2.273555335131830279e+00 1.646033539564590242e+01
-2.271997571969698093e+00 1.608580061472754608e+01
-2.270439808807565907e+00 1.405396905713074851e+01
-2.268882045645433720e+00 1.242263735109208334e+01
-2.267324282483301978e+00 1.220405156960290327e+01
-2.265766519321169792e+00 1.231444344845280447e+01
-2.264208756159037605e+00 1.033732765882263394e+01
-2.262650992996905419e+00 1.086391531398063393e+01
-2.261093229834773233e+00 1.396323255634329819e+01
-2.259535466672641046e+00 1.140924427204721781e+01
-2.257977703510508860e+00 1.205289307515078967e+01
-2.256419940348377118e+00 1.700152424870491785e+01
-2.254862177186244931e+00 1.537458946124763237e+01
-2.253304414024112745e+00 1.184565349903807530e+01
-2.251746650861980559e+00 1.219936178346975630e+01
-2.250188887699848372e+00 1.343049120923922679e+01
-2.248631124537716186e+00 1.333263093873636329e+01
-2.247073361375584000e+00 1.493675360402601981e+01
-2.245515598213452257e+00 1.561283740153179345e+01
-2.243957835051320071e+00 1.248572498142831044e+01
-2.242400071889187885e+00 9.177498248755663113e+00
-2.240842308727055698e+00 1.037276304744729849e+01
-2.239284545564923512e+00 1.354204925803289861e+01
-2.237726782402791770e+00 1.575649047428629146e+01
-2.236169019240659139e+00 1.698877304839571067e+01
-2.234611256078527397e+00 1.708713173403294405e+01
-2.233053492916395211e+00 1.325472444552715423e+01
-2.231495729754263024e+00 1.008184590584857965e+01
-2.229937966592130838e+00 9.242500237309709377e+00
-2.228380203429998652e+00 8.045187228837772153e+00
-2.226822440267866909e+00 1.001442518105001511e+01
-2.225264677105734279e+00 1.181207558703663096e+01
-2.223706913943602537e+00 1.143025544417141504e+01
-2.222149150781470350e+00 1.365813962112794577e+01
-2.220591387619338164e+00 1.309383030690196215e+01
-2.219033624457205978e+00 1.262604335583204040e+01
-2.217475861295073791e+00 1.185213029099456783e+01
-2.215918098132942049e+00 7.231909418734907113e+00
-2.214360334970809419e+00 1.131502026616453449e+01
-2.212802571808677676e+00 1.574092298449514260e+01
-2.211244808646545490e+00 1.290452547183810772e+01
-2.209687045484413304e+00 1.391468857014082339e+01
-2.208129282322281117e+00 1.505513229933166564e+01
-2.206571519160148931e+00 1.183861321465297323e+01
-2.205013755998017189e+00 9.358474976620453134e+00
-2.203455992835885002e+00 1.165604060617460647e+01
-2.201898229673752816e+00 1.150589365844475331e+01
-2.200340466511620630e+00 1.294314871195033767e+01
-2.198782703349488443e+00 1.505476276117229162e+01
-2.197224940187356257e+00 1.594775104997911619e+01
-2.195667177025224071e+00 1.757565340221112749e+01
-2.194109413863092328e+00 1.580998350853841217e+01
-2.192551650700960142e+00 1.420450403971278419e+01
-2.190993887538827956e+00 1.212793335371308423e+01
-2.189436124376695769e+00 1.003331474219238295e+01
-2.187878361214563583e+00 1.168683734658396745e+01
-2.186320598052431841e+00 1.310166311273385453e+01
-2.184762834890299210e+00 1.131313046250355825e+01
-2.183205071728167468e+00 1.160624999738877250e+01
-2.181647308566034837e+00 1.040195484030429363e+01
-2.180089545403903095e+00 1.318249120056338164e+01
-2.178531782241770909e+00 1.463988572765696183e+01
-2.176974019079638722e+00 1.081827666962185752e+01
-2.175416255917506980e+00 9.672596184919973084e+00
-2.173858492755374350e+00 1.097415531491800245e+01
-2.172300729593242608e+00 1.331429952541015105e+01
-2.170742966431110421e+00 1.419577040138706003e+01
-2.169185203268978235e+00 1.323348379842293632e+01
-2.167627440106846048e+00 1.337686884888871752e+01
-2.166069676944713862e+00 1.400989852682547721e+01
-2.164511913782582120e+00 1.329814833580836364e+01
-2.162954150620449489e+00 1.422153632275153790e+01
-2.161396387458317747e+00 1.418889318185227033e+01
-2.159838624296185561e+00 1.151969547434549668e+01
-2.158280861134053374e+00 1.339985193052479495e+01
-2.156723097971921188e+00 1.534975856818842921e+01
-2.155165334809789002e+00 1.340325020020720359e+01
-2.153607571647657259e+00 1.415230980949831263e+01
-2.152049808485524629e+00 1.414809562658627584e+01
-2.150492045323392887e+00 1.170209931454539287e+01
-2.148934282161260700e+00 1.061838435454085072e+01
-2.147376518999128514e+00 1.156547731683268587e+01
-2.145818755836996328e+00 1.319330175701537833e+01
-2.144260992674864141e+00 1.267683305186623066e+01
-2.142703229512732399e+00 8.572647669798099557e+00
-2.141145466350599769e+00 7.643785501248391512e+00
-2.139587703188468026e+00 1.397399103785260444e+01
-2.138029940026335840e+00 1.244735922000497652e+01
-2.136472176864203654e+00 7.301611489206844219e+00
-2.134914413702071467e+00 9.486775896906818772e+00
-2.133356650539939281e+00 1.231100768375629961e+01
-2.131798887377807539e+00 1.406762797749030547e+01
-2.130241124215674908e+00 1.411992971344685444e+01
-2.128683361053543166e+00 1.214956263033809414e+01
-2.127125597891410980e+00 1.239479519009290165e+01
-2.125567834729278793e+00 1.125950152446380059e+01
-2.124010071567146607e+00 1.308132060046607137e+01
-2.122452308405014421e+00 1.171453114298402198e+01
-2.120894545242882678e+00 1.189183184170775398e+01
-2.119336782080750048e+00 1.185068812955966777e+01
-2.117779018918618306e+00 1.311193453883605464e+01
-2.116221255756486119e+00 1.424694854643232311e+01
-2.114663492594353933e+00 1.119111973120757142e+01
-2.113105729432221747e+00 1.197060528288734105e+01
-2.111547966270089560e+00 1.401567021246383860e+01
-2.109990203107957818e+00 1.553766968264341131e+01
-2.108432439945825188e+00 1.604163170917868086e+01
-2.106874676783693445e+00 1.534028776095766311e+01
-2.105316913621561259e+00 1.277659103665850715e+01
-2.103759150459429073e+00 1.051179225073314250e+01
-2.102201387297297330e+00 1.377570093512018801e+01
-2.100643624135164700e+00 1.320419134939732153e+01
-2.099085860973032958e+00 1.172366086296846177e+01
-2.097528097810900327e+00 1.374831428117757426e+01
-2.095970334648768585e+00 1.139194214706624564e+01
-2.094412571486636399e+00 9.234612086453088509e+00
-2.092854808324504212e+00 1.098803819259881287e+01
-2.091297045162372470e+00 1.217067581010932642e+01
-2.089739282000239839e+00 1.154550471141502577e+01
-2.088181518838108097e+00 1.230563638610915156e+01
-2.086623755675975467e+00 1.357510444480162981e+01
-2.085065992513843725e+00 1.368728657194495391e+01
-2.083508229351711538e+00 1.425174076256546485e+01
-2.081950466189579352e+00 1.384796372114878871e+01
-2.080392703027447610e+00 1.297127941815390528e+01
-2.078834939865314979e+00 1.185836277728715160e+01
-2.077277176703183237e+00 1.485251359882684952e+01
-2.075719413541051050e+00 1.590509660233642286e+01
-2.074161650378918864e+00 1.377065456781659769e+01
-2.072603887216786678e+00 1.529811997208997987e+01
-2.071046124054654491e+00 1.619914553867422313e+01
-2.069488360892522749e+00 1.467020228509747426e+01
-2.067930597730390119e+00 1.412084515098466042e+01
-2.066372834568258376e+00 1.218217699325783343e+01
-2.064815071406126190e+00 1.199330307928017092e+01
-2.063257308243994004e+00 1.186450703846033150e+01
-2.061699545081861817e+00 1.234598450901965094e+01
-2.060141781919729631e+00 1.503547966096874866e+01
-2.058584018757597889e+00 1.473622033345432314e+01
-2.057026255595465258e+00 1.233585435098714811e+01
-2.055468492433333516e+00 1.263870920638095008e+01
-2.053910729271201330e+00 1.200992847688718435e+01
-2.052352966109069143e+00 1.162100648064330066e+01
-2.050795202946936957e+00 1.459614236504689444e+01
-2.049237439784804771e+00 1.276221011567836960e+01
-2.047679676622673028e+00 1.110047563958687000e+01
-2.046121913460540398e+00 1.085505123862338550e+01
-2.044564150298408656e+00 9.661066278524783613e+00
-2.043006387136276469e+00 1.170333640298494693e+01
-2.041448623974144283e+00 1.267905314955110718e+01
-2.039890860812012097e+00 1.636275644182879674e+01
-2.038333097649879910e+00 1.738221038408580199e+01
-2.036775334487748168e+00 1.250654518495272072e+01
-2.035217571325615538e+00 1.008286723075095814e+01
-2.033659808163483795e+00 9.220193665857189913e+00
-2.032102045001351609e+00 1.129483808995599148e+01
-2.030544281839219423e+00 1.536103749456387213e+01
-2.028986518677087236e+00 1.398355289936003842e+01
-2.027428755514955050e+00 1.346579555111439852e+01
-2.025870992352823308e+00 1.238252305634654604e+01
-2.024313229190690677e+00 1.262908258082653035e+01
-2.022755466028558935e+00 1.131480943667961903e+01
-2.021197702866426749e+00 1.126294296336670442e+01
-2.019639939704294562e+00 1.350564801926090119e+01
-2.018082176542162820e+00 1.386192236189480731e+01
-2.016524413380030190e+00 1.496719220141273432e+01
-2.014966650217898447e+00 1.438895506799936719e+01
-2.013408887055765817e+00 1.316767260378041193e+01
-2.011851123893634075e+00 1.299861762904736828e+01
-2.010293360731501888e+00 1.117010303138143712e+01
-2.008735597569369702e+00 1.366149377294926559e+01
-2.007177834407237960e+00 1.421285347087635387e+01
-2.005620071245105329e+00 1.040958559671218353e+01
-2.004062308082973587e+00 1.475620271703914810e+01
-2.002504544920840956e+00 1.376293036012395987e+01
-2.000946781758709214e+00 1.098003347627295412e+01
-1.999389018596577028e+00 1.297130746229942666e+01
-1.997831255434444842e+00 9.952775011106602676e+00
-1.996273492272312877e+00 8.089448522067403502e+00
-1.994715729110180691e+00 9.380481695966240707e+00
-1.993157965948048505e+00 9.617473305697959773e+00
-1.991600202785916540e+00 9.841067603355122984e+00
-1.990042439623784354e+00 1.058245700951657220e+01
-1.988484676461652167e+00 8.917243549414726189e+00
-1.986926913299519981e+00 1.171388271311715457e+01
-1.985369150137388017e+00 1.358664102667166418e+01
-1.983811386975255830e+00 1.204567672333799422e+01
-1.982253623813123644e+00 1.657689211078012193e+01
-1.980695860650991680e+00 1.511975672355644917e+01
-1.979138097488859493e+00 1.020543481599605862e+01
-1.977580334326727307e+00 1.266439835607908293e+01
-1.976022571164595343e+00 1.506359296479947929e+01
-1.974464808002463156e+00 1.667119991393193601e+01
-1.972907044840330970e+00 1.606208546296526762e+01
-1.971349281678198784e+00 1.252776252843739080e+01
-1.969791518516066819e+00 1.260247298465414900e+01
-1.968233755353934633e+00 1.023740580187252824e+01
-1.966675992191802447e+00 9.574386871585659264e+00
-1.965118229029670482e+00 1.254115778614118426e+01
-1.963560465867538296e+00 1.547666497772864602e+01
-1.962002702705406110e+00 1.558765350268211414e+01
-1.960444939543273923e+00 1.075451503759600769e+01
-1.958887176381141959e+00 8.987675631983746527e+00
-1.957329413219009773e+00 1.122799859559807878e+01
-1.955771650056877586e+00 1.279739586787791517e+01
-1.954213886894745622e+00 1.421183535021481781e+01
-1.952656123732613436e+00 1.204282079791530258e+01
-1.951098360570481249e+00 1.099704784959819825e+01
-1.949540597408349285e+00 1.295161201435818832e+01
-1.947982834246217099e+00 1.358055486205674356e+01
-1.946425071084084912e+00 1.388854439427582044e+01
-1.944867307921952726e+00 1.413426488113193358e+01
-1.943309544759820762e+00 1.508978591742412867e+01
-1.941751781597688575e+00 1.541152023587816089e+01
-1.940194018435556389e+00 1.307179975933748928e+01
-1.938636255273424425e+00 1.134571598874461884e+01
-1.937078492111292238e+00 1.190855592776761718e+01
-1.935520728949160052e+00 1.132124250204616800e+01
-1.933962965787027866e+00 1.044826812364452984e+01
-1.932405202624895901e+00 1.098813021901598219e+01
-1.930847439462763715e+00 1.297306404094451082e+01
-1.929289676300631529e+00 1.349712302997571811e+01
-1.927731913138499564e+00 1.201083937743047159e+01
-1.926174149976367378e+00 1.037521897111022007e+01
-1.924616386814235192e+00 1.041501517614678285e+01
-1.923058623652103227e+00 1.232904985933895325e+01
-1.921500860489971041e+00 1.330747350983859079e+01
-1.919943097327838855e+00 1.263999682222756782e+01
-1.918385334165706668e+00 1.116714813732597023e+01
-1.916827571003574704e+00 1.570070657173143047e+01
-1.915269807841442518e+00 1.271185545861772148e+01
-1.913712044679310331e+00 9.973864071187721336e+00
-1.912154281517178367e+00 1.266781668863005628e+01
-1.910596518355046181e+00 1.056795089650536568e+01
-1.909038755192913994e+00 1.113507045199639300e+01
-1.907480992030782030e+00 1.417853902825543777e+01
-1.905923228868649844e+00 1.547171193869767869e+01
-1.904365465706517657e+00 1.348287281682694072e+01
-1.902807702544385471e+00 1.111450569776688546e+01
-1.901249939382253507e+00 1.285302547394810979e+01
-1.899692176220121320e+00 1.408246114675800875e+01
-1.898134413057989134e+00 1.249357652006361086e+01
-1.896576649895857170e+00 1.419727833978964782e+01
-1.895018886733724983e+00 1.373882055393068313e+01
-1.893461123571592797e+00 1.048699104296309415e+01
-1.891903360409460610e+00 9.828864034968550101e+00
-1.890345597247328646e+00 1.050423381515650156e+01
-1.888787834085196460e+00 1.229551681976431965e+01
-1.887230070923064273e+00 1.282756028609351162e+01
-1.885672307760932309e+00 1.050298622191356301e+01
-1.884114544598800123e+00 1.025632455913918228e+01
-1.882556781436667936e+00 1.364483158915001404e+01
-1.880999018274535972e+00 1.624683793555995948e+01
-1.879441255112403786e+00 1.554564953446028674e+01
-1.877883491950271599e+00 1.016957051285764102e+01
-1.876325728788139413e+00 1.296023005530430083e+01
-1.874767965626007449e+00 1.634778692643595477e+01
-1.873210202463875262e+00 1.225383063654440008e+01
-1.871652439301743076e+00 1.000073472328667634e+01
-1.870094676139611112e+00 8.597663468838568690e+00
-1.868536912977478925e+00 9.045412644619508669e+00
-1.866979149815346739e+00 1.142657005583980734e+01
-1.865421386653214775e+00 1.338958591409170573e+01
-1.863863623491082588e+00 1.518648813059754765e+01
-1.862305860328950402e+00 1.386357246457428793e+01
-1.860748097166818216e+00 1.055984347427737013e+01
-1.859190334004686251e+00 1.129422596477558649e+01
-1.857632570842554065e+00 1.164680335120844390e+01
-1.856074807680421879e+00 1.115143701601035353e+01
-1.854517044518289914e+00 1.276180165451855508e+01
-1.852959281356157728e+00 1.112813573894437447e+01
-1.851401518194025542e+00 1.034061885340129194e+01
-1.849843755031893355e+00 1.250432442765395535e+01
-1.848285991869761391e+00 1.322556804346921133e+01
-1.846728228707629205e+00 1.319281651033022484e+01
-1.845170465545497018e+00 1.404376847591288602e+01
-1.843612702383365054e+00 1.484871697820341474e+01
-1.842054939221232868e+00 9.951085226711631648e+00
-1.840497176059100681e+00 9.154294411380060836e+00
-1.838939412896968717e+00 1.566755550790527174e+01
-1.837381649734836531e+00 1.652249346875458258e+01
-1.835823886572704344e+00 1.481385601973988742e+01
-1.834266123410572158e+00 1.463838867968705948e+01
-1.832708360248440194e+00 1.414434686206798375e+01
-1.831150597086308007e+00 1.433141524256393318e+01
-1.829592833924175821e+00 1.394248915358509855e+01
-1.828035070762043857e+00 1.331197758668925601e+01
-1.826477307599911670e+00 1.188913224875801689e+01
-1.824919544437779484e+00 1.135983932618254677e+01
-1.823361781275647520e+00 1.105619922038638414e+01
-1.821804018113515333e+00 1.287605854858565024e+01
-1.820246254951383147e+00 1.293837007716629728e+01
-1.818688491789250961e+00 1.109199521567010649e+01
-1.817130728627118996e+00 1.103007145900875940e+01
-1.815572965464986810e+00 1.144873824015200547e+01
-1.814015202302854624e+00 1.358792095879397444e+01
-1.812457439140722659e+00 1.497708862432992838e+01
-1.810899675978590473e+00 1.381931605286914078e+01
-1.809341912816458287e+00 1.350767066460052668e+01
-1.807784149654326100e+00 1.404992537582546142e+01
-1.806226386492194136e+00 1.176770880091039828e+01
-1.804668623330061950e+00 1.148067564766616222e+01
-1.803110860167929763e+00 1.552489355953481898e+01
-1.801553097005797799e+00 1.567005754175680998e+01
-1.799995333843665613e+00 1.242183625771732025e+01
-1.798437570681533426e+00 9.795987252554880342e+00
-1.796879807519401462e+00 9.250606924017024113e+00
-1.795322044357269275e+00 1.174647560408880409e+01
-1.793764281195137089e+00 1.289698097922940612e+01
-1.792206518033004903e+00 1.367280853212623626e+01
-1.790648754870872938e+00 1.313786023235739187e+01
-1.789090991708740752e+00 1.265085616235489852e+01
-1.787533228546608566e+00 1.379459595440367892e+01
-1.785975465384476601e+00 1.580042765877566779e+01
-1.784417702222344415e+00 1.640581508083870332e+01
-1.782859939060212229e+00 1.314364808311082200e+01
-1.781302175898080042e+00 1.099328250356372472e+01
-1.779744412735948078e+00 1.127439175395399218e+01
-1.778186649573815892e+00 1.110754978342079902e+01
-1.776628886411683705e+00 1.104601751626094597e+01
-1.775071123249551741e+00 9.682504935487580511e+00
-1.773513360087419555e+00 1.003382001545002211e+01
-1.771955596925287368e+00 1.374733500015150156e+01
-1.770397833763155404e+00 1.343988279430068289e+01
-1.768840070601023218e+00 1.105401668771902735e+01
-1.767282307438891031e+00 1.104800379139407518e+01
-1.765724544276758845e+00 1.136102189830101672e+01
-1.764166781114626881e+00 1.228190449446376498e+01
-1.762609017952494694e+00 1.528629736703086905e+01
-1.761051254790362508e+00 1.785786748379274158e+01
-1.759493491628230544e+00 1.435273498173222073e+01
-1.757935728466098357e+00 1.238811558602293772e+01
-1.756377965303966171e+00 1.177045730582191396e+01
-1.754820202141834207e+00 1.243086617371038471e+01
-1.753262438979702020e+00 1.396988917247150042e+01
-1.751704675817569834e+00 1.469023027381625113e+01
-1.750146912655437648e+00 1.419219415596926659e+01
-1.748589149493305683e+00 1.143761209337129614e+01
-1.747031386331173497e+00 1.055278412387240472e+01
-1.745473623169041311e+00 1.153610934608184557e+01
-1.743915860006909346e+00 1.262758851052734954e+01
-1.742358096844777160e+00 1.149597251013767973e+01
-1.740800333682644974e+00 1.378173702829198533e+01
-1.739242570520512787e+00 1.616407632465732291e+01
-1.737684807358380823e+00 1.485452093252271943e+01
-1.736127044196248637e+00 1.515470074939089429e+01
-1.734569281034116450e+00 1.456027259466913293e+01
-1.733011517871984486e+00 1.200384883094081800e+01
-1.731453754709852300e+00 9.443217270858870194e+00
-1.729895991547720113e+00 9.035379155633973980e+00
-1.728338228385588149e+00 1.129351053615282652e+01
-1.726780465223455963e+00 1.125380490697253855e+01
-1.725222702061323776e+00 1.396744877544714036e+01
-1.723664938899191590e+00 1.440959911410500638e+01
-1.722107175737059626e+00 1.119803856280689480e+01
-1.720549412574927439e+00 1.071364889523996844e+01
-1.718991649412795253e+00 1.178517214459287032e+01
-1.717433886250663289e+00 1.476914769403739847e+01
-1.715876123088531102e+00 1.416719232664762451e+01
-1.714318359926398916e+00 1.030998819156422286e+01
-1.712760596764266952e+00 1.121564265732182797e+01
-1.711202833602134765e+00 1.352230071120495758e+01
-1.709645070440002579e+00 1.316535133968499416e+01
-1.708087307277870392e+00 1.234539093505358309e+01
-1.706529544115738428e+00 1.213005419949782038e+01
-1.704971780953606242e+00 1.334619952741756954e+01
-1.703414017791474055e+00 1.341716193941738844e+01
-1.701856254629342091e+00 1.171303879728057318e+01
-1.700298491467209905e+00 1.081133058290369853e+01
-1.698740728305077718e+00 1.131533448826678523e+01
-1.697182965142945532e+00 1.198374202118279186e+01
-1.695625201980813568e+00 1.215285862841405873e+01
-1.694067438818681381e+00 9.674632957793450672e+00
-1.692509675656549195e+00 1.199936336216772936e+01
-1.690951912494417231e+00 1.343115693907753361e+01
-1.689394149332285044e+00 1.153053514107025279e+01
-1.687836386170152858e+00 1.092469428057241032e+01
-1.686278623008020894e+00 1.043166482180016885e+01
-1.684720859845888707e+00 1.194764170729800767e+01
-1.683163096683756521e+00 1.467904355802622796e+01
-1.681605333521624335e+00 1.550532432199408461e+01
-1.680047570359492370e+00 1.444250980992936917e+01
-1.678489807197360184e+00 1.327562930679384756e+01
-1.676932044035227998e+00 1.452405332239768931e+01
-1.675374280873096033e+00 1.610279073690019302e+01
-1.673816517710963847e+00 1.415910003256002625e+01
-1.672258754548831661e+00 1.075555803601838178e+01
-1.670700991386699696e+00 1.084665976567010048e+01
-1.669143228224567510e+00 1.456894965116371488e+01
-1.667585465062435324e+00 1.670787452423835973e+01
-1.666027701900303137e+00 1.452368413303169348e+01
-1.664469938738171173e+00 1.041677578524119063e+01
-1.662912175576038987e+00 1.108425726420307988e+01
-1.661354412413906800e+00 1.359814663630200116e+01
-1.659796649251774836e+00 1.058778040006916399e+01
-1.658238886089642650e+00 1.017634848317761254e+01
-1.656681122927510463e+00 1.384791044687461259e+01
-1.655123359765378277e+00 1.312383209432240072e+01
-1.653565596603246313e+00 1.092298322251627063e+01
-1.652007833441114126e+00 1.078505268489039004e+01
-1.650450070278981940e+00 1.229049513919860814e+01
-1.648892307116849976e+00 1.509472945696673207e+01
-1.647334543954717789e+00 1.238181708029322614e+01
-1.645776780792585603e+00 1.137742804281704245e+01
-1.644219017630453639e+00 1.156211579494381425e+01
-1.642661254468321452e+00 1.094710505342407814e+01
-1.641103491306189266e+00 1.196416351566420033e+01
-1.639545728144057080e+00 1.280216065396495040e+01
-1.637987964981925115e+00 1.419716993121241977e+01
-1.636430201819792929e+00 1.362525456287054659e+01
-1.634872438657660743e+00 1.099121043600299252e+01
-1.633314675495528778e+00 1.018459096401832475e+01
-1.631756912333396592e+00 9.666657455300679658e+00
-1.630199149171264406e+00 1.486057735142651914e+01
-1.628641386009132219e+00 1.704305148377908452e+01
-1.627083622847000255e+00 1.188105662879429048e+01
-1.625525859684868069e+00 1.153035437179117118e+01
-1.623968096522735882e+00 1.136233466541364123e+01
-1.622410333360603918e+00 1.023078617149803726e+01
-1.620852570198471732e+00 1.264015579993143312e+01
-1.619294807036339545e+00 1.378532585925176157e+01
-1.617737043874207581e+00 1.314997420620101920e+01
-1.616179280712075395e+00 1.446098523045507456e+01
-1.614621517549943208e+00 1.306205188866464617e+01
-1.613063754387811022e+00 1.024255061996795213e+01
-1.611505991225679058e+00 1.276521052387922595e+01
-1.609948228063546871e+00 1.482967673213637383e+01
-1.608390464901414685e+00 1.241628844226166173e+01
-1.606832701739282721e+00 1.129192553134279109e+01
-1.605274938577150534e+00 1.370353027994573480e+01
-1.603717175415018348e+00 1.669852258300879910e+01
-1.602159412252886383e+00 1.138428679457303616e+01
-1.600601649090754197e+00 1.072792525569810174e+01
-1.599043885928622011e+00 1.585276724792436376e+01
-1.597486122766489824e+00 1.053825790839234955e+01
-1.595928359604357860e+00 9.049326652601910936e+00
-1.594370596442225674e+00 1.394939070585392749e+01
-1.592812833280093487e+00 1.248800062832583713e+01
-1.591255070117961523e+00 1.005086958916247752e+01
-1.589697306955829337e+00 1.243721215658513302e+01
-1.588139543793697150e+00 1.653074744143311392e+01
-1.586581780631564964e+00 1.493819425212509699e+01
-1.585024017469433000e+00 1.544947749122325042e+01
-1.583466254307300813e+00 1.473567750790411068e+01
-1.581908491145168627e+00 1.238651770492313275e+01
-1.580350727983036663e+00 1.405223126225854458e+01
-1.578792964820904476e+00 1.440633989596525311e+01
-1.577235201658772290e+00 1.520487691716378720e+01
-1.575677438496640326e+00 1.418875331635227433e+01
-1.574119675334508139e+00 1.020099541378763774e+01
-1.572561912172375953e+00 1.297673020180812387e+01
-1.571004149010243767e+00 1.512415294424135759e+01
-1.569446385848111802e+00 1.418405889522943042e+01
-1.567888622685979616e+00 1.321692435543655009e+01
-1.566330859523847430e+00 1.209465571748134316e+01
-1.564773096361715465e+00 1.380895338098202352e+01
-1.563215333199583279e+00 1.307562034259464134e+01
-1.561657570037451093e+00 9.657255632363401787e+00
-1.560099806875319128e+00 9.688312654278835367e+00
-1.558542043713186942e+00 1.134696588780267490e+01
-1.556984280551054756e+00 9.855182067479731245e+00
-1.555426517388922569e+00 1.248994466479107501e+01
-1.553868754226790605e+00 1.381418372443028275e+01
-1.552310991064658419e+00 1.087834858158953821e+01
-1.550753227902526232e+00 1.225168104364634480e+01
-1.549195464740394268e+00 1.178113684882360701e+01
-1.547637701578262082e+00 7.896305833216085368e+00
-1.546079938416129895e+00 8.179282745377133068e+00
-1.544522175253997709e+00 1.254335882014333237e+01
-1.542964412091865745e+00 1.137025411977617040e+01
-1.541406648929733558e+00 1.062704090527821421e+01
-1.539848885767601372e+00 1.443895695354397724e+01
-1.538291122605469408e+00 1.325493999247927057e+01
-1.536733359443337221e+00 1.175697401995013891e+01
-1.535175596281205035e+00 1.334816415649353161e+01
-1.533617833119073071e+00 1.260503714838817402e+01
-1.532060069956940884e+00 1.097851104085787632e+01
-1.530502306794808698e+00 1.350871025966748284e+01
-1.528944543632676512e+00 1.479945552945240195e+01
-1.527386780470544547e+00 9.835932938139588799e+00
-1.525829017308412361e+00 1.236117496935301752e+01
-1.524271254146280175e+00 1.526111441478051667e+01
-1.522713490984148210e+00 9.960019052432363296e+00
-1.521155727822016024e+00 1.056719794055923423e+01
-1.519597964659883838e+00 1.286347883819906990e+01
-1.518040201497751651e+00 1.059798138321213479e+01
-1.516482438335619687e+00 1.015613365559042336e+01
-1.514924675173487501e+00 1.197774441509089449e+01
-1.513366912011355314e+00 1.312817578171140376e+01
-1.511809148849223350e+00 1.363283799366679006e+01
-1.510251385687091163e+00 1.317978098607033743e+01
-1.508693622524958977e+00 1.231284303500569521e+01
-1.507135859362827013e+00 1.245096359225135885e+01
-1.505578096200694826e+00 1.309814368576981103e+01
-1.504020333038562640e+00 1.286918051336677493e+01
-1.502462569876430454e+00 1.146560080352776190e+01
-1.500904806714298489e+00 1.115077517393146778e+01
-1.499347043552166303e+00 1.481892943163701126e+01
-1.497789280390034117e+00 1.355977109157760196e+01
-1.496231517227902152e+00 1.101225584965475512e+01
-1.494673754065769966e+00 1.432929375110294323e+01
-1.493115990903637780e+00 1.619219554987395071e+01
-1.491558227741505815e+00 1.564177026906440915e+01
-1.490000464579373629e+00 1.434488073910716821e+01
-1.488442701417241443e+00 1.409553157798368517e+01
-1.486884938255109256e+00 1.499591419521762781e+01
-1.485327175092977292e+00 1.451228756313145496e+01
-1.483769411930845106e+00 1.302891862922663613e+01
-1.482211648768712919e+00 1.160535630942041330e+01
-1.480653885606580955e+00 1.035885952332716009e+01
-1.479096122444448769e+00 1.143570703043492287e+01
-1.477538359282316582e+00 1.429660044169498967e+01
-1.475980596120184396e+00 1.343256705984132360e+01
-1.474422832958052432e+00 1.437925430206768418e+01
-1.472865069795920245e+00 1.342574529379144010e+01
-1.471307306633788059e+00 9.589731502720628242e+00
-1.469749543471656095e+00 1.232531594031979516e+01
-1.468191780309523908e+00 1.473278571259595715e+01
-1.466634017147391722e+00 1.276317012938691775e+01
-1.465076253985259758e+00 1.116188161144988378e+01
-1.463518490823127571e+00 1.153144147690296961e+01
-1.461960727660995385e+00 1.326849754836024964e+01
-1.460402964498863199e+00 1.287925213108425737e+01
-1.458845201336731234e+00 1.250012698053973104e+01
-1.457287438174599048e+00 1.352629908880746434e+01
-1.455729675012466862e+00 1.364903942499752887e+01
-1.454171911850334897e+00 1.456281021969840594e+01
-1.452614148688202711e+00 1.378367570537855968e+01
-1.451056385526070525e+00 1.252784100356436880e+01
-1.449498622363938560e+00 1.571931386802848962e+01
-1.447940859201806374e+00 1.533255833191595485e+01
-1.446383096039674188e+00 1.760608923706346829e+01
-1.444825332877542001e+00 1.570244802486331359e+01
-1.443267569715410037e+00 8.258816555664814985e+00
-1.441709806553277851e+00 1.012456787533441371e+01
-1.440152043391145664e+00 1.414388340698489799e+01
-1.438594280229013700e+00 1.431057058551854766e+01
-1.437036517066881514e+00 1.036249032228821676e+01
-1.435478753904749327e+00 8.663996083882233634e+00
-1.433920990742617141e+00 1.266146208808196327e+01
-1.432363227580485177e+00 1.479110254954051129e+01
-1.430805464418352990e+00 1.413250929870183370e+01
-1.429247701256220804e+00 1.374151547574168752e+01
-1.427689938094088840e+00 1.150074602137375912e+01
-1.426132174931956653e+00 1.212908346920725755e+01
-1.424574411769824467e+00 1.509678667843738431e+01
-1.423016648607692503e+00 1.411202524421117310e+01
-1.421458885445560316e+00 1.022828545148032120e+01
-1.419901122283428130e+00 1.313701850891296630e+01
-1.418343359121295943e+00 1.507534909240283305e+01
-1.416785595959163979e+00 1.452123172733234746e+01
-1.415227832797031793e+00 1.461074159429681529e+01
-1.413670069634899606e+00 1.319569997853875343e+01
-1.412112306472767642e+00 1.410897906985630179e+01
-1.410554543310635456e+00 1.364076230839849657e+01
-1.408996780148503269e+00 1.318845889221282697e+01
-1.407439016986371305e+00 1.358467082195901021e+01
-1.405881253824239119e+00 1.389402657360823845e+01
-1.404323490662106932e+00 1.189853967744659258e+01
-1.402765727499974746e+00 1.118385569028148296e+01
-1.401207964337842782e+00 1.374588049634897757e+01
-1.399650201175710595e+00 1.483563972657072227e+01
-1.398092438013578409e+00 1.438530015905830695e+01
-1.396534674851446445e+00 1.390368774903876492e+01
-1.394976911689314258e+00 1.353492612678044438e+01
-1.393419148527182072e+00 1.311880414700540598e+01
-1.391861385365049886e+00 1.250527433640873021e+01
-1.390303622202917921e+00 1.059621729835270898e+01
-1.388745859040785735e+00 6.469483820189431356e+00
-1.387188095878653549e+00 1.153826775667076454e+01
-1.385630332716521584e+00 1.541124137065732214e+01
-1.384072569554389398e+00 1.288194957900095616e+01
-1.382514806392257212e+00 1.606106550075159944e+01
-1.380957043230125247e+00 1.685287809300913864e+01
-1.379399280067993061e+00 1.319139918115557997e+01
-1.377841516905860875e+00 9.857676983869218645e+00
-1.376283753743728688e+00 1.011918413511496517e+01
-1.374725990581596724e+00 8.485065912171732450e+00
-1.373168227419464538e+00 8.252377921531776295e+00
-1.371610464257332351e+00 1.350207843427275733e+01
-1.370052701095200387e+00 1.427464358622386875e+01
-1.368494937933068201e+00 1.325063918031871957e+01
-1.366937174770936014e+00 1.361876249764133995e+01
-1.365379411608803828e+00 1.186723936215950204e+01
-1.363821648446671864e+00 1.124923053251167815e+01
-1.362263885284539677e+00 1.260040500561611054e+01
-1.360706122122407491e+00 1.395151613126281198e+01
-1.359148358960275527e+00 1.366129939689823125e+01
-1.357590595798143340e+00 1.318968248556497080e+01
-1.356032832636011154e+00 1.226871645892991047e+01
-1.354475069473879190e+00 9.665382694137756303e+00
-1.352917306311747003e+00 1.053396097293372868e+01
-1.351359543149614817e+00 1.298528612236712299e+01
-1.349801779987482631e+00 1.362775898719323386e+01
-1.348244016825350666e+00 1.393142036473089185e+01
-1.346686253663218480e+00 1.567363689775939406e+01
-1.345128490501086294e+00 1.637115157676253219e+01
-1.343570727338954329e+00 1.515574066580228241e+01
-1.342012964176822143e+00 1.474458125866235214e+01
-1.340455201014689957e+00 1.387503228229190988e+01
-1.338897437852557992e+00 1.299787093967440121e+01
-1.337339674690425806e+00 1.295906290742706801e+01
-1.335781911528293620e+00 1.441094437195117450e+01
-1.334224148366161433e+00 1.610539144400908640e+01
-1.332666385204029469e+00 1.624417607858747203e+01
-1.331108622041897283e+00 1.761854439298306829e+01
-1.329550858879765096e+00 1.618972097800341103e+01
-1.327993095717633132e+00 1.530624091111348584e+01
-1.326435332555500946e+00 1.789428394908826903e+01
-1.324877569393368759e+00 1.545636114442497622e+01
-1.323319806231236573e+00 1.146369633276362698e+01
-1.321762043069104609e+00 1.196464563377132251e+01
-1.320204279906972422e+00 1.413964314328083915e+01
-1.318646516744840236e+00 1.853050837848043386e+01
-1.317088753582708271e+00 1.550246968484586496e+01
-1.315530990420576085e+00 1.043739723933400931e+01
-1.313973227258443899e+00 1.254990514077531927e+01
-1.312415464096311934e+00 1.364652273220914047e+01
-1.310857700934179748e+00 1.385995144295124248e+01
-1.309299937772047562e+00 1.467433244935092773e+01
-1.307742174609915375e+00 1.461946300468617288e+01
-1.306184411447783411e+00 1.576044872340867364e+01
-1.304626648285651225e+00 1.605225429822685257e+01
-1.303068885123519038e+00 1.492504751465724944e+01
-1.301511121961387074e+00 1.459617806038606069e+01
-1.299953358799254888e+00 1.342432771668123870e+01
-1.298395595637122701e+00 1.301486766901731507e+01
-1.296837832474990737e+00 1.381275903838327501e+01
-1.295280069312858551e+00 1.459617919875136138e+01
-1.293722306150726364e+00 1.668331451858432146e+01
-1.292164542988594178e+00 1.494221830961776298e+01
-1.290606779826462214e+00 1.491446766094909293e+01
-1.289049016664330027e+00 1.416243227346265421e+01
-1.287491253502197841e+00 1.289817613997666612e+01
-1.285933490340065877e+00 1.615884962869088426e+01
-1.284375727177933690e+00 1.349402045575329900e+01
-1.282817964015801504e+00 1.164151392697587539e+01
-1.281260200853669318e+00 1.402220927383233651e+01
-1.279702437691537353e+00 1.410480909078349931e+01
-1.278144674529405167e+00 1.171424347738269667e+01
-1.276586911367272981e+00 1.118976171022613286e+01
-1.275029148205141016e+00 1.191996819364345761e+01
-1.273471385043008830e+00 1.154574735251035555e+01
-1.271913621880876644e+00 1.350771370730794452e+01
-1.270355858718744679e+00 1.504919461932313496e+01
-1.268798095556612493e+00 1.421682069393105685e+01
-1.267240332394480307e+00 1.591635012142103989e+01
-1.265682569232348120e+00 1.661678809665180978e+01
-1.264124806070216156e+00 1.396695832148449590e+01
-1.262567042908083970e+00 1.433607825302035366e+01
-1.261009279745951783e+00 1.423244429677232326e+01
-1.259451516583819819e+00 1.170405627206521437e+01
-1.257893753421687633e+00 1.543332654818015826e+01
-1.256335990259555446e+00 1.633303069536090746e+01
-1.254778227097423482e+00 1.128971170472771135e+01
-1.253220463935291296e+00 1.364167329342026846e+01
-1.251662700773159109e+00 1.698220411188036039e+01
-1.250104937611026923e+00 1.455207485038778081e+01
-1.248547174448894959e+00 1.173444966252121446e+01
-1.246989411286762772e+00 1.216403865971883747e+01
-1.245431648124630586e+00 1.434453778368365029e+01
-1.243873884962498622e+00 1.198408603742524292e+01
-1.242316121800366435e+00 1.278618530145028487e+01
-1.240758358638234249e+00 1.852116164550625399e+01
-1.239200595476102063e+00 1.668402728629108367e+01
-1.237642832313970098e+00 1.232231424677851273e+01
-1.236085069151837912e+00 1.337693289489295445e+01
-1.234527305989705726e+00 1.509834859507148686e+01
-1.232969542827573761e+00 1.267887972924643769e+01
-1.231411779665441575e+00 9.028218677402044534e+00
-1.229854016503309388e+00 1.133855004476411743e+01
-1.228296253341177424e+00 1.552294246129128474e+01
-1.226738490179045238e+00 1.548099403822006970e+01
-1.225180727016913051e+00 1.385367272404920769e+01
-1.223622963854780865e+00 1.556596037372927022e+01
-1.222065200692648901e+00 1.463551801906308114e+01
-1.220507437530516714e+00 1.087627080699528115e+01
-1.218949674368384528e+00 1.278620539439343418e+01
-1.217391911206252564e+00 1.503371682038235946e+01
-1.215834148044120377e+00 1.505317719924207509e+01
-1.214276384881988191e+00 1.446329036625361653e+01
-1.212718621719856005e+00 1.407289871228227618e+01
-1.211160858557724040e+00 1.367530354297401729e+01
-1.209603095395591854e+00 1.297583047168089898e+01
-1.208045332233459668e+00 1.201403176205394630e+01
-1.206487569071327703e+00 1.200092291032513359e+01
-1.204929805909195517e+00 1.498880858145010997e+01
-1.203372042747063331e+00 1.553918531045973772e+01
-1.201814279584931366e+00 1.234984116421046352e+01
-1.200256516422799180e+00 1.109487562139878669e+01
-1.198698753260666994e+00 1.192647066415311308e+01
-1.197140990098534807e+00 1.398703798254335595e+01
-1.195583226936402843e+00 1.557509266769391765e+01
-1.194025463774270657e+00 1.463369316431459666e+01
-1.192467700612138470e+00 1.370859863717939220e+01
-1.190909937450006506e+00 1.488441456503704430e+01
-1.189352174287874320e+00 1.459072572650254251e+01
-1.187794411125742133e+00 1.333396272528992377e+01
-1.186236647963609947e+00 1.364680206277109420e+01
-1.184678884801477761e+00 1.237680490446830461e+01
-1.183121121639346018e+00 1.168416931782635970e+01
-1.181563358477213832e+00 1.360156712933087597e+01
-1.180005595315081646e+00 1.244584743792167636e+01
-1.178447832152949459e+00 1.320713761808244868e+01
-1.176890068990817273e+00 1.338766860414534676e+01
-1.175332305828685087e+00 8.600870168998019594e+00
-1.173774542666552900e+00 9.746591553786904782e+00
-1.172216779504421158e+00 1.452118290239192788e+01
-1.170659016342288972e+00 1.447212792561922079e+01
-1.169101253180156785e+00 1.296838977384080493e+01
-1.167543490018024599e+00 1.265915639649164426e+01
-1.165985726855892413e+00 1.368686318631240617e+01
-1.164427963693760226e+00 1.468776410336057658e+01
-1.162870200531628040e+00 1.267748782671522001e+01
-1.161312437369496298e+00 1.261293113177781855e+01
-1.159754674207364111e+00 1.662376283110301500e+01
-1.158196911045231925e+00 1.609130923001699287e+01
-1.156639147883099739e+00 1.182355387826440030e+01
-1.155081384720967552e+00 1.250661331261452425e+01
-1.153523621558835366e+00 1.362584613166184155e+01
-1.151965858396703624e+00 9.645376439284358838e+00
-1.150408095234571437e+00 8.977870025916169894e+00
-1.148850332072439251e+00 1.210296361551393929e+01
-1.147292568910307065e+00 1.276641299545398667e+01
-1.145734805748174878e+00 1.273784475618271372e+01
-1.144177042586042692e+00 1.348795299218666166e+01
-1.142619279423910505e+00 1.698235840299569688e+01
-1.141061516261778763e+00 1.507106389727191598e+01
-1.139503753099646577e+00 1.100945550078806967e+01
-1.137945989937514391e+00 1.300573643691347314e+01
-1.136388226775382204e+00 1.255806509487264044e+01
-1.134830463613250018e+00 1.263061352037220431e+01
-1.133272700451117831e+00 1.517097865352764074e+01
-1.131714937288985645e+00 1.544935151153663000e+01
-1.130157174126853903e+00 1.371283322349217570e+01
-1.128599410964721717e+00 1.622587041971570088e+01
-1.127041647802589530e+00 1.741984679633848643e+01
-1.125483884640457344e+00 1.181306067290943673e+01
-1.123926121478325157e+00 1.287954992649082442e+01
-1.122368358316192971e+00 1.586472987763315246e+01
-1.120810595154060785e+00 1.445589162660201588e+01
-1.119252831991929042e+00 1.430883188396158623e+01
-1.117695068829796856e+00 1.501658863011196487e+01
-1.116137305667664670e+00 1.563355956329110441e+01
-1.114579542505532483e+00 1.522369521803867265e+01
-1.113021779343400297e+00 1.256680255005436564e+01
-1.111464016181268111e+00 1.009579716483126433e+01
-1.109906253019136368e+00 1.025289309129365733e+01
-1.108348489857004182e+00 1.341130102904600996e+01
-1.106790726694871996e+00 1.680987783931112389e+01
-1.105232963532739809e+00 1.530017241985462917e+01
-1.103675200370607623e+00 1.301851292800761328e+01
-1.102117437208475437e+00 1.294752064516394618e+01
-1.100559674046343250e+00 1.171115331262095971e+01
-1.099001910884211508e+00 1.301708557793274146e+01
-1.097444147722079322e+00 1.457652704445180269e+01
-1.095886384559947135e+00 1.322962554269777158e+01
-1.094328621397814949e+00 1.468766218370092957e+01
-1.092770858235682763e+00 1.635525963512152714e+01
-1.091213095073550576e+00 1.577402004022921922e+01
-1.089655331911418390e+00 1.747637319759455821e+01
-1.088097568749286648e+00 1.488286006043621157e+01
-1.086539805587154461e+00 1.223209066081023089e+01
-1.084982042425022275e+00 1.416866959479260224e+01
-1.083424279262890089e+00 1.491094110224689295e+01
-1.081866516100757902e+00 1.509635486992124598e+01
-1.080308752938625716e+00 1.126019641346854705e+01
-1.078750989776493530e+00 7.947689525715735392e+00
-1.077193226614361787e+00 1.219449681353547099e+01
-1.075635463452229601e+00 1.696013683900284974e+01
-1.074077700290097415e+00 1.579915952054028949e+01
-1.072519937127965228e+00 1.385930348372449927e+01
-1.070962173965833042e+00 1.740190350506846428e+01
-1.069404410803700856e+00 1.466786852218223913e+01
-1.067846647641569113e+00 1.134366977703599311e+01
-1.066288884479436927e+00 1.425383768271153428e+01
-1.064731121317304741e+00 1.303751007359909408e+01
-1.063173358155172554e+00 1.304334563325804908e+01
-1.061615594993040368e+00 1.293139573038175349e+01
-1.060057831830908182e+00 1.343409212636599825e+01
-1.058500068668775995e+00 1.557192498258082125e+01
-1.056942305506644253e+00 1.372785818445672312e+01
-1.055384542344512067e+00 1.211989112759327192e+01
-1.053826779182379880e+00 1.164504105328958161e+01
-1.052269016020247694e+00 1.285080063010380869e+01
-1.050711252858115508e+00 1.870358501834392584e+01
-1.049153489695983321e+00 1.821185296398297737e+01
-1.047595726533851135e+00 1.367095758810361694e+01
-1.046037963371719393e+00 1.238428440364917549e+01
-1.044480200209587206e+00 1.362444127117900550e+01
-1.042922437047455020e+00 1.711517160351730027e+01
-1.041364673885322834e+00 1.682841606473669316e+01
-1.039806910723190647e+00 1.524945121842004347e+01
-1.038249147561058461e+00 1.454499340734317947e+01
-1.036691384398926274e+00 1.355167347675937606e+01
-1.035133621236794532e+00 1.221396862522525772e+01
-1.033575858074662346e+00 1.196889845828159160e+01
-1.032018094912530159e+00 1.085051395353065473e+01
-1.030460331750397973e+00 1.257731030233717995e+01
-1.028902568588265787e+00 1.655793492597403826e+01
-1.027344805426133600e+00 1.608665108716913394e+01
-1.025787042264001858e+00 1.400665423968204948e+01
-1.024229279101869672e+00 1.302478280091837171e+01
-1.022671515939737485e+00 1.514205381293586328e+01
-1.021113752777605299e+00 1.634502014868159137e+01
-1.019555989615473113e+00 1.277442299452899022e+01
-1.017998226453340926e+00 1.021592748185400623e+01
-1.016440463291208740e+00 1.304548354795552534e+01
-1.014882700129076998e+00 1.641012483327396865e+01
-1.013324936966944811e+00 1.555993016731677159e+01
-1.011767173804812625e+00 1.451754776644069622e+01
-1.010209410642680439e+00 1.595925039270137091e+01
-1.008651647480548252e+00 1.510075917422046388e+01
-1.007093884318416066e+00 1.224574393832762098e+01
-1.005536121156283880e+00 1.228792500667229781e+01
-1.003978357994152137e+00 1.419091929137748842e+01
-1.002420594832019951e+00 1.376391860194597783e+01
-1.000862831669887765e+00 1.455994023757780731e+01
-9.993050685077555784e-01 1.579647526607164565e+01
-9.977473053456233920e-01 1.443795086849746312e+01
-9.961895421834912057e-01 1.244742645507477263e+01
-9.946317790213590193e-01 1.698750245084601929e+01
-9.930740158592272770e-01 1.894094061646668337e+01
-9.915162526970950907e-01 1.434090369107175889e+01
-9.899584895349629043e-01 1.412834372417574080e+01
-9.884007263728307180e-01 1.465822141373436516e+01
-9.868429632106985316e-01 1.610565799900094675e+01
-9.852852000485663453e-01 1.536550642717243775e+01
-9.837274368864341589e-01 1.343166662348167151e+01
-9.821696737243024167e-01 1.356996824453533890e+01
-9.806119105621702303e-01 1.321318210109276947e+01
-9.790541474000380440e-01 1.413747606082700692e+01
-9.774963842379058576e-01 1.351315334709712346e+01
-9.759386210757736713e-01 1.234257713194586259e+01
-9.743808579136414849e-01 1.599884280410725168e+01
-9.728230947515097427e-01 1.822156467447826245e+01
-9.712653315893775563e-01 1.645791037610871399e+01
-9.697075684272453699e-01 1.554542714837708495e+01
-9.681498052651131836e-01 1.302902813470320886e+01
-9.665920421029809972e-01 1.269054361351180482e+01
-9.650342789408488109e-01 1.467680089076582561e+01
-9.634765157787166245e-01 1.403867097325567670e+01
-9.619187526165848823e-01 1.323398119091173086e+01
-9.603609894544526959e-01 1.336509351284586522e+01
-9.588032262923205096e-01 1.348315047856577031e+01
-9.572454631301883232e-01 1.443922658058498065e+01
-9.556876999680561369e-01 1.804019596900333866e+01
-9.541299368059239505e-01 1.677517139026195636e+01
-9.525721736437917642e-01 1.293819477477432578e+01
-9.510144104816600219e-01 1.207012601315782163e+01
-9.494566473195278355e-01 1.299172343837942556e+01
-9.478988841573956492e-01 1.560750761946167664e+01
-9.463411209952634628e-01 1.405148992558023124e+01
-9.447833578331312765e-01 1.378411831894984907e+01
-9.432255946709990901e-01 1.509589139671851044e+01
-9.416678315088669038e-01 1.396347097970169138e+01
-9.401100683467351615e-01 1.599315644923395752e+01
-9.385523051846029752e-01 1.683955597942756555e+01
-9.369945420224707888e-01 1.310869215499328888e+01
-9.354367788603386025e-01 1.279184112423827457e+01
-9.338790156982064161e-01 1.557993227372448963e+01
-9.323212525360742298e-01 1.537778488570937796e+01
-9.307634893739424875e-01 1.468822470276846914e+01
-9.292057262118103012e-01 1.348502426302876245e+01
-9.276479630496781148e-01 1.249841593864468692e+01
-9.260901998875459284e-01 1.395484449929595705e+01
-9.245324367254137421e-01 1.483066776528241881e+01
-9.229746735632815557e-01 1.482002451361670836e+01
-9.214169104011493694e-01 1.706124931454396432e+01
-9.198591472390176271e-01 1.752989566987940862e+01
-9.183013840768854408e-01 1.262535958047928553e+01
-9.167436209147532544e-01 9.630748281616417827e+00
-9.151858577526210681e-01 1.020615189725116778e+01
-9.136280945904888817e-01 1.257042604729166868e+01
-9.120703314283566954e-01 1.399914896428621169e+01
-9.105125682662245090e-01 1.597801390907573094e+01
-9.089548051040927668e-01 1.619516987829354449e+01
-9.073970419419605804e-01 1.023778146889847740e+01
-9.058392787798283941e-01 9.422604216054676129e+00
-9.042815156176962077e-01 1.193327955285992736e+01
-9.027237524555640213e-01 1.255837011881180310e+01
-9.011659892934318350e-01 1.528428967678770611e+01
-8.996082261312996486e-01 1.987533432941719980e+01
-8.980504629691679064e-01 2.147763022634415719e+01
-8.964926998070357200e-01 1.747824771485786854e+01
-8.949349366449035337e-01 1.381820136868183191e+01
-8.933771734827713473e-01 1.271853294523216071e+01
-8.918194103206391610e-01 1.319605239047543677e+01
-8.902616471585069746e-01 1.613364342127753304e+01
-8.887038839963752324e-01 1.896408375682243985e+01
-8.871461208342430460e-01 1.630628602531953675e+01
-8.855883576721108597e-01 1.395798415631421996e+01
-8.840305945099786733e-01 1.385661091935055467e+01
-8.824728313478464869e-01 1.340529123626634878e+01
-8.809150681857143006e-01 1.524841362862660432e+01
-8.793573050235821142e-01 1.530486554184213865e+01
-8.777995418614503720e-01 1.448473564867024344e+01
-8.762417786993181856e-01 1.480333520434577288e+01
-8.746840155371859993e-01 1.337377479636568900e+01
-8.731262523750538129e-01 1.221939647920652838e+01
-8.715684892129216266e-01 1.520527766288212490e+01
-8.700107260507894402e-01 1.771508240557857761e+01
-8.684529628886572539e-01 1.517705611982168712e+01
-8.668951997265255116e-01 1.385950114572291980e+01
-8.653374365643933253e-01 1.655418680093684713e+01
-8.637796734022611389e-01 1.782714017602371115e+01
-8.622219102401289526e-01 1.671912813387897145e+01
-8.606641470779967662e-01 1.615601217761858166e+01
-8.591063839158645798e-01 1.527323572649770611e+01
-8.575486207537323935e-01 1.407877477988444959e+01
-8.559908575916006512e-01 1.436329559819164281e+01
-8.544330944294684649e-01 1.355427863924751364e+01
-8.528753312673362785e-01 1.178230518929090387e+01
-8.513175681052040922e-01 1.148028558204292615e+01
-8.497598049430719058e-01 1.477685661915914928e+01
-8.482020417809397195e-01 1.716934958938276878e+01
-8.466442786188079772e-01 1.591938404950398045e+01
-8.450865154566757909e-01 1.638927404170651059e+01
-8.435287522945436045e-01 1.542847470931403464e+01
-8.419709891324114182e-01 1.569550230906498278e+01
-8.404132259702792318e-01 1.758878929177983252e+01
-8.388554628081470455e-01 1.400902048161765379e+01
-8.372976996460148591e-01 1.340360313908231760e+01
-8.357399364838831168e-01 1.752542835292343071e+01
-8.341821733217509305e-01 1.805186739069737101e+01
-8.326244101596187441e-01 1.612477896525097876e+01
-8.310666469974865578e-01 1.480505772659100217e+01
-8.295088838353543714e-01 1.624345357264932943e+01
-8.279511206732221851e-01 1.891765528906390870e+01
-8.263933575110899987e-01 1.915845071402962674e+01
-8.248355943489582565e-01 1.514551676353782916e+01
-8.232778311868260701e-01 1.526862847747193719e+01
-8.217200680246938838e-01 1.729562096483152089e+01
-8.201623048625616974e-01 1.620972781826237963e+01
-8.186045417004295111e-01 1.721342484719235699e+01
-8.170467785382973247e-01 1.652503436777310242e+01
-8.154890153761651383e-01 1.546805544578745106e+01
-8.139312522140333961e-01 1.412048456651687900e+01
-8.123734890519012097e-01 1.304758170387019156e+01
-8.108157258897690234e-01 1.427638956018335925e+01
-8.092579627276368370e-01 1.617706788921409711e+01
-8.077001995655046507e-01 1.566930241896759846e+01
-8.061424364033724643e-01 1.408556661148043609e+01
-8.045846732412407221e-01 1.394293130557478122e+01
-8.030269100791085357e-01 1.401621455802968441e+01
-8.014691469169763494e-01 1.555926640843940945e+01
-7.999113837548441630e-01 1.656554964181585987e+01
-7.983536205927119767e-01 1.444285788253822034e+01
-7.967958574305797903e-01 1.465430429627538977e+01
-7.952380942684476040e-01 1.634248958809537555e+01
-7.936803311063158617e-01 1.726974113335170813e+01
-7.921225679441836753e-01 1.782205012451682080e+01
-7.905648047820514890e-01 1.547416928360222066e+01
-7.890070416199193026e-01 1.539108214151873710e+01
-7.874492784577871163e-01 1.772602486288240087e+01
-7.858915152956549299e-01 1.735210806582182386e+01
-7.843337521335227436e-01 1.615129565578304138e+01
-7.827759889713910013e-01 1.634138333903232976e+01
-7.812182258092588150e-01 1.494520585663525658e+01
-7.796604626471266286e-01 1.366153120107644625e+01
-7.781026994849944423e-01 1.507823575862824761e+01
-7.765449363228622559e-01 1.668114324109517810e+01
-7.749871731607300696e-01 1.657572205077914518e+01
-7.734294099985978832e-01 1.621221564521597358e+01
-7.718716468364661409e-01 1.690101010187365915e+01
-7.703138836743339546e-01 1.638065070564459091e+01
-7.687561205122017682e-01 1.699031825456559730e+01
-7.671983573500695819e-01 1.691513984828497641e+01
-7.656405941879373955e-01 1.545832919297039965e+01
-7.640828310258052092e-01 1.702258051894724034e+01
-7.625250678636734669e-01 1.864411982427058945e+01
-7.609673047015412806e-01 2.017157679846647866e+01
-7.594095415394090942e-01 1.974479579682846619e+01
-7.578517783772769079e-01 1.745147717494254636e+01
-7.562940152151447215e-01 1.696607061751067391e+01
-7.547362520530125352e-01 1.367975264622476317e+01
-7.531784888908803488e-01 1.448734802285014567e+01
-7.516207257287486065e-01 1.671521264521504690e+01
-7.500629625666164202e-01 1.755844931378969420e+01
-7.485051994044842338e-01 1.885927290935790879e+01
-7.469474362423520475e-01 1.678908360448399506e+01
-7.453896730802198611e-01 1.626455318884272927e+01
-7.438319099180876748e-01 1.699846440140784409e+01
-7.422741467559554884e-01 1.839040261904579410e+01
-7.407163835938237462e-01 1.953900989053894577e+01
-7.391586204316915598e-01 1.794647503897194696e+01
-7.376008572695593735e-01 1.563822251926714557e+01
-7.360430941074271871e-01 1.531735711190370175e+01
-7.344853309452950008e-01 1.994523782771019782e+01
-7.329275677831628144e-01 2.055207262959498848e+01
-7.313698046210306281e-01 1.818872911460417185e+01
-7.298120414588988858e-01 1.808135808597934613e+01
-7.282542782967666994e-01 1.723547665767152637e+01
-7.266965151346345131e-01 1.770080476261190583e+01
-7.251387519725023267e-01 1.825619887116129902e+01
-7.235809888103701404e-01 1.875241960048445122e+01
-7.220232256482379540e-01 1.880947068859752846e+01
-7.204654624861057677e-01 1.920706370828668952e+01
-7.189076993239740254e-01 1.826302895395143011e+01
-7.173499361618418391e-01 1.642678583940002213e+01
-7.157921729997096527e-01 1.653038722654703818e+01
-7.142344098375774664e-01 1.604931823257298973e+01
-7.126766466754452800e-01 1.604839861951619184e+01
-7.111188835133130937e-01 1.765499520540523903e+01
-7.095611203511813514e-01 1.806142017342495265e+01
-7.080033571890491650e-01 1.442745829683506109e+01
-7.064455940269169787e-01 1.402513650901456543e+01
-7.048878308647847923e-01 1.912405842396329092e+01
-7.033300677026526060e-01 2.028863767089374193e+01
-7.017723045405204196e-01 1.796933914154276124e+01
-7.002145413783882333e-01 1.741732789368644418e+01
-6.986567782162564910e-01 1.785526002705354287e+01
-6.970990150541243047e-01 1.756084772225866075e+01
-6.955412518919921183e-01 1.546464160355006356e+01
-6.939834887298599320e-01 1.335521594322807815e+01
-6.924257255677277456e-01 1.235276410309036699e+01
-6.908679624055955593e-01 1.511411520814548837e+01
-6.893101992434633729e-01 2.202233847767521269e+01
-6.877524360813316306e-01 1.998404893094422974e+01
-6.861946729191994443e-01 1.734898243510545868e+01
-6.846369097570672579e-01 1.994120038033723219e+01
-6.830791465949350716e-01 2.048141353867493564e+01
-6.815213834328028852e-01 1.999954468637298888e+01
-6.799636202706706989e-01 1.613986402254982977e+01
-6.784058571085385125e-01 1.386678198284590380e+01
-6.768480939464067703e-01 1.602847945730741586e+01
-6.752903307842745839e-01 1.580773571623091911e+01
-6.737325676221423976e-01 1.701681146760928343e+01
-6.721748044600102112e-01 1.913085338689726811e+01
-6.706170412978780249e-01 1.671310343100999063e+01
-6.690592781357458385e-01 1.670361786763454148e+01
-6.675015149736140962e-01 1.798810496877610987e+01
-6.659437518114819099e-01 1.924554999282052137e+01
-6.643859886493497235e-01 1.934384641137976857e+01
-6.628282254872175372e-01 1.735198503587736951e+01
-6.612704623250853508e-01 1.630185027507464568e+01
-6.597126991629531645e-01 1.430664949859960444e+01
-6.581549360008209781e-01 1.537370229724824888e+01
-6.565971728386892359e-01 2.011013072928529510e+01
-6.550394096765570495e-01 2.093563565884535649e+01
-6.534816465144248632e-01 1.919956354951148469e+01
-6.519238833522926768e-01 1.886319279303263485e+01
-6.503661201901604905e-01 1.807878795709900999e+01
-6.488083570280283041e-01 1.740439094336437975e+01
-6.472505938658961178e-01 1.616197233548795609e+01
-6.456928307037643755e-01 2.005033739130074366e+01
-6.441350675416321891e-01 2.489001350916245769e+01
-6.425773043795000028e-01 2.036944068831785870e+01
-6.410195412173678164e-01 1.716225050995607759e+01
-6.394617780552356301e-01 1.743911935140305758e+01
-6.379040148931034437e-01 1.610271314870056969e+01
-6.363462517309712574e-01 1.508461171685974733e+01
-6.347884885688395151e-01 1.531586671136963318e+01
-6.332307254067073288e-01 1.841783739945386245e+01
-6.316729622445751424e-01 1.974639308989574005e+01
-6.301151990824429561e-01 1.812172890974629880e+01
-6.285574359203107697e-01 1.516972169684924587e+01
-6.269996727581785834e-01 1.356383951669588939e+01
-6.254419095960468411e-01 1.877700440405653737e+01
-6.238841464339146548e-01 2.136004783255378570e+01
-6.223263832717824684e-01 1.905144825838195644e+01
-6.207686201096502820e-01 2.102446272370685065e+01
-6.192108569475180957e-01 2.183976695807549007e+01
-6.176530937853859093e-01 2.042917549523528464e+01
-6.160953306232537230e-01 1.902296418430179159e+01
-6.145375674611219807e-01 1.463914494935890431e+01
-6.129798042989897944e-01 1.401931779760417385e+01
-6.114220411368576080e-01 1.923419182160298746e+01
-6.098642779747254217e-01 2.321931717480422819e+01
-6.083065148125932353e-01 2.191961830691338875e+01
-6.067487516504610490e-01 1.995486059743033991e+01
-6.051909884883288626e-01 1.796759422458375610e+01
-6.036332253261971204e-01 1.718461261951024710e+01
-6.020754621640649340e-01 2.039117761126153994e+01
-6.005176990019327476e-01 1.913831089982302913e+01
-5.989599358398005613e-01 1.595859235892917738e+01
-5.974021726776683749e-01 1.648222344891883751e+01
-5.958444095155361886e-01 1.753898412947827623e+01
-5.942866463534040022e-01 1.779379974501217276e+01
-5.927288831912722600e-01 1.867003398630622613e+01
-5.911711200291400736e-01 1.838113900297252457e+01
-5.896133568670078873e-01 1.822257637705445532e+01
-5.880555937048757009e-01 2.065512651243544084e+01
-5.864978305427435146e-01 2.266550545768436109e+01
-5.849400673806113282e-01 2.217108785364615287e+01
-5.833823042184795860e-01 2.051494090214083954e+01
-5.818245410563473996e-01 1.829422156997626203e+01
-5.802667778942152133e-01 1.826583988904404166e+01
-5.787090147320830269e-01 2.095657484891390610e+01
-5.771512515699508405e-01 1.895327731095618873e+01
-5.755934884078186542e-01 1.744125025714280497e+01
-5.740357252456864678e-01 2.047513997014757692e+01
-5.724779620835547256e-01 2.210586714822943932e+01
-5.709201989214225392e-01 2.194354113628209646e+01
-5.693624357592903529e-01 2.120053076776349243e+01
-5.678046725971581665e-01 2.031217974942157056e+01
-5.662469094350259802e-01 1.836852249147103677e+01
-5.646891462728937938e-01 2.003295811669744353e+01
-5.631313831107616075e-01 2.542122169366594164e+01
-5.615736199486298652e-01 2.229118276920186759e+01
-5.600158567864976789e-01 1.837907397166173595e+01
-5.584580936243654925e-01 2.108575834750217481e+01
-5.569003304622333062e-01 1.903351529703546774e+01
-5.553425673001011198e-01 1.698985405834913465e+01
-5.537848041379689334e-01 1.782661304288654947e+01
-5.522270409758367471e-01 2.015650381298116756e+01
-5.506692778137050048e-01 2.200351522819566341e+01
-5.491115146515728185e-01 2.280806357175400123e+01
-5.475537514894406321e-01 2.356953894585469200e+01
-5.459959883273084458e-01 2.033402109431554905e+01
-5.444382251651762594e-01 1.727276309386029851e+01
-5.428804620030440731e-01 2.044551861454073816e+01
-5.413226988409123308e-01 2.117136964715434999e+01
-5.397649356787801445e-01 2.249695969731828527e+01
-5.382071725166479581e-01 3.249704476461578651e+01
-5.366494093545157718e-01 3.268479785544800365e+01
-5.350916461923835854e-01 2.127984937725939574e+01
-5.335338830302513990e-01 1.809991314894911696e+01
-5.319761198681192127e-01 1.924608269218512291e+01
-5.304183567059874704e-01 1.909187536294093235e+01
-5.288605935438552841e-01 2.137762598976835449e+01
-5.273028303817230977e-01 1.982938267763991291e+01
-5.257450672195909114e-01 1.773268565027597532e+01
-5.241873040574587250e-01 2.075027694553812907e+01
-5.226295408953265387e-01 2.320742210638781344e+01
-5.210717777331943523e-01 2.409862269728200346e+01
-5.195140145710626101e-01 2.563061043266020889e+01
-5.179562514089304237e-01 2.544482319240781720e+01
-5.163984882467982374e-01 2.110378102757661622e+01
-5.148407250846660510e-01 1.999680033661847034e+01
-5.132829619225338647e-01 2.442687329629352178e+01
-5.117251987604016783e-01 2.338445204659340604e+01
-5.101674355982694919e-01 2.079463846956077688e+01
-5.086096724361377497e-01 2.149779619547433640e+01
-5.070519092740055633e-01 2.252478068170768566e+01
-5.054941461118733770e-01 2.249442916395469183e+01
-5.039363829497411906e-01 2.230413836728587285e+01
-5.023786197876090043e-01 2.100141981409322867e+01
-5.008208566254768179e-01 1.920329899835272869e+01
-4.992630934633450757e-01 2.035364228806045972e+01
-4.977053303012128893e-01 2.205585686810573165e+01
-4.961475671390807030e-01 2.318556182894316109e+01
-4.945898039769485166e-01 2.261772900370201711e+01
-4.930320408148163303e-01 2.360856780469613980e+01
-4.914742776526841439e-01 2.677092638213791531e+01
-4.899165144905519576e-01 2.420599348321702138e+01
-4.883587513284202153e-01 1.811732369691666023e+01
-4.868009881662880289e-01 1.405762360180576565e+01
-4.852432250041558426e-01 1.604611199289069035e+01
-4.836854618420236562e-01 1.917417131521424878e+01
-4.821276986798914699e-01 1.963079555054840597e+01
-4.805699355177592835e-01 1.966374997953387549e+01
-4.790121723556270972e-01 2.103586697191995114e+01
-4.774544091934953549e-01 2.308087070689376930e+01
-4.758966460313631686e-01 2.269829516434547045e+01
-4.743388828692309822e-01 2.255730209844422873e+01
-4.727811197070987959e-01 2.451048568502781677e+01
-4.712233565449666095e-01 2.386886542130202926e+01
-4.696655933828344232e-01 2.303033903225808743e+01
-4.681078302207022368e-01 2.084641629598854351e+01
-4.665500670585704945e-01 1.700371105325879384e+01
-4.649923038964383082e-01 1.719110472460544869e+01
-4.634345407343061218e-01 2.256523641438403160e+01
-4.618767775721739355e-01 2.834055571061068335e+01
-4.603190144100417491e-01 2.700016256010153626e+01
-4.587612512479095628e-01 1.979682478357720399e+01
-4.572034880857778205e-01 1.722292716572682991e+01
-4.556457249236456342e-01 1.836494447207109459e+01
-4.540879617615134478e-01 1.979119072193376994e+01
-4.525301985993812615e-01 2.156394182115650082e+01
-4.509724354372490751e-01 2.018665091356776387e+01
-4.494146722751168888e-01 2.139402593173571887e+01
-4.478569091129847024e-01 2.362142735008292860e+01
-4.462991459508529601e-01 2.332125341978062139e+01
-4.447413827887207738e-01 2.365078893313401664e+01
-4.431836196265885874e-01 2.181775529020879389e+01
-4.416258564644564011e-01 1.764135935445832004e+01
-4.400680933023242147e-01 1.744250132411725218e+01
-4.385103301401920284e-01 2.390355464200766633e+01
-4.369525669780598420e-01 2.824108653680501746e+01
-4.353948038159280998e-01 2.571928544018786056e+01
-4.338370406537959134e-01 2.390304102277699272e+01
-4.322792774916637271e-01 2.450468686559352705e+01
-4.307215143295315407e-01 2.498069846669318750e+01
-4.291637511673993544e-01 2.493208533649839964e+01
-4.276059880052671680e-01 2.339371458652486524e+01
-4.260482248431349817e-01 2.304510310870143996e+01
-4.244904616810032394e-01 2.416149445073094881e+01
-4.229326985188710530e-01 2.398872730009750143e+01
-4.213749353567388667e-01 2.460064262189570883e+01
-4.198171721946066803e-01 2.852088116714198307e+01
-4.182594090324744940e-01 2.814584804317496136e+01
-4.167016458703423076e-01 2.472682110703883041e+01
-4.151438827082101213e-01 2.766326383362113361e+01
-4.135861195460783790e-01 3.076764582954721305e+01
-4.120283563839461927e-01 2.563663162985092470e+01
-4.104705932218140063e-01 2.161970819447139647e+01
-4.089128300596818200e-01 2.664163990313979724e+01
-4.073550668975496336e-01 2.857949800600385259e+01
-4.057973037354174473e-01 2.603857705502693065e+01
-4.042395405732857050e-01 2.326571175781583989e+01
-4.026817774111535186e-01 2.005154349162889815e+01
-4.011240142490213323e-01 1.929341416189755520e+01
-3.995662510868891459e-01 2.342839565114703859e+01
-3.980084879247569596e-01 2.769896780143722381e+01
-3.964507247626247732e-01 2.591486493101703559e+01
-3.948929616004925869e-01 2.579008831862648066e+01
-3.933351984383608446e-01 2.699302699204347533e+01
-3.917774352762286583e-01 2.571969045820485178e+01
-3.902196721140964719e-01 2.672260390475796044e+01
-3.886619089519642856e-01 2.699683574528219765e+01
-3.871041457898320992e-01 2.667545163118207796e+01
-3.855463826276999129e-01 2.708105973277343992e+01
-3.839886194655677265e-01 2.611555229012541446e+01
-3.824308563034359842e-01 2.362657063470115659e+01
-3.808730931413037979e-01 2.132639843327581275e+01
-3.793153299791716115e-01 2.186528398742717982e+01
-3.777575668170394252e-01 2.776359157530022870e+01
-3.761998036549072388e-01 3.066189020157531075e+01
-3.746420404927750525e-01 2.566552072299944598e+01
-3.730842773306428661e-01 2.674322229885978786e+01
-3.715265141685111239e-01 3.044976453766510005e+01
-3.699687510063789375e-01 2.992917241532688877e+01
-3.684109878442467512e-01 2.952142412295007645e+01
-3.668532246821145648e-01 2.756966956846062189e+01
-3.652954615199823785e-01 2.813656873152789117e+01
-3.637376983578501921e-01 2.853987820968035294e+01
-3.621799351957184498e-01 2.612061983077627048e+01
-3.606221720335862635e-01 2.457392109822345816e+01
-3.590644088714540771e-01 2.571193958167985372e+01
-3.575066457093218908e-01 2.753088685132041746e+01
-3.559488825471897044e-01 2.776776515735442885e+01
-3.543911193850575181e-01 2.852273612724536278e+01
-3.528333562229253317e-01 2.979639123660601285e+01
-3.512755930607935895e-01 3.164911572421677377e+01
-3.497178298986614031e-01 3.138229714645364155e+01
-3.481600667365292168e-01 3.082036130093643322e+01
-3.466023035743970304e-01 3.122204967176208612e+01
-3.450445404122648441e-01 3.172552009165981346e+01
-3.434867772501326577e-01 3.134128519243061106e+01
-3.419290140880004714e-01 3.093609508471029912e+01
-3.403712509258687291e-01 3.130144894802990052e+01
-3.388134877637365427e-01 3.179279034359663569e+01
-3.372557246016043564e-01 3.365380740002229487e+01
-3.356979614394721700e-01 3.099614334055755549e+01
-3.341401982773399837e-01 2.764076279746938170e+01
-3.325824351152077973e-01 3.124848250209914013e+01
-3.310246719530756110e-01 3.223581608371485174e+01
-3.294669087909438687e-01 3.296180311907657767e+01
-3.279091456288116824e-01 3.553359754686998428e+01
-3.263513824666794960e-01 3.421723925319950155e+01
-3.247936193045473097e-01 3.142606758017367241e+01
-3.232358561424151233e-01 3.111173116387904969e+01
-3.216780929802829370e-01 3.418944186099166416e+01
-3.201203298181511947e-01 3.340372843223285315e+01
-3.185625666560190083e-01 3.353861931836623711e+01
-3.170048034938868220e-01 3.462541033193628692e+01
-3.154470403317546356e-01 2.918808824967944204e+01
-3.138892771696224493e-01 2.969967865065217438e+01
-3.123315140074902629e-01 3.211790584807910420e+01
-3.107737508453580766e-01 3.071329058883664587e+01
-3.092159876832263343e-01 2.846470634268180433e+01
-3.076582245210941480e-01 2.793974569405786923e+01
-3.061004613589619616e-01 2.787804792167242240e+01
-3.045426981968297753e-01 2.960952622006002244e+01
-3.029849350346975889e-01 2.902081894781406746e+01
-3.014271718725654026e-01 2.915790923960877024e+01
-2.998694087104332162e-01 3.155428323852288486e+01
-2.983116455483014740e-01 2.860628187884910290e+01
-2.967538823861692876e-01 2.921162829361723468e+01
-2.951961192240371012e-01 3.167650536638775449e+01
-2.936383560619049149e-01 2.975871813241962371e+01
-2.920805928997727285e-01 3.092570582726164474e+01
-2.905228297376405422e-01 3.481742347939970728e+01
-2.889650665755083558e-01 3.755560495823522871e+01
-2.874073034133766136e-01 3.625832403993478437e+01
-2.858495402512444272e-01 3.240406210224742267e+01
-2.842917770891122409e-01 3.294050131133599280e+01
-2.827340139269800545e-01 3.505573169414814316e+01
-2.811762507648478682e-01 3.393139479289551730e+01
-2.796184876027156818e-01 3.055380111990572445e+01
-2.780607244405839396e-01 2.973759816131736500e+01
-2.765029612784517532e-01 3.231865911762734100e+01
-2.749451981163195669e-01 2.932580630896795881e+01
-2.733874349541873805e-01 3.035436371696545166e+01
-2.718296717920551941e-01 3.223656164413780090e+01
-2.702719086299230078e-01 2.959344091684054590e+01
-2.687141454677908214e-01 3.179334077470398512e+01
-2.671563823056590792e-01 3.407796005406292039e+01
-2.655986191435268928e-01 3.267481818253509118e+01
-2.640408559813947065e-01 3.312956868890767481e+01
-2.624830928192625201e-01 3.598598496902781108e+01
-2.609253296571303338e-01 3.451038129280075140e+01
-2.593675664949981474e-01 3.222062027953634100e+01
-2.578098033328659611e-01 3.242810605192190820e+01
-2.562520401707342188e-01 3.365976760364445397e+01
-2.546942770086020325e-01 3.933421770935741080e+01
-2.531365138464698461e-01 3.944750563042391889e+01
-2.515787506843376597e-01 3.271690761749395904e+01
-2.500209875222054734e-01 3.087915375111798255e+01
-2.484632243600732870e-01 3.149032583974990729e+01
-2.469054611979411007e-01 3.221556540635241106e+01
-2.453476980358093584e-01 3.824414582772695326e+01
-2.437899348736771721e-01 3.805409220911698043e+01
-2.422321717115449857e-01 3.334658370019343465e+01
-2.406744085494127994e-01 3.566346439160585646e+01
-2.391166453872806130e-01 3.392226701668167976e+01
-2.375588822251484267e-01 3.457577730496007717e+01
-2.360011190630166844e-01 3.988659254956421307e+01
-2.344433559008844981e-01 3.684588807334751692e+01
-2.328855927387523117e-01 3.346112418073863637e+01
-2.313278295766201254e-01 3.709468972736961945e+01
-2.297700664144879390e-01 3.730599551952568049e+01
-2.282123032523557526e-01 3.161454106506644735e+01
-2.266545400902235663e-01 2.872472862151603223e+01
-2.250967769280918240e-01 3.404336510130242743e+01
-2.235390137659596377e-01 3.936804828957067315e+01
-2.219812506038274513e-01 3.476462517101403193e+01
-2.204234874416952650e-01 3.042262185934881558e+01
-2.188657242795630786e-01 3.260754920611675090e+01
-2.173079611174308923e-01 3.533909149840510366e+01
-2.157501979552987059e-01 3.589997105592944848e+01
-2.141924347931669637e-01 3.463605269014959731e+01
-2.126346716310347773e-01 3.463817640711211965e+01
-2.110769084689025910e-01 3.503984128325170389e+01
-2.095191453067704046e-01 4.275508865785820234e+01
-2.079613821446382183e-01 4.709175316685655588e+01
-2.064036189825060319e-01 3.752943308639407860e+01
-2.048458558203738455e-01 3.630797038203584037e+01
-2.032880926582421033e-01 3.595875977125911760e+01
-2.017303294961099169e-01 3.890793263830036608e+01
-2.001725663339777306e-01 4.084853834015825669e+01
-1.986148031718455442e-01 3.981841166203901849e+01
-1.970570400097133579e-01 3.990561187977723989e+01
-1.954992768475811715e-01 3.872555984249311933e+01
-1.939415136854494293e-01 3.993842154126077304e+01
-1.923837505233172429e-01 4.459340974676445768e+01
-1.908259873611850566e-01 4.353622089801950779e+01
-1.892682241990528702e-01 3.977108929625958211e+01
-1.877104610369206839e-01 4.216793718543600278e+01
-1.861526978747884975e-01 4.407407102697145262e+01
-1.845949347126563111e-01 4.750021578835578850e+01
-1.830371715505245689e-01 4.906385069630196227e+01
-1.814794083883923825e-01 4.928703052032825838e+01
-1.799216452262601962e-01 5.097955020118790515e+01
-1.783638820641280098e-01 5.132814041772508062e+01
-1.768061189019958235e-01 5.199949076400427828e+01
-1.752483557398636371e-01 5.595327231067631146e+01
-1.736905925777314508e-01 5.991270315670025326e+01
-1.721328294155997085e-01 5.867305499105287225e+01
-1.705750662534675222e-01 5.846132070285344184e+01
-1.690173030913353358e-01 6.189601116725278729e+01
-1.674595399292031495e-01 6.428075733875633091e+01
-1.659017767670709631e-01 6.429463228648094741e+01
-1.643440136049387768e-01 6.331704722899289095e+01
-1.627862504428065904e-01 6.340937974867041760e+01
-1.612284872806748481e-01 6.613934156149655053e+01
-1.596707241185426618e-01 7.478287431202090829e+01
-1.581129609564104754e-01 8.103487069274349608e+01
-1.565551977942782891e-01 7.905590794200675475e+01
-1.549974346321461027e-01 7.617710138229226402e+01
-1.534396714700139164e-01 8.043312438551977550e+01
-1.518819083078821741e-01 9.001868424832171911e+01
-1.503241451457499878e-01 9.281726585851220079e+01
-1.487663819836178014e-01 9.981550051658221889e+01
-1.472086188214856151e-01 1.077468166580174511e+02
-1.456508556593534287e-01 1.053278935521919664e+02
-1.440930924972212424e-01 1.043972963330521395e+02
-1.425353293350890560e-01 1.177642401580007601e+02
-1.409775661729573137e-01 1.232407273307033222e+02
-1.394198030108251274e-01 1.175643482127182864e+02
-1.378620398486929410e-01 1.255003979812026813e+02
-1.363042766865607547e-01 1.336189687824558234e+02
-1.347465135244285683e-01 1.364657651057098917e+02
-1.331887503622963820e-01 1.379890771251307342e+02
-1.316309872001641956e-01 1.425232299228974000e+02
-1.300732240380324534e-01 1.554034744754263500e+02
-1.285154608759002670e-01 1.618942743606031627e+02
-1.269576977137680807e-01 1.559967786478742084e+02
-1.253999345516358943e-01 1.509142023927760761e+02
-1.238421713895037080e-01 1.601130312853308340e+02
-1.222844082273715216e-01 1.725620076469706419e+02
-1.207266450652393353e-01 1.690605632407813346e+02
-1.191688819031075930e-01 1.695512959182687212e+02
-1.176111187409754066e-01 1.768643135836977933e+02
-1.160533555788432203e-01 1.808533790277402034e+02
-1.144955924167110339e-01 1.828898589877082941e+02
-1.129378292545788476e-01 1.834725022802311969e+02
-1.113800660924466612e-01 1.903051798197038806e+02
-1.098223029303144749e-01 1.954672766849422203e+02
-1.082645397681827326e-01 1.984735895197473496e+02
-1.067067766060505463e-01 2.102663768317551956e+02
-1.051490134439183599e-01 2.019939933669554364e+02
-1.035912502817861736e-01 1.942442772369563500e+02
-1.020334871196539872e-01 2.039559757892421601e+02
-1.004757239575218009e-01 2.041681953540974632e+02
-9.891796079539005859e-02 2.009874592321955618e+02
-9.736019763325787224e-02 2.025075517458870138e+02
-9.580243447112568589e-02 2.053326259592697909e+02
-9.424467130899349954e-02 2.091628714159651565e+02
-9.268690814686131318e-02 2.098251761717458521e+02
-9.112914498472912683e-02 2.114278307519970497e+02
-8.957138182259694048e-02 2.144501007614286721e+02
-8.801361866046519822e-02 2.181402800713467798e+02
-8.645585549833301187e-02 2.176238607577211610e+02
-8.489809233620082551e-02 2.136234949023715899e+02
-8.334032917406863916e-02 2.129684380066540257e+02
-8.178256601193645281e-02 2.102125067973654211e+02
-8.022480284980426646e-02 2.098520342929685967e+02
-7.866703968767208011e-02 2.240507058831772724e+02
-7.710927652554033784e-02 2.253690605965630596e+02
-7.555151336340815149e-02 2.143650569928435061e+02
-7.399375020127596514e-02 2.202224260023224645e+02
-7.243598703914377879e-02 2.222056755546391571e+02
-7.087822387701159244e-02 2.190608039166696130e+02
-6.932046071487940608e-02 2.154699857904328724e+02
-6.776269755274721973e-02 2.059450162416256092e+02
-6.620493439061547747e-02 2.018378618712603441e+02
-6.464717122848329112e-02 2.080418300986956410e+02
-6.308940806635110476e-02 2.091500230274268688e+02
-6.153164490421891841e-02 2.099074510638676827e+02
-5.997388174208673206e-02 2.173796244622266158e+02
-5.841611857995454571e-02 2.114753516957004535e+02
-5.685835541782280345e-02 2.031950101043418329e+02
-5.530059225569061709e-02 2.107370924095698683e+02
-5.374282909355843074e-02 2.190861280568264533e+02
-5.218506593142624439e-02 2.209703051248813495e+02
-5.062730276929405804e-02 2.164444960038890429e+02
-4.906953960716187169e-02 2.028997464877236041e+02
-4.751177644502968533e-02 1.968418107578303591e+02
-4.595401328289794307e-02 1.982963132461713940e+02
-4.439625012076575672e-02 2.012046310355857770e+02
-4.283848695863357037e-02 2.069272586597753900e+02
-4.128072379650138402e-02 2.050527682158787570e+02
-3.972296063436919766e-02 2.044440548971682858e+02
-3.816519747223701131e-02 1.980605936169431800e+02
-3.660743431010482496e-02 1.941454389297089165e+02
-3.504967114797308270e-02 1.946936860867578503e+02
-3.349190798584089634e-02 1.921540429843961704e+02
-3.193414482370870999e-02 1.940532253200350681e+02
-3.037638166157652364e-02 1.963157002350983191e+02
-2.881861849944433729e-02 1.963897922526295474e+02
-2.726085533731215094e-02 1.931595861574409980e+02
-2.570309217517996458e-02 1.973255085014832559e+02
-2.414532901304822232e-02 2.040161946743146757e+02
-2.258756585091603597e-02 2.047503386561815546e+02
-2.102980268878384962e-02 2.057642247050482638e+02
-1.947203952665166327e-02 2.036723537838789468e+02
-1.791427636451947691e-02 2.059361707752061363e+02
-1.635651320238729056e-02 2.106596080937917748e+02
-1.479875004025554830e-02 1.944226187596611624e+02
-1.324098687812336195e-02 1.841097061496751621e+02
-1.168322371599117560e-02 1.903239326008259411e+02
-1.012546055385898924e-02 1.978767770069765390e+02
-8.567697391726802891e-03 1.974002359850161668e+02
-7.009934229594616539e-03 1.914069278815635187e+02
-5.452171067462430187e-03 1.900368060412255318e+02
-3.894407905330687925e-03 1.867576085678709319e+02
-2.336644743198501573e-03 1.882076694564370030e+02
-7.788815810663152206e-04 2.011452942025659638e+02
7.788815810658711314e-04 1.992422320556798923e+02
2.336644743198057483e-03 1.930765071857020700e+02
3.894407905330243835e-03 1.880020079775744364e+02
5.452171067462430187e-03 1.847659902403524939e+02
7.009934229594172450e-03 1.840498961597665755e+02
8.567697391726358802e-03 1.854689018656044368e+02
1.012546055385854515e-02 1.934680390866131745e+02
1.168322371599073151e-02 1.973974936541597458e+02
1.324098687812291786e-02 1.990266947537338353e+02
1.479875004025510421e-02 1.979897218220720845e+02
1.635651320238729056e-02 1.902137945461533377e+02
1.791427636451903282e-02 1.877131384663775862e+02
1.947203952665121918e-02 1.895680789496456669e+02
2.102980268878340553e-02 1.923727741079098053e+02
2.258756585091559188e-02 2.000901216248414869e+02
2.414532901304777823e-02 2.034861081430334195e+02
2.570309217517996458e-02 2.060259965951922538e+02
2.726085533731170685e-02 2.096386435975747418e+02
2.881861849944389320e-02 2.047930530153508073e+02
3.037638166157607955e-02 2.001852887695966672e+02
3.193414482370826590e-02 2.050385002964904686e+02
3.349190798584045226e-02 2.112141285045740915e+02
3.504967114797263861e-02 2.162414079749864584e+02
3.660743431010482496e-02 2.245418795225543533e+02
3.816519747223656722e-02 2.202036164834438239e+02
3.972296063436875357e-02 2.137532229210571302e+02
4.128072379650093993e-02 2.239790331363546159e+02
4.283848695863312628e-02 2.295744124681237963e+02
4.439625012076531263e-02 2.310232673843755435e+02
4.595401328289749898e-02 2.388623947503564295e+02
4.751177644502968533e-02 2.397212164621306840e+02
4.906953960716142760e-02 2.351090610990212610e+02
5.062730276929361395e-02 2.431819615967744141e+02
5.218506593142580030e-02 2.502288407039498281e+02
5.374282909355798665e-02 2.569330874421570456e+02
5.530059225569017300e-02 2.657088916654759601e+02
5.685835541782235936e-02 2.703901985720933112e+02
5.841611857995454571e-02 2.727565560212841547e+02
5.997388174208628797e-02 2.663436225117502545e+02
6.153164490421847432e-02 2.605999216005249650e+02
6.308940806635066068e-02 2.718169337935879071e+02
6.464717122848284703e-02 2.869118451733864958e+02
6.620493439061503338e-02 2.933549400876885329e+02
6.776269755274721973e-02 2.958650661977062555e+02
6.932046071487896199e-02 3.059011458849823271e+02
7.087822387701114835e-02 3.116337263055744415e+02
7.243598703914333470e-02 3.130314685877199281e+02
7.399375020127552105e-02 3.087897933576175546e+02
7.555151336340770740e-02 3.089530005542650883e+02
7.710927652553989375e-02 3.336436894247869986e+02
7.866703968767208011e-02 3.415940278263897198e+02
8.022480284980382237e-02 3.403120620070308746e+02
8.178256601193600872e-02 3.492780908176344496e+02
8.334032917406819507e-02 3.601519199690237656e+02
8.489809233620038142e-02 3.733503251865743664e+02
8.645585549833256778e-02 3.767650492906561226e+02
8.801361866046475413e-02 3.754664017250509005e+02
8.957138182259694048e-02 3.917332689240633954e+02
9.112914498472868274e-02 4.074699540005105405e+02
9.268690814686086910e-02 4.182457146720770993e+02
9.424467130899305545e-02 4.225173805485765683e+02
9.580243447112524180e-02 4.221897569121014726e+02
9.736019763325742815e-02 4.317734458148077010e+02
9.891796079538961450e-02 4.428401351361783327e+02
1.004757239575218009e-01 4.486257987619733854e+02
1.020334871196535431e-01 4.621260073513254270e+02
1.035912502817857295e-01 4.761245940914546395e+02
1.051490134439179158e-01 4.922378700001092398e+02
1.067067766060501022e-01 5.116262023516354134e+02
1.082645397681822885e-01 5.150741648094077618e+02
1.098223029303144749e-01 5.094311879506316814e+02
1.113800660924462171e-01 5.173029077140658956e+02
1.129378292545784035e-01 5.472374808381817957e+02
1.144955924167105898e-01 5.635234998049103297e+02
1.160533555788427762e-01 5.650050757456178872e+02
1.176111187409749625e-01 5.905152973909121101e+02
1.191688819031071489e-01 6.037782469058594188e+02
1.207266450652393353e-01 6.102458327959627695e+02
1.222844082273710775e-01 6.343293079679353923e+02
1.238421713895032639e-01 6.554002999167094003e+02
1.253999345516354502e-01 6.638101176668853896e+02
1.269576977137676366e-01 6.783363118374196574e+02
1.285154608758998229e-01 6.937010717536406901e+02
1.300732240380320093e-01 7.242274603249235270e+02
1.316309872001641956e-01 7.675886250902227630e+02
1.331887503622959379e-01 7.975256720703988549e+02
1.347465135244281242e-01 8.428044700821873221e+02
1.363042766865603106e-01 9.072898566172084429e+02
1.378620398486924969e-01 9.805105721600858715e+02
1.394198030108246833e-01 1.091972867216415125e+03
1.409775661729568697e-01 1.188277621252883591e+03
1.425353293350890560e-01 1.272591770669033167e+03
1.440930924972207983e-01 1.376210307236953668e+03
1.456508556593529846e-01 1.482403710557400927e+03
1.472086188214851710e-01 1.621631192414740099e+03
1.487663819836173573e-01 1.788733853997280221e+03
1.503241451457495437e-01 1.931740038989058803e+03
1.518819083078817300e-01 2.084406977788846689e+03
1.534396714700139164e-01 2.218476442953956393e+03
1.549974346321456586e-01 2.342379849735294556e+03
1.565551977942778450e-01 2.496605427038761263e+03
1.581129609564100313e-01 2.637851353255239701e+03
1.596707241185422177e-01 2.725956265284978144e+03
1.612284872806744040e-01 2.797918741410513576e+03
1.627862504428065904e-01 2.905604829739954312e+03
1.643440136049383327e-01 3.023732554537651140e+03
1.659017767670705190e-01 3.100146252592953715e+03
1.674595399292027054e-01 3.162658945357930406e+03
1.690173030913348917e-01 3.231053852092151374e+03
1.705750662534670781e-01 3.277486021666588385e+03
1.721328294155992644e-01 3.326283200807702997e+03
1.736905925777314508e-01 3.426245790127613873e+03
1.752483557398631930e-01 3.504704846897838706e+03
1.768061189019953794e-01 3.572672173241601740e+03
1.783638820641275657e-01 3.701900430313858124e+03
1.799216452262597521e-01 3.799491008842287101e+03
1.814794083883919384e-01 3.893131127773494882e+03
1.830371715505241248e-01 4.014022848688895465e+03
1.845949347126563111e-01 4.098570876915551707e+03
1.861526978747880534e-01 4.227421666142916365e+03
1.877104610369202398e-01 4.430099277184111088e+03
1.892682241990524261e-01 4.580063734951922015e+03
1.908259873611846125e-01 4.690196484220065031e+03
1.923837505233167988e-01 4.853121880924089965e+03
1.939415136854489852e-01 5.035459927532926486e+03
1.954992768475811715e-01 5.200166248277742852e+03
1.970570400097129138e-01 5.383732698978585177e+03
1.986148031718451001e-01 5.594046582850758568e+03
2.001725663339772865e-01 5.860443219888975364e+03
2.017303294961094728e-01 5.995725197504661082e+03
2.032880926582416592e-01 6.139803080508536368e+03
2.048458558203738455e-01 6.689614836779067446e+03
2.064036189825055878e-01 7.195253127732798930e+03
2.079613821446377742e-01 7.456103665746424667e+03
2.095191453067699605e-01 7.749913022500737497e+03
2.110769084689021469e-01 8.013523020837813419e+03
2.126346716310343332e-01 8.183587119093807814e+03
2.141924347931665196e-01 8.576109161909222166e+03
2.157501979552987059e-01 8.941548616916388710e+03
2.173079611174304482e-01 9.226153965088922632e+03
2.188657242795626345e-01 9.580563234755223675e+03
2.204234874416948209e-01 9.863777915520897295e+03
2.219812506038270072e-01 1.017674613289152148e+04
2.235390137659591936e-01 1.062223303805502292e+04
2.250967769280913799e-01 1.111256048488534361e+04
2.266545400902235663e-01 1.166775803926837762e+04
2.282123032523553086e-01 1.208669977126483718e+04
2.297700664144874949e-01 1.248636240633298439e+04
2.313278295766196813e-01 1.305342677015202389e+04
2.328855927387518676e-01 1.364451278819430081e+04
2.344433559008840540e-01 1.422327352408627485e+04
2.360011190630162403e-01 1.481371989026422852e+04
2.375588822251484267e-01 1.555477331172155209e+04
2.391166453872801689e-01 1.624158410703941445e+04
2.406744085494123553e-01 1.680900658649374600e+04
2.422321717115445416e-01 1.783575495203453829e+04
2.437899348736767280e-01 1.889359264520063516e+04
2.453476980358089143e-01 1.987978067359640409e+04
2.469054611979411007e-01 2.122294172177104338e+04
2.484632243600728430e-01 2.297973122693066762e+04
2.500209875222050293e-01 2.539003301860346983e+04
2.515787506843372157e-01 2.878403997567262195e+04
2.531365138464694020e-01 3.248159641212514907e+04
2.546942770086015884e-01 3.581172888618153956e+04
2.562520401707337747e-01 3.854346359900449170e+04
2.578098033328659611e-01 4.035875100514536462e+04
2.593675664949977033e-01 4.118956521483256074e+04
2.609253296571298897e-01 4.109422144394902716e+04
2.624830928192620760e-01 4.043670197145968996e+04
2.640408559813942624e-01 3.982820201967846515e+04
2.655986191435264487e-01 3.931220566751148726e+04
2.671563823056586351e-01 3.873810658982012683e+04
2.687141454677908214e-01 3.789543313308741926e+04
2.702719086299225637e-01 3.681830461524517159e+04
2.718296717920547501e-01 3.558038407124657533e+04
2.733874349541869364e-01 3.456598709170345683e+04
2.749451981163191228e-01 3.358898167399712838e+04
2.765029612784513091e-01 3.214233876955981032e+04
2.780607244405834955e-01 3.073820175511765774e+04
2.796184876027156818e-01 2.919410704517360500e+04
2.811762507648474241e-01 2.781161219577211887e+04
2.827340139269796104e-01 2.651237383439124096e+04
2.842917770891117968e-01 2.512305568232446240e+04
2.858495402512439831e-01 2.386258584233505462e+04
2.874073034133761695e-01 2.258389295188588949e+04
2.889650665755083558e-01 2.111016944105884613e+04
2.905228297376400981e-01 1.993224257458405555e+04
2.920805928997722845e-01 1.905402468210173538e+04
2.936383560619044708e-01 1.800280358221797360e+04
2.951961192240366572e-01 1.684039745432487325e+04
2.967538823861688435e-01 1.570267015851160431e+04
2.983116455483010299e-01 1.466719138725894481e+04
2.998694087104332162e-01 1.367872211858619448e+04
3.014271718725649585e-01 1.274571374884377474e+04
3.029849350346971448e-01 1.189892091613924276e+04
3.045426981968293312e-01 1.114942013483828669e+04
3.061004613589615175e-01 1.075919071146754868e+04
3.076582245210937039e-01 1.043650822042195978e+04
3.092159876832258902e-01 9.989918591172956440e+03
3.107737508453580766e-01 9.666159026300043479e+03
3.123315140074898189e-01 9.451768872331200328e+03
3.138892771696220052e-01 9.263393811348823874e+03
3.154470403317541916e-01 9.101084414936467510e+03
3.170048034938863779e-01 8.922719861131874495e+03
3.185625666560185643e-01 8.794478813239049487e+03
3.201203298181507506e-01 8.648935294738474113e+03
3.216780929802829370e-01 8.596752142883242414e+03
3.232358561424146792e-01 8.598921311696965859e+03
3.247936193045468656e-01 8.533974668104292505e+03
3.263513824666790519e-01 8.420355825452679710e+03
3.279091456288112383e-01 8.339023187706643512e+03
3.294669087909434246e-01 8.255040364732773014e+03
3.310246719530756110e-01 8.191111034522803493e+03
3.325824351152073532e-01 8.263990115847986090e+03
3.341401982773395396e-01 8.234777081335447292e+03
3.356979614394717260e-01 8.153634720930054755e+03
3.372557246016039123e-01 8.156071007444287716e+03
3.388134877637360987e-01 8.159589234107123957e+03
3.403712509258682850e-01 8.137999960406172249e+03
3.419290140880004714e-01 8.140913540569945326e+03
3.434867772501322136e-01 8.189250612840973190e+03
3.450445404122644000e-01 8.199905696818337674e+03
3.466023035743965863e-01 8.120298317538753508e+03
3.481600667365287727e-01 8.126346667537645772e+03
3.497178298986609590e-01 8.175782940491969384e+03
3.512755930607931454e-01 8.165287975546742018e+03
3.528333562229253317e-01 8.135472781312348161e+03
3.543911193850570740e-01 8.139862222168953849e+03
3.559488825471892604e-01 8.163536315488819127e+03
3.575066457093214467e-01 8.214729222006841155e+03
3.590644088714536331e-01 8.245475393648086538e+03
3.606221720335858194e-01 8.212084025963975364e+03
3.621799351957180058e-01 8.234241681761881409e+03
3.637376983578501921e-01 8.288307494659835356e+03
3.652954615199819344e-01 8.300957221309623492e+03
3.668532246821141207e-01 8.309953196700098488e+03
3.684109878442463071e-01 8.289905628684009571e+03
3.699687510063784934e-01 8.238719629387482200e+03
3.715265141685106798e-01 8.303500092860216682e+03
3.730842773306428661e-01 8.374959857880943673e+03
3.746420404927746084e-01 8.366504982274416761e+03
3.761998036549067947e-01 8.331574229029552953e+03
3.777575668170389811e-01 8.358960881681572573e+03
3.793153299791711675e-01 8.469507571337018817e+03
3.808730931413033538e-01 8.494164298732601310e+03
3.824308563034355402e-01 8.454533281476837146e+03
3.839886194655677265e-01 8.478788022982131224e+03
3.855463826276994688e-01 8.428050585854112796e+03
3.871041457898316551e-01 8.401041495110997857e+03
3.886619089519638415e-01 8.363389011660656251e+03
3.902196721140960278e-01 8.361911350024118292e+03
3.917774352762282142e-01 8.340848011355548806e+03
3.933351984383604005e-01 8.266634787325871002e+03
3.948929616004925869e-01 8.244202109415338782e+03
3.964507247626243291e-01 8.172567363528601163e+03
3.980084879247565155e-01 8.082177021402343598e+03
3.995662510868887018e-01 8.042074357398933898e+03
4.011240142490208882e-01 7.952403692395750113e+03
4.026817774111530746e-01 7.866527591231895713e+03
4.042395405732852609e-01 7.770660562267357818e+03
4.057973037354174473e-01 7.633938113922169578e+03
4.073550668975491895e-01 7.528416077734416831e+03
4.089128300596813759e-01 7.390670384871084934e+03
4.104705932218135622e-01 7.242476095854356572e+03
4.120283563839457486e-01 7.187770159759566923e+03
4.135861195460779349e-01 6.967250662828513669e+03
4.151438827082101213e-01 6.716613349239660238e+03
4.167016458703418635e-01 6.566771807832462400e+03
4.182594090324740499e-01 6.373593537058023685e+03
4.198171721946062362e-01 6.202227028126048026e+03
4.213749353567384226e-01 6.067183506464806669e+03
4.229326985188706090e-01 5.890073034371408539e+03
4.244904616810027953e-01 5.689519900958296603e+03
4.260482248431349817e-01 5.514565327760760738e+03
4.276059880052667239e-01 5.311242491026631797e+03
4.291637511673989103e-01 5.122889112676390141e+03
4.307215143295310966e-01 4.972536779289651349e+03
4.322792774916632830e-01 4.762934364557289882e+03
4.338370406537954693e-01 4.581569200871064822e+03
4.353948038159276557e-01 4.436366581171418147e+03
4.369525669780598420e-01 4.273154794988527101e+03
4.385103301401915843e-01 4.126105180040749474e+03
4.400680933023237706e-01 4.036683814816486574e+03
4.416258564644559570e-01 3.926451146519193117e+03
4.431836196265881433e-01 3.736732934207224389e+03
4.447413827887203297e-01 3.600635660669959634e+03
4.462991459508525161e-01 3.501464221603361693e+03
4.478569091129847024e-01 3.365188116862170773e+03
4.494146722751164447e-01 3.257919840562559784e+03
4.509724354372486310e-01 3.171396674067538697e+03
4.525301985993808174e-01 3.080861191189513647e+03
4.540879617615130037e-01 2.992572656305288092e+03
4.556457249236451901e-01 2.930629443435721896e+03
4.572034880857773764e-01 2.913271675423420675e+03
4.587612512479095628e-01 2.868545054841695674e+03
4.603190144100413050e-01 2.815474811228541512e+03
4.618767775721734914e-01 2.736735436892131474e+03
4.634345407343056777e-01 2.654118670546386056e+03
4.649923038964378641e-01 2.640960064453953692e+03
4.665500670585700504e-01 2.649731599403159180e+03
4.681078302207022368e-01 2.585499127961937575e+03
4.696655933828339791e-01 2.495816055322388365e+03
4.712233565449661654e-01 2.474301061650268366e+03
4.727811197070983518e-01 2.445068253565669693e+03
4.743388828692305381e-01 2.420726587675922019e+03
4.758966460313627245e-01 2.427338996152506297e+03
4.774544091934949108e-01 2.418137557930432649e+03
4.790121723556270972e-01 2.424037708861672400e+03
4.805699355177588394e-01 2.399593370490632424e+03
4.821276986798910258e-01 2.371751580916301009e+03
4.836854618420232121e-01 2.359195618652852318e+03
4.852432250041553985e-01 2.341243168143158982e+03
4.868009881662875848e-01 2.377050209751344937e+03
4.883587513284197712e-01 2.346019211778148929e+03
4.899165144905519576e-01 2.318929066118997071e+03
4.914742776526836998e-01 2.341144046826467275e+03
4.930320408148158862e-01 2.345144304983824441e+03
4.945898039769480725e-01 2.322066065105031612e+03
4.961475671390802589e-01 2.311639637412170487e+03
4.977053303012124452e-01 2.305844854946489249e+03
4.992630934633446316e-01 2.260372769025794696e+03
5.008208566254768179e-01 2.221801449842166676e+03
5.023786197876085602e-01 2.188278114789788106e+03
5.039363829497407465e-01 2.198483662227197328e+03
5.054941461118729329e-01 2.262002790414066567e+03
5.070519092740051192e-01 2.280282029408198923e+03
5.086096724361373056e-01 2.286796176353466763e+03
5.101674355982694919e-01 2.254485658409044845e+03
5.117251987604012342e-01 2.184529788031114094e+03
5.132829619225334206e-01 2.178059448666866501e+03
5.148407250846656069e-01 2.189357678617343481e+03
5.163984882467977933e-01 2.185976695647896577e+03
5.179562514089299796e-01 2.176009223540625499e+03
5.195140145710621660e-01 2.118982705732904833e+03
5.210717777331943523e-01 2.124697009782459645e+03
5.226295408953260946e-01 2.089972481908936516e+03
5.241873040574582809e-01 2.058655699204007306e+03
5.257450672195904673e-01 2.067102758573195388e+03
5.273028303817226536e-01 2.082262790868271622e+03
5.288605935438548400e-01 2.091492300081327812e+03
5.304183567059870263e-01 2.090671840916728797e+03
5.319761198681192127e-01 2.124352949920525589e+03
5.335338830302509550e-01 2.129502814873698298e+03
5.350916461923831413e-01 2.115954201649664356e+03
5.366494093545153277e-01 2.067403677044590040e+03
5.382071725166475140e-01 2.061143236675583012e+03
5.397649356787797004e-01 2.095684321875499336e+03
5.413226988409118867e-01 2.096517625356841108e+03
5.428804620030440731e-01 2.070538963141117620e+03
5.444382251651758153e-01 2.036301437200008422e+03
5.459959883273080017e-01 2.027269051243547892e+03
5.475537514894401880e-01 2.033777518664210675e+03
5.491115146515723744e-01 2.005418989173057980e+03
5.506692778137045607e-01 1.994858176948399887e+03
5.522270409758367471e-01 1.992474693280503288e+03
5.537848041379684894e-01 1.971957578114305988e+03
5.553425673001006757e-01 1.961050600184549694e+03
5.569003304622328621e-01 1.977544941098913114e+03
5.584580936243650484e-01 1.997971704793273148e+03
5.600158567864972348e-01 1.994040548789665536e+03
5.615736199486294211e-01 1.979233438232853587e+03
5.631313831107616075e-01 1.993633056405511979e+03
5.646891462728933497e-01 1.991064268578825249e+03
5.662469094350255361e-01 1.956984179784540629e+03
5.678046725971577224e-01 1.967235035786928393e+03
5.693624357592899088e-01 1.960194938347249490e+03
5.709201989214220951e-01 1.948298510874349859e+03
5.724779620835542815e-01 1.926325775079355935e+03
5.740357252456864678e-01 1.919900531171344710e+03
5.755934884078182101e-01 1.932993748822572343e+03
5.771512515699503965e-01 1.934983562327418213e+03
5.787090147320825828e-01 1.936934312386649253e+03
5.802667778942147692e-01 1.909643499336341165e+03
5.818245410563469555e-01 1.858166611705792093e+03
5.833823042184791419e-01 1.854418716595301021e+03
5.849400673806113282e-01 1.869129836403297077e+03
5.864978305427430705e-01 1.811932900155411289e+03
5.880555937048752568e-01 1.795857650557676607e+03
5.896133568670074432e-01 1.823279156938210917e+03
5.911711200291396295e-01 1.820804102164134747e+03
5.927288831912718159e-01 1.827957968893587349e+03
5.942866463534040022e-01 1.833983628412172266e+03
5.958444095155357445e-01 1.816115265860896670e+03
5.974021726776679309e-01 1.833076438706012368e+03
5.989599358398001172e-01 1.796092164595788063e+03
6.005176990019323036e-01 1.739363418604586514e+03
6.020754621640644899e-01 1.750184201523954471e+03
6.036332253261966763e-01 1.774415543369995476e+03
6.051909884883288626e-01 1.728210947065371329e+03
6.067487516504606049e-01 1.705601337943147882e+03
6.083065148125927912e-01 1.744852481022999200e+03
6.098642779747249776e-01 1.742062917265531041e+03
6.114220411368571639e-01 1.718989440402621312e+03
6.129798042989893503e-01 1.727925212185984037e+03
6.145375674611215366e-01 1.696498941025719660e+03
6.160953306232537230e-01 1.643272868378933936e+03
6.176530937853854653e-01 1.633675402287172574e+03
6.192108569475176516e-01 1.676134796164511954e+03
6.207686201096498380e-01 1.679090593084992179e+03
6.223263832717820243e-01 1.647316741091960012e+03
6.238841464339142107e-01 1.627112515377993759e+03
6.254419095960463970e-01 1.607790331180204248e+03
6.269996727581785834e-01 1.618826698416832414e+03
6.285574359203103256e-01 1.646900097791794678e+03
6.301151990824425120e-01 1.603757565162350147e+03
6.316729622445746983e-01 1.568421818428716961e+03
6.332307254067068847e-01 1.577479748505553516e+03
6.347884885688390710e-01 1.577761634066647275e+03
6.363462517309712574e-01 1.563388074480136083e+03
6.379040148931029997e-01 1.546710320122833537e+03
6.394617780552351860e-01 1.521915541903900476e+03
6.410195412173673724e-01 1.500613762003161355e+03
6.425773043794995587e-01 1.497804875317968026e+03
6.441350675416317451e-01 1.514802650248671398e+03
6.456928307037639314e-01 1.509110459197218916e+03
6.472505938658961178e-01 1.476105457509363760e+03
6.488083570280278600e-01 1.487162005456146289e+03
6.503661201901600464e-01 1.492539103422521976e+03
6.519238833522922327e-01 1.464157470198049623e+03
6.534816465144244191e-01 1.446721804700195435e+03
6.550394096765566054e-01 1.477698592226968231e+03
6.565971728386887918e-01 1.496086431536808277e+03
6.581549360008209781e-01 1.464008307282558462e+03
6.597126991629527204e-01 1.421688876384591140e+03
6.612704623250849068e-01 1.401617942490981250e+03
6.628282254872170931e-01 1.396364958984007899e+03
6.643859886493492795e-01 1.381725344930101983e+03
6.659437518114814658e-01 1.381822495244847460e+03
6.675015149736136522e-01 1.386751690333990837e+03
6.690592781357458385e-01 1.394196341024436151e+03
6.706170412978775808e-01 1.373961954727096554e+03
6.721748044600097671e-01 1.334793213316370839e+03
6.737325676221419535e-01 1.337847029206513525e+03
6.752903307842741398e-01 1.333335419336719951e+03
6.768480939464063262e-01 1.313272231885591964e+03
6.784058571085385125e-01 1.321833525557169878e+03
6.799636202706702548e-01 1.343975096637058186e+03
6.815213834328024411e-01 1.333846024746898820e+03
6.830791465949346275e-01 1.267916647287287105e+03
6.846369097570668139e-01 1.281479652821986747e+03
6.861946729191990002e-01 1.311332782709440835e+03
6.877524360813311866e-01 1.284967743425545223e+03
6.893101992434633729e-01 1.273684588926883634e+03
6.908679624055951152e-01 1.281247495354353077e+03
6.924257255677273015e-01 1.283777745671413186e+03
6.939834887298594879e-01 1.271964198843107852e+03
6.955412518919916742e-01 1.245475632995462320e+03
6.970990150541238606e-01 1.213129510903425171e+03
6.986567782162560469e-01 1.209892524196042359e+03
7.002145413783882333e-01 1.209685979910748983e+03
7.017723045405199755e-01 1.188828807664803890e+03
7.033300677026521619e-01 1.222779032015784423e+03
7.048878308647843483e-01 1.210582479425666179e+03
7.064455940269165346e-01 1.177564972591868809e+03
7.080033571890487210e-01 1.182601059163629543e+03
7.095611203511809073e-01 1.194357158511241323e+03
7.111188835133130937e-01 1.186544787454443394e+03
7.126766466754448359e-01 1.181300315506432071e+03
7.142344098375770223e-01 1.174628947884218405e+03
7.157921729997092086e-01 1.153707105554077316e+03
7.173499361618413950e-01 1.166301438119481418e+03
7.189076993239735813e-01 1.159093002174891353e+03
7.204654624861057677e-01 1.171221345994856165e+03
7.220232256482375099e-01 1.163493479513420652e+03
7.235809888103696963e-01 1.149069865188842869e+03
7.251387519725018826e-01 1.143487420129644988e+03
7.266965151346340690e-01 1.126238985111962847e+03
7.282542782967662554e-01 1.112889402273711312e+03
7.298120414588984417e-01 1.113326267588387054e+03
7.313698046210306281e-01 1.112885968329254638e+03
7.329275677831623703e-01 1.106846189707653821e+03
7.344853309452945567e-01 1.100086113020067614e+03
7.360430941074267430e-01 1.084548148326470027e+03
7.376008572695589294e-01 1.106477587564149417e+03
7.391586204316911157e-01 1.095225338633121964e+03
7.407163835938233021e-01 1.051931987095940258e+03
7.422741467559554884e-01 1.045191223582657130e+03
7.438319099180872307e-01 1.057534410959299294e+03
7.453896730802194170e-01 1.059496173398202700e+03
7.469474362423516034e-01 1.063059341697017089e+03
7.485051994044837897e-01 1.061128851844744531e+03
7.500629625666159761e-01 1.011392926867482970e+03
7.516207257287481625e-01 1.003681651251373069e+03
7.531784888908803488e-01 1.052023043928744301e+03
7.547362520530120911e-01 1.036764775678362639e+03
7.562940152151442774e-01 1.027329831891957838e+03
7.578517783772764638e-01 1.032696114289902425e+03
7.594095415394086501e-01 1.020367511041019384e+03
7.609673047015408365e-01 1.036182191069891360e+03
7.625250678636730228e-01 1.044227393220568729e+03
7.640828310258052092e-01 1.029678919004020827e+03
7.656405941879369514e-01 1.022900385893615976e+03
7.671983573500691378e-01 9.994310906930026022e+02
7.687561205122013241e-01 9.771744840077654999e+02
7.703138836743335105e-01 9.972571622443100523e+02
7.718716468364656969e-01 1.006777028831902385e+03
7.734294099985978832e-01 1.002183121295114120e+03
7.749871731607296255e-01 9.956658902511146607e+02
7.765449363228618118e-01 9.920876811560469832e+02
7.781026994849939982e-01 9.937933264683799734e+02
7.796604626471261845e-01 9.969910094370428624e+02
7.812182258092583709e-01 9.805272567529275420e+02
7.827759889713905572e-01 9.681727163638862521e+02
7.843337521335227436e-01 9.792889046048591126e+02
7.858915152956544858e-01 9.739672847869292127e+02
7.874492784577866722e-01 9.755223927815720799e+02
7.890070416199188585e-01 9.923559051507263575e+02
7.905648047820510449e-01 9.673701499458253465e+02
7.921225679441832312e-01 9.384990334376594774e+02
7.936803311063154176e-01 9.489403695593098291e+02
7.952380942684476040e-01 9.528831268366220684e+02
7.967958574305793462e-01 9.396607986077397072e+02
7.983536205927115326e-01 9.184528983245129439e+02
7.999113837548437189e-01 9.241145878500209392e+02
8.014691469169759053e-01 9.425732750615660507e+02
8.030269100791080916e-01 9.296718066455781582e+02
8.045846732412402780e-01 9.285827202242749081e+02
8.061424364033724643e-01 9.147184040940336445e+02
8.077001995655042066e-01 8.789748208318552543e+02
8.092579627276363929e-01 9.021986851543185821e+02
8.108157258897685793e-01 8.925793970500319574e+02
8.123734890519003216e-01 8.741466612452611571e+02
8.139312522140329520e-01 8.806055246697068242e+02
8.154890153761646943e-01 8.858291065594546581e+02
8.170467785382973247e-01 8.825080639161667477e+02
8.186045417004290670e-01 8.816492299642025046e+02
8.201623048625616974e-01 8.871538987132020111e+02
8.217200680246934397e-01 8.664915520334944858e+02
8.232778311868251819e-01 8.535792851438536673e+02
8.248355943489578124e-01 8.646909917621742352e+02
8.263933575110895546e-01 8.477064651640462216e+02
8.279511206732221851e-01 8.511802666177454739e+02
8.295088838353539273e-01 8.417739009420585035e+02
8.310666469974865578e-01 8.165303079896659710e+02
8.326244101596183000e-01 8.200766259184296132e+02
8.341821733217500423e-01 8.227616834874678489e+02
8.357399364838826727e-01 8.232293365777260306e+02
8.372976996460144150e-01 8.211664573955687274e+02
8.388554628081470455e-01 8.029039028378737157e+02
8.404132259702787877e-01 7.981873251686510002e+02
8.419709891324114182e-01 8.050699599263447226e+02
8.435287522945431604e-01 8.084745538321443519e+02
8.450865154566749027e-01 8.076818432217501140e+02
8.466442786188075331e-01 7.951045333701258642e+02
8.482020417809392754e-01 7.917928743121664183e+02
8.497598049430719058e-01 7.761392845997321501e+02
8.513175681052036481e-01 7.653183573366070505e+02
8.528753312673362785e-01 7.743379862697219096e+02
8.544330944294680208e-01 7.778613977575347462e+02
8.559908575915997631e-01 7.700261865186437262e+02
8.575486207537323935e-01 7.617384138516408711e+02
8.591063839158641358e-01 7.620185203795828102e+02
8.606641470779967662e-01 7.543959264068206494e+02
8.622219102401285085e-01 7.270412155685338575e+02
8.637796734022611389e-01 7.275896996952374138e+02
8.653374365643928812e-01 7.281532387911956903e+02
8.668951997265246234e-01 7.220390592680709005e+02
8.684529628886572539e-01 7.306294955633826476e+02
8.700107260507889961e-01 7.258703431040127043e+02
8.715684892129216266e-01 7.286179727180403916e+02
8.731262523750533688e-01 7.305821799487539465e+02
8.746840155371859993e-01 7.186812402865258491e+02
8.762417786993177415e-01 7.172643146998761949e+02
8.777995418614494838e-01 7.212887358211369246e+02
8.793573050235821142e-01 7.058174781932318638e+02
8.809150681857138565e-01 6.835317218994689483e+02
8.824728313478464869e-01 6.804200752942205099e+02
8.840305945099782292e-01 6.770374542636143360e+02
8.855883576721099715e-01 6.874277011986046091e+02
8.871461208342426019e-01 6.738680611813420001e+02
8.887038839963743442e-01 6.622467514988358062e+02
8.902616471585069746e-01 6.700055917489435160e+02
8.918194103206387169e-01 6.637211653509467624e+02
8.933771734827713473e-01 6.569567938336219868e+02
8.949349366449030896e-01 6.616687714456938920e+02
8.964926998070348318e-01 6.635612124735841917e+02
8.980504629691674623e-01 6.668860864371393973e+02
8.996082261312992046e-01 6.643231932999649416e+02
9.011659892934318350e-01 6.602005313037008136e+02
9.027237524555635773e-01 6.489749875762797728e+02
9.042815156176962077e-01 6.394483468170768674e+02
9.058392787798279500e-01 6.481924249911301104e+02
9.073970419419596922e-01 6.354171532473329762e+02
9.089548051040923227e-01 6.105392375758774506e+02
9.105125682662240649e-01 5.969745492573927095e+02
9.120703314283566954e-01 6.019870732733397745e+02
9.136280945904884376e-01 6.063655860441017467e+02
9.151858577526210681e-01 6.078574073168794030e+02
9.167436209147528103e-01 6.289069746993455965e+02
9.183013840768845526e-01 6.173660425333636113e+02
9.198591472390171830e-01 6.026024634919813252e+02
9.214169104011489253e-01 6.097241577873043070e+02
9.229746735632815557e-01 6.141672581702542857e+02
9.245324367254132980e-01 6.009133691017964338e+02
9.260901998875459284e-01 5.890116275128699499e+02
9.276479630496776707e-01 6.065582896328238576e+02
9.292057262118094130e-01 6.219441676992605608e+02
9.307634893739420434e-01 6.154504865012750088e+02
9.323212525360737857e-01 5.943386440363227621e+02
9.338790156982064161e-01 5.819165904227324972e+02
9.354367788603381584e-01 5.905271718374146985e+02
9.369945420224707888e-01 5.865908493618502462e+02
9.385523051846025311e-01 5.712629991725832497e+02
9.401100683467342733e-01 5.709274480318596261e+02
9.416678315088669038e-01 5.889532025729926090e+02
9.432255946709986461e-01 5.826597736560978547e+02
9.447833578331312765e-01 5.824597737987871824e+02
9.463411209952630188e-01 5.782425446444467525e+02
9.478988841573956492e-01 5.714457668535676476e+02
9.494566473195273915e-01 5.626255555417151299e+02
9.510144104816591337e-01 5.502526682321569069e+02
9.525721736437917642e-01 5.532414313197283491e+02
9.541299368059235064e-01 5.500191335168520936e+02
9.556876999680561369e-01 5.384578815873759368e+02
9.572454631301878791e-01 5.331728117231803026e+02
9.588032262923205096e-01 5.342624153814907686e+02
9.603609894544522518e-01 5.506667939150786424e+02
9.619187526165839941e-01 5.603550853270758125e+02
9.634765157787166245e-01 5.378516261297472738e+02
9.650342789408483668e-01 5.252718795767947313e+02
9.665920421029809972e-01 5.263141872544777016e+02
9.681498052651127395e-01 5.286452842096608720e+02
9.697075684272444818e-01 5.241113640443059012e+02
9.712653315893771122e-01 5.238330684885941082e+02
9.728230947515088545e-01 5.416565069296816546e+02
9.743808579136414849e-01 5.414416005469960282e+02
9.759386210757732272e-01 5.427495596062136656e+02
9.774963842379058576e-01 5.425791789678742134e+02
9.790541474000375999e-01 5.325935019184043995e+02
9.806119105621693421e-01 5.291197715861353572e+02
9.821696737243019726e-01 5.170699422867086241e+02
9.837274368864337148e-01 5.153923761878006644e+02
9.852852000485663453e-01 5.050323724626315993e+02
9.868429632106980876e-01 4.939582493508492007e+02
9.884007263728307180e-01 4.898686344846011593e+02
9.899584895349624603e-01 4.832020413211307641e+02
9.915162526970942025e-01 4.835325424499135920e+02
9.930740158592268330e-01 4.747487320947109311e+02
9.946317790213585752e-01 4.765452251338590486e+02
9.961895421834912057e-01 4.893256743916080040e+02
9.977473053456229479e-01 4.748493262718023971e+02
9.993050685077555784e-01 4.694221239522640303e+02
1.000862831669887321e+00 4.773255318034576362e+02
1.002420594832019063e+00 4.668228229978823833e+02
1.003978357994151693e+00 4.513335041069824456e+02
1.005536121156283436e+00 4.479162994770445039e+02
1.007093884318416066e+00 4.479308162598512126e+02
1.008651647480547808e+00 4.493241335990124412e+02
1.010209410642680439e+00 4.594399708674958447e+02
1.011767173804812181e+00 4.716075781440032983e+02
1.013324936966943923e+00 4.707142964539027616e+02
1.014882700129076554e+00 4.577986240078924993e+02
1.016440463291208296e+00 4.558827688378859193e+02
1.017998226453340926e+00 4.499970732127180213e+02
1.019555989615472669e+00 4.472637042117368651e+02
1.021113752777605299e+00 4.455529966315659181e+02
1.022671515939737041e+00 4.421787677226005826e+02
1.024229279101868784e+00 4.428490031824458697e+02
1.025787042264001414e+00 4.489137301550161396e+02
1.027344805426133156e+00 4.473928719108398582e+02
1.028902568588265787e+00 4.387362983451994296e+02
1.030460331750397529e+00 4.386644318960699138e+02
1.032018094912530159e+00 4.265831190448573125e+02
1.033575858074661902e+00 4.285979893327177024e+02
1.035133621236793644e+00 4.444980986103463465e+02
1.036691384398926274e+00 4.374307474889907894e+02
1.038249147561058017e+00 4.468784685998344912e+02
1.039806910723190647e+00 4.434186783459419416e+02
1.041364673885322389e+00 4.354120951869968508e+02
1.042922437047455020e+00 4.246960734913464535e+02
1.044480200209586762e+00 4.116279816154878972e+02
1.046037963371718504e+00 4.123128921833489926e+02
1.047595726533851135e+00 4.193004668512638773e+02
1.049153489695982877e+00 4.260228693330114424e+02
1.050711252858115508e+00 4.181562368429198386e+02
1.052269016020247250e+00 4.056243891103591750e+02
1.053826779182378992e+00 3.963792165685098894e+02
1.055384542344511623e+00 4.036824595489042053e+02
1.056942305506643365e+00 4.080481795012564703e+02
1.058500068668775995e+00 3.903806863823040203e+02
1.060057831830907737e+00 3.906665964941409470e+02
1.061615594993040368e+00 3.944840347636367710e+02
1.063173358155172110e+00 3.890607273945221891e+02
1.064731121317303852e+00 3.860892947149821453e+02
1.066288884479436483e+00 3.799177227050842021e+02
1.067846647641568225e+00 3.783844404043940131e+02
1.069404410803700856e+00 3.775488633048209408e+02
1.070962173965832598e+00 3.769673132852088315e+02
1.072519937127965228e+00 3.952945046081522946e+02
1.074077700290096971e+00 3.865538275864083175e+02
1.075635463452228713e+00 3.870889351032209902e+02
1.077193226614361343e+00 3.772665456717792836e+02
1.078750989776493086e+00 3.783715171243604232e+02
1.080308752938625716e+00 3.831478294919315317e+02
1.081866516100757458e+00 3.795645932929969604e+02
1.083424279262890089e+00 3.803374831899941455e+02
1.084982042425021831e+00 3.820773172888216322e+02
1.086539805587153573e+00 3.929078254776767949e+02
1.088097568749286204e+00 3.916043119292340862e+02
1.089655331911417946e+00 3.746036092177823207e+02
1.091213095073550576e+00 3.833180818321157517e+02
1.092770858235682319e+00 3.824659078184783425e+02
1.094328621397814949e+00 3.599781450464259365e+02
1.095886384559946691e+00 3.659051696669241664e+02
1.097444147722078434e+00 3.666618855792083309e+02
1.099001910884211064e+00 3.527318946016360428e+02
1.100559674046342806e+00 3.472718362952680309e+02
1.102117437208475437e+00 3.435144307765942813e+02
1.103675200370607179e+00 3.419046765014865059e+02
1.105232963532739809e+00 3.520657575204356817e+02
1.106790726694871552e+00 3.714366365504761802e+02
1.108348489857003294e+00 3.752462809549539884e+02
1.109906253019135924e+00 3.519108337197079663e+02
1.111464016181267667e+00 3.409305865266972546e+02
1.113021779343400297e+00 3.421267584212705515e+02
1.114579542505532039e+00 3.310807293079589613e+02
1.116137305667664670e+00 3.223105755889172883e+02
1.117695068829796412e+00 3.188886247481310647e+02
1.119252831991928154e+00 3.269005035331759359e+02
1.120810595154060785e+00 3.317024969960817202e+02
1.122368358316192527e+00 3.318661859346291862e+02
1.123926121478325157e+00 3.333778479611257239e+02
1.125483884640456900e+00 3.310175605695955028e+02
1.127041647802589530e+00 3.308623983119514378e+02
1.128599410964721272e+00 3.245987429099816381e+02
1.130157174126853015e+00 3.297228157475776698e+02
1.131714937288985645e+00 3.244030494996125640e+02
1.133272700451117387e+00 3.131024163104274294e+02
1.134830463613250018e+00 3.256584489423415221e+02
1.136388226775381760e+00 3.064673656066743774e+02
1.137945989937513502e+00 2.983826931884845521e+02
1.139503753099646133e+00 3.109341760348046932e+02
1.141061516261777875e+00 3.111418496769258013e+02
1.142619279423910505e+00 3.028629447028612844e+02
1.144177042586042248e+00 3.023664930951038059e+02
1.145734805748174878e+00 3.202752851429768270e+02
1.147292568910306620e+00 3.283917733962526313e+02
1.148850332072438363e+00 3.161193317913543979e+02
1.150408095234570993e+00 2.977433556933496561e+02
1.151965858396702735e+00 2.929424031189588504e+02
1.153523621558835366e+00 3.065704550176911312e+02
1.155081384720967108e+00 3.015394793257124206e+02
1.156639147883099739e+00 2.962073528859686462e+02
1.158196911045231481e+00 3.112309725685753392e+02
1.159754674207363223e+00 3.062067711159329519e+02
1.161312437369495854e+00 2.842212099611682561e+02
1.162870200531627596e+00 2.827975868008277871e+02
1.164427963693760226e+00 2.992849855079491590e+02
1.165985726855891969e+00 3.055353676175737974e+02
1.167543490018024599e+00 2.958605277611833344e+02
1.169101253180156341e+00 2.864393856513750620e+02
1.170659016342288083e+00 2.838973343648652872e+02
1.172216779504420714e+00 2.962686940036938381e+02
1.173774542666552456e+00 2.999383384565688857e+02
1.175332305828685087e+00 2.847659546362951914e+02
1.176890068990816829e+00 2.808423504526077181e+02
1.178447832152949459e+00 2.838344555275366474e+02
1.180005595315081202e+00 2.882203262994185593e+02
1.181563358477212944e+00 2.966922614381917924e+02
1.183121121639345574e+00 2.955714739632359169e+02
1.184678884801477317e+00 2.902609161250011880e+02
1.186236647963609947e+00 2.906175505335166349e+02
1.187794411125741689e+00 2.849764764367011480e+02
1.189352174287874320e+00 2.916790485600939178e+02
1.190909937450006062e+00 2.806035962820269560e+02
1.192467700612137804e+00 2.734899688356288721e+02
1.194025463774270435e+00 2.903250205083855349e+02
1.195583226936402177e+00 2.891154166951066600e+02
1.197140990098534807e+00 2.771056757018902204e+02
1.198698753260666550e+00 2.699251426376796985e+02
1.200256516422799180e+00 2.693864719990440904e+02
1.201814279584930922e+00 2.614175885492965108e+02
1.203372042747062665e+00 2.500572359695491116e+02
1.204929805909195295e+00 2.570021691216896897e+02
1.206487569071327037e+00 2.648584475310047424e+02
1.208045332233459668e+00 2.612859720635280496e+02
1.209603095395591410e+00 2.537735209510364314e+02
1.211160858557724040e+00 2.500615149943206177e+02
1.212718621719855783e+00 2.468331578796593249e+02
1.214276384881987525e+00 2.582153109060087672e+02
1.215834148044120155e+00 2.565633118829936166e+02
1.217391911206251898e+00 2.489470239052649845e+02
1.218949674368384528e+00 2.483840136239080607e+02
1.220507437530516270e+00 2.504847891042289518e+02
1.222065200692648901e+00 2.500812699359698286e+02
1.223622963854780643e+00 2.421190635054958875e+02
1.225180727016912385e+00 2.401482617366724241e+02
1.226738490179045016e+00 2.434656824020835018e+02
1.228296253341176758e+00 2.504195158225427917e+02
1.229854016503309388e+00 2.577126326965141629e+02
1.231411779665441131e+00 2.533234506588449904e+02
1.232969542827572873e+00 2.543950866460984059e+02
1.234527305989705503e+00 2.584117636780367206e+02
1.236085069151837246e+00 2.510120037828140482e+02
1.237642832313969876e+00 2.493797259801567918e+02
1.239200595476101618e+00 2.478646025442766359e+02
1.240758358638234249e+00 2.425693835769239968e+02
1.242316121800365991e+00 2.439948204547989405e+02
1.243873884962497733e+00 2.394822315192317888e+02
1.245431648124630364e+00 2.354489710365158430e+02
1.246989411286762106e+00 2.445954484130333810e+02
1.248547174448894737e+00 2.456036870652354764e+02
1.250104937611026479e+00 2.456518815742079767e+02
1.251662700773159109e+00 2.487387439629842447e+02
1.253220463935290852e+00 2.320158595506404424e+02
1.254778227097422594e+00 2.241824366014198802e+02
1.256335990259555224e+00 2.368062242695055772e+02
1.257893753421686966e+00 2.401553016652371468e+02
1.259451516583819597e+00 2.272115170404609614e+02
1.261009279745951339e+00 2.190585538931799476e+02
1.262567042908083970e+00 2.228036388794370168e+02
1.264124806070215712e+00 2.269367225574301870e+02
1.265682569232347454e+00 2.404316942202219707e+02
1.267240332394480085e+00 2.485550078510297283e+02
1.268798095556611827e+00 2.355456686218904565e+02
1.270355858718744457e+00 2.240386904226670310e+02
1.271913621880876200e+00 2.171093939021045855e+02
1.273471385043008830e+00 2.177023448179044181e+02
1.275029148205140572e+00 2.203923318757279617e+02
1.276586911367272315e+00 2.204591093985362420e+02
1.278144674529404945e+00 2.233105817269695876e+02
1.279702437691536687e+00 2.200419904709789023e+02
1.281260200853669318e+00 2.176058088573928728e+02
1.282817964015801060e+00 2.264561152663021630e+02
1.284375727177933690e+00 2.128284310151291834e+02
1.285933490340065433e+00 2.106084856093529538e+02
1.287491253502197175e+00 2.247590270875435010e+02
1.289049016664329805e+00 2.213059333827980026e+02
1.290606779826461548e+00 2.216683494193619310e+02
1.292164542988594178e+00 2.167082538260609113e+02
1.293722306150725920e+00 2.085847176075498624e+02
1.295280069312858551e+00 2.073968318199830776e+02
1.296837832474990293e+00 2.041361935357051607e+02
1.298395595637122035e+00 2.079609469428812929e+02
1.299953358799254666e+00 2.214543346495582057e+02
1.301511121961386408e+00 2.204274781876837324e+02
1.303068885123519038e+00 2.168600731526247500e+02
1.304626648285650781e+00 2.089761011498457037e+02
1.306184411447783411e+00 2.027157266892326390e+02
1.307742174609915153e+00 2.036620996714967760e+02
1.309299937772046896e+00 2.012986915863101558e+02
1.310857700934179526e+00 2.058708023876386051e+02
1.312415464096311268e+00 2.098628858708129030e+02
1.313973227258443899e+00 2.092602318178108760e+02
1.315530990420575641e+00 2.053314188534645837e+02
1.317088753582707383e+00 2.017242625505118667e+02
1.318646516744840014e+00 2.018593695945873208e+02
1.320204279906971756e+00 2.029513853956254366e+02
1.321762043069104386e+00 2.030825099136604024e+02
1.323319806231236129e+00 2.065121514933052822e+02
1.324877569393368759e+00 2.088557358676604565e+02
1.326435332555500501e+00 2.002594739191068243e+02
1.327993095717632244e+00 2.072308995201364894e+02
1.329550858879764874e+00 2.007757739499789977e+02
1.331108622041896616e+00 2.001284152472912865e+02
1.332666385204029247e+00 2.010683908549707155e+02
1.334224148366160989e+00 1.932271152153911373e+02
1.335781911528293620e+00 1.975080237063713469e+02
1.337339674690425362e+00 2.010229497164130237e+02
1.338897437852557104e+00 1.889724712340152166e+02
1.340455201014689735e+00 1.859048054525352995e+02
1.342012964176821477e+00 1.990938086523066488e+02
1.343570727338954107e+00 2.135042735909307794e+02
1.345128490501085849e+00 1.991959769245490861e+02
1.346686253663218480e+00 1.793295967603320662e+02
1.348244016825350222e+00 1.724066236105479675e+02
1.349801779987481964e+00 1.804887027280862810e+02
1.351359543149614595e+00 1.908933984455422035e+02
1.352917306311746337e+00 1.928350988129713528e+02
1.354475069473878968e+00 1.886503018423758533e+02
1.356032832636010710e+00 1.815955504138918570e+02
1.357590595798143340e+00 1.856115573877998486e+02
1.359148358960275083e+00 1.944561904634811924e+02
1.360706122122406825e+00 1.984514227303184271e+02
1.362263885284539455e+00 1.939383601964235027e+02
1.363821648446671198e+00 1.817539318247992242e+02
1.365379411608803828e+00 1.815268512134353216e+02
1.366937174770935570e+00 1.895334640057641877e+02
1.368494937933068201e+00 1.878811779360758862e+02
1.370052701095199943e+00 1.791401175528393992e+02
1.371610464257331685e+00 1.791171616929870254e+02
1.373168227419464316e+00 1.861056445953329330e+02
1.374725990581596058e+00 1.864403554953200626e+02
1.376283753743728688e+00 1.882158599861928963e+02
1.377841516905860431e+00 1.855368533890625713e+02
1.379399280067993061e+00 1.745844271284214244e+02
1.380957043230124803e+00 1.763867744065853174e+02
1.382514806392256546e+00 1.801350977609670281e+02
1.384072569554389176e+00 1.859809250012523023e+02
1.385630332716520918e+00 1.822990748840053072e+02
1.387188095878653549e+00 1.715871947804953948e+02
1.388745859040785291e+00 1.708252151327520210e+02
1.390303622202917921e+00 1.748348517171168623e+02
1.391861385365049664e+00 1.747886212937272887e+02
1.393419148527181406e+00 1.715228055043448308e+02
1.394976911689314036e+00 1.705579052482681277e+02
1.396534674851445779e+00 1.779972226961872082e+02
1.398092438013578409e+00 1.811919375130434560e+02
1.399650201175710151e+00 1.760107548793400554e+02
1.401207964337841894e+00 1.745431617531759798e+02
1.402765727499974524e+00 1.738271504531821563e+02
1.404323490662106266e+00 1.737591769872677787e+02
1.405881253824238897e+00 1.698023940113512253e+02
1.407439016986370639e+00 1.701619023411795411e+02
1.408996780148503269e+00 1.767789561809139798e+02
1.410554543310635012e+00 1.757201007848213408e+02
1.412112306472766754e+00 1.691410728923405884e+02
1.413670069634899384e+00 1.659304974578325869e+02
1.415227832797031127e+00 1.609775691384713809e+02
1.416785595959163757e+00 1.670206153081589662e+02
1.418343359121295499e+00 1.682235571407828445e+02
1.419901122283428130e+00 1.693873415160853426e+02
1.421458885445559872e+00 1.709413833672348630e+02
1.423016648607691614e+00 1.606423949421948123e+02
1.424574411769824245e+00 1.591076771904160125e+02
1.426132174931955987e+00 1.647614902614481593e+02
1.427689938094088618e+00 1.683825029760919278e+02
1.429247701256220360e+00 1.706868784802648236e+02
1.430805464418352990e+00 1.739496145882806388e+02
1.432363227580484732e+00 1.742603501391580778e+02
1.433920990742616475e+00 1.607241014798396748e+02
1.435478753904749105e+00 1.632487896699255714e+02
1.437036517066880847e+00 1.656357413223428807e+02
1.438594280229013478e+00 1.667505343252827288e+02
1.440152043391145220e+00 1.655014382064537699e+02
1.441709806553277851e+00 1.612976943630785627e+02
1.443267569715409593e+00 1.625772732061494992e+02
1.444825332877541335e+00 1.656390356219422983e+02
1.446383096039673966e+00 1.651829721020420152e+02
1.447940859201805708e+00 1.587909994777809288e+02
1.449498622363938338e+00 1.550563772339048683e+02
1.451056385526070081e+00 1.546559355781210172e+02
1.452614148688202711e+00 1.572463550876553597e+02
1.454171911850334453e+00 1.534098016439647267e+02
1.455729675012466195e+00 1.531849723655593039e+02
1.457287438174598826e+00 1.534958778188727706e+02
1.458845201336730568e+00 1.450095756268418654e+02
1.460402964498863199e+00 1.441633931540607705e+02
1.461960727660994941e+00 1.448907673103148852e+02
1.463518490823127571e+00 1.503605678819614013e+02
1.465076253985259314e+00 1.567815695377353222e+02
1.466634017147391056e+00 1.456955204258480308e+02
1.468191780309523686e+00 1.416971705078963453e+02
1.469749543471655429e+00 1.512969357252859766e+02
1.471307306633788059e+00 1.530233353887095689e+02
1.472865069795919801e+00 1.531405583833392257e+02
1.474422832958052432e+00 1.558165991541775384e+02
1.475980596120184174e+00 1.538634483221743778e+02
1.477538359282315916e+00 1.457013480287595542e+02
1.479096122444448547e+00 1.423107410823348857e+02
1.480653885606580289e+00 1.475144026128019163e+02
1.482211648768712919e+00 1.539036258555546510e+02
1.483769411930844662e+00 1.515329267824003239e+02
1.485327175092977292e+00 1.427748983118729598e+02
1.486884938255109034e+00 1.453559502321151626e+02
1.488442701417240777e+00 1.480242474034170073e+02
1.490000464579373407e+00 1.463927649317303690e+02
1.491558227741505149e+00 1.450761340025792947e+02
1.493115990903637780e+00 1.410012200338352955e+02
1.494673754065769522e+00 1.434812957404001850e+02
1.496231517227901264e+00 1.492490720166418328e+02
1.497789280390033895e+00 1.460255883324786339e+02
1.499347043552165637e+00 1.459034002641266454e+02
1.500904806714298267e+00 1.530940278218625963e+02
1.502462569876430010e+00 1.532582772332208663e+02
1.504020333038562640e+00 1.544569243688696645e+02
1.505578096200694382e+00 1.478461442694904520e+02
1.507135859362826125e+00 1.468952720587605825e+02
1.508693622524958755e+00 1.493810877717518224e+02
1.510251385687090497e+00 1.391392468463619423e+02
1.511809148849223128e+00 1.318864167902514453e+02
1.513366912011354870e+00 1.301666783644868701e+02
1.514924675173487501e+00 1.386393224239231472e+02
1.516482438335619243e+00 1.501679405186549161e+02
1.518040201497750985e+00 1.485113412542526703e+02
1.519597964659883615e+00 1.378478621597942038e+02
1.521155727822015358e+00 1.336449879454476672e+02
1.522713490984147988e+00 1.450896307288299738e+02
1.524271254146279730e+00 1.408104237914421049e+02
1.525829017308412361e+00 1.367536091324286360e+02
1.527386780470544103e+00 1.458303397629326810e+02
1.528944543632675845e+00 1.499743084205517505e+02
1.530502306794808476e+00 1.468429987913225148e+02
1.532060069956940218e+00 1.446141796500687633e+02
1.533617833119072849e+00 1.461984771110981569e+02
1.535175596281204591e+00 1.449462926308443400e+02
1.536733359443337221e+00 1.319835993128941709e+02
1.538291122605468964e+00 1.248508809382669398e+02
1.539848885767600706e+00 1.382279950779556543e+02
1.541406648929733336e+00 1.419421772645219448e+02
1.542964412091865078e+00 1.404179866585485854e+02
1.544522175253997709e+00 1.409407964159973119e+02
1.546079938416129451e+00 1.368440608797861273e+02
1.547637701578262082e+00 1.355941909528334293e+02
1.549195464740393824e+00 1.326254230822233637e+02
1.550753227902525566e+00 1.319314380489480527e+02
1.552310991064658197e+00 1.365215680318902685e+02
1.553868754226789939e+00 1.377449839464681247e+02
1.555426517388922569e+00 1.317958185650765870e+02
1.556984280551054312e+00 1.260450399752260466e+02
1.558542043713186942e+00 1.300282093867330673e+02
1.560099806875318684e+00 1.357666378721516480e+02
1.561657570037450427e+00 1.449785999517356743e+02
1.563215333199583057e+00 1.452279375155364676e+02
1.564773096361714799e+00 1.429805441528216079e+02
1.566330859523847430e+00 1.417067278511834161e+02
1.567888622685979172e+00 1.390808426295324693e+02
1.569446385848111802e+00 1.350541685516867574e+02
1.571004149010243545e+00 1.297047697016541292e+02
1.572561912172375287e+00 1.334085427656286527e+02
1.574119675334507917e+00 1.399631849832878174e+02
1.575677438496639660e+00 1.332757663965936672e+02
1.577235201658772290e+00 1.297373056280959247e+02
1.578792964820904032e+00 1.308146974198792805e+02
1.580350727983035775e+00 1.307340963582792028e+02
1.581908491145168405e+00 1.274927300520745632e+02
1.583466254307300147e+00 1.274345879187553550e+02
1.585024017469432778e+00 1.337614510515171560e+02
1.586581780631564520e+00 1.338225399275183065e+02
1.588139543793697150e+00 1.304796393141872102e+02
1.589697306955828893e+00 1.371236305988376216e+02
1.591255070117960635e+00 1.303535592489072599e+02
1.592812833280093265e+00 1.224802750426705842e+02
1.594370596442225008e+00 1.303876429577740339e+02
1.595928359604357638e+00 1.201014530801006543e+02
1.597486122766489380e+00 1.150437723470993632e+02
1.599043885928622011e+00 1.233226901308918428e+02
1.600601649090753753e+00 1.294110454957873628e+02
1.602159412252885495e+00 1.328342623552938448e+02
1.603717175415018126e+00 1.314869129334385320e+02
1.605274938577149868e+00 1.276501811326526052e+02
1.606832701739282498e+00 1.254008355363456673e+02
1.608390464901414241e+00 1.327601767142027143e+02
1.609948228063546871e+00 1.361359979028383407e+02
1.611505991225678613e+00 1.194238524496543192e+02
1.613063754387810356e+00 1.192794139953047790e+02
1.614621517549942986e+00 1.235674266896421472e+02
1.616179280712074728e+00 1.221201663149647771e+02
1.617737043874207359e+00 1.184583666407899187e+02
1.619294807036339101e+00 1.122628723962710069e+02
1.620852570198471732e+00 1.127540548529015325e+02
1.622410333360603474e+00 1.169555630804180595e+02
1.623968096522735216e+00 1.218856304292572617e+02
1.625525859684867847e+00 1.201818221789479537e+02
1.627083622846999589e+00 1.308717572004254350e+02
1.628641386009132219e+00 1.280857297515780147e+02
1.630199149171263961e+00 1.229990803903508407e+02
1.631756912333396592e+00 1.245543036420081791e+02
1.633314675495528334e+00 1.199099165379400063e+02
1.634872438657660076e+00 1.164803367073053550e+02
1.636430201819792707e+00 1.218026615289389696e+02
1.637987964981924449e+00 1.259478975028454641e+02
1.639545728144057080e+00 1.280928274837008303e+02
1.641103491306188822e+00 1.341132744315175955e+02
1.642661254468321452e+00 1.287847167587257502e+02
1.644219017630453195e+00 1.145034082004424221e+02
1.645776780792584937e+00 1.134264349427778740e+02
1.647334543954717567e+00 1.142477766451475247e+02
1.648892307116849310e+00 1.155258305675713046e+02
1.650450070278981940e+00 1.188698290075346620e+02
1.652007833441113682e+00 1.161901983726905030e+02
1.653565596603246313e+00 1.142835793976083210e+02
1.655123359765378055e+00 1.191735583240092353e+02
1.656681122927509797e+00 1.205244259768264357e+02
1.658238886089642428e+00 1.212625037515242639e+02
1.659796649251774170e+00 1.222742236048497944e+02
1.661354412413906800e+00 1.199055817903540628e+02
1.662912175576038543e+00 1.240179876433042523e+02
1.664469938738170285e+00 1.210667865302784207e+02
1.666027701900302915e+00 1.168739161055666216e+02
1.667585465062434658e+00 1.186124247785444368e+02
1.669143228224567288e+00 1.156094101093949433e+02
1.670700991386699030e+00 1.129657937913241028e+02
1.672258754548831661e+00 1.151270968896398443e+02
1.673816517710963403e+00 1.150441197870413816e+02
1.675374280873095145e+00 1.154903070068478570e+02
1.676932044035227776e+00 1.114891945976574732e+02
1.678489807197359518e+00 1.106172722242574906e+02
1.680047570359492148e+00 1.151645834892292584e+02
1.681605333521623891e+00 1.101745693031897986e+02
1.683163096683756521e+00 1.043650443781483261e+02
1.684720859845888263e+00 1.098428979982837888e+02
1.686278623008020006e+00 1.181046993455129979e+02
1.687836386170152636e+00 1.139868521691358438e+02
1.689394149332284378e+00 1.114433634254742742e+02
1.690951912494417009e+00 1.155455407644346906e+02
1.692509675656548751e+00 1.153068862217595694e+02
1.694067438818681381e+00 1.148200059574831755e+02
1.695625201980813124e+00 1.167070599721043180e+02
1.697182965142944866e+00 1.161492676191410567e+02
1.698740728305077496e+00 1.127729762361415311e+02
1.700298491467209239e+00 1.138510182646338080e+02
1.701856254629341869e+00 1.255283752291311998e+02
1.703414017791473611e+00 1.230077001962172432e+02
1.704971780953606242e+00 1.044465920079490644e+02
1.706529544115737984e+00 1.070286955881001489e+02
1.708087307277869726e+00 1.094555025123967766e+02
1.709645070440002357e+00 1.081149165248054516e+02
1.711202833602134099e+00 1.051833937814326418e+02
1.712760596764266730e+00 1.044874705746496346e+02
1.714318359926398472e+00 1.106784953141567627e+02
1.715876123088531102e+00 1.121569169117277767e+02
1.717433886250662844e+00 1.074482427845075563e+02
1.718991649412794587e+00 1.039301884331751751e+02
1.720549412574927217e+00 1.056691990161853028e+02
1.722107175737058959e+00 1.081400128528825206e+02
1.723664938899191590e+00 1.064778335259244244e+02
1.725222702061323332e+00 1.035594255655963707e+02
1.726780465223455963e+00 1.049105037778160749e+02
1.728338228385587705e+00 1.087122293050920518e+02
1.729895991547719447e+00 1.075526028189721615e+02
1.731453754709852078e+00 1.050321663741231788e+02
1.733011517871983820e+00 1.089142282488367783e+02
1.734569281034116450e+00 1.134973955392474068e+02
1.736127044196248193e+00 1.035471790916082426e+02
1.737684807358380823e+00 1.022295867406104009e+02
1.739242570520512565e+00 1.069969791652369508e+02
1.740800333682644307e+00 1.114447623557602185e+02
1.742358096844776938e+00 1.151568645653635343e+02
1.743915860006908680e+00 1.121091389957612421e+02
1.745473623169041311e+00 1.072176652327048174e+02
1.747031386331173053e+00 1.061543124342463500e+02
1.748589149493305683e+00 1.099069052064616159e+02
1.750146912655437426e+00 1.081331457017370212e+02
1.751704675817569168e+00 1.016581784424352009e+02
1.753262438979701798e+00 1.014359505129813073e+02
1.754820202141833541e+00 1.016299234762207391e+02
1.756377965303966171e+00 9.903083939861434715e+01
1.757935728466097913e+00 1.014572122539100434e+02
1.759493491628229656e+00 1.065512687601715385e+02
1.761051254790362286e+00 1.019713934580692580e+02
1.762609017952494028e+00 1.010573167434493911e+02
1.764166781114626659e+00 1.019674591907756849e+02
1.765724544276758401e+00 1.023012001322107949e+02
1.767282307438891031e+00 1.009448139576931140e+02
1.768840070601022774e+00 9.675858374878747270e+01
1.770397833763154516e+00 1.003526947107839362e+02
1.771955596925287146e+00 1.033947466079811477e+02
1.773513360087418889e+00 9.894114749128326025e+01
1.775071123249551519e+00 9.990794713468315535e+01
1.776628886411683261e+00 1.005096610627715421e+02
1.778186649573815892e+00 1.006518785330018773e+02
1.779744412735947634e+00 9.930753970228469996e+01
1.781302175898079376e+00 9.729097267812745997e+01
1.782859939060212007e+00 1.002696370788176239e+02
1.784417702222343749e+00 9.714838401799310930e+01
1.785975465384476379e+00 9.653444167393713826e+01
1.787533228546608122e+00 1.014177363617728957e+02
1.789090991708740752e+00 1.003659959749653297e+02
1.790648754870872494e+00 1.029060686688349335e+02
1.792206518033004237e+00 1.082629397219558740e+02
1.793764281195136867e+00 1.077666646155027195e+02
1.795322044357268609e+00 1.046438874502765373e+02
1.796879807519401240e+00 1.021093090055546355e+02
1.798437570681532982e+00 9.911476322714672449e+01
1.799995333843665613e+00 9.914095442921505708e+01
1.801553097005797355e+00 9.819528063148462138e+01
1.803110860167929097e+00 9.022634764463639101e+01
1.804668623330061727e+00 9.500049733782769579e+01
1.806226386492193470e+00 9.841856876740291682e+01
1.807784149654326100e+00 9.850922395065553872e+01
1.809341912816457842e+00 9.728974102844809124e+01
1.810899675978590473e+00 9.760425201240060744e+01
1.812457439140722215e+00 1.019581650070228704e+02
1.814015202302853957e+00 1.023850420733446924e+02
1.815572965464986588e+00 9.677548151491612316e+01
1.817130728627118330e+00 9.361648455651605616e+01
1.818688491789250961e+00 9.987775589663534959e+01
1.820246254951382703e+00 9.790471421822100240e+01
1.821804018113515333e+00 9.948317621789158238e+01
1.823361781275647076e+00 9.626594358798233486e+01
1.824919544437778818e+00 8.862176397787587234e+01
1.826477307599911448e+00 9.129284001451128461e+01
1.828035070762043190e+00 9.449267772313231717e+01
1.829592833924175821e+00 9.846489008576548940e+01
1.831150597086307563e+00 1.038726962636667395e+02
1.832708360248440194e+00 9.728353451754401249e+01
1.834266123410571936e+00 8.862762187932366942e+01
1.835823886572703678e+00 9.180642067901719372e+01
1.837381649734836309e+00 9.091406221100392315e+01
1.838939412896968051e+00 9.317493664149949950e+01
1.840497176059100681e+00 9.368606282400030238e+01
1.842054939221232424e+00 8.934019038591938511e+01
1.843612702383364166e+00 9.146213177353067181e+01
1.845170465545496796e+00 8.910277041878994453e+01
1.846728228707628539e+00 8.369883956593565699e+01
1.848285991869761169e+00 8.861502133838592954e+01
1.849843755031892911e+00 9.332228317219659175e+01
1.851401518194025542e+00 9.175475817462204020e+01
1.852959281356157284e+00 8.880829522696737399e+01
1.854517044518289026e+00 8.913726321807668285e+01
1.856074807680421657e+00 9.041611159697964695e+01
1.857632570842553399e+00 8.922328422561434991e+01
1.859190334004686029e+00 9.274406214642806390e+01
1.860748097166817772e+00 9.576600847564594687e+01
1.862305860328950402e+00 9.522883203345791969e+01
1.863863623491082144e+00 9.482512878728472572e+01
1.865421386653213887e+00 8.954670629888639155e+01
1.866979149815346517e+00 8.982076427605835534e+01
1.868536912977478259e+00 9.069245796584755226e+01
1.870094676139610890e+00 9.314637457995465297e+01
1.871652439301742632e+00 9.027685487893312200e+01
1.873210202463875262e+00 8.422461932808121787e+01
1.874767965626007005e+00 8.450719712348600865e+01
1.876325728788138747e+00 8.437233806647650169e+01
1.877883491950271377e+00 8.450415760098800888e+01
1.879441255112403120e+00 8.813780554436222303e+01
1.880999018274535750e+00 9.163585804493587261e+01
1.882556781436667492e+00 9.520810284716401384e+01
1.884114544598800123e+00 9.037508523948137906e+01
1.885672307760931865e+00 8.596470176010025455e+01
1.887230070923063607e+00 8.271201949742388138e+01
1.888787834085196238e+00 8.603472488942706775e+01
1.890345597247327980e+00 8.794679274257744339e+01
1.891903360409460610e+00 8.744838929382994763e+01
1.893461123571592353e+00 8.893245766321099666e+01
1.895018886733724983e+00 8.988596026762456859e+01
1.896576649895856725e+00 9.040221994538627825e+01
1.898134413057988468e+00 8.406317619852299572e+01
1.899692176220121098e+00 7.786330756940762399e+01
1.901249939382252840e+00 8.206655879636656437e+01
1.902807702544385471e+00 7.969181790582049985e+01
1.904365465706517213e+00 7.409314546759678421e+01
1.905923228868649844e+00 7.713238916515159360e+01
1.907480992030781586e+00 8.107863013432569232e+01
1.909038755192913328e+00 8.385824351613264582e+01
1.910596518355045959e+00 8.755900390288677215e+01
1.912154281517177701e+00 8.815817881164718983e+01
1.913712044679310331e+00 8.541394117730465041e+01
1.915269807841442073e+00 8.531260969132108585e+01
1.916827571003574704e+00 9.105866977833160547e+01
1.918385334165706446e+00 8.787379937690961640e+01
1.919943097327838188e+00 8.831101535826758209e+01
1.921500860489970819e+00 8.478697714180087530e+01
1.923058623652102561e+00 8.300487927948910283e+01
1.924616386814235192e+00 8.289314648891094350e+01
1.926174149976366934e+00 8.365394655715208216e+01
1.927731913138498676e+00 8.693078654145035955e+01
1.929289676300631307e+00 8.353530467606104537e+01
1.930847439462763049e+00 8.187162333596029384e+01
1.932405202624895679e+00 8.373573790239893810e+01
1.933962965787027422e+00 7.652433133969380208e+01
1.935520728949160052e+00 8.617292290336045824e+01
1.937078492111291794e+00 9.234821885208093306e+01
1.938636255273423536e+00 8.844061922885570937e+01
1.940194018435556167e+00 8.673138784397406198e+01
1.941751781597687909e+00 8.441590567794578703e+01
1.943309544759820540e+00 8.132122719153129253e+01
1.944867307921952282e+00 7.805346136568940096e+01
1.946425071084084912e+00 7.568951124993476753e+01
1.947982834246216655e+00 7.768345153175802409e+01
1.949540597408348397e+00 7.848493755702564556e+01
1.951098360570481027e+00 8.677715586593313901e+01
1.952656123732612770e+00 8.478641376990755418e+01
1.954213886894745400e+00 7.687025417995651821e+01
1.955771650056877142e+00 7.755453052839419570e+01
1.957329413219009773e+00 7.907767671722581326e+01
1.958887176381141515e+00 7.741568669948637194e+01
1.960444939543273257e+00 7.431845518639937609e+01
1.962002702705405888e+00 7.454885326038682081e+01
1.963560465867537630e+00 7.919352160166090471e+01
1.965118229029670260e+00 8.061396790156227610e+01
1.966675992191802003e+00 7.936831617896586977e+01
1.968233755353934633e+00 7.585023595230505578e+01
1.969791518516066375e+00 7.207902026459585443e+01
1.971349281678198118e+00 7.435521565537662525e+01
1.972907044840330748e+00 7.667808940726251876e+01
1.974464808002462490e+00 7.784045192241153188e+01
1.976022571164595121e+00 8.315454207582584445e+01
1.977580334326726863e+00 8.307718143704784097e+01
1.979138097488859493e+00 7.601053057437559346e+01
1.980695860650991236e+00 7.346358747481831131e+01
1.982253623813122978e+00 7.488346547714562007e+01
1.983811386975255608e+00 7.693188024110571632e+01
1.985369150137387351e+00 8.491191230158428027e+01
1.986926913299519981e+00 8.113068865678711461e+01
1.988484676461651723e+00 7.142541142703062462e+01
1.990042439623784354e+00 7.157127393165070828e+01
1.991600202785916096e+00 7.129776305511560963e+01
1.993157965948047838e+00 7.083565761567946595e+01
1.994715729110180469e+00 7.212909888987462637e+01
1.996273492272312211e+00 7.563967113779263229e+01
1.997831255434444842e+00 7.741250178288075290e+01
1.999389018596576584e+00 7.576594528908822213e+01
2.000946781758709214e+00 7.613295719691122088e+01
2.002504544920840956e+00 7.609532929890664832e+01
2.004062308082972699e+00 7.530700245874965049e+01
2.005620071245105329e+00 7.247731136125014473e+01
2.007177834407237071e+00 7.623300961942335618e+01
2.008735597569369702e+00 8.182581093156784391e+01
2.010293360731501444e+00 7.855077933139395441e+01
2.011851123893633186e+00 7.498441663106963517e+01
2.013408887055765817e+00 7.426665714910791394e+01
2.014966650217897559e+00 7.155998415729332862e+01
2.016524413380030190e+00 7.078118180587659936e+01
2.018082176542161932e+00 7.425394501054250895e+01
2.019639939704294562e+00 7.321858840378661171e+01
2.021197702866426305e+00 8.358010404323917442e+01
2.022755466028558047e+00 8.306356743845533686e+01
2.024313229190690677e+00 7.275115180922111335e+01
2.025870992352822419e+00 6.683747211650022280e+01
2.027428755514955050e+00 6.634062116382776253e+01
2.028986518677086792e+00 7.534561545188546461e+01
2.030544281839219423e+00 8.287748114266776156e+01
2.032102045001351165e+00 7.934222747455135050e+01
2.033659808163482907e+00 7.323566716881870775e+01
2.035217571325615538e+00 7.389546197675181816e+01
2.036775334487747280e+00 7.056845852134658514e+01
2.038333097649879910e+00 6.491357852361782932e+01
2.039890860812011653e+00 7.452828403130534696e+01
2.041448623974144283e+00 7.702633591349761844e+01
2.043006387136276025e+00 7.110318806806550640e+01
2.044564150298407768e+00 7.384938609413465826e+01
2.046121913460540398e+00 7.517334342969608940e+01
2.047679676622672140e+00 6.905913223027145875e+01
2.049237439784804771e+00 6.671148513728692819e+01
2.050795202946936513e+00 6.936464599101739736e+01
2.052352966109069143e+00 7.517241260343131160e+01
2.053910729271200886e+00 8.237612972961726143e+01
2.055468492433332628e+00 7.697832125193382069e+01
2.057026255595465258e+00 7.478831638399003623e+01
2.058584018757597001e+00 7.828653790746230356e+01
2.060141781919729631e+00 7.129420794573950104e+01
2.061699545081861373e+00 6.868487691866138789e+01
2.063257308243994004e+00 6.938954172800291076e+01
2.064815071406125746e+00 6.893689733225046723e+01
2.066372834568257488e+00 7.152508529717901808e+01
2.067930597730390119e+00 7.207347649717641502e+01
2.069488360892521861e+00 6.812702628615195977e+01
2.071046124054654491e+00 7.007594036665642534e+01
2.072603887216786234e+00 7.209114784526545350e+01
2.074161650378918864e+00 7.341096805804453140e+01
2.075719413541050606e+00 6.638946677487120951e+01
2.077277176703182349e+00 6.227858527794957411e+01
2.078834939865314979e+00 6.791025506768072262e+01
2.080392703027446721e+00 7.343191029699696060e+01
2.081950466189579352e+00 7.300251310627541557e+01
2.083508229351711094e+00 7.496428343740090838e+01
2.085065992513843725e+00 7.393176086114540624e+01
2.086623755675975467e+00 6.658219816306346672e+01
2.088181518838107209e+00 6.691141803355223772e+01
2.089739282000239839e+00 7.061095797302681376e+01
2.091297045162371582e+00 6.523008795009263849e+01
2.092854808324504212e+00 6.463316745340756597e+01
2.094412571486635954e+00 6.983007406206061773e+01
2.095970334648768585e+00 6.872305222498293631e+01
2.097528097810900327e+00 6.997755033905146149e+01
2.099085860973032069e+00 7.069142108125844004e+01
2.100643624135164700e+00 7.056243393268485420e+01
2.102201387297296442e+00 6.979359916716761347e+01
2.103759150459429073e+00 6.861284395110158130e+01
2.105316913621560815e+00 6.939429958216916816e+01
2.106874676783692557e+00 6.966639387192087440e+01
2.108432439945825188e+00 6.812465013968319738e+01
2.109990203107956930e+00 6.860349919310154121e+01
2.111547966270089560e+00 6.606781656611634901e+01
2.113105729432221302e+00 6.730870839566156860e+01
2.114663492594353933e+00 6.652333284469820285e+01
2.116221255756485675e+00 6.736039235092576405e+01
2.117779018918617417e+00 7.121445493647841829e+01
2.119336782080750048e+00 6.894258290559648117e+01
2.120894545242881790e+00 6.327343937485693459e+01
2.122452308405014421e+00 6.481438359312633679e+01
2.124010071567146163e+00 7.042056061617077489e+01
2.125567834729278793e+00 6.772786507755435537e+01
2.127125597891410536e+00 6.496768228284369684e+01
2.128683361053542278e+00 6.648563083395868034e+01
2.130241124215674908e+00 7.237124007081928312e+01
2.131798887377806651e+00 7.089270486492061707e+01
2.133356650539939281e+00 6.617601919149721823e+01
2.134914413702071023e+00 6.265301383346977815e+01
2.136472176864203654e+00 5.925189060205408964e+01
2.138029940026335396e+00 5.957575379429388818e+01
2.139587703188467138e+00 6.338931943655980206e+01
2.141145466350599769e+00 6.503198358345341035e+01
2.142703229512731511e+00 6.492040058675347325e+01
2.144260992674864141e+00 6.652636541103349543e+01
2.145818755836995884e+00 6.737182787053433231e+01
2.147376518999128514e+00 6.816267849914865451e+01
2.148934282161260256e+00 6.553176959175222294e+01
2.150492045323391999e+00 6.666373840402712858e+01
2.152049808485524629e+00 6.497468907480609346e+01
2.153607571647656371e+00 6.338882104591211686e+01
2.155165334809789002e+00 6.588809624196473180e+01
2.156723097971920744e+00 6.351378360055836936e+01
2.158280861134053374e+00 5.996305603816693264e+01
2.159838624296185117e+00 6.239178037664066068e+01
2.161396387458316859e+00 6.397792413868857864e+01
2.162954150620449489e+00 6.153521281793765496e+01
2.164511913782581232e+00 6.342567564084759368e+01
2.166069676944713862e+00 6.772642884063246527e+01
2.167627440106845604e+00 6.355661384690798599e+01
2.169185203268978235e+00 7.104481935547822502e+01
2.170742966431109977e+00 7.586957639285998312e+01
2.172300729593241719e+00 7.097576052402469315e+01
2.173858492755374350e+00 6.409987350600584932e+01
2.175416255917506092e+00 6.113633239744251568e+01
2.176974019079638722e+00 6.349697475125864088e+01
2.178531782241770465e+00 6.597460368172012579e+01
2.180089545403903095e+00 6.401938815307359221e+01
2.181647308566034837e+00 5.860286411868443679e+01
2.183205071728166580e+00 5.784722468118033589e+01
2.184762834890299210e+00 6.044910851767904347e+01
2.186320598052430952e+00 5.766305599142339844e+01
2.187878361214563583e+00 6.120454636514905644e+01
2.189436124376695325e+00 5.765549282820466459e+01
2.190993887538827067e+00 5.606904217411192803e+01
2.192551650700959698e+00 6.528505079609973905e+01
2.194109413863091440e+00 6.292677903913889992e+01
2.195667177025224071e+00 6.029836157071138558e+01
2.197224940187355813e+00 6.381701497498453790e+01
2.198782703349488443e+00 6.328213061704951059e+01
2.200340466511620185e+00 6.174672685350276424e+01
2.201898229673751928e+00 5.848555822534039805e+01
2.203455992835884558e+00 5.183887167528841644e+01
2.205013755998016300e+00 4.915658393405436755e+01
2.206571519160148931e+00 5.280225922585642451e+01
2.208129282322280673e+00 5.326322179355903330e+01
2.209687045484413304e+00 5.775143730537731557e+01
2.211244808646545046e+00 6.114490225616182073e+01
2.212802571808676788e+00 6.013135461022463346e+01
2.214360334970809419e+00 5.749463659273270366e+01
2.215918098132941161e+00 5.721547084453216314e+01
2.217475861295073791e+00 5.823247305369896054e+01
2.219033624457205534e+00 5.807467774355448853e+01
2.220591387619338164e+00 6.476295446077068618e+01
2.222149150781469906e+00 6.029331676834676301e+01
2.223706913943601648e+00 5.412866577332984264e+01
2.225264677105734279e+00 6.156639287355738333e+01
2.226822440267866021e+00 5.267263079924461522e+01
2.228380203429998652e+00 4.445092835342538962e+01
2.229937966592130394e+00 4.759563036543502790e+01
2.231495729754263024e+00 5.168624064184888312e+01
2.233053492916394767e+00 5.676891840213158247e+01
2.234611256078526509e+00 5.782189259126975855e+01
2.236169019240659139e+00 5.477188683393529089e+01
2.237726782402790882e+00 5.270232043361646390e+01
2.239284545564923512e+00 5.726820229228195558e+01
2.240842308727055254e+00 6.028862599110295406e+01
2.242400071889187885e+00 5.612005853751753648e+01
2.243957835051319627e+00 4.861608399072051157e+01
2.245515598213451369e+00 6.017937993342336966e+01
2.247073361375584000e+00 6.033800616924080629e+01
2.248631124537715742e+00 5.948957694095278725e+01
2.250188887699848372e+00 5.945982393832100854e+01
2.251746650861980115e+00 5.311182332317017796e+01
2.253304414024112745e+00 5.025426344277301638e+01
2.254862177186244487e+00 5.252888309447567394e+01
2.256419940348376230e+00 5.437300437313525947e+01
2.257977703510508860e+00 5.274153068482516460e+01
2.259535466672640602e+00 5.480008419638393491e+01
2.261093229834773233e+00 5.347402909464427978e+01
2.262650992996904975e+00 5.662694886510789161e+01
2.264208756159037605e+00 5.436605053888079198e+01
2.265766519321169348e+00 6.129783052457946724e+01
2.267324282483301090e+00 6.138989731433090924e+01
2.268882045645433720e+00 5.429551292568339704e+01
2.270439808807565463e+00 5.426825006670627971e+01
2.271997571969698093e+00 5.323496942034966395e+01
2.273555335131829835e+00 5.075870396842852728e+01
2.275113098293961578e+00 5.067430799629577365e+01
2.276670861456094208e+00 5.569033675177190901e+01
2.278228624618225950e+00 5.612743771983357277e+01
2.279786387780358581e+00 5.103173481572296311e+01
2.281344150942490323e+00 5.764359398960947090e+01
2.282901914104622954e+00 5.019060377760152392e+01
2.284459677266754696e+00 5.295073694058498148e+01
2.286017440428886438e+00 5.433277098314606235e+01
2.287575203591019068e+00 5.565441377528850353e+01
2.289132966753150811e+00 5.576635927932105119e+01
2.290690729915283441e+00 5.583101225356080732e+01
2.292248493077415183e+00 6.038044518832396790e+01
2.293806256239547814e+00 6.005210048002934542e+01
2.295364019401679556e+00 5.872050715489154982e+01
2.296921782563811298e+00 5.867857682437070821e+01
2.298479545725943929e+00 5.802485818424774777e+01
2.300037308888075671e+00 5.832363978019911599e+01
2.301595072050208302e+00 5.473942928878945935e+01
2.303152835212340044e+00 5.512499605031337069e+01
2.304710598374472674e+00 6.197002457105434559e+01
2.306268361536604417e+00 6.445963088900651883e+01
2.307826124698736159e+00 5.526535460886076123e+01
2.309383887860868789e+00 5.320146326958337823e+01
2.310941651023000531e+00 5.698715996823162300e+01
2.312499414185133162e+00 5.638015123379727811e+01
2.314057177347264904e+00 5.515726388504589295e+01
2.315614940509397535e+00 5.590721362353888679e+01
2.317172703671529277e+00 5.402034200791285912e+01
2.318730466833661019e+00 4.704797909092039987e+01
2.320288229995793650e+00 4.635243858584200183e+01
2.321845993157925392e+00 5.451179327136705410e+01
2.323403756320058022e+00 5.507405967629397026e+01
2.324961519482189765e+00 5.444727116740768480e+01
2.326519282644322395e+00 5.384177302463120185e+01
2.328077045806454137e+00 5.299392655840657795e+01
2.329634808968585880e+00 5.133297185337912794e+01
2.331192572130718510e+00 4.856720009437803753e+01
2.332750335292850252e+00 5.141232017634037987e+01
2.334308098454982883e+00 5.439237722279604270e+01
2.335865861617114625e+00 5.496977797174395164e+01
2.337423624779247255e+00 5.667715591193642410e+01
2.338981387941378998e+00 5.529720499518604271e+01
2.340539151103510740e+00 5.373302207091768423e+01
2.342096914265643370e+00 5.164454826141860622e+01
2.343654677427775113e+00 5.100621719140143995e+01
2.345212440589907743e+00 4.909773527258256820e+01
2.346770203752039485e+00 5.132259084696743656e+01
2.348327966914172116e+00 5.739862423470832198e+01
2.349885730076303858e+00 5.479360560917486112e+01
2.351443493238435600e+00 5.342992687504779781e+01
2.353001256400568231e+00 5.600181194530077278e+01
2.354559019562699973e+00 5.604613826730223991e+01
2.356116782724832603e+00 5.288884781906530463e+01
2.357674545886964346e+00 4.805314680348070766e+01
2.359232309049096976e+00 4.583557159066645426e+01
2.360790072211228718e+00 4.934978366661336224e+01
2.362347835373360461e+00 5.015579756388985544e+01
2.363905598535493091e+00 5.170609756308623162e+01
2.365463361697624833e+00 5.451356013635651010e+01
2.367021124859757464e+00 4.875719531006326690e+01
2.368578888021889206e+00 4.790582258005687777e+01
2.370136651184020948e+00 5.035390412892363088e+01
2.371694414346153579e+00 5.248106032968122747e+01
2.373252177508285321e+00 5.473377122842823184e+01
2.374809940670417951e+00 5.075669507086745824e+01
2.376367703832549694e+00 4.679170278598184751e+01
2.377925466994682324e+00 4.758589447703032960e+01
2.379483230156814066e+00 4.637862214627495661e+01
2.381040993318945809e+00 4.766982361361878162e+01
2.382598756481078439e+00 4.440586020150556124e+01
2.384156519643210181e+00 4.916091198107437776e+01
2.385714282805342812e+00 5.065815274781891020e+01
2.387272045967474554e+00 5.052273090578243853e+01
2.388829809129607185e+00 5.350596601135162445e+01
2.390387572291738927e+00 5.193081272857011044e+01
2.391945335453870669e+00 5.164658020656304416e+01
2.393503098616003300e+00 4.947557947908489240e+01
2.395060861778135042e+00 4.515138993594630534e+01
2.396618624940267672e+00 4.629561053341176802e+01
2.398176388102399414e+00 4.735814587533392483e+01
2.399734151264532045e+00 4.735819131995694420e+01
2.401291914426663787e+00 4.957369485481537197e+01
2.402849677588795529e+00 5.177567652798338571e+01
2.404407440750928160e+00 4.570130853189563425e+01
2.405965203913059902e+00 4.651993239161611626e+01
2.407522967075192533e+00 4.706012049992104096e+01
2.409080730237324275e+00 4.578191530477041482e+01
2.410638493399456905e+00 4.775094753264666281e+01
2.412196256561588648e+00 4.940503741575442831e+01
2.413754019723720390e+00 5.136370208787049307e+01
2.415311782885853020e+00 5.195499157894780495e+01
2.416869546047984763e+00 4.840753622682336044e+01
2.418427309210117393e+00 5.004599725180538172e+01
2.419985072372249135e+00 5.399810845139769810e+01
2.421542835534381766e+00 5.398984083503543729e+01
2.423100598696513508e+00 4.634347934414202541e+01
2.424658361858645250e+00 4.497394283003055193e+01
2.426216125020777881e+00 4.857428061866847457e+01
2.427773888182909623e+00 5.060960629523189169e+01
2.429331651345042253e+00 5.396160303250773893e+01
2.430889414507173996e+00 5.337989723695284283e+01
2.432447177669306626e+00 4.781244413167491558e+01
2.434004940831438368e+00 4.468161565458233753e+01
2.435562703993570111e+00 4.891532140235518256e+01
2.437120467155702741e+00 5.004399467843994387e+01
2.438678230317834483e+00 4.637906922156781775e+01
2.440235993479967114e+00 4.362486189132599179e+01
2.441793756642098856e+00 4.732300059728805053e+01
2.443351519804231486e+00 4.516855616837176512e+01
2.444909282966363229e+00 4.282420573397838837e+01
2.446467046128494971e+00 4.341239945448072746e+01
2.448024809290627601e+00 4.372556082603646388e+01
2.449582572452759344e+00 4.418712835945585482e+01
2.451140335614891974e+00 4.549084235459842063e+01
2.452698098777023716e+00 4.931845436440931962e+01
2.454255861939155459e+00 4.882818846609073660e+01
2.455813625101288089e+00 4.329413559424332902e+01
2.457371388263419831e+00 3.869114900951347380e+01
2.458929151425552462e+00 3.761051144513207589e+01
2.460486914587684204e+00 4.581485382306256327e+01
2.462044677749816834e+00 5.154402823030257252e+01
2.463602440911948577e+00 5.222038826188854443e+01
2.465160204074080319e+00 4.618846324594431252e+01
2.466717967236212949e+00 4.716522320960973502e+01
2.468275730398344692e+00 4.755116961618490734e+01
2.469833493560477322e+00 4.595461566036810552e+01
2.471391256722609064e+00 4.880357379993812827e+01
2.472949019884741695e+00 4.834269642236833420e+01
2.474506783046873437e+00 4.460771850213339462e+01
2.476064546209005179e+00 4.468443314755512574e+01
2.477622309371137810e+00 4.707924264295540695e+01
2.479180072533269552e+00 4.726379712669901778e+01
2.480737835695402183e+00 4.210021077496701025e+01
2.482295598857533925e+00 3.906090077093915625e+01
2.483853362019666555e+00 3.851635596360333125e+01
2.485411125181798297e+00 4.612234239835482441e+01
2.486968888343930040e+00 4.992854227568300729e+01
2.488526651506062670e+00 4.640619401043753811e+01
2.490084414668194412e+00 4.482473836516108889e+01
2.491642177830327043e+00 4.570966793352232571e+01
2.493199940992458785e+00 4.533069787883842849e+01
2.494757704154591416e+00 4.350265230436524888e+01
2.496315467316723158e+00 4.140254688744453659e+01
2.497873230478854900e+00 3.752712174811488666e+01
2.499430993640987531e+00 4.403024527711848890e+01
2.500988756803119273e+00 4.262201558486544428e+01
2.502546519965251903e+00 3.583334878338583707e+01
2.504104283127383646e+00 4.203540157139283906e+01
2.505662046289516276e+00 4.526671311384807694e+01
2.507219809451648018e+00 4.223885631608157354e+01
2.508777572613779761e+00 4.283357773481239406e+01
2.510335335775912391e+00 4.425514371531789237e+01
2.511893098938044133e+00 4.530259849347411460e+01
2.513450862100176764e+00 4.793070636896760561e+01
2.515008625262308506e+00 4.587708030767306155e+01
2.516566388424441136e+00 4.097299366995915904e+01
2.518124151586572879e+00 4.527446403111733275e+01
2.519681914748704621e+00 4.379705811658007519e+01
2.521239677910837251e+00 4.118179373685993028e+01
2.522797441072968994e+00 4.056583208484729397e+01
2.524355204235101624e+00 3.864520616617083704e+01
2.525912967397233366e+00 4.148807858356110501e+01
2.527470730559365997e+00 4.173573453508846853e+01
2.529028493721497739e+00 4.079691958392724871e+01
2.530586256883629481e+00 4.303674153203642305e+01
2.532144020045762112e+00 4.561005696765768391e+01
2.533701783207893854e+00 4.870853978990697186e+01
2.535259546370026484e+00 4.406747892885030637e+01
2.536817309532158227e+00 4.112528553540338550e+01
2.538375072694289969e+00 4.471658608334612950e+01
2.539932835856422599e+00 4.293904242202057731e+01
2.541490599018554342e+00 4.465038647306221264e+01
2.543048362180686972e+00 4.678227098239354120e+01
2.544606125342818714e+00 4.203575701398941078e+01
2.546163888504951345e+00 4.080934063195461903e+01
2.547721651667083087e+00 4.077404437640392842e+01
2.549279414829214829e+00 3.886371705082066796e+01
2.550837177991347460e+00 3.861810967422000829e+01
2.552394941153479202e+00 4.160832150865592638e+01
2.553952704315611832e+00 4.351014200653163044e+01
2.555510467477743575e+00 4.165778192221711862e+01
2.557068230639876205e+00 4.281283969332242378e+01
2.558625993802007947e+00 4.182693274379152371e+01
2.560183756964139690e+00 4.032087176237717330e+01
2.561741520126272320e+00 4.471654310932878928e+01
2.563299283288404062e+00 4.501984935411793742e+01
2.564857046450536693e+00 4.188252639032324964e+01
2.566414809612668435e+00 4.313591017737354605e+01
2.567972572774801066e+00 4.415721657581043047e+01
2.569530335936932808e+00 4.282704139834275026e+01
2.571088099099064550e+00 4.031415225489057974e+01
2.572645862261197180e+00 3.769468286899142839e+01
2.574203625423328923e+00 3.690007577786969506e+01
2.575761388585461553e+00 4.118434291507656297e+01
2.577319151747593295e+00 4.661668850718100998e+01
2.578876914909725926e+00 4.027319404635551336e+01
2.580434678071857668e+00 3.715206522246966614e+01
2.581992441233989410e+00 3.969344140228583484e+01
2.583550204396122041e+00 4.238168912342817407e+01
2.585107967558253783e+00 4.329827649012007384e+01
2.586665730720386414e+00 4.146530343676485586e+01
2.588223493882518156e+00 3.932011407979409512e+01
2.589781257044650786e+00 3.809974779844774417e+01
2.591339020206782529e+00 3.948910459902115377e+01
2.592896783368914271e+00 4.082540656806277468e+01
2.594454546531046901e+00 3.955256245173269036e+01
2.596012309693178643e+00 3.584807076683723182e+01
2.597570072855311274e+00 3.934429422116365060e+01
2.599127836017443016e+00 4.053658260059586382e+01
2.600685599179575647e+00 4.044480188335195692e+01
2.602243362341707389e+00 4.192080754803595255e+01
2.603801125503839131e+00 3.935070198894121773e+01
2.605358888665971762e+00 3.832283470323967833e+01
2.606916651828103504e+00 4.216488208335819365e+01
2.608474414990236134e+00 4.287578390212455304e+01
2.610032178152367877e+00 3.932449006917738643e+01
2.611589941314500507e+00 3.725025603546126973e+01
2.613147704476632249e+00 3.925106780262215977e+01
2.614705467638763992e+00 4.037431895401667248e+01
2.616263230800896622e+00 4.221923611989915059e+01
2.617820993963028364e+00 4.739961767260595593e+01
2.619378757125160995e+00 4.589819727739259747e+01
2.620936520287292737e+00 4.199056593985016406e+01
2.622494283449425367e+00 4.277320815562778478e+01
2.624052046611557110e+00 4.193566642625501828e+01
2.625609809773688852e+00 3.635174416001554221e+01
2.627167572935821482e+00 3.536217631039938425e+01
2.628725336097953225e+00 3.853042110780298657e+01
2.630283099260085855e+00 3.899907333413093369e+01
2.631840862422217597e+00 3.792526353920769111e+01
2.633398625584349340e+00 4.106414984039142979e+01
2.634956388746481970e+00 4.102246419188750792e+01
2.636514151908613712e+00 3.843374474448121703e+01
2.638071915070746343e+00 3.586251068458985003e+01
2.639629678232878085e+00 3.568164874837096079e+01
2.641187441395010715e+00 4.007082170078422223e+01
2.642745204557142458e+00 3.887326205104274379e+01
2.644302967719274200e+00 4.058390619829739876e+01
2.645860730881406830e+00 4.541988664627032790e+01
2.647418494043538573e+00 4.243322913205331304e+01
2.648976257205671203e+00 4.076924477796445245e+01
2.650534020367802945e+00 4.233817581555373266e+01
2.652091783529935576e+00 4.274053788535596965e+01
2.653649546692067318e+00 3.954275393973112784e+01
2.655207309854199060e+00 3.940121663119729334e+01
2.656765073016331691e+00 4.266589102004988376e+01
2.658322836178463433e+00 3.801607703675249184e+01
2.659880599340596063e+00 4.141706961475253479e+01
2.661438362502727806e+00 4.735087533920322755e+01
2.662996125664860436e+00 4.496934394547974989e+01
2.664553888826992178e+00 4.149874998279506855e+01
2.666111651989123921e+00 3.916440580251300219e+01
2.667669415151256551e+00 3.539864027164813365e+01
2.669227178313388293e+00 3.939911385262244892e+01
2.670784941475520924e+00 3.828327895427054273e+01
2.672342704637652666e+00 4.298444301444204285e+01
2.673900467799785297e+00 3.848647370966708792e+01
2.675458230961917039e+00 4.256585602273718649e+01
2.677015994124048781e+00 4.952244130277104261e+01
2.678573757286181412e+00 4.916822632313144226e+01
2.680131520448313154e+00 4.642624972441112874e+01
2.681689283610445784e+00 4.056127495159825713e+01
2.683247046772577526e+00 3.840635327237600904e+01
2.684804809934710157e+00 4.074648982958231613e+01
2.686362573096841899e+00 4.172093506444955580e+01
2.687920336258973641e+00 4.043775549788054491e+01
2.689478099421106272e+00 4.147166905271029691e+01
2.691035862583238014e+00 4.131144101925745105e+01
2.692593625745370645e+00 4.604733637550098280e+01
2.694151388907502387e+00 3.967262953672485537e+01
2.695709152069635017e+00 3.583039146861242585e+01
2.697266915231766760e+00 3.942993314695949891e+01
2.698824678393898502e+00 4.007017895700190024e+01
2.700382441556031132e+00 3.732396888604725405e+01
2.701940204718162875e+00 3.532936299425797699e+01
2.703497967880295505e+00 3.593532091003823581e+01
2.705055731042427247e+00 3.360820540564971282e+01
2.706613494204559878e+00 3.284735299944195219e+01
2.708171257366691620e+00 3.459041560820705286e+01
2.709729020528823362e+00 3.626836153950466723e+01
2.711286783690955993e+00 3.692731865689088977e+01
2.712844546853087735e+00 3.560353426934123178e+01
2.714402310015220365e+00 3.724556822584207794e+01
2.715960073177352108e+00 3.537387681762692893e+01
2.717517836339483850e+00 3.561217739749905320e+01
2.719075599501616480e+00 3.951737563741103543e+01
2.720633362663748223e+00 3.919287958145683604e+01
2.722191125825880853e+00 3.513100780822853864e+01
2.723748888988012595e+00 3.313327145112603489e+01
2.725306652150145226e+00 3.069722269381221835e+01
2.726864415312276968e+00 3.531504735522138105e+01
2.728422178474408710e+00 3.407040212176620031e+01
2.729979941636541341e+00 3.622098989888947074e+01
2.731537704798673083e+00 3.520946700457299983e+01
2.733095467960805713e+00 3.347889320346644837e+01
2.734653231122937456e+00 3.394144945731341778e+01
2.736210994285070086e+00 3.506704678679009390e+01
2.737768757447201828e+00 3.594680789053415992e+01
2.739326520609333571e+00 3.393603784776194487e+01
2.740884283771466201e+00 3.052613045888718801e+01
2.742442046933597943e+00 3.103834560234514583e+01
2.743999810095730574e+00 3.805268106969536746e+01
2.745557573257862316e+00 4.030032718418638638e+01
2.747115336419994946e+00 3.410945978034489201e+01
2.748673099582126689e+00 3.912923311609521448e+01
2.750230862744258431e+00 3.717254613451467549e+01
2.751788625906391061e+00 3.317882808595228994e+01
2.753346389068522804e+00 3.642651378164867992e+01
2.754904152230655434e+00 3.554970300420625051e+01
2.756461915392787176e+00 3.553560420926648789e+01
2.758019678554919807e+00 3.782367631019975107e+01
2.759577441717051549e+00 3.572040896675088106e+01
2.761135204879183291e+00 3.549213938385236844e+01
2.762692968041315922e+00 3.452826293379818168e+01
2.764250731203447664e+00 3.597947803570109926e+01
2.765808494365580295e+00 3.684595901207546120e+01
2.767366257527712037e+00 4.055836336600940228e+01
2.768924020689844667e+00 4.103887923972776264e+01
2.770481783851976409e+00 3.665460169863020923e+01
2.772039547014108152e+00 3.472717373033603394e+01
2.773597310176240782e+00 3.599415488622811665e+01
2.775155073338372524e+00 3.854699524007152434e+01
2.776712836500505155e+00 3.711431797028581769e+01
2.778270599662636897e+00 3.393835466965537506e+01
2.779828362824769528e+00 3.793031228196565507e+01
2.781386125986901270e+00 3.687635891802264609e+01
2.782943889149033012e+00 3.646455492658604669e+01
2.784501652311165643e+00 3.218376312873900957e+01
2.786059415473297385e+00 3.031294684336831935e+01
2.787617178635430015e+00 3.326814134293497460e+01
2.789174941797561758e+00 3.533674606393890372e+01
2.790732704959694388e+00 3.824311701253412110e+01
2.792290468121826130e+00 3.977923782941200415e+01
2.793848231283957873e+00 3.853516309153084052e+01
2.795405994446090503e+00 3.839935784398130636e+01
2.796963757608222245e+00 3.274454688930916291e+01
2.798521520770354876e+00 3.364896878868620433e+01
2.800079283932486618e+00 3.230770904655070552e+01
2.801637047094618360e+00 3.143137376928002524e+01
2.803194810256750991e+00 3.272802945562192178e+01
2.804752573418882733e+00 3.221062150675498259e+01
2.806310336581015363e+00 3.188024295747528214e+01
2.807868099743147106e+00 3.240300298487674269e+01
2.809425862905279736e+00 3.577814529315198655e+01
2.810983626067411478e+00 3.779517681865658574e+01
2.812541389229543221e+00 3.610347323041271039e+01
2.814099152391675851e+00 3.356858775881060808e+01
2.815656915553807593e+00 3.306980511684943735e+01
2.817214678715940224e+00 3.346120247747881393e+01
2.818772441878071966e+00 3.391182923376577207e+01
2.820330205040204596e+00 3.474581837409360929e+01
2.821887968202336339e+00 3.338975120125018492e+01
2.823445731364468081e+00 3.482432931644477492e+01
2.825003494526600711e+00 3.678141357218505902e+01
2.826561257688732454e+00 3.307948003153556726e+01
2.828119020850865084e+00 2.958608735217203289e+01
2.829676784012996826e+00 2.951872349544361285e+01
2.831234547175129457e+00 3.016664027140826931e+01
2.832792310337261199e+00 3.540012428029840663e+01
2.834350073499392941e+00 3.334173628198541905e+01
2.835907836661525572e+00 3.123365332855851051e+01
2.837465599823657314e+00 3.590745648203863993e+01
2.839023362985789944e+00 3.086512353141201359e+01
2.840581126147921687e+00 3.297022225503781101e+01
2.842138889310054317e+00 3.845423391608724728e+01
2.843696652472186059e+00 3.684696481695925030e+01
2.845254415634317802e+00 3.434319588932422107e+01
2.846812178796450432e+00 3.530932997534510775e+01
2.848369941958582174e+00 3.717655874857312881e+01
2.849927705120714805e+00 3.394878027708096369e+01
2.851485468282846547e+00 3.331820749246745095e+01
2.853043231444979178e+00 3.570658670990768968e+01
2.854600994607110920e+00 3.633798894039471605e+01
2.856158757769242662e+00 3.547017322435741704e+01
2.857716520931375292e+00 3.272161844455185076e+01
2.859274284093507035e+00 3.132384760496350395e+01
2.860832047255639665e+00 3.014922478846339260e+01
2.862389810417771407e+00 2.952378928170644912e+01
2.863947573579904038e+00 3.208546477790878271e+01
2.865505336742035780e+00 2.818281016595180688e+01
2.867063099904167522e+00 3.020267181535448842e+01
2.868620863066300153e+00 3.097710750374655575e+01
2.870178626228431895e+00 2.931236417134520522e+01
2.871736389390564526e+00 2.949843715591949334e+01
2.873294152552696268e+00 3.578941153328787550e+01
2.874851915714828898e+00 4.093187444825512245e+01
2.876409678876960641e+00 3.640286813948786460e+01
2.877967442039092383e+00 3.273119564706199469e+01
2.879525205201225013e+00 3.119106060570340233e+01
2.881082968363356756e+00 2.502818940995323160e+01
2.882640731525489386e+00 2.794448426184154144e+01
2.884198494687621128e+00 3.555427992480499455e+01
2.885756257849752870e+00 3.905328266987351071e+01
2.887314021011885501e+00 2.754699593989400341e+01
2.888871784174017243e+00 2.887641263072033837e+01
2.890429547336149874e+00 2.997874720324758258e+01
2.891987310498281616e+00 3.197956247634092719e+01
2.893545073660414246e+00 3.715488404399182087e+01
2.895102836822545989e+00 3.499014648724674714e+01
2.896660599984677731e+00 3.155582924324649952e+01
2.898218363146810361e+00 3.267016633837935302e+01
2.899776126308942104e+00 3.091199161453413069e+01
2.901333889471074734e+00 3.187787268818609832e+01
2.902891652633206476e+00 2.716679682615967906e+01
2.904449415795339107e+00 2.975981832070305089e+01
2.906007178957470849e+00 3.492311753123711071e+01
2.907564942119602591e+00 3.296406658482267460e+01
2.909122705281735222e+00 3.099971352310739192e+01
2.910680468443866964e+00 3.019727610739864332e+01
2.912238231605999594e+00 2.918258308726944605e+01
2.913795994768131337e+00 2.889448677298974033e+01
2.915353757930263967e+00 3.070704373514765351e+01
2.916911521092395709e+00 3.248830593764677133e+01
2.918469284254527452e+00 2.853520533982058893e+01
2.920027047416660082e+00 2.605396983668763156e+01
2.921584810578791824e+00 2.928196165703522524e+01
2.923142573740924455e+00 3.192626491372902819e+01
2.924700336903056197e+00 3.260959667765582282e+01
2.926258100065188827e+00 3.148402065172806985e+01
2.927815863227320570e+00 3.051624054948772979e+01
2.929373626389452312e+00 3.143272941940077203e+01
2.930931389551584942e+00 3.119455040981567961e+01
2.932489152713716685e+00 2.966830541660744913e+01
2.934046915875849315e+00 3.414243345275171038e+01
2.935604679037981057e+00 3.254644556478432094e+01
2.937162442200113688e+00 2.955804057950668451e+01
2.938720205362245430e+00 3.228095163472106321e+01
2.940277968524377172e+00 3.316991323594865548e+01
2.941835731686509803e+00 3.371436866714388714e+01
2.943393494848641545e+00 3.335825249651970381e+01
2.944951258010774175e+00 3.316287727395648233e+01
2.946509021172905918e+00 3.030468216025145978e+01
2.948066784335038548e+00 2.627630889394967539e+01
2.949624547497170290e+00 3.229320401009955788e+01
2.951182310659302033e+00 3.251669070113181448e+01
2.952740073821434663e+00 2.559659943435145735e+01
2.954297836983566405e+00 3.004976353264201094e+01
2.955855600145699036e+00 3.005389308908302937e+01
2.957413363307830778e+00 3.426605702379768559e+01
2.958971126469963409e+00 3.841264673491659920e+01
2.960528889632095151e+00 3.673001971866793980e+01
2.962086652794226893e+00 3.369556799511386203e+01
2.963644415956359524e+00 3.091094285898334348e+01
2.965202179118491266e+00 3.379447437746574678e+01
2.966759942280623896e+00 3.063305689545034127e+01
2.968317705442755639e+00 2.739276218857424539e+01
2.969875468604888269e+00 3.273591076407775091e+01
2.971433231767020011e+00 3.620489845096219739e+01
2.972990994929151753e+00 3.025968470788358289e+01
2.974548758091284384e+00 2.595669599680478967e+01
2.976106521253416126e+00 2.600261499968293322e+01
2.977664284415548757e+00 2.672302621052600102e+01
2.979222047577680499e+00 2.782341169551516558e+01
2.980779810739812241e+00 2.865788422895291632e+01
2.982337573901944872e+00 2.932759902216477244e+01
2.983895337064076614e+00 3.437934258787468167e+01
2.985453100226209244e+00 3.706105984105961682e+01
2.987010863388340987e+00 3.250754607668802976e+01
2.988568626550473617e+00 2.945063868384460903e+01
2.990126389712605359e+00 3.458511709664833944e+01
2.991684152874737102e+00 3.402619769791252224e+01
2.993241916036869732e+00 2.979563710293083290e+01
2.994799679199001474e+00 3.066910663815709981e+01
2.996357442361134105e+00 3.147689420138685179e+01
2.997915205523265847e+00 2.774585467850859999e+01
2.999472968685398477e+00 2.475518360944112217e+01
3.001030731847530220e+00 2.646342593904068963e+01
3.002588495009661962e+00 2.940024850326324213e+01
3.004146258171794592e+00 2.894290219179443469e+01
3.005704021333926335e+00 2.687976508192144109e+01
3.007261784496058965e+00 2.669746764583609533e+01
3.008819547658190707e+00 2.957066327954061791e+01
3.010377310820323338e+00 3.360876555213548755e+01
3.011935073982455080e+00 3.194864124062003441e+01
3.013492837144586822e+00 3.042769518003654738e+01
3.015050600306719453e+00 3.088532652414731317e+01
3.016608363468851195e+00 2.879335039407134289e+01
3.018166126630983825e+00 2.798901992688063700e+01
3.019723889793115568e+00 2.781968317051753203e+01
3.021281652955248198e+00 2.890422599600356079e+01
3.022839416117379940e+00 2.713297406991743799e+01
3.024397179279511683e+00 2.519424795501485193e+01
3.025954942441644313e+00 2.583761076685326330e+01
3.027512705603776055e+00 2.649250770095440544e+01
3.029070468765908686e+00 3.162573288890519052e+01
3.030628231928040428e+00 3.208756739731936136e+01
3.032185995090173058e+00 2.947240931338976466e+01
3.033743758252304801e+00 3.559508810445659321e+01
3.035301521414436543e+00 3.520879412035561273e+01
3.036859284576569173e+00 2.836770647721080962e+01
3.038417047738700916e+00 2.942978716887634505e+01
3.039974810900833546e+00 2.912996104210535364e+01
3.041532574062965288e+00 2.334868327550422151e+01
3.043090337225097919e+00 2.544707194272163520e+01
3.044648100387229661e+00 3.084679746721856475e+01
3.046205863549361403e+00 2.661560206855043020e+01
3.047763626711494034e+00 2.674549805813587611e+01
3.049321389873625776e+00 3.111960777600041439e+01
3.050879153035758407e+00 3.037890410775394301e+01
3.052436916197890149e+00 2.752799570062724044e+01
3.053994679360022779e+00 2.698010768713202623e+01
3.055552442522154521e+00 2.606962897449007954e+01
3.057110205684286264e+00 2.671206882591343756e+01
3.058667968846418894e+00 3.105217016640048300e+01
3.060225732008550636e+00 2.944693457178001950e+01
3.061783495170683267e+00 2.729750462998708826e+01
3.063341258332815009e+00 2.540121340026340135e+01
3.064899021494946751e+00 2.651836408946727985e+01
3.066456784657079382e+00 3.044070486307048995e+01
3.068014547819211124e+00 2.929836303231752481e+01
3.069572310981343755e+00 2.786566547254609105e+01
3.071130074143475497e+00 2.958652381236013440e+01
3.072687837305608127e+00 3.136479718480415002e+01
3.074245600467739870e+00 3.256116479027206623e+01
3.075803363629871612e+00 3.342576250994708431e+01
3.077361126792004242e+00 3.374335365890748761e+01
3.078918889954135985e+00 3.033555265634441866e+01
3.080476653116268615e+00 3.258639512594548648e+01
3.082034416278400357e+00 2.965048317058031557e+01
3.083592179440532988e+00 3.025781074276420668e+01
3.085149942602664730e+00 2.894608055846648043e+01
3.086707705764796472e+00 2.404263850795064883e+01
3.088265468926929103e+00 2.560657143685203607e+01
3.089823232089060845e+00 2.792613330224815726e+01
3.091380995251193475e+00 2.572884719186985691e+01
3.092938758413325218e+00 2.718369156569773537e+01
3.094496521575457848e+00 2.655473407609222392e+01
3.096054284737589590e+00 2.508680887116182134e+01
3.097612047899721333e+00 2.809046802477615756e+01
3.099169811061853963e+00 2.516484362269851971e+01
3.100727574223985705e+00 2.308261166435944389e+01
3.102285337386118336e+00 2.684801028033101389e+01
3.103843100548250078e+00 2.906600857026158380e+01
3.105400863710382708e+00 2.694383005593116209e+01
3.106958626872514451e+00 2.917667006153207865e+01
3.108516390034646193e+00 3.464820405425700045e+01
3.110074153196778823e+00 2.826525842226584118e+01
3.111631916358910566e+00 2.538699386994403540e+01
3.113189679521043196e+00 2.348763710733900112e+01
3.114747442683174938e+00 1.983793991850789240e+01
3.116305205845307569e+00 2.238264239494224839e+01
3.117862969007439311e+00 2.857298033726378961e+01
3.119420732169571053e+00 3.134089108542109159e+01
3.120978495331703684e+00 2.835871749259057140e+01
3.122536258493835426e+00 2.308818406641527687e+01
3.124094021655968056e+00 2.917507710997645987e+01
3.125651784818099799e+00 3.239833081930615322e+01
3.127209547980232429e+00 2.515046977974143871e+01
3.128767311142364171e+00 2.622363870713932954e+01
3.130325074304495914e+00 3.160307937987043303e+01
3.131882837466628544e+00 3.068809162020322034e+01
3.133440600628760286e+00 2.776964471780591026e+01
3.134998363790892917e+00 2.502724966237054005e+01
3.136556126953024659e+00 2.691103218541637077e+01
3.138113890115157290e+00 2.357890742216053681e+01
3.139671653277289032e+00 2.769912074815867342e+01
3.141229416439420774e+00 2.929117942529334684e+01
3.142787179601553404e+00 2.655385973111875231e+01
3.144344942763685147e+00 2.551405014878911715e+01
3.145902705925817777e+00 2.589438419780693224e+01
3.147460469087949519e+00 2.810395961637869888e+01
3.149018232250081262e+00 2.998735322712910190e+01
3.150575995412213892e+00 2.492028291655438466e+01
3.152133758574345634e+00 2.680583622442796354e+01
3.153691521736478265e+00 3.228062645605857028e+01
3.155249284898610007e+00 3.028126445564453917e+01
3.156807048060742638e+00 2.936346087557204143e+01
3.158364811222874380e+00 2.643732643352988632e+01
3.159922574385006122e+00 2.447937371641015503e+01
3.161480337547138753e+00 2.793083991694390278e+01
3.163038100709270495e+00 3.027526130942609939e+01
3.164595863871403125e+00 2.751008680102938797e+01
3.166153627033534868e+00 2.679558291019576544e+01
3.167711390195667498e+00 2.929609532540959904e+01
3.169269153357799240e+00 2.882296604911327265e+01
3.170826916519930982e+00 2.814614088413321369e+01
3.172384679682063613e+00 3.105481425703992215e+01
3.173942442844195355e+00 3.058071091198162605e+01
3.175500206006327986e+00 2.507301880877494327e+01
3.177057969168459728e+00 2.504450675595504450e+01
3.178615732330592358e+00 2.194464704252730769e+01
3.180173495492724101e+00 2.414836783771761475e+01
3.181731258654855843e+00 2.753044800910419099e+01
3.183289021816988473e+00 2.764661997077362088e+01
3.184846784979120216e+00 2.508895337123016844e+01
3.186404548141252846e+00 2.292181336792191360e+01
3.187962311303384588e+00 0.000000000000000000e+00
3.189520074465517663e+00 0.000000000000000000e+00
