-3.189520074465517219e+00 0.000000000000000000e+00
-3.187962311303385032e+00 0.000000000000000000e+00
-3.186404548141252846e+00 0.000000000000000000e+00
-3.184846784979120660e+00 1.260796235347185856e+01
-3.183289021816988917e+00 1.333375774207814324e+01
-3.181731258654856731e+00 1.367287123119169223e+01
-3.180173495492724545e+00 1.979576583103736809e+01
-3.178615732330592358e+00 1.706718512857114689e+01
-3.177057969168460172e+00 1.010754822591200686e+01
-3.175500206006327986e+00 1.272139971958470461e+01
-3.173942442844195799e+00 1.566186984706054020e+01
-3.172384679682064057e+00 1.528743616566806374e+01
-3.170826916519931871e+00 1.596269070332180284e+01
-3.169269153357799684e+00 1.899541572266636180e+01
-3.167711390195667498e+00 2.007012327626974368e+01
-3.166153627033535312e+00 1.762791082805144072e+01
-3.164595863871403125e+00 1.535388929778105194e+01
-3.163038100709271383e+00 1.279288868462923645e+01
-3.161480337547139197e+00 1.266679599932854217e+01
-3.159922574385007010e+00 1.359877255431966070e+01
-3.158364811222874824e+00 1.581079189616216141e+01
-3.156807048060742638e+00 2.009079455596479491e+01
-3.155249284898610451e+00 1.615819130105076340e+01
-3.153691521736478265e+00 1.246802135738758466e+01
-3.152133758574346523e+00 1.537624327626188858e+01
-3.150575995412214336e+00 1.789025623363687245e+01
-3.149018232250082150e+00 1.385650733121611999e+01
-3.147460469087949964e+00 1.468036538793415247e+01
-3.145902705925817777e+00 1.887289074310019998e+01
-3.144344942763685591e+00 1.740684464848841984e+01
-3.142787179601553404e+00 1.281640306128215201e+01
-3.141229416439421662e+00 1.343133337888062862e+01
-3.139671653277289476e+00 1.483224161659680895e+01
-3.138113890115157290e+00 1.430974567190739144e+01
-3.136556126953025103e+00 1.609708091513225270e+01
-3.134998363790892917e+00 1.396458540916945879e+01
-3.133440600628760730e+00 1.213750956010211546e+01
-3.131882837466628544e+00 1.291403714993186824e+01
-3.130325074304496802e+00 1.472122040051097969e+01
-3.128767311142364616e+00 1.742928225328714831e+01
-3.127209547980232429e+00 1.976085624921030970e+01
-3.125651784818100243e+00 1.726756361472578405e+01
-3.124094021655968056e+00 1.565138285534945162e+01
-3.122536258493835870e+00 1.592224472409090374e+01
-3.120978495331703684e+00 1.513636468458492956e+01
-3.119420732169571941e+00 1.935133278755823483e+01
-3.117862969007439755e+00 1.646081142740376890e+01
-3.116305205845307569e+00 1.247476603605904266e+01
-3.114747442683175382e+00 1.314297799036861036e+01
-3.113189679521043196e+00 1.372498381068147388e+01
-3.111631916358911010e+00 1.875041033143823554e+01
-3.110074153196779267e+00 1.500634001027340680e+01
-3.108516390034647081e+00 8.468467951042935482e+00
-3.106958626872514895e+00 1.229223589748438528e+01
-3.105400863710382708e+00 2.086447087594497418e+01
-3.103843100548250522e+00 1.756957893040477714e+01
-3.102285337386118336e+00 1.276389086735789569e+01
-3.100727574223986149e+00 1.390232083323122048e+01
-3.099169811061854407e+00 1.090861109886820302e+01
-3.097612047899722221e+00 9.578052611800393024e+00
-3.096054284737590034e+00 1.271270918799029737e+01
-3.094496521575457848e+00 1.506018909123581473e+01
-3.092938758413325662e+00 1.081176503459775695e+01
-3.091380995251193475e+00 1.060694191988990376e+01
-3.089823232089061289e+00 1.383760562038610864e+01
-3.088265468926929547e+00 1.399949966360112263e+01
-3.086707705764797360e+00 1.705119147536249713e+01
-3.085149942602665174e+00 1.756294939888273632e+01
-3.083592179440532988e+00 1.776481583993787439e+01
-3.082034416278400801e+00 1.944361891580354751e+01
-3.080476653116268615e+00 2.083237042412225648e+01
-3.078918889954136873e+00 1.949850994854930875e+01
-3.077361126792004686e+00 1.856318876240058913e+01
-3.075803363629872500e+00 1.491557389525741861e+01
-3.074245600467740314e+00 1.368808606510027559e+01
-3.072687837305608127e+00 1.632964972689332939e+01
-3.071130074143475941e+00 1.930741403291789737e+01
-3.069572310981343755e+00 1.851012548353279641e+01
-3.068014547819212012e+00 1.359232335702773753e+01
-3.066456784657079826e+00 1.355772306166311658e+01
-3.064899021494947640e+00 1.636732656634242389e+01
-3.063341258332815453e+00 1.366606347305057767e+01
-3.061783495170683267e+00 1.447308261801109985e+01
-3.060225732008551081e+00 1.460191402432089802e+01
-3.058667968846418894e+00 1.826690126489432942e+01
-3.057110205684287152e+00 2.073260026335510275e+01
-3.055552442522154966e+00 1.454843146971792578e+01
-3.053994679360022779e+00 1.417443911714072335e+01
-3.052436916197890593e+00 1.306229703074022908e+01
-3.050879153035758407e+00 1.823487054191748769e+01
-3.049321389873626220e+00 1.902525392195499876e+01
-3.047763626711494034e+00 1.264792838585423951e+01
-3.046205863549362292e+00 1.457344491770520634e+01
-3.044648100387230105e+00 1.664614160522899411e+01
-3.043090337225097919e+00 1.587734502338180320e+01
-3.041532574062965733e+00 1.797127890387281113e+01
-3.039974810900833546e+00 1.471927060501822204e+01
-3.038417047738701360e+00 1.357081966184967747e+01
-3.036859284576569173e+00 1.628278042924602076e+01
-3.035301521414437431e+00 1.494748721204615727e+01
-3.033743758252305245e+00 1.506728229407436892e+01
-3.032185995090173058e+00 1.454962744495509064e+01
-3.030628231928040872e+00 1.415669022350450135e+01
-3.029070468765908686e+00 1.875964052868882703e+01
-3.027512705603776499e+00 1.519955235377571690e+01
-3.025954942441644757e+00 1.186437516832559780e+01
-3.024397179279512571e+00 1.533167445473623047e+01
-3.022839416117380384e+00 1.699643271590262827e+01
-3.021281652955248198e+00 1.497962203385588786e+01
-3.019723889793116012e+00 1.408971987140238191e+01
-3.018166126630983825e+00 8.821814904240470767e+00
-3.016608363468851639e+00 1.018675238542320649e+01
-3.015050600306719897e+00 1.297090883076664092e+01
-3.013492837144587710e+00 1.599004981146962834e+01
-3.011935073982455524e+00 1.648968297982639442e+01
-3.010377310820323338e+00 1.508143831771624654e+01
-3.008819547658191151e+00 8.623026571221492631e+00
-3.007261784496058965e+00 7.837003331386567240e+00
-3.005704021333926779e+00 1.315916485969769845e+01
-3.004146258171795036e+00 1.338758356600838795e+01
-3.002588495009662850e+00 1.987582111475509805e+01
-3.001030731847530664e+00 1.668376865719922009e+01
-2.999472968685398477e+00 1.434015192607306410e+01
-2.997915205523266291e+00 1.538870350072201632e+01
-2.996357442361134105e+00 1.515386600073250634e+01
-2.994799679199002362e+00 1.296509070267666885e+01
-2.993241916036870176e+00 1.678242910236250651e+01
-2.991684152874737990e+00 2.000865579384364423e+01
-2.990126389712605803e+00 1.665493580179924749e+01
-2.988568626550473617e+00 1.543078287867979448e+01
-2.987010863388341431e+00 1.348715130263179951e+01
-2.985453100226209244e+00 1.628128263152099819e+01
-2.983895337064077502e+00 1.770216689660485798e+01
-2.982337573901945316e+00 1.736118139626414703e+01
-2.980779810739813129e+00 1.994166879478100896e+01
-2.979222047577680943e+00 1.760365972025046233e+01
-2.977664284415548757e+00 1.261489381666146947e+01
-2.976106521253416570e+00 1.402803505959537311e+01
-2.974548758091284384e+00 1.550710497041665548e+01
-2.972990994929152642e+00 1.390307461476356821e+01
-2.971433231767020455e+00 1.482394256733063287e+01
-2.969875468604888269e+00 1.795623254251215428e+01
-2.968317705442756083e+00 1.736321474265756493e+01
-2.966759942280623896e+00 1.482439276787633098e+01
-2.965202179118491710e+00 1.556541947556670102e+01
-2.963644415956359524e+00 1.591905031852480867e+01
-2.962086652794227781e+00 1.876688286551871698e+01
-2.960528889632095595e+00 1.882854149561958934e+01
-2.958971126469963409e+00 1.417675569315803941e+01
-2.957413363307831222e+00 1.094289016598020403e+01
-2.955855600145699036e+00 1.238613865825229254e+01
-2.954297836983566850e+00 1.395006061177240042e+01
-2.952740073821434663e+00 1.405866232533704441e+01
-2.951182310659302921e+00 1.703106888540513353e+01
-2.949624547497170735e+00 1.488224371963570647e+01
-2.948066784335038548e+00 1.349204814543442943e+01
-2.946509021172906362e+00 1.474008331702159857e+01
-2.944951258010774175e+00 1.467224620576067551e+01
-2.943393494848641989e+00 1.323491501542787319e+01
-2.941835731686509803e+00 1.558814275808909322e+01
-2.940277968524378061e+00 1.648186348237357635e+01
-2.938720205362245874e+00 1.166068072720686999e+01
-2.937162442200113688e+00 1.324787871299372100e+01
-2.935604679037981501e+00 1.470621855807248757e+01
-2.934046915875849315e+00 1.303867596607149082e+01
-2.932489152713717129e+00 1.282094327304239734e+01
-2.930931389551584942e+00 1.705042739604455093e+01
-2.929373626389453200e+00 1.902379574619401836e+01
-2.927815863227321014e+00 1.339288631021748799e+01
-2.926258100065188827e+00 1.092902781991424987e+01
-2.924700336903056641e+00 1.618378567381035893e+01
-2.923142573740924455e+00 1.673297681938774772e+01
-2.921584810578792712e+00 1.476216982480352335e+01
-2.920027047416660526e+00 1.345736348359385381e+01
-2.918469284254528340e+00 1.442363310509062480e+01
-2.916911521092396153e+00 1.617377974768032090e+01
-2.915353757930263967e+00 1.410815720654825434e+01
-2.913795994768131781e+00 1.388735164477763995e+01
-2.912238231605999594e+00 1.640411197310606539e+01
-2.910680468443867852e+00 1.633155739359393621e+01
-2.909122705281735666e+00 1.826688169270373407e+01
-2.907564942119603479e+00 2.004158842828287135e+01
-2.906007178957471293e+00 1.492093519339642427e+01
-2.904449415795339107e+00 1.567361318725753172e+01
-2.902891652633206920e+00 1.705630222790776784e+01
-2.901333889471074734e+00 1.545554948827460073e+01
-2.899776126308942992e+00 1.357290319251739419e+01
-2.898218363146810805e+00 1.456060652874696792e+01
-2.896660599984678619e+00 1.549883616214269644e+01
-2.895102836822546433e+00 1.611874075648188409e+01
-2.893545073660414246e+00 1.756920492614628415e+01
-2.891987310498282060e+00 1.559195629082130630e+01
-2.890429547336149874e+00 1.357663199004726806e+01
-2.888871784174018131e+00 1.420964390622291340e+01
-2.887314021011885945e+00 1.449999349763322343e+01
-2.885756257849753759e+00 1.637789117561722918e+01
-2.884198494687621572e+00 1.732976457211328025e+01
-2.882640731525489386e+00 1.503845351366934757e+01
-2.881082968363357200e+00 1.630103623793041479e+01
-2.879525205201225013e+00 1.727468055504263944e+01
-2.877967442039093271e+00 1.334637075284375562e+01
-2.876409678876961085e+00 1.275032557372306030e+01
-2.874851915714828898e+00 1.396922944197646466e+01
-2.873294152552696712e+00 1.491062753418932374e+01
-2.871736389390564526e+00 1.511267783650256114e+01
-2.870178626228432339e+00 1.708410750853234461e+01
-2.868620863066300153e+00 1.734303785248060947e+01
-2.867063099904168411e+00 1.657753907331546017e+01
-2.865505336742036224e+00 1.884451290555675840e+01
-2.863947573579904038e+00 1.653281861388310503e+01
-2.862389810417771852e+00 1.803742054995650790e+01
-2.860832047255639665e+00 1.990025465585375386e+01
-2.859274284093507479e+00 1.749017996498008287e+01
-2.857716520931375292e+00 1.384003867703673940e+01
-2.856158757769243550e+00 1.557034787325237701e+01
-2.854600994607111364e+00 1.479951566225863679e+01
-2.853043231444979178e+00 1.105419114749309628e+01
-2.851485468282846991e+00 1.438502699188580536e+01
-2.849927705120714805e+00 1.534307402326553849e+01
-2.848369941958582618e+00 1.403364394672874127e+01
-2.846812178796450432e+00 1.702600193012446184e+01
-2.845254415634318690e+00 1.538560757463289796e+01
-2.843696652472186504e+00 1.313780115409208271e+01
-2.842138889310054317e+00 1.545860858901942159e+01
-2.840581126147922131e+00 1.639922205645808972e+01
-2.839023362985789944e+00 1.255519697144506885e+01
-2.837465599823657758e+00 1.482125620687001089e+01
-2.835907836661526016e+00 1.706782295674345207e+01
-2.834350073499393829e+00 1.474102575589304465e+01
-2.832792310337261643e+00 1.486621563535775792e+01
-2.831234547175129457e+00 1.365659892016202370e+01
-2.829676784012997270e+00 1.360592700213609696e+01
-2.828119020850865084e+00 1.325181437115687189e+01
-2.826561257688733342e+00 1.308012592313743561e+01
-2.825003494526601155e+00 1.320424675402273706e+01
-2.823445731364468969e+00 1.377834483025567636e+01
-2.821887968202336783e+00 1.431125883078195038e+01
-2.820330205040204596e+00 1.319103533160013875e+01
-2.818772441878072410e+00 1.365482603620045410e+01
-2.817214678715940224e+00 1.765812596607357321e+01
-2.815656915553808481e+00 1.578300606048922106e+01
-2.814099152391676295e+00 1.203954145302975398e+01
-2.812541389229544109e+00 1.306709400114452002e+01
-2.810983626067411922e+00 1.682604043407287620e+01
-2.809425862905279736e+00 1.521899853591330221e+01
-2.807868099743147550e+00 1.152167918186867546e+01
-2.806310336581015363e+00 1.011513138399248746e+01
-2.804752573418883621e+00 1.238093835220717231e+01
-2.803194810256751435e+00 1.711938913304606658e+01
-2.801637047094619248e+00 1.698552489143173005e+01
-2.800079283932487062e+00 1.540930890961657163e+01
-2.798521520770354876e+00 1.525753710117094464e+01
-2.796963757608222689e+00 1.539182313881854469e+01
-2.795405994446090503e+00 1.510600857583328960e+01
-2.793848231283958761e+00 1.485566776172319869e+01
-2.792290468121826574e+00 1.512345633875960971e+01
-2.790732704959694388e+00 1.656700483372066657e+01
-2.789174941797562202e+00 1.577874882164942427e+01
-2.787617178635430015e+00 1.043228796139331216e+01
-2.786059415473297829e+00 1.204335713007791497e+01
-2.784501652311165643e+00 1.350992519261701119e+01
-2.782943889149033900e+00 1.345894473272038105e+01
-2.781386125986901714e+00 1.528660608375881225e+01
-2.779828362824769528e+00 1.563624042932948655e+01
-2.778270599662637341e+00 1.567714613876844609e+01
-2.776712836500505155e+00 1.533344238713308449e+01
-2.775155073338372969e+00 1.335503529259976219e+01
-2.773597310176240782e+00 1.260248089203280486e+01
-2.772039547014109040e+00 1.147603954500925205e+01
-2.770481783851976854e+00 1.485266071435991542e+01
-2.768924020689844667e+00 1.564075017657202693e+01
-2.767366257527712481e+00 1.445586472756173002e+01
-2.765808494365580295e+00 1.318537654492718758e+01
-2.764250731203448108e+00 1.586952148417674913e+01
-2.762692968041315922e+00 1.690174372039042439e+01
-2.761135204879184180e+00 1.570867676191720008e+01
-2.759577441717051993e+00 1.677514205646771117e+01
-2.758019678554919807e+00 1.346764773896950196e+01
-2.756461915392787621e+00 1.129604679248915389e+01
-2.754904152230655434e+00 1.546505575716006042e+01
-2.753346389068523248e+00 1.785059619806339981e+01
-2.751788625906391506e+00 1.753955075582487311e+01
-2.750230862744259319e+00 1.727685708735752002e+01
-2.748673099582127133e+00 1.805843143018276109e+01
-2.747115336419994946e+00 1.504362728514898429e+01
-2.745557573257862760e+00 1.171369242931949550e+01
-2.743999810095730574e+00 1.738178843027899489e+01
-2.742442046933598832e+00 1.811600071522866529e+01
-2.740884283771466645e+00 1.149066386552734365e+01
-2.739326520609334459e+00 1.689317452254546836e+01
-2.737768757447202272e+00 1.917339374424750176e+01
-2.736210994285070086e+00 1.517934912779880463e+01
-2.734653231122937900e+00 1.560183856195367724e+01
-2.733095467960805713e+00 1.771785187354890567e+01
-2.731537704798673971e+00 1.769789248293894701e+01
-2.729979941636541785e+00 1.651538579545901797e+01
-2.728422178474409598e+00 1.693393802404202120e+01
-2.726864415312277412e+00 1.270301388589582992e+01
-2.725306652150145226e+00 1.223100327058932457e+01
-2.723748888988013039e+00 1.780572977507279830e+01
-2.722191125825880853e+00 1.805634512063090824e+01
-2.720633362663749111e+00 1.756536336771916140e+01
-2.719075599501616924e+00 1.542171201482122456e+01
-2.717517836339484738e+00 1.247446901436132549e+01
-2.715960073177352552e+00 1.304684069796551960e+01
-2.714402310015220365e+00 1.376702587567998926e+01
-2.712844546853088179e+00 1.461993499630414739e+01
-2.711286783690955993e+00 1.438531518371256190e+01
-2.709729020528824250e+00 1.370691523963161629e+01
-2.708171257366692064e+00 1.566926775225384638e+01
-2.706613494204559878e+00 1.593739230952003361e+01
-2.705055731042427691e+00 1.309323391901063616e+01
-2.703497967880295505e+00 1.294613473831666361e+01
-2.701940204718163319e+00 1.564075292458695898e+01
-2.700382441556031132e+00 1.699606626681292099e+01
-2.698824678393899390e+00 1.707329821535416414e+01
-2.697266915231767204e+00 1.613643334674651797e+01
-2.695709152069635017e+00 1.612930069670006361e+01
-2.694151388907502831e+00 1.761375644823607800e+01
-2.692593625745370645e+00 1.465818354789925237e+01
-2.691035862583238458e+00 1.035973301752199838e+01
-2.689478099421106272e+00 1.249534139981244252e+01
-2.687920336258974530e+00 1.500325622122051605e+01
-2.686362573096842343e+00 1.903184417432587239e+01
-2.684804809934710157e+00 1.936311881523386447e+01
-2.683247046772577971e+00 1.906067365842380212e+01
-2.681689283610445784e+00 1.803470912285269634e+01
-2.680131520448314042e+00 1.685145891422155273e+01
-2.678573757286181412e+00 1.586206964054572488e+01
-2.677015994124049669e+00 1.442943573391990419e+01
-2.675458230961917483e+00 1.276107517796059376e+01
-2.673900467799785297e+00 1.172262415742114783e+01
-2.672342704637653110e+00 1.263364423047427287e+01
-2.670784941475520924e+00 1.529645768232945890e+01
-2.669227178313389182e+00 1.591897173207568805e+01
-2.667669415151256551e+00 1.405160455289077426e+01
-2.666111651989124809e+00 1.333841883425856167e+01
-2.664553888826992623e+00 1.517270324282225147e+01
-2.662996125664860436e+00 1.437767830065790520e+01
-2.661438362502728250e+00 1.518823289247461261e+01
-2.659880599340596063e+00 1.521990696245413410e+01
-2.658322836178464321e+00 1.454215811775355860e+01
-2.656765073016331691e+00 1.894424413592286172e+01
-2.655207309854199949e+00 1.533044949794410350e+01
-2.653649546692067762e+00 1.367618303975032035e+01
-2.652091783529935576e+00 1.596924579808138134e+01
-2.650534020367803389e+00 1.709274581835544637e+01
-2.648976257205671203e+00 1.821343887558020924e+01
-2.647418494043539461e+00 1.635457233505281849e+01
-2.645860730881407274e+00 1.771183369637497762e+01
-2.644302967719275088e+00 1.747971173762842767e+01
-2.642745204557142902e+00 1.396577320913566744e+01
-2.641187441395010715e+00 1.373843313888415096e+01
-2.639629678232878529e+00 1.507492191279023430e+01
-2.638071915070746343e+00 1.692608653885847403e+01
-2.636514151908614600e+00 1.391175106414782370e+01
-2.634956388746482414e+00 1.763587430171675763e+01
-2.633398625584350228e+00 1.648612757602364809e+01
-2.631840862422218041e+00 1.747056844039678936e+01
-2.630283099260085855e+00 1.615369032108837999e+01
-2.628725336097953669e+00 1.654149054216498271e+01
-2.627167572935821482e+00 1.754021864063872727e+01
-2.625609809773689740e+00 1.523791530687457474e+01
-2.624052046611557554e+00 1.457767648737424615e+01
-2.622494283449425367e+00 1.366928442507711594e+01
-2.620936520287293181e+00 1.327180972422095095e+01
-2.619378757125160995e+00 1.640383101760103557e+01
-2.617820993963028808e+00 1.262205141427818944e+01
-2.616263230800896622e+00 1.085572874330223492e+01
-2.614705467638764880e+00 1.316707738104155467e+01
-2.613147704476632693e+00 1.538649316243810894e+01
-2.611589941314500507e+00 1.709112957450447112e+01
-2.610032178152368321e+00 1.716345295585457009e+01
-2.608474414990236134e+00 1.622440922967086863e+01
-2.606916651828103948e+00 1.578023923004776030e+01
-2.605358888665971762e+00 1.660353011688906122e+01
-2.603801125503840019e+00 1.774481106322510726e+01
-2.602243362341707833e+00 1.592347921333872485e+01
-2.600685599179575647e+00 1.692024100850491308e+01
-2.599127836017443460e+00 1.282666036898507222e+01
-2.597570072855311274e+00 1.625803207796771588e+01
-2.596012309693179088e+00 1.518864533971393271e+01
-2.594454546531046901e+00 1.238446572232390253e+01
-2.592896783368915159e+00 1.373743668663083639e+01
-2.591339020206782973e+00 1.401361093316459261e+01
-2.589781257044650786e+00 1.296533149972515275e+01
-2.588223493882518600e+00 1.441445490401312490e+01
-2.586665730720386414e+00 1.486346827951816785e+01
-2.585107967558254671e+00 1.610687190070936126e+01
-2.583550204396122041e+00 1.796102893521602439e+01
-2.581992441233990299e+00 1.762054470673620088e+01
-2.580434678071858112e+00 1.813666299080084698e+01
-2.578876914909725926e+00 1.833616833097750387e+01
-2.577319151747593740e+00 1.902286902778613964e+01
-2.575761388585461553e+00 2.010313288958466416e+01
-2.574203625423329811e+00 1.918704117136359955e+01
-2.572645862261197180e+00 1.637575097112821254e+01
-2.571088099099065438e+00 1.422427072092150091e+01
-2.569530335936933252e+00 1.549237588906676955e+01
-2.567972572774801066e+00 1.736287159703532268e+01
-2.566414809612668879e+00 1.415808730399491289e+01
-2.564857046450536693e+00 1.661282866353286991e+01
-2.563299283288404951e+00 1.694327395996207741e+01
-2.561741520126272320e+00 1.650396649275041838e+01
-2.560183756964140578e+00 1.616257859480845482e+01
-2.558625993802008391e+00 1.545774764440344029e+01
-2.557068230639876205e+00 1.547194637782730631e+01
-2.555510467477744019e+00 1.649293859109683424e+01
-2.553952704315611832e+00 1.547663950758750495e+01
-2.552394941153480090e+00 1.625261356195157703e+01
-2.550837177991347904e+00 1.837495659048890317e+01
-2.549279414829215717e+00 1.497929666296003148e+01
-2.547721651667083531e+00 1.441292887061276495e+01
-2.546163888504951345e+00 1.579987972251587536e+01
-2.544606125342819158e+00 1.653573563481213071e+01
-2.543048362180686972e+00 1.625720939854905112e+01
-2.541490599018555230e+00 1.436715709859206136e+01
-2.539932835856423043e+00 1.561045908793267145e+01
-2.538375072694290857e+00 1.959467341039982813e+01
-2.536817309532158671e+00 2.054736128077424695e+01
-2.535259546370026484e+00 1.699177466504809786e+01
-2.533701783207894298e+00 1.471574229377470289e+01
-2.532144020045762112e+00 1.683963897201058302e+01
-2.530586256883630369e+00 2.032677909493801138e+01
-2.529028493721498183e+00 1.879760349173131573e+01
-2.527470730559365997e+00 1.889427730194910637e+01
-2.525912967397233810e+00 1.743948242189235387e+01
-2.524355204235101624e+00 1.438988895486782660e+01
-2.522797441072969438e+00 1.535078725396851951e+01
-2.521239677910837251e+00 1.528025758174361393e+01
-2.519681914748705509e+00 1.616760206442564396e+01
-2.518124151586573323e+00 1.614315725506299160e+01
-2.516566388424441136e+00 1.799776471393887789e+01
-2.515008625262308950e+00 1.867489519862089153e+01
-2.513450862100176764e+00 1.470519374980238858e+01
-2.511893098938044577e+00 1.473207308236610835e+01
-2.510335335775912391e+00 1.706641774672354472e+01
-2.508777572613780649e+00 1.798571568728846515e+01
-2.507219809451648462e+00 1.925169029546725241e+01
-2.505662046289516276e+00 1.896622900935108547e+01
-2.504104283127384090e+00 1.581860090824266507e+01
-2.502546519965251903e+00 1.674335110525812453e+01
-2.500988756803120161e+00 1.574481408057779142e+01
-2.499430993640987531e+00 1.525285894780175333e+01
-2.497873230478855788e+00 1.696097540030326556e+01
-2.496315467316723602e+00 1.737635520995874217e+01
-2.494757704154591416e+00 1.602810979521619572e+01
-2.493199940992459229e+00 1.357523101062590953e+01
-2.491642177830327043e+00 1.378191592439389979e+01
-2.490084414668195301e+00 1.449767917308829723e+01
-2.488526651506062670e+00 1.550753463230495477e+01
-2.486968888343930928e+00 1.531710289710986395e+01
-2.485411125181798742e+00 1.543906949366462555e+01
-2.483853362019666555e+00 1.525191864946909703e+01
-2.482295598857534369e+00 1.346874388478296325e+01
-2.480737835695402183e+00 1.146845145703079716e+01
-2.479180072533270440e+00 1.258290504997908066e+01
-2.477622309371137810e+00 1.646184432812996690e+01
-2.476064546209006068e+00 1.744935352526388428e+01
-2.474506783046873881e+00 1.514319191345172833e+01
-2.472949019884741695e+00 1.735711958180976566e+01
-2.471391256722609509e+00 1.716139987605752992e+01
-2.469833493560477322e+00 1.732580797864587296e+01
-2.468275730398345580e+00 1.873832200550441840e+01
-2.466717967236213394e+00 1.998702075921487520e+01
-2.465160204074081207e+00 1.640962006642799764e+01
-2.463602440911949021e+00 1.416124572208708621e+01
-2.462044677749816834e+00 1.670115960248834952e+01
-2.460486914587684648e+00 1.682224277061153828e+01
-2.458929151425552462e+00 1.335237880254796039e+01
-2.457371388263420720e+00 1.583308032822608524e+01
-2.455813625101288533e+00 1.745357324707260460e+01
-2.454255861939156347e+00 1.237977660013128123e+01
-2.452698098777024160e+00 1.883877809517769819e+01
-2.451140335614891974e+00 2.042392370821037062e+01
-2.449582572452759788e+00 1.623889474879896255e+01
-2.448024809290627601e+00 1.517181966652956149e+01
-2.446467046128495859e+00 1.603358400132370676e+01
-2.444909282966363673e+00 1.622250045294080678e+01
-2.443351519804231486e+00 1.638512166530071212e+01
-2.441793756642099300e+00 1.672741079483848026e+01
-2.440235993479967114e+00 1.679164214614825568e+01
-2.438678230317834927e+00 1.814148363343796433e+01
-2.437120467155702741e+00 1.382563476775870548e+01
-2.435562703993570999e+00 1.272971084005429354e+01
-2.434004940831438812e+00 1.815711850130851701e+01
-2.432447177669306626e+00 1.768329083071044039e+01
-2.430889414507174440e+00 1.800875387028577279e+01
-2.429331651345042253e+00 2.014252779716230179e+01
-2.427773888182910067e+00 2.181007718738388235e+01
-2.426216125020777881e+00 2.009346270654974020e+01
-2.424658361858646138e+00 1.834714510239744811e+01
-2.423100598696513952e+00 1.944667208490845312e+01
-2.421542835534381766e+00 2.134057739217864125e+01
-2.419985072372249579e+00 1.725148204491809878e+01
-2.418427309210117393e+00 1.476810074442582632e+01
-2.416869546047985651e+00 1.794062608403713099e+01
-2.415311782885853020e+00 1.708852799272533218e+01
-2.413754019723721278e+00 1.656750589136867902e+01
-2.412196256561589092e+00 1.682965976328253532e+01
-2.410638493399456905e+00 1.666253214661648840e+01
-2.409080730237324719e+00 1.362231177062870024e+01
-2.407522967075192533e+00 1.440185110217679920e+01
-2.405965203913060790e+00 1.784245293456210035e+01
-2.404407440750928160e+00 2.141166157128090575e+01
-2.402849677588796418e+00 1.986513128299551667e+01
-2.401291914426664231e+00 1.600421436546394105e+01
-2.399734151264532045e+00 1.598919828420254241e+01
-2.398176388102399859e+00 1.643251970512134008e+01
-2.396618624940267672e+00 1.260437856356064223e+01
-2.395060861778135930e+00 1.578011852847553342e+01
-2.393503098616003300e+00 1.724211375472723162e+01
-2.391945335453871557e+00 1.675709459866576267e+01
-2.390387572291739371e+00 1.893697438789619980e+01
-2.388829809129607185e+00 1.847256129576568284e+01
-2.387272045967474998e+00 1.812624311097455987e+01
-2.385714282805342812e+00 1.998282072808262910e+01
-2.384156519643211070e+00 1.919407634367951232e+01
-2.382598756481078883e+00 1.448444817229390935e+01
-2.381040993318946697e+00 1.490495833487382349e+01
-2.379483230156814511e+00 1.716029655460969039e+01
-2.377925466994682324e+00 1.518018581572210124e+01
-2.376367703832550138e+00 1.306174127581278377e+01
-2.374809940670417951e+00 1.201166579435717097e+01
-2.373252177508286209e+00 1.840227762532288125e+01
-2.371694414346154023e+00 1.526858349767802103e+01
-2.370136651184021837e+00 1.678326908000175166e+01
-2.368578888021889650e+00 1.591978789035323949e+01
-2.367021124859757464e+00 1.674078809123843214e+01
-2.365463361697625277e+00 1.726072668213300076e+01
-2.363905598535493091e+00 1.483736951080393496e+01
-2.362347835373361349e+00 1.515869081524415307e+01
-2.360790072211229162e+00 1.966696074361424706e+01
-2.359232309049096976e+00 2.029715367961103212e+01
-2.357674545886964790e+00 2.230978211513646059e+01
-2.356116782724832603e+00 1.931717746852602957e+01
-2.354559019562700417e+00 1.533472529265035433e+01
-2.353001256400568231e+00 1.646005511013652978e+01
-2.351443493238436488e+00 1.545112965552587525e+01
-2.349885730076304302e+00 1.397647753159886186e+01
-2.348327966914172116e+00 1.534148620924091233e+01
-2.346770203752039929e+00 1.634198888307485831e+01
-2.345212440589907743e+00 1.705986783615073321e+01
-2.343654677427775557e+00 1.419552930930263024e+01
-2.342096914265643370e+00 1.451210143879668557e+01
-2.340539151103511628e+00 1.885455974234918131e+01
-2.338981387941379442e+00 1.500618033284180797e+01
-2.337423624779247255e+00 1.701459534065314827e+01
-2.335865861617115069e+00 1.657040105415990183e+01
-2.334308098454982883e+00 1.308911525705422640e+01
-2.332750335292850696e+00 1.389935956411712681e+01
-2.331192572130718510e+00 1.599316717288417244e+01
-2.329634808968586768e+00 1.611464910183239496e+01
-2.328077045806454581e+00 1.727207820938932770e+01
-2.326519282644322395e+00 1.980802011728694723e+01
-2.324961519482190209e+00 1.857069325875472643e+01
-2.323403756320058022e+00 1.759292251713184996e+01
-2.321845993157926280e+00 2.053779400335198346e+01
-2.320288229995793650e+00 1.857090581948366292e+01
-2.318730466833661907e+00 1.680062516244734283e+01
-2.317172703671529721e+00 1.620129291673863037e+01
-2.315614940509397535e+00 1.404628400101016261e+01
-2.314057177347265348e+00 1.704307665695315777e+01
-2.312499414185133162e+00 1.848086498363319308e+01
-2.310941651023001420e+00 1.713308355133663596e+01
-2.309383887860868789e+00 1.752344966185371433e+01
-2.307826124698737047e+00 1.764100569115446504e+01
-2.306268361536604861e+00 1.609285110294189280e+01
-2.304710598374472674e+00 1.479830547094553417e+01
-2.303152835212340488e+00 1.735143554239901675e+01
-2.301595072050208302e+00 1.936024495243320942e+01
-2.300037308888076559e+00 1.403261038543581485e+01
-2.298479545725944373e+00 1.290879882094522912e+01
-2.296921782563812187e+00 1.600419481149945966e+01
-2.295364019401680000e+00 1.631276553033088561e+01
-2.293806256239547814e+00 1.340367636875040880e+01
-2.292248493077415628e+00 1.495637270515720907e+01
-2.290690729915283441e+00 1.263080233098996707e+01
-2.289132966753151699e+00 1.317914187869179443e+01
-2.287575203591019513e+00 1.440266533484169820e+01
-2.286017440428887326e+00 1.556711246616937139e+01
-2.284459677266755140e+00 2.011458215461195209e+01
-2.282901914104622954e+00 2.101965766138057390e+01
-2.281344150942490767e+00 1.986150562605390135e+01
-2.279786387780358581e+00 1.649474781289415759e+01
-2.278228624618226839e+00 1.493527523621109943e+01
-2.276670861456094652e+00 1.498713737003652646e+01
-2.275113098293962466e+00 1.451442289629471993e+01
-2.273555335131830279e+00 1.445644655494465169e+01
-2.271997571969698093e+00 1.497755980858940816e+01
-2.270439808807565907e+00 1.912343673212023631e+01
-2.268882045645433720e+00 2.261076155679544541e+01
-2.267324282483301978e+00 1.722511457875321028e+01
-2.265766519321169792e+00 1.243130696759175180e+01
-2.264208756159037605e+00 1.700355380806506744e+01
-2.262650992996905419e+00 1.686537145878309119e+01
-2.261093229834773233e+00 1.502594403836965142e+01
-2.259535466672641046e+00 1.864807027493960234e+01
-2.257977703510508860e+00 1.734454336019734200e+01
-2.256419940348377118e+00 1.954608123176742751e+01
-2.254862177186244931e+00 1.912400702984978906e+01
-2.253304414024112745e+00 1.794064201034261785e+01
-2.251746650861980559e+00 1.732892110362621096e+01
-2.250188887699848372e+00 1.463894318863495059e+01
-2.248631124537716186e+00 1.349390410161280407e+01
-2.247073361375584000e+00 1.615262308594983764e+01
-2.245515598213452257e+00 1.834258766259932116e+01
-2.243957835051320071e+00 1.724224583538324040e+01
-2.242400071889187885e+00 1.411621228024404928e+01
-2.240842308727055698e+00 1.398454763854975802e+01
-2.239284545564923512e+00 1.781504682384845140e+01
-2.237726782402791770e+00 1.716249803094676807e+01
-2.236169019240659139e+00 1.437854018197056938e+01
-2.234611256078527397e+00 1.652600604553461139e+01
-2.233053492916395211e+00 1.644850262043174638e+01
-2.231495729754263024e+00 1.581550699721164754e+01
-2.229937966592130838e+00 1.796202228094685083e+01
-2.228380203429998652e+00 1.818441012027261650e+01
-2.226822440267866909e+00 1.568527236725124574e+01
-2.225264677105734279e+00 1.948569431883891667e+01
-2.223706913943602537e+00 2.204366657453538991e+01
-2.222149150781470350e+00 1.824379407122669861e+01
-2.220591387619338164e+00 1.935657634546706163e+01
-2.219033624457205978e+00 1.623447044216059965e+01
-2.217475861295073791e+00 1.400163273174997336e+01
-2.215918098132942049e+00 1.737845737864746809e+01
-2.214360334970809419e+00 1.961591970699827314e+01
-2.212802571808677676e+00 1.731867768200681112e+01
-2.211244808646545490e+00 2.125168644263139583e+01
-2.209687045484413304e+00 2.202072797590938080e+01
-2.208129282322281117e+00 1.787135766323572739e+01
-2.206571519160148931e+00 1.795857312248898552e+01
-2.205013755998017189e+00 1.747297822719647442e+01
-2.203455992835885002e+00 1.706374995375824710e+01
-2.201898229673752816e+00 1.550999500687353283e+01
-2.200340466511620630e+00 1.541366075984980455e+01
-2.198782703349488443e+00 1.560954725412261013e+01
-2.197224940187356257e+00 2.239394958755930531e+01
-2.195667177025224071e+00 1.890543255649705046e+01
-2.194109413863092328e+00 1.645250532544552868e+01
-2.192551650700960142e+00 1.921690064502964290e+01
-2.190993887538827956e+00 1.911766900615617004e+01
-2.189436124376695769e+00 1.510927012787196766e+01
-2.187878361214563583e+00 1.670256927402025937e+01
-2.186320598052431841e+00 1.917255945649371540e+01
-2.184762834890299210e+00 1.965994987345737499e+01
-2.183205071728167468e+00 2.103819287691499085e+01
-2.181647308566034837e+00 1.853286990734168782e+01
-2.180089545403903095e+00 1.601697261985026444e+01
-2.178531782241770909e+00 1.409076169940331802e+01
-2.176974019079638722e+00 1.694399877939880739e+01
-2.175416255917506980e+00 1.651234411864319185e+01
-2.173858492755374350e+00 1.376660823474711570e+01
-2.172300729593242608e+00 1.504889107760899414e+01
-2.170742966431110421e+00 1.993259608155535645e+01
-2.169185203268978235e+00 2.035282299725441746e+01
-2.167627440106846048e+00 1.903465967865853159e+01
-2.166069676944713862e+00 1.831460668732680475e+01
-2.164511913782582120e+00 1.813426464265791083e+01
-2.162954150620449489e+00 2.347852232636090264e+01
-2.161396387458317747e+00 1.849405495808037259e+01
-2.159838624296185561e+00 1.530378543367253918e+01
-2.158280861134053374e+00 1.762622139689027279e+01
-2.156723097971921188e+00 2.046682254151539837e+01
-2.155165334809789002e+00 1.748430462384833106e+01
-2.153607571647657259e+00 1.665976793729135963e+01
-2.152049808485524629e+00 2.019074824930685352e+01
-2.150492045323392887e+00 2.099852390334923413e+01
-2.148934282161260700e+00 1.898176005284074108e+01
-2.147376518999128514e+00 1.943218372459348231e+01
-2.145818755836996328e+00 2.089198671649644012e+01
-2.144260992674864141e+00 1.740078269512294895e+01
-2.142703229512732399e+00 1.453356764596136053e+01
-2.141145466350599769e+00 1.983008915607339162e+01
-2.139587703188468026e+00 1.701900309446279991e+01
-2.138029940026335840e+00 1.472366607700507224e+01
-2.136472176864203654e+00 1.625762644268253254e+01
-2.134914413702071467e+00 1.849873140634868207e+01
-2.133356650539939281e+00 1.664690624142836484e+01
-2.131798887377807539e+00 1.368603766862432991e+01
-2.130241124215674908e+00 1.529162615404769987e+01
-2.128683361053543166e+00 1.947546575046048289e+01
-2.127125597891410980e+00 1.673591177303319100e+01
-2.125567834729278793e+00 1.301246672179693853e+01
-2.124010071567146607e+00 1.669062545215354731e+01
-2.122452308405014421e+00 1.894298391812390037e+01
-2.120894545242882678e+00 1.737187355005030298e+01
-2.119336782080750048e+00 1.959420584331240178e+01
-2.117779018918618306e+00 1.611054029525810449e+01
-2.116221255756486119e+00 1.481776112677191470e+01
-2.114663492594353933e+00 1.563270337983224856e+01
-2.113105729432221747e+00 1.491534236101342792e+01
-2.111547966270089560e+00 1.561779272384352346e+01
-2.109990203107957818e+00 1.874335032048257332e+01
-2.108432439945825188e+00 1.984456133246407106e+01
-2.106874676783693445e+00 1.686975212631141474e+01
-2.105316913621561259e+00 1.753078419800469945e+01
-2.103759150459429073e+00 2.202420877681343114e+01
-2.102201387297297330e+00 1.507324166496885454e+01
-2.100643624135164700e+00 1.370775859321318535e+01
-2.099085860973032958e+00 1.643809431929087594e+01
-2.097528097810900327e+00 1.367256952864408781e+01
-2.095970334648768585e+00 1.680124604368239716e+01
-2.094412571486636399e+00 2.152271323591469709e+01
-2.092854808324504212e+00 1.969327961349352307e+01
-2.091297045162372470e+00 1.483274043352846228e+01
-2.089739282000239839e+00 1.710954604746809338e+01
-2.088181518838108097e+00 1.790305505239474471e+01
-2.086623755675975467e+00 1.541064736888177578e+01
-2.085065992513843725e+00 1.788196679162982150e+01
-2.083508229351711538e+00 1.938282566044723865e+01
-2.081950466189579352e+00 2.059743490435116797e+01
-2.080392703027447610e+00 1.644957595787946758e+01
-2.078834939865314979e+00 1.602456645653847289e+01
-2.077277176703183237e+00 1.847800678239394045e+01
-2.075719413541051050e+00 1.540433691726873278e+01
-2.074161650378918864e+00 1.420632867138546196e+01
-2.072603887216786678e+00 1.694834209403369840e+01
-2.071046124054654491e+00 1.534552399223853136e+01
-2.069488360892522749e+00 1.919385363435151248e+01
-2.067930597730390119e+00 2.203505877746450281e+01
-2.066372834568258376e+00 1.714485573605620061e+01
-2.064815071406126190e+00 1.548810798328597294e+01
-2.063257308243994004e+00 1.622955672087321588e+01
-2.061699545081861817e+00 1.990113344268920414e+01
-2.060141781919729631e+00 2.060841291240774353e+01
-2.058584018757597889e+00 1.708540886269089754e+01
-2.057026255595465258e+00 1.696281772684509193e+01
-2.055468492433333516e+00 1.816147323599474817e+01
-2.053910729271201330e+00 1.742339451872395983e+01
-2.052352966109069143e+00 2.485986114373699962e+01
-2.050795202946936957e+00 2.287246929466714818e+01
-2.049237439784804771e+00 1.644910592367804014e+01
-2.047679676622673028e+00 1.591299756401906329e+01
-2.046121913460540398e+00 1.706744080280996911e+01
-2.044564150298408656e+00 1.809006068001955825e+01
-2.043006387136276469e+00 1.941353494827850312e+01
-2.041448623974144283e+00 1.988572839964734484e+01
-2.039890860812012097e+00 1.776428167221904886e+01
-2.038333097649879910e+00 1.771370610762016895e+01
-2.036775334487748168e+00 2.039720374613287746e+01
-2.035217571325615538e+00 2.055419478026671598e+01
-2.033659808163483795e+00 1.782313512294322067e+01
-2.032102045001351609e+00 1.699220136011789606e+01
-2.030544281839219423e+00 2.119442623696403771e+01
-2.028986518677087236e+00 1.803433280602689237e+01
-2.027428755514955050e+00 1.731747215265997042e+01
-2.025870992352823308e+00 1.824765595873401480e+01
-2.024313229190690677e+00 1.906830324736696625e+01
-2.022755466028558935e+00 2.141526489274462008e+01
-2.021197702866426749e+00 2.099134326831113739e+01
-2.019639939704294562e+00 1.825433988835192878e+01
-2.018082176542162820e+00 1.923424355900721849e+01
-2.016524413380030190e+00 1.796975953687445582e+01
-2.014966650217898447e+00 1.827686178277618012e+01
-2.013408887055765817e+00 1.839805459225052786e+01
-2.011851123893634075e+00 1.711161385543737978e+01
-2.010293360731501888e+00 1.651361428365310147e+01
-2.008735597569369702e+00 1.664920421779914506e+01
-2.007177834407237960e+00 1.629171162806967743e+01
-2.005620071245105329e+00 1.734157210814362671e+01
-2.004062308082973587e+00 1.838140266598490413e+01
-2.002504544920840956e+00 1.693675138729837926e+01
-2.000946781758709214e+00 1.862827611488197377e+01
-1.999389018596577028e+00 1.831104964481892239e+01
-1.997831255434444842e+00 1.653919742465044251e+01
-1.996273492272312877e+00 2.076235043311015716e+01
-1.994715729110180691e+00 1.919557147773022265e+01
-1.993157965948048505e+00 1.836100457611392400e+01
-1.991600202785916540e+00 1.656621941374250540e+01
-1.990042439623784354e+00 1.695857243266996761e+01
-1.988484676461652167e+00 1.615939585387556221e+01
-1.986926913299519981e+00 1.656929686476560448e+01
-1.985369150137388017e+00 1.652600557593768116e+01
-1.983811386975255830e+00 1.669148690360206899e+01
-1.982253623813123644e+00 2.235048842612734177e+01
-1.980695860650991680e+00 2.086823683132750418e+01
-1.979138097488859493e+00 1.769307177163720368e+01
-1.977580334326727307e+00 1.948197009625346254e+01
-1.976022571164595343e+00 1.765776199848479777e+01
-1.974464808002463156e+00 1.691416165502074165e+01
-1.972907044840330970e+00 1.770391450543410983e+01
-1.971349281678198784e+00 1.912357668753368145e+01
-1.969791518516066819e+00 1.856636775644122750e+01
-1.968233755353934633e+00 1.695823262099498052e+01
-1.966675992191802447e+00 1.744855044397524324e+01
-1.965118229029670482e+00 1.580168734938819775e+01
-1.963560465867538296e+00 1.370792428159045606e+01
-1.962002702705406110e+00 1.684988280728416044e+01
-1.960444939543273923e+00 1.616431530715018283e+01
-1.958887176381141959e+00 1.679799745229512098e+01
-1.957329413219009773e+00 1.890876552939541355e+01
-1.955771650056877586e+00 1.910041706887833257e+01
-1.954213886894745622e+00 1.649536670830083551e+01
-1.952656123732613436e+00 1.621976613703327530e+01
-1.951098360570481249e+00 2.102934500005578045e+01
-1.949540597408349285e+00 1.964632637396682568e+01
-1.947982834246217099e+00 1.559086693267350832e+01
-1.946425071084084912e+00 1.725810500355440169e+01
-1.944867307921952726e+00 1.482322809767876670e+01
-1.943309544759820762e+00 1.361700725755224717e+01
-1.941751781597688575e+00 1.382634704876305598e+01
-1.940194018435556389e+00 1.517612325701008302e+01
-1.938636255273424425e+00 1.230837225169430660e+01
-1.937078492111292238e+00 1.401148446262547509e+01
-1.935520728949160052e+00 2.115348195004068543e+01
-1.933962965787027866e+00 1.923410039695848539e+01
-1.932405202624895901e+00 1.686147550978957099e+01
-1.930847439462763715e+00 1.800140139480058465e+01
-1.929289676300631529e+00 2.041299056947703860e+01
-1.927731913138499564e+00 2.088579525896891198e+01
-1.926174149976367378e+00 2.054911374894018294e+01
-1.924616386814235192e+00 1.661536529171817733e+01
-1.923058623652103227e+00 1.456742750718889923e+01
-1.921500860489971041e+00 1.526496179608889214e+01
-1.919943097327838855e+00 1.451741274991533892e+01
-1.918385334165706668e+00 1.692952124334295760e+01
-1.916827571003574704e+00 1.676155587032672756e+01
-1.915269807841442518e+00 1.640966652529266057e+01
-1.913712044679310331e+00 1.469016741945943139e+01
-1.912154281517178367e+00 1.555797267242144954e+01
-1.910596518355046181e+00 1.587329687119549959e+01
-1.909038755192913994e+00 1.707376009167481357e+01
-1.907480992030782030e+00 1.861395093017273794e+01
-1.905923228868649844e+00 1.815870072243680511e+01
-1.904365465706517657e+00 1.770058564203596774e+01
-1.902807702544385471e+00 1.606006597137640313e+01
-1.901249939382253507e+00 1.673010925301569785e+01
-1.899692176220121320e+00 1.975131354563362152e+01
-1.898134413057989134e+00 2.107069525127845466e+01
-1.896576649895857170e+00 2.071110141537253213e+01
-1.895018886733724983e+00 2.113955697348996665e+01
-1.893461123571592797e+00 2.040887901819221639e+01
-1.891903360409460610e+00 1.802018180995955277e+01
-1.890345597247328646e+00 1.711944634366585305e+01
-1.888787834085196460e+00 1.587136348319987000e+01
-1.887230070923064273e+00 1.576846361013778086e+01
-1.885672307760932309e+00 2.011076325393241149e+01
-1.884114544598800123e+00 1.878614602393368926e+01
-1.882556781436667936e+00 1.984036942327079700e+01
-1.880999018274535972e+00 1.835161264587326713e+01
-1.879441255112403786e+00 1.750351801564632837e+01
-1.877883491950271599e+00 1.805848430148657968e+01
-1.876325728788139413e+00 1.742494297880931242e+01
-1.874767965626007449e+00 1.670260103165735543e+01
-1.873210202463875262e+00 1.870446360569339106e+01
-1.871652439301743076e+00 1.953354163894844220e+01
-1.870094676139611112e+00 2.027857692176751669e+01
-1.868536912977478925e+00 2.257992549692143314e+01
-1.866979149815346739e+00 1.842113451028383508e+01
-1.865421386653214775e+00 1.693189616809810971e+01
-1.863863623491082588e+00 1.822765943179501491e+01
-1.862305860328950402e+00 1.726830167812429906e+01
-1.860748097166818216e+00 1.662689467524371878e+01
-1.859190334004686251e+00 1.852285530937386682e+01
-1.857632570842554065e+00 1.743694716685007506e+01
-1.856074807680421879e+00 1.833643350984731768e+01
-1.854517044518289914e+00 2.394862364679849520e+01
-1.852959281356157728e+00 1.718543517704848966e+01
-1.851401518194025542e+00 1.770979523586945703e+01
-1.849843755031893355e+00 1.893827826097779621e+01
-1.848285991869761391e+00 1.433228126157023752e+01
-1.846728228707629205e+00 1.238421978425001235e+01
-1.845170465545497018e+00 1.535060774424417218e+01
-1.843612702383365054e+00 1.788078320029938340e+01
-1.842054939221232868e+00 2.021535638098498211e+01
-1.840497176059100681e+00 2.007009128231482720e+01
-1.838939412896968717e+00 1.691110781762522564e+01
-1.837381649734836531e+00 1.782116559572077108e+01
-1.835823886572704344e+00 1.844386231344748239e+01
-1.834266123410572158e+00 2.088110533479244069e+01
-1.832708360248440194e+00 2.172634594923492912e+01
-1.831150597086308007e+00 1.977367788136035998e+01
-1.829592833924175821e+00 1.746020194345342702e+01
-1.828035070762043857e+00 1.695900686482118047e+01
-1.826477307599911670e+00 2.281793472902301545e+01
-1.824919544437779484e+00 2.224598892815295770e+01
-1.823361781275647520e+00 2.078357978151142404e+01
-1.821804018113515333e+00 1.911825479079709922e+01
-1.820246254951383147e+00 1.712445144370260408e+01
-1.818688491789250961e+00 1.681219462684879673e+01
-1.817130728627118996e+00 1.862829536672654029e+01
-1.815572965464986810e+00 2.133838774507591296e+01
-1.814015202302854624e+00 2.278034824873812525e+01
-1.812457439140722659e+00 1.703318078049727191e+01
-1.810899675978590473e+00 1.755540417222720251e+01
-1.809341912816458287e+00 1.708707975483038055e+01
-1.807784149654326100e+00 1.728169579830237979e+01
-1.806226386492194136e+00 1.872018645239123558e+01
-1.804668623330061950e+00 2.014399954337113741e+01
-1.803110860167929763e+00 1.966899481423731899e+01
-1.801553097005797799e+00 2.040699620591681551e+01
-1.799995333843665613e+00 2.339154532704661094e+01
-1.798437570681533426e+00 1.593012140984967751e+01
-1.796879807519401462e+00 1.427533734652267938e+01
-1.795322044357269275e+00 1.851022129010731376e+01
-1.793764281195137089e+00 1.539946086987393237e+01
-1.792206518033004903e+00 1.687222686565544549e+01
-1.790648754870872938e+00 1.807966826720147324e+01
-1.789090991708740752e+00 1.576305497438917236e+01
-1.787533228546608566e+00 1.391801468571191869e+01
-1.785975465384476601e+00 2.068414362211412083e+01
-1.784417702222344415e+00 2.257257607741070515e+01
-1.782859939060212229e+00 1.411267715143237567e+01
-1.781302175898080042e+00 1.715504074323539996e+01
-1.779744412735948078e+00 1.594543021776257063e+01
-1.778186649573815892e+00 1.998453000675206681e+01
-1.776628886411683705e+00 2.137671003024624383e+01
-1.775071123249551741e+00 2.109950673040762226e+01
-1.773513360087419555e+00 2.068960734455984252e+01
-1.771955596925287368e+00 1.889394325153844534e+01
-1.770397833763155404e+00 1.539523903155653173e+01
-1.768840070601023218e+00 1.681048808457076049e+01
-1.767282307438891031e+00 2.138118602325289075e+01
-1.765724544276758845e+00 1.883677800257743229e+01
-1.764166781114626881e+00 2.040643048944737004e+01
-1.762609017952494694e+00 2.079762807591287910e+01
-1.761051254790362508e+00 1.789928664283467086e+01
-1.759493491628230544e+00 1.551925063756432621e+01
-1.757935728466098357e+00 2.050029052060025592e+01
-1.756377965303966171e+00 2.230941581739660506e+01
-1.754820202141834207e+00 1.741422303503539482e+01
-1.753262438979702020e+00 1.993526287677770981e+01
-1.751704675817569834e+00 1.840046224834843969e+01
-1.750146912655437648e+00 1.848092480211047572e+01
-1.748589149493305683e+00 1.983765001531931205e+01
-1.747031386331173497e+00 1.969730215789718386e+01
-1.745473623169041311e+00 1.780491150552922974e+01
-1.743915860006909346e+00 1.606779204335053990e+01
-1.742358096844777160e+00 1.631435214358280206e+01
-1.740800333682644974e+00 2.070935597890905910e+01
-1.739242570520512787e+00 2.005197951689599378e+01
-1.737684807358380823e+00 2.239297661329943523e+01
-1.736127044196248637e+00 1.966938145744997257e+01
-1.734569281034116450e+00 1.997305029840281421e+01
-1.733011517871984486e+00 2.139532580470963907e+01
-1.731453754709852300e+00 1.792743725469600591e+01
-1.729895991547720113e+00 1.925060796770267757e+01
-1.728338228385588149e+00 2.464390234617637532e+01
-1.726780465223455963e+00 1.879145140924745405e+01
-1.725222702061323776e+00 1.626829522562837127e+01
-1.723664938899191590e+00 1.794809582959030081e+01
-1.722107175737059626e+00 2.018779250461772179e+01
-1.720549412574927439e+00 1.908180358029737533e+01
-1.718991649412795253e+00 1.915732317045377542e+01
-1.717433886250663289e+00 1.991125738551696855e+01
-1.715876123088531102e+00 2.067930109578758291e+01
-1.714318359926398916e+00 2.110645454428331291e+01
-1.712760596764266952e+00 1.618144793239180856e+01
-1.711202833602134765e+00 1.421572571070128532e+01
-1.709645070440002579e+00 1.816938424066930580e+01
-1.708087307277870392e+00 2.231559945416037749e+01
-1.706529544115738428e+00 2.201750602249478206e+01
-1.704971780953606242e+00 2.271741901440103817e+01
-1.703414017791474055e+00 2.342764948793367807e+01
-1.701856254629342091e+00 2.458265980238710924e+01
-1.700298491467209905e+00 2.420305157528463624e+01
-1.698740728305077718e+00 2.129539225842568584e+01
-1.697182965142945532e+00 1.832634306924646594e+01
-1.695625201980813568e+00 1.949837405625679665e+01
-1.694067438818681381e+00 2.406587595800102974e+01
-1.692509675656549195e+00 2.475288032920465398e+01
-1.690951912494417231e+00 2.122814821187816747e+01
-1.689394149332285044e+00 1.760965094792224761e+01
-1.687836386170152858e+00 1.658456932961883723e+01
-1.686278623008020894e+00 1.720427284114099464e+01
-1.684720859845888707e+00 1.714180255771155004e+01
-1.683163096683756521e+00 2.104942535530810588e+01
-1.681605333521624335e+00 2.486033900786059903e+01
-1.680047570359492370e+00 1.744729708708847227e+01
-1.678489807197360184e+00 1.795157704517355413e+01
-1.676932044035227998e+00 1.992734650072316427e+01
-1.675374280873096033e+00 1.928673968066502198e+01
-1.673816517710963847e+00 1.909722452485441835e+01
-1.672258754548831661e+00 1.944882411262858568e+01
-1.670700991386699696e+00 1.731320657961518350e+01
-1.669143228224567510e+00 2.009490048251260674e+01
-1.667585465062435324e+00 2.256208977146258476e+01
-1.666027701900303137e+00 1.868006764092875827e+01
-1.664469938738171173e+00 2.139080340298295724e+01
-1.662912175576038987e+00 2.405006104792393273e+01
-1.661354412413906800e+00 2.518200544196820445e+01
-1.659796649251774836e+00 2.228228424197715540e+01
-1.658238886089642650e+00 1.907132051924258320e+01
-1.656681122927510463e+00 1.917427027866458289e+01
-1.655123359765378277e+00 1.771313348645454155e+01
-1.653565596603246313e+00 1.626323322940616478e+01
-1.652007833441114126e+00 1.741266303758355605e+01
-1.650450070278981940e+00 1.967821133419217006e+01
-1.648892307116849976e+00 1.914549273037580335e+01
-1.647334543954717789e+00 1.742246160256654974e+01
-1.645776780792585603e+00 2.079971945721526438e+01
-1.644219017630453639e+00 2.141218677912076984e+01
-1.642661254468321452e+00 1.480806129748835964e+01
-1.641103491306189266e+00 1.380767064661448629e+01
-1.639545728144057080e+00 1.452231013214779232e+01
-1.637987964981925115e+00 1.602162343906618958e+01
-1.636430201819792929e+00 1.808758814678167326e+01
-1.634872438657660743e+00 1.868955326376204340e+01
-1.633314675495528778e+00 1.643233905017023488e+01
-1.631756912333396592e+00 1.706849422786504533e+01
-1.630199149171264406e+00 2.237325640864232668e+01
-1.628641386009132219e+00 2.203464958479558078e+01
-1.627083622847000255e+00 1.921884615993374013e+01
-1.625525859684868069e+00 1.565426386783438240e+01
-1.623968096522735882e+00 1.982864231890870599e+01
-1.622410333360603918e+00 1.744760894268224405e+01
-1.620852570198471732e+00 1.792145229930506645e+01
-1.619294807036339545e+00 1.560084528521395342e+01
-1.617737043874207581e+00 1.946577968074294063e+01
-1.616179280712075395e+00 2.019564048421202074e+01
-1.614621517549943208e+00 1.989963702595017025e+01
-1.613063754387811022e+00 1.793504769247915931e+01
-1.611505991225679058e+00 1.467209010038921946e+01
-1.609948228063546871e+00 1.600419799809464649e+01
-1.608390464901414685e+00 2.063052593134847612e+01
-1.606832701739282721e+00 2.048000946588882343e+01
-1.605274938577150534e+00 2.154638912148274699e+01
-1.603717175415018348e+00 1.601077027768339889e+01
-1.602159412252886383e+00 2.047569906777595250e+01
-1.600601649090754197e+00 2.065847155581282379e+01
-1.599043885928622011e+00 1.954429068323388918e+01
-1.597486122766489824e+00 1.816077382623646130e+01
-1.595928359604357860e+00 1.476932024806792754e+01
-1.594370596442225674e+00 1.381588185193334617e+01
-1.592812833280093487e+00 1.465971656595743511e+01
-1.591255070117961523e+00 2.244460702875523239e+01
-1.589697306955829337e+00 2.257624736050474823e+01
-1.588139543793697150e+00 1.990797686446056503e+01
-1.586581780631564964e+00 1.951601734664008703e+01
-1.585024017469433000e+00 2.114177322439976692e+01
-1.583466254307300813e+00 1.951755293678504088e+01
-1.581908491145168627e+00 1.902222152375827946e+01
-1.580350727983036663e+00 2.284778152136215468e+01
-1.578792964820904476e+00 2.073769103866579400e+01
-1.577235201658772290e+00 2.068500005985425716e+01
-1.575677438496640326e+00 1.946492442980832749e+01
-1.574119675334508139e+00 1.937828517420644303e+01
-1.572561912172375953e+00 2.168382439240366466e+01
-1.571004149010243767e+00 2.083342124952816832e+01
-1.569446385848111802e+00 1.784594721393057526e+01
-1.567888622685979616e+00 1.815858631711127558e+01
-1.566330859523847430e+00 2.097268084638665897e+01
-1.564773096361715465e+00 2.450480085832547417e+01
-1.563215333199583279e+00 2.292932448259913869e+01
-1.561657570037451093e+00 2.188277028022875825e+01
-1.560099806875319128e+00 2.281523749933820255e+01
-1.558542043713186942e+00 2.332674201952129778e+01
-1.556984280551054756e+00 2.378377120441968273e+01
-1.555426517388922569e+00 2.121444517426292364e+01
-1.553868754226790605e+00 2.049751614111237075e+01
-1.552310991064658419e+00 2.412441382220873720e+01
-1.550753227902526232e+00 2.003838222142993430e+01
-1.549195464740394268e+00 1.924653493385669378e+01
-1.547637701578262082e+00 1.965045486913502160e+01
-1.546079938416129895e+00 2.197756119746424019e+01
-1.544522175253997709e+00 2.335730641906545202e+01
-1.542964412091865745e+00 2.275520978762779833e+01
-1.541406648929733558e+00 2.315571487236838877e+01
-1.539848885767601372e+00 2.321249284544003899e+01
-1.538291122605469408e+00 1.894712194478005785e+01
-1.536733359443337221e+00 2.394678224331534366e+01
-1.535175596281205035e+00 1.718348445207753983e+01
-1.533617833119073071e+00 2.283458067287469007e+01
-1.532060069956940884e+00 2.320631268052651563e+01
-1.530502306794808698e+00 2.306859378321181708e+01
-1.528944543632676512e+00 2.027752619568661885e+01
-1.527386780470544547e+00 1.728557692577322413e+01
-1.525829017308412361e+00 2.207529428574374819e+01
-1.524271254146280175e+00 1.814063704294570556e+01
-1.522713490984148210e+00 1.510887020056146213e+01
-1.521155727822016024e+00 2.169228361026119245e+01
-1.519597964659883838e+00 2.021249362474247491e+01
-1.518040201497751651e+00 1.824857166263115005e+01
-1.516482438335619687e+00 1.735399193168706589e+01
-1.514924675173487501e+00 1.862320472060574517e+01
-1.513366912011355314e+00 1.972160210609151676e+01
-1.511809148849223350e+00 2.176442013050677105e+01
-1.510251385687091163e+00 2.690674252141061729e+01
-1.508693622524958977e+00 2.526363464536598258e+01
-1.507135859362827013e+00 2.111321808343965145e+01
-1.505578096200694826e+00 1.665226750064675443e+01
-1.504020333038562640e+00 1.795883283210495662e+01
-1.502462569876430454e+00 1.847452731348670696e+01
-1.500904806714298489e+00 1.816123533765905051e+01
-1.499347043552166303e+00 1.642261791870232557e+01
-1.497789280390034117e+00 1.516640255813833704e+01
-1.496231517227902152e+00 1.647267686760342187e+01
-1.494673754065769966e+00 1.651091349341529835e+01
-1.493115990903637780e+00 2.200371643645114261e+01
-1.491558227741505815e+00 1.756729608471162862e+01
-1.490000464579373629e+00 1.599048835078562192e+01
-1.488442701417241443e+00 1.706693358105322034e+01
-1.486884938255109256e+00 1.697528533753223812e+01
-1.485327175092977292e+00 1.639075154412664759e+01
-1.483769411930845106e+00 1.985311182839935285e+01
-1.482211648768712919e+00 1.839282172652486480e+01
-1.480653885606580955e+00 1.859913646875180504e+01
-1.479096122444448769e+00 2.241825263675141500e+01
-1.477538359282316582e+00 2.209447639211782644e+01
-1.475980596120184396e+00 2.031422340815853289e+01
-1.474422832958052432e+00 1.972806994787754675e+01
-1.472865069795920245e+00 1.949863080217367184e+01
-1.471307306633788059e+00 1.903870204255585818e+01
-1.469749543471656095e+00 1.983834895156031308e+01
-1.468191780309523908e+00 1.781178002499003199e+01
-1.466634017147391722e+00 1.574652476967719750e+01
-1.465076253985259758e+00 1.980834825350471462e+01
-1.463518490823127571e+00 2.245626819451317502e+01
-1.461960727660995385e+00 2.062568870538046184e+01
-1.460402964498863199e+00 1.767121770942555514e+01
-1.458845201336731234e+00 2.097475794275428385e+01
-1.457287438174599048e+00 2.236991661750444038e+01
-1.455729675012466862e+00 1.734052739784076991e+01
-1.454171911850334897e+00 1.515630826731213965e+01
-1.452614148688202711e+00 1.804831441705444206e+01
-1.451056385526070525e+00 2.185073801163624552e+01
-1.449498622363938560e+00 2.208377545399264008e+01
-1.447940859201806374e+00 1.780591265749513497e+01
-1.446383096039674188e+00 1.661113694439515953e+01
-1.444825332877542001e+00 1.764028907494947518e+01
-1.443267569715410037e+00 1.865955925335341092e+01
-1.441709806553277851e+00 2.026383094547443164e+01
-1.440152043391145664e+00 2.371495456515205547e+01
-1.438594280229013700e+00 2.111080955335134846e+01
-1.437036517066881514e+00 1.610762363214282900e+01
-1.435478753904749327e+00 1.847849952753712799e+01
-1.433920990742617141e+00 1.854362563472356484e+01
-1.432363227580485177e+00 1.913123512923248626e+01
-1.430805464418352990e+00 2.092218321538667780e+01
-1.429247701256220804e+00 2.224800352465106812e+01
-1.427689938094088840e+00 1.971793270986713154e+01
-1.426132174931956653e+00 1.939724766016729163e+01
-1.424574411769824467e+00 2.321795654166411182e+01
-1.423016648607692503e+00 2.042245274887657303e+01
-1.421458885445560316e+00 2.043202270382804286e+01
-1.419901122283428130e+00 2.089885292238101044e+01
-1.418343359121295943e+00 1.999842805107383015e+01
-1.416785595959163979e+00 1.774158609891814109e+01
-1.415227832797031793e+00 2.017575310957069945e+01
-1.413670069634899606e+00 2.208439118974179749e+01
-1.412112306472767642e+00 2.060587486499039045e+01
-1.410554543310635456e+00 2.337782512246005240e+01
-1.408996780148503269e+00 1.895321175827442772e+01
-1.407439016986371305e+00 1.991609538620763331e+01
-1.405881253824239119e+00 1.770700010637094834e+01
-1.404323490662106932e+00 2.003043060845034518e+01
-1.402765727499974746e+00 1.854460140329495488e+01
-1.401207964337842782e+00 1.772232816542120304e+01
-1.399650201175710595e+00 1.824006709903952483e+01
-1.398092438013578409e+00 1.566058971587931126e+01
-1.396534674851446445e+00 1.929729636182156582e+01
-1.394976911689314258e+00 2.391040197495976471e+01
-1.393419148527182072e+00 2.114758416397650009e+01
-1.391861385365049886e+00 2.044101305299650662e+01
-1.390303622202917921e+00 2.193074851993349839e+01
-1.388745859040785735e+00 2.274496865009054858e+01
-1.387188095878653549e+00 2.339460755420124727e+01
-1.385630332716521584e+00 2.390461741651725802e+01
-1.384072569554389398e+00 2.517114764548835382e+01
-1.382514806392257212e+00 2.641489065767033395e+01
-1.380957043230125247e+00 2.164632629791775642e+01
-1.379399280067993061e+00 2.267873188302488074e+01
-1.377841516905860875e+00 2.068204411066621162e+01
-1.376283753743728688e+00 2.000416154048999218e+01
-1.374725990581596724e+00 2.030500238150331427e+01
-1.373168227419464538e+00 1.955116946044656956e+01
-1.371610464257332351e+00 1.935292561716991244e+01
-1.370052701095200387e+00 2.015433816083956131e+01
-1.368494937933068201e+00 1.931216997687349490e+01
-1.366937174770936014e+00 1.688563380505365430e+01
-1.365379411608803828e+00 1.687585746378286444e+01
-1.363821648446671864e+00 1.819186954278986335e+01
-1.362263885284539677e+00 2.012857064858989986e+01
-1.360706122122407491e+00 1.905092727183601653e+01
-1.359148358960275527e+00 1.795988296413509389e+01
-1.357590595798143340e+00 1.884502449690237924e+01
-1.356032832636011154e+00 1.933790627236056636e+01
-1.354475069473879190e+00 1.801050854378570065e+01
-1.352917306311747003e+00 1.763065788611903173e+01
-1.351359543149614817e+00 2.353364984770077939e+01
-1.349801779987482631e+00 2.027317720152112202e+01
-1.348244016825350666e+00 1.787498508088470217e+01
-1.346686253663218480e+00 2.020182087978135144e+01
-1.345128490501086294e+00 2.127265996784114321e+01
-1.343570727338954329e+00 2.167196437846779133e+01
-1.342012964176822143e+00 1.980958317672716618e+01
-1.340455201014689957e+00 1.704943545022266704e+01
-1.338897437852557992e+00 1.609581787458300539e+01
-1.337339674690425806e+00 2.361136149309295007e+01
-1.335781911528293620e+00 2.466991242594648526e+01
-1.334224148366161433e+00 2.025400112801957064e+01
-1.332666385204029469e+00 1.922808737520276878e+01
-1.331108622041897283e+00 1.979741031156939002e+01
-1.329550858879765096e+00 1.840715325311848716e+01
-1.327993095717633132e+00 2.042602386478680287e+01
-1.326435332555500946e+00 2.437067982866070892e+01
-1.324877569393368759e+00 2.032060076550649441e+01
-1.323319806231236573e+00 2.040634328414362741e+01
-1.321762043069104609e+00 2.104486750197202483e+01
-1.320204279906972422e+00 1.732597545818418894e+01
-1.318646516744840236e+00 2.159550826040526772e+01
-1.317088753582708271e+00 2.389642528933315546e+01
-1.315530990420576085e+00 2.217461839981348248e+01
-1.313973227258443899e+00 2.123286887499739350e+01
-1.312415464096311934e+00 2.036490168442687221e+01
-1.310857700934179748e+00 1.825663670706396502e+01
-1.309299937772047562e+00 2.109540301524176087e+01
-1.307742174609915375e+00 2.102794405930834998e+01
-1.306184411447783411e+00 1.893272069681872338e+01
-1.304626648285651225e+00 1.975722236467169068e+01
-1.303068885123519038e+00 2.059063243036847979e+01
-1.301511121961387074e+00 1.855514058483991136e+01
-1.299953358799254888e+00 2.258144225564013041e+01
-1.298395595637122701e+00 2.319519809959133738e+01
-1.296837832474990737e+00 2.013869977676060685e+01
-1.295280069312858551e+00 2.233883343343197936e+01
-1.293722306150726364e+00 1.816253235006425726e+01
-1.292164542988594178e+00 2.767688651194944072e+01
-1.290606779826462214e+00 2.236044866988063262e+01
-1.289049016664330027e+00 2.147945398357895286e+01
-1.287491253502197841e+00 2.246276680959095629e+01
-1.285933490340065877e+00 2.170515744269524916e+01
-1.284375727177933690e+00 2.210415145708379114e+01
-1.282817964015801504e+00 2.401392534249156441e+01
-1.281260200853669318e+00 2.268746340023877295e+01
-1.279702437691537353e+00 2.066863389829685360e+01
-1.278144674529405167e+00 2.353845881918611838e+01
-1.276586911367272981e+00 2.289502286363344297e+01
-1.275029148205141016e+00 2.107651735687327488e+01
-1.273471385043008830e+00 1.985861126500872942e+01
-1.271913621880876644e+00 2.273282331359262187e+01
-1.270355858718744679e+00 2.526370272681013773e+01
-1.268798095556612493e+00 2.317510995870262747e+01
-1.267240332394480307e+00 2.030047928858810025e+01
-1.265682569232348120e+00 2.022771926183754587e+01
-1.264124806070216156e+00 2.293693992448235264e+01
-1.262567042908083970e+00 1.717254142759327351e+01
-1.261009279745951783e+00 2.165672984320669414e+01
-1.259451516583819819e+00 2.155337702387469179e+01
-1.257893753421687633e+00 2.707501627391919641e+01
-1.256335990259555446e+00 2.524047909295335756e+01
-1.254778227097423482e+00 1.748498923404958560e+01
-1.253220463935291296e+00 1.539312689942370582e+01
-1.251662700773159109e+00 2.095719371621117588e+01
-1.250104937611026923e+00 2.557163420673699150e+01
-1.248547174448894959e+00 2.101374987638407177e+01
-1.246989411286762772e+00 1.893584871414649484e+01
-1.245431648124630586e+00 2.253260213150041125e+01
-1.243873884962498622e+00 1.952822442875507747e+01
-1.242316121800366435e+00 2.045126070042575961e+01
-1.240758358638234249e+00 1.900721346962470193e+01
-1.239200595476102063e+00 1.764072372314734949e+01
-1.237642832313970098e+00 2.225216445325715497e+01
-1.236085069151837912e+00 2.023218986587449564e+01
-1.234527305989705726e+00 2.670911077595787475e+01
-1.232969542827573761e+00 2.396737832309964489e+01
-1.231411779665441575e+00 2.281636866729497015e+01
-1.229854016503309388e+00 2.245577279118102965e+01
-1.228296253341177424e+00 2.191142527346756808e+01
-1.226738490179045238e+00 2.279992601129347563e+01
-1.225180727016913051e+00 2.099704592684649640e+01
-1.223622963854780865e+00 1.915658341635403872e+01
-1.222065200692648901e+00 2.411212253878299805e+01
-1.220507437530516714e+00 2.475418796859717219e+01
-1.218949674368384528e+00 2.151408834010690185e+01
-1.217391911206252564e+00 1.924226384869097473e+01
-1.215834148044120377e+00 2.370772388050853507e+01
-1.214276384881988191e+00 2.170584047039785602e+01
-1.212718621719856005e+00 1.849438115944468919e+01
-1.211160858557724040e+00 1.690081276461319959e+01
-1.209603095395591854e+00 1.741159063888035874e+01
-1.208045332233459668e+00 2.263770701876145708e+01
-1.206487569071327703e+00 2.669529272065884484e+01
-1.204929805909195517e+00 2.583665131026166506e+01
-1.203372042747063331e+00 2.462056803821960216e+01
-1.201814279584931366e+00 2.092705918575233426e+01
-1.200256516422799180e+00 2.090308223100221952e+01
-1.198698753260666994e+00 1.883997725797177480e+01
-1.197140990098534807e+00 2.014814275518952869e+01
-1.195583226936402843e+00 2.249427053160403744e+01
-1.194025463774270657e+00 2.213402401314623091e+01
-1.192467700612138470e+00 2.312616412364321405e+01
-1.190909937450006506e+00 1.956940144478595656e+01
-1.189352174287874320e+00 2.257229568462564728e+01
-1.187794411125742133e+00 2.238310144865408446e+01
-1.186236647963609947e+00 2.530250551786203417e+01
-1.184678884801477761e+00 1.977060615940697375e+01
-1.183121121639346018e+00 1.565995682201155148e+01
-1.181563358477213832e+00 2.020928811198210795e+01
-1.180005595315081646e+00 2.373783231387256976e+01
-1.178447832152949459e+00 2.421127251555329707e+01
-1.176890068990817273e+00 2.176605989091352100e+01
-1.175332305828685087e+00 1.573298303091300276e+01
-1.173774542666552900e+00 1.889080884907348334e+01
-1.172216779504421158e+00 1.881707678626726832e+01
-1.170659016342288972e+00 2.029852309234649965e+01
-1.169101253180156785e+00 2.139877095916407512e+01
-1.167543490018024599e+00 2.006402447103210918e+01
-1.165985726855892413e+00 2.100694011457052213e+01
-1.164427963693760226e+00 2.295640159632320731e+01
-1.162870200531628040e+00 2.155200943170854089e+01
-1.161312437369496298e+00 1.923627968624603568e+01
-1.159754674207364111e+00 1.969316458111090640e+01
-1.158196911045231925e+00 1.791971997997443466e+01
-1.156639147883099739e+00 2.081914606957259295e+01
-1.155081384720967552e+00 2.518894402273618383e+01
-1.153523621558835366e+00 2.723735849952614885e+01
-1.151965858396703624e+00 2.252096417846784604e+01
-1.150408095234571437e+00 1.753547543811420795e+01
-1.148850332072439251e+00 1.818974440910213630e+01
-1.147292568910307065e+00 2.150795867897861413e+01
-1.145734805748174878e+00 2.414972743563475532e+01
-1.144177042586042692e+00 2.409503581276172923e+01
-1.142619279423910505e+00 2.745646191791027846e+01
-1.141061516261778763e+00 2.252157274764775252e+01
-1.139503753099646577e+00 2.464380882009810847e+01
-1.137945989937514391e+00 2.271498554441803108e+01
-1.136388226775382204e+00 2.099924703341893917e+01
-1.134830463613250018e+00 2.457880648530002787e+01
-1.133272700451117831e+00 2.300529446572957326e+01
-1.131714937288985645e+00 2.040883737141622234e+01
-1.130157174126853903e+00 2.037731751711630324e+01
-1.128599410964721717e+00 2.283546637259761170e+01
-1.127041647802589530e+00 2.567575921573930131e+01
-1.125483884640457344e+00 2.574168967067908298e+01
-1.123926121478325157e+00 2.520911076466965639e+01
-1.122368358316192971e+00 2.632595097472694690e+01
-1.120810595154060785e+00 2.525774013828053199e+01
-1.119252831991929042e+00 2.107562381986868871e+01
-1.117695068829796856e+00 2.097501891520321138e+01
-1.116137305667664670e+00 2.106303719646975736e+01
-1.114579542505532483e+00 2.385660288580974964e+01
-1.113021779343400297e+00 2.179712465000183030e+01
-1.111464016181268111e+00 2.513617129273390560e+01
-1.109906253019136368e+00 2.641745751454459779e+01
-1.108348489857004182e+00 2.275345028207486564e+01
-1.106790726694871996e+00 2.056212814550274004e+01
-1.105232963532739809e+00 1.984371373178429465e+01
-1.103675200370607623e+00 1.589338530693415130e+01
-1.102117437208475437e+00 2.167471283107220259e+01
-1.100559674046343250e+00 2.144559480167502485e+01
-1.099001910884211508e+00 2.096654851677151399e+01
-1.097444147722079322e+00 2.243429055002080119e+01
-1.095886384559947135e+00 1.969382023254894776e+01
-1.094328621397814949e+00 2.256149243470455801e+01
-1.092770858235682763e+00 2.534278565466389566e+01
-1.091213095073550576e+00 2.124964427985411675e+01
-1.089655331911418390e+00 1.936635264884498397e+01
-1.088097568749286648e+00 2.494572793252943654e+01
-1.086539805587154461e+00 2.596105086435409248e+01
-1.084982042425022275e+00 2.676404277755451844e+01
-1.083424279262890089e+00 2.478583991296148525e+01
-1.081866516100757902e+00 2.485604633779191985e+01
-1.080308752938625716e+00 2.095905237362819662e+01
-1.078750989776493530e+00 1.730695562768750051e+01
-1.077193226614361787e+00 1.827157052537373261e+01
-1.075635463452229601e+00 2.206067878672642024e+01
-1.074077700290097415e+00 2.364905669197794680e+01
-1.072519937127965228e+00 2.112424931314162180e+01
-1.070962173965833042e+00 2.357150671177328860e+01
-1.069404410803700856e+00 2.485813566719562928e+01
-1.067846647641569113e+00 2.261364791259146045e+01
-1.066288884479436927e+00 1.996804042409350544e+01
-1.064731121317304741e+00 1.838033496077775553e+01
-1.063173358155172554e+00 1.774980213012089791e+01
-1.061615594993040368e+00 1.757280653462878206e+01
-1.060057831830908182e+00 1.912640421838380078e+01
-1.058500068668775995e+00 2.189710613433315700e+01
-1.056942305506644253e+00 2.435714839513200047e+01
-1.055384542344512067e+00 2.970288433230366110e+01
-1.053826779182379880e+00 2.463273044154183467e+01
-1.052269016020247694e+00 2.119538731535067200e+01
-1.050711252858115508e+00 2.209106256111960320e+01
-1.049153489695983321e+00 2.629922703137334494e+01
-1.047595726533851135e+00 2.360311558783917008e+01
-1.046037963371719393e+00 2.251313979651720132e+01
-1.044480200209587206e+00 2.536216676923798730e+01
-1.042922437047455020e+00 2.726619418266462347e+01
-1.041364673885322834e+00 2.872433929095986471e+01
-1.039806910723190647e+00 2.601731483523440147e+01
-1.038249147561058461e+00 2.752824811082493994e+01
-1.036691384398926274e+00 2.198859854333238673e+01
-1.035133621236794532e+00 2.157889950507440346e+01
-1.033575858074662346e+00 2.338100760091362318e+01
-1.032018094912530159e+00 2.156562806538309474e+01
-1.030460331750397973e+00 2.157605960501255993e+01
-1.028902568588265787e+00 2.266817981000388826e+01
-1.027344805426133600e+00 2.461611585465809071e+01
-1.025787042264001858e+00 2.694988621605630286e+01
-1.024229279101869672e+00 2.069930000197109976e+01
-1.022671515939737485e+00 1.807623364381409914e+01
-1.021113752777605299e+00 2.219510460271974139e+01
-1.019555989615473113e+00 2.088374012973414651e+01
-1.017998226453340926e+00 2.533508543672825652e+01
-1.016440463291208740e+00 2.547646882956105330e+01
-1.014882700129076998e+00 2.311129263959031377e+01
-1.013324936966944811e+00 2.427146570628340427e+01
-1.011767173804812625e+00 2.506202629677822102e+01
-1.010209410642680439e+00 2.290995610859094711e+01
-1.008651647480548252e+00 2.176157672424932343e+01
-1.007093884318416066e+00 1.962951521290017354e+01
-1.005536121156283880e+00 2.275146551782685478e+01
-1.003978357994152137e+00 2.028762648598961249e+01
-1.002420594832019951e+00 2.028641527245230236e+01
-1.000862831669887765e+00 2.529364393844194225e+01
-9.993050685077555784e-01 2.602433493829075317e+01
-9.977473053456233920e-01 2.792650018838504522e+01
-9.961895421834912057e-01 2.890950070048970488e+01
-9.946317790213590193e-01 2.794053911396452961e+01
-9.930740158592272770e-01 2.715711169016679349e+01
-9.915162526970950907e-01 2.243199978554929075e+01
-9.899584895349629043e-01 1.955839314612876834e+01
-9.884007263728307180e-01 2.452305489031275698e+01
-9.868429632106985316e-01 2.165872351496276949e+01
-9.852852000485663453e-01 2.422460359485130610e+01
-9.837274368864341589e-01 2.726742959253166632e+01
-9.821696737243024167e-01 2.810058849888473631e+01
-9.806119105621702303e-01 2.605460317996028508e+01
-9.790541474000380440e-01 2.395823539002025271e+01
-9.774963842379058576e-01 2.083600842237714446e+01
-9.759386210757736713e-01 1.628327219661252556e+01
-9.743808579136414849e-01 1.709555038241058966e+01
-9.728230947515097427e-01 2.027472131608840300e+01
-9.712653315893775563e-01 2.391545473716490733e+01
-9.697075684272453699e-01 2.621460211558694553e+01
-9.681498052651131836e-01 2.315384731808845942e+01
-9.665920421029809972e-01 1.846804302491961991e+01
-9.650342789408488109e-01 1.975755058414027587e+01
-9.634765157787166245e-01 2.247666670149619605e+01
-9.619187526165848823e-01 2.221289009672589998e+01
-9.603609894544526959e-01 1.827687116986891880e+01
-9.588032262923205096e-01 2.104273682366182285e+01
-9.572454631301883232e-01 2.626881925347300850e+01
-9.556876999680561369e-01 2.358071324499857724e+01
-9.541299368059239505e-01 2.104227471966954965e+01
-9.525721736437917642e-01 2.001179314784982566e+01
-9.510144104816600219e-01 2.061147386675973081e+01
-9.494566473195278355e-01 2.296963519897714079e+01
-9.478988841573956492e-01 2.353966683937206028e+01
-9.463411209952634628e-01 2.337386489756525521e+01
-9.447833578331312765e-01 2.763829403720286138e+01
-9.432255946709990901e-01 2.718941755353654344e+01
-9.416678315088669038e-01 2.156592833254700636e+01
-9.401100683467351615e-01 2.594389276173050973e+01
-9.385523051846029752e-01 2.697158089896364430e+01
-9.369945420224707888e-01 2.601384532838284258e+01
-9.354367788603386025e-01 2.417213859844657620e+01
-9.338790156982064161e-01 2.425290660343210902e+01
-9.323212525360742298e-01 2.722228578217371009e+01
-9.307634893739424875e-01 2.946791080002846286e+01
-9.292057262118103012e-01 2.648325299143125378e+01
-9.276479630496781148e-01 2.334559127259372957e+01
-9.260901998875459284e-01 2.541802171389179676e+01
-9.245324367254137421e-01 2.630195226268021003e+01
-9.229746735632815557e-01 3.168807851276728726e+01
-9.214169104011493694e-01 3.102190422301015005e+01
-9.198591472390176271e-01 2.613607494568505629e+01
-9.183013840768854408e-01 2.588506607174582541e+01
-9.167436209147532544e-01 2.760191723579745116e+01
-9.151858577526210681e-01 2.582730690486247838e+01
-9.136280945904888817e-01 2.042259594588637128e+01
-9.120703314283566954e-01 2.593551923777494395e+01
-9.105125682662245090e-01 2.841023691117866434e+01
-9.089548051040927668e-01 2.813404038325699830e+01
-9.073970419419605804e-01 2.573591581412585683e+01
-9.058392787798283941e-01 2.396216875707817806e+01
-9.042815156176962077e-01 2.376060598959164949e+01
-9.027237524555640213e-01 2.475448175808635298e+01
-9.011659892934318350e-01 2.276160239995050460e+01
-8.996082261312996486e-01 1.846000675461323937e+01
-8.980504629691679064e-01 2.005653559293934052e+01
-8.964926998070357200e-01 2.740881521450997838e+01
-8.949349366449035337e-01 2.826192185039166560e+01
-8.933771734827713473e-01 2.565362215110530641e+01
-8.918194103206391610e-01 2.490932879698073066e+01
-8.902616471585069746e-01 2.449996716442558764e+01
-8.887038839963752324e-01 2.442299361120182866e+01
-8.871461208342430460e-01 2.451212218759502193e+01
-8.855883576721108597e-01 2.539846163000854773e+01
-8.840305945099786733e-01 2.554359643922486711e+01
-8.824728313478464869e-01 2.428847747080358843e+01
-8.809150681857143006e-01 2.356142717654075724e+01
-8.793573050235821142e-01 2.202361386946542154e+01
-8.777995418614503720e-01 2.397613594394097092e+01
-8.762417786993181856e-01 2.548331438866793164e+01
-8.746840155371859993e-01 2.205983908837518825e+01
-8.731262523750538129e-01 2.114724359396801390e+01
-8.715684892129216266e-01 2.318833956230447768e+01
-8.700107260507894402e-01 2.390812898624330174e+01
-8.684529628886572539e-01 2.342755241944395550e+01
-8.668951997265255116e-01 2.306124490192362941e+01
-8.653374365643933253e-01 2.702156374386255422e+01
-8.637796734022611389e-01 2.637132376681894641e+01
-8.622219102401289526e-01 2.501971466592772941e+01
-8.606641470779967662e-01 2.694286701469107825e+01
-8.591063839158645798e-01 2.655939702981642014e+01
-8.575486207537323935e-01 2.427428919039901345e+01
-8.559908575916006512e-01 2.596904744876406923e+01
-8.544330944294684649e-01 2.879594701969173443e+01
-8.528753312673362785e-01 2.661501379338803019e+01
-8.513175681052040922e-01 2.628498658242146391e+01
-8.497598049430719058e-01 2.319838160816332362e+01
-8.482020417809397195e-01 2.477015017368047722e+01
-8.466442786188079772e-01 2.687488688621636612e+01
-8.450865154566757909e-01 2.370905851629398242e+01
-8.435287522945436045e-01 2.816133921241510762e+01
-8.419709891324114182e-01 3.187688322627630910e+01
-8.404132259702792318e-01 3.247738117113125611e+01
-8.388554628081470455e-01 3.210970880297759322e+01
-8.372976996460148591e-01 3.098713405072544447e+01
-8.357399364838831168e-01 3.227774846372299322e+01
-8.341821733217509305e-01 2.763094378090737280e+01
-8.326244101596187441e-01 2.852926253709077642e+01
-8.310666469974865578e-01 2.464450537693575782e+01
-8.295088838353543714e-01 2.316846341965986156e+01
-8.279511206732221851e-01 2.675669544294973790e+01
-8.263933575110899987e-01 2.908084273700092126e+01
-8.248355943489582565e-01 2.705692767986667135e+01
-8.232778311868260701e-01 2.461995197437010674e+01
-8.217200680246938838e-01 2.333673535903333374e+01
-8.201623048625616974e-01 1.915546212259054570e+01
-8.186045417004295111e-01 2.683697832958155871e+01
-8.170467785382973247e-01 2.895258241471313099e+01
-8.154890153761651383e-01 3.591471026429148594e+01
-8.139312522140333961e-01 3.278564630692645920e+01
-8.123734890519012097e-01 2.892823470022297272e+01
-8.108157258897690234e-01 2.773401312627811421e+01
-8.092579627276368370e-01 2.702638557076552672e+01
-8.077001995655046507e-01 2.582033164366875866e+01
-8.061424364033724643e-01 2.740800829519824688e+01
-8.045846732412407221e-01 2.709033303869836473e+01
-8.030269100791085357e-01 2.338627555727725849e+01
-8.014691469169763494e-01 2.646381856724358528e+01
-7.999113837548441630e-01 3.162528744388463409e+01
-7.983536205927119767e-01 3.751411506778371319e+01
-7.967958574305797903e-01 2.987530689317289756e+01
-7.952380942684476040e-01 2.853396216598388335e+01
-7.936803311063158617e-01 2.988105006977378864e+01
-7.921225679441836753e-01 2.985972852223747509e+01
-7.905648047820514890e-01 2.683569918730198367e+01
-7.890070416199193026e-01 2.647497605145880328e+01
-7.874492784577871163e-01 2.978334493934964655e+01
-7.858915152956549299e-01 2.821483841992786523e+01
-7.843337521335227436e-01 2.786479663211703084e+01
-7.827759889713910013e-01 2.863088777491398318e+01
-7.812182258092588150e-01 2.139003015404291475e+01
-7.796604626471266286e-01 2.238487074121190190e+01
-7.781026994849944423e-01 2.477854272985264572e+01
-7.765449363228622559e-01 2.647573634283948962e+01
-7.749871731607300696e-01 2.839729262349645822e+01
-7.734294099985978832e-01 2.729700390763566276e+01
-7.718716468364661409e-01 3.221075529753287725e+01
-7.703138836743339546e-01 2.944394816341166887e+01
-7.687561205122017682e-01 2.948187768714755919e+01
-7.671983573500695819e-01 3.069658809655745557e+01
-7.656405941879373955e-01 3.196376449762968974e+01
-7.640828310258052092e-01 3.262821083848140091e+01
-7.625250678636734669e-01 2.854923974831002553e+01
-7.609673047015412806e-01 2.554187379052218176e+01
-7.594095415394090942e-01 2.694082709932885678e+01
-7.578517783772769079e-01 2.940765331250915082e+01
-7.562940152151447215e-01 3.106329109582260983e+01
-7.547362520530125352e-01 3.235872731807874203e+01
-7.531784888908803488e-01 2.952663284074650107e+01
-7.516207257287486065e-01 2.538851688236855964e+01
-7.500629625666164202e-01 3.007342199305616504e+01
-7.485051994044842338e-01 3.038282802592537379e+01
-7.469474362423520475e-01 2.867985819198759501e+01
-7.453896730802198611e-01 2.876739028028058698e+01
-7.438319099180876748e-01 2.800690140008873641e+01
-7.422741467559554884e-01 2.523040248485175496e+01
-7.407163835938237462e-01 2.573998193435099680e+01
-7.391586204316915598e-01 2.994629266722663274e+01
-7.376008572695593735e-01 2.978860958109970269e+01
-7.360430941074271871e-01 2.882359343848366606e+01
-7.344853309452950008e-01 2.556756034902069530e+01
-7.329275677831628144e-01 3.140736602688605572e+01
-7.313698046210306281e-01 3.270831365206834107e+01
-7.298120414588988858e-01 3.614877146416102249e+01
-7.282542782967666994e-01 3.909962350335921855e+01
-7.266965151346345131e-01 3.624684045200034177e+01
-7.251387519725023267e-01 3.235687689205470008e+01
-7.235809888103701404e-01 3.421822097805056018e+01
-7.220232256482379540e-01 3.238630592778422823e+01
-7.204654624861057677e-01 2.746305214058585875e+01
-7.189076993239740254e-01 3.344840400782419465e+01
-7.173499361618418391e-01 3.042919325836261280e+01
-7.157921729997096527e-01 3.263249281038880412e+01
-7.142344098375774664e-01 3.407723301893865653e+01
-7.126766466754452800e-01 3.558490909516868328e+01
-7.111188835133130937e-01 3.463291574307430665e+01
-7.095611203511813514e-01 3.490710593218926050e+01
-7.080033571890491650e-01 3.874855366918871624e+01
-7.064455940269169787e-01 3.094361674305637422e+01
-7.048878308647847923e-01 3.174348732411541363e+01
-7.033300677026526060e-01 3.569751521228079838e+01
-7.017723045405204196e-01 3.702326333914772505e+01
-7.002145413783882333e-01 3.483642914058830087e+01
-6.986567782162564910e-01 3.149924470581067126e+01
-6.970990150541243047e-01 2.863037445316676965e+01
-6.955412518919921183e-01 3.287942825506340938e+01
-6.939834887298599320e-01 3.645562206777218961e+01
-6.924257255677277456e-01 3.655187078282042279e+01
-6.908679624055955593e-01 3.042835630521310009e+01
-6.893101992434633729e-01 3.045079151226914860e+01
-6.877524360813316306e-01 3.380399848472864477e+01
-6.861946729191994443e-01 2.982672250456418439e+01
-6.846369097570672579e-01 3.297067872357728646e+01
-6.830791465949350716e-01 3.610337785511210029e+01
-6.815213834328028852e-01 3.814753089712079515e+01
-6.799636202706706989e-01 3.521870893246047984e+01
-6.784058571085385125e-01 3.444776918089325335e+01
-6.768480939464067703e-01 3.626364262106976355e+01
-6.752903307842745839e-01 3.435266454601020314e+01
-6.737325676221423976e-01 3.196144315535857316e+01
-6.721748044600102112e-01 3.697806522264258433e+01
-6.706170412978780249e-01 3.551781260881973168e+01
-6.690592781357458385e-01 3.385529240831186826e+01
-6.675015149736140962e-01 3.300894922329529635e+01
-6.659437518114819099e-01 3.638815331920509522e+01
-6.643859886493497235e-01 3.817989841515286287e+01
-6.628282254872175372e-01 3.631389177540905422e+01
-6.612704623250853508e-01 3.503553161554695095e+01
-6.597126991629531645e-01 3.813899257041800439e+01
-6.581549360008209781e-01 4.152893930229586772e+01
-6.565971728386892359e-01 3.629786205692148116e+01
-6.550394096765570495e-01 2.932257001039683786e+01
-6.534816465144248632e-01 3.046132773628366053e+01
-6.519238833522926768e-01 3.258716815161062641e+01
-6.503661201901604905e-01 3.748243460510883551e+01
-6.488083570280283041e-01 4.226504322260655044e+01
-6.472505938658961178e-01 3.943071336387186676e+01
-6.456928307037643755e-01 3.746561535362422291e+01
-6.441350675416321891e-01 3.744345368613564062e+01
-6.425773043795000028e-01 3.308658871774157717e+01
-6.410195412173678164e-01 3.915002981172028029e+01
-6.394617780552356301e-01 3.719341047132346034e+01
-6.379040148931034437e-01 3.922389467043656452e+01
-6.363462517309712574e-01 4.096179938171578527e+01
-6.347884885688395151e-01 3.852501322231501035e+01
-6.332307254067073288e-01 4.172780799146492825e+01
-6.316729622445751424e-01 3.847699265369291766e+01
-6.301151990824429561e-01 3.774551594915079988e+01
-6.285574359203107697e-01 4.199097500624819190e+01
-6.269996727581785834e-01 3.986694117637300394e+01
-6.254419095960468411e-01 3.905403774320897270e+01
-6.238841464339146548e-01 4.555551813884503787e+01
-6.223263832717824684e-01 4.239404964062626391e+01
-6.207686201096502820e-01 4.428612585915955435e+01
-6.192108569475180957e-01 3.853034820805573446e+01
-6.176530937853859093e-01 3.919826982148412498e+01
-6.160953306232537230e-01 3.795302361739761920e+01
-6.145375674611219807e-01 3.986468682471196701e+01
-6.129798042989897944e-01 4.237253410172490931e+01
-6.114220411368576080e-01 4.332896914582300951e+01
-6.098642779747254217e-01 4.760249141656793626e+01
-6.083065148125932353e-01 4.266156628775310367e+01
-6.067487516504610490e-01 4.063264810787435266e+01
-6.051909884883288626e-01 3.864322338907199139e+01
-6.036332253261971204e-01 4.124135464560882980e+01
-6.020754621640649340e-01 4.556217593615026829e+01
-6.005176990019327476e-01 3.971125216633749488e+01
-5.989599358398005613e-01 4.293810106829686646e+01
-5.974021726776683749e-01 4.721778792509208245e+01
-5.958444095155361886e-01 4.387415653721063791e+01
-5.942866463534040022e-01 4.277572962447898419e+01
-5.927288831912722600e-01 4.286719522792093784e+01
-5.911711200291400736e-01 4.695924706073429178e+01
-5.896133568670078873e-01 3.883263675376255009e+01
-5.880555937048757009e-01 4.515597119359074441e+01
-5.864978305427435146e-01 5.138853702656784606e+01
-5.849400673806113282e-01 5.060671857761604286e+01
-5.833823042184795860e-01 4.947763789379969523e+01
-5.818245410563473996e-01 4.807604423473839006e+01
-5.802667778942152133e-01 5.393963440228917960e+01
-5.787090147320830269e-01 5.363615626878150522e+01
-5.771512515699508405e-01 4.384984249570844383e+01
-5.755934884078186542e-01 4.787561543918901208e+01
-5.740357252456864678e-01 4.165372418076862004e+01
-5.724779620835547256e-01 4.547323949013207312e+01
-5.709201989214225392e-01 4.806507687017686692e+01
-5.693624357592903529e-01 4.978961613444162992e+01
-5.678046725971581665e-01 4.879917133777957616e+01
-5.662469094350259802e-01 4.689799142967535772e+01
-5.646891462728937938e-01 4.795994292233915957e+01
-5.631313831107616075e-01 4.928971134204500260e+01
-5.615736199486298652e-01 5.213927234896926421e+01
-5.600158567864976789e-01 5.791734654951017092e+01
-5.584580936243654925e-01 5.724885460334212439e+01
-5.569003304622333062e-01 4.802803211783175641e+01
-5.553425673001011198e-01 5.080098547360375960e+01
-5.537848041379689334e-01 5.285925645002906492e+01
-5.522270409758367471e-01 5.377300465447213185e+01
-5.506692778137050048e-01 5.259386498569693202e+01
-5.491115146515728185e-01 5.377720331569911139e+01
-5.475537514894406321e-01 5.799676741606001684e+01
-5.459959883273084458e-01 5.636498996630003688e+01
-5.444382251651762594e-01 5.578192350057310023e+01
-5.428804620030440731e-01 6.223247136070226304e+01
-5.413226988409123308e-01 5.983729943001694096e+01
-5.397649356787801445e-01 5.652350865981343020e+01
-5.382071725166479581e-01 5.337798864402132892e+01
-5.366494093545157718e-01 5.381882992170587698e+01
-5.350916461923835854e-01 5.926538784205315125e+01
-5.335338830302513990e-01 6.178282858277907508e+01
-5.319761198681192127e-01 6.052701117339025672e+01
-5.304183567059874704e-01 5.921245102842944164e+01
-5.288605935438552841e-01 6.122767239665212458e+01
-5.273028303817230977e-01 5.901788427039686979e+01
-5.257450672195909114e-01 5.752987353718828700e+01
-5.241873040574587250e-01 5.188197182784266914e+01
-5.226295408953265387e-01 6.554042161405024558e+01
-5.210717777331943523e-01 6.133563044711829093e+01
-5.195140145710626101e-01 5.976766446469019911e+01
-5.179562514089304237e-01 6.525239455680342360e+01
-5.163984882467982374e-01 6.604373363367089667e+01
-5.148407250846660510e-01 6.727263779381864595e+01
-5.132829619225338647e-01 7.231473783063255212e+01
-5.117251987604016783e-01 6.669992856866016950e+01
-5.101674355982694919e-01 6.546404630364550314e+01
-5.086096724361377497e-01 6.965235549451001873e+01
-5.070519092740055633e-01 6.601431170348834598e+01
-5.054941461118733770e-01 5.673085953921671631e+01
-5.039363829497411906e-01 5.783583312432755719e+01
-5.023786197876090043e-01 6.034679896135786237e+01
-5.008208566254768179e-01 6.054959451684167959e+01
-4.992630934633450757e-01 6.185103862276019981e+01
-4.977053303012128893e-01 6.212262801001431711e+01
-4.961475671390807030e-01 6.146684804760819532e+01
-4.945898039769485166e-01 6.321539510938666240e+01
-4.930320408148163303e-01 6.565687741598209470e+01
-4.914742776526841439e-01 6.542994916112596115e+01
-4.899165144905519576e-01 6.822164584845906177e+01
-4.883587513284202153e-01 7.268158615797331379e+01
-4.868009881662880289e-01 6.772201097222723831e+01
-4.852432250041558426e-01 6.962317414167850416e+01
-4.836854618420236562e-01 7.229384680876762559e+01
-4.821276986798914699e-01 6.971803499663752746e+01
-4.805699355177592835e-01 6.525989657342044836e+01
-4.790121723556270972e-01 6.515719490532652003e+01
-4.774544091934953549e-01 6.825932151047473440e+01
-4.758966460313631686e-01 7.183672314220987687e+01
-4.743388828692309822e-01 6.541611300592751377e+01
-4.727811197070987959e-01 6.156805021260870348e+01
-4.712233565449666095e-01 6.700793704979687959e+01
-4.696655933828344232e-01 7.350495159953150903e+01
-4.681078302207022368e-01 7.226187512163691906e+01
-4.665500670585704945e-01 7.464639269283902934e+01
-4.649923038964383082e-01 7.980107594362775103e+01
-4.634345407343061218e-01 8.013320068416439312e+01
-4.618767775721739355e-01 7.617125205875119320e+01
-4.603190144100417491e-01 7.245686583951129478e+01
-4.587612512479095628e-01 7.152937428637679318e+01
-4.572034880857778205e-01 7.364527681229866118e+01
-4.556457249236456342e-01 8.088196859199183564e+01
-4.540879617615134478e-01 8.265037455001289857e+01
-4.525301985993812615e-01 8.389975490937636948e+01
-4.509724354372490751e-01 8.256397099869715817e+01
-4.494146722751168888e-01 8.288312754234252111e+01
-4.478569091129847024e-01 8.655148467028794812e+01
-4.462991459508529601e-01 8.953686723121109026e+01
-4.447413827887207738e-01 8.690813220780107429e+01
-4.431836196265885874e-01 9.907231407104931975e+01
-4.416258564644564011e-01 9.397852011059264044e+01
-4.400680933023242147e-01 9.022096409526670868e+01
-4.385103301401920284e-01 9.393403376629976265e+01
-4.369525669780598420e-01 9.501503352686879111e+01
-4.353948038159280998e-01 1.035755593707544762e+02
-4.338370406537959134e-01 9.877548870368222822e+01
-4.322792774916637271e-01 9.348654083164070983e+01
-4.307215143295315407e-01 1.064070213506563931e+02
-4.291637511673993544e-01 1.027867519680797983e+02
-4.276059880052671680e-01 1.050709950197284002e+02
-4.260482248431349817e-01 1.151177810436925455e+02
-4.244904616810032394e-01 1.178058719031271977e+02
-4.229326985188710530e-01 1.179509406890487497e+02
-4.213749353567388667e-01 1.145150695614076000e+02
-4.198171721946066803e-01 1.207008728970150173e+02
-4.182594090324744940e-01 1.224827123356278520e+02
-4.167016458703423076e-01 1.218670049107385580e+02
-4.151438827082101213e-01 1.273716101960559541e+02
-4.135861195460783790e-01 1.317333784335086193e+02
-4.120283563839461927e-01 1.344934454869579099e+02
-4.104705932218140063e-01 1.307087926065472061e+02
-4.089128300596818200e-01 1.239804176904774238e+02
-4.073550668975496336e-01 1.394773636028477597e+02
-4.057973037354174473e-01 1.404269461999387545e+02
-4.042395405732857050e-01 1.423235899041675339e+02
-4.026817774111535186e-01 1.478753158126649510e+02
-4.011240142490213323e-01 1.521230820982318903e+02
-3.995662510868891459e-01 1.526499918843604462e+02
-3.980084879247569596e-01 1.494935620059724499e+02
-3.964507247626247732e-01 1.453174004836929782e+02
-3.948929616004925869e-01 1.656223007864337546e+02
-3.933351984383608446e-01 1.690568105269726971e+02
-3.917774352762286583e-01 1.491964687079855878e+02
-3.902196721140964719e-01 1.433865315565765286e+02
-3.886619089519642856e-01 1.532742963546667738e+02
-3.871041457898320992e-01 1.517120645498129079e+02
-3.855463826276999129e-01 1.550161001103827800e+02
-3.839886194655677265e-01 1.606189618846202904e+02
-3.824308563034359842e-01 1.580631064606216682e+02
-3.808730931413037979e-01 1.582005503303959983e+02
-3.793153299791716115e-01 1.656934773101343410e+02
-3.777575668170394252e-01 1.686471150975777107e+02
-3.761998036549072388e-01 1.662031941397545438e+02
-3.746420404927750525e-01 1.697894776414807723e+02
-3.730842773306428661e-01 1.765246871354170821e+02
-3.715265141685111239e-01 1.769325246287710911e+02
-3.699687510063789375e-01 1.742603121570468829e+02
-3.684109878442467512e-01 1.698192826259015362e+02
-3.668532246821145648e-01 1.645724097573948086e+02
-3.652954615199823785e-01 1.594980633440806344e+02
-3.637376983578501921e-01 1.579362616027463275e+02
-3.621799351957184498e-01 1.583399703067682935e+02
-3.606221720335862635e-01 1.614388085096891245e+02
-3.590644088714540771e-01 1.710497799232176135e+02
-3.575066457093218908e-01 1.706640420830683809e+02
-3.559488825471897044e-01 1.701585285334440414e+02
-3.543911193850575181e-01 1.605684663574326407e+02
-3.528333562229253317e-01 1.641250766794849199e+02
-3.512755930607935895e-01 1.740532402090184689e+02
-3.497178298986614031e-01 1.680139774143346472e+02
-3.481600667365292168e-01 1.582643167257849370e+02
-3.466023035743970304e-01 1.667171059985998056e+02
-3.450445404122648441e-01 1.627039787912953841e+02
-3.434867772501326577e-01 1.516732572877054110e+02
-3.419290140880004714e-01 1.624747175091726774e+02
-3.403712509258687291e-01 1.644626304859496884e+02
-3.388134877637365427e-01 1.688995456327409670e+02
-3.372557246016043564e-01 1.685465678169182979e+02
-3.356979614394721700e-01 1.598390034508786925e+02
-3.341401982773399837e-01 1.560352047996757960e+02
-3.325824351152077973e-01 1.645086531119693518e+02
-3.310246719530756110e-01 1.781661680370164618e+02
-3.294669087909438687e-01 1.756949983298962366e+02
-3.279091456288116824e-01 1.949579717921463384e+02
-3.263513824666794960e-01 1.821393061120900825e+02
-3.247936193045473097e-01 1.738247449583671482e+02
-3.232358561424151233e-01 1.832067763102780589e+02
-3.216780929802829370e-01 1.823124283172300863e+02
-3.201203298181511947e-01 1.834548525812351443e+02
-3.185625666560190083e-01 1.974346275094722500e+02
-3.170048034938868220e-01 2.088679662736185776e+02
-3.154470403317546356e-01 2.091563467149629787e+02
-3.138892771696224493e-01 2.182074123944762789e+02
-3.123315140074902629e-01 2.318599063723148390e+02
-3.107737508453580766e-01 2.467357683908239494e+02
-3.092159876832263343e-01 2.592933229298186006e+02
-3.076582245210941480e-01 2.658534010903767353e+02
-3.061004613589619616e-01 2.637566117830380108e+02
-3.045426981968297753e-01 2.855663536023828328e+02
-3.029849350346975889e-01 3.042149596249635124e+02
-3.014271718725654026e-01 3.078300543537218914e+02
-2.998694087104332162e-01 3.078379403683617284e+02
-2.983116455483014740e-01 3.127800902051914136e+02
-2.967538823861692876e-01 3.272719890737171227e+02
-2.951961192240371012e-01 3.527388985705425171e+02
-2.936383560619049149e-01 3.745812800253925730e+02
-2.920805928997727285e-01 3.740746643281047454e+02
-2.905228297376405422e-01 3.806080655257501917e+02
-2.889650665755083558e-01 4.028077231500467974e+02
-2.874073034133766136e-01 4.261934075319891235e+02
-2.858495402512444272e-01 4.394570212609464193e+02
-2.842917770891122409e-01 4.612075340184523498e+02
-2.827340139269800545e-01 4.951368836556025030e+02
-2.811762507648478682e-01 5.105931101055370505e+02
-2.796184876027156818e-01 5.302172052065610615e+02
-2.780607244405839396e-01 5.410450577438374467e+02
-2.765029612784517532e-01 5.774473030844889081e+02
-2.749451981163195669e-01 5.511419170151722255e+02
-2.733874349541873805e-01 5.726466352099286041e+02
-2.718296717920551941e-01 5.923495033019254379e+02
-2.702719086299230078e-01 6.286670604651486656e+02
-2.687141454677908214e-01 6.620685148279458190e+02
-2.671563823056590792e-01 6.759541645936091072e+02
-2.655986191435268928e-01 6.970126934739961371e+02
-2.640408559813947065e-01 7.450200485173859306e+02
-2.624830928192625201e-01 7.461204377655501503e+02
-2.609253296571303338e-01 7.399065773989709669e+02
-2.593675664949981474e-01 7.588375553333769403e+02
-2.578098033328659611e-01 7.982920749209365567e+02
-2.562520401707342188e-01 8.359113927515638807e+02
-2.546942770086020325e-01 8.547205596883258067e+02
-2.531365138464698461e-01 8.735929561826432064e+02
-2.515787506843376597e-01 8.893192199485791889e+02
-2.500209875222054734e-01 9.074393294014830644e+02
-2.484632243600732870e-01 9.449887511321967395e+02
-2.469054611979411007e-01 9.445490369083275937e+02
-2.453476980358093584e-01 9.616626123842412426e+02
-2.437899348736771721e-01 9.567795218472153920e+02
-2.422321717115449857e-01 9.830363020244706149e+02
-2.406744085494127994e-01 9.985846710317811130e+02
-2.391166453872806130e-01 1.009028760187078888e+03
-2.375588822251484267e-01 1.010470176532101732e+03
-2.360011190630166844e-01 1.004820013591880070e+03
-2.344433559008844981e-01 9.978333514023674979e+02
-2.328855927387523117e-01 1.007326492583850836e+03
-2.313278295766201254e-01 1.017022210558048414e+03
-2.297700664144879390e-01 9.603513665378809492e+02
-2.282123032523557526e-01 1.010899874480313770e+03
-2.266545400902235663e-01 1.047233907448851141e+03
-2.250967769280918240e-01 1.020529798764868360e+03
-2.235390137659596377e-01 1.019709753016363493e+03
-2.219812506038274513e-01 1.027268265677908630e+03
-2.204234874416952650e-01 1.018970829560107063e+03
-2.188657242795630786e-01 1.020012845493607870e+03
-2.173079611174308923e-01 1.042844715640109371e+03
-2.157501979552987059e-01 1.019282623304216031e+03
-2.141924347931669637e-01 9.972730667564434270e+02
-2.126346716310347773e-01 9.694113528679607725e+02
-2.110769084689025910e-01 9.753493574654397662e+02
-2.095191453067704046e-01 9.832255854271894577e+02
-2.079613821446382183e-01 9.491640643548821572e+02
-2.064036189825060319e-01 9.059951521951726363e+02
-2.048458558203738455e-01 8.876570752017044015e+02
-2.032880926582421033e-01 8.743202885161200584e+02
-2.017303294961099169e-01 8.544247837691441418e+02
-2.001725663339777306e-01 8.614220624480005881e+02
-1.986148031718455442e-01 8.377064040704934769e+02
-1.970570400097133579e-01 8.398120484860002080e+02
-1.954992768475811715e-01 8.194111640422325991e+02
-1.939415136854494293e-01 7.998751313151949489e+02
-1.923837505233172429e-01 7.994200245283840331e+02
-1.908259873611850566e-01 7.964793081996889441e+02
-1.892682241990528702e-01 7.819777789116131999e+02
-1.877104610369206839e-01 7.833782784970326247e+02
-1.861526978747884975e-01 8.074267525275129174e+02
-1.845949347126563111e-01 8.249807711290821999e+02
-1.830371715505245689e-01 8.571616367127095373e+02
-1.814794083883923825e-01 8.932522928040235684e+02
-1.799216452262601962e-01 9.136425028918109774e+02
-1.783638820641280098e-01 9.530588497541497190e+02
-1.768061189019958235e-01 1.002828460207768444e+03
-1.752483557398636371e-01 1.052202755976155231e+03
-1.736905925777314508e-01 1.112436813868377840e+03
-1.721328294155997085e-01 1.188002035901957697e+03
-1.705750662534675222e-01 1.269670109491494941e+03
-1.690173030913353358e-01 1.353608228102058547e+03
-1.674595399292031495e-01 1.471195658773398009e+03
-1.659017767670709631e-01 1.622363891112415786e+03
-1.643440136049387768e-01 1.748386926398493642e+03
-1.627862504428065904e-01 1.872919339110312649e+03
-1.612284872806748481e-01 2.040341274730710211e+03
-1.596707241185426618e-01 2.205064491443173665e+03
-1.581129609564104754e-01 2.435309461331657076e+03
-1.565551977942782891e-01 2.690253062656046041e+03
-1.549974346321461027e-01 2.943795470869288238e+03
-1.534396714700139164e-01 3.270166987142301878e+03
-1.518819083078821741e-01 3.673491188920865625e+03
-1.503241451457499878e-01 4.027572483829939301e+03
-1.487663819836178014e-01 4.449270341278683190e+03
-1.472086188214856151e-01 5.025379257008998138e+03
-1.456508556593534287e-01 5.580610483637537072e+03
-1.440930924972212424e-01 6.255893808054073816e+03
-1.425353293350890560e-01 6.975061091396057236e+03
-1.409775661729573137e-01 7.808516762443346124e+03
-1.394198030108251274e-01 8.725701543836441488e+03
-1.378620398486929410e-01 9.750648936576330016e+03
-1.363042766865607547e-01 1.117782107796064338e+04
-1.347465135244285683e-01 1.262848073284052771e+04
-1.331887503622963820e-01 1.449875373301241962e+04
-1.316309872001641956e-01 1.632198507959851486e+04
-1.300732240380324534e-01 1.822609594597327305e+04
-1.285154608759002670e-01 2.020790870646857729e+04
-1.269576977137680807e-01 2.247516866395282705e+04
-1.253999345516358943e-01 2.489251964860743101e+04
-1.238421713895037080e-01 2.726427949738875759e+04
-1.222844082273715216e-01 2.955967391313000917e+04
-1.207266450652393353e-01 3.188419743503473728e+04
-1.191688819031075930e-01 3.384340665526397788e+04
-1.176111187409754066e-01 3.445439650933585654e+04
-1.160533555788432203e-01 3.717399910800205544e+04
-1.144955924167110339e-01 3.903961263793817488e+04
-1.129378292545788476e-01 4.022802955914589984e+04
-1.113800660924466612e-01 4.068703820530500525e+04
-1.098223029303144749e-01 4.059000356815940177e+04
-1.082645397681827326e-01 3.988287271441642224e+04
-1.067067766060505463e-01 3.895011032733172033e+04
-1.051490134439183599e-01 3.754049582330303383e+04
-1.035912502817861736e-01 3.513009323302916164e+04
-1.020334871196539872e-01 3.241803710656658586e+04
-1.004757239575218009e-01 2.938043897896710405e+04
-9.891796079539005859e-02 2.654805426289667594e+04
-9.736019763325787224e-02 2.390958795920190823e+04
-9.580243447112568589e-02 2.202840189878389720e+04
-9.424467130899349954e-02 1.951355155973110232e+04
-9.268690814686131318e-02 1.764187473968691847e+04
-9.112914498472912683e-02 1.595964597258465074e+04
-8.957138182259694048e-02 1.425215356172394422e+04
-8.801361866046519822e-02 1.278372685029156673e+04
-8.645585549833301187e-02 1.162775684781992095e+04
-8.489809233620082551e-02 1.058026710800014916e+04
-8.334032917406863916e-02 9.575668218120013989e+03
-8.178256601193645281e-02 8.733981798702145170e+03
-8.022480284980426646e-02 8.132514928978497665e+03
-7.866703968767208011e-02 7.694666457855632871e+03
-7.710927652554033784e-02 7.269922817662582020e+03
-7.555151336340815149e-02 6.905838440646914023e+03
-7.399375020127596514e-02 6.531659888303699518e+03
-7.243598703914377879e-02 6.208947436023794580e+03
-7.087822387701159244e-02 5.981970640860653475e+03
-6.932046071487940608e-02 5.806848822132594250e+03
-6.776269755274721973e-02 5.660408494561601401e+03
-6.620493439061547747e-02 5.476729978849773943e+03
-6.464717122848329112e-02 5.341542197838874017e+03
-6.308940806635110476e-02 5.387429669869197824e+03
-6.153164490421891841e-02 5.443282470947468028e+03
-5.997388174208673206e-02 5.426048961075997795e+03
-5.841611857995454571e-02 5.516035185812737836e+03
-5.685835541782280345e-02 5.610239815323983748e+03
-5.530059225569061709e-02 5.659296417156825555e+03
-5.374282909355843074e-02 5.734861230881084339e+03
-5.218506593142624439e-02 5.801822843328743147e+03
-5.062730276929405804e-02 5.750962889033562533e+03
-4.906953960716187169e-02 5.606764006398603669e+03
-4.751177644502968533e-02 4.256624601739864374e+03
-4.595401328289794307e-02 2.010031197934640431e+03
-4.439625012076575672e-02 1.352669504517021096e+03
-4.283848695863357037e-02 1.010700594830472937e+03
-4.128072379650138402e-02 8.574019676308196267e+02
-3.972296063436919766e-02 7.290045664443516671e+02
-3.816519747223701131e-02 6.611195171644690163e+02
-3.660743431010482496e-02 7.704694558911206741e+02
-3.504967114797308270e-02 5.226426254671920333e+02
-3.349190798584089634e-02 1.221215537260994388e+01
-3.193414482370870999e-02 3.080161703302976051e+01
-3.037638166157652364e-02 2.777126385577164669e+01
-2.881861849944433729e-02 2.612657141989197385e+01
-2.726085533731215094e-02 2.333961818980587921e+01
-2.570309217517996458e-02 2.430979612540963686e+01
-2.414532901304822232e-02 2.680327032214637129e+01
-2.258756585091603597e-02 2.697805757632606216e+01
-2.102980268878384962e-02 2.393925119309070482e+01
-1.947203952665166327e-02 2.073382954197814954e+01
-1.791427636451947691e-02 2.513515541258817976e+01
-1.635651320238729056e-02 2.741399177558141176e+01
-1.479875004025554830e-02 2.821614930354365924e+01
-1.324098687812336195e-02 2.534712764308078903e+01
-1.168322371599117560e-02 2.688699742908149659e+01
-1.012546055385898924e-02 2.826014086450815910e+01
-8.567697391726802891e-03 2.885523341400142527e+01
-7.009934229594616539e-03 2.599568743425681916e+01
-5.452171067462430187e-03 2.255020256812694157e+01
-3.894407905330687925e-03 2.703193228824902405e+01
-2.336644743198501573e-03 3.229003701798489345e+01
-7.788815810663152206e-04 2.874133425153723564e+01
7.788815810658711314e-04 2.998313450447081863e+01
2.336644743198057483e-03 3.178315805737632260e+01
3.894407905330243835e-03 3.493642561673518543e+01
5.452171067462430187e-03 3.384571926804677844e+01
7.009934229594172450e-03 3.100148404405961955e+01
8.567697391726358802e-03 3.660093991019103044e+01
1.012546055385854515e-02 3.462309435066909202e+01
1.168322371599073151e-02 3.782087409388799415e+01
1.324098687812291786e-02 3.653582641750858073e+01
1.479875004025510421e-02 3.989368231038866242e+01
1.635651320238729056e-02 4.508314700955904897e+01
1.791427636451903282e-02 4.622959827443758485e+01
1.947203952665121918e-02 4.537712132248402241e+01
2.102980268878340553e-02 5.209906766292893820e+01
2.258756585091559188e-02 5.176286083414547079e+01
2.414532901304777823e-02 5.698127863735467713e+01
2.570309217517996458e-02 6.709988155443042501e+01
2.726085533731170685e-02 7.441641882426166887e+01
2.881861849944389320e-02 7.995768164080242002e+01
3.037638166157607955e-02 9.470335907880892989e+01
3.193414482370826590e-02 1.013247680806202311e+02
3.349190798584045226e-02 1.073309432931588532e+02
3.504967114797263861e-02 1.264615065171598900e+02
3.660743431010482496e-02 1.467658337096566754e+02
3.816519747223656722e-02 1.737476569208205319e+02
3.972296063436875357e-02 2.030885284000888191e+02
4.128072379650093993e-02 2.330636911325685787e+02
4.283848695863312628e-02 2.908830430908147378e+02
4.439625012076531263e-02 3.589266409316198292e+02
4.595401328289749898e-02 4.502256429075251276e+02
4.751177644502968533e-02 5.588165320774610336e+02
4.906953960716142760e-02 7.496098651507102204e+02
5.062730276929361395e-02 1.174140541214896302e+03
5.218506593142580030e-02 2.206315844837927671e+03
5.374282909355798665e-02 3.874482016577716877e+03
5.530059225569017300e-02 4.780904051071705908e+03
5.685835541782235936e-02 4.956848284277131825e+03
5.841611857995454571e-02 4.970399933418396358e+03
5.997388174208628797e-02 5.053109946367006160e+03
6.153164490421847432e-02 5.151064807530248800e+03
6.308940806635066068e-02 5.235288756614330850e+03
6.464717122848284703e-02 5.311633064417113019e+03
6.620493439061503338e-02 5.409017760224874110e+03
6.776269755274721973e-02 5.468669458175164436e+03
6.932046071487896199e-02 5.775216705624352471e+03
7.087822387701114835e-02 6.064964876059895687e+03
7.243598703914333470e-02 6.321146596115312605e+03
7.399375020127552105e-02 6.646991210615813543e+03
7.555151336340770740e-02 7.032629665149378525e+03
7.710927652553989375e-02 7.457977173680480519e+03
7.866703968767208011e-02 8.060524951911933385e+03
8.022480284980382237e-02 8.702817694639114052e+03
8.178256601193600872e-02 9.484934855943562070e+03
8.334032917406819507e-02 1.035951174649828863e+04
8.489809233620038142e-02 1.147851843265127900e+04
8.645585549833256778e-02 1.276094124816332442e+04
8.801361866046475413e-02 1.420251697855175553e+04
8.957138182259694048e-02 1.583961372688818301e+04
9.112914498472868274e-02 1.780644425908132689e+04
9.268690814686086910e-02 2.002357029164838241e+04
9.424467130899305545e-02 2.264725836947146308e+04
9.580243447112524180e-02 2.534659218378670266e+04
9.736019763325742815e-02 2.805062199781956224e+04
9.891796079538961450e-02 3.075792681543195067e+04
1.004757239575218009e-01 3.320117496461053088e+04
1.020334871196535431e-01 3.538876309728068736e+04
1.035912502817857295e-01 3.723860682368661946e+04
1.051490134439179158e-01 3.866814190424772096e+04
1.067067766060501022e-01 4.026594413424318918e+04
1.082645397681822885e-01 4.116312729177811707e+04
1.098223029303144749e-01 4.137702816973906738e+04
1.113800660924462171e-01 4.070637356670002919e+04
1.129378292545784035e-01 3.970009608228057186e+04
1.144955924167105898e-01 3.853093257673136395e+04
1.160533555788427762e-01 3.700330983170904801e+04
1.176111187409749625e-01 3.499643205130003480e+04
1.191688819031071489e-01 3.286015083761504502e+04
1.207266450652393353e-01 3.011279452854366173e+04
1.222844082273710775e-01 2.747364933232837575e+04
1.238421713895032639e-01 2.533242827763183959e+04
1.253999345516354502e-01 2.305608408726628477e+04
1.269576977137676366e-01 2.084027615173503727e+04
1.285154608758998229e-01 1.882609274628104322e+04
1.300732240380320093e-01 1.696043876023735356e+04
1.316309872001641956e-01 1.515257811758187199e+04
1.331887503622959379e-01 1.318037868718567552e+04
1.347465135244281242e-01 1.178609946733201286e+04
1.363042766865603106e-01 1.036686316745403019e+04
1.378620398486924969e-01 9.303539757606802596e+03
1.394198030108246833e-01 8.335287093782269949e+03
1.409775661729568697e-01 7.389155645876973722e+03
1.425353293350890560e-01 6.544818562495123842e+03
1.440930924972207983e-01 5.845623273785271522e+03
1.456508556593529846e-01 5.255096183376271256e+03
1.472086188214851710e-01 4.630464995132783770e+03
1.487663819836173573e-01 4.119509060919393050e+03
1.503241451457495437e-01 3.728005251393070466e+03
1.518819083078817300e-01 3.401586110894975263e+03
1.534396714700139164e-01 3.070865843139868957e+03
1.549974346321456586e-01 2.774796150095672601e+03
1.565551977942778450e-01 2.527726411562031899e+03
1.581129609564100313e-01 2.282769344952715528e+03
1.596707241185422177e-01 2.045421990406519626e+03
1.612284872806744040e-01 1.917363143080012605e+03
1.627862504428065904e-01 1.740580034192839776e+03
1.643440136049383327e-01 1.585644299462516301e+03
1.659017767670705190e-01 1.488852690706485191e+03
1.674595399292027054e-01 1.410455557746544400e+03
1.690173030913348917e-01 1.325531712998047851e+03
1.705750662534670781e-01 1.225709780890102820e+03
1.721328294155992644e-01 1.131004390541472276e+03
1.736905925777314508e-01 1.100668366485462229e+03
1.752483557398631930e-01 1.030641932824097012e+03
1.768061189019953794e-01 9.846597681490394507e+02
1.783638820641275657e-01 9.515423926606055147e+02
1.799216452262597521e-01 8.987011626434418758e+02
1.814794083883919384e-01 8.664691487583249909e+02
1.830371715505241248e-01 8.628773900524588498e+02
1.845949347126563111e-01 8.352401749473643804e+02
1.861526978747880534e-01 7.949512200150892340e+02
1.877104610369202398e-01 8.019820079996754885e+02
1.892682241990524261e-01 7.882721419013441846e+02
1.908259873611846125e-01 8.055059307710060921e+02
1.923837505233167988e-01 7.941909337924765850e+02
1.939415136854489852e-01 7.856298488492201386e+02
1.954992768475811715e-01 8.119840037166931097e+02
1.970570400097129138e-01 8.547120538422230993e+02
1.986148031718451001e-01 8.580061685572532042e+02
2.001725663339772865e-01 8.844454068962909332e+02
2.017303294961094728e-01 8.876718040861933332e+02
2.032880926582416592e-01 8.905779372419490301e+02
2.048458558203738455e-01 8.914449996621439141e+02
2.064036189825055878e-01 8.999728720919431453e+02
2.079613821446377742e-01 9.091992034305418429e+02
2.095191453067699605e-01 9.214553805922618039e+02
2.110769084689021469e-01 9.458791615670633064e+02
2.126346716310343332e-01 9.719584350653918818e+02
2.141924347931665196e-01 9.728888516205224732e+02
2.157501979552987059e-01 9.680954304310083671e+02
2.173079611174304482e-01 9.877517375832471771e+02
2.188657242795626345e-01 1.009261026513525962e+03
2.204234874416948209e-01 1.008641855173479826e+03
2.219812506038270072e-01 9.928141429957271384e+02
2.235390137659591936e-01 1.002973821177624814e+03
2.250967769280913799e-01 1.029340433006937019e+03
2.266545400902235663e-01 1.042710933982243432e+03
2.282123032523553086e-01 1.044896746276598606e+03
2.297700664144874949e-01 1.045413501155136146e+03
2.313278295766196813e-01 1.008746209794258334e+03
2.328855927387518676e-01 1.005796261119466635e+03
2.344433559008840540e-01 9.971392174541667828e+02
2.360011190630162403e-01 9.934320659015060073e+02
2.375588822251484267e-01 1.000298448210746301e+03
2.391166453872801689e-01 9.958367560901198203e+02
2.406744085494123553e-01 9.717096296254828758e+02
2.422321717115445416e-01 9.486127499993219772e+02
2.437899348736767280e-01 9.375393433464714690e+02
2.453476980358089143e-01 9.051379933417247230e+02
2.469054611979411007e-01 8.953301237747554069e+02
2.484632243600728430e-01 8.828157151733229284e+02
2.500209875222050293e-01 8.599720506087612648e+02
2.515787506843372157e-01 8.481496510370214992e+02
2.531365138464694020e-01 8.238365179410437804e+02
2.546942770086015884e-01 7.905869488327946328e+02
2.562520401707337747e-01 7.680970189478218799e+02
2.578098033328659611e-01 7.577377421264551458e+02
2.593675664949977033e-01 7.375048019810888036e+02
2.609253296571298897e-01 7.045367239824191756e+02
2.624830928192620760e-01 6.644198101772386735e+02
2.640408559813942624e-01 6.785520483264976974e+02
2.655986191435264487e-01 6.558421492590805428e+02
2.671563823056586351e-01 6.342113680024419864e+02
2.687141454677908214e-01 6.202591717078106512e+02
2.702719086299225637e-01 6.089263615979687074e+02
2.718296717920547501e-01 5.848806194897622390e+02
2.733874349541869364e-01 5.467839704677923010e+02
2.749451981163191228e-01 5.224580424979340023e+02
2.765029612784513091e-01 4.993112352436550054e+02
2.780607244405834955e-01 4.873612068421642789e+02
2.796184876027156818e-01 4.836226685219348269e+02
2.811762507648474241e-01 4.714418083984265309e+02
2.827340139269796104e-01 4.315209568458603258e+02
2.842917770891117968e-01 4.099577540885715621e+02
2.858495402512439831e-01 4.019133772032902243e+02
2.874073034133761695e-01 3.946503755668032909e+02
2.889650665755083558e-01 3.880870235078388646e+02
2.905228297376400981e-01 3.866154880618632319e+02
2.920805928997722845e-01 3.631474649728893382e+02
2.936383560619044708e-01 3.530507093276214050e+02
2.951961192240366572e-01 3.365106343938995792e+02
2.967538823861688435e-01 3.127736666835381243e+02
2.983116455483010299e-01 3.130771543680641571e+02
2.998694087104332162e-01 2.970656724578799412e+02
3.014271718725649585e-01 2.870277261981108836e+02
3.029849350346971448e-01 2.815499621806293362e+02
3.045426981968293312e-01 2.662176121710804750e+02
3.061004613589615175e-01 2.573158256665906833e+02
3.076582245210937039e-01 2.517356128707392315e+02
3.092159876832258902e-01 2.370519252124435639e+02
3.107737508453580766e-01 2.126382075068255517e+02
3.123315140074898189e-01 2.115507306439887998e+02
3.138892771696220052e-01 2.090823287636942780e+02
3.154470403317541916e-01 2.104362869748044318e+02
3.170048034938863779e-01 1.984486145999524069e+02
3.185625666560185643e-01 1.871734359453006107e+02
3.201203298181507506e-01 1.925171426504654164e+02
3.216780929802829370e-01 1.912037239660484147e+02
3.232358561424146792e-01 1.718459587554691268e+02
3.247936193045468656e-01 1.730185157947462642e+02
3.263513824666790519e-01 1.720223893780262472e+02
3.279091456288112383e-01 1.647491776408586475e+02
3.294669087909434246e-01 1.723497178561462704e+02
3.310246719530756110e-01 1.757258195467771884e+02
3.325824351152073532e-01 1.729102903501459991e+02
3.341401982773395396e-01 1.646726883127385861e+02
3.356979614394717260e-01 1.551508566113799077e+02
3.372557246016039123e-01 1.612672581406639551e+02
3.388134877637360987e-01 1.631490646776298092e+02
3.403712509258682850e-01 1.469969213215256332e+02
3.419290140880004714e-01 1.533231070393841549e+02
3.434867772501322136e-01 1.606833844715531541e+02
3.450445404122644000e-01 1.565642556219518724e+02
3.466023035743965863e-01 1.563948600010062648e+02
3.481600667365287727e-01 1.619355469971509933e+02
3.497178298986609590e-01 1.612703173346379231e+02
3.512755930607931454e-01 1.583423301555820615e+02
3.528333562229253317e-01 1.626255234541227139e+02
3.543911193850570740e-01 1.579328661637661071e+02
3.559488825471892604e-01 1.651925457442179948e+02
3.575066457093214467e-01 1.632375616400508989e+02
3.590644088714536331e-01 1.589075879697269045e+02
3.606221720335858194e-01 1.590934425575559885e+02
3.621799351957180058e-01 1.607280554965724093e+02
3.637376983578501921e-01 1.559890737555194278e+02
3.652954615199819344e-01 1.487858941707297049e+02
3.668532246821141207e-01 1.456724109370035762e+02
3.684109878442463071e-01 1.496146747234538168e+02
3.699687510063784934e-01 1.603261685920936372e+02
3.715265141685106798e-01 1.573934270469610794e+02
3.730842773306428661e-01 1.446495655784096357e+02
3.746420404927746084e-01 1.503802471732114725e+02
3.761998036549067947e-01 1.511871240621076993e+02
3.777575668170389811e-01 1.547854626249751675e+02
3.793153299791711675e-01 1.547826664601648190e+02
3.808730931413033538e-01 1.563033274677122222e+02
3.824308563034355402e-01 1.546654849898828843e+02
3.839886194655677265e-01 1.520576309241494641e+02
3.855463826276994688e-01 1.689724144796268206e+02
3.871041457898316551e-01 1.617211217449799676e+02
3.886619089519638415e-01 1.333903123707026452e+02
3.902196721140960278e-01 1.350943525869192570e+02
3.917774352762282142e-01 1.292706127870695809e+02
3.933351984383604005e-01 1.372686382061140193e+02
3.948929616004925869e-01 1.378517526239972995e+02
3.964507247626243291e-01 1.304831877805033002e+02
3.980084879247565155e-01 1.315517713976632592e+02
3.995662510868887018e-01 1.371604930646210221e+02
4.011240142490208882e-01 1.298466895322779351e+02
4.026817774111530746e-01 1.341784027406479254e+02
4.042395405732852609e-01 1.250483942282520928e+02
4.057973037354174473e-01 1.311650970276120063e+02
4.073550668975491895e-01 1.229098869406501535e+02
4.089128300596813759e-01 1.273197283462554594e+02
4.104705932218135622e-01 1.262597795246975778e+02
4.120283563839457486e-01 1.293080832458492750e+02
4.135861195460779349e-01 1.322341318957001874e+02
4.151438827082101213e-01 1.239522390528797473e+02
4.167016458703418635e-01 1.258196962995769468e+02
4.182594090324740499e-01 1.206937209107394864e+02
4.198171721946062362e-01 1.004895422371153302e+02
4.213749353567384226e-01 1.107115962263784041e+02
4.229326985188706090e-01 1.169523378258236193e+02
4.244904616810027953e-01 1.135019776770843833e+02
4.260482248431349817e-01 1.074342210608703567e+02
4.276059880052667239e-01 1.012137027846959256e+02
4.291637511673989103e-01 1.008286283818938642e+02
4.307215143295310966e-01 1.012067917440868712e+02
4.322792774916632830e-01 9.811743619381869053e+01
4.338370406537954693e-01 1.029000314093712802e+02
4.353948038159276557e-01 9.226307024841739235e+01
4.369525669780598420e-01 8.547149558227370392e+01
4.385103301401915843e-01 8.884793917087246484e+01
4.400680933023237706e-01 8.607520768459806959e+01
4.416258564644559570e-01 8.615054154622218618e+01
4.431836196265881433e-01 8.415405786599271210e+01
4.447413827887203297e-01 8.141397840315215717e+01
4.462991459508525161e-01 7.562688073853746573e+01
4.478569091129847024e-01 7.214393056962705941e+01
4.494146722751164447e-01 7.255451975942942511e+01
4.509724354372486310e-01 8.182494840804986325e+01
4.525301985993808174e-01 8.417404647991202182e+01
4.540879617615130037e-01 8.358879921338422037e+01
4.556457249236451901e-01 7.064065458366766848e+01
4.572034880857773764e-01 7.234340613335507442e+01
4.587612512479095628e-01 6.578111676139957353e+01
4.603190144100413050e-01 6.268417385469084735e+01
4.618767775721734914e-01 6.547171930087709768e+01
4.634345407343056777e-01 6.893019269457802523e+01
4.649923038964378641e-01 7.389165544044104195e+01
4.665500670585700504e-01 7.199731956552751910e+01
4.681078302207022368e-01 7.480351564079921900e+01
4.696655933828339791e-01 7.663875415719738271e+01
4.712233565449661654e-01 6.672598970620130387e+01
4.727811197070983518e-01 6.622754146802820685e+01
4.743388828692305381e-01 6.709573494127860727e+01
4.758966460313627245e-01 6.747591404302920637e+01
4.774544091934949108e-01 6.564433785893258744e+01
4.790121723556270972e-01 6.552951217979165222e+01
4.805699355177588394e-01 6.804968282010941039e+01
4.821276986798910258e-01 7.009143112478716375e+01
4.836854618420232121e-01 6.652768620053325321e+01
4.852432250041553985e-01 6.525929998032022183e+01
4.868009881662875848e-01 6.027538606529058285e+01
4.883587513284197712e-01 6.333609692960995119e+01
4.899165144905519576e-01 6.661288685949756427e+01
4.914742776526836998e-01 6.655739687384655667e+01
4.930320408148158862e-01 6.506194945743106928e+01
4.945898039769480725e-01 6.587760712932389140e+01
4.961475671390802589e-01 6.857564079478657959e+01
4.977053303012124452e-01 6.867417074585895875e+01
4.992630934633446316e-01 6.883624087287262228e+01
5.008208566254768179e-01 5.936175401158957499e+01
5.023786197876085602e-01 6.717352774940221138e+01
5.039363829497407465e-01 6.654728630549996637e+01
5.054941461118729329e-01 6.389856712522202287e+01
5.070519092740051192e-01 5.896837226920167296e+01
5.086096724361373056e-01 6.472481334606013093e+01
5.101674355982694919e-01 6.499079303666668750e+01
5.117251987604012342e-01 6.720944987796364956e+01
5.132829619225334206e-01 6.864588096625972469e+01
5.148407250846656069e-01 6.120997618096958348e+01
5.163984882467977933e-01 5.333072999548819837e+01
5.179562514089299796e-01 6.017354141553047953e+01
5.195140145710621660e-01 6.076623373391108629e+01
5.210717777331943523e-01 6.005249705833973195e+01
5.226295408953260946e-01 5.922231855218505103e+01
5.241873040574582809e-01 6.326057694340421023e+01
5.257450672195904673e-01 5.852813285046136826e+01
5.273028303817226536e-01 5.326948466739714405e+01
5.288605935438548400e-01 5.359888178257912017e+01
5.304183567059870263e-01 5.306334839789307978e+01
5.319761198681192127e-01 5.619397976290254348e+01
5.335338830302509550e-01 5.623089855726969688e+01
5.350916461923831413e-01 5.545759496551667667e+01
5.366494093545153277e-01 5.249708491416174638e+01
5.382071725166475140e-01 5.458322955113494857e+01
5.397649356787797004e-01 5.044948757704867859e+01
5.413226988409118867e-01 5.803829405014455745e+01
5.428804620030440731e-01 6.199338698878756304e+01
5.444382251651758153e-01 5.752929064685144311e+01
5.459959883273080017e-01 5.265844634793440804e+01
5.475537514894401880e-01 5.176743351780761770e+01
5.491115146515723744e-01 5.512844525094508441e+01
5.506692778137045607e-01 5.581687378582267200e+01
5.522270409758367471e-01 4.714201944445500914e+01
5.537848041379684894e-01 5.283005368280136338e+01
5.553425673001006757e-01 5.418225381375714278e+01
5.569003304622328621e-01 4.925458819570664559e+01
5.584580936243650484e-01 5.425002761732149992e+01
5.600158567864972348e-01 5.383183491253777930e+01
5.615736199486294211e-01 5.077713083917826253e+01
5.631313831107616075e-01 4.719520035198935659e+01
5.646891462728933497e-01 4.525516532920138957e+01
5.662469094350255361e-01 4.839518213782840661e+01
5.678046725971577224e-01 5.352497817928437485e+01
5.693624357592899088e-01 4.942013690427914696e+01
5.709201989214220951e-01 6.044196681751170530e+01
5.724779620835542815e-01 5.017046166830334641e+01
5.740357252456864678e-01 5.001177691065115027e+01
5.755934884078182101e-01 4.715287786473037102e+01
5.771512515699503965e-01 4.698669312771933448e+01
5.787090147320825828e-01 4.785579053276048000e+01
5.802667778942147692e-01 4.635187829961801498e+01
5.818245410563469555e-01 4.193819517836463717e+01
5.833823042184791419e-01 3.992768519422041607e+01
5.849400673806113282e-01 4.388300036206646837e+01
5.864978305427430705e-01 4.305432226892310865e+01
5.880555937048752568e-01 3.799630755320107056e+01
5.896133568670074432e-01 4.270416765116563340e+01
5.911711200291396295e-01 4.538232283263959488e+01
5.927288831912718159e-01 4.009044452491573907e+01
5.942866463534040022e-01 3.793005424128111258e+01
5.958444095155357445e-01 3.953471433833338722e+01
5.974021726776679309e-01 4.138669223898858718e+01
5.989599358398001172e-01 4.066426818424520917e+01
6.005176990019323036e-01 4.025482806035760319e+01
6.020754621640644899e-01 4.190808615460280606e+01
6.036332253261966763e-01 4.029359946938295423e+01
6.051909884883288626e-01 4.037751196220526850e+01
6.067487516504606049e-01 3.861038839395870781e+01
6.083065148125927912e-01 3.527359020510731114e+01
6.098642779747249776e-01 3.717686594810410128e+01
6.114220411368571639e-01 3.961064957427217337e+01
6.129798042989893503e-01 3.781474706683071219e+01
6.145375674611215366e-01 3.602100108540013679e+01
6.160953306232537230e-01 3.787212200405599560e+01
6.176530937853854653e-01 4.373004807537883210e+01
6.192108569475176516e-01 3.906082908137604903e+01
6.207686201096498380e-01 4.354105217272395123e+01
6.223263832717820243e-01 4.012521029267739436e+01
6.238841464339142107e-01 4.265005335922317897e+01
6.254419095960463970e-01 4.033023244733384161e+01
6.269996727581785834e-01 3.898451916802437012e+01
6.285574359203103256e-01 3.388251967704687218e+01
6.301151990824425120e-01 3.321633641135212400e+01
6.316729622445746983e-01 3.768165436534594193e+01
6.332307254067068847e-01 3.875535747329847425e+01
6.347884885688390710e-01 3.967347164944261095e+01
6.363462517309712574e-01 3.844213821434830436e+01
6.379040148931029997e-01 4.069766570722705268e+01
6.394617780552351860e-01 4.058138927025039777e+01
6.410195412173673724e-01 3.555835355887382576e+01
6.425773043794995587e-01 3.493417192768855273e+01
6.441350675416317451e-01 3.242563420417813802e+01
6.456928307037639314e-01 3.481885449700667579e+01
6.472505938658961178e-01 3.601088004813949794e+01
6.488083570280278600e-01 3.591912583008869575e+01
6.503661201901600464e-01 3.693545358100947595e+01
6.519238833522922327e-01 3.763745955194226411e+01
6.534816465144244191e-01 3.850214828708599413e+01
6.550394096765566054e-01 3.893340667795185794e+01
6.565971728386887918e-01 3.613860002865547472e+01
6.581549360008209781e-01 3.611504124317086450e+01
6.597126991629527204e-01 3.292055895315024117e+01
6.612704623250849068e-01 3.462139430773497395e+01
6.628282254872170931e-01 3.295580948096873186e+01
6.643859886493492795e-01 3.268387857073019376e+01
6.659437518114814658e-01 3.661077775463752459e+01
6.675015149736136522e-01 3.812627581705751822e+01
6.690592781357458385e-01 3.642341702324038266e+01
6.706170412978775808e-01 3.628283035686469304e+01
6.721748044600097671e-01 4.011099598383674447e+01
6.737325676221419535e-01 3.072369844358453506e+01
6.752903307842741398e-01 3.884135954774964716e+01
6.768480939464063262e-01 3.352452004946773911e+01
6.784058571085385125e-01 3.484710315116666379e+01
6.799636202706702548e-01 3.561625886650181627e+01
6.815213834328024411e-01 3.315998057289967704e+01
6.830791465949346275e-01 3.446108296894765743e+01
6.846369097570668139e-01 3.707349990753397861e+01
6.861946729191990002e-01 3.284125481446417893e+01
6.877524360813311866e-01 3.587759786440517473e+01
6.893101992434633729e-01 3.232125024589388573e+01
6.908679624055951152e-01 3.189341583436743832e+01
6.924257255677273015e-01 4.243803944874002099e+01
6.939834887298594879e-01 3.314718958870437859e+01
6.955412518919916742e-01 3.409923280442375670e+01
6.970990150541238606e-01 3.598129808657665052e+01
6.986567782162560469e-01 3.257088594919419933e+01
7.002145413783882333e-01 3.210163138341135891e+01
7.017723045405199755e-01 3.260310999689578182e+01
7.033300677026521619e-01 3.361171710835628801e+01
7.048878308647843483e-01 3.537369634607954794e+01
7.064455940269165346e-01 3.567689931490291855e+01
7.080033571890487210e-01 3.434384870946501422e+01
7.095611203511809073e-01 3.620577397717158874e+01
7.111188835133130937e-01 3.319563342107405646e+01
7.126766466754448359e-01 3.279355499655917328e+01
7.142344098375770223e-01 3.153692431591182554e+01
7.157921729997092086e-01 3.228750091169977310e+01
7.173499361618413950e-01 3.377255026325343579e+01
7.189076993239735813e-01 3.263338312586486012e+01
7.204654624861057677e-01 3.476914839850163474e+01
7.220232256482375099e-01 3.286477646601436220e+01
7.235809888103696963e-01 2.679999044445307632e+01
7.251387519725018826e-01 3.391007309227776290e+01
7.266965151346340690e-01 3.106634351367447522e+01
7.282542782967662554e-01 3.173822202048295793e+01
7.298120414588984417e-01 3.059921729655037126e+01
7.313698046210306281e-01 3.043162137094673625e+01
7.329275677831623703e-01 2.943394364036439370e+01
7.344853309452945567e-01 2.987666565422390264e+01
7.360430941074267430e-01 3.167725266943837781e+01
7.376008572695589294e-01 3.099437587955233653e+01
7.391586204316911157e-01 3.499806785665060715e+01
7.407163835938233021e-01 3.050373054201509504e+01
7.422741467559554884e-01 2.889454767772450694e+01
7.438319099180872307e-01 3.077574243171622470e+01
7.453896730802194170e-01 3.380703216784772991e+01
7.469474362423516034e-01 3.185302280865180080e+01
7.485051994044837897e-01 2.945794468661842203e+01
7.500629625666159761e-01 3.082145354429128048e+01
7.516207257287481625e-01 2.986254854968252559e+01
7.531784888908803488e-01 2.797393945726460629e+01
7.547362520530120911e-01 2.933175439884976754e+01
7.562940152151442774e-01 2.742876316192381836e+01
7.578517783772764638e-01 2.605500524353464087e+01
7.594095415394086501e-01 3.023675424754999597e+01
7.609673047015408365e-01 3.085149555599470261e+01
7.625250678636730228e-01 3.491973804966323058e+01
7.640828310258052092e-01 2.925176267667728069e+01
7.656405941879369514e-01 2.559472772753782976e+01
7.671983573500691378e-01 2.764291757746837419e+01
7.687561205122013241e-01 3.051786091524892797e+01
7.703138836743335105e-01 3.072518924099262705e+01
7.718716468364656969e-01 2.967446619073553649e+01
7.734294099985978832e-01 2.842220849310552211e+01
7.749871731607296255e-01 2.768384010614354906e+01
7.765449363228618118e-01 2.534566431663979813e+01
7.781026994849939982e-01 3.292920178569824685e+01
7.796604626471261845e-01 2.915867687338215219e+01
7.812182258092583709e-01 2.715331719007598821e+01
7.827759889713905572e-01 2.573613402936138428e+01
7.843337521335227436e-01 2.886024424465552940e+01
7.858915152956544858e-01 2.981419981811682973e+01
7.874492784577866722e-01 2.856433536472798451e+01
7.890070416199188585e-01 3.021794322235324159e+01
7.905648047820510449e-01 3.298554932175446197e+01
7.921225679441832312e-01 2.985029522710290095e+01
7.936803311063154176e-01 2.772191524494995818e+01
7.952380942684476040e-01 3.275100598548477393e+01
7.967958574305793462e-01 2.810906154443605587e+01
7.983536205927115326e-01 2.756589302124582730e+01
7.999113837548437189e-01 3.067530804770619568e+01
8.014691469169759053e-01 3.252229104247803804e+01
8.030269100791080916e-01 3.263759647556315713e+01
8.045846732412402780e-01 3.209565049148356763e+01
8.061424364033724643e-01 3.008097219965314650e+01
8.077001995655042066e-01 2.616232146522233748e+01
8.092579627276363929e-01 2.844009460126235567e+01
8.108157258897685793e-01 3.296250479497064134e+01
8.123734890519003216e-01 2.851482584254804920e+01
8.139312522140329520e-01 2.465584868183963962e+01
8.154890153761646943e-01 2.953897010698625891e+01
8.170467785382973247e-01 2.840883480152059803e+01
8.186045417004290670e-01 2.874869285854087053e+01
8.201623048625616974e-01 2.767514174755094558e+01
8.217200680246934397e-01 2.726683776867469788e+01
8.232778311868251819e-01 2.743732026731557383e+01
8.248355943489578124e-01 2.784376852620255960e+01
8.263933575110895546e-01 2.962410366799953465e+01
8.279511206732221851e-01 2.668529003432645297e+01
8.295088838353539273e-01 2.565452459683020336e+01
8.310666469974865578e-01 1.957669918853427404e+01
8.326244101596183000e-01 2.600022485545421347e+01
8.341821733217500423e-01 2.649746036759306733e+01
8.357399364838826727e-01 2.616332474298260280e+01
8.372976996460144150e-01 2.516963772134237232e+01
8.388554628081470455e-01 2.498326689752510887e+01
8.404132259702787877e-01 2.485238478915507798e+01
8.419709891324114182e-01 2.628233384180758492e+01
8.435287522945431604e-01 2.374518608089650940e+01
8.450865154566749027e-01 3.010128555061841737e+01
8.466442786188075331e-01 2.660657951007188160e+01
8.482020417809392754e-01 2.550266984017307337e+01
8.497598049430719058e-01 2.753584805374632083e+01
8.513175681052036481e-01 3.028388556929018804e+01
8.528753312673362785e-01 3.118130382635874298e+01
8.544330944294680208e-01 2.762467190164355557e+01
8.559908575915997631e-01 2.778687637876263494e+01
8.575486207537323935e-01 2.981070853242114183e+01
8.591063839158641358e-01 2.545823884285128003e+01
8.606641470779967662e-01 2.821136274413482425e+01
8.622219102401285085e-01 2.570344194280977845e+01
8.637796734022611389e-01 1.920426276003095012e+01
8.653374365643928812e-01 2.571247762141591764e+01
8.668951997265246234e-01 2.667345528465175519e+01
8.684529628886572539e-01 2.563788567036761634e+01
8.700107260507889961e-01 2.706737478201782920e+01
8.715684892129216266e-01 2.840723971465636666e+01
8.731262523750533688e-01 2.796622792625317544e+01
8.746840155371859993e-01 2.457063381888486120e+01
8.762417786993177415e-01 2.283942500514186591e+01
8.777995418614494838e-01 1.940472865196531060e+01
8.793573050235821142e-01 2.644241856356020648e+01
8.809150681857138565e-01 3.669909126947815992e+01
8.824728313478464869e-01 2.383023366714404290e+01
8.840305945099782292e-01 2.516058483110082022e+01
8.855883576721099715e-01 1.882581214431622385e+01
8.871461208342426019e-01 2.245082757030914777e+01
8.887038839963743442e-01 2.624689995682279431e+01
8.902616471585069746e-01 2.470717891782434350e+01
8.918194103206387169e-01 2.562078991280001361e+01
8.933771734827713473e-01 2.683495641484877581e+01
8.949349366449030896e-01 2.191925379270676899e+01
8.964926998070348318e-01 2.077298928726111171e+01
8.980504629691674623e-01 2.480012130931423187e+01
8.996082261312992046e-01 2.112944914968635146e+01
9.011659892934318350e-01 2.321417187024682249e+01
9.027237524555635773e-01 2.527715601884269603e+01
9.042815156176962077e-01 2.853565494551133597e+01
9.058392787798279500e-01 2.557694495010455427e+01
9.073970419419596922e-01 2.316331135400703900e+01
9.089548051040923227e-01 2.334596711885773601e+01
9.105125682662240649e-01 2.232010303161780485e+01
9.120703314283566954e-01 2.455983209503347808e+01
9.136280945904884376e-01 2.594519045438247673e+01
9.151858577526210681e-01 2.928754646654311600e+01
9.167436209147528103e-01 2.629337973552214791e+01
9.183013840768845526e-01 1.688522943375108198e+01
9.198591472390171830e-01 2.035787288562726971e+01
9.214169104011489253e-01 2.167246136700123316e+01
9.229746735632815557e-01 2.363286135505560992e+01
9.245324367254132980e-01 2.526987073645513604e+01
9.260901998875459284e-01 2.306489706505308845e+01
9.276479630496776707e-01 2.098554088467776424e+01
9.292057262118094130e-01 2.303625199368731202e+01
9.307634893739420434e-01 2.602975286871985716e+01
9.323212525360737857e-01 2.754338678513131455e+01
9.338790156982064161e-01 2.448359543053638987e+01
9.354367788603381584e-01 2.247753098347148182e+01
9.369945420224707888e-01 2.623728306576325053e+01
9.385523051846025311e-01 2.712573941809780109e+01
9.401100683467342733e-01 2.673621533345840007e+01
9.416678315088669038e-01 2.462786871194522931e+01
9.432255946709986461e-01 2.395593062837185983e+01
9.447833578331312765e-01 2.394820982854668401e+01
9.463411209952630188e-01 2.568828302080283166e+01
9.478988841573956492e-01 2.753407494832965341e+01
9.494566473195273915e-01 2.359452172868249065e+01
9.510144104816591337e-01 2.549354954848871913e+01
9.525721736437917642e-01 2.131891219296437612e+01
9.541299368059235064e-01 2.289511836438779113e+01
9.556876999680561369e-01 2.220064642919406950e+01
9.572454631301878791e-01 2.204997171823070090e+01
9.588032262923205096e-01 2.324155424048276686e+01
9.603609894544522518e-01 2.618037515494106060e+01
9.619187526165839941e-01 2.760261209693444684e+01
9.634765157787166245e-01 2.678638337360196786e+01
9.650342789408483668e-01 2.680255635824529037e+01
9.665920421029809972e-01 2.600288709718764935e+01
9.681498052651127395e-01 2.380521736706713298e+01
9.697075684272444818e-01 2.352649823406975571e+01
9.712653315893771122e-01 2.447378508250979579e+01
9.728230947515088545e-01 2.363850162596284932e+01
9.743808579136414849e-01 2.289053999528497485e+01
9.759386210757732272e-01 2.320767529918364147e+01
9.774963842379058576e-01 2.396494407627744749e+01
9.790541474000375999e-01 2.489533123882351262e+01
9.806119105621693421e-01 2.501790980915679086e+01
9.821696737243019726e-01 2.266127880199521982e+01
9.837274368864337148e-01 2.281004205178570388e+01
9.852852000485663453e-01 2.361966416131344815e+01
9.868429632106980876e-01 2.292248809729609960e+01
9.884007263728307180e-01 2.547576777520210811e+01
9.899584895349624603e-01 2.766462059201653645e+01
9.915162526970942025e-01 2.878157412992172581e+01
9.930740158592268330e-01 2.379082753722586219e+01
9.946317790213585752e-01 2.338463385228863700e+01
9.961895421834912057e-01 2.341776706722650658e+01
9.977473053456229479e-01 1.671844173080935647e+01
9.993050685077555784e-01 1.886039723497744802e+01
1.000862831669887321e+00 2.305908643669070202e+01
1.002420594832019063e+00 2.722783262013609473e+01
1.003978357994151693e+00 2.484898387822496701e+01
1.005536121156283436e+00 1.932840823877513969e+01
1.007093884318416066e+00 1.997717116898786927e+01
1.008651647480547808e+00 2.005879632329700257e+01
1.010209410642680439e+00 1.968784663143258484e+01
1.011767173804812181e+00 2.035035851778610194e+01
1.013324936966943923e+00 2.066617623583587005e+01
1.014882700129076554e+00 2.213211525426231674e+01
1.016440463291208296e+00 2.231641766985806896e+01
1.017998226453340926e+00 2.443735194022568891e+01
1.019555989615472669e+00 2.396753618075295122e+01
1.021113752777605299e+00 2.359955041123499697e+01
1.022671515939737041e+00 2.289005216508925145e+01
1.024229279101868784e+00 2.201156447098715674e+01
1.025787042264001414e+00 2.354502514197677954e+01
1.027344805426133156e+00 2.561353745094355361e+01
1.028902568588265787e+00 2.514058302446557747e+01
1.030460331750397529e+00 2.478178029954744943e+01
1.032018094912530159e+00 2.512737701383708711e+01
1.033575858074661902e+00 2.521811269386334331e+01
1.035133621236793644e+00 2.190674871970561455e+01
1.036691384398926274e+00 1.919496381678647268e+01
1.038249147561058017e+00 2.160235487823771194e+01
1.039806910723190647e+00 2.192024856546187905e+01
1.041364673885322389e+00 1.838194280139376247e+01
1.042922437047455020e+00 2.111330736542906195e+01
1.044480200209586762e+00 2.391057907737227595e+01
1.046037963371718504e+00 2.460931207943287902e+01
1.047595726533851135e+00 2.500313172787381788e+01
1.049153489695982877e+00 2.243703757577425861e+01
1.050711252858115508e+00 1.944346114335399989e+01
1.052269016020247250e+00 1.723230368162619541e+01
1.053826779182378992e+00 1.806035087539224904e+01
1.055384542344511623e+00 1.646173256522037676e+01
1.056942305506643365e+00 2.062509284284578470e+01
1.058500068668775995e+00 2.483533263775417765e+01
1.060057831830907737e+00 2.264382083056397121e+01
1.061615594993040368e+00 2.247935110110417511e+01
1.063173358155172110e+00 2.437232110424587361e+01
1.064731121317303852e+00 2.346422104049763036e+01
1.066288884479436483e+00 2.462316865934650423e+01
1.067846647641568225e+00 1.903647488883440886e+01
1.069404410803700856e+00 2.002651426605445550e+01
1.070962173965832598e+00 2.163264075444559609e+01
1.072519937127965228e+00 2.149947365632665353e+01
1.074077700290096971e+00 2.153130518326027243e+01
1.075635463452228713e+00 2.075405152564749756e+01
1.077193226614361343e+00 2.214394152838836050e+01
1.078750989776493086e+00 2.270204110860244029e+01
1.080308752938625716e+00 1.931436726808959392e+01
1.081866516100757458e+00 2.129354039445725988e+01
1.083424279262890089e+00 2.529002722309932949e+01
1.084982042425021831e+00 2.267495511675717879e+01
1.086539805587153573e+00 2.360409478846684195e+01
1.088097568749286204e+00 2.226491880336599039e+01
1.089655331911417946e+00 2.402807547654027331e+01
1.091213095073550576e+00 2.203742305632531640e+01
1.092770858235682319e+00 2.295620682079532315e+01
1.094328621397814949e+00 2.286617428235518545e+01
1.095886384559946691e+00 2.165022778885466437e+01
1.097444147722078434e+00 2.186759369465348968e+01
1.099001910884211064e+00 2.210096569170884706e+01
1.100559674046342806e+00 2.280614939379095318e+01
1.102117437208475437e+00 2.462429174668028153e+01
1.103675200370607179e+00 3.201100657247751968e+01
1.105232963532739809e+00 2.149742110927503802e+01
1.106790726694871552e+00 2.138491055701388888e+01
1.108348489857003294e+00 1.820989081150839084e+01
1.109906253019135924e+00 2.051687990001603268e+01
1.111464016181267667e+00 2.145166806442027152e+01
1.113021779343400297e+00 2.067850461525377881e+01
1.114579542505532039e+00 2.054326337867822616e+01
1.116137305667664670e+00 1.962173059648274887e+01
1.117695068829796412e+00 2.477982466182025334e+01
1.119252831991928154e+00 2.215639161377519173e+01
1.120810595154060785e+00 1.838703384754069603e+01
1.122368358316192527e+00 1.824452921469043787e+01
1.123926121478325157e+00 2.091259651628814353e+01
1.125483884640456900e+00 2.163667906167698263e+01
1.127041647802589530e+00 2.249215415584516364e+01
1.128599410964721272e+00 2.196314226950968873e+01
1.130157174126853015e+00 2.050067426145722749e+01
1.131714937288985645e+00 1.888647322854878752e+01
1.133272700451117387e+00 1.954282060082107719e+01
1.134830463613250018e+00 2.000132153796379342e+01
1.136388226775381760e+00 2.034648140734383048e+01
1.137945989937513502e+00 2.424838783156884148e+01
1.139503753099646133e+00 2.266642439856676106e+01
1.141061516261777875e+00 2.390337040937533786e+01
1.142619279423910505e+00 2.068633565140750363e+01
1.144177042586042248e+00 2.086805173486321507e+01
1.145734805748174878e+00 2.086995466074336036e+01
1.147292568910306620e+00 2.063266224155106698e+01
1.148850332072438363e+00 2.568644633311470926e+01
1.150408095234570993e+00 2.353880552444889673e+01
1.151965858396702735e+00 2.058600982394818502e+01
1.153523621558835366e+00 2.505653857036828214e+01
1.155081384720967108e+00 2.217188872134533639e+01
1.156639147883099739e+00 1.960972445564040711e+01
1.158196911045231481e+00 2.443965393379163586e+01
1.159754674207363223e+00 2.480877506038815028e+01
1.161312437369495854e+00 2.090450897353219162e+01
1.162870200531627596e+00 1.986898060917414099e+01
1.164427963693760226e+00 2.196334563153787300e+01
1.165985726855891969e+00 2.336797675216332593e+01
1.167543490018024599e+00 2.398108873932618934e+01
1.169101253180156341e+00 2.397582069739059563e+01
1.170659016342288083e+00 1.804340736492161668e+01
1.172216779504420714e+00 2.233950736640840873e+01
1.173774542666552456e+00 2.021598116384587129e+01
1.175332305828685087e+00 2.304639187080403318e+01
1.176890068990816829e+00 2.488540000289619769e+01
1.178447832152949459e+00 2.561139795778520778e+01
1.180005595315081202e+00 2.565842248199822606e+01
1.181563358477212944e+00 1.855340761276924866e+01
1.183121121639345574e+00 1.697008550886845057e+01
1.184678884801477317e+00 2.103242311801778186e+01
1.186236647963609947e+00 2.110001540272499554e+01
1.187794411125741689e+00 2.487960859012850179e+01
1.189352174287874320e+00 2.639252980303218621e+01
1.190909937450006062e+00 2.469627089535071818e+01
1.192467700612137804e+00 2.103483673426814349e+01
1.194025463774270435e+00 2.048244507838817086e+01
1.195583226936402177e+00 2.115570432194923711e+01
1.197140990098534807e+00 2.421696014966607535e+01
1.198698753260666550e+00 2.298794162811332242e+01
1.200256516422799180e+00 2.138607095227543908e+01
1.201814279584930922e+00 2.019282409245513321e+01
1.203372042747062665e+00 2.174725027688780443e+01
1.204929805909195295e+00 1.897582754852245301e+01
1.206487569071327037e+00 1.665276407433206174e+01
1.208045332233459668e+00 1.873153149888619140e+01
1.209603095395591410e+00 1.975987686746419669e+01
1.211160858557724040e+00 2.086720710300405202e+01
1.212718621719855783e+00 2.243034633651496179e+01
1.214276384881987525e+00 2.270689501559665047e+01
1.215834148044120155e+00 2.455292075274350694e+01
1.217391911206251898e+00 2.179909168453253088e+01
1.218949674368384528e+00 2.298265101637890240e+01
1.220507437530516270e+00 2.296054979513753480e+01
1.222065200692648901e+00 2.031859191684904076e+01
1.223622963854780643e+00 1.970996362607036190e+01
1.225180727016912385e+00 1.922195014659892465e+01
1.226738490179045016e+00 1.960281605424578544e+01
1.228296253341176758e+00 1.927260316713885047e+01
1.229854016503309388e+00 2.114928350164690940e+01
1.231411779665441131e+00 2.088039702593076896e+01
1.232969542827572873e+00 2.233364919936325776e+01
1.234527305989705503e+00 2.658428763198626399e+01
1.236085069151837246e+00 2.165182780927563400e+01
1.237642832313969876e+00 2.821348157743383922e+01
1.239200595476101618e+00 2.557106108869765748e+01
1.240758358638234249e+00 2.076535220680404592e+01
1.242316121800365991e+00 2.366341152499893496e+01
1.243873884962497733e+00 2.641872750926837554e+01
1.245431648124630364e+00 2.512840954783421665e+01
1.246989411286762106e+00 2.396265684726182243e+01
1.248547174448894737e+00 2.327961369548534520e+01
1.250104937611026479e+00 2.279679172438283885e+01
1.251662700773159109e+00 2.019977067322621878e+01
1.253220463935290852e+00 2.042478745557893305e+01
1.254778227097422594e+00 2.416605205158887415e+01
1.256335990259555224e+00 2.429438228859233817e+01
1.257893753421686966e+00 1.745839641012726773e+01
1.259451516583819597e+00 1.674044240562481178e+01
1.261009279745951339e+00 1.869177702749280812e+01
1.262567042908083970e+00 2.270168927315166840e+01
1.264124806070215712e+00 2.610113484308555343e+01
1.265682569232347454e+00 2.077292452340819651e+01
1.267240332394480085e+00 2.535651954661839014e+01
1.268798095556611827e+00 2.118364334582767938e+01
1.270355858718744457e+00 2.750987648935272389e+01
1.271913621880876200e+00 2.720052090431539327e+01
1.273471385043008830e+00 1.981989292377882705e+01
1.275029148205140572e+00 1.992321625974720334e+01
1.276586911367272315e+00 1.782197169525871416e+01
1.278144674529404945e+00 1.961685152931319465e+01
1.279702437691536687e+00 2.496355813595312867e+01
1.281260200853669318e+00 2.301313438435753156e+01
1.282817964015801060e+00 2.190468777415438950e+01
1.284375727177933690e+00 1.748198054871519247e+01
1.285933490340065433e+00 2.627883265094414966e+01
1.287491253502197175e+00 2.061759739581808759e+01
1.289049016664329805e+00 2.244994391390541111e+01
1.290606779826461548e+00 1.858041557556101608e+01
1.292164542988594178e+00 1.976613700732807288e+01
1.293722306150725920e+00 2.077327660775608820e+01
1.295280069312858551e+00 1.914140619796312137e+01
1.296837832474990293e+00 1.582758214558258558e+01
1.298395595637122035e+00 1.874073979059702566e+01
1.299953358799254666e+00 2.463824532999239381e+01
1.301511121961386408e+00 2.069582361505805679e+01
1.303068885123519038e+00 2.165431414393885134e+01
1.304626648285650781e+00 1.774929533468601761e+01
1.306184411447783411e+00 2.046906715222232265e+01
1.307742174609915153e+00 2.260549769528372011e+01
1.309299937772046896e+00 2.008294592685937374e+01
1.310857700934179526e+00 2.039432986292186456e+01
1.312415464096311268e+00 2.072971230185043368e+01
1.313973227258443899e+00 1.824694169170631142e+01
1.315530990420575641e+00 1.698663379771640081e+01
1.317088753582707383e+00 1.908799273408196129e+01
1.318646516744840014e+00 2.302728186979287273e+01
1.320204279906971756e+00 2.624055653619092965e+01
1.321762043069104386e+00 2.138032773802792263e+01
1.323319806231236129e+00 1.777148861571361849e+01
1.324877569393368759e+00 1.742510038637317393e+01
1.326435332555500501e+00 2.137612097940042943e+01
1.327993095717632244e+00 2.296265109108500724e+01
1.329550858879764874e+00 1.898611986027769660e+01
1.331108622041896616e+00 1.957756252146748821e+01
1.332666385204029247e+00 1.765681974816865463e+01
1.334224148366160989e+00 1.824120259998323590e+01
1.335781911528293620e+00 1.656923677320850530e+01
1.337339674690425362e+00 1.968687562545455449e+01
1.338897437852557104e+00 1.891368935083634284e+01
1.340455201014689735e+00 1.929186003579027187e+01
1.342012964176821477e+00 2.008261506546158159e+01
1.343570727338954107e+00 2.127206484081603222e+01
1.345128490501085849e+00 2.212352066158441488e+01
1.346686253663218480e+00 2.101252037870719036e+01
1.348244016825350222e+00 2.021567661244719361e+01
1.349801779987481964e+00 1.911078890532961694e+01
1.351359543149614595e+00 1.586166887911686274e+01
1.352917306311746337e+00 1.896919060829046799e+01
1.354475069473878968e+00 1.870990245190462886e+01
1.356032832636010710e+00 1.813003434785957424e+01
1.357590595798143340e+00 2.131445867291636276e+01
1.359148358960275083e+00 2.168473321239615359e+01
1.360706122122406825e+00 1.745506571981442434e+01
1.362263885284539455e+00 1.783017707460996348e+01
1.363821648446671198e+00 2.246933826828110981e+01
1.365379411608803828e+00 1.532876819983001582e+01
1.366937174770935570e+00 1.819382902248514355e+01
1.368494937933068201e+00 2.203883639048062548e+01
1.370052701095199943e+00 2.270884143073280370e+01
1.371610464257331685e+00 2.238354706961968077e+01
1.373168227419464316e+00 1.952853863595641926e+01
1.374725990581596058e+00 2.063883474516367400e+01
1.376283753743728688e+00 2.184988872679266336e+01
1.377841516905860431e+00 1.865504121973366125e+01
1.379399280067993061e+00 2.263581856657071611e+01
1.380957043230124803e+00 2.370093709094297552e+01
1.382514806392256546e+00 2.215131101702627703e+01
1.384072569554389176e+00 2.533023960004208419e+01
1.385630332716520918e+00 2.061292100529302118e+01
1.387188095878653549e+00 1.971350418614967026e+01
1.388745859040785291e+00 1.892056538009546784e+01
1.390303622202917921e+00 1.606386641651926439e+01
1.391861385365049664e+00 1.979676464406500003e+01
1.393419148527181406e+00 2.142690126753090141e+01
1.394976911689314036e+00 2.145784625363558717e+01
1.396534674851445779e+00 1.715844497244155065e+01
1.398092438013578409e+00 1.680760373812635322e+01
1.399650201175710151e+00 1.670351849966288427e+01
1.401207964337841894e+00 1.784663865507032909e+01
1.402765727499974524e+00 1.928242714801444890e+01
1.404323490662106266e+00 2.036906884660665540e+01
1.405881253824238897e+00 2.121535012079556282e+01
1.407439016986370639e+00 2.150280770578683587e+01
1.408996780148503269e+00 1.927741711499767874e+01
1.410554543310635012e+00 2.358459785724794955e+01
1.412112306472766754e+00 2.356495955117990704e+01
1.413670069634899384e+00 2.251335067077959096e+01
1.415227832797031127e+00 2.163669803092355792e+01
1.416785595959163757e+00 1.976453170556796479e+01
1.418343359121295499e+00 1.995771134988464368e+01
1.419901122283428130e+00 2.289049104199012774e+01
1.421458885445559872e+00 2.569684388207518211e+01
1.423016648607691614e+00 1.904558918139357715e+01
1.424574411769824245e+00 2.116164555907545264e+01
1.426132174931955987e+00 1.787494039860774109e+01
1.427689938094088618e+00 1.821567142902424763e+01
1.429247701256220360e+00 2.142143999098047757e+01
1.430805464418352990e+00 2.112896472018537608e+01
1.432363227580484732e+00 2.019378147941886326e+01
1.433920990742616475e+00 2.025726456973836775e+01
1.435478753904749105e+00 2.043461415712021179e+01
1.437036517066880847e+00 1.940891522178300832e+01
1.438594280229013478e+00 1.712833220113191146e+01
1.440152043391145220e+00 1.838315140846730245e+01
1.441709806553277851e+00 2.045479438795556248e+01
1.443267569715409593e+00 2.080221701555820601e+01
1.444825332877541335e+00 1.938267048963277972e+01
1.446383096039673966e+00 1.978994296765102590e+01
1.447940859201805708e+00 2.239188301385589952e+01
1.449498622363938338e+00 2.167845695677281270e+01
1.451056385526070081e+00 2.352021274291545083e+01
1.452614148688202711e+00 2.375366241955267199e+01
1.454171911850334453e+00 2.602568942223664550e+01
1.455729675012466195e+00 2.198047417480556831e+01
1.457287438174598826e+00 2.223774103203896857e+01
1.458845201336730568e+00 2.087969468035003473e+01
1.460402964498863199e+00 2.028432938840079203e+01
1.461960727660994941e+00 2.068623965828420097e+01
1.463518490823127571e+00 2.430156605041619500e+01
1.465076253985259314e+00 2.489943902927044306e+01
1.466634017147391056e+00 2.403663419942256141e+01
1.468191780309523686e+00 2.433057164044884857e+01
1.469749543471655429e+00 1.934853745467029640e+01
1.471307306633788059e+00 2.349505352471533115e+01
1.472865069795919801e+00 2.247208884029471676e+01
1.474422832958052432e+00 2.176700919914344468e+01
1.475980596120184174e+00 2.157407870033150843e+01
1.477538359282315916e+00 1.964408112559258868e+01
1.479096122444448547e+00 1.658863090723566458e+01
1.480653885606580289e+00 1.583249482906549765e+01
1.482211648768712919e+00 1.901824706148684641e+01
1.483769411930844662e+00 2.171293535842352540e+01
1.485327175092977292e+00 2.200133420978190557e+01
1.486884938255109034e+00 2.245162888235282495e+01
1.488442701417240777e+00 2.148366414910011457e+01
1.490000464579373407e+00 2.006401983158930591e+01
1.491558227741505149e+00 2.010618414024178335e+01
1.493115990903637780e+00 2.217303245794866484e+01
1.494673754065769522e+00 2.360053903655085250e+01
1.496231517227901264e+00 1.721373628621295637e+01
1.497789280390033895e+00 2.004301717847041076e+01
1.499347043552165637e+00 1.955535290121480330e+01
1.500904806714298267e+00 1.994167082262124069e+01
1.502462569876430010e+00 2.026850915381006146e+01
1.504020333038562640e+00 1.759137803820329893e+01
1.505578096200694382e+00 1.908803001972863456e+01
1.507135859362826125e+00 2.146736376994648765e+01
1.508693622524958755e+00 1.956786477871317231e+01
1.510251385687090497e+00 2.112559393765190308e+01
1.511809148849223128e+00 2.254645502677330882e+01
1.513366912011354870e+00 2.067745018550390412e+01
1.514924675173487501e+00 1.963182925737289608e+01
1.516482438335619243e+00 1.927797259877229052e+01
1.518040201497750985e+00 1.766633828385573324e+01
1.519597964659883615e+00 1.735217831057267546e+01
1.521155727822015358e+00 1.985439098777794342e+01
1.522713490984147988e+00 1.997725362666754023e+01
1.524271254146279730e+00 2.100078436317857111e+01
1.525829017308412361e+00 1.988538585362286071e+01
1.527386780470544103e+00 1.867123811173242842e+01
1.528944543632675845e+00 2.009349467919788523e+01
1.530502306794808476e+00 2.438211713839156047e+01
1.532060069956940218e+00 2.540481234606192729e+01
1.533617833119072849e+00 1.956273090647787072e+01
1.535175596281204591e+00 1.722924428743296943e+01
1.536733359443337221e+00 1.609690262963448149e+01
1.538291122605468964e+00 1.767998938750424287e+01
1.539848885767600706e+00 1.684213388734067252e+01
1.541406648929733336e+00 1.668894301126758606e+01
1.542964412091865078e+00 1.788516505331332596e+01
1.544522175253997709e+00 1.877744134728438397e+01
1.546079938416129451e+00 2.108559591218648777e+01
1.547637701578262082e+00 1.922015288685197021e+01
1.549195464740393824e+00 1.915155764258743432e+01
1.550753227902525566e+00 2.033470465907913294e+01
1.552310991064658197e+00 2.017353252622244852e+01
1.553868754226789939e+00 1.959370577395787194e+01
1.555426517388922569e+00 1.630473622610146123e+01
1.556984280551054312e+00 1.523288689162301957e+01
1.558542043713186942e+00 1.337364869898621045e+01
1.560099806875318684e+00 1.644857706304804168e+01
1.561657570037450427e+00 1.909562656020149518e+01
1.563215333199583057e+00 2.230358095344515945e+01
1.564773096361714799e+00 2.153324140671506015e+01
1.566330859523847430e+00 2.064322261921337187e+01
1.567888622685979172e+00 2.461119914977906120e+01
1.569446385848111802e+00 2.415552749930463250e+01
1.571004149010243545e+00 1.777462144760149343e+01
1.572561912172375287e+00 1.496085682382010695e+01
1.574119675334507917e+00 1.384421003582099985e+01
1.575677438496639660e+00 2.506204798837150349e+01
1.577235201658772290e+00 2.366011672630908436e+01
1.578792964820904032e+00 2.096965160804315076e+01
1.580350727983035775e+00 1.881881435889185994e+01
1.581908491145168405e+00 2.094375371777959671e+01
1.583466254307300147e+00 2.325989071810066022e+01
1.585024017469432778e+00 2.193299275207985133e+01
1.586581780631564520e+00 1.748587533688236562e+01
1.588139543793697150e+00 2.085055701529210737e+01
1.589697306955828893e+00 2.205326283926946118e+01
1.591255070117960635e+00 1.748056319804752334e+01
1.592812833280093265e+00 1.721498087745334971e+01
1.594370596442225008e+00 1.826738776121097629e+01
1.595928359604357638e+00 2.036577656534299052e+01
1.597486122766489380e+00 2.317649094020926270e+01
1.599043885928622011e+00 1.915468964858905565e+01
1.600601649090753753e+00 1.860185761242214042e+01
1.602159412252885495e+00 2.685162753224411247e+01
1.603717175415018126e+00 2.424329028841856015e+01
1.605274938577149868e+00 2.181983069363738537e+01
1.606832701739282498e+00 2.303693089214199574e+01
1.608390464901414241e+00 2.114944894694496469e+01
1.609948228063546871e+00 1.494827307570386665e+01
1.611505991225678613e+00 1.676683851275887349e+01
1.613063754387810356e+00 1.992695243966803176e+01
1.614621517549942986e+00 2.005434405137800979e+01
1.616179280712074728e+00 2.338977555846655321e+01
1.617737043874207359e+00 2.040188980969368160e+01
1.619294807036339101e+00 1.555149782430217442e+01
1.620852570198471732e+00 1.641075256144282690e+01
1.622410333360603474e+00 2.075323922841349145e+01
1.623968096522735216e+00 2.038436288901888815e+01
1.625525859684867847e+00 2.243948879070426372e+01
1.627083622846999589e+00 1.899694296010902050e+01
1.628641386009132219e+00 1.887655550236736701e+01
1.630199149171263961e+00 2.116981541506655518e+01
1.631756912333396592e+00 2.138268272287805516e+01
1.633314675495528334e+00 2.201502713091984020e+01
1.634872438657660076e+00 2.269726455380031993e+01
1.636430201819792707e+00 1.484088974372106051e+01
1.637987964981924449e+00 1.910472687733371089e+01
1.639545728144057080e+00 2.156939606430315592e+01
1.641103491306188822e+00 2.086064721507219843e+01
1.642661254468321452e+00 2.178554722572854629e+01
1.644219017630453195e+00 2.313590844533064939e+01
1.645776780792584937e+00 2.256716952990059610e+01
1.647334543954717567e+00 2.084961482669307742e+01
1.648892307116849310e+00 2.015438933391114062e+01
1.650450070278981940e+00 2.193559166017553963e+01
1.652007833441113682e+00 2.050376014245379253e+01
1.653565596603246313e+00 2.121304684431621013e+01
1.655123359765378055e+00 2.468938752765235733e+01
1.656681122927509797e+00 2.357457564735767619e+01
1.658238886089642428e+00 1.916937573623647495e+01
1.659796649251774170e+00 1.719121473587592419e+01
1.661354412413906800e+00 1.756059980276032562e+01
1.662912175576038543e+00 2.023810570818698906e+01
1.664469938738170285e+00 1.552764541596209824e+01
1.666027701900302915e+00 1.782878706265061552e+01
1.667585465062434658e+00 2.254447636885129214e+01
1.669143228224567288e+00 2.217862360930580579e+01
1.670700991386699030e+00 1.855344685991019915e+01
1.672258754548831661e+00 1.645159236270991343e+01
1.673816517710963403e+00 2.038193465746268274e+01
1.675374280873095145e+00 1.962493624875386544e+01
1.676932044035227776e+00 2.085418131879034220e+01
1.678489807197359518e+00 2.141776084110776068e+01
1.680047570359492148e+00 2.150031631911850027e+01
1.681605333521623891e+00 1.656469235414790120e+01
1.683163096683756521e+00 2.044647595822782193e+01
1.684720859845888263e+00 2.087199961011110361e+01
1.686278623008020006e+00 1.999421317118440200e+01
1.687836386170152636e+00 2.328833808608378320e+01
1.689394149332284378e+00 2.297657978688196323e+01
1.690951912494417009e+00 2.126629989024570833e+01
1.692509675656548751e+00 3.147976286676554381e+01
1.694067438818681381e+00 1.716335811604645656e+01
1.695625201980813124e+00 1.596953385171273254e+01
1.697182965142944866e+00 1.697757209897824637e+01
1.698740728305077496e+00 2.271603359567030012e+01
1.700298491467209239e+00 2.649777369313893161e+01
1.701856254629341869e+00 2.392168377462645523e+01
1.703414017791473611e+00 1.963903512204571555e+01
1.704971780953606242e+00 1.637702607414363953e+01
1.706529544115737984e+00 2.290621266118150601e+01
1.708087307277869726e+00 2.203618012021934192e+01
1.709645070440002357e+00 1.867037269842855451e+01
1.711202833602134099e+00 2.210562561724128372e+01
1.712760596764266730e+00 2.124262305983030785e+01
1.714318359926398472e+00 1.764911710586777716e+01
1.715876123088531102e+00 1.792481405601286326e+01
1.717433886250662844e+00 1.881180133590734016e+01
1.718991649412794587e+00 1.432131500178146766e+01
1.720549412574927217e+00 1.908363465329658482e+01
1.722107175737058959e+00 2.123926954963637925e+01
1.723664938899191590e+00 1.943970844260623210e+01
1.725222702061323332e+00 1.912471843577399966e+01
1.726780465223455963e+00 1.994245684168458155e+01
1.728338228385587705e+00 2.169820998518709487e+01
1.729895991547719447e+00 2.209669352523944852e+01
1.731453754709852078e+00 1.948618377000579827e+01
1.733011517871983820e+00 2.120228294974083738e+01
1.734569281034116450e+00 1.710901628515810557e+01
1.736127044196248193e+00 1.796820621328189560e+01
1.737684807358380823e+00 2.254172231512860947e+01
1.739242570520512565e+00 1.950763289742416617e+01
1.740800333682644307e+00 1.717255537337838334e+01
1.742358096844776938e+00 1.710100546932576648e+01
1.743915860006908680e+00 1.607756728740103469e+01
1.745473623169041311e+00 1.386103193044429283e+01
1.747031386331173053e+00 1.490294280947015437e+01
1.748589149493305683e+00 1.941298593140904671e+01
1.750146912655437426e+00 1.855321248884323992e+01
1.751704675817569168e+00 1.611387847968213194e+01
1.753262438979701798e+00 1.893390524606666503e+01
1.754820202141833541e+00 2.157371898084607409e+01
1.756377965303966171e+00 2.142239925599824346e+01
1.757935728466097913e+00 2.008024463987603170e+01
1.759493491628229656e+00 1.984118788058263405e+01
1.761051254790362286e+00 1.895846969282406747e+01
1.762609017952494028e+00 2.064373019061107328e+01
1.764166781114626659e+00 2.259483880504050290e+01
1.765724544276758401e+00 2.116635703776057653e+01
1.767282307438891031e+00 1.887665904899414215e+01
1.768840070601022774e+00 1.602765167416816539e+01
1.770397833763154516e+00 2.027556932795707567e+01
1.771955596925287146e+00 2.326429159984193973e+01
1.773513360087418889e+00 2.201589414321180627e+01
1.775071123249551519e+00 2.121404235963201401e+01
1.776628886411683261e+00 2.132245168544076463e+01
1.778186649573815892e+00 1.436815569986451635e+01
1.779744412735947634e+00 1.732387347344691264e+01
1.781302175898079376e+00 2.155236801476930353e+01
1.782859939060212007e+00 2.314717236837648784e+01
1.784417702222343749e+00 1.846160443481817381e+01
1.785975465384476379e+00 1.683597457922195062e+01
1.787533228546608122e+00 1.953907671235653964e+01
1.789090991708740752e+00 2.286190339484534917e+01
1.790648754870872494e+00 2.425055204148116417e+01
1.792206518033004237e+00 1.951791262724959353e+01
1.793764281195136867e+00 3.049298432821789007e+01
1.795322044357268609e+00 2.188577989388895872e+01
1.796879807519401240e+00 2.254472328431762662e+01
1.798437570681532982e+00 1.917898503481100647e+01
1.799995333843665613e+00 1.630022559087738543e+01
1.801553097005797355e+00 1.816878781941244014e+01
1.803110860167929097e+00 1.996928412904467010e+01
1.804668623330061727e+00 2.073370220506511785e+01
1.806226386492193470e+00 1.870733732794104753e+01
1.807784149654326100e+00 1.700796898647751121e+01
1.809341912816457842e+00 1.270236714878727469e+01
1.810899675978590473e+00 1.644467930374556985e+01
1.812457439140722215e+00 1.285209884661348134e+01
1.814015202302853957e+00 1.941175977968611832e+01
1.815572965464986588e+00 2.056345484335486162e+01
1.817130728627118330e+00 2.010865529252645700e+01
1.818688491789250961e+00 1.808971098549534062e+01
1.820246254951382703e+00 1.826165878214865046e+01
1.821804018113515333e+00 1.964874067672366920e+01
1.823361781275647076e+00 2.063651378268213321e+01
1.824919544437778818e+00 2.223152741024261303e+01
1.826477307599911448e+00 2.127226013130193394e+01
1.828035070762043190e+00 2.276104308818770505e+01
1.829592833924175821e+00 2.167541391767109715e+01
1.831150597086307563e+00 2.209379012141313581e+01
1.832708360248440194e+00 1.651058183915276700e+01
1.834266123410571936e+00 1.579838391909454209e+01
1.835823886572703678e+00 1.832807895977942891e+01
1.837381649734836309e+00 2.091681086158060054e+01
1.838939412896968051e+00 2.175456603644914111e+01
1.840497176059100681e+00 2.060892159107416788e+01
1.842054939221232424e+00 1.924631879909122389e+01
1.843612702383364166e+00 2.251964016609306185e+01
1.845170465545496796e+00 2.358070127421775908e+01
1.846728228707628539e+00 2.407237731946064940e+01
1.848285991869761169e+00 2.439525746664178385e+01
1.849843755031892911e+00 2.030106247927657037e+01
1.851401518194025542e+00 1.844004522811012592e+01
1.852959281356157284e+00 1.972797947308913891e+01
1.854517044518289026e+00 1.884273290034328241e+01
1.856074807680421657e+00 1.678517044507612255e+01
1.857632570842553399e+00 1.918338795382824102e+01
1.859190334004686029e+00 1.829628743737055174e+01
1.860748097166817772e+00 1.850325289139067308e+01
1.862305860328950402e+00 1.939532894074394420e+01
1.863863623491082144e+00 1.812222337101346881e+01
1.865421386653213887e+00 1.823479526356870295e+01
1.866979149815346517e+00 2.111548363161930553e+01
1.868536912977478259e+00 2.054448180265852741e+01
1.870094676139610890e+00 1.958457644224566963e+01
1.871652439301742632e+00 2.305070959999168423e+01
1.873210202463875262e+00 1.652642786479671244e+01
1.874767965626007005e+00 2.104121296174780653e+01
1.876325728788138747e+00 2.446542609165112481e+01
1.877883491950271377e+00 1.875185417914826402e+01
1.879441255112403120e+00 1.507867395547435052e+01
1.880999018274535750e+00 1.543875462642239427e+01
1.882556781436667492e+00 1.862432493478820206e+01
1.884114544598800123e+00 2.099879652999148050e+01
1.885672307760931865e+00 1.978729066958791094e+01
1.887230070923063607e+00 1.678550780884345528e+01
1.888787834085196238e+00 1.970048228496892762e+01
1.890345597247327980e+00 1.714947385115783618e+01
1.891903360409460610e+00 1.797661634115890905e+01
1.893461123571592353e+00 1.920954102703802135e+01
1.895018886733724983e+00 2.213755602282153134e+01
1.896576649895856725e+00 2.202646291989595539e+01
1.898134413057988468e+00 2.369760636043969981e+01
1.899692176220121098e+00 2.014227081808532205e+01
1.901249939382252840e+00 1.700221459816366476e+01
1.902807702544385471e+00 1.833242589360254726e+01
1.904365465706517213e+00 1.657119927161598127e+01
1.905923228868649844e+00 2.057308787432672403e+01
1.907480992030781586e+00 2.271164166713523613e+01
1.909038755192913328e+00 2.033613342720020611e+01
1.910596518355045959e+00 2.355667356833513182e+01
1.912154281517177701e+00 2.559943725711474016e+01
1.913712044679310331e+00 2.191532998117125430e+01
1.915269807841442073e+00 1.882737361209849425e+01
1.916827571003574704e+00 2.066228799622530943e+01
1.918385334165706446e+00 2.129278002537975567e+01
1.919943097327838188e+00 1.819020107994952085e+01
1.921500860489970819e+00 1.754763561335095901e+01
1.923058623652102561e+00 1.836882749062858622e+01
1.924616386814235192e+00 2.004189969624219003e+01
1.926174149976366934e+00 1.925579866733114542e+01
1.927731913138498676e+00 2.182437786216921083e+01
1.929289676300631307e+00 1.789439850396236409e+01
1.930847439462763049e+00 1.950207770123537543e+01
1.932405202624895679e+00 2.204384924082101449e+01
1.933962965787027422e+00 2.039853382115074965e+01
1.935520728949160052e+00 1.895955644586385702e+01
1.937078492111291794e+00 2.423345739659683318e+01
1.938636255273423536e+00 1.770343584692983185e+01
1.940194018435556167e+00 1.534861325772309648e+01
1.941751781597687909e+00 1.887072501038091232e+01
1.943309544759820540e+00 1.898564056019326074e+01
1.944867307921952282e+00 1.775046720504490949e+01
1.946425071084084912e+00 1.976100027402438286e+01
1.947982834246216655e+00 1.986240994489912381e+01
1.949540597408348397e+00 1.751427403864684251e+01
1.951098360570481027e+00 1.874582901893856501e+01
1.952656123732612770e+00 2.002459832527476635e+01
1.954213886894745400e+00 1.774805857302275314e+01
1.955771650056877142e+00 2.043878228891949789e+01
1.957329413219009773e+00 2.602397034772112150e+01
1.958887176381141515e+00 2.275466865579726417e+01
1.960444939543273257e+00 2.092292359714836181e+01
1.962002702705405888e+00 2.099244494672591088e+01
1.963560465867537630e+00 2.255631458066669737e+01
1.965118229029670260e+00 2.047039019617760403e+01
1.966675992191802003e+00 1.850647181832023946e+01
1.968233755353934633e+00 1.888387242016385414e+01
1.969791518516066375e+00 1.916593061573822965e+01
1.971349281678198118e+00 2.231419293756168543e+01
1.972907044840330748e+00 1.784455087639070214e+01
1.974464808002462490e+00 1.733336875778120145e+01
1.976022571164595121e+00 2.057311716435802751e+01
1.977580334326726863e+00 1.928146332847051525e+01
1.979138097488859493e+00 1.575665676534603499e+01
1.980695860650991236e+00 1.832363147877227405e+01
1.982253623813122978e+00 2.198981116677273562e+01
1.983811386975255608e+00 2.003043303663057273e+01
1.985369150137387351e+00 1.446081342258325009e+01
1.986926913299519981e+00 1.671811158010160270e+01
1.988484676461651723e+00 1.780422934522465184e+01
1.990042439623784354e+00 1.892992996730163568e+01
1.991600202785916096e+00 1.798186713414622062e+01
1.993157965948047838e+00 1.770913334285692287e+01
1.994715729110180469e+00 1.755939860587572809e+01
1.996273492272312211e+00 1.776732488355790451e+01
1.997831255434444842e+00 1.678988817710622783e+01
1.999389018596576584e+00 1.835981239336120652e+01
2.000946781758709214e+00 2.070939609010386206e+01
2.002504544920840956e+00 1.881057448327601378e+01
2.004062308082972699e+00 1.887531972075858633e+01
2.005620071245105329e+00 1.541920376936460713e+01
2.007177834407237071e+00 1.952348931476349136e+01
2.008735597569369702e+00 2.123800959331227389e+01
2.010293360731501444e+00 1.883967917002902936e+01
2.011851123893633186e+00 1.922277310659593397e+01
2.013408887055765817e+00 1.970820382044204422e+01
2.014966650217897559e+00 1.935405733276749274e+01
2.016524413380030190e+00 2.009250639165775354e+01
2.018082176542161932e+00 1.962346356894540023e+01
2.019639939704294562e+00 1.815613134632807402e+01
2.021197702866426305e+00 2.076779134039630037e+01
2.022755466028558047e+00 2.208924786805047447e+01
2.024313229190690677e+00 2.574482598773529674e+01
2.025870992352822419e+00 1.936522257189555418e+01
2.027428755514955050e+00 1.745164760771756107e+01
2.028986518677086792e+00 1.982265932364812500e+01
2.030544281839219423e+00 2.304616953103562338e+01
2.032102045001351165e+00 2.338586789793161813e+01
2.033659808163482907e+00 2.148234623888032147e+01
2.035217571325615538e+00 1.924154673005412874e+01
2.036775334487747280e+00 1.812846520458187172e+01
2.038333097649879910e+00 2.355082408725920828e+01
2.039890860812011653e+00 2.603340921201337110e+01
2.041448623974144283e+00 1.687056935348579501e+01
2.043006387136276025e+00 1.933606708130917440e+01
2.044564150298407768e+00 1.698487174482242068e+01
2.046121913460540398e+00 2.331782641171108494e+01
2.047679676622672140e+00 1.938860848192227238e+01
2.049237439784804771e+00 1.952083539846873705e+01
2.050795202946936513e+00 1.972001092389343668e+01
2.052352966109069143e+00 1.806223323640348610e+01
2.053910729271200886e+00 1.864293391463745664e+01
2.055468492433332628e+00 1.855887360639164640e+01
2.057026255595465258e+00 1.555835779886202985e+01
2.058584018757597001e+00 2.208169935221541635e+01
2.060141781919729631e+00 1.940282456735685201e+01
2.061699545081861373e+00 1.834250869997152833e+01
2.063257308243994004e+00 1.711713048639270696e+01
2.064815071406125746e+00 1.905912837593587739e+01
2.066372834568257488e+00 2.143438794817877024e+01
2.067930597730390119e+00 2.057174386754649120e+01
2.069488360892521861e+00 1.905713298234214648e+01
2.071046124054654491e+00 1.802347387239271015e+01
2.072603887216786234e+00 1.673847288714863168e+01
2.074161650378918864e+00 2.411350230522883820e+01
2.075719413541050606e+00 1.907427674622201863e+01
2.077277176703182349e+00 2.089483131501587110e+01
2.078834939865314979e+00 2.139765961954189777e+01
2.080392703027446721e+00 1.633116574045154579e+01
2.081950466189579352e+00 1.823357493728455481e+01
2.083508229351711094e+00 1.664078239685801819e+01
2.085065992513843725e+00 1.742456397181710770e+01
2.086623755675975467e+00 1.934826115084992182e+01
2.088181518838107209e+00 1.932914073783343767e+01
2.089739282000239839e+00 1.618685932669466254e+01
2.091297045162371582e+00 1.853110474574124922e+01
2.092854808324504212e+00 2.056491944060681121e+01
2.094412571486635954e+00 1.739467324798206604e+01
2.095970334648768585e+00 2.059160800596826135e+01
2.097528097810900327e+00 1.990399822933172302e+01
2.099085860973032069e+00 1.832635317208509207e+01
2.100643624135164700e+00 2.055490301804038467e+01
2.102201387297296442e+00 1.968237296360970490e+01
2.103759150459429073e+00 1.667207182963780099e+01
2.105316913621560815e+00 1.585130907691114821e+01
2.106874676783692557e+00 1.646584382897856003e+01
2.108432439945825188e+00 1.717796002249995269e+01
2.109990203107956930e+00 1.685573996955083942e+01
2.111547966270089560e+00 2.383064956502198228e+01
2.113105729432221302e+00 2.323622254868157455e+01
2.114663492594353933e+00 1.995720203685653260e+01
2.116221255756485675e+00 2.119539200748218022e+01
2.117779018918617417e+00 1.926276496606830335e+01
2.119336782080750048e+00 1.580769500994890286e+01
2.120894545242881790e+00 1.663300464138716706e+01
2.122452308405014421e+00 1.825406966362032435e+01
2.124010071567146163e+00 1.772662585110792932e+01
2.125567834729278793e+00 1.399341027249265856e+01
2.127125597891410536e+00 1.688393087347865062e+01
2.128683361053542278e+00 1.832898042396541527e+01
2.130241124215674908e+00 2.156869201889196219e+01
2.131798887377806651e+00 1.859204356001476910e+01
2.133356650539939281e+00 1.823591020836515497e+01
2.134914413702071023e+00 2.036291117519349569e+01
2.136472176864203654e+00 1.893994379609595313e+01
2.138029940026335396e+00 1.784731299868135679e+01
2.139587703188467138e+00 1.878896127400855676e+01
2.141145466350599769e+00 2.315167832555518146e+01
2.142703229512731511e+00 2.620353514674919282e+01
2.144260992674864141e+00 2.495061552079175726e+01
2.145818755836995884e+00 1.895546855203225434e+01
2.147376518999128514e+00 1.861726205237378196e+01
2.148934282161260256e+00 2.353116925880939903e+01
2.150492045323391999e+00 2.035594437875171892e+01
2.152049808485524629e+00 1.814712259579027887e+01
2.153607571647656371e+00 1.510336504062295404e+01
2.155165334809789002e+00 1.593697489073159090e+01
2.156723097971920744e+00 1.970366845258874022e+01
2.158280861134053374e+00 2.372423255170767220e+01
2.159838624296185117e+00 2.472323239637312042e+01
2.161396387458316859e+00 2.549219264891538828e+01
2.162954150620449489e+00 1.670179302729369653e+01
2.164511913782581232e+00 1.529985902463797665e+01
2.166069676944713862e+00 1.769531374207790719e+01
2.167627440106845604e+00 2.135613789889594116e+01
2.169185203268978235e+00 2.180861858403575226e+01
2.170742966431109977e+00 2.099182114010743661e+01
2.172300729593241719e+00 2.213542119014230281e+01
2.173858492755374350e+00 1.963012394519353521e+01
2.175416255917506092e+00 1.818230568553720161e+01
2.176974019079638722e+00 2.132380317310150986e+01
2.178531782241770465e+00 2.147270165133038944e+01
2.180089545403903095e+00 2.189679951312675144e+01
2.181647308566034837e+00 1.713676146306532289e+01
2.183205071728166580e+00 1.670891180699661049e+01
2.184762834890299210e+00 1.769630151872637924e+01
2.186320598052430952e+00 1.739649322546535259e+01
2.187878361214563583e+00 1.924865471834046105e+01
2.189436124376695325e+00 2.211132022659966267e+01
2.190993887538827067e+00 1.715802510254722790e+01
2.192551650700959698e+00 1.741338725739192128e+01
2.194109413863091440e+00 2.257183531503049778e+01
2.195667177025224071e+00 1.905010232282895188e+01
2.197224940187355813e+00 1.825533975420023935e+01
2.198782703349488443e+00 1.676859836952660032e+01
2.200340466511620185e+00 1.196358889568851680e+01
2.201898229673751928e+00 2.259678764483761171e+01
2.203455992835884558e+00 1.908329299169159299e+01
2.205013755998016300e+00 2.301351320571768255e+01
2.206571519160148931e+00 2.437714100003698903e+01
2.208129282322280673e+00 2.018885788342258891e+01
2.209687045484413304e+00 1.550241025096099889e+01
2.211244808646545046e+00 1.650908109846140093e+01
2.212802571808676788e+00 1.955907739548047530e+01
2.214360334970809419e+00 2.210144222530421487e+01
2.215918098132941161e+00 1.584179374983910726e+01
2.217475861295073791e+00 1.397769352103390972e+01
2.219033624457205534e+00 2.084695526321174341e+01
2.220591387619338164e+00 1.761537538682617310e+01
2.222149150781469906e+00 1.091045273560283668e+01
2.223706913943601648e+00 1.505272685865841531e+01
2.225264677105734279e+00 1.603981059271186638e+01
2.226822440267866021e+00 1.667467497552001632e+01
2.228380203429998652e+00 1.648334350222151201e+01
2.229937966592130394e+00 1.591049024954070745e+01
2.231495729754263024e+00 1.766881806201458716e+01
2.233053492916394767e+00 1.447936525448916711e+01
2.234611256078526509e+00 1.642310281629641011e+01
2.236169019240659139e+00 1.917777160498144440e+01
2.237726782402790882e+00 2.381601606768671431e+01
2.239284545564923512e+00 1.803794258882733104e+01
2.240842308727055254e+00 1.728739043167111689e+01
2.242400071889187885e+00 1.702913446265693764e+01
2.243957835051319627e+00 1.862753710623319847e+01
2.245515598213451369e+00 1.989046279829594255e+01
2.247073361375584000e+00 1.721937737609009034e+01
2.248631124537715742e+00 1.628064158388142957e+01
2.250188887699848372e+00 1.678625398757920451e+01
2.251746650861980115e+00 1.629320838433512364e+01
2.253304414024112745e+00 1.895707228277357004e+01
2.254862177186244487e+00 2.004418899811545174e+01
2.256419940348376230e+00 2.007458042422627642e+01
2.257977703510508860e+00 2.257978858265308730e+01
2.259535466672640602e+00 1.885065299050994270e+01
2.261093229834773233e+00 1.608117474564125615e+01
2.262650992996904975e+00 1.692130531282357708e+01
2.264208756159037605e+00 1.842554222343190062e+01
2.265766519321169348e+00 1.865590414192239166e+01
2.267324282483301090e+00 1.537313828269824256e+01
2.268882045645433720e+00 1.979663241369233262e+01
2.270439808807565463e+00 2.054070399531746460e+01
2.271997571969698093e+00 1.951109610034488639e+01
2.273555335131829835e+00 1.590708906768667497e+01
2.275113098293961578e+00 2.253184955853300053e+01
2.276670861456094208e+00 1.873633835311168738e+01
2.278228624618225950e+00 1.641787909976219595e+01
2.279786387780358581e+00 1.649925015053104715e+01
2.281344150942490323e+00 1.825150736807074026e+01
2.282901914104622954e+00 1.986971141819425668e+01
2.284459677266754696e+00 2.066818698416582478e+01
2.286017440428886438e+00 2.150805340419998402e+01
2.287575203591019068e+00 1.586926514041932279e+01
2.289132966753150811e+00 1.478282921050649712e+01
2.290690729915283441e+00 2.005362136433800302e+01
2.292248493077415183e+00 1.401280073234134171e+01
2.293806256239547814e+00 1.476270241631215363e+01
2.295364019401679556e+00 1.925028582678357481e+01
2.296921782563811298e+00 2.057870127627816714e+01
2.298479545725943929e+00 1.643336857165237319e+01
2.300037308888075671e+00 1.577470576006928837e+01
2.301595072050208302e+00 1.800185918796991302e+01
2.303152835212340044e+00 1.736094981474566623e+01
2.304710598374472674e+00 2.106988583315697383e+01
2.306268361536604417e+00 2.533884643570336692e+01
2.307826124698736159e+00 2.115335315278393225e+01
2.309383887860868789e+00 2.177844291923164377e+01
2.310941651023000531e+00 1.899386757415028626e+01
2.312499414185133162e+00 1.588637936059705780e+01
2.314057177347264904e+00 1.597921612384510226e+01
2.315614940509397535e+00 1.917185017099465583e+01
2.317172703671529277e+00 2.156310822357232837e+01
2.318730466833661019e+00 2.045053592784689656e+01
2.320288229995793650e+00 1.521879438300911680e+01
2.321845993157925392e+00 1.401291682063943966e+01
2.323403756320058022e+00 1.365199331563184160e+01
2.324961519482189765e+00 1.931647077998338347e+01
2.326519282644322395e+00 2.307492100961023596e+01
2.328077045806454137e+00 1.758597191729526799e+01
2.329634808968585880e+00 1.794857682396840914e+01
2.331192572130718510e+00 1.419758767927567789e+01
2.332750335292850252e+00 1.332749698585660347e+01
2.334308098454982883e+00 1.334933343359362112e+01
2.335865861617114625e+00 1.429436230143158681e+01
2.337423624779247255e+00 1.922784353229213394e+01
2.338981387941378998e+00 1.969203969976545565e+01
2.340539151103510740e+00 2.037349635688718763e+01
2.342096914265643370e+00 1.922431003014767725e+01
2.343654677427775113e+00 1.472190907892664136e+01
2.345212440589907743e+00 1.857283931618535533e+01
2.346770203752039485e+00 1.802226030416142066e+01
2.348327966914172116e+00 2.013182366682257651e+01
2.349885730076303858e+00 1.665334528040948925e+01
2.351443493238435600e+00 1.606327278820257831e+01
2.353001256400568231e+00 1.844124360831597187e+01
2.354559019562699973e+00 1.647832597083161232e+01
2.356116782724832603e+00 1.399711865996263960e+01
2.357674545886964346e+00 1.691807956271016877e+01
2.359232309049096976e+00 1.622885659453912055e+01
2.360790072211228718e+00 1.708756729608480640e+01
2.362347835373360461e+00 2.234571497731510803e+01
2.363905598535493091e+00 1.785052511496321159e+01
2.365463361697624833e+00 1.456810129330719761e+01
2.367021124859757464e+00 1.613675980053340808e+01
2.368578888021889206e+00 1.775296678602406786e+01
2.370136651184020948e+00 1.597722659401933321e+01
2.371694414346153579e+00 1.474843159946852467e+01
2.373252177508285321e+00 1.571904902839245288e+01
2.374809940670417951e+00 1.698536056334892308e+01
2.376367703832549694e+00 1.817367633743958777e+01
2.377925466994682324e+00 2.088895121261488796e+01
2.379483230156814066e+00 1.747753496244911631e+01
2.381040993318945809e+00 1.831903710229214965e+01
2.382598756481078439e+00 1.739554165284595300e+01
2.384156519643210181e+00 1.729149032162302646e+01
2.385714282805342812e+00 1.795427522876077120e+01
2.387272045967474554e+00 1.629902749725815880e+01
2.388829809129607185e+00 1.583354029838593569e+01
2.390387572291738927e+00 1.722358333053369606e+01
2.391945335453870669e+00 1.834911137573050510e+01
2.393503098616003300e+00 1.795103510461656526e+01
2.395060861778135042e+00 1.487181244381219436e+01
2.396618624940267672e+00 1.386940108128693439e+01
2.398176388102399414e+00 2.065792259684823762e+01
2.399734151264532045e+00 1.791928779977923725e+01
2.401291914426663787e+00 1.856943574886713577e+01
2.402849677588795529e+00 2.008778408398736914e+01
2.404407440750928160e+00 1.885694340523721735e+01
2.405965203913059902e+00 1.517605083566813740e+01
2.407522967075192533e+00 1.628038476435181181e+01
2.409080730237324275e+00 2.019888967225420728e+01
2.410638493399456905e+00 2.077150874151936932e+01
2.412196256561588648e+00 2.009554380394907369e+01
2.413754019723720390e+00 1.690005528593505346e+01
2.415311782885853020e+00 1.839871885734704549e+01
2.416869546047984763e+00 1.815694234372440619e+01
2.418427309210117393e+00 1.886452986565801027e+01
2.419985072372249135e+00 2.219966197910138561e+01
2.421542835534381766e+00 2.161508952949910523e+01
2.423100598696513508e+00 1.941213428253763951e+01
2.424658361858645250e+00 1.960583564011550450e+01
2.426216125020777881e+00 1.976992534626737452e+01
2.427773888182909623e+00 1.530420231754881577e+01
2.429331651345042253e+00 2.234408961658556336e+01
2.430889414507173996e+00 1.558152321479069258e+01
2.432447177669306626e+00 1.874909137295531636e+01
2.434004940831438368e+00 1.796805416357736362e+01
2.435562703993570111e+00 1.838699136832940439e+01
2.437120467155702741e+00 1.712037780041048762e+01
2.438678230317834483e+00 1.510987749346371700e+01
2.440235993479967114e+00 1.410276895686374488e+01
2.441793756642098856e+00 1.649911865731519356e+01
2.443351519804231486e+00 1.840763129717339552e+01
2.444909282966363229e+00 1.521535944914168859e+01
2.446467046128494971e+00 1.960044191666514735e+01
2.448024809290627601e+00 1.638273465310099652e+01
2.449582572452759344e+00 1.905843555830298186e+01
2.451140335614891974e+00 1.829048073990384182e+01
2.452698098777023716e+00 1.804394465223633404e+01
2.454255861939155459e+00 1.688982017906187849e+01
2.455813625101288089e+00 1.671557279413482888e+01
2.457371388263419831e+00 1.922870045821025187e+01
2.458929151425552462e+00 1.968585747093905525e+01
2.460486914587684204e+00 1.618442664902614325e+01
2.462044677749816834e+00 1.669356481908067735e+01
2.463602440911948577e+00 2.337843449387256811e+01
2.465160204074080319e+00 2.175373169393902018e+01
2.466717967236212949e+00 2.167985166444491441e+01
2.468275730398344692e+00 1.197933118822810705e+01
2.469833493560477322e+00 1.882841164845021709e+01
2.471391256722609064e+00 1.743484608429871230e+01
2.472949019884741695e+00 1.661002811843264126e+01
2.474506783046873437e+00 1.651967184050264237e+01
2.476064546209005179e+00 1.737474571410771418e+01
2.477622309371137810e+00 2.026973498078082159e+01
2.479180072533269552e+00 1.891091015391390684e+01
2.480737835695402183e+00 1.725356136503147653e+01
2.482295598857533925e+00 1.991730166067125296e+01
2.483853362019666555e+00 1.822469049155281340e+01
2.485411125181798297e+00 1.762856308403679151e+01
2.486968888343930040e+00 2.108330225995737450e+01
2.488526651506062670e+00 1.801339736367986077e+01
2.490084414668194412e+00 1.754333267202689228e+01
2.491642177830327043e+00 1.812528345002455765e+01
2.493199940992458785e+00 1.900275259517889026e+01
2.494757704154591416e+00 1.899492758987663876e+01
2.496315467316723158e+00 1.647304585149367639e+01
2.497873230478854900e+00 1.916051949170189772e+01
2.499430993640987531e+00 1.849441217584245933e+01
2.500988756803119273e+00 1.583389433456203221e+01
2.502546519965251903e+00 1.901042712368689536e+01
2.504104283127383646e+00 1.910861073920587927e+01
2.505662046289516276e+00 1.952276610353547071e+01
2.507219809451648018e+00 1.633996319819400966e+01
2.508777572613779761e+00 1.318814933074785145e+01
2.510335335775912391e+00 1.505227959907669266e+01
2.511893098938044133e+00 1.804452237310843543e+01
2.513450862100176764e+00 1.665105382847182725e+01
2.515008625262308506e+00 1.409745353537606327e+01
2.516566388424441136e+00 1.538039037019176547e+01
2.518124151586572879e+00 1.934054033382069093e+01
2.519681914748704621e+00 1.607181668168806965e+01
2.521239677910837251e+00 2.019318904056554231e+01
2.522797441072968994e+00 1.958612792601082830e+01
2.524355204235101624e+00 1.564969181171850288e+01
2.525912967397233366e+00 1.546308066537981496e+01
2.527470730559365997e+00 1.696901652480740097e+01
2.529028493721497739e+00 1.677390414190796619e+01
2.530586256883629481e+00 1.727259614167095592e+01
2.532144020045762112e+00 1.881380614432265830e+01
2.533701783207893854e+00 1.939226247161347771e+01
2.535259546370026484e+00 2.115449048047916492e+01
2.536817309532158227e+00 1.673791067208111372e+01
2.538375072694289969e+00 1.799254125310392638e+01
2.539932835856422599e+00 1.470955504239124245e+01
2.541490599018554342e+00 1.607971687560840834e+01
2.543048362180686972e+00 1.643368476641887455e+01
2.544606125342818714e+00 1.578189107273880865e+01
2.546163888504951345e+00 1.907731708035969831e+01
2.547721651667083087e+00 2.255710254543489413e+01
2.549279414829214829e+00 1.880781180479484505e+01
2.550837177991347460e+00 1.680173312088455262e+01
2.552394941153479202e+00 1.425538624441398383e+01
2.553952704315611832e+00 2.022552012316777947e+01
2.555510467477743575e+00 1.977372073147798659e+01
2.557068230639876205e+00 1.698819567043841516e+01
2.558625993802007947e+00 1.852098467416078265e+01
2.560183756964139690e+00 2.190242751111909669e+01
2.561741520126272320e+00 1.971818901057452678e+01
2.563299283288404062e+00 1.890582169443472083e+01
2.564857046450536693e+00 2.018001531440642893e+01
2.566414809612668435e+00 1.967603088722356119e+01
2.567972572774801066e+00 2.172648959433320925e+01
2.569530335936932808e+00 1.717685298779312575e+01
2.571088099099064550e+00 2.074694776319587675e+01
2.572645862261197180e+00 1.832720780554840800e+01
2.574203625423328923e+00 1.465943935256146524e+01
2.575761388585461553e+00 1.969988061195439855e+01
2.577319151747593295e+00 1.744554286011659272e+01
2.578876914909725926e+00 1.487469288057666184e+01
2.580434678071857668e+00 1.830520647104793497e+01
2.581992441233989410e+00 1.751015769396924782e+01
2.583550204396122041e+00 1.418071011904456036e+01
2.585107967558253783e+00 1.749097733961456669e+01
2.586665730720386414e+00 1.743448847615565711e+01
2.588223493882518156e+00 1.503126665049096111e+01
2.589781257044650786e+00 1.423342769748709458e+01
2.591339020206782529e+00 1.575037781815441029e+01
2.592896783368914271e+00 1.749092599049861363e+01
2.594454546531046901e+00 2.025698489407841762e+01
2.596012309693178643e+00 2.176551544518072134e+01
2.597570072855311274e+00 2.096178469647354348e+01
2.599127836017443016e+00 1.795928673440289458e+01
2.600685599179575647e+00 1.532961887181941130e+01
2.602243362341707389e+00 1.710709294287738302e+01
2.603801125503839131e+00 1.490075233239504371e+01
2.605358888665971762e+00 1.538786200519499481e+01
2.606916651828103504e+00 1.948639771142667598e+01
2.608474414990236134e+00 2.089732836922810932e+01
2.610032178152367877e+00 2.052967949543647208e+01
2.611589941314500507e+00 1.866343086932619499e+01
2.613147704476632249e+00 1.735204718054911766e+01
2.614705467638763992e+00 1.931382934548102170e+01
2.616263230800896622e+00 2.082798191338939020e+01
2.617820993963028364e+00 1.824974257743427231e+01
2.619378757125160995e+00 1.709912218392931749e+01
2.620936520287292737e+00 1.625999562611924887e+01
2.622494283449425367e+00 1.570807934301093489e+01
2.624052046611557110e+00 1.763228312696633182e+01
2.625609809773688852e+00 1.930727244680898380e+01
2.627167572935821482e+00 1.832915235789754149e+01
2.628725336097953225e+00 1.532691347929448611e+01
2.630283099260085855e+00 1.489984353022248342e+01
2.631840862422217597e+00 1.668888862733436795e+01
2.633398625584349340e+00 1.703926510007608996e+01
2.634956388746481970e+00 1.721157587822161972e+01
2.636514151908613712e+00 1.844775599326504079e+01
2.638071915070746343e+00 1.241388980005043585e+01
2.639629678232878085e+00 1.338679344956394601e+01
2.641187441395010715e+00 1.717892685886091897e+01
2.642745204557142458e+00 1.639541308351897086e+01
2.644302967719274200e+00 1.615302635942316201e+01
2.645860730881406830e+00 1.526792719790176989e+01
2.647418494043538573e+00 1.306034405912932783e+01
2.648976257205671203e+00 1.422775102118150770e+01
2.650534020367802945e+00 1.622575323297478178e+01
2.652091783529935576e+00 1.853310419296904854e+01
2.653649546692067318e+00 1.917033701257228273e+01
2.655207309854199060e+00 1.971469907284942735e+01
2.656765073016331691e+00 1.619596150260096223e+01
2.658322836178463433e+00 1.723796534551600601e+01
2.659880599340596063e+00 1.925735505857545959e+01
2.661438362502727806e+00 1.714677331487430578e+01
2.662996125664860436e+00 1.760135349981155883e+01
2.664553888826992178e+00 1.535064190924778416e+01
2.666111651989123921e+00 1.249317771162279378e+01
2.667669415151256551e+00 1.529892772663874112e+01
2.669227178313388293e+00 1.499678682951085840e+01
2.670784941475520924e+00 1.683409773447321811e+01
2.672342704637652666e+00 1.802186117266222354e+01
2.673900467799785297e+00 1.624662164153643573e+01
2.675458230961917039e+00 1.860545562885335613e+01
2.677015994124048781e+00 1.719488156738105644e+01
2.678573757286181412e+00 1.608286586744202040e+01
2.680131520448313154e+00 1.609938705954430560e+01
2.681689283610445784e+00 1.514586754107097200e+01
2.683247046772577526e+00 1.397941069290600602e+01
2.684804809934710157e+00 1.497325002283928796e+01
2.686362573096841899e+00 1.530990256004237793e+01
2.687920336258973641e+00 1.805432970539732906e+01
2.689478099421106272e+00 1.872489394655982764e+01
2.691035862583238014e+00 2.137446555698123518e+01
2.692593625745370645e+00 2.047944402794500007e+01
2.694151388907502387e+00 1.964006300403222838e+01
2.695709152069635017e+00 1.728863831984080690e+01
2.697266915231766760e+00 1.773417263870265970e+01
2.698824678393898502e+00 1.544715165233726850e+01
2.700382441556031132e+00 1.409663883926368122e+01
2.701940204718162875e+00 1.569381679643105265e+01
2.703497967880295505e+00 1.570188418552963228e+01
2.705055731042427247e+00 2.165136457026861905e+01
2.706613494204559878e+00 1.554757499822802380e+01
2.708171257366691620e+00 1.313996043342967646e+01
2.709729020528823362e+00 1.592564691929844223e+01
2.711286783690955993e+00 1.764247656855370749e+01
2.712844546853087735e+00 1.818742061815876099e+01
2.714402310015220365e+00 1.960428923956157021e+01
2.715960073177352108e+00 1.666874549137415684e+01
2.717517836339483850e+00 1.368434255150489598e+01
2.719075599501616480e+00 1.305082208204097505e+01
2.720633362663748223e+00 1.722288928880597680e+01
2.722191125825880853e+00 2.127201315008479909e+01
2.723748888988012595e+00 2.022500295687992988e+01
2.725306652150145226e+00 1.789608771496305906e+01
2.726864415312276968e+00 1.392731262200790177e+01
2.728422178474408710e+00 1.559019289403010688e+01
2.729979941636541341e+00 1.582554797316639572e+01
2.731537704798673083e+00 1.604367556378760185e+01
2.733095467960805713e+00 1.563645636116538284e+01
2.734653231122937456e+00 1.683688150346272039e+01
2.736210994285070086e+00 1.843070154097579305e+01
2.737768757447201828e+00 1.315700716975835860e+01
2.739326520609333571e+00 1.308537103211220654e+01
2.740884283771466201e+00 1.543137242312195667e+01
2.742442046933597943e+00 2.078242085911656645e+01
2.743999810095730574e+00 1.554575817871579524e+01
2.745557573257862316e+00 1.512842139510497574e+01
2.747115336419994946e+00 1.768491334385919700e+01
2.748673099582126689e+00 1.685216269487965235e+01
2.750230862744258431e+00 1.318183798113418703e+01
2.751788625906391061e+00 1.401435299501748588e+01
2.753346389068522804e+00 1.902338053111535743e+01
2.754904152230655434e+00 2.089671953109827029e+01
2.756461915392787176e+00 2.103340498218766896e+01
2.758019678554919807e+00 1.750811571107196940e+01
2.759577441717051549e+00 1.543304015256852502e+01
2.761135204879183291e+00 1.453373975344412727e+01
2.762692968041315922e+00 1.521624312785297306e+01
2.764250731203447664e+00 1.452871749998365303e+01
2.765808494365580295e+00 1.359785236198403524e+01
2.767366257527712037e+00 1.474121820108326375e+01
2.768924020689844667e+00 1.622132178233952970e+01
2.770481783851976409e+00 1.791953479692644535e+01
2.772039547014108152e+00 1.637049125819916640e+01
2.773597310176240782e+00 2.000564057117000871e+01
2.775155073338372524e+00 1.959671558765269950e+01
2.776712836500505155e+00 1.594234302897372757e+01
2.778270599662636897e+00 1.786074383128541854e+01
2.779828362824769528e+00 1.693533955317787587e+01
2.781386125986901270e+00 1.717161744690368153e+01
2.782943889149033012e+00 1.782189008561686805e+01
2.784501652311165643e+00 1.759518151103928574e+01
2.786059415473297385e+00 1.767599816497694576e+01
2.787617178635430015e+00 2.321536094342036449e+01
2.789174941797561758e+00 1.553563812892278406e+01
2.790732704959694388e+00 1.799199843895774009e+01
2.792290468121826130e+00 1.594785133194797488e+01
2.793848231283957873e+00 1.628943172579326415e+01
2.795405994446090503e+00 1.724101292458982115e+01
2.796963757608222245e+00 1.455752841832488897e+01
2.798521520770354876e+00 1.533316515654890289e+01
2.800079283932486618e+00 1.936006163382499423e+01
2.801637047094618360e+00 2.040620806410967703e+01
2.803194810256750991e+00 1.774715976785533655e+01
2.804752573418882733e+00 1.605867636662312492e+01
2.806310336581015363e+00 1.596038951534861283e+01
2.807868099743147106e+00 1.769302663935835085e+01
2.809425862905279736e+00 1.949432741207261088e+01
2.810983626067411478e+00 1.539099540351291218e+01
2.812541389229543221e+00 1.529710971520348295e+01
2.814099152391675851e+00 1.876976052721493105e+01
2.815656915553807593e+00 1.724544985587785106e+01
2.817214678715940224e+00 1.562593284158229423e+01
2.818772441878071966e+00 1.595672680659880172e+01
2.820330205040204596e+00 1.425592840319549026e+01
2.821887968202336339e+00 1.742232111071032818e+01
2.823445731364468081e+00 1.759809697270269169e+01
2.825003494526600711e+00 1.814956143517816400e+01
2.826561257688732454e+00 1.599288510487229509e+01
2.828119020850865084e+00 1.707340008356854000e+01
2.829676784012996826e+00 1.569321305473445527e+01
2.831234547175129457e+00 1.434908515538543661e+01
2.832792310337261199e+00 1.575430894688233607e+01
2.834350073499392941e+00 1.677832934372729312e+01
2.835907836661525572e+00 1.576418650500711038e+01
2.837465599823657314e+00 1.734672259268694461e+01
2.839023362985789944e+00 1.377427191172592380e+01
2.840581126147921687e+00 2.225234099891932615e+01
2.842138889310054317e+00 1.960330620039373883e+01
2.843696652472186059e+00 1.315722414992058020e+01
2.845254415634317802e+00 1.598037222032776405e+01
2.846812178796450432e+00 1.960730028179446549e+01
2.848369941958582174e+00 1.804202011418560048e+01
2.849927705120714805e+00 1.709694511777500381e+01
2.851485468282846547e+00 1.972102299976395656e+01
2.853043231444979178e+00 1.722931375147018329e+01
2.854600994607110920e+00 2.105452276851257665e+01
2.856158757769242662e+00 1.870349483553385639e+01
2.857716520931375292e+00 1.706733900557634698e+01
2.859274284093507035e+00 2.084603795843548113e+01
2.860832047255639665e+00 2.092770008432711037e+01
2.862389810417771407e+00 1.984096075353412303e+01
2.863947573579904038e+00 1.962635846859977562e+01
2.865505336742035780e+00 1.607274730809274033e+01
2.867063099904167522e+00 1.676672898828166680e+01
2.868620863066300153e+00 1.167076239423081496e+01
2.870178626228431895e+00 1.552104255980762559e+01
2.871736389390564526e+00 1.861547046995991650e+01
2.873294152552696268e+00 1.605535658544656386e+01
2.874851915714828898e+00 1.753998084131668378e+01
2.876409678876960641e+00 1.917304140823900838e+01
2.877967442039092383e+00 1.679526258833675811e+01
2.879525205201225013e+00 1.382984245359034681e+01
2.881082968363356756e+00 1.393202373034028518e+01
2.882640731525489386e+00 1.395486030361356988e+01
2.884198494687621128e+00 1.917163386708178052e+01
2.885756257849752870e+00 1.814112642922931684e+01
2.887314021011885501e+00 1.686812411508712728e+01
2.888871784174017243e+00 1.313509087388862184e+01
2.890429547336149874e+00 1.353480933447454682e+01
2.891987310498281616e+00 1.568398878169859145e+01
2.893545073660414246e+00 1.566160302623242018e+01
2.895102836822545989e+00 1.623916890821179493e+01
2.896660599984677731e+00 1.770927066740052425e+01
2.898218363146810361e+00 1.585226961460563011e+01
2.899776126308942104e+00 1.417186992422057479e+01
2.901333889471074734e+00 1.320873102194033599e+01
2.902891652633206476e+00 1.656960980216373258e+01
2.904449415795339107e+00 2.153034770671657228e+01
2.906007178957470849e+00 1.502151951077388325e+01
2.907564942119602591e+00 1.424424833583958794e+01
2.909122705281735222e+00 1.656901717643363980e+01
2.910680468443866964e+00 1.593904667697458954e+01
2.912238231605999594e+00 1.807591464259743930e+01
2.913795994768131337e+00 2.203264074843465181e+01
2.915353757930263967e+00 2.055460692341773310e+01
2.916911521092395709e+00 2.058444287593932742e+01
2.918469284254527452e+00 2.187298881814790974e+01
2.920027047416660082e+00 1.946487388774842842e+01
2.921584810578791824e+00 1.906122013016386774e+01
2.923142573740924455e+00 2.005297165675185056e+01
2.924700336903056197e+00 1.894379701359109092e+01
2.926258100065188827e+00 1.617420392363662529e+01
2.927815863227320570e+00 1.948600302389074201e+01
2.929373626389452312e+00 1.688743981478568301e+01
2.930931389551584942e+00 1.876523255367564857e+01
2.932489152713716685e+00 1.285509801519672202e+01
2.934046915875849315e+00 1.277010520365384671e+01
2.935604679037981057e+00 1.481575228212452622e+01
2.937162442200113688e+00 1.604406950558146505e+01
2.938720205362245430e+00 1.613657395648690240e+01
2.940277968524377172e+00 1.569503163145251889e+01
2.941835731686509803e+00 1.439476410086483327e+01
2.943393494848641545e+00 1.561390848518756691e+01
2.944951258010774175e+00 1.724959856422456284e+01
2.946509021172905918e+00 1.630405459907504806e+01
2.948066784335038548e+00 1.567163273808815127e+01
2.949624547497170290e+00 1.700945406547666749e+01
2.951182310659302033e+00 1.808984766134753386e+01
2.952740073821434663e+00 1.670576841674204260e+01
2.954297836983566405e+00 1.534509001111154980e+01
2.955855600145699036e+00 1.826502309993171380e+01
2.957413363307830778e+00 2.124259148635633210e+01
2.958971126469963409e+00 1.923606639839140442e+01
2.960528889632095151e+00 1.945107375185416743e+01
2.962086652794226893e+00 1.473551683048564342e+01
2.963644415956359524e+00 1.852606112065594957e+01
2.965202179118491266e+00 1.939427099496515794e+01
2.966759942280623896e+00 1.983378896184076368e+01
2.968317705442755639e+00 1.924994080491240922e+01
2.969875468604888269e+00 1.819440068482807504e+01
2.971433231767020011e+00 1.956642870784549260e+01
2.972990994929151753e+00 1.946276895522643358e+01
2.974548758091284384e+00 1.921857845072737092e+01
2.976106521253416126e+00 1.725226675638025853e+01
2.977664284415548757e+00 1.604778145602386985e+01
2.979222047577680499e+00 1.953470867062852534e+01
2.980779810739812241e+00 1.996452504427222152e+01
2.982337573901944872e+00 1.517968329228465407e+01
2.983895337064076614e+00 1.404224364098517697e+01
2.985453100226209244e+00 1.778419319988530134e+01
2.987010863388340987e+00 1.692478742174599304e+01
2.988568626550473617e+00 9.592224142068467074e+00
2.990126389712605359e+00 1.674899441875699324e+01
2.991684152874737102e+00 1.111133459993306793e+01
2.993241916036869732e+00 1.310216844013952731e+01
2.994799679199001474e+00 1.629934281482564984e+01
2.996357442361134105e+00 1.815310396942390270e+01
2.997915205523265847e+00 1.900670997297691045e+01
2.999472968685398477e+00 1.570812012725903628e+01
3.001030731847530220e+00 1.298171733878416134e+01
3.002588495009661962e+00 1.600054752971760053e+01
3.004146258171794592e+00 2.195938495760478304e+01
3.005704021333926335e+00 1.912058612648838007e+01
3.007261784496058965e+00 1.945664882045879907e+01
3.008819547658190707e+00 1.910053552604317417e+01
3.010377310820323338e+00 1.917390292306136601e+01
3.011935073982455080e+00 1.995262620131081022e+01
3.013492837144586822e+00 1.918513782008601254e+01
3.015050600306719453e+00 1.619181333679750878e+01
3.016608363468851195e+00 1.656532632761755153e+01
3.018166126630983825e+00 1.723398769369064354e+01
3.019723889793115568e+00 1.494793785230007899e+01
3.021281652955248198e+00 1.446434818763478525e+01
3.022839416117379940e+00 1.833074626056925283e+01
3.024397179279511683e+00 2.056679822958172110e+01
3.025954942441644313e+00 2.177776595016663563e+01
3.027512705603776055e+00 2.238959018345535767e+01
3.029070468765908686e+00 1.673255900640400640e+01
3.030628231928040428e+00 1.887568116003069107e+01
3.032185995090173058e+00 1.593436456490727160e+01
3.033743758252304801e+00 1.469701101475837568e+01
3.035301521414436543e+00 1.697963727726924077e+01
3.036859284576569173e+00 1.545200803789605182e+01
3.038417047738700916e+00 1.377149975570644891e+01
3.039974810900833546e+00 1.587778520284902584e+01
3.041532574062965288e+00 1.843525039009394462e+01
3.043090337225097919e+00 1.867854650721399423e+01
3.044648100387229661e+00 1.825541621504627798e+01
3.046205863549361403e+00 1.691827627767887066e+01
3.047763626711494034e+00 1.541350477717010392e+01
3.049321389873625776e+00 1.660085263256500809e+01
3.050879153035758407e+00 1.678889695006131433e+01
3.052436916197890149e+00 1.781009546288744971e+01
3.053994679360022779e+00 2.016345665406709742e+01
3.055552442522154521e+00 2.087015967947294115e+01
3.057110205684286264e+00 1.531082999067498562e+01
3.058667968846418894e+00 1.430318158090161340e+01
3.060225732008550636e+00 2.110741747996979001e+01
3.061783495170683267e+00 1.891212181650386981e+01
3.063341258332815009e+00 1.705263192237929459e+01
3.064899021494946751e+00 1.626505246028953877e+01
3.066456784657079382e+00 1.674119496266767015e+01
3.068014547819211124e+00 1.739507230061702003e+01
3.069572310981343755e+00 1.958913224132528441e+01
3.071130074143475497e+00 1.604252825628626766e+01
3.072687837305608127e+00 1.420196903029669144e+01
3.074245600467739870e+00 1.699019840415367000e+01
3.075803363629871612e+00 1.501516604602985971e+01
3.077361126792004242e+00 1.388380967429848667e+01
3.078918889954135985e+00 1.667823222205620937e+01
3.080476653116268615e+00 1.831130987205892069e+01
3.082034416278400357e+00 1.655328586179759043e+01
3.083592179440532988e+00 1.748351463846100273e+01
3.085149942602664730e+00 1.964932258896326545e+01
3.086707705764796472e+00 2.248122822757282080e+01
3.088265468926929103e+00 1.866293189015445009e+01
3.089823232089060845e+00 1.456896242656379492e+01
3.091380995251193475e+00 1.498882707871006303e+01
3.092938758413325218e+00 1.891170601445589483e+01
3.094496521575457848e+00 2.039405267792643528e+01
3.096054284737589590e+00 1.440673714653357784e+01
3.097612047899721333e+00 1.917048355103050028e+01
3.099169811061853963e+00 1.507399153381537715e+01
3.100727574223985705e+00 1.067134988002343476e+01
3.102285337386118336e+00 1.569854349048018882e+01
3.103843100548250078e+00 2.129058817928259018e+01
3.105400863710382708e+00 2.307717226561739210e+01
3.106958626872514451e+00 2.122061899398172002e+01
3.108516390034646193e+00 1.673033974986716999e+01
3.110074153196778823e+00 1.598644280591217104e+01
3.111631916358910566e+00 1.567547036794045923e+01
3.113189679521043196e+00 1.770250684665231944e+01
3.114747442683174938e+00 1.993908111064080302e+01
3.116305205845307569e+00 2.176448589244351695e+01
3.117862969007439311e+00 1.981143196891751757e+01
3.119420732169571053e+00 1.712742548759257488e+01
3.120978495331703684e+00 2.062216550983937324e+01
3.122536258493835426e+00 1.690599897070496027e+01
3.124094021655968056e+00 2.142593591826777200e+01
3.125651784818099799e+00 1.760151840978420523e+01
3.127209547980232429e+00 1.846787755727230618e+01
3.128767311142364171e+00 2.041415838562893015e+01
3.130325074304495914e+00 2.160139457779443006e+01
3.131882837466628544e+00 2.222516504211340305e+01
3.133440600628760286e+00 1.971807792860527897e+01
3.134998363790892917e+00 2.082749304933673073e+01
3.136556126953024659e+00 1.868526277854518014e+01
3.138113890115157290e+00 1.896426511181716279e+01
3.139671653277289032e+00 1.969053422420525123e+01
3.141229416439420774e+00 1.707603335084521490e+01
3.142787179601553404e+00 1.462691874151144589e+01
3.144344942763685147e+00 1.693863537754110382e+01
3.145902705925817777e+00 2.169892735613757750e+01
3.147460469087949519e+00 1.435372433918609403e+01
3.149018232250081262e+00 1.506744758126295380e+01
3.150575995412213892e+00 1.191728576061069056e+01
3.152133758574345634e+00 1.338784105056301632e+00
3.153691521736478265e+00 -3.392922204889101123e-01
3.155249284898610007e+00 9.116147567956223163e-02
3.156807048060742638e+00 -2.449586618515745343e-02
3.158364811222874380e+00 6.582887274257620894e-03
3.159922574385006122e+00 -1.769213945414627176e-03
3.161480337547138753e+00 4.755353055819614479e-04
3.163038100709270495e+00 -1.278267708634884853e-04
3.164595863871403125e+00 3.436336448667530767e-05
3.166153627033534868e+00 -9.238522588476710912e-06
3.167711390195667498e+00 2.483936807954187543e-06
3.169269153357799240e+00 -6.678945951525786647e-07
3.170826916519930982e+00 1.795985766355941638e-07
3.172384679682063613e+00 -4.829738838595682605e-08
3.173942442844195355e+00 1.298878218052159868e-08
3.175500206006327986e+00 -3.493296891054072868e-09
3.177057969168459728e+00 9.395569325571204861e-10
3.178615732330592358e+00 -2.527141297921663136e-10
3.180173495492724101e+00 6.797560222244767378e-11
3.181731258654855843e+00 -1.828487648065897715e-11
3.183289021816988473e+00 4.918636800575463961e-12
3.184846784979120216e+00 -1.323151452740548425e-12
3.186404548141252846e+00 3.559462663313955097e-13
3.187962311303384588e+00 -9.575527316351725887e-14
3.189520074465517219e+00 2.575560904450883608e-14
