-3.189340585600723976e+00 -4.337367028079431755e-19
-3.187782823031744428e+00 -3.984070197616504747e-19
-3.186225060462762215e+00 -3.639858684319415123e-19
-3.184667297893782667e+00 -3.304732488188163366e-19
-3.183109535324803563e+00 -2.978691609222748995e-19
-3.181551772755824015e+00 -2.661736047423172491e-19
-3.179994010186844466e+00 -2.353865802789433372e-19
-3.178436247617864918e+00 -2.055080875321532602e-19
-3.176878485048882705e+00 -1.765381265019468736e-19
-3.175320722479903157e+00 -1.484766971883242736e-19
-3.173762959910924053e+00 -1.213237995912854122e-19
-3.172205197341944949e+00 -9.507943371083033750e-20
-3.170647434772964957e+00 -6.974359954695904948e-20
-3.169089672203982744e+00 -4.531629709967145185e-20
-3.167531909635003196e+00 -2.179752636896768907e-20
-3.165974147066024091e+00 8.127126451523351678e-22
-3.164416384497044543e+00 2.251441994268862086e-20
-3.162858621928065439e+00 4.330759552364116801e-20
-3.161300859359085891e+00 6.319223938800978403e-20
-3.159743096790103678e+00 8.216835153579475779e-20
-3.158185334221124130e+00 1.002359319669959930e-19
-3.156627571652145026e+00 1.173949806816133934e-19
-3.155069809083165477e+00 1.336454976796470552e-19
-3.153512046514185929e+00 1.489874829610969785e-19
-3.151954283945203716e+00 1.634209365259631633e-19
-3.150396521376224168e+00 1.769458583742455132e-19
-3.148838758807244620e+00 1.895622485059442208e-19
-3.147280996238265516e+00 2.012701069210590937e-19
-3.145723233669286412e+00 2.120694336195902279e-19
-3.144165471100306419e+00 2.219602286015375274e-19
-3.142607708531324207e+00 2.309424918669009920e-19
-3.141049945962344658e+00 2.390162234156808143e-19
-3.139492183393365554e+00 2.461814232478768981e-19
-3.137934420824386006e+00 2.524380913634891471e-19
-3.136376658255406902e+00 2.577862277625177538e-19
-3.134818895686427354e+00 2.622258324449625257e-19
-3.133261133117445141e+00 2.657569054108233664e-19
-3.131703370548465148e+00 2.683794466601006612e-19
-3.130145607979486488e+00 2.700934561927941211e-19
-3.128587845410506940e+00 2.708989340089038425e-19
-3.127030082841527392e+00 2.707958801084297291e-19
-3.125472320272547844e+00 2.697842944913719734e-19
-3.123914557703565631e+00 2.678641771577302866e-19
-3.122356795134586083e+00 2.650355281075049575e-19
-3.120799032565606979e+00 2.612983473406957936e-19
-3.119241269996627874e+00 2.566526348573029874e-19
-3.117683507427647882e+00 2.510983906573263464e-19
-3.116125744858665669e+00 2.446356147407659669e-19
-3.114567982289686121e+00 2.372643071076216562e-19
-3.113010219720707017e+00 2.289844677578937033e-19
-3.111452457151727469e+00 -8.374391907059860913e-19
-3.109894694582748365e+00 3.123513684346019066e-18
-3.108336932013768816e+00 -1.164916229004123904e-17
-3.106779169444786604e+00 4.344178116321196657e-17
-3.105221406875806611e+00 -1.619879401007073356e-16
-3.103663644306827951e+00 6.039769304672182198e-16
-3.102105881737848403e+00 -2.251754792161855445e-15
-3.100548119168868855e+00 8.394317250708930361e-15
-3.098990356599886642e+00 -3.129058284077120384e-14
-3.097432594030907094e+00 1.166289493880216305e-13
-3.095874831461927545e+00 -4.346742863932194721e-13
-3.094317068892948441e+00 1.619894922402840580e-12
-3.092759306323969337e+00 -6.036364724319649843e-12
-3.091201543754989345e+00 2.249211292205844118e-11
-3.089643781186007132e+00 -8.380146426218181242e-11
-3.088086018617027584e+00 3.122050601750319008e-10
-3.086528256048048480e+00 -1.163042679058093049e-09
-3.084970493479068931e+00 4.332306254939107378e-09
-3.083412730910089827e+00 -1.613655517263041796e-08
-3.081854968341110279e+00 6.009953009437998893e-08
-3.080297205772128066e+00 -2.238207184980833903e-07
-3.078739443203148074e+00 8.334870179853548698e-07
-3.077181680634169414e+00 -3.103609847712759653e-06
-3.075623918065189866e+00 1.155594613577828176e-05
-3.074066155496210317e+00 -4.302435610785310555e-05
-3.072508392927230769e+00 1.601747694811098404e-04
-3.070950630358248556e+00 -5.962728921360298858e-04
-3.069392867789269008e+00 2.219563758355475990e-03
-3.067835105220289904e+00 -8.350627691533690777e-03
-3.066277342651310800e+00 -1.916287007988570490e-01
-3.064719580082330808e+00 -3.171647651940271984e-01
-3.063161817513348595e+00 -4.286483099545766451e-01
-3.061604054944369047e+00 -5.980565255429597382e-01
-3.060046292375389942e+00 -7.230212758812307738e-01
-3.058488529806410394e+00 -8.285449530035853272e-01
-3.056930767237431290e+00 -9.141019482919178207e-01
-3.055373004668451742e+00 -9.238753505966930124e-01
-3.053815242099469529e+00 -8.930965428706587605e-01
-3.052257479530489537e+00 -8.985530264869637795e-01
-3.050699716961510877e+00 -8.899326720442017891e-01
-3.049141954392531328e+00 -8.528003580364729164e-01
-3.047584191823551780e+00 -8.917816591118961078e-01
-3.046026429254569567e+00 -9.153381243716821603e-01
-3.044468666685590019e+00 -9.394858923823694585e-01
-3.042910904116610471e+00 -9.339902661664176708e-01
-3.041353141547631367e+00 -8.513628216675106497e-01
-3.039795378978652263e+00 -7.592907650801223873e-01
-3.038237616409672270e+00 -6.766734169808594768e-01
-3.036679853840690058e+00 -5.336251431347004415e-01
-3.035122091271710509e+00 -3.746477186254102976e-01
-3.033564328702731405e+00 -2.488218445819540547e-01
-3.032006566133751857e+00 -9.514874704221351620e-02
-3.030448803564772753e+00 1.099830806569052633e-01
-3.028891040995793205e+00 3.055181293929558617e-01
-3.027333278426810992e+00 4.717426712241391540e-01
-3.025775515857831000e+00 6.382019592861341017e-01
-3.024217753288852339e+00 8.268588445201618953e-01
-3.022659990719872791e+00 1.040176985638375129e+00
-3.021102228150893243e+00 1.270464672007307616e+00
-3.019544465581913695e+00 1.465905549954453324e+00
-3.017986703012931482e+00 1.650333022792300319e+00
-3.016428940443951934e+00 1.819597478686684200e+00
-3.014871177874972830e+00 2.034777231287165478e+00
-3.013313415305993725e+00 2.266886498022543162e+00
-3.011755652737013733e+00 2.500064060059564497e+00
-3.010197890168031520e+00 2.747786163979513141e+00
-3.008640127599051972e+00 2.964238440274117536e+00
-3.007082365030072868e+00 3.198625482388933960e+00
-3.005524602461093320e+00 3.428587877736567702e+00
-3.003966839892114216e+00 3.639861647327612637e+00
-3.002409077323134667e+00 3.873885060747164211e+00
-3.000851314754152455e+00 4.122830885489784158e+00
-2.999293552185172462e+00 4.379026003112973520e+00
-2.997735789616193802e+00 4.669640093593383945e+00
-2.996178027047214254e+00 4.990889521458711897e+00
-2.994620264478234706e+00 5.269275517366806660e+00
-2.993062501909252493e+00 5.498761811816138767e+00
-2.991504739340272945e+00 5.732444861640257905e+00
-2.989946976771293397e+00 5.978291909865594000e+00
-2.988389214202314292e+00 6.210870739489352310e+00
-2.986831451633335188e+00 6.446605514980969787e+00
-2.985273689064355196e+00 6.715261593929268358e+00
-2.983715926495372983e+00 6.971117291742833899e+00
-2.982158163926393435e+00 7.199631151589058753e+00
-2.980600401357414331e+00 7.416541034168314006e+00
-2.979042638788434783e+00 7.623938611604229365e+00
-2.977484876219455678e+00 7.838083263412983115e+00
-2.975927113650476130e+00 8.085654555020205692e+00
-2.974369351081493917e+00 8.340519389530152594e+00
-2.972811588512513925e+00 8.562539312952315740e+00
-2.971253825943535265e+00 8.792605221052090414e+00
-2.969696063374555717e+00 9.035473728112272340e+00
-2.968138300805576169e+00 9.250116330225131023e+00
-2.966580538236596620e+00 9.446384541948953384e+00
-2.965022775667614408e+00 9.637283232451700599e+00
-2.963465013098634859e+00 9.835228371651178136e+00
-2.961907250529655755e+00 1.006579326383186235e+01
-2.960349487960676651e+00 1.028102583410677262e+01
-2.958791725391696659e+00 1.047424760298561708e+01
-2.957233962822714446e+00 1.064931260356368803e+01
-2.955676200253734898e+00 1.078537630836424377e+01
-2.954118437684755794e+00 1.091624106858850851e+01
-2.952560675115776245e+00 1.109482214865743188e+01
-2.951002912546797141e+00 1.126271097719564551e+01
-2.949445149977817593e+00 1.140038312103423657e+01
-2.947887387408835380e+00 1.154052279261315306e+01
-2.946329624839855388e+00 1.167719115962390575e+01
-2.944771862270876284e+00 1.177639172997253603e+01
-2.943214099701897180e+00 1.186882562503962291e+01
-2.941656337132917631e+00 1.193750524880088904e+01
-2.940098574563935419e+00 1.198904591349623594e+01
-2.938540811994955870e+00 1.203911965166161302e+01
-2.936983049425976322e+00 1.208475301633333032e+01
-2.935425286856997218e+00 1.211066760532165709e+01
-2.933867524288018114e+00 1.212549604205340259e+01
-2.932309761719038121e+00 1.215120230156878023e+01
-2.930751999150055909e+00 1.218056400981914855e+01
-2.929194236581076360e+00 1.219563835835501031e+01
-2.927636474012097256e+00 1.220898353960945926e+01
-2.926078711443117708e+00 1.218417157204887324e+01
-2.924520948874138604e+00 1.213453483087167761e+01
-2.922963186305159056e+00 1.204416080826774404e+01
-2.921405423736176843e+00 1.193000894290414315e+01
-2.919847661167196851e+00 1.182362405952757634e+01
-2.918289898598217746e+00 1.169809582765521228e+01
-2.916732136029238642e+00 1.156099608619704355e+01
-2.915174373460259094e+00 1.143874212361962961e+01
-2.913616610891279546e+00 1.130482216041356480e+01
-2.912058848322297333e+00 1.112791792760927123e+01
-2.910501085753317785e+00 1.117422533560029230e+01
-2.908943323184338681e+00 1.112247147922646207e+01
-2.907385560615359577e+00 1.110400384785125283e+01
-2.905827798046379584e+00 1.116031534139587222e+01
-2.904270035477397371e+00 1.119475809321611592e+01
-2.902712272908417823e+00 1.120040785994774346e+01
-2.901154510339438719e+00 1.116882983823859377e+01
-2.899596747770459171e+00 1.113375266747763526e+01
-2.898038985201480067e+00 1.107030224662639206e+01
-2.896481222632500518e+00 1.105762291670493092e+01
-2.894923460063518306e+00 1.105109120289522018e+01
-2.893365697494538313e+00 1.099035391251983107e+01
-2.891807934925559209e+00 1.106945521696395218e+01
-2.890250172356580105e+00 1.117728152551778820e+01
-2.888692409787600113e+00 1.130746160245313803e+01
-2.887134647218618344e+00 1.140335981594179238e+01
-2.885576884649639240e+00 1.141823556565284470e+01
-2.884019122080659248e+00 1.145019053380104879e+01
-2.882461359511680143e+00 1.149104448739019269e+01
-2.880903596942701039e+00 1.147468527987285114e+01
-2.879345834373721047e+00 1.146973184346868457e+01
-2.877788071804738834e+00 1.149277026891603803e+01
-2.876230309235759286e+00 1.146882490119380194e+01
-2.874672546666780182e+00 1.142600904769515680e+01
-2.873114784097800634e+00 1.140570705608221580e+01
-2.871557021528821529e+00 1.141276615233735470e+01
-2.869999258959841981e+00 1.141994298136986430e+01
-2.868441496390859768e+00 1.139231602755824291e+01
-2.866883733821879776e+00 1.133597887630726575e+01
-2.865325971252900672e+00 1.127675781034526814e+01
-2.863768208683921568e+00 1.124324301869710219e+01
-2.862210446114941576e+00 1.125964871559057023e+01
-2.860652683545962471e+00 1.127637993982904696e+01
-2.859094920976980703e+00 1.124342273867167918e+01
-2.857537158408000710e+00 1.123483342861091394e+01
-2.855979395839021606e+00 1.122856190842542112e+01
-2.854421633270042502e+00 1.121216071407558346e+01
-2.852863870701062510e+00 1.121796573827803911e+01
-2.851306108132080297e+00 1.118628895261606360e+01
-2.849748345563100749e+00 1.115466174333875671e+01
-2.848190582994121645e+00 1.115417291953561296e+01
-2.846632820425142096e+00 1.115864663296209436e+01
-2.845075057856162992e+00 1.115062501333077627e+01
-2.843517295287183444e+00 1.111646685335650098e+01
-2.841959532718201231e+00 1.112058143878568650e+01
-2.840401770149221239e+00 1.107086130388742617e+01
-2.838844007580242135e+00 1.103048156435873572e+01
-2.837286245011263031e+00 1.108089857240002551e+01
-2.835728482442283038e+00 1.111548410493637995e+01
-2.834170719873301270e+00 1.112789711187532404e+01
-2.832612957304322165e+00 1.114020207847436339e+01
-2.831055194735342173e+00 1.114034556661621522e+01
-2.829497432166363069e+00 1.112159000276273169e+01
-2.827939669597383965e+00 1.109921023642961835e+01
-2.826381907028403973e+00 1.116465174985248332e+01
-2.824824144459421760e+00 1.116632893614550603e+01
-2.823266381890442211e+00 1.116395658165702365e+01
-2.821708619321463107e+00 1.119979892154638179e+01
-2.820150856752483559e+00 1.116492768353344722e+01
-2.818593094183504455e+00 1.114749926569624172e+01
-2.817035331614524907e+00 1.119164738732453657e+01
-2.815477569045542694e+00 1.120675109263783753e+01
-2.813919806476562702e+00 1.118220466012445691e+01
-2.812362043907583598e+00 1.116178114577454394e+01
-2.810804281338604493e+00 1.117263353501466128e+01
-2.809246518769624501e+00 1.119619847409537527e+01
-2.807688756200645397e+00 1.125848040754257084e+01
-2.806130993631663628e+00 1.125773653437526711e+01
-2.804573231062683636e+00 1.125946315596853253e+01
-2.803015468493704532e+00 1.126808160002087078e+01
-2.801457705924725428e+00 1.125692317913566853e+01
-2.799899943355745435e+00 1.126935097678833486e+01
-2.798342180786763222e+00 1.131841461434324358e+01
-2.796784418217783674e+00 1.131660144227810250e+01
-2.795226655648804570e+00 1.125262939266948692e+01
-2.793668893079825022e+00 1.122569642907077814e+01
-2.792111130510845918e+00 1.116411484850056191e+01
-2.790553367941866370e+00 1.116232014284309315e+01
-2.788995605372884157e+00 1.116925638167768753e+01
-2.787437842803904164e+00 1.115397748547885115e+01
-2.785880080234925060e+00 1.119367273865725032e+01
-2.784322317665945956e+00 1.121818480269259588e+01
-2.782764555096965964e+00 1.123593435046297273e+01
-2.781206792527984195e+00 1.127173009610264920e+01
-2.779649029959005091e+00 1.130954442746442901e+01
-2.778091267390025099e+00 1.133753954961472132e+01
-2.776533504821045995e+00 1.136910475055459280e+01
-2.774975742252066890e+00 1.136166534385928983e+01
-2.773417979683086898e+00 1.134118975099844739e+01
-2.771860217114104685e+00 1.131248012587323615e+01
-2.770302454545125137e+00 1.129626781967250793e+01
-2.768744691976146033e+00 1.129644508515339574e+01
-2.767186929407166485e+00 1.131238464412617795e+01
-2.765629166838187381e+00 1.133042769031249186e+01
-2.764071404269207832e+00 1.137351403332100830e+01
-2.762513641700225620e+00 1.145345599146815019e+01
-2.760955879131245627e+00 1.148585966177093809e+01
-2.759398116562266523e+00 1.148582052408728416e+01
-2.757840353993287419e+00 1.149972079409608483e+01
-2.756282591424307427e+00 1.157502806210960955e+01
-2.754724828855328322e+00 1.155562107062122656e+01
-2.753167066286346554e+00 1.159580670381354217e+01
-2.751609303717366561e+00 1.156003534911888231e+01
-2.750051541148387013e+00 1.155343400487793204e+01
-2.748493778579408353e+00 1.159690886100825580e+01
-2.746936016010428361e+00 1.165244432547379638e+01
-2.745378253441446148e+00 1.176758712524823203e+01
-2.743820490872466600e+00 1.184796750006612420e+01
-2.742262728303487496e+00 1.188147260573184205e+01
-2.740704965734507947e+00 1.188400805915415326e+01
-2.739147203165528843e+00 1.189246127540032383e+01
-2.737589440596549295e+00 1.193530671763194029e+01
-2.736031678027567082e+00 1.191023431098194507e+01
-2.734473915458587090e+00 1.186109527144727949e+01
-2.732916152889607986e+00 1.180576248086867608e+01
-2.731358390320628882e+00 1.179723102663541390e+01
-2.729800627751648889e+00 1.182465656815035082e+01
-2.728242865182667121e+00 1.183599525410572184e+01
-2.726685102613688017e+00 1.184224328510859081e+01
-2.725127340044708024e+00 1.184748793043969073e+01
-2.723569577475728476e+00 1.181921859591763280e+01
-2.722011814906749816e+00 1.179324446579216179e+01
-2.720454052337769824e+00 1.182814384376903760e+01
-2.718896289768787611e+00 1.183166615478463335e+01
-2.717338527199808063e+00 1.183947889045766644e+01
-2.715780764630828958e+00 1.185208962028990065e+01
-2.714223002061849410e+00 1.187270923467574768e+01
-2.712665239492870306e+00 1.186162213994888326e+01
-2.711107476923890758e+00 1.186889413457566178e+01
-2.709549714354908545e+00 1.188493951633676637e+01
-2.707991951785928553e+00 1.190402974293960447e+01
-2.706434189216949449e+00 1.189613619842455350e+01
-2.704876426647970344e+00 1.191595709642641410e+01
-2.703318664078990352e+00 1.194477909800690973e+01
-2.701760901510011248e+00 1.191576130679225187e+01
-2.700203138941029479e+00 1.187905805490927769e+01
-2.698645376372049487e+00 1.187313875713582512e+01
-2.697087613803069939e+00 1.188845584211953188e+01
-2.695529851234091279e+00 1.190729537754852529e+01
-2.693972088665111286e+00 1.194028324787370643e+01
-2.692414326096129074e+00 1.200852647536728846e+01
-2.690856563527149525e+00 1.205985930672074602e+01
-2.689298800958170421e+00 1.210192231950115627e+01
-2.687741038389190873e+00 1.215896757297209696e+01
-2.686183275820211769e+00 1.215211809864661952e+01
-2.684625513251232221e+00 1.218598950317134033e+01
-2.683067750682250008e+00 1.223189087862376923e+01
-2.681509988113270015e+00 1.220770100478527098e+01
-2.679952225544290911e+00 1.219546180684622527e+01
-2.678394462975311807e+00 1.221065235117175440e+01
-2.676836700406331815e+00 1.220795726538963777e+01
-2.675278937837350046e+00 1.218018824796424582e+01
-2.673721175268370942e+00 1.214484809655854747e+01
-2.672163412699390950e+00 1.216311859394400940e+01
-2.670605650130411401e+00 1.210527525976556262e+01
-2.669047887561432297e+00 1.208455609810599540e+01
-2.667490124992452749e+00 1.207663467294818993e+01
-2.665932362423470980e+00 1.206557840406774318e+01
-2.664374599854490988e+00 1.212291764824265350e+01
-2.662816837285511884e+00 1.213830433066834225e+01
-2.661259074716532336e+00 1.211426174705032821e+01
-2.659701312147553232e+00 1.209860986639145786e+01
-2.658143549578573239e+00 1.208941719368488599e+01
-2.656585787009591915e+00 1.211309053924398071e+01
-2.655028024440611922e+00 1.210664302618200949e+01
-2.653470261871632374e+00 1.207078409091759852e+01
-2.651912499302653270e+00 1.202068202533443220e+01
-2.650354736733673278e+00 1.199205410017533957e+01
-2.648796974164694173e+00 1.196515256658790705e+01
-2.647239211595712405e+00 1.194528859324220704e+01
-2.645681449026732412e+00 1.192849503513803811e+01
-2.644123686457752864e+00 1.191615272555768357e+01
-2.642565923888773760e+00 1.187344749356300966e+01
-2.641008161319793768e+00 1.180065862540317312e+01
-2.639450398750812443e+00 1.179865949692714722e+01
-2.637892636181832451e+00 1.179158450336082531e+01
-2.636334873612853347e+00 1.182460263472673745e+01
-2.634777111043873798e+00 1.178452722984442680e+01
-2.633219348474894694e+00 1.178804257795902899e+01
-2.631661585905914702e+00 1.182051733137859451e+01
-2.630103823336933377e+00 1.182701525191938963e+01
-2.628546060767953385e+00 1.185728888128413061e+01
-2.626988298198973837e+00 1.185871571604340957e+01
-2.625430535629994733e+00 1.183583936043030427e+01
-2.623872773061014740e+00 1.183771331602166477e+01
-2.622315010492032972e+00 1.184593464205693003e+01
-2.620757247923053868e+00 1.180197378693527099e+01
-2.619199485354073875e+00 1.178314699598862525e+01
-2.617641722785094327e+00 1.182671659369646555e+01
-2.616083960216115223e+00 1.185750548585474817e+01
-2.614526197647135231e+00 1.185336956733351954e+01
-2.612968435078153906e+00 1.186784854279522250e+01
-2.611410672509173914e+00 1.189039719453663402e+01
-2.609852909940194809e+00 1.193803898415735176e+01
-2.608295147371215261e+00 1.195060472087055103e+01
-2.606737384802236157e+00 1.193342174247538345e+01
-2.605179622233256165e+00 1.196346743919178124e+01
-2.603621859664274840e+00 1.198690963050838576e+01
-2.602064097095294848e+00 1.200507769279069059e+01
-2.600506334526315300e+00 1.198018963619354693e+01
-2.598948571957336195e+00 1.194995356995285363e+01
-2.597390809388355759e+00 1.197510514025831441e+01
-2.595833046819377099e+00 1.205327223414227156e+01
-2.594275284250395330e+00 1.204050276562648314e+01
-2.592717521681415338e+00 1.198599197710166742e+01
-2.591159759112435790e+00 1.196766088172041265e+01
-2.589601996543456686e+00 1.191224121395657320e+01
-2.588044233974476693e+00 1.187207819402997799e+01
-2.586486471405495369e+00 1.188602697950548936e+01
-2.584928708836515376e+00 1.189073291631293294e+01
-2.583370946267536272e+00 1.186999582920051743e+01
-2.581813183698556724e+00 1.186101374631939009e+01
-2.580255421129577620e+00 1.185773838421595627e+01
-2.578697658560597628e+00 1.185684052372363517e+01
-2.577139895991616303e+00 1.187193174903861070e+01
-2.575582133422636311e+00 1.188326097819821570e+01
-2.574024370853656762e+00 1.187732208334881534e+01
-2.572466608284677658e+00 1.181288734979923483e+01
-2.570908845715697222e+00 1.178095974107262656e+01
-2.569351083146715897e+00 1.181772931601036269e+01
-2.567793320577736793e+00 1.184392583158733991e+01
-2.566235558008756801e+00 1.185750184593530854e+01
-2.564677795439777253e+00 1.186143241382595903e+01
-2.563120032870798148e+00 1.186002163243149354e+01
-2.561562270301818156e+00 1.183394253028775012e+01
-2.560004507732836831e+00 1.182447698775756173e+01
-2.558446745163856839e+00 1.176338845739363315e+01
-2.556888982594877735e+00 1.178425828167089051e+01
-2.555331220025898187e+00 1.180651036884730232e+01
-2.553773457456919083e+00 1.180380626652536158e+01
-2.552215694887939090e+00 1.182623400933323232e+01
-2.550657932318957766e+00 1.183649865463564765e+01
-2.549100169749977773e+00 1.181943996495006211e+01
-2.547542407180998225e+00 1.180320862536289717e+01
-2.545984644612019121e+00 1.181112499313644726e+01
-2.544426882043038685e+00 1.184629036967380422e+01
-2.542869119474060025e+00 1.185242769680471042e+01
-2.541311356905078256e+00 1.181290898732372874e+01
-2.539753594336098264e+00 1.178227221791764023e+01
-2.538195831767118715e+00 1.175306841907825905e+01
-2.536638069198139611e+00 1.172551499812322184e+01
-2.535080306629159619e+00 1.171809085076850465e+01
-2.533522544060178294e+00 1.170027324309104166e+01
-2.531964781491198302e+00 1.170295033272495644e+01
-2.530407018922219198e+00 1.169373800170430933e+01
-2.528849256353239650e+00 1.166327140250426098e+01
-2.527291493784260545e+00 1.161288953056984496e+01
-2.525733731215280553e+00 1.156135026001319943e+01
-2.524175968646299228e+00 1.152177990636531391e+01
-2.522618206077319236e+00 1.146766175350605721e+01
-2.521060443508339688e+00 1.144035771623237885e+01
-2.519502680939360584e+00 1.144061279712194157e+01
-2.517944918370380147e+00 1.143242633243454343e+01
-2.516387155801398823e+00 1.140324958601320660e+01
-2.514829393232419719e+00 1.139998186330869068e+01
-2.513271630663439726e+00 1.138754770189549959e+01
-2.511713868094460178e+00 1.138310662059965672e+01
-2.510156105525481074e+00 1.139088678059913384e+01
-2.508598342956501082e+00 1.137798399237384572e+01
-2.507040580387519757e+00 1.140461711887779295e+01
-2.505482817818539765e+00 1.141856950978749197e+01
-2.503925055249560661e+00 1.138708735078961176e+01
-2.502367292680581112e+00 1.135358962781732117e+01
-2.500809530111602008e+00 1.132053692432727843e+01
-2.499251767542622016e+00 1.132766418365465633e+01
-2.497694004973640691e+00 1.135147711664214221e+01
-2.496136242404660699e+00 1.135693610437710532e+01
-2.494578479835681151e+00 1.133889482132150661e+01
-2.493020717266701602e+00 1.134261514065971532e+01
-2.491462954697721610e+00 1.132279634768521781e+01
-2.489905192128742950e+00 1.129042621870537388e+01
-2.488347429559761181e+00 1.131166530584463459e+01
-2.486789666990781189e+00 1.129891570147080238e+01
-2.485231904421801641e+00 1.132035623744150321e+01
-2.483674141852822537e+00 1.135540357304192582e+01
-2.482116379283842544e+00 1.137938115510209336e+01
-2.480558616714861220e+00 1.142176300021519531e+01
-2.479000854145881227e+00 1.147313103748034457e+01
-2.477443091576902123e+00 1.146331809122833434e+01
-2.475885329007922575e+00 1.145720301002840813e+01
-2.474327566438943471e+00 1.149125871331580484e+01
-2.472769803869963479e+00 1.148256278671267694e+01
-2.471212041300982154e+00 1.152700001012664544e+01
-2.469654278732002162e+00 1.159926250701255412e+01
-2.468096516163022613e+00 1.160486329582429121e+01
-2.466538753594043065e+00 1.161399935462790012e+01
-2.464980991025063073e+00 1.165043349774177450e+01
-2.463423228456081748e+00 1.166859303104394030e+01
-2.461865465887102644e+00 1.164177570069302448e+01
-2.460307703318122652e+00 1.164494351878811429e+01
-2.458749940749143104e+00 1.170737562659576447e+01
-2.457192178180163999e+00 1.172528649968525727e+01
-2.455634415611184007e+00 1.172039731823995012e+01
-2.454076653042202683e+00 1.171593658631232948e+01
-2.452518890473222690e+00 1.174092380163685334e+01
-2.450961127904243586e+00 1.173790872281217368e+01
-2.449403365335264038e+00 1.170617770146232850e+01
-2.447845602766284934e+00 1.170020834851553104e+01
-2.446287840197302721e+00 1.169482957141540069e+01
-2.444730077628323617e+00 1.172370850366428918e+01
-2.443172315059343624e+00 1.180813971042612209e+01
-2.441614552490364076e+00 1.179822741461731361e+01
-2.440056789921384528e+00 1.175872832314249372e+01
-2.438499027352404536e+00 1.180756197190335577e+01
-2.436941264783425432e+00 1.184285676609628979e+01
-2.435383502214444107e+00 1.183832341232783492e+01
-2.433825739645464115e+00 1.183986690058319979e+01
-2.432267977076484566e+00 1.184045135749640743e+01
-2.430710214507505462e+00 1.179392488883314627e+01
-2.429152451938525470e+00 1.169624699161919246e+01
-2.427594689369544145e+00 1.169671002243273072e+01
-2.426036926800564153e+00 1.173563182451772313e+01
-2.424479164231585049e+00 1.176358227849206983e+01
-2.422921401662605501e+00 1.177895911237753701e+01
-2.421363639093626396e+00 1.178924352913746887e+01
-2.419805876524645960e+00 1.179289484833361890e+01
-2.418248113955665080e+00 1.179063065949065248e+01
-2.416690351386685087e+00 1.182898298054782060e+01
-2.415132588817705539e+00 1.185607951754802691e+01
-2.413574826248725991e+00 1.180480515591169954e+01
-2.412017063679745998e+00 1.178031344096411992e+01
-2.410459301110765118e+00 1.179203316097427745e+01
-2.408901538541785570e+00 1.181182298828712973e+01
-2.407343775972805577e+00 1.178840076311801965e+01
-2.405786013403826029e+00 1.178185762239619017e+01
-2.404228250834846925e+00 1.177151481172887415e+01
-2.402670488265866933e+00 1.178665495726028389e+01
-2.401112725696885608e+00 1.180789373837236411e+01
-2.399554963127905616e+00 1.183087130177248447e+01
-2.397997200558926512e+00 1.179816044069423242e+01
-2.396439437989946963e+00 1.171678814862416118e+01
-2.394881675420967859e+00 1.165680579993324351e+01
-2.393323912851985646e+00 1.161918345250600382e+01
-2.391766150283006542e+00 1.156666886489367663e+01
-2.390208387714026550e+00 1.152682280451123198e+01
-2.388650625145047002e+00 1.149246184596440834e+01
-2.387092862576067454e+00 1.145408556475133288e+01
-2.385535100007087461e+00 1.142224933911910512e+01
-2.383977337438108357e+00 1.147552335112087896e+01
-2.382419574869127032e+00 1.155100342874241903e+01
-2.380861812300147040e+00 1.155261255500847284e+01
-2.379304049731167492e+00 1.149521644026766864e+01
-2.377746287162188388e+00 1.144345147268812823e+01
-2.376188524593208395e+00 1.139678519942084911e+01
-2.374630762024227071e+00 1.135551503626612124e+01
-2.373072999455247079e+00 1.131182906598615823e+01
-2.371515236886267974e+00 1.126318061300708173e+01
-2.369957474317288426e+00 1.124160880418271802e+01
-2.368399711748309322e+00 1.124505676373675200e+01
-2.366841949179328886e+00 1.124311372570580581e+01
-2.365284186610348005e+00 1.124474088084170198e+01
-2.363726424041368013e+00 1.125427457175771728e+01
-2.362168661472388465e+00 1.125079255111449328e+01
-2.360610898903408916e+00 1.124617406457057456e+01
-2.359053136334428924e+00 1.124952060099515272e+01
-2.357495373765448043e+00 1.130251403325472026e+01
-2.355937611196468495e+00 1.136444589512925241e+01
-2.354379848627488503e+00 1.137066417832081733e+01
-2.352822086058508955e+00 1.135159550693380837e+01
-2.351264323489529851e+00 1.131609139430243260e+01
-2.349706560920549858e+00 1.128030815899603390e+01
-2.348148798351568534e+00 1.128826251092721833e+01
-2.346591035782588541e+00 1.136380217166906803e+01
-2.345033273213609437e+00 1.137595286322131471e+01
-2.343475510644629889e+00 1.135791949980548310e+01
-2.341917748075649897e+00 1.136599346661695442e+01
-2.340359985506668572e+00 1.137524081748579441e+01
-2.338802222937689468e+00 1.138554505986607346e+01
-2.337244460368709476e+00 1.136902256820750878e+01
-2.335686697799729927e+00 1.139892565701424765e+01
-2.334128935230750379e+00 1.144682328393689374e+01
-2.332571172661770387e+00 1.142641079397258430e+01
-2.331013410092791283e+00 1.145705281566109512e+01
-2.329455647523809958e+00 1.151037305930757881e+01
-2.327897884954829966e+00 1.155414594335011813e+01
-2.326340122385850417e+00 1.158420379112732235e+01
-2.324782359816871313e+00 1.157991981586332919e+01
-2.323224597247891321e+00 1.156793532765960819e+01
-2.321666834678909996e+00 1.160318881619894249e+01
-2.320109072109930004e+00 1.162772684232164444e+01
-2.318551309540950900e+00 1.160609635569770148e+01
-2.316993546971971352e+00 1.163228089262403309e+01
-2.315435784402991359e+00 1.162831719438658418e+01
-2.313878021834011811e+00 1.159506218088279006e+01
-2.312320259265030931e+00 1.160943920787442529e+01
-2.310762496696050938e+00 1.162920312277683088e+01
-2.309204734127071390e+00 1.164529922318327593e+01
-2.307646971558091842e+00 1.165662400187951420e+01
-2.306089208989111849e+00 1.168637305883502187e+01
-2.304531446420130969e+00 1.170811481474080296e+01
-2.302973683851151421e+00 1.172802004353879290e+01
-2.301415921282171428e+00 1.173649115113711439e+01
-2.299858158713191880e+00 1.170964632830387053e+01
-2.298300396144212776e+00 1.170693371668961369e+01
-2.296742633575232784e+00 1.169700141098400259e+01
-2.295184871006251459e+00 1.168763216081799783e+01
-2.293627108437271467e+00 1.170255904518381485e+01
-2.292069345868292363e+00 1.170805563940641392e+01
-2.290511583299312814e+00 1.169990713532336457e+01
-2.288953820730332822e+00 1.167795547968246694e+01
-2.287396058161351498e+00 1.163708187879806744e+01
-2.285838295592372393e+00 1.164472958639011679e+01
-2.284280533023392401e+00 1.161345276293975282e+01
-2.282722770454412853e+00 1.156426062607529381e+01
-2.281165007885433305e+00 1.156123026424521960e+01
-2.279607245316452868e+00 1.156802437781988324e+01
-2.278049482747474208e+00 1.157956391347119585e+01
-2.276491720178493328e+00 1.157344357010127567e+01
-2.274933957609512891e+00 1.159060478084356127e+01
-2.273376195040533343e+00 1.169316404195154213e+01
-2.271818432471554239e+00 1.172936463764938786e+01
-2.270260669902573802e+00 1.170820492364209642e+01
-2.268702907333593366e+00 1.169826715897788638e+01
-2.267145144764612930e+00 1.169520645560652916e+01
-2.265587382195633825e+00 1.164669159766380346e+01
-2.264029619626654277e+00 1.163762221138869890e+01
-2.262471857057673841e+00 1.159895382772470107e+01
-2.260914094488694737e+00 1.158651675273455872e+01
-2.259356331919714300e+00 1.160325973507080732e+01
-2.257798569350733864e+00 1.163287376367358306e+01
-2.256240806781754316e+00 1.163664951120889768e+01
-2.254683044212774767e+00 1.163449981864468619e+01
-2.253125281643794331e+00 1.161631118504253024e+01
-2.251567519074813895e+00 1.164603447623422383e+01
-2.250009756505834790e+00 1.168085896214038399e+01
-2.248451993936854354e+00 1.165739246578067245e+01
-2.246894231367874806e+00 1.163288485828351071e+01
-2.245336468798895702e+00 1.154704594940653095e+01
-2.243778706229915265e+00 1.147584387638325332e+01
-2.242220943660934829e+00 1.146792392491204637e+01
-2.240663181091954392e+00 1.149694716813574047e+01
-2.239105418522975288e+00 1.151563851431282082e+01
-2.237547655953995740e+00 1.151816611363020826e+01
-2.235989893385015304e+00 1.154622049945441375e+01
-2.234432130816034423e+00 1.158263755391144123e+01
-2.232874368247055763e+00 1.160233084554714189e+01
-2.231316605678075327e+00 1.161208228855802105e+01
-2.229758843109095778e+00 1.163414873860984500e+01
-2.228201080540116230e+00 1.158921229977946332e+01
-2.226643317971135794e+00 1.152232135065426100e+01
-2.225085555402157134e+00 1.150208518576193129e+01
-2.223527792833176253e+00 1.149874532522628812e+01
-2.221970030264195817e+00 1.151711702512557522e+01
-2.220412267695216268e+00 1.152817571742672520e+01
-2.218854505126237164e+00 1.152282614190931831e+01
-2.217296742557256728e+00 1.150897595768743642e+01
-2.215738979988276292e+00 1.153551119195837416e+01
-2.214181217419295855e+00 1.156958342641424053e+01
-2.212623454850316751e+00 1.157403887510985996e+01
-2.211065692281337203e+00 1.157910508081025114e+01
-2.209507929712356766e+00 1.158422152014626860e+01
-2.207950167143377662e+00 1.160978507106453073e+01
-2.206392404574397226e+00 1.163647991263696824e+01
-2.204834642005416789e+00 1.162536048408279221e+01
-2.203276879436437241e+00 1.160479868524821434e+01
-2.201719116867457693e+00 1.159654882808711029e+01
-2.200161354298477256e+00 1.162425668791223643e+01
-2.198603591729496820e+00 1.164118853258269048e+01
-2.197045829160517716e+00 1.165752215092225974e+01
-2.195488066591537279e+00 1.165663205695785720e+01
-2.193930304022557731e+00 1.165602827981716416e+01
-2.192372541453578627e+00 1.166190023134570630e+01
-2.190814778884598191e+00 1.161847788209664856e+01
-2.189257016315617754e+00 1.163733377941023051e+01
-2.187699253746637318e+00 1.166773057558645377e+01
-2.186141491177658214e+00 1.166473902561517484e+01
-2.184583728608678665e+00 1.163584547417142190e+01
-2.183025966039698229e+00 1.166255953151749836e+01
-2.181468203470717349e+00 1.173652107106325460e+01
-2.179910440901738689e+00 1.171466689006262563e+01
-2.178352678332758252e+00 1.169129638809167027e+01
-2.176794915763778704e+00 1.172255008690153311e+01
-2.175237153194799156e+00 1.171729775280634556e+01
-2.173679390625818719e+00 1.168528879065595483e+01
-2.172121628056840059e+00 1.164772791427599152e+01
-2.170563865487857846e+00 1.159939789603884286e+01
-2.169006102918878742e+00 1.158456243661320606e+01
-2.167448340349899194e+00 1.161942339022292892e+01
-2.165890577780920090e+00 1.163394993197951344e+01
-2.164332815211939653e+00 1.164195941828509895e+01
-2.162775052642959217e+00 1.163385320209261131e+01
-2.161217290073978781e+00 1.159313061839251269e+01
-2.159659527504999676e+00 1.156942685194114162e+01
-2.158101764936020128e+00 1.154305854479859228e+01
-2.156544002367039692e+00 1.151206276246350235e+01
-2.154986239798060588e+00 1.147420872364641120e+01
-2.153428477229080151e+00 1.142975162502799513e+01
-2.151870714660099271e+00 1.142602570479384383e+01
-2.150312952091120167e+00 1.143512452675903468e+01
-2.148755189522140618e+00 1.141992298107057024e+01
-2.147197426953160182e+00 1.137489035514394153e+01
-2.145639664384179746e+00 1.135583191394001545e+01
-2.144081901815199309e+00 1.143278363081116566e+01
-2.142524139246220205e+00 1.147388808527430903e+01
-2.140966376677240657e+00 1.148004527388819973e+01
-2.139408614108261553e+00 1.149324850547798604e+01
-2.137850851539281116e+00 1.148508341049013559e+01
-2.136293088970300680e+00 1.149519443618232906e+01
-2.134735326401320243e+00 1.150889199639250116e+01
-2.133177563832341139e+00 1.149247580251378409e+01
-2.131619801263361591e+00 1.147439839857567101e+01
-2.130062038694381155e+00 1.143738541520927043e+01
-2.128504276125400274e+00 1.146821195802208671e+01
-2.126946513556421614e+00 1.150422253278610363e+01
-2.125388750987440734e+00 1.148605987238338244e+01
-2.123830988418461629e+00 1.143436010720829543e+01
-2.122273225849482081e+00 1.140679761521208135e+01
-2.120715463280501645e+00 1.139935099275675867e+01
-2.119157700711522985e+00 1.139092803850986435e+01
-2.117599938142540772e+00 1.134623940423223409e+01
-2.116042175573561668e+00 1.130026861540379812e+01
-2.114484413004582120e+00 1.130048213750722930e+01
-2.112926650435603015e+00 1.128102023964618894e+01
-2.111368887866622579e+00 1.124681253881185938e+01
-2.109811125297642143e+00 1.129345215964803195e+01
-2.108253362728661706e+00 1.128734269519858380e+01
-2.106695600159682602e+00 1.129800306241243923e+01
-2.105137837590703054e+00 1.135377809717832776e+01
-2.103580075021722617e+00 1.129340116430072882e+01
-2.102022312452743513e+00 1.127476687270516287e+01
-2.100464549883763077e+00 1.134499336602890374e+01
-2.098906787314782196e+00 1.138596555445026759e+01
-2.097349024745803092e+00 1.138185024458383054e+01
-2.095791262176823544e+00 1.138471082836598391e+01
-2.094233499607843108e+00 1.138773373843366699e+01
-2.092675737038862671e+00 1.139855635425884550e+01
-2.091117974469882235e+00 1.142659667299460047e+01
-2.089560211900903131e+00 1.148782772889537540e+01
-2.088002449331923582e+00 1.146561273189871066e+01
-2.086444686762944478e+00 1.148341512221059091e+01
-2.084886924193964042e+00 1.149725738073592396e+01
-2.083329161624983605e+00 1.148951026049807034e+01
-2.081771399056003169e+00 1.149977093398382344e+01
-2.080213636487024065e+00 1.149393759774017809e+01
-2.078655873918044517e+00 1.150457324052838004e+01
-2.077098111349064080e+00 1.149089361421099476e+01
-2.075540348780083200e+00 1.146075376223227238e+01
-2.073982586211104540e+00 1.147397829718691575e+01
-2.072424823642123659e+00 1.149136998977614788e+01
-2.070867061073144555e+00 1.146983943790409199e+01
-2.069309298504165007e+00 1.140681437921459107e+01
-2.067751535935184570e+00 1.138157606045239234e+01
-2.066193773366205910e+00 1.135450307600829056e+01
-2.064636010797223697e+00 1.134428819286731382e+01
-2.063078248228244593e+00 1.137032843212958078e+01
-2.061520485659265045e+00 1.141203808627178695e+01
-2.059962723090285941e+00 1.144435668097981385e+01
-2.058404960521305505e+00 1.145026393724731406e+01
-2.056847197952325068e+00 1.146396577899434632e+01
-2.055289435383344632e+00 1.148531970274479619e+01
-2.053731672814365528e+00 1.149689200873451789e+01
-2.052173910245385979e+00 1.150470214782900413e+01
-2.050616147676405543e+00 1.151432146056527905e+01
-2.049058385107426439e+00 1.155792703227703377e+01
-2.047500622538446002e+00 1.162030809354503269e+01
-2.045942859969465122e+00 1.165304663945450869e+01
-2.044385097400486018e+00 1.159395522398001077e+01
-2.042827334831506469e+00 1.156973447709681224e+01
-2.041269572262526033e+00 1.159378605957086350e+01
-2.039711809693545597e+00 1.159548845500046532e+01
-2.038154047124565160e+00 1.156312765304749135e+01
-2.036596284555586056e+00 1.152865736194369539e+01
-2.035038521986606508e+00 1.149907043880151747e+01
-2.033480759417627404e+00 1.144651642894694454e+01
-2.031922996848646967e+00 1.140136655168686275e+01
-2.030365234279666531e+00 1.140893475835101611e+01
-2.028807471710686094e+00 1.143131600078103816e+01
-2.027249709141706990e+00 1.140615649805265441e+01
-2.025691946572727442e+00 1.134588278231736247e+01
-2.024134184003747006e+00 1.131863141054682131e+01
-2.022576421434766125e+00 1.129794635682269721e+01
-2.021018658865787465e+00 1.127018331361710501e+01
-2.019460896296806585e+00 1.125861433550768176e+01
-2.017903133727827480e+00 1.123928891503371119e+01
-2.016345371158847932e+00 1.120925971092718143e+01
-2.014787608589867496e+00 1.121246636233145111e+01
-2.013229846020888836e+00 1.119646177739771176e+01
-2.011672083451906623e+00 1.115300837781804510e+01
-2.010114320882927519e+00 1.112781507796558422e+01
-2.008556558313947971e+00 1.112737213980944162e+01
-2.006998795744968866e+00 1.110422058541220025e+01
-2.005441033175988430e+00 1.111765264158924360e+01
-2.003883270607007994e+00 1.109744418522895160e+01
-2.002325508038027557e+00 1.109556732710097648e+01
-2.000767745469048009e+00 1.111658323124805747e+01
-1.999209982900068905e+00 1.111032238108836978e+01
-1.997652220331088468e+00 1.110742020387359830e+01
-1.996094457762109142e+00 1.112769228221542761e+01
-1.994536695193128706e+00 1.111682997712449605e+01
-1.992978932624148269e+00 1.112338190510864600e+01
-1.991421170055168943e+00 1.115685833147732886e+01
-1.989863407486189617e+00 1.114960161707779918e+01
-1.988305644917208737e+00 1.106857569782883211e+01
-1.986747882348228744e+00 1.100652397986701203e+01
-1.985190119779249418e+00 1.097277401369337646e+01
-1.983632357210268982e+00 1.095434724511767399e+01
-1.982074594641289433e+00 1.098007681984555184e+01
-1.980516832072310551e+00 1.099863240189822911e+01
-1.978959069503329671e+00 1.099796686945928137e+01
-1.977401306934349678e+00 1.101306467014667589e+01
-1.975843544365368798e+00 1.103406484673916843e+01
-1.974285781796389916e+00 1.103864841483801129e+01
-1.972728019227410368e+00 1.100686946477717676e+01
-1.971170256658429931e+00 1.096509966968090133e+01
-1.969612494089450605e+00 1.095006745159962946e+01
-1.968054731520470169e+00 1.096363705411004474e+01
-1.966496968951489732e+00 1.096911602186457912e+01
-1.964939206382510406e+00 1.095119551404278191e+01
-1.963381443813531080e+00 1.095030023094701122e+01
-1.961823681244550199e+00 1.100543518142461252e+01
-1.960265918675570207e+00 1.103326760979293120e+01
-1.958708156106590881e+00 1.100156212061533090e+01
-1.957150393537610444e+00 1.103236446450836183e+01
-1.955592630968630896e+00 1.110063646208333665e+01
-1.954034868399652014e+00 1.114221077257908554e+01
-1.952477105830671134e+00 1.119694149261978389e+01
-1.950919343261691141e+00 1.121501300474581164e+01
-1.949361580692710261e+00 1.117672652133376765e+01
-1.947803818123731379e+00 1.122017476671196334e+01
-1.946246055554751830e+00 1.124043400455300734e+01
-1.944688292985771394e+00 1.122374862244851457e+01
-1.943130530416792068e+00 1.122359793822384333e+01
-1.941572767847811631e+00 1.121743714611693399e+01
-1.940015005278831195e+00 1.118983392444155101e+01
-1.938457242709851869e+00 1.112479980196703977e+01
-1.936899480140872543e+00 1.111401567459466122e+01
-1.935341717571891662e+00 1.116394881941432438e+01
-1.933783955002911670e+00 1.122759048950259597e+01
-1.932226192433932344e+00 1.136019648118725023e+01
-1.930668429864951907e+00 1.141907323332752178e+01
-1.929110667295972359e+00 1.142017787661420414e+01
-1.927552904726993477e+00 1.140451431084720468e+01
-1.925995142158012596e+00 1.139192942344469728e+01
-1.924437379589032604e+00 1.140336312909018623e+01
-1.922879617020051723e+00 1.138499620064083473e+01
-1.921321854451072841e+00 1.139320805471146691e+01
-1.919764091882093293e+00 1.142386366846201895e+01
-1.918206329313112857e+00 1.140238071112243645e+01
-1.916648566744132198e+00 1.140211113096680684e+01
-1.915090804175153094e+00 1.140520944556629068e+01
-1.913533041606172658e+00 1.145277292908220446e+01
-1.911975279037192887e+00 1.147040214059931706e+01
-1.910417516468214005e+00 1.150817247190852655e+01
-1.908859753899233125e+00 1.157004197474910256e+01
-1.907301991330253133e+00 1.157593446467609155e+01
-1.905744228761273806e+00 1.154028710464141838e+01
-1.904186466192293370e+00 1.156282042006122879e+01
-1.902628703623313822e+00 1.156674725668254666e+01
-1.901070941054334940e+00 1.150854830058478306e+01
-1.899513178485354059e+00 1.149966855269854804e+01
-1.897955415916374067e+00 1.157839739206119134e+01
-1.896397653347393186e+00 1.160364558174050842e+01
-1.894839890778414304e+00 1.158706927892201399e+01
-1.893282128209434756e+00 1.158704120277797678e+01
-1.891724365640454320e+00 1.158145256424324820e+01
-1.890166603071474993e+00 1.156902734318362036e+01
-1.888608840502494557e+00 1.159342604887419093e+01
-1.887051077933514120e+00 1.161060145927034704e+01
-1.885493315364534350e+00 1.158283393677945661e+01
-1.883935552795555468e+00 1.157481798987392096e+01
-1.882377790226574588e+00 1.157457524857465359e+01
-1.880820027657594595e+00 1.158629491784120269e+01
-1.879262265088615491e+00 1.160967610034376918e+01
-1.877704502519634833e+00 1.163194506379789317e+01
-1.876146739950655284e+00 1.166369612209719619e+01
-1.874588977381676402e+00 1.169056560300519543e+01
-1.873031214812695522e+00 1.171270178141168827e+01
-1.871473452243715530e+00 1.173571780756070559e+01
-1.869915689674734649e+00 1.174674313391390257e+01
-1.868357927105755767e+00 1.174949288622294574e+01
-1.866800164536776219e+00 1.173814625456142302e+01
-1.865242401967795560e+00 1.172273757174666464e+01
-1.863684639398815790e+00 1.170558396958461422e+01
-1.862126876829836020e+00 1.175849070971235655e+01
-1.860569114260855583e+00 1.180822095707453201e+01
-1.859011351691875813e+00 1.186231669243252895e+01
-1.857453589122896931e+00 1.189317764705751124e+01
-1.855895826553916050e+00 1.190345653697492878e+01
-1.854338063984936058e+00 1.194259374783437622e+01
-1.852780301415956954e+00 1.196294846151562119e+01
-1.851222538846976295e+00 1.201267212476484758e+01
-1.849664776277996747e+00 1.200261150116380371e+01
-1.848107013709017865e+00 1.202480937574582143e+01
-1.846549251140036985e+00 1.199582083497155693e+01
-1.844991488571056992e+00 1.195931711168996614e+01
-1.843433726002076112e+00 1.199495658962575817e+01
-1.841875963433097230e+00 1.201907792932292729e+01
-1.840318200864117681e+00 1.200143161046887386e+01
-1.838760438295137023e+00 1.200904384734398711e+01
-1.837202675726157253e+00 1.201258021996347658e+01
-1.835644913157177482e+00 1.197419123977445921e+01
-1.834087150588197046e+00 1.195783479135177885e+01
-1.832529388019217276e+00 1.200723676688584796e+01
-1.830971625450238394e+00 1.203569578632851034e+01
-1.829413862881257513e+00 1.207563688898843957e+01
-1.827856100312277521e+00 1.209624777614529734e+01
-1.826298337743298417e+00 1.205837627656191202e+01
-1.824740575174317758e+00 1.202836623249518766e+01
-1.823182812605338210e+00 1.202552512233040538e+01
-1.821625050036359328e+00 1.201809534345204611e+01
-1.820067287467378447e+00 1.199605335032091169e+01
-1.818509524898398455e+00 1.197175498199625743e+01
-1.816951762329417575e+00 1.195214275405041882e+01
-1.815393999760438692e+00 1.192388696891224242e+01
-1.813836237191459144e+00 1.191561121717277771e+01
-1.812278474622478486e+00 1.193079382596914328e+01
-1.810720712053498715e+00 1.196130264066798787e+01
-1.809162949484518945e+00 1.197828496062690640e+01
-1.807605186915538509e+00 1.197165553374039071e+01
-1.806047424346558739e+00 1.194624233041817263e+01
-1.804489661777579856e+00 1.194579566350540745e+01
-1.802931899208598976e+00 1.195666568380688233e+01
-1.801374136639618984e+00 1.190773924486811275e+01
-1.799816374070639879e+00 1.186572491300873367e+01
-1.798258611501659221e+00 1.181772359875877676e+01
-1.796700848932679673e+00 1.173680329621324603e+01
-1.795143086363700791e+00 1.171743476499599446e+01
-1.793585323794719910e+00 1.170736874471185907e+01
-1.792027561225739918e+00 1.168689561842927560e+01
-1.790469798656759037e+00 1.163602451522575976e+01
-1.788912036087780155e+00 1.155391943860290027e+01
-1.787354273518800607e+00 1.150175998171553360e+01
-1.785796510949819949e+00 1.150625247821545649e+01
-1.784238748380840178e+00 1.154070863052002949e+01
-1.782680985811860408e+00 1.161693594279650377e+01
-1.781123223242879972e+00 1.162477344849366467e+01
-1.779565460673900201e+00 1.160007256457322455e+01
-1.778007698104921319e+00 1.157051222568194504e+01
-1.776449935535940217e+00 1.142954948672067239e+01
-1.774892172966960668e+00 1.132775035819524945e+01
-1.773334410397981342e+00 1.132811855006829838e+01
-1.771776647829000684e+00 1.133240953365189441e+01
-1.770218885260021136e+00 1.129522959348376254e+01
-1.768661122691041809e+00 1.122381366439737427e+01
-1.767103360122061151e+00 1.113042714409261968e+01
-1.765545597553081603e+00 1.103218040598994243e+01
-1.763987834984100500e+00 1.098573836233193823e+01
-1.762430072415121618e+00 1.100134785962728756e+01
-1.760872309846141848e+00 1.094136409069961857e+01
-1.759314547277161411e+00 1.090768109498616845e+01
-1.757756784708181641e+00 1.087033584629059746e+01
-1.756199022139201871e+00 1.086310258061814160e+01
-1.754641259570221434e+00 1.085559904412263776e+01
-1.753083497001241664e+00 1.080366413472443021e+01
-1.751525734432262782e+00 1.080298931646192884e+01
-1.749967971863281679e+00 1.082992614076724891e+01
-1.748410209294302131e+00 1.076853545736321394e+01
-1.746852446725322805e+00 1.077276153921547674e+01
-1.745294684156342147e+00 1.086299092888778617e+01
-1.743736921587362598e+00 1.090203499317507330e+01
-1.742179159018383272e+00 1.087288008906021375e+01
-1.740621396449402614e+00 1.083957237019313524e+01
-1.739063633880423065e+00 1.085351225657364083e+01
-1.737505871311441963e+00 1.087395830129992902e+01
-1.735948108742463081e+00 1.085338680938714440e+01
-1.734390346173483310e+00 1.083770992956611856e+01
-1.732832583604502874e+00 1.077431204132005682e+01
-1.731274821035523104e+00 1.072249801833813976e+01
-1.729717058466543333e+00 1.068812015250633074e+01
-1.728159295897562897e+00 1.065413941265460629e+01
-1.726601533328583127e+00 1.068997965573103670e+01
-1.725043770759604245e+00 1.070321786015863452e+01
-1.723486008190623142e+00 1.067668117560087815e+01
-1.721928245621643594e+00 1.069928614042527570e+01
-1.720370483052664268e+00 1.073550650628228276e+01
-1.718812720483683609e+00 1.073274061643140698e+01
-1.717254957914704061e+00 1.073908062021657983e+01
-1.715697195345724735e+00 1.078329252101933555e+01
-1.714139432776744076e+00 1.078943785516665699e+01
-1.712581670207764528e+00 1.079763851030919497e+01
-1.711023907638783426e+00 1.081167105713150889e+01
-1.709466145069804544e+00 1.084026396675025694e+01
-1.707908382500824773e+00 1.088282031669204919e+01
-1.706350619931844337e+00 1.084011913340542499e+01
-1.704792857362864567e+00 1.082083479406339244e+01
-1.703235094793884796e+00 1.081247303285207195e+01
-1.701677332224904360e+00 1.080649546412935535e+01
-1.700119569655924590e+00 1.081489667426847134e+01
-1.698561807086945707e+00 1.077574360316152280e+01
-1.697004044517964605e+00 1.075177053429196405e+01
-1.695446281948985057e+00 1.074644454129339977e+01
-1.693888519380005730e+00 1.072438288467869860e+01
-1.692330756811025072e+00 1.068709168056571457e+01
-1.690772994242045524e+00 1.074173529465415022e+01
-1.689215231673066198e+00 1.080406452618272795e+01
-1.687657469104085539e+00 1.082400130406590222e+01
-1.686099706535105991e+00 1.090653703983045375e+01
-1.684541943966124888e+00 1.095887362947227750e+01
-1.682984181397146006e+00 1.100065459634678255e+01
-1.681426418828166236e+00 1.102858633911083608e+01
-1.679868656259185355e+00 1.102735738169407753e+01
-1.678310893690206029e+00 1.105296554791455321e+01
-1.676753131121226703e+00 1.106034856952046042e+01
-1.675195368552245823e+00 1.108860788695776733e+01
-1.673637605983266052e+00 1.109545912406154144e+01
-1.672079843414287170e+00 1.108802869632717858e+01
-1.670522080845306068e+00 1.112575828842903647e+01
-1.668964318276326519e+00 1.117959296632829869e+01
-1.667406555707347637e+00 1.121751778814471834e+01
-1.665848793138366535e+00 1.123987063320421242e+01
-1.664291030569386987e+00 1.123327490643887394e+01
-1.662733268000407660e+00 1.122553558095153114e+01
-1.661175505431427002e+00 1.126268439148215705e+01
-1.659617742862447454e+00 1.132716546687526105e+01
-1.658059980293466351e+00 1.136179351013568528e+01
-1.656502217724487469e+00 1.139318425353539688e+01
-1.654944455155507699e+00 1.140734110950845803e+01
-1.653386692586526818e+00 1.142837228335850064e+01
-1.651828930017547492e+00 1.146937046143601435e+01
-1.650271167448568166e+00 1.150083600400045469e+01
-1.648713404879587285e+00 1.153591981286422907e+01
-1.647155642310607515e+00 1.157919093091307339e+01
-1.645597879741628633e+00 1.162689239877642855e+01
-1.644040117172647530e+00 1.163372967590134621e+01
-1.642482354603667982e+00 1.162270575729352018e+01
-1.640924592034687324e+00 1.162966010940413852e+01
-1.639366829465707998e+00 1.165718366518998828e+01
-1.637809066896728449e+00 1.160758026905889295e+01
-1.636251304327749123e+00 1.160363634428960466e+01
-1.634693541758768465e+00 1.165441700614866072e+01
-1.633135779189788916e+00 1.170215242098919717e+01
-1.631578016620807814e+00 1.174120785132093303e+01
-1.630020254051828932e+00 1.176258029268367622e+01
-1.628462491482849162e+00 1.176953638849820116e+01
-1.626904728913868281e+00 1.174851548170454762e+01
-1.625346966344888955e+00 1.179930148690648828e+01
-1.623789203775909629e+00 1.174229592172088488e+01
-1.622231441206928748e+00 1.167832539825539229e+01
-1.620673678637948978e+00 1.173798487366685173e+01
-1.619115916068970096e+00 1.175605909920500203e+01
-1.617558153499988993e+00 1.169325824032864780e+01
-1.616000390931009445e+00 1.165954358652304634e+01
-1.614442628362028787e+00 1.167460442470717830e+01
-1.612884865793049460e+00 1.167509422339316849e+01
-1.611327103224069912e+00 1.173577160402829556e+01
-1.609769340655088810e+00 1.181875060561661606e+01
-1.608211578086109927e+00 1.180161345893389324e+01
-1.606653815517130379e+00 1.178820632379479250e+01
-1.605096052948149277e+00 1.180841424410132667e+01
-1.603538290379170395e+00 1.183961120288399194e+01
-1.601980527810190624e+00 1.186283896171705088e+01
-1.600422765241209744e+00 1.186988350028344996e+01
-1.598865002672230418e+00 1.187667728458710314e+01
-1.597307240103250869e+00 1.185270289355820239e+01
-1.595749477534270211e+00 1.181947002393587276e+01
-1.594191714965290663e+00 1.182316107878669342e+01
-1.592633952396311336e+00 1.184401353611095686e+01
-1.591076189827330456e+00 1.186321018179227771e+01
-1.589518427258351130e+00 1.189411412771440801e+01
-1.587960664689370249e+00 1.191187191788250921e+01
-1.586402902120390701e+00 1.188686723378051013e+01
-1.584845139551411597e+00 1.188185172681617807e+01
-1.583287376982430494e+00 1.189932939487765573e+01
-1.581729614413451168e+00 1.185150323692608687e+01
-1.580171851844471842e+00 1.178475081215810505e+01
-1.578614089275490961e+00 1.173640544001840347e+01
-1.577056326706511635e+00 1.177704391149544527e+01
-1.575498564137532087e+00 1.178511032700574823e+01
-1.573940801568551429e+00 1.174921415363397514e+01
-1.572383038999571880e+00 1.171816842154266070e+01
-1.570825276430592332e+00 1.167355159688292510e+01
-1.569267513861611674e+00 1.165698052808711083e+01
-1.567709751292632125e+00 1.167874688796830007e+01
-1.566151988723652799e+00 1.166723547031973318e+01
-1.564594226154671919e+00 1.166165911378755915e+01
-1.563036463585692593e+00 1.165278194884923302e+01
-1.561478701016711712e+00 1.164831376497749282e+01
-1.559920938447732164e+00 1.163168559174773797e+01
-1.558363175878753060e+00 1.163160793940879145e+01
-1.556805413309771957e+00 1.166428438055777050e+01
-1.555247650740792631e+00 1.173969484425283127e+01
-1.553689888171813305e+00 1.175419165701686453e+01
-1.552132125602832424e+00 1.175336177289522865e+01
-1.550574363033853098e+00 1.178135046220132409e+01
-1.549016600464873550e+00 1.178776723600854481e+01
-1.547458837895892891e+00 1.176516827141763777e+01
-1.545901075326913343e+00 1.176512930194901685e+01
-1.544343312757933795e+00 1.178097924285387421e+01
-1.542785550188953136e+00 1.182015308745526383e+01
-1.541227787619973588e+00 1.182861441126369328e+01
-1.539670025050994262e+00 1.182012228980849855e+01
-1.538112262482013382e+00 1.184916208615613620e+01
-1.536554499913034055e+00 1.189288421788644712e+01
-1.534996737344053175e+00 1.189109317049948267e+01
-1.533438974775073627e+00 1.186388025813910829e+01
-1.531881212206094522e+00 1.185997335041983014e+01
-1.530323449637113420e+00 1.184926061804308439e+01
-1.528765687068134094e+00 1.189040577830787093e+01
-1.527207924499154768e+00 1.189890507188433588e+01
-1.525650161930173887e+00 1.189182211153241120e+01
-1.524092399361194561e+00 1.190001286510424094e+01
-1.522534636792215013e+00 1.192930063756414327e+01
-1.520976874223234132e+00 1.196804262990235657e+01
-1.519419111654254806e+00 1.198667758264614491e+01
-1.517861349085275258e+00 1.199528296819616280e+01
-1.516303586516294599e+00 1.202706338686066800e+01
-1.514745823947315051e+00 1.205326943576434751e+01
-1.513188061378335725e+00 1.207242652578289821e+01
-1.511630298809354844e+00 1.211412169299916108e+01
-1.510072536240375518e+00 1.212956517583842242e+01
-1.508514773671394638e+00 1.216300799240760533e+01
-1.506957011102415089e+00 1.220707243548562815e+01
-1.505399248533435985e+00 1.220485323804044597e+01
-1.503841485964454883e+00 1.220025151589470269e+01
-1.502283723395475556e+00 1.222154258866316745e+01
-1.500725960826496230e+00 1.223868855035020076e+01
-1.499168198257515350e+00 1.224398995835229975e+01
-1.497610435688536024e+00 1.225271448395910845e+01
-1.496052673119556475e+00 1.225044006327293467e+01
-1.494494910550575595e+00 1.222622484919235930e+01
-1.492937147981596269e+00 1.219187540844239770e+01
-1.491379385412616720e+00 1.216272956908735026e+01
-1.489821622843635840e+00 1.215963662135047407e+01
-1.488263860274656514e+00 1.218036587917597657e+01
-1.486706097705677188e+00 1.222611032250461882e+01
-1.485148335136696307e+00 1.226606325535805020e+01
-1.483590572567716981e+00 1.225153463321759162e+01
-1.482032809998736100e+00 1.234205101848976582e+01
-1.480475047429756552e+00 1.238401359142143932e+01
-1.478917284860777448e+00 1.237079581577171972e+01
-1.477359522291796345e+00 1.234954024107772419e+01
-1.475801759722817019e+00 1.229739988276959117e+01
-1.474243997153837693e+00 1.224691558909930578e+01
-1.472686234584856813e+00 1.222317270154218249e+01
-1.471128472015877486e+00 1.221718341936165331e+01
-1.469570709446897938e+00 1.216463258121050472e+01
-1.468012946877917058e+00 1.220115935384187900e+01
-1.466455184308937731e+00 1.224176290255083188e+01
-1.464897421739958183e+00 1.221210669804966464e+01
-1.463339659170977303e+00 1.216652139158170876e+01
-1.461781896601997977e+00 1.213222242113353566e+01
-1.460224134033018650e+00 1.208874556138721346e+01
-1.458666371464037770e+00 1.204949881655701560e+01
-1.457108608895058444e+00 1.210996478992561975e+01
-1.455550846326077563e+00 1.211096704009271363e+01
-1.453993083757098015e+00 1.205905111177431799e+01
-1.452435321188118911e+00 1.208430465611934146e+01
-1.450877558619137808e+00 1.207943691115314166e+01
-1.449319796050158482e+00 1.205267425086620037e+01
-1.447762033481179156e+00 1.204451924624833303e+01
-1.446204270912198275e+00 1.206032972617775911e+01
-1.444646508343218949e+00 1.206789253956823593e+01
-1.443088745774239179e+00 1.206508438491850121e+01
-1.441530983205258742e+00 1.212195994383560738e+01
-1.439973220636279194e+00 1.216343596264428761e+01
-1.438415458067299646e+00 1.219413064419699744e+01
-1.436857695498318765e+00 1.220518296446711304e+01
-1.435299932929339439e+00 1.220879129689343046e+01
-1.433742170360360113e+00 1.221862466085006282e+01
-1.432184407791379011e+00 1.217331413556975761e+01
-1.430626645222399906e+00 1.211182360589325135e+01
-1.429068882653419026e+00 1.209416068883963113e+01
-1.427511120084439478e+00 1.207147061738279170e+01
-1.425953357515460374e+00 1.207149389555777930e+01
-1.424395594946479271e+00 1.209265774878386956e+01
-1.422837832377499945e+00 1.209915956321488473e+01
-1.421280069808520619e+00 1.207577625500241858e+01
-1.419722307239539738e+00 1.206086664322584845e+01
-1.418164544670560412e+00 1.205035750450593923e+01
-1.416606782101580642e+00 1.205448606643544984e+01
-1.415049019532600205e+00 1.206898263148268668e+01
-1.413491256963620657e+00 1.207029273597253116e+01
-1.411933494394641109e+00 1.205233808321873923e+01
-1.410375731825660228e+00 1.208315341035391022e+01
-1.408817969256680902e+00 1.211282390966900380e+01
-1.407260206687701576e+00 1.213066291223806914e+01
-1.405702444118720473e+00 1.213243323920544015e+01
-1.404144681549741369e+00 1.211123867508645091e+01
-1.402586918980760489e+00 1.207932117764682900e+01
-1.401029156411780940e+00 1.202169702828196307e+01
-1.399471393842801836e+00 1.195105793336612443e+01
-1.397913631273820734e+00 1.194135680443310754e+01
-1.396355868704841408e+00 1.192993505425673817e+01
-1.394798106135862081e+00 1.190610014915363557e+01
-1.393240343566881201e+00 1.185546703712648764e+01
-1.391682580997901875e+00 1.188105986024790894e+01
-1.390124818428922104e+00 1.193177312030935155e+01
-1.388567055859941668e+00 1.192000689698826932e+01
-1.387009293290962120e+00 1.186625169114569545e+01
-1.385451530721982571e+00 1.184906548873341059e+01
-1.383893768153001691e+00 1.184323066699744764e+01
-1.382336005584022365e+00 1.187659695606748578e+01
-1.380778243015043039e+00 1.191845042630911422e+01
-1.379220480446061936e+00 1.193473580816119117e+01
-1.377662717877082832e+00 1.192330343199396658e+01
-1.376104955308101951e+00 1.193096205661591114e+01
-1.374547192739122403e+00 1.189958752278948850e+01
-1.372989430170143299e+00 1.183966894505412704e+01
-1.371431667601162196e+00 1.183734632182292934e+01
-1.369873905032182870e+00 1.184644712854384707e+01
-1.368316142463203544e+00 1.187007552418669398e+01
-1.366758379894222664e+00 1.186940490143898685e+01
-1.365200617325243337e+00 1.187440052977681759e+01
-1.363642854756263567e+00 1.189669984158691207e+01
-1.362085092187283131e+00 1.190579836849254214e+01
-1.360527329618303582e+00 1.191778042264017223e+01
-1.358969567049324034e+00 1.192265144978515323e+01
-1.357411804480343154e+00 1.192339771171357299e+01
-1.355854041911363828e+00 1.190617808124006771e+01
-1.354296279342384501e+00 1.190059487406660566e+01
-1.352738516773403399e+00 1.188044447719062191e+01
-1.351180754204424295e+00 1.185902319024017970e+01
-1.349622991635443414e+00 1.187125318751070679e+01
-1.348065229066463866e+00 1.190258704206336482e+01
-1.346507466497484762e+00 1.190713305537989086e+01
-1.344949703928503659e+00 1.186446574798023335e+01
-1.343391941359524333e+00 1.183422097494222314e+01
-1.341834178790545007e+00 1.181353489075134000e+01
-1.340276416221564126e+00 1.179681543323513182e+01
-1.338718653652584578e+00 1.179777490408170948e+01
-1.337160891083605030e+00 1.180153881817841111e+01
-1.335603128514624593e+00 1.179279453281161771e+01
-1.334045365945645045e+00 1.179275352510242847e+01
-1.332487603376665275e+00 1.176109610928969929e+01
-1.330929840807684617e+00 1.168942482535834593e+01
-1.329372078238705290e+00 1.164015270764936716e+01
-1.327814315669725742e+00 1.159300897273134012e+01
-1.326256553100745084e+00 1.153862365372634713e+01
-1.324698790531765757e+00 1.149512152204699333e+01
-1.323141027962784877e+00 1.146349880742788940e+01
-1.321583265393805329e+00 1.150542663448488589e+01
-1.320025502824826003e+00 1.155250914538123830e+01
-1.318467740255845344e+00 1.156312881944471016e+01
-1.316909977686865796e+00 1.155249326133097476e+01
-1.315352215117886470e+00 1.153111639176572822e+01
-1.313794452548905811e+00 1.153631819445069517e+01
-1.312236689979926041e+00 1.154974273592427991e+01
-1.310678927410946493e+00 1.153527655010335806e+01
-1.309121164841966056e+00 1.153831360852723087e+01
-1.307563402272986508e+00 1.156981793143176596e+01
-1.306005639704006738e+00 1.161859997556044455e+01
-1.304447877135026079e+00 1.169090130835200370e+01
-1.302890114566046753e+00 1.170413194707172622e+01
-1.301332351997067205e+00 1.163882052076243134e+01
-1.299774589428086546e+00 1.167627628218984626e+01
-1.298216826859107220e+00 1.177805973591353705e+01
-1.296659064290126340e+00 1.183610576476594467e+01
-1.295101301721146791e+00 1.186546111540254067e+01
-1.293543539152167465e+00 1.191625708143467222e+01
-1.291985776583186807e+00 1.193273181160559737e+01
-1.290428014014207259e+00 1.195097787617207175e+01
-1.288870251445227932e+00 1.195818812771323003e+01
-1.287312488876247274e+00 1.198234414749702026e+01
-1.285754726307267504e+00 1.200025692089973006e+01
-1.284196963738287955e+00 1.197446214452767244e+01
-1.282639201169307519e+00 1.190001061858960796e+01
-1.281081438600327749e+00 1.187334659460446673e+01
-1.279523676031348201e+00 1.186497693523060448e+01
-1.277965913462367542e+00 1.183421910168783242e+01
-1.276408150893388216e+00 1.184091237825073684e+01
-1.274850388324408668e+00 1.184732107428546222e+01
-1.273292625755428009e+00 1.185398481145563032e+01
-1.271734863186448683e+00 1.185755972731867480e+01
-1.270177100617467802e+00 1.187523717479623819e+01
-1.268619338048488254e+00 1.186302445782301973e+01
-1.267061575479508928e+00 1.182569273310220126e+01
-1.265503812910528270e+00 1.178994961723471491e+01
-1.263946050341548721e+00 1.179182305118676766e+01
-1.262388287772569395e+00 1.185940441161966596e+01
-1.260830525203588737e+00 1.191101061937833983e+01
-1.259272762634608966e+00 1.190657643731704418e+01
-1.257715000065629418e+00 1.191395061816235490e+01
-1.256157237496648982e+00 1.197977258756540841e+01
-1.254599474927669212e+00 1.203652915201358198e+01
-1.253041712358689663e+00 1.203194895986593238e+01
-1.251483949789709005e+00 1.198701002256494164e+01
-1.249926187220729679e+00 1.195908681227804138e+01
-1.248368424651750130e+00 1.197801950120110703e+01
-1.246810662082769472e+00 1.201858664810605504e+01
-1.245252899513790146e+00 1.206341485935980806e+01
-1.243695136944809265e+00 1.207859621397896355e+01
-1.242137374375829717e+00 1.206860905835612030e+01
-1.240579611806850391e+00 1.207171891247070405e+01
-1.239021849237869732e+00 1.206328632667833745e+01
-1.237464086668890184e+00 1.210542758554397302e+01
-1.235906324099910858e+00 1.207074627828489355e+01
-1.234348561530930199e+00 1.205062273419104635e+01
-1.232790798961950429e+00 1.208627261506036632e+01
-1.231233036392970881e+00 1.212354270107022636e+01
-1.229675273823990445e+00 1.214931421850874571e+01
-1.228117511255010674e+00 1.214539378910653156e+01
-1.226559748686031126e+00 1.213175321292847109e+01
-1.225001986117050468e+00 1.212106617667935815e+01
-1.223444223548071141e+00 1.213346280866352522e+01
-1.221886460979091593e+00 1.219169466235446464e+01
-1.220328698410110935e+00 1.221539886994095880e+01
-1.218770935841131386e+00 1.223679664519893606e+01
-1.217213173272150950e+00 1.228409774337700178e+01
-1.215655410703171180e+00 1.226354127822121143e+01
-1.214097648134191854e+00 1.225814487471777170e+01
-1.212539885565211195e+00 1.226818782286615850e+01
-1.210982122996231647e+00 1.229891615891909495e+01
-1.209424360427252321e+00 1.230649910533893454e+01
-1.207866597858271662e+00 1.232194812831857966e+01
-1.206308835289291892e+00 1.237829086074346208e+01
-1.204751072720312344e+00 1.242479385264402758e+01
-1.203193310151331907e+00 1.245842528914247183e+01
-1.201635547582352137e+00 1.246608583815590521e+01
-1.200077785013372589e+00 1.243911154598733049e+01
-1.198520022444391930e+00 1.241358144530569518e+01
-1.196962259875412604e+00 1.241396260989611022e+01
-1.195404497306433056e+00 1.243494651655263539e+01
-1.193846734737452397e+00 1.242365793539316421e+01
-1.192288972168472849e+00 1.240445874741855725e+01
-1.190731209599492413e+00 1.237099264274290533e+01
-1.189173447030512643e+00 1.236610032496504985e+01
-1.187615684461533316e+00 1.239093546507582566e+01
-1.186057921892552658e+00 1.239863853056385601e+01
-1.184500159323573110e+00 1.239021928664171490e+01
-1.182942396754593783e+00 1.241052522966908001e+01
-1.181384634185613125e+00 1.243219487975417259e+01
-1.179826871616633355e+00 1.245883171947004264e+01
-1.178269109047653584e+00 1.248600124828760372e+01
-1.176711346478672926e+00 1.252184676617052261e+01
-1.175153583909693822e+00 1.254683915563598617e+01
-1.173595821340714052e+00 1.250965687042821628e+01
-1.172038058771733393e+00 1.253300872209667638e+01
-1.170480296202754067e+00 1.256637646167193978e+01
-1.168922533633774297e+00 1.260082276085832831e+01
-1.167364771064793860e+00 1.266003877954003443e+01
-1.165807008495814534e+00 1.266348524676622489e+01
-1.164249245926833876e+00 1.266700498832508259e+01
-1.162691483357854105e+00 1.270173118684364688e+01
-1.161133720788874779e+00 1.275017211900639502e+01
-1.159575958219894121e+00 1.280638874463482324e+01
-1.158018195650914572e+00 1.283039573087614649e+01
-1.156460433081935246e+00 1.279139619963790864e+01
-1.154902670512954588e+00 1.281159287938018920e+01
-1.153344907943974817e+00 1.282015555256968931e+01
-1.151787145374995047e+00 1.282875150654760610e+01
-1.150229382806014389e+00 1.277955130677591633e+01
-1.148671620237035285e+00 1.272892673099354077e+01
-1.147113857668055514e+00 1.277171534742742942e+01
-1.145556095099074856e+00 1.283593615615427375e+01
-1.143998332530095530e+00 1.283403469784330753e+01
-1.142440569961115759e+00 1.279444820406324368e+01
-1.140882807392135323e+00 1.274346759321905331e+01
-1.139325044823155997e+00 1.271769717695900859e+01
-1.137767282254175338e+00 1.270043874337520329e+01
-1.136209519685195568e+00 1.270786396085970082e+01
-1.134651757116216242e+00 1.271319888694208800e+01
-1.133093994547235805e+00 1.273811987951352087e+01
-1.131536231978256035e+00 1.272759121069600319e+01
-1.129978469409276709e+00 1.267274245316528081e+01
-1.128420706840296273e+00 1.270406326988075918e+01
-1.126862944271316280e+00 1.278796047550346415e+01
-1.125305181702336288e+00 1.284737407636367479e+01
-1.123747419133355852e+00 1.288061721745773625e+01
-1.122189656564376747e+00 1.289767281575628743e+01
-1.120631893995396755e+00 1.292710704351628337e+01
-1.119074131426416319e+00 1.296316789217931564e+01
-1.117516368857436992e+00 1.294401704338816828e+01
-1.115958606288457222e+00 1.288283241673441104e+01
-1.114400843719476564e+00 1.280698263696867301e+01
-1.112843081150497460e+00 1.276593261690242898e+01
-1.111285318581516801e+00 1.276833204036128500e+01
-1.109727556012537031e+00 1.280279792742094003e+01
-1.108169793443557705e+00 1.282271498217024863e+01
-1.106612030874577268e+00 1.281656854581948046e+01
-1.105054268305597498e+00 1.281156847150426437e+01
-1.103496505736618172e+00 1.281106958674421037e+01
-1.101938743167637735e+00 1.281257147403100838e+01
-1.100380980598657743e+00 1.280643200649172719e+01
-1.098823218029677751e+00 1.276910709418628365e+01
-1.097265455460697314e+00 1.273266511600397521e+01
-1.095707692891718210e+00 1.275013864950665798e+01
-1.094149930322738218e+00 1.277389966929595388e+01
-1.092592167753757781e+00 1.276528865980384353e+01
-1.091034405184778455e+00 1.268761165680508185e+01
-1.089476642615798685e+00 1.266150073955172850e+01
-1.087918880046818026e+00 1.264197078887633019e+01
-1.086361117477838922e+00 1.262182674412014549e+01
-1.084803354908858264e+00 1.262312288520036141e+01
-1.083245592339878494e+00 1.261256709697539868e+01
-1.081687829770899167e+00 1.262407008218552740e+01
-1.080130067201918731e+00 1.266891797309566314e+01
-1.078572304632938961e+00 1.265564883432279331e+01
-1.077014542063959635e+00 1.262573657652992587e+01
-1.075456779494979198e+00 1.263261520697550111e+01
-1.073899016925999206e+00 1.260374149684776057e+01
-1.072341254357019213e+00 1.258099027819698179e+01
-1.070783491788038777e+00 1.258141330946788372e+01
-1.069225729219059673e+00 1.251718744670500527e+01
-1.067667966650079681e+00 1.247316049877550626e+01
-1.066110204081099244e+00 1.245403819351818342e+01
-1.064552441512119918e+00 1.245265513088088660e+01
-1.062994678943140148e+00 1.247594167594031589e+01
-1.061436916374159489e+00 1.248120210413704889e+01
-1.059879153805180385e+00 1.250306221573653787e+01
-1.058321391236199727e+00 1.250968483532459530e+01
-1.056763628667219956e+00 1.253625257557506956e+01
-1.055205866098240630e+00 1.253336774281059185e+01
-1.053648103529260194e+00 1.252721229098409239e+01
-1.052090340960280423e+00 1.249526270371760539e+01
-1.050532578391301097e+00 1.240281110144490739e+01
-1.048974815822320661e+00 1.238202647966630288e+01
-1.047417053253340669e+00 1.238646488621079023e+01
-1.045859290684360676e+00 1.236909738056398211e+01
-1.044301528115380240e+00 1.239449876670817652e+01
-1.042743765546401136e+00 1.243769009920597490e+01
-1.041186002977421143e+00 1.244275735185735421e+01
-1.039628240408440707e+00 1.242897282635925649e+01
-1.038070477839461381e+00 1.245880583562404809e+01
-1.036512715270481610e+00 1.246170372017959949e+01
-1.034954952701500952e+00 1.245936264302853047e+01
-1.033397190132521848e+00 1.247921519546028968e+01
-1.031839427563541189e+00 1.249888568844976255e+01
-1.030281664994561419e+00 1.253373462545016714e+01
-1.028723902425582093e+00 1.259145072697296719e+01
-1.027166139856601657e+00 1.261270827000639727e+01
-1.025608377287621664e+00 1.258596142605642321e+01
-1.024050614718642560e+00 1.254317682120722566e+01
-1.022492852149662124e+00 1.249563261589240781e+01
-1.020935089580682131e+00 1.247858847532682525e+01
-1.019377327011702139e+00 1.248778295673599636e+01
-1.017819564442721703e+00 1.253445035415872688e+01
-1.016261801873742598e+00 1.253636939206678846e+01
-1.014704039304762606e+00 1.251689081303141293e+01
-1.013146276735782170e+00 1.251182645057796528e+01
-1.011588514166802844e+00 1.248448536677186205e+01
-1.010030751597823073e+00 1.246247602457618520e+01
-1.008472989028842415e+00 1.244609541025677935e+01
-1.006915226459863311e+00 1.245073066077734580e+01
-1.005357463890882652e+00 1.241475045851644587e+01
-1.003799701321902882e+00 1.237618111977590019e+01
-1.002241938752923556e+00 1.235727252348523919e+01
-1.000684176183943119e+00 1.236475739672061103e+01
-9.991264136149631270e-01 1.232421794062581277e+01
-9.975686510459841339e-01 1.228486532965193057e+01
-9.960108884770036974e-01 1.226687504917785354e+01
-9.944531259080235941e-01 1.234079126793733749e+01
-9.928953633390434907e-01 1.237910937522050148e+01
-9.913376007700630543e-01 1.235497739857567545e+01
-9.897798382010840612e-01 1.235490217210678843e+01
-9.882220756321039579e-01 1.238212337882154657e+01
-9.866643130631235215e-01 1.240894302979110364e+01
-9.851065504941443063e-01 1.245294558069707591e+01
-9.835487879251644250e-01 1.246821179957393433e+01
-9.819910253561838775e-01 1.247881815801494554e+01
-9.804332627872047734e-01 1.250143660629837328e+01
-9.788755002182242260e-01 1.245760162643044389e+01
-9.773177376492443447e-01 1.243168213460324978e+01
-9.757599750802651295e-01 1.243370083893371536e+01
-9.742022125112846931e-01 1.243029858187788861e+01
-9.726444499423045897e-01 1.240176127921306737e+01
-9.710866873733255966e-01 1.236524210645150390e+01
-9.695289248043451602e-01 1.234995067734356766e+01
-9.679711622353650569e-01 1.232217323281166088e+01
-9.664133996663849535e-01 1.224863258896630747e+01
-9.648556370974045171e-01 1.216931407393821729e+01
-9.632978745284253019e-01 1.214169889696464999e+01
-9.617401119594454206e-01 1.213032825903446721e+01
-9.601823493904649842e-01 1.216564799087836590e+01
-9.586245868214857691e-01 1.222189676109520917e+01
-9.570668242525058877e-01 1.224476588716109049e+01
-9.555090616835253403e-01 1.228416400330936220e+01
-9.539512991145462362e-01 1.227775289753138566e+01
-9.523935365455656887e-01 1.225012648053953868e+01
-9.508357739765858074e-01 1.221748090289195154e+01
-9.492780114076065923e-01 1.217927874480845141e+01
-9.477202488386261559e-01 1.217488334103505743e+01
-9.461624862696460525e-01 1.216921965059259669e+01
-9.446047237006670594e-01 1.214322684690358045e+01
-9.430469611316866230e-01 1.212151697708490161e+01
-9.414891985627065196e-01 1.211697333365770213e+01
-9.399314359937264163e-01 1.213431710450398704e+01
-9.383736734247459799e-01 1.213167440668624053e+01
-9.368159108557667647e-01 1.208501055802721247e+01
-9.352581482867868834e-01 1.213116254944287498e+01
-9.337003857178064470e-01 1.214653519141858062e+01
-9.321426231488272318e-01 1.213339366380676942e+01
-9.305848605798470174e-01 1.213952707443485757e+01
-9.290270980108668031e-01 1.212153144498395108e+01
-9.274693354418876989e-01 1.212586685200210468e+01
-9.259115728729074846e-01 1.211531453659628887e+01
-9.243538103039272702e-01 1.208728085838843036e+01
-9.227960477349480550e-01 1.207393312275599939e+01
-9.212382851659676186e-01 1.208719312299976067e+01
-9.196805225969875153e-01 1.210175376587102924e+01
-9.181227600280085221e-01 1.212748709452306706e+01
-9.165649974590280857e-01 1.215458351128211234e+01
-9.150072348900479824e-01 1.218221700706317812e+01
-9.134494723210678790e-01 1.220423019240351969e+01
-9.118917097520874426e-01 1.227781415833629275e+01
-9.103339471831082275e-01 1.235315001224313392e+01
-9.087761846141283462e-01 1.235524185594444013e+01
-9.072184220451479097e-01 1.235436733694504063e+01
-9.056606594761686946e-01 1.236525910027247299e+01
-9.041028969071884802e-01 1.237662191039651916e+01
-9.025451343382082658e-01 1.236304796459448774e+01
-9.009873717692291617e-01 1.232927947583120343e+01
-8.994296092002489473e-01 1.231954911510355721e+01
-8.978718466312687330e-01 1.233538149288707508e+01
-8.963140840622895178e-01 1.237791041947894577e+01
-8.947563214933090814e-01 1.243730758332599073e+01
-8.931985589243289780e-01 1.242720473435275785e+01
-8.916407963553499849e-01 1.242518441422529740e+01
-8.900830337863695485e-01 1.243793139528619918e+01
-8.885252712173894452e-01 1.241857556926126627e+01
-8.869675086484092308e-01 1.242235578415896136e+01
-8.854097460794291274e-01 1.243838317633533208e+01
-8.838519835104496902e-01 1.243448964515143551e+01
-8.822942209414696979e-01 1.241730111372252310e+01
-8.807364583724895946e-01 1.240126695911862953e+01
-8.791786958035101573e-01 1.240746149590733971e+01
-8.776209332345299430e-01 1.241214400408637886e+01
-8.760631706655497286e-01 1.238315479792139584e+01
-8.745054080965702914e-01 1.232427452536365919e+01
-8.729476455275904101e-01 1.226435870543062912e+01
-8.713898829586101957e-01 1.221512339634286803e+01
-8.698321203896307585e-01 1.218502592164598575e+01
-8.682743578206506552e-01 1.221670955082912968e+01
-8.667165952516704408e-01 1.222073274199861537e+01
-8.651588326826912256e-01 1.220207522989255544e+01
-8.636010701137111223e-01 1.218847649217246421e+01
-8.620433075447309079e-01 1.214727705980933692e+01
-8.604855449757506936e-01 1.218395316306406606e+01
-8.589277824067705902e-01 1.219359584712442590e+01
-8.573700198377911530e-01 1.216461778509116520e+01
-8.558122572688111607e-01 1.216973251037630277e+01
-8.542544946998310573e-01 1.216963770888174778e+01
-8.526967321308516201e-01 1.216211977121199794e+01
-8.511389695618714057e-01 1.212911170272467132e+01
-8.495812069928911914e-01 1.213100342908564677e+01
-8.480234444239117542e-01 1.211669414927289878e+01
-8.464656818549318729e-01 1.212200298365024942e+01
-8.449079192859516585e-01 1.212492764055493844e+01
-8.433501567169722213e-01 1.213775439139572931e+01
-8.417923941479921179e-01 1.218827122785493522e+01
-8.402346315790119036e-01 1.219293375025016779e+01
-8.386768690100326884e-01 1.215047751899382966e+01
-8.371191064410525851e-01 1.212120243619349758e+01
-8.355613438720723707e-01 1.212193861438006692e+01
-8.340035813030921563e-01 1.211434363847565798e+01
-8.324458187341120530e-01 1.209733556808459376e+01
-8.308880561651326158e-01 1.209173206316783755e+01
-8.293302935961526234e-01 1.206292485774916479e+01
-8.277725310271725201e-01 1.205460415169002886e+01
-8.262147684581930829e-01 1.203414747866055201e+01
-8.246570058892128685e-01 1.197424451648396015e+01
-8.230992433202326541e-01 1.200531545183517146e+01
-8.215414807512532169e-01 1.202714615154208744e+01
-8.199837181822733356e-01 1.200654560137142113e+01
-8.184259556132931213e-01 1.198772849668146456e+01
-8.168681930443136840e-01 1.202712219872270083e+01
-8.153104304753335807e-01 1.207794640692587329e+01
-8.137526679063533663e-01 1.210227866459672263e+01
-8.121949053373731520e-01 1.213279410831886374e+01
-8.106371427683940478e-01 1.216804749577260658e+01
-8.090793801994138335e-01 1.221065148414116663e+01
-8.075216176304336191e-01 1.225086273054746222e+01
-8.059638550614535157e-01 1.226928762486298474e+01
-8.044060924924740785e-01 1.229159912833346802e+01
-8.028483299234940862e-01 1.232166303977040478e+01
-8.012905673545139829e-01 1.234610842259843722e+01
-7.997328047855345456e-01 1.231093940682455568e+01
-7.981750422165543313e-01 1.234522339588314388e+01
-7.966172796475741169e-01 1.237282245799434754e+01
-7.950595170785946797e-01 1.240825664546774476e+01
-7.935017545096147984e-01 1.246225290495458360e+01
-7.919439919406345840e-01 1.251087688162648881e+01
-7.903862293716551468e-01 1.257418203866555650e+01
-7.888284668026750435e-01 1.261600511779823819e+01
-7.872707042336948291e-01 1.263241062598459941e+01
-7.857129416647146147e-01 1.264317512105831121e+01
-7.841551790957355106e-01 1.261863574296889290e+01
-7.825974165267552962e-01 1.259881742278880168e+01
-7.810396539577750818e-01 1.263327074692689678e+01
-7.794818913887949785e-01 1.268102980037255989e+01
-7.779241288198155413e-01 1.267048635879370622e+01
-7.763663662508355490e-01 1.273161254022648414e+01
-7.748086036818554456e-01 1.277840464237597828e+01
-7.732508411128760084e-01 1.281030435138809587e+01
-7.716930785438957940e-01 1.286013089580774782e+01
-7.701353159749155797e-01 1.286877247651116640e+01
-7.685775534059361425e-01 1.286981116559892868e+01
-7.670197908369562612e-01 1.289840894618034284e+01
-7.654620282679760468e-01 1.291169205124906405e+01
-7.639042656989966096e-01 1.291283962669963969e+01
-7.623465031300165062e-01 1.294219468822789665e+01
-7.607887405610362919e-01 1.298594119683353298e+01
-7.592309779920560775e-01 1.299295484540023615e+01
-7.576732154230769734e-01 1.304763325252231354e+01
-7.561154528540967590e-01 1.305447554518216258e+01
-7.545576902851165446e-01 1.303103013944432043e+01
-7.529999277161364413e-01 1.302903202897137724e+01
-7.514421651471570041e-01 1.301522886996249717e+01
-7.498844025781770117e-01 1.299790195926074432e+01
-7.483266400091969084e-01 1.298740959568260322e+01
-7.467688774402174712e-01 1.300291927417567628e+01
-7.452111148712372568e-01 1.305108016039457475e+01
-7.436533523022570424e-01 1.309050585626491525e+01
-7.420955897332776052e-01 1.310331603367005471e+01
-7.405378271642977239e-01 1.310171003650029675e+01
-7.389800645953175096e-01 1.310248628901985235e+01
-7.374223020263380723e-01 1.309601373143066283e+01
-7.358645394573579690e-01 1.307747711216049424e+01
-7.343067768883777546e-01 1.308701117167858996e+01
-7.327490143193975403e-01 1.308571496744749041e+01
-7.311912517504184361e-01 1.301139681005894566e+01
-7.296334891814382217e-01 1.294285766804666693e+01
-7.280757266124580074e-01 1.291355329469738145e+01
-7.265179640434779040e-01 1.291508911411474969e+01
-7.249602014744984668e-01 1.288351473618137710e+01
-7.234024389055182525e-01 1.279131225707635089e+01
-7.218446763365383712e-01 1.271430048588786477e+01
-7.202869137675589339e-01 1.269098961845305418e+01
-7.187291511985787196e-01 1.267776074906238648e+01
-7.171713886295985052e-01 1.263095687594229588e+01
-7.156136260606190680e-01 1.261581528325887902e+01
-7.140558634916391867e-01 1.262515931801361191e+01
-7.124981009226589723e-01 1.260259729337834855e+01
-7.109403383536795351e-01 1.261680147842852406e+01
-7.093825757846994318e-01 1.255980877608026880e+01
-7.078248132157192174e-01 1.250568478960691010e+01
-7.062670506467390030e-01 1.254850919919379315e+01
-7.047092880777598989e-01 1.250753799783733733e+01
-7.031515255087796845e-01 1.243719711150938068e+01
-7.015937629397994701e-01 1.241633379743177734e+01
-7.000360003708193668e-01 1.242825276678880719e+01
-6.984782378018399296e-01 1.246835112107954657e+01
-6.969204752328597152e-01 1.251085148875563391e+01
-6.953627126638798339e-01 1.253506322766721226e+01
-6.938049500949003967e-01 1.251069917253188635e+01
-6.922471875259201823e-01 1.249021182625540760e+01
-6.906894249569399680e-01 1.248094701719526967e+01
-6.891316623879605308e-01 1.251900128932889622e+01
-6.875738998189806495e-01 1.254022159950426918e+01
-6.860161372500004351e-01 1.254604927678073345e+01
-6.844583746810209979e-01 1.255813557721706886e+01
-6.829006121120408945e-01 1.259136066807895737e+01
-6.813428495430606802e-01 1.264317026751498396e+01
-6.797850869740804658e-01 1.267634313877991659e+01
-6.782273244051013616e-01 1.271655254760015019e+01
-6.766695618361211473e-01 1.274399066168971828e+01
-6.751117992671409329e-01 1.274581555817368717e+01
-6.735540366981608296e-01 1.275306785816247590e+01
-6.719962741291813924e-01 1.276341800271463534e+01
-6.704385115602011780e-01 1.278376417262965603e+01
-6.688807489912212967e-01 1.283526750575283160e+01
-6.673229864222418595e-01 1.282562141433110625e+01
-6.657652238532616451e-01 1.281624242798353563e+01
-6.642074612842814307e-01 1.284268901561929610e+01
-6.626496987153019935e-01 1.289172055710168685e+01
-6.610919361463221122e-01 1.289395757375976004e+01
-6.595341735773418979e-01 1.288325601487088967e+01
-6.579764110083624606e-01 1.289358788133032441e+01
-6.564186484393823573e-01 1.287992380258056357e+01
-6.548608858704021429e-01 1.287640149921519850e+01
-6.533031233014219286e-01 1.290611074396299784e+01
-6.517453607324428244e-01 1.294516301813116499e+01
-6.501875981634626100e-01 1.300870988350964375e+01
-6.486298355944823957e-01 1.301956344267207655e+01
-6.470720730255022923e-01 1.292946901489396083e+01
-6.455143104565228551e-01 1.292452289458203829e+01
-6.439565478875426408e-01 1.295539186699180512e+01
-6.423987853185627594e-01 1.295776644979590309e+01
-6.408410227495833222e-01 1.301345868080884749e+01
-6.392832601806031079e-01 1.305032788737349847e+01
-6.377254976116228935e-01 1.303609233328692341e+01
-6.361677350426434563e-01 1.299521635965633415e+01
-6.346099724736633529e-01 1.298810986004569124e+01
-6.330522099046833606e-01 1.303654413647561761e+01
-6.314944473357039234e-01 1.310167175598604850e+01
-6.299366847667238201e-01 1.312971189488552071e+01
-6.283789221977436057e-01 1.316313523018087750e+01
-6.268211596287633913e-01 1.324317056932613568e+01
-6.252633970597842872e-01 1.327661401152585796e+01
-6.237056344908040728e-01 1.324559483804847027e+01
-6.221478719218238584e-01 1.326297561407640124e+01
-6.205901093528437551e-01 1.323259622898264887e+01
-6.190323467838643179e-01 1.323494523300276526e+01
-6.174745842148841035e-01 1.330524735447514395e+01
-6.159168216459042222e-01 1.336896220766339738e+01
-6.143590590769247850e-01 1.341355043915074496e+01
-6.128012965079445706e-01 1.345030737679234889e+01
-6.112435339389643563e-01 1.346076367050598144e+01
-6.096857713699848080e-01 1.344835938171736522e+01
-6.081280088010048157e-01 1.345055416511458013e+01
-6.065702462320248234e-01 1.345529882986344994e+01
-6.050124836630452752e-01 1.340875684169995097e+01
-6.034547210940652828e-01 1.335896330662797027e+01
-6.018969585250850685e-01 1.336360520773612670e+01
-6.003391959561048541e-01 1.331298976821777735e+01
-5.987814333871257499e-01 1.327618242230604473e+01
-5.972236708181455356e-01 1.329204661341716154e+01
-5.956659082491653212e-01 1.327955369243301753e+01
-5.941081456801853289e-01 1.326035228565450019e+01
-5.925503831112057807e-01 1.324053423583093902e+01
-5.909926205422255663e-01 1.323008795338523846e+01
-5.894348579732457960e-01 1.318707442904184823e+01
-5.878770954042662478e-01 1.311975889009417351e+01
-5.863193328352860334e-01 1.305549124243124837e+01
-5.847615702663058190e-01 1.304412671962063719e+01
-5.832038076973262708e-01 1.299172180869096316e+01
-5.816460451283462785e-01 1.297594075241863365e+01
-5.800882825593662862e-01 1.297839838950205937e+01
-5.785305199903867379e-01 1.295348308538996740e+01
-5.769727574214067456e-01 1.296164522971268163e+01
-5.754149948524265312e-01 1.300020554956683938e+01
-5.738572322834463169e-01 1.302951834999202951e+01
-5.722994697144663245e-01 1.302075437919680034e+01
-5.707417071454869983e-01 1.298116186216347856e+01
-5.691839445765067840e-01 1.299784223032247787e+01
-5.676261820075267917e-01 1.307694063043621568e+01
-5.660684194385472434e-01 1.312738616486173626e+01
-5.645106568695670290e-01 1.312453327515859947e+01
-5.629528943005872588e-01 1.316093539630733744e+01
-5.613951317316077105e-01 1.321081175747360703e+01
-5.598373691626274962e-01 1.322705385171919268e+01
-5.582796065936472818e-01 1.322933772604402414e+01
-5.567218440246677336e-01 1.322682818083152867e+01
-5.551640814556877412e-01 1.323072650402593453e+01
-5.536063188867077489e-01 1.330871781837486623e+01
-5.520485563177282007e-01 1.339011136375882138e+01
-5.504907937487482084e-01 1.343422075300981255e+01
-5.489330311797679940e-01 1.350933353983833562e+01
-5.473752686107877796e-01 1.360162776310448329e+01
-5.458175060418077873e-01 1.367260008932905002e+01
-5.442597434728284611e-01 1.373358822543337965e+01
-5.427019809038482467e-01 1.372568577586518757e+01
-5.411442183348682544e-01 1.365044845335166634e+01
-5.395864557658887062e-01 1.362607791401592472e+01
-5.380286931969084918e-01 1.359477746906846640e+01
-5.364709306279287215e-01 1.358872376375834889e+01
-5.349131680589491733e-01 1.363126801641826624e+01
-5.333554054899689589e-01 1.365481571757482548e+01
-5.317976429209887446e-01 1.367004694770149520e+01
-5.302398803520091963e-01 1.367084261681299573e+01
-5.286821177830292040e-01 1.364101504231271988e+01
-5.271243552140492117e-01 1.357393588287207464e+01
-5.255665926450696634e-01 1.353660301595851578e+01
-5.240088300760896711e-01 1.351363428596131300e+01
-5.224510675071094568e-01 1.349182840108487191e+01
-5.208933049381292424e-01 1.347271477292825637e+01
-5.193355423691492501e-01 1.343636942027077374e+01
-5.177777798001699239e-01 1.342296865564699360e+01
-5.162200172311897095e-01 1.341405802576775841e+01
-5.146622546622097172e-01 1.340225640131609985e+01
-5.131044920932301689e-01 1.340549077516091359e+01
-5.115467295242499546e-01 1.345348171555396810e+01
-5.099889669552701843e-01 1.348560947734682713e+01
-5.084312043862906361e-01 1.350197051635148426e+01
-5.068734418173104217e-01 1.352004520430296353e+01
-5.053156792483302073e-01 1.352114546450583177e+01
-5.037579166793506591e-01 1.356621445499117229e+01
-5.022001541103706668e-01 1.360867371356497735e+01
-5.006423915413906744e-01 1.359524956448135491e+01
-4.990846289724110707e-01 1.358996074559167333e+01
-4.975268664034311894e-01 1.362923448894580680e+01
-4.959691038344509195e-01 1.361341868820190903e+01
-4.944113412654706496e-01 1.356155827297806837e+01
-4.928535786964907683e-01 1.356395783785442433e+01
-4.912958161275113866e-01 1.364372460925291719e+01
-4.897380535585311168e-01 1.366045778554206258e+01
-4.881802909895512355e-01 1.367198120418498064e+01
-4.866225284205716872e-01 1.368536544957891365e+01
-4.850647658515914173e-01 1.367171610984919461e+01
-4.835070032826111475e-01 1.369578020684375197e+01
-4.819492407136321543e-01 1.372227316170340394e+01
-4.803914781446518845e-01 1.375638485801287203e+01
-4.788337155756716146e-01 1.381196759845528277e+01
-4.772759530066920663e-01 1.379642936686339638e+01
-4.757181904377121850e-01 1.374235762046665066e+01
-4.741604278687320817e-01 1.376373471582415142e+01
-4.726026652997525335e-01 1.379467610211026773e+01
-4.710449027307726522e-01 1.376522390369432003e+01
-4.694871401617923823e-01 1.377981140017720563e+01
-4.679293775928121124e-01 1.382068764544193584e+01
-4.663716150238323976e-01 1.381789961396794020e+01
-4.648138524548528494e-01 1.383059831485824098e+01
-4.632560898858725795e-01 1.386885199675854352e+01
-4.616983273168928648e-01 1.376086850638666981e+01
-4.601405647479131500e-01 1.368607016509480800e+01
-4.585828021789328801e-01 1.366517654538556492e+01
-4.570250396099526102e-01 1.362290324037227407e+01
-4.554672770409736171e-01 1.360555617135241846e+01
-4.539095144719933472e-01 1.360179614910274637e+01
-4.523517519030130773e-01 1.358184886537836888e+01
-4.507939893340333626e-01 1.356992006763003111e+01
-4.492362267650536478e-01 1.361039930095276240e+01
-4.476784641960735445e-01 1.367131212049828903e+01
-4.461207016270938297e-01 1.366739358800784565e+01
-4.445629390581141149e-01 1.370391088722628936e+01
-4.430051764891338451e-01 1.371345369101604383e+01
-4.414474139201536862e-01 1.369729120243305331e+01
-4.398896513511738604e-01 1.368594013900288608e+01
-4.383318887821943122e-01 1.367674845121998928e+01
-4.367741262132141533e-01 1.370185753084331459e+01
-4.352163636442343275e-01 1.373727750588236951e+01
-4.336586010752545017e-01 1.379165421598315788e+01
-4.321008385062743429e-01 1.384562900610921332e+01
-4.305430759372941840e-01 1.387724794707891540e+01
-4.289853133683149689e-01 1.386984423728889482e+01
-4.274275507993348100e-01 1.392312656457722042e+01
-4.258697882303546511e-01 1.397823421963969359e+01
-4.243120256613748253e-01 1.399955735245286625e+01
-4.227542630923949996e-01 1.396018177770157109e+01
-4.211965005234148407e-01 1.395212718226668791e+01
-4.196387379544352925e-01 1.396613118389731234e+01
-4.180809753854554667e-01 1.396590151665317414e+01
-4.165232128164753078e-01 1.400221198985852844e+01
-4.149654502474951490e-01 1.403038300701398988e+01
-4.134076876785153232e-01 1.403441408344010100e+01
-4.118499251095357749e-01 1.402949554447124392e+01
-4.102921625405556161e-01 1.405905032127196286e+01
-4.087343999715757903e-01 1.410897727315860095e+01
-4.071766374025959645e-01 1.412505151542582205e+01
-4.056188748336158056e-01 1.412691453286453758e+01
-4.040611122646356468e-01 1.414306078016542401e+01
-4.025033496956564316e-01 1.419748459830526954e+01
-4.009455871266762728e-01 1.425888486837320279e+01
-3.993878245576961139e-01 1.428203499147141642e+01
-3.978300619887162881e-01 1.427073541503533605e+01
-3.962722994197364623e-01 1.424648499486025699e+01
-3.947145368507563035e-01 1.423288797814816675e+01
-3.931567742817767552e-01 1.421909026498653894e+01
-3.915990117127969294e-01 1.419465719727586261e+01
-3.900412491438167706e-01 1.421302130372436601e+01
-3.884834865748366117e-01 1.416107951803405385e+01
-3.869257240058567859e-01 1.411310702107887494e+01
-3.853679614368772377e-01 1.413714361376218775e+01
-3.838101988678970788e-01 1.418872842006405044e+01
-3.822524362989172531e-01 1.428849724309149494e+01
-3.806946737299374273e-01 1.434925155775308347e+01
-3.791369111609572684e-01 1.432931385885275333e+01
-3.775791485919771096e-01 1.428047239660476997e+01
-3.760213860229978944e-01 1.423180408401048602e+01
-3.744636234540177355e-01 1.421774780466957822e+01
-3.729058608850375767e-01 1.426429382660450074e+01
-3.713480983160577509e-01 1.434641063924574667e+01
-3.697903357470779251e-01 1.438365858871789449e+01
-3.682325731780977662e-01 1.441397037416476223e+01
-3.666748106091182180e-01 1.444371755715901884e+01
-3.651170480401383922e-01 1.445039268115722209e+01
-3.635592854711582333e-01 1.448695310922931689e+01
-3.620015229021780745e-01 1.452891104907654807e+01
-3.604437603331982487e-01 1.457180610208130922e+01
-3.588859977642187005e-01 1.461912368975906240e+01
-3.573282351952385416e-01 1.463581740288589650e+01
-3.557704726262587158e-01 1.463891307073376069e+01
-3.542127100572788900e-01 1.465684905944033645e+01
-3.526549474882987312e-01 1.467873650788616402e+01
-3.510971849193185723e-01 1.470473242285054916e+01
-3.495394223503393571e-01 1.473085285470750350e+01
-3.479816597813591983e-01 1.471552051644523118e+01
-3.464238972123790394e-01 1.467525169168174060e+01
-3.448661346433992136e-01 1.472492664008301411e+01
-3.433083720744193879e-01 1.477854491439189388e+01
-3.417506095054392290e-01 1.474011256999387598e+01
-3.401928469364596808e-01 1.473271540337478669e+01
-3.386350843674798550e-01 1.476681557075444040e+01
-3.370773217984996961e-01 1.477359635833352947e+01
-3.355195592295195373e-01 1.478283135022548578e+01
-3.339617966605397115e-01 1.484647642600280726e+01
-3.324040340915598857e-01 1.492252651371750893e+01
-3.308462715225800044e-01 1.496608674355011992e+01
-3.292885089536001786e-01 1.504475995309504377e+01
-3.277307463846203528e-01 1.505078861429604409e+01
-3.261729838156401939e-01 1.509374743850647427e+01
-3.246152212466600351e-01 1.518230470628806472e+01
-3.230574586776808199e-01 1.516510254000619540e+01
-3.214996961087006611e-01 1.516128212432958300e+01
-3.199419335397205022e-01 1.522251010153025774e+01
-3.183841709707406764e-01 1.524845141056845677e+01
-3.168264084017608506e-01 1.524092143809416910e+01
-3.152686458327806918e-01 1.525663459457757298e+01
-3.137108832638011435e-01 1.529711323995750583e+01
-3.121531206948213177e-01 1.532808943077330355e+01
-3.105953581258411589e-01 1.539595663850516871e+01
-3.090375955568610000e-01 1.544989510052004356e+01
-3.074798329878811742e-01 1.545293476662290111e+01
-3.059220704189012929e-01 1.555936657080172125e+01
-3.043643078499215227e-01 1.559252682163402248e+01
-3.028065452809416414e-01 1.559372913548848771e+01
-3.012487827119617601e-01 1.566505638834811087e+01
-2.996910201429816567e-01 1.572184252234713853e+01
-2.981332575740015534e-01 1.576188061370634408e+01
-2.965754950050222272e-01 1.587373270022037985e+01
-2.950177324360421238e-01 1.586256660218594305e+01
-2.934599698670620205e-01 1.581423288451833997e+01
-2.919022072980821392e-01 1.582054687298046858e+01
-2.903444447291022579e-01 1.582985937002200849e+01
-2.887866821601221545e-01 1.582777331028655787e+01
-2.872289195911426063e-01 1.585432167559954664e+01
-2.856711570221627250e-01 1.588403502903475584e+01
-2.841133944531826216e-01 1.587476124224338392e+01
-2.825556318842025183e-01 1.583434382510636063e+01
-2.809978693152226370e-01 1.579353336498322591e+01
-2.794401067462427557e-01 1.573084370899471018e+01
-2.778823441772629854e-01 1.569874942872806933e+01
-2.763245816082831041e-01 1.570366618139377302e+01
-2.747668190393032228e-01 1.571489800153966065e+01
-2.732090564703231195e-01 1.575849956882654013e+01
-2.716512939013430161e-01 1.580998106374470069e+01
-2.700935313323631348e-01 1.581604338932923426e+01
-2.685357687633835866e-01 1.583328893948274185e+01
-2.669780061944034832e-01 1.593906747062034235e+01
-2.654202436254236019e-01 1.600939802667290834e+01
-2.638624810564437206e-01 1.606728587621783078e+01
-2.623047184874636173e-01 1.610731458501268776e+01
-2.607469559184840691e-01 1.614166711355741057e+01
-2.591891933495041878e-01 1.621028855994999418e+01
-2.576314307805240844e-01 1.628225226179217344e+01
-2.560736682115439811e-01 1.634408342984848517e+01
-2.545159056425640998e-01 1.639847392754388977e+01
-2.529581430735842185e-01 1.646389363890047264e+01
-2.514003805046044482e-01 1.649324275894699099e+01
-2.498426179356245669e-01 1.651578189876962810e+01
-2.482848553666446578e-01 1.652995344938272027e+01
-2.467270927976645822e-01 1.653363512161124405e+01
-2.451693302286845066e-01 1.654379838599691865e+01
-2.436115676597045976e-01 1.655257923907859308e+01
-2.420538050907250494e-01 1.655337531521488614e+01
-2.404960425217449738e-01 1.657851038036550051e+01
-2.389382799527650647e-01 1.660935691058014640e+01
-2.373805173837851556e-01 1.662808915498631634e+01
-2.358227548148050801e-01 1.668893684360521235e+01
-2.342649922458255318e-01 1.669553378811073685e+01
-2.327072296768455395e-01 1.668978516322433592e+01
-2.311494671078655472e-01 1.672981418306905255e+01
-2.295917045388855549e-01 1.676749915413824610e+01
-2.280339419699055625e-01 1.674851398144540937e+01
-2.264761794009255702e-01 1.670061022204516377e+01
-2.249184168319460220e-01 1.667068273335553741e+01
-2.233606542629660296e-01 1.669455071695894688e+01
-2.218028916939860373e-01 1.677402582301622402e+01
-2.202451291250060450e-01 1.685984061144221613e+01
-2.186873665560260527e-01 1.689901301952211199e+01
-2.171296039870460604e-01 1.690915702233320417e+01
-2.155718414180665121e-01 1.688535474691562754e+01
-2.140140788490865198e-01 1.689965068397516745e+01
-2.124563162801065275e-01 1.691574121552446641e+01
-2.108985537111265351e-01 1.693865084072390559e+01
-2.093407911421465428e-01 1.701993021632320691e+01
-2.077830285731669946e-01 1.706770423284169524e+01
-2.062252660041870023e-01 1.707007617541880862e+01
-2.046675034352070099e-01 1.706537804679005532e+01
-2.031097408662270176e-01 1.707939158619329589e+01
-2.015519782972470253e-01 1.710626845191863410e+01
-1.999942157282670330e-01 1.710406642248559095e+01
-1.984364531592874847e-01 1.713138694185649769e+01
-1.968786905903074924e-01 1.712610926611547413e+01
-1.953209280213275001e-01 1.708091571692605015e+01
-1.937631654523475078e-01 1.711804949928671959e+01
-1.922054028833675154e-01 1.715068662564854662e+01
-1.906476403143875231e-01 1.717795271381361388e+01
-1.890898777454079749e-01 1.722178115553113997e+01
-1.875321151764279826e-01 1.729418296184253023e+01
-1.859743526074479902e-01 1.737279425194423865e+01
-1.844165900384679979e-01 1.744313671907490715e+01
-1.828588274694880056e-01 1.754821462464191129e+01
-1.813010649005080133e-01 1.757643637106027867e+01
-1.797433023315284650e-01 1.765425992414229128e+01
-1.781855397625484727e-01 1.772138123828056422e+01
-1.766277771935684804e-01 1.774596265294885455e+01
-1.750700146245884881e-01 1.781874396934221849e+01
-1.735122520556084957e-01 1.786302941682877687e+01
-1.719544894866289475e-01 1.793211496061990573e+01
-1.703967269176489552e-01 1.800635865651958056e+01
-1.688389643486689629e-01 1.802172975692726453e+01
-1.672812017796889705e-01 1.806751919330119449e+01
-1.657234392107089782e-01 1.814196106983779799e+01
-1.641656766417289859e-01 1.814801105931208625e+01
-1.626079140727494377e-01 1.815770618599737674e+01
-1.610501515037694453e-01 1.821676553855613889e+01
-1.594923889347894530e-01 1.827233129246092602e+01
-1.579346263658094607e-01 1.829605758197456211e+01
-1.563768637968294684e-01 1.827285347388104242e+01
-1.548191012278494760e-01 1.824709346205023408e+01
-1.532613386588699278e-01 1.827302793218905919e+01
-1.517035760898899355e-01 1.826641801836969492e+01
-1.501458135209099432e-01 1.827510226188606524e+01
-1.485880509519299508e-01 1.832849329977552344e+01
-1.470302883829499585e-01 1.837459540829948779e+01
-1.454725258139704103e-01 1.838538719840083857e+01
-1.439147632449904179e-01 1.837713793102214765e+01
-1.423570006760104256e-01 1.838874944074220252e+01
-1.407992381070304333e-01 1.833246141621210867e+01
-1.392414755380504410e-01 1.839880338709013330e+01
-1.376837129690704487e-01 1.848323147421695012e+01
-1.361259504000909004e-01 1.848629303879387109e+01
-1.345681878311109081e-01 1.849584203831431140e+01
-1.330104252621309158e-01 1.852349373783590636e+01
-1.314526626931509234e-01 1.855939260988214201e+01
-1.298949001241709311e-01 1.857420357132388133e+01
-1.283371375551909388e-01 1.863027643014453716e+01
-1.267793749862113906e-01 1.873659464989897572e+01
-1.252216124172313982e-01 1.882573593711392590e+01
-1.236638498482514059e-01 1.894825723745994850e+01
-1.221060872792714136e-01 1.904194038977865588e+01
-1.205483247102914213e-01 1.904175386345048437e+01
-1.189905621413118730e-01 1.911783540235009582e+01
-1.174327995723318807e-01 1.917005529365052041e+01
-1.158750370033518884e-01 1.918510916514988907e+01
-1.143172744343718961e-01 1.925398631916291592e+01
-1.127595118653919037e-01 1.935182333014151723e+01
-1.112017492964119114e-01 1.944912540644062915e+01
-1.096439867274323632e-01 1.950815546425535629e+01
-1.080862241584523709e-01 1.954606121705850441e+01
-1.065284615894723785e-01 1.961037456087898789e+01
-1.049706990204923862e-01 1.969018954929181220e+01
-1.034129364515123939e-01 1.974831519954986092e+01
-1.018551738825324016e-01 1.978079487234152012e+01
-1.002974113135528533e-01 1.983206539139345281e+01
-9.873964874457286101e-02 1.989073576322309833e+01
-9.718188617559286868e-02 1.991172825196700558e+01
-9.562412360661287636e-02 1.993357418559665106e+01
-9.406636103763288403e-02 1.998197085262694728e+01
-9.250859846865289171e-02 2.009300104845075552e+01
-9.095083589967334348e-02 2.018048702169945585e+01
-8.939307333069335115e-02 2.018017241457483735e+01
-8.783531076171335883e-02 2.019242699048573186e+01
-8.627754819273336651e-02 2.025972145236792699e+01
-8.471978562375337418e-02 2.032750558255395390e+01
-8.316202305477382595e-02 2.038754288508875590e+01
-8.160426048579383362e-02 2.047193445200853290e+01
-8.004649791681384130e-02 2.054845111832851856e+01
-7.848873534783384898e-02 2.062230413546957308e+01
-7.693097277885385665e-02 2.071108034441509815e+01
-7.537321020987386433e-02 2.074297951825189301e+01
-7.381544764089431609e-02 2.079176470448106073e+01
-7.225768507191432377e-02 2.088099638241226330e+01
-7.069992250293433145e-02 2.099856241005380397e+01
-6.914215993395433912e-02 2.112962353601211163e+01
-6.758439736497434680e-02 2.123732719200703301e+01
-6.602663479599435448e-02 2.131352589411454090e+01
-6.446887222701480624e-02 2.139498708404540039e+01
-6.291110965803481392e-02 2.148781278374575265e+01
-6.135334708905482159e-02 2.157037265241146784e+01
-5.979558452007482927e-02 2.166388513019582973e+01
-5.823782195109483695e-02 2.175048892447820137e+01
-5.668005938211528871e-02 2.187259259302626546e+01
-5.512229681313529639e-02 2.198779437456902031e+01
-5.356453424415530407e-02 2.208703994016200056e+01
-5.200677167517531174e-02 2.212379740132763928e+01
-5.044900910619531942e-02 2.216068953907583960e+01
-4.889124653721532709e-02 2.221922949793892599e+01
-4.733348396823577886e-02 2.224852885418236426e+01
-4.577572139925578654e-02 2.229535958195647893e+01
-4.421795883027579421e-02 2.239420947344931889e+01
-4.266019626129580189e-02 2.243293163210408281e+01
-4.110243369231580957e-02 2.249526864269299153e+01
-3.954467112333581724e-02 2.265098450727079182e+01
-3.798690855435626901e-02 2.270868136041181984e+01
-3.642914598537627668e-02 2.273148183342052064e+01
-3.487138341639628436e-02 2.281487048590787836e+01
-3.331362084741629204e-02 2.287628901898532874e+01
-3.175585827843629971e-02 2.294374129112871685e+01
-3.019809570945630739e-02 2.303487995650148790e+01
-2.864033314047675916e-02 2.302934318403330849e+01
-2.708257057149676683e-02 2.300545894930566249e+01
-2.552480800251677451e-02 2.309938561001847646e+01
-2.396704543353678218e-02 2.315504745720912183e+01
-2.240928286455678986e-02 2.321477734891163891e+01
-2.085152029557724163e-02 2.329758939380095129e+01
-1.929375772659724930e-02 2.335007627603857117e+01
-1.773599515761725698e-02 2.338595839267472343e+01
-1.617823258863726466e-02 2.341371538004876030e+01
-1.462047001965727233e-02 2.340584124047506265e+01
-1.306270745067728001e-02 2.340679988541539913e+01
-1.150494488169773177e-02 2.338423296942627161e+01
-9.947182312717739450e-03 2.336994947543886170e+01
-8.389419743737747126e-03 2.340977179093991012e+01
-6.831657174757754802e-03 2.342750438189682072e+01
-5.273894605777762479e-03 2.342519544035065238e+01
-3.716132036797770155e-03 2.342475463285861892e+01
-2.158369467818221921e-03 2.343922915650389172e+01
-6.006068988382295970e-04 2.352956392242537476e+01
9.571556701417627266e-04 2.358844520149369117e+01
2.514918239121755050e-03 2.352694514780812796e+01
4.072680808101747374e-03 2.353191119795620878e+01
5.630443377081295608e-03 2.353895676268684056e+01
7.188205946061287932e-03 2.346831618566819344e+01
8.745968515041280256e-03 2.343948521835283216e+01
1.030373108402127258e-02 2.347850144264998917e+01
1.186149365300126490e-02 2.357354044742401911e+01
1.341925622198125723e-02 2.364332372258268222e+01
1.497701879096080546e-02 2.368555073622958673e+01
1.653478135994079778e-02 2.368491872618483995e+01
1.809254392892079011e-02 2.365747986479129139e+01
1.965030649790078243e-02 2.366019950699557484e+01
2.120806906688077476e-02 2.372240392627039540e+01
2.276583163586076708e-02 2.377911534290384665e+01
2.432359420484031531e-02 2.374098865128936353e+01
2.588135677382030764e-02 2.371409262733120471e+01
2.743911934280029996e-02 2.371240555777623271e+01
2.899688191178029228e-02 2.365553400597661593e+01
3.055464448076028461e-02 2.360819684988994993e+01
3.211240704973983284e-02 2.357873629826290340e+01
3.367016961871982517e-02 2.353504912156322249e+01
3.522793218769981749e-02 2.354227605612191354e+01
3.678569475667980981e-02 2.354432688375610638e+01
3.834345732565980214e-02 2.356708893097508550e+01
3.990121989463979446e-02 2.360556312703306858e+01
4.145898246361934270e-02 2.363670653092705720e+01
4.301674503259933502e-02 2.366420599269494218e+01
4.457450760157932734e-02 2.365778921967037007e+01
4.613227017055931967e-02 2.362262165748903797e+01
4.769003273953931199e-02 2.359617200672871107e+01
4.924779530851930431e-02 2.357708627412035085e+01
5.080555787749885255e-02 2.357060018785541544e+01
5.236332044647884487e-02 2.357102105886902166e+01
5.392108301545883720e-02 2.356228113973076077e+01
5.547884558443882952e-02 2.352626261760897819e+01
5.703660815341882184e-02 2.346594307689775860e+01
5.859437072239881417e-02 2.340778298289822246e+01
6.015213329137836240e-02 2.339218766543132588e+01
6.170989586035835472e-02 2.338215453452983184e+01
6.326765842933834705e-02 2.330670265678740805e+01
6.482542099831833937e-02 2.324537400285450062e+01
6.638318356729833170e-02 2.325889025292859813e+01
6.794094613627787993e-02 2.328125832129249417e+01
6.949870870525787225e-02 2.332847993241430018e+01
7.105647127423786458e-02 2.339743676743363210e+01
7.261423384321785690e-02 2.342248640934785087e+01
7.417199641219784922e-02 2.339734078604170264e+01
7.572975898117784155e-02 2.337562818184025204e+01
7.728752155015738978e-02 2.339064854345670597e+01
7.884528411913738211e-02 2.343237229458121007e+01
8.040304668811737443e-02 2.351812622153781973e+01
8.196080925709736675e-02 2.359468076150000826e+01
8.351857182607735908e-02 2.360246158394120286e+01
8.507633439505735140e-02 2.361883777052657507e+01
8.663409696403689964e-02 2.361551792593873600e+01
8.819185953301689196e-02 2.362738368684309265e+01
8.974962210199688428e-02 2.366696953999084485e+01
9.130738467097687661e-02 2.366465344693526518e+01
9.286514723995686893e-02 2.367653010502914768e+01
9.442290980893641716e-02 2.373373517499489438e+01
9.598067237791640949e-02 2.382545963838269643e+01
9.753843494689640181e-02 2.388362574576239084e+01
9.909619751587639414e-02 2.389566514502030259e+01
1.006539600848563865e-01 2.388657499915559157e+01
1.022117226538363788e-01 2.386251956335840774e+01
1.037694852228159270e-01 2.392524279737886417e+01
1.053272477917959193e-01 2.400576728728023568e+01
1.068850103607759117e-01 2.405119799339389886e+01
1.084427729297559040e-01 2.415346852629531327e+01
1.100005354987358963e-01 2.422241093531113520e+01
1.115582980677158886e-01 2.421976939853192334e+01
1.131160606366954369e-01 2.429521522925404398e+01
1.146738232056754292e-01 2.443037176233412922e+01
1.162315857746554215e-01 2.452331092865624385e+01
1.177893483436354138e-01 2.465783629390638154e+01
1.193471109126154062e-01 2.480435146916804356e+01
1.209048734815953985e-01 2.491422986112753790e+01
1.224626360505749467e-01 2.498422792792162284e+01
1.240203986195549390e-01 2.501787430563156533e+01
1.255781611885349314e-01 2.508022384679851768e+01
1.271359237575149237e-01 2.523211125376007402e+01
1.286936863264949160e-01 2.539828927964781968e+01
1.302514488954744643e-01 2.554593234842387162e+01
1.318092114644544566e-01 2.563524548095454492e+01
1.333669740334344489e-01 2.567028238756894964e+01
1.349247366024144412e-01 2.571874306912866004e+01
1.364824991713944335e-01 2.574213540042687853e+01
1.380402617403744259e-01 2.576423435351774671e+01
1.395980243093539741e-01 2.579074369984200032e+01
1.411557868783339664e-01 2.583640083364103646e+01
1.427135494473139588e-01 2.596659436992797509e+01
1.442713120162939511e-01 2.613988334606268182e+01
1.458290745852739434e-01 2.621648494705019061e+01
1.473868371542539357e-01 2.628524048467357233e+01
1.489445997232334840e-01 2.644652984763504833e+01
1.505023622922134763e-01 2.661813697653622768e+01
1.520601248611934686e-01 2.677543688021868462e+01
1.536178874301734609e-01 2.689155975005016685e+01
1.551756499991534533e-01 2.694031998328560107e+01
1.567334125681330015e-01 2.698738904944021044e+01
1.582911751371129938e-01 2.715763058290118792e+01
1.598489377060929861e-01 2.730008039030273892e+01
1.614067002750729785e-01 2.735806554391373524e+01
1.629644628440529708e-01 2.744189689988573733e+01
1.645222254130329631e-01 2.756438669527342711e+01
1.660799879820125113e-01 2.759793530932880046e+01
1.676377505509925037e-01 2.758332354717135360e+01
1.691955131199724960e-01 2.761758740652283350e+01
1.707532756889524883e-01 2.765768925099812492e+01
1.723110382579324806e-01 2.772141435498715367e+01
1.738688008269124730e-01 2.778735662721777189e+01
1.754265633958920212e-01 2.778032528202652429e+01
1.769843259648720135e-01 2.778589948899977458e+01
1.785420885338520058e-01 2.782636300921032557e+01
1.800998511028319982e-01 2.792709650293061685e+01
1.816576136718119905e-01 2.805519249402246373e+01
1.832153762407915387e-01 2.808932450527365532e+01
1.847731388097715310e-01 2.808997113282399738e+01
1.863309013787515234e-01 2.816178549513269047e+01
1.878886639477315157e-01 2.827405744172553170e+01
1.894464265167115080e-01 2.836261946104979970e+01
1.910041890856915003e-01 2.848994583694166849e+01
1.925619516546710486e-01 2.857716641052595818e+01
1.941197142236510409e-01 2.870585998827001362e+01
1.956774767926310332e-01 2.887670794223289761e+01
1.972352393616110255e-01 2.895054850535293411e+01
1.987930019305910179e-01 2.894987044615405480e+01
2.003507644995710102e-01 2.900123844535156081e+01
2.019085270685505584e-01 2.914340605684527219e+01
2.034662896375305507e-01 2.925680157998712971e+01
2.050240522065105431e-01 2.936692204776874249e+01
2.065818147754905354e-01 2.946545643894346256e+01
2.081395773444705277e-01 2.955011930898489680e+01
2.096973399134505200e-01 2.969060254426427292e+01
2.112551024824300683e-01 2.984617025227798237e+01
2.128128650514100606e-01 2.997436596121340102e+01
2.143706276203900529e-01 3.011214762887552965e+01
2.159283901893700452e-01 3.025607722588273418e+01
2.174861527583500376e-01 3.041098048302639256e+01
2.190439153273295858e-01 3.058888748872602292e+01
2.206016778963095781e-01 3.072167299055461243e+01
2.221594404652895705e-01 3.088210999195228723e+01
2.237172030342695628e-01 3.105436995761223073e+01
2.252749656032495551e-01 3.115489473719849300e+01
2.268327281722295474e-01 3.124328058596307045e+01
2.283904907412090957e-01 3.138551911065606603e+01
2.299482533101890880e-01 3.157281290575046029e+01
2.315060158791690803e-01 3.175666586589231244e+01
2.330637784481490726e-01 3.188409534557694514e+01
2.346215410171290650e-01 3.202541512228253850e+01
2.361793035861090573e-01 3.218247303936849590e+01
2.377370661550886055e-01 3.237133095831443086e+01
2.392948287240685146e-01 3.262271261406611700e+01
2.408525912930485902e-01 3.286283240812255713e+01
2.424103538620286658e-01 3.309634524330515859e+01
2.439681164310085748e-01 3.330930191310405064e+01
2.455258789999881230e-01 3.351903530419524913e+01
2.470836415689681986e-01 3.370464446630467137e+01
2.486414041379481077e-01 3.391426668856517068e+01
2.501991667069279890e-01 3.413485163184147808e+01
2.517569292759080923e-01 3.431922977485898230e+01
2.533146918448881957e-01 3.451119771364648159e+01
2.548724544138675219e-01 3.473160284382066010e+01
2.564302169828476252e-01 3.497275222966319319e+01
2.579879795518277286e-01 3.515709907054549177e+01
2.595457421208076099e-01 3.530674789967748239e+01
2.611035046897874912e-01 3.548737587754148848e+01
2.626612672587675945e-01 3.564395552937778433e+01
2.642190298277471427e-01 3.574070516012213261e+01
2.657767923967270240e-01 3.592656533035987820e+01
2.673345549657071274e-01 3.618457188474263830e+01
2.688923175346872307e-01 3.639930368851546660e+01
2.704500801036671120e-01 3.660534998835579756e+01
2.720078426726466603e-01 3.680677351579045364e+01
2.735656052416267636e-01 3.698042744048652963e+01
2.751233678106066449e-01 3.715948598436266082e+01
2.766811303795865262e-01 3.724482555389381133e+01
2.782388929485666296e-01 3.738527261979623262e+01
2.797966555175467329e-01 3.758136159429206913e+01
2.813544180865260591e-01 3.773945440814983954e+01
2.829121806555061625e-01 3.788449141347274463e+01
2.844699432244862658e-01 3.796032816310466274e+01
2.860277057934661471e-01 3.801101947977244322e+01
2.875854683624460284e-01 3.815633558886019472e+01
2.891432309314261317e-01 3.837852576283301431e+01
2.907009935004056800e-01 3.854781237015060213e+01
2.922587560693855613e-01 3.874714237533437711e+01
2.938165186383656646e-01 3.892635268896101053e+01
2.953742812073457680e-01 3.914503441712547271e+01
2.969320437763256493e-01 3.934793913379024133e+01
2.984898063453055306e-01 3.946158338564477219e+01
3.000475689142853009e-01 3.961598169811566805e+01
3.016053314832651822e-01 3.986223647883243615e+01
3.031630940522450635e-01 4.006152865258768969e+01
3.047208566212251668e-01 4.016394283489342598e+01
3.062786191902052702e-01 4.025907043843048427e+01
3.078363817591845408e-01 4.037051328618379387e+01
3.093941443281646997e-01 4.036533943889283904e+01
3.109519068971448585e-01 4.044206084246992816e+01
3.125096694661246843e-01 4.067349532689867431e+01
3.140674320351045101e-01 4.087551290294747020e+01
3.156251946040846690e-01 4.109494716022815908e+01
3.171829571730642172e-01 4.138261979801042401e+01
3.187407197420440430e-01 4.164698579969635261e+01
3.202984823110242019e-01 4.185907125919578675e+01
3.218562448800043607e-01 4.220065726423625563e+01
3.234140074489841865e-01 4.248301897694386753e+01
3.249717700179640123e-01 4.270079701963795316e+01
3.265295325869438936e-01 4.297933793024851212e+01
3.280872951559237194e-01 4.324885680385204978e+01
3.296450577249035452e-01 4.355492254960302745e+01
3.312028202938837040e-01 4.393970504854911496e+01
3.327605828628638629e-01 4.426172871188590108e+01
3.343183454318430781e-01 4.451666742220309203e+01
3.358761080008232369e-01 4.472495927157796558e+01
3.374338705698033958e-01 4.487784955489188832e+01
3.389916331387832216e-01 4.514145859413734740e+01
3.405493957077630474e-01 4.553407969215781037e+01
3.421071582767432062e-01 4.587084685354382430e+01
3.436649208457227544e-01 4.616710870952143608e+01
3.452226834147025802e-01 4.653577508637626181e+01
3.467804459836827391e-01 4.689181966666282619e+01
3.483382085526628980e-01 4.727817606487176505e+01
3.498959711216427237e-01 4.764103597897424436e+01
3.514537336906225495e-01 4.796687285731989903e+01
3.530114962596024308e-01 4.839988590665440427e+01
3.545692588285822566e-01 4.890660969915930423e+01
3.561270213975620824e-01 4.937055533811719243e+01
3.576847839665422413e-01 4.973757330912213348e+01
3.592425465355224001e-01 5.008196731469959673e+01
3.608003091045022259e-01 5.043180006845285845e+01
3.623580716734817742e-01 5.078721503916636948e+01
3.639158342424619330e-01 5.114734810388476660e+01
3.654735968114417588e-01 5.143368606811034027e+01
3.670313593804215846e-01 5.176829938785864016e+01
3.685891219494017434e-01 5.214511081877522258e+01
3.701468845183812917e-01 5.246329350175137307e+01
3.717046470873611175e-01 5.279507701783931850e+01
3.732624096563412763e-01 5.320325742942474534e+01
3.748201722253214352e-01 5.355407133034515965e+01
3.763779347943012610e-01 5.385073015022297227e+01
3.779356973632810868e-01 5.410896815371738455e+01
3.794934599322609681e-01 5.441061823179030199e+01
3.810512225012407939e-01 5.482026543747505087e+01
3.826089850702206197e-01 5.522237356981378298e+01
3.841667476392007785e-01 5.557160155962482406e+01
3.857245102081809374e-01 5.589503877445310565e+01
3.872822727771607632e-01 5.624237780598797087e+01
3.888400353461403114e-01 5.666174609446153454e+01
3.903977979151204702e-01 5.704675272717796730e+01
3.919555604841002960e-01 5.733588232947798247e+01
3.935133230530801218e-01 5.757443164712470463e+01
3.950710856220602807e-01 5.781279583451541271e+01
3.966288481910398289e-01 5.802470517121030014e+01
3.981866107600196547e-01 5.823673113532697698e+01
3.997443733289998136e-01 5.850777190514765635e+01
4.013021358979799724e-01 5.878886236525674036e+01
4.028598984669597982e-01 5.908340619472501487e+01
4.044176610359396240e-01 5.929564088457504312e+01
4.059754236049195053e-01 5.951030662634044432e+01
4.075331861738993311e-01 5.976624702343593043e+01
4.090909487428791569e-01 6.002393066596847859e+01
4.106487113118593157e-01 6.029291716827291481e+01
4.122064738808394746e-01 6.054745406014498599e+01
4.137642364498193004e-01 6.078249482701144046e+01
4.153219990187988486e-01 6.102447848794081153e+01
4.168797615877790075e-01 6.118144480327205059e+01
4.184375241567588333e-01 6.134506703601498145e+01
4.199952867257386591e-01 6.156999438359525101e+01
4.215530492947188179e-01 6.181370017100184810e+01
4.231108118636983662e-01 6.198685174277550658e+01
4.246685744326781919e-01 6.198651508368489971e+01
4.262263370016583508e-01 6.197198141037818431e+01
4.277840995706385097e-01 6.209177305535978775e+01
4.293418621396183354e-01 6.223027995353762520e+01
4.308996247085981612e-01 6.230861429656419403e+01
4.324573872775780425e-01 6.249142743232571462e+01
4.340151498465578683e-01 6.264739462219518629e+01
4.355729124155376941e-01 6.280238878565094041e+01
4.371306749845178530e-01 6.289016339981627368e+01
4.386884375534980118e-01 6.290564619131465918e+01
4.402462001224778376e-01 6.295059882380565597e+01
4.418039626914573859e-01 6.298719148705388449e+01
4.433617252604375447e-01 6.301821974394755443e+01
4.449194878294173705e-01 6.307183627222936195e+01
4.464772503983970853e-01 6.318257719416682505e+01
4.480350129673773552e-01 6.326082978332115658e+01
4.495927755363576250e-01 6.340164325141703472e+01
4.511505381053366182e-01 6.348414752505665604e+01
4.527083006743168880e-01 6.358770899947110422e+01
4.542660632432971579e-01 6.373900760654539255e+01
4.558238258122768727e-01 6.379081081465422187e+01
4.573815883812565874e-01 6.383073297051954853e+01
4.589393509502366908e-01 6.389107002720854922e+01
4.604971135192164056e-01 6.390307859461467643e+01
4.620548760881961203e-01 6.390534985675326851e+01
4.636126386571763902e-01 6.392546355516326173e+01
4.651704012261566601e-01 6.407308602271537268e+01
4.667281637951363749e-01 6.418727713694583770e+01
4.682859263641159231e-01 6.420641667121581975e+01
4.698436889330961930e-01 6.415082801974168092e+01
4.714014515020757412e-01 6.401680281351005419e+01
4.729592140710556225e-01 6.390285099407527980e+01
4.745169766400358924e-01 6.392039065110058260e+01
4.760747392090161623e-01 6.397823489270885489e+01
4.776325017779951554e-01 6.394791643227213029e+01
4.791902643469754253e-01 6.399182774737663948e+01
4.807480269159556951e-01 6.406477513417162584e+01
4.823057894849355764e-01 6.398736336940827130e+01
4.838635520539151247e-01 6.383023248639111102e+01
4.854213146228952280e-01 6.378064222220159252e+01
4.869790771918751093e-01 6.377734289486451758e+01
4.885368397608546576e-01 6.374283416133424396e+01
4.900946023298349274e-01 6.372417233322067176e+01
4.916523648988151973e-01 6.376699510519067360e+01
4.932101274677947456e-01 6.381688480871539326e+01
4.947678900367744603e-01 6.385726496039697508e+01
4.963256526057547302e-01 6.396797412904425784e+01
4.978834151747342784e-01 6.412310706342005062e+01
4.994411777437141597e-01 6.422918165479165964e+01
5.009989403126944296e-01 6.422463039772333104e+01
5.025567028816746440e-01 6.429672072524357418e+01
5.041144654506537481e-01 6.434031826249525921e+01
5.056722280196339625e-01 6.430903710018317554e+01
5.072299905886141769e-01 6.429279243740514005e+01
5.087877531575941692e-01 6.424838607813838109e+01
5.103455157265737174e-01 6.420328336688179149e+01
5.119032782955539318e-01 6.415040806549502861e+01
5.134610408645337021e-01 6.412966473451457716e+01
5.150188034335132503e-01 6.420105072207523733e+01
5.165765660024934647e-01 6.433216966599326270e+01
5.181343285714736790e-01 6.436690972151350820e+01
5.196920911404532273e-01 6.439154327873531258e+01
5.212498537094329976e-01 6.445236378607725669e+01
5.228076162784132119e-01 6.443856871857595081e+01
5.243653788473927602e-01 6.446403069395563534e+01
5.259231414163727525e-01 6.449462292374562367e+01
5.274809039853529669e-01 6.439152621911668462e+01
5.290386665543331812e-01 6.421758146551896118e+01
5.305964291233122854e-01 6.414949208761845512e+01
5.321541916922924997e-01 6.420408581598508135e+01
5.337119542612727141e-01 6.427168834202979042e+01
5.352697168302527064e-01 6.434814793213506334e+01
5.368274793992322547e-01 6.431461352406419962e+01
5.383852419682124690e-01 6.420148634201288473e+01
5.399430045371922393e-01 6.421531181853087844e+01
5.415007671061717875e-01 6.421284729476509767e+01
5.430585296751520019e-01 6.412486548361263772e+01
5.446162922441322163e-01 6.409387686814307017e+01
5.461740548131117645e-01 6.410225477090290269e+01
5.477318173820915348e-01 6.414622461596349012e+01
5.492895799510717492e-01 6.430974881636285545e+01
5.508473425200512974e-01 6.443901542589114229e+01
5.524051050890312897e-01 6.447359557493533089e+01
5.539628676580115041e-01 6.456238134429430886e+01
5.555206302269917185e-01 6.463724822372020640e+01
5.570783927959708226e-01 6.463556579128952251e+01
5.586361553649510370e-01 6.471744393203157131e+01
5.601939179339312513e-01 6.486021157487589051e+01
5.617516805029112437e-01 6.492803065091456460e+01
5.633094430718907919e-01 6.494551572782110327e+01
5.648672056408710063e-01 6.494122857869366783e+01
5.664249682098507765e-01 6.488670757667166811e+01
5.679827307788303248e-01 6.482011677168351582e+01
5.695404933478105391e-01 6.479393729064129559e+01
5.710982559167907535e-01 6.482214153202659190e+01
5.726560184857703018e-01 6.491352242626275881e+01
5.742137810547500720e-01 6.500573567357852767e+01
5.757715436237302864e-01 6.503537958037848909e+01
5.773293061927098346e-01 6.504270089315211578e+01
5.788870687616898270e-01 6.509733957100030466e+01
5.804448313306700413e-01 6.523989876285446599e+01
5.820025938996502557e-01 6.534246602470091148e+01
5.835603564686293598e-01 6.528713315222066171e+01
5.851181190376095742e-01 6.522602405966057404e+01
5.866758816065897886e-01 6.520610356276593222e+01
5.882336441755697809e-01 6.515615650261366909e+01
5.897914067445493291e-01 6.511129394994634367e+01
5.913491693135295435e-01 6.504582056938841106e+01
5.929069318825093138e-01 6.506316863973391662e+01
5.944646944514888620e-01 6.509878850946353168e+01
5.960224570204690764e-01 6.512209983735246510e+01
5.975802195894492908e-01 6.519650187021115073e+01
5.991379821584288390e-01 6.523406441895266994e+01
6.006957447274088313e-01 6.522031686286992169e+01
6.022535072963888236e-01 6.526349525355649916e+01
6.038112698653683719e-01 6.528384887203138476e+01
6.053690324343483642e-01 6.519576408790041455e+01
6.069267950033285786e-01 6.515263924873352153e+01
6.084845575723087929e-01 6.509646865991004461e+01
6.100423201412878971e-01 6.508879521461423678e+01
6.116000827102681114e-01 6.515075136767936215e+01
6.131578452792483258e-01 6.515589945015398143e+01
6.147156078482283181e-01 6.516219601528194971e+01
6.162733704172078664e-01 6.519094814803212046e+01
6.178311329861880807e-01 6.518921718374690499e+01
6.193888955551679620e-01 6.515691246877958065e+01
6.209466581241473992e-01 6.516090830030564973e+01
6.225044206931276136e-01 6.518971463498007779e+01
6.240621832621078280e-01 6.515316596864754217e+01
6.256199458310872652e-01 6.519463774847311299e+01
6.271777084000673685e-01 6.533317198944247650e+01
6.287354709690473609e-01 6.546278273002637604e+01
6.302932335380267981e-01 6.557438261565529558e+01
6.318509961070069014e-01 6.556874600145863496e+01
6.334087586759871158e-01 6.551645169542038616e+01
6.349665212449673302e-01 6.552927350541976637e+01
6.365242838139464343e-01 6.551784801891032828e+01
6.380820463829266487e-01 6.551243961687868023e+01
6.396398089519068630e-01 6.552555079807346772e+01
6.411975715208869664e-01 6.556700939744126799e+01
6.427553340898664036e-01 6.561251559507518039e+01
6.443130966588466180e-01 6.555580138435817616e+01
6.458708592278264993e-01 6.562692018050283593e+01
6.474286217968059365e-01 6.572965198225001870e+01
6.489863843657861509e-01 6.572235691304719296e+01
6.505441469347663652e-01 6.569494350305512853e+01
6.521019095037458024e-01 6.562493138088061073e+01
6.536596720727259058e-01 6.554851545675489888e+01
6.552174346417058981e-01 6.549482469418549613e+01
6.567751972106853353e-01 6.553335334820344826e+01
6.583329597796654387e-01 6.556616312868263208e+01
6.598907223486456530e-01 6.564455512999813891e+01
6.614484849176258674e-01 6.566639143204946549e+01
6.630062474866059707e-01 6.564138282659530432e+01
6.645640100555851859e-01 6.565783851025982187e+01
6.661217726245654003e-01 6.559904173623954193e+01
6.676795351935455036e-01 6.550510584895661736e+01
6.692372977625249408e-01 6.543851677212377638e+01
6.707950603315051552e-01 6.533613761556433985e+01
6.723528229004850365e-01 6.517980760132910234e+01
6.739105854694644737e-01 6.508565285177697035e+01
6.754683480384446881e-01 6.496648390155243646e+01
6.770261106074249025e-01 6.479887769184250601e+01
6.785838731764043397e-01 6.460335029552892649e+01
6.801416357453844430e-01 6.431873839572796214e+01
6.816993983143644353e-01 6.407333281992075058e+01
6.832571608833438725e-01 6.400097848019852620e+01
6.848149234523239759e-01 6.400978781063921019e+01
6.863726860213041903e-01 6.401505707472246343e+01
6.879304485902844046e-01 6.399344254900454132e+01
6.894882111592645080e-01 6.393506145823685927e+01
6.910459737282437231e-01 6.375846115929771685e+01
6.926037362972239375e-01 6.359931608456741259e+01
6.941614988662040409e-01 6.356182268958930592e+01
6.957192614351834781e-01 6.341722239440692022e+01
6.972770240041636924e-01 6.329152999309491889e+01
6.988347865731435737e-01 6.328840210947802802e+01
7.003925491421230110e-01 6.319383107937105137e+01
7.019503117111032253e-01 6.306930341491230507e+01
7.035080742800834397e-01 6.302474070682315244e+01
7.050658368490628769e-01 6.290206675248583679e+01
7.066235994180429802e-01 6.273323428145212688e+01
7.081813619870229726e-01 6.262914124457328313e+01
7.097391245560024098e-01 6.249967150255826454e+01
7.112968871249825131e-01 6.235597174932910747e+01
7.128546496939627275e-01 6.232923374367003078e+01
7.144124122629429419e-01 6.219948672998656747e+01
7.159701748319230452e-01 6.198999557038347774e+01
7.175279374009022604e-01 6.186975936093515571e+01
7.190856999698824747e-01 6.171219924413546210e+01
7.206434625388625781e-01 6.147962807904026050e+01
7.222012251078420153e-01 6.132883259652982844e+01
7.237589876768222297e-01 6.120997231506058256e+01
7.253167502458021110e-01 6.109049012860619854e+01
7.268745128147815482e-01 6.096685887397070758e+01
7.284322753837617626e-01 6.079617610952186624e+01
7.299900379527419769e-01 6.057575521619082082e+01
7.315478005217214141e-01 6.038488102371064059e+01
7.331055630907015175e-01 6.013251113925235813e+01
7.346633256596815098e-01 5.989106455682725283e+01
7.362210882286609470e-01 5.970885805892206832e+01
7.377788507976410504e-01 5.962067815013722338e+01
7.393366133666212647e-01 5.959827717386077950e+01
7.408943759356014791e-01 5.954166959394876102e+01
7.424521385045815824e-01 5.946324755001256790e+01
7.440099010735607976e-01 5.938605545021438559e+01
7.455676636425410120e-01 5.929185779754201491e+01
7.471254262115211153e-01 5.911600157908849695e+01
7.486831887805005525e-01 5.888422501817179722e+01
7.502409513494807669e-01 5.876447960342058963e+01
7.517987139184609813e-01 5.864594961361976289e+01
7.533564764874400854e-01 5.855093495834413631e+01
7.549142390564202998e-01 5.847756933343519847e+01
7.564720016254005142e-01 5.836153191475335689e+01
7.580297641943799514e-01 5.823369293213193743e+01
7.595875267633600547e-01 5.814891548862532744e+01
7.611452893323400470e-01 5.812455154850183447e+01
7.627030519013194843e-01 5.809637055591140609e+01
7.642608144702995876e-01 5.799651520689559447e+01
7.658185770392798020e-01 5.777543739970356995e+01
7.673763396082600163e-01 5.755480952314157861e+01
7.689341021772401197e-01 5.737372808392881041e+01
7.704918647462193348e-01 5.715613838581688100e+01
7.720496273151995492e-01 5.698876845134915925e+01
7.736073898841796526e-01 5.689214842170547115e+01
7.751651524531590898e-01 5.675736894251141251e+01
7.767229150221393041e-01 5.659535576483509800e+01
7.782806775911195185e-01 5.640334882663962901e+01
7.798384401600986227e-01 5.620355332651308800e+01
7.813962027290788370e-01 5.605388804361858490e+01
7.829539652980590514e-01 5.593090731842561070e+01
7.845117278670384886e-01 5.575164994743357028e+01
7.860694904360185920e-01 5.547265443040642197e+01
7.876272530049985843e-01 5.526404050531050416e+01
7.891850155739780215e-01 5.509018184196534662e+01
7.907427781429581248e-01 5.484787375582414626e+01
7.923005407119383392e-01 5.470225406471009677e+01
7.938583032809185536e-01 5.467476615451620603e+01
7.954160658498986569e-01 5.463744534970246036e+01
7.969738284188778721e-01 5.444379700734502592e+01
7.985315909878580865e-01 5.422886963747936306e+01
8.000893535568381898e-01 5.419081163168721105e+01
8.016471161258176270e-01 5.401996399330248977e+01
8.032048786947978414e-01 5.376937969720063393e+01
8.047626412637780557e-01 5.363356479036828972e+01
8.063204038327571599e-01 5.354702653089361775e+01
8.078781664017373743e-01 5.341764477540047551e+01
8.094359289707175886e-01 5.325274675335634100e+01
8.109936915396970258e-01 5.306573876986684724e+01
8.125514541086769071e-01 5.287130560150999514e+01
8.141092166776573436e-01 5.269759515921912651e+01
8.156669792466365587e-01 5.258226964960962846e+01
8.172247418156176613e-01 5.257526136003658479e+01
8.187825043845968764e-01 5.246873718557070276e+01
8.203402669535760916e-01 5.220613266479425363e+01
8.218980295225571941e-01 5.202607130225853638e+01
8.234557920915364093e-01 5.191686231694600195e+01
8.250135546605168457e-01 5.176412558832931410e+01
8.265713172294967270e-01 5.163402841514677988e+01
8.281290797984759422e-01 5.146079543702021653e+01
8.296868423674563786e-01 5.127496655532274872e+01
8.312446049364362599e-01 5.111360304010001698e+01
8.328023675054160302e-01 5.106129201865032030e+01
8.343601300743959115e-01 5.107950536270168840e+01
8.359178926433763479e-01 5.104835281355559573e+01
8.374756552123555631e-01 5.101272591022443237e+01
8.390334177813354444e-01 5.093418000153008052e+01
8.405911803503158808e-01 5.078117090581255866e+01
8.421489429192950960e-01 5.059292973850742214e+01
8.437067054882761985e-01 5.037789994505902058e+01
8.452644680572554137e-01 5.018145058634186029e+01
8.468222306262346288e-01 5.004131369486164260e+01
8.483799931952157314e-01 4.988657024824053110e+01
8.499377557641949466e-01 4.977131210310331255e+01
8.514955183331753830e-01 4.971395403665975010e+01
8.530532809021552643e-01 4.964147655024753192e+01
8.546110434711344794e-01 4.951689591685383363e+01
8.561688060401149158e-01 4.937723977650778551e+01
8.577265686090947971e-01 4.919536823653194091e+01
8.592843311780745674e-01 4.899581376853817716e+01
8.608420937470544487e-01 4.882515815482407362e+01
8.623998563160348851e-01 4.866802979791474115e+01
8.639576188850141003e-01 4.855252051375008904e+01
8.655153814539939816e-01 4.846885961682193766e+01
8.670731440229744180e-01 4.831545406722121783e+01
8.686309065919536332e-01 4.812314059852038639e+01
8.701886691609347357e-01 4.798857620792539791e+01
8.717464317299139509e-01 4.783966604400637834e+01
8.733041942988931661e-01 4.763940297226846354e+01
8.748619568678742686e-01 4.751719698213711496e+01
8.764197194368534838e-01 4.749211738355138124e+01
8.779774820058339202e-01 4.742477276478039272e+01
8.795352445748138015e-01 4.734213608619489833e+01
8.810930071437930167e-01 4.722252899847068619e+01
8.826507697127734531e-01 4.697754025130095812e+01
8.842085322817533344e-01 4.681602278518980853e+01
8.857662948507331047e-01 4.673113400674738216e+01
8.873240574197129860e-01 4.661688385567679660e+01
8.888818199886934224e-01 4.655827704023780456e+01
8.904395825576724155e-01 4.649737623775544648e+01
8.919973451266525188e-01 4.642674606552656513e+01
8.935551076956329553e-01 4.626814701002340513e+01
8.951128702646119484e-01 4.604346919198314225e+01
8.966706328335934950e-01 4.583605047068908078e+01
8.982283954025724881e-01 4.566415939674345736e+01
8.997861579715514813e-01 4.549036298053399463e+01
9.013439205405330279e-01 4.533695733926534643e+01
9.029016831095120210e-01 4.521995122121420252e+01
9.044594456784924574e-01 4.508807173365119070e+01
9.060172082474725608e-01 4.490788887306479893e+01
9.075749708164515539e-01 4.477998308723597631e+01
9.091327333854319903e-01 4.464620589333445366e+01
9.106904959544120937e-01 4.451165785328696245e+01
9.122482585233914198e-01 4.439935906930892173e+01
9.138060210923715232e-01 4.423879128425946305e+01
9.153637836613519596e-01 4.405903258333697181e+01
9.169215462303309527e-01 4.383015056251682040e+01
9.184793087993110561e-01 4.357645478280796425e+01
9.200370713682914925e-01 4.343774578041037415e+01
9.215948339372704856e-01 4.329212270608767454e+01
9.231525965062520322e-01 4.304825364744861815e+01
9.247103590752310254e-01 4.284684809177493747e+01
9.262681216442100185e-01 4.277317172477333429e+01
9.278258842131915651e-01 4.264873608126156057e+01
9.293836467821705583e-01 4.241033006344053291e+01
9.309414093511509947e-01 4.217177370673333314e+01
9.324991719201310980e-01 4.194060001313373220e+01
9.340569344891100911e-01 4.177605284460791779e+01
9.356146970580905275e-01 4.172102493243374965e+01
9.371724596270706309e-01 4.166444233623872861e+01
9.387302221960499571e-01 4.150830394733072382e+01
9.402879847650300604e-01 4.137224924869480702e+01
9.418457473340104968e-01 4.127862338084199223e+01
9.434035099029894900e-01 4.118820035319183148e+01
9.449612724719699264e-01 4.109731397882088544e+01
9.465190350409500297e-01 4.096821841315053092e+01
9.480767976099290228e-01 4.075397177501981361e+01
9.496345601789105695e-01 4.053802770150132062e+01
9.511923227478895626e-01 4.043457704918343865e+01
9.527500853168685557e-01 4.036237006042060216e+01
9.543078478858501024e-01 4.022165155534161585e+01
9.558656104548290955e-01 4.006625515498448209e+01
9.574233730238091988e-01 3.994938610058378003e+01
9.589811355927896352e-01 3.981675269802838102e+01
9.605388981617689614e-01 3.965116872937144166e+01
9.620966607307493978e-01 3.949684482992497436e+01
9.636544232997291681e-01 3.934060046829642943e+01
9.652121858687084943e-01 3.919444662558152004e+01
9.667699484376882646e-01 3.913861783102579750e+01
9.683277110066690341e-01 3.913020157585587100e+01
9.698854735756480272e-01 3.906273204824956480e+01
9.714432361446284636e-01 3.886870616851206250e+01
9.730009987136085670e-01 3.860967194544915770e+01
9.745587612825875601e-01 3.846263652038315684e+01
9.761165238515691067e-01 3.842684917961122437e+01
9.776742864205480998e-01 3.832455168301722637e+01
9.792320489895270930e-01 3.819173204218307660e+01
9.807898115585086396e-01 3.808441117172177570e+01
9.823475741274876327e-01 3.794357803697234033e+01
9.839053366964677361e-01 3.782209255287510530e+01
9.854630992654481725e-01 3.775350318434185937e+01
9.870208618344274987e-01 3.771861691871475131e+01
9.885786244034079351e-01 3.756952063400361652e+01
9.901363869723877054e-01 3.735524739292230834e+01
9.916941495413670316e-01 3.721225855419561412e+01
9.932519121103468018e-01 3.705054579002345605e+01
9.948096746793275713e-01 3.689804092397434232e+01
9.963674372483065644e-01 3.672026697816579599e+01
9.979251998172870008e-01 3.653499352918613852e+01
9.994829623862671042e-01 3.649300472720689470e+01
1.001040724955246208e+00 3.644086949363355643e+01
1.002598487524227533e+00 3.633826986844239570e+01
1.004156250093206637e+00 3.632909076991474961e+01
1.005714012662185741e+00 3.627146168285882766e+01
1.007271775231167066e+00 3.615256000859460528e+01
1.008829537800146170e+00 3.604976950148915193e+01
1.010387300369126162e+00 3.594047866251275991e+01
1.011945062938106599e+00 3.583755167113564966e+01
1.013502825507086147e+00 3.583858393048125635e+01
1.015060588076066583e+00 3.588480128701467464e+01
1.016618350645046132e+00 3.585340414726974956e+01
1.018176113214025680e+00 3.580720264628610749e+01
1.019733875783005228e+00 3.574385653039853139e+01
1.021291638351986109e+00 3.567797042160803755e+01
1.022849400920965213e+00 3.571457157803830995e+01
1.024407163489945649e+00 3.566576337713978972e+01
1.025964926058925641e+00 3.552521032220870723e+01
1.027522688627904746e+00 3.545202934191330968e+01
1.029080451196886070e+00 3.537669486801832619e+01
1.030638213765865174e+00 3.531785393444886978e+01
1.032195976334844278e+00 3.531433791986180637e+01
1.033753738903825603e+00 3.522889218832823843e+01
1.035311501472804707e+00 3.513270166186537580e+01
1.036869264041784700e+00 3.507588623197170108e+01
1.038427026610765136e+00 3.505483776870205759e+01
1.039984789179744684e+00 3.496260580888414893e+01
1.041542551748725121e+00 3.489398130426135225e+01
1.043100314317704669e+00 3.490243838921269059e+01
1.044658076886684217e+00 3.486824663968430826e+01
1.046215839455663765e+00 3.480047453543600966e+01
1.047773602024644646e+00 3.476038052145145940e+01
1.049331364593623750e+00 3.478276464128797585e+01
1.050889127162604186e+00 3.482511494259942708e+01
1.052446889731584179e+00 3.479242764124922616e+01
1.054004652300563283e+00 3.472170900131715854e+01
1.055562414869544607e+00 3.469593047576900346e+01
1.057120177438523712e+00 3.463921283600230083e+01
1.058677940007502816e+00 3.460111663988880082e+01
1.060235702576484140e+00 3.464014284604595417e+01
1.061793465145463244e+00 3.469588079067428765e+01
1.063351227714443237e+00 3.469489586217002142e+01
1.064908990283423673e+00 3.461214585904901497e+01
1.066466752852403221e+00 3.454659814903713766e+01
1.068024515421383658e+00 3.454630078650289704e+01
1.069582277990363206e+00 3.454400729753619004e+01
1.071140040559342754e+00 3.451399776430083222e+01
1.072697803128322303e+00 3.453345024651582662e+01
1.074255565697303183e+00 3.458936954267868913e+01
1.075813328266282287e+00 3.455899481626174463e+01
1.077371090835262724e+00 3.457154422564779850e+01
1.078928853404242716e+00 3.464492653965793068e+01
1.080486615973221820e+00 3.463555350578540271e+01
1.082044378542203145e+00 3.453163917119653092e+01
1.083602141111182249e+00 3.441768062200105049e+01
1.085159903680161353e+00 3.435867338885266520e+01
1.086717666249142678e+00 3.438570320488971532e+01
1.088275428818121782e+00 3.444699047694880534e+01
1.089833191387101774e+00 3.443584881264187914e+01
1.091390953956082210e+00 3.440712539035150286e+01
1.092948716525061759e+00 3.428541253334716998e+01
1.094506479094042195e+00 3.417127063686084654e+01
1.096064241663021743e+00 3.416429890271276548e+01
1.097622004232001292e+00 3.417773182361831630e+01
1.099179766800980840e+00 3.412864763074266961e+01
1.100737529369961720e+00 3.409287151912219116e+01
1.102295291938940824e+00 3.410292518471123202e+01
1.103853054507921261e+00 3.408316704228266047e+01
1.105410817076901253e+00 3.401185631096433326e+01
1.106968579645880357e+00 3.391410920992105105e+01
1.108526342214861682e+00 3.385486131143436950e+01
1.110084104783840786e+00 3.383704074561683228e+01
1.111641867352821667e+00 3.378283908574265126e+01
1.113199629921801215e+00 3.369636394078579400e+01
1.114757392490780319e+00 3.362619294769191924e+01
1.116315155059760311e+00 3.360666399682932592e+01
1.117872917628740748e+00 3.352357075183428492e+01
1.119430680197720296e+00 3.346051122843277170e+01
1.120988442766700732e+00 3.347368847226328370e+01
1.122546205335680281e+00 3.345309519140116095e+01
1.124103967904659829e+00 3.338070930421016413e+01
1.125661730473639377e+00 3.328248453889520420e+01
1.127219493042620257e+00 3.319895379057109608e+01
1.128777255611599362e+00 3.309524862546598456e+01
1.130335018180579798e+00 3.299577643160202456e+01
1.131892780749559790e+00 3.289014273900834695e+01
1.133450543318538895e+00 3.281872818998756003e+01
1.135008305887520219e+00 3.277655867448923033e+01
1.136566068456499323e+00 3.273779807548152831e+01
1.138123831025480204e+00 3.265838327789046502e+01
1.139681593594459752e+00 3.260098285250995787e+01
1.141239356163438856e+00 3.252413223072711190e+01
1.142797118732418848e+00 3.236700041319707566e+01
1.144354881301399285e+00 3.222467634261872149e+01
1.145912643870378833e+00 3.211297373837679459e+01
1.147470406439359270e+00 3.196981269848830109e+01
1.149028169008338818e+00 3.196101515857332487e+01
1.150585931577318366e+00 3.197988360844135869e+01
1.152143694146297914e+00 3.202684980469273057e+01
1.153701456715278795e+00 3.206857391699837478e+01
1.155259219284257899e+00 3.191787591455259943e+01
1.156816981853238335e+00 3.174909211318346181e+01
1.158374744422218328e+00 3.164057979827432021e+01
1.159932506991197432e+00 3.153863302329398977e+01
1.161490269560178756e+00 3.145914063348879353e+01
1.163048032129157860e+00 3.139593780271750134e+01
1.164605794698138741e+00 3.138282076831659140e+01
1.166163557267118289e+00 3.132673180464886187e+01
1.167721319836097393e+00 3.128296119474137527e+01
1.169279082405077386e+00 3.122934915964076907e+01
1.170836844974057822e+00 3.111823507862985494e+01
1.172394607543037370e+00 3.099898282089090884e+01
1.173952370112017807e+00 3.090579088048306744e+01
1.175510132680997355e+00 3.084346928666737497e+01
1.177067895249976903e+00 3.078999876822362936e+01
1.178625657818956451e+00 3.069287819348273771e+01
1.180183420387937332e+00 3.058159987285364423e+01
1.181741182956916436e+00 3.049877396434065346e+01
1.183298945525896873e+00 3.040424914321554795e+01
1.184856708094876865e+00 3.033583020379189676e+01
1.186414470663855969e+00 3.027774330263926217e+01
1.187972233232837294e+00 3.019587379577581032e+01
1.189529995801816398e+00 3.021062361634072602e+01
1.191087758370797278e+00 3.017451703550889519e+01
1.192645520939776826e+00 3.005858207062851761e+01
1.194203283508755931e+00 3.002129067612711921e+01
1.195761046077735923e+00 3.006195849142422816e+01
1.197318808646716359e+00 3.010066209511331081e+01
1.198876571215695908e+00 3.012298674616489791e+01
1.200434333784676344e+00 3.012743695060740734e+01
1.201992096353655892e+00 3.015798770775902327e+01
1.203549858922635440e+00 3.020187657392211733e+01
1.205107621491614989e+00 3.019379360620649777e+01
1.206665384060595869e+00 3.016192603071334943e+01
1.208223146629574973e+00 3.013843483948393498e+01
1.209780909198555410e+00 3.013861527218406522e+01
1.211338671767535402e+00 3.017191477604396255e+01
1.212896434336514506e+00 3.019488899281625294e+01
1.214454196905495831e+00 3.015364200179314835e+01
1.216011959474474935e+00 3.010507752843718876e+01
1.217569722043455815e+00 3.007887271680847974e+01
1.219127484612435364e+00 3.005057064159773361e+01
1.220685247181414468e+00 3.004169167506909233e+01
1.222243009750394460e+00 3.004957078988420704e+01
1.223800772319374897e+00 3.004157372406858428e+01
1.225358534888354445e+00 2.997455696865769070e+01
1.226916297457334881e+00 2.995442096840422508e+01
1.228474060026314429e+00 2.992287351122868344e+01
1.230031822595293978e+00 2.984468568684018308e+01
1.231589585164273304e+00 2.983946955641100729e+01
1.233147347733254406e+00 2.978943852793406322e+01
1.234705110302233511e+00 2.968565005806443935e+01
1.236262872871214169e+00 2.961961155908019450e+01
1.237820635440193939e+00 2.954142174333190951e+01
1.239378398009173043e+00 2.950074131040479131e+01
1.240936160578154368e+00 2.948998251571567764e+01
1.242493923147133472e+00 2.941847734007022552e+01
1.244051685716114575e+00 2.934200887384878342e+01
1.245609448285093901e+00 2.934537299565557333e+01
1.247167210854073005e+00 2.931624426061850031e+01
1.248724973423052775e+00 2.932349991055816218e+01
1.250282735992033434e+00 2.933759181287917528e+01
1.251840498561012982e+00 2.924271381291046978e+01
1.253398261129993640e+00 2.914717781219679082e+01
1.254956023698972967e+00 2.911313130223566503e+01
1.256513786267952515e+00 2.906391735254358011e+01
1.258071548836931841e+00 2.897102982102898139e+01
1.259629311405912944e+00 2.890109961343380718e+01
1.261187073974892048e+00 2.889280564279448171e+01
1.262744836543873372e+00 2.888998438743814035e+01
1.264302599112852477e+00 2.884503726949277436e+01
1.265860361681831581e+00 2.880509608558333667e+01
1.267418124250812905e+00 2.879198442893164156e+01
1.268975886819792009e+00 2.876061703183173179e+01
1.270533649388773112e+00 2.870012500517290022e+01
1.272091411957752438e+00 2.860477451696610629e+01
1.273649174526731542e+00 2.854661307691863570e+01
1.275206937095711313e+00 2.852463185335179574e+01
1.276764699664691971e+00 2.847608361388365594e+01
1.278322462233671519e+00 2.843922011301593145e+01
1.279880224802652178e+00 2.837719241108120727e+01
1.281437987371631504e+00 2.828401449429545522e+01
1.282995749940611052e+00 2.825523389060549562e+01
1.284553512509590378e+00 2.831621119279848031e+01
1.286111275078571481e+00 2.836863528641029575e+01
1.287669037647550585e+00 2.839999973180473702e+01
1.289226800216531910e+00 2.843350944233439037e+01
1.290784562785511014e+00 2.844480999500627760e+01
1.292342325354490118e+00 2.841865156394407066e+01
1.293900087923471443e+00 2.840619293871804274e+01
1.295457850492450547e+00 2.839909721753630123e+01
1.297015613061431649e+00 2.837413205476969580e+01
1.298573375630410975e+00 2.838441242289795952e+01
1.300131138199390080e+00 2.842309507148605263e+01
1.301688900768369850e+00 2.841096435594091218e+01
1.303246663337350508e+00 2.839553863277103218e+01
1.304804425906330057e+00 2.836028240686559698e+01
1.306362188475310715e+00 2.837967656821261642e+01
1.307919951044290041e+00 2.839494814739452266e+01
1.309477713613269589e+00 2.833368997551932722e+01
1.311035476182248916e+00 2.827867642360316225e+01
1.312593238751230018e+00 2.827214759931100119e+01
1.314151001320209122e+00 2.827638784546853046e+01
1.315708763889190447e+00 2.825539449707111572e+01
1.317266526458169551e+00 2.822424913347115805e+01
1.318824289027148655e+00 2.819503879617867170e+01
1.320382051596129980e+00 2.813376844822725431e+01
1.321939814165109084e+00 2.818005426388339529e+01
1.323497576734090186e+00 2.824765175239299708e+01
1.325055339303069513e+00 2.828980854949347545e+01
1.326613101872048617e+00 2.832268930292024578e+01
1.328170864441028387e+00 2.833089216640419750e+01
1.329728627010009046e+00 2.833269546290056695e+01
1.331286389578988594e+00 2.834746455145798905e+01
1.332844152147969252e+00 2.836831530910459875e+01
1.334401914716948578e+00 2.833266123965653804e+01
1.335959677285928127e+00 2.830794330124898295e+01
1.337517439854907453e+00 2.834016105332444369e+01
1.339075202423888555e+00 2.842259512555187584e+01
1.340632964992867660e+00 2.850984120628143259e+01
1.342190727561848984e+00 2.857276883206898788e+01
1.343748490130828088e+00 2.860010363139396716e+01
1.345306252699807192e+00 2.856866244290396395e+01
1.346864015268788517e+00 2.859500314581990565e+01
1.348421777837767621e+00 2.868568544772195494e+01
1.349979540406748724e+00 2.872843217974862640e+01
1.351537302975728050e+00 2.874805003770811496e+01
1.353095065544707154e+00 2.877537618352248217e+01
1.354652828113686924e+00 2.877639294342225185e+01
1.356210590682667583e+00 2.878147890328291325e+01
1.357768353251647131e+00 2.874853640512488440e+01
1.359326115820627789e+00 2.866303624574588582e+01
1.360883878389607116e+00 2.857653728506751278e+01
1.362441640958586664e+00 2.850143546092635916e+01
1.363999403527565990e+00 2.852081282514513916e+01
1.365557166096547093e+00 2.860158459721778001e+01
1.367114928665526197e+00 2.857602003932934309e+01
1.368672691234507521e+00 2.850559109754030018e+01
1.370230453803486625e+00 2.843321463179986708e+01
1.371788216372465730e+00 2.838747151351833153e+01
1.373345978941447054e+00 2.826419209411072586e+01
1.374903741510426158e+00 2.812035384257238846e+01
1.376461504079407261e+00 2.808455422009935987e+01
1.378019266648386587e+00 2.806355163832303390e+01
1.379577029217365691e+00 2.799816980326518845e+01
1.381134791786345462e+00 2.793091741265952166e+01
1.382692554355326120e+00 2.782134980346882003e+01
1.384250316924305668e+00 2.773565532955283075e+01
1.385808079493286327e+00 2.765214081918334799e+01
1.387365842062265653e+00 2.748770901562916436e+01
1.388923604631245201e+00 2.739835099832286858e+01
1.390481367200224527e+00 2.743725227906963582e+01
1.392039129769205630e+00 2.746107570175117374e+01
1.393596892338184734e+00 2.744100742802243786e+01
1.395154654907166059e+00 2.741167578725024967e+01
1.396712417476145163e+00 2.738938956232837185e+01
1.398270180045124267e+00 2.738943060692419351e+01
1.399827942614105591e+00 2.737111068349982901e+01
1.401385705183084696e+00 2.727945411256526498e+01
1.402943467752065798e+00 2.715032420552941872e+01
1.404501230321045124e+00 2.707910783920923947e+01
1.406058992890024228e+00 2.704665792948850722e+01
1.407616755459003999e+00 2.702128058848114023e+01
1.409174518027984657e+00 2.696651404617660575e+01
1.410732280596964205e+00 2.691601435502599671e+01
1.412290043165944864e+00 2.687411115921997506e+01
1.413847805734924634e+00 2.688552003762639231e+01
1.415405568303903738e+00 2.697709034680265106e+01
1.416963330872883065e+00 2.705151076998272686e+01
1.418521093441864167e+00 2.709931733846099533e+01
1.420078856010843271e+00 2.711513137512663718e+01
1.421636618579824596e+00 2.709510428436606944e+01
1.423194381148803700e+00 2.703787777290913041e+01
1.424752143717782804e+00 2.700251304875204639e+01
1.426309906286764129e+00 2.699166228046206939e+01
1.427867668855743233e+00 2.704149431832403749e+01
1.429425431424724335e+00 2.710267853629054002e+01
1.430983193993703662e+00 2.710215866219483161e+01
1.432540956562682766e+00 2.708931874941709239e+01
1.434098719131662536e+00 2.705875740537241469e+01
1.435656481700643194e+00 2.707025682005160405e+01
1.437214244269622743e+00 2.714006881703145879e+01
1.438772006838603401e+00 2.717011717044097452e+01
1.440329769407583171e+00 2.713427585794577368e+01
1.441887531976562276e+00 2.711964411206239944e+01
1.443445294545541602e+00 2.710130582772600150e+01
1.445003057114522704e+00 2.700917151760095081e+01
1.446560819683501808e+00 2.691954105216838755e+01
1.448118582252483133e+00 2.693044124301628273e+01
1.449676344821462237e+00 2.696529042741709503e+01
1.451234107390441341e+00 2.694479317884795933e+01
1.452791869959422666e+00 2.690063549717076441e+01
1.454349632528401770e+00 2.684417026633692771e+01
1.455907395097382873e+00 2.678079124750733442e+01
1.457465157666362199e+00 2.681357228383649272e+01
1.459022920235341303e+00 2.688962437248025239e+01
1.460580682804321073e+00 2.691038943008123852e+01
1.462138445373301732e+00 2.686346790163451104e+01
1.463696207942281280e+00 2.679754443584364054e+01
1.465253970511261938e+00 2.676958828961748438e+01
1.466811733080241709e+00 2.681114380016932586e+01
1.468369495649220813e+00 2.687365352649971584e+01
1.469927258218200139e+00 2.694507621065637792e+01
1.471485020787181242e+00 2.702009554287630522e+01
1.473042783356160346e+00 2.704283564742751622e+01
1.474600545925141670e+00 2.708035357998766557e+01
1.476158308494120774e+00 2.715830159542603184e+01
1.477716071063099879e+00 2.716063663459067357e+01
1.479273833632081203e+00 2.718416897602021720e+01
1.480831596201060307e+00 2.720401273331981074e+01
1.482389358770041410e+00 2.720245066591865779e+01
1.483947121339020736e+00 2.723011992762494415e+01
1.485504883907999840e+00 2.727221822839422316e+01
1.487062646476979610e+00 2.734189831654083491e+01
1.488620409045960269e+00 2.737612102525218560e+01
1.490178171614939817e+00 2.739016629435947081e+01
1.491735934183920476e+00 2.743750580875860834e+01
1.493293696752900246e+00 2.749931389582034669e+01
1.494851459321879350e+00 2.754249817691787072e+01
1.496409221890858676e+00 2.757217245287874974e+01
1.497966984459839779e+00 2.758446153389131439e+01
1.499524747028818883e+00 2.760281033626365144e+01
1.501082509597800208e+00 2.763574714024596446e+01
1.502640272166779312e+00 2.764841224088768001e+01
1.504198034735758416e+00 2.766081022747672691e+01
1.505755797304739740e+00 2.768490878394159438e+01
1.507313559873718845e+00 2.769123065285992524e+01
1.508871322442699947e+00 2.763527875091573804e+01
1.510429085011679273e+00 2.760588050554171602e+01
1.511986847580658377e+00 2.759507093746110229e+01
1.513544610149638148e+00 2.753029284332959747e+01
1.515102372718618806e+00 2.749004084271908610e+01
1.516660135287598354e+00 2.745568206858470006e+01
1.518217897856579013e+00 2.744410538813042422e+01
1.519775660425558783e+00 2.745044111534996745e+01
1.521333422994537887e+00 2.737391055177320354e+01
1.522891185563517213e+00 2.727117106190124218e+01
1.524448948132498316e+00 2.721494342434126779e+01
1.526006710701477420e+00 2.719920099316722428e+01
1.527564473270458745e+00 2.715068990181796238e+01
1.529122235839437849e+00 2.711208208414396381e+01
1.530679998408416953e+00 2.717527447302078869e+01
1.532237760977398278e+00 2.722064275579623072e+01
1.533795523546377382e+00 2.718506339965424701e+01
1.535353286115358484e+00 2.713470900021681231e+01
1.536911048684337810e+00 2.712112032157654440e+01
1.538468811253316915e+00 2.715279668098520105e+01
1.540026573822296685e+00 2.717437987142746181e+01
1.541584336391277343e+00 2.718772823618348866e+01
1.543142098960256892e+00 2.723965107224552185e+01
1.544699861529237550e+00 2.729433675393829617e+01
1.546257624098217320e+00 2.719227126474209655e+01
1.547815386667196424e+00 2.705198279258181060e+01
1.549373149236175751e+00 2.701519251176753755e+01
1.550930911805156853e+00 2.696298490728142383e+01
1.552488674374135957e+00 2.687361846841146118e+01
1.554046436943117282e+00 2.682337996419155601e+01
1.555604199512096386e+00 2.681268174851439312e+01
1.557161962081075490e+00 2.680785778071951597e+01
1.558719724650056815e+00 2.683782245706780500e+01
1.560277487219035919e+00 2.684624395969640176e+01
1.561835249788017022e+00 2.684587412988183175e+01
1.563393012356996348e+00 2.686267468827369242e+01
1.564950774925975896e+00 2.690100193897651693e+01
1.566508537494955222e+00 2.695523713819196132e+01
1.568066300063935881e+00 2.699548449578158582e+01
1.569624062632915429e+00 2.700854329449562385e+01
1.571181825201896087e+00 2.699478378799342693e+01
1.572739587770875858e+00 2.695828262969184053e+01
1.574297350339854962e+00 2.689426679324685665e+01
1.575855112908834288e+00 2.684950579566488216e+01
1.577412875477815390e+00 2.682844166709582723e+01
1.578970638046794495e+00 2.686785958830698817e+01
1.580528400615775819e+00 2.686033632970777418e+01
1.582086163184754923e+00 2.683094439675669562e+01
1.583643925753734027e+00 2.681180232490301663e+01
1.585201688322715352e+00 2.673780442505140797e+01
1.586759450891694456e+00 2.669071038469034463e+01
1.588317213460675559e+00 2.670155980616796754e+01
1.589874976029654885e+00 2.672409222161424935e+01
1.591432738598634433e+00 2.673486784551410622e+01
1.592990501167613759e+00 2.671986933303790934e+01
1.594548263736594418e+00 2.667176855336427010e+01
1.596106026305573966e+00 2.663642888420137922e+01
1.597663788874554625e+00 2.660031329008343803e+01
1.599221551443534395e+00 2.658704127681090768e+01
1.600779314012513499e+00 2.664195506896970755e+01
1.602337076581492825e+00 2.667433403979130091e+01
1.603894839150473928e+00 2.660045835383479940e+01
1.605452601719453032e+00 2.649768959124871159e+01
1.607010364288434356e+00 2.645520942166273670e+01
1.608568126857413461e+00 2.644946375412284567e+01
1.610125889426392565e+00 2.644362409924229951e+01
1.611683651995373889e+00 2.645102555941697986e+01
1.613241414564352993e+00 2.646782738498926690e+01
1.614799177133334096e+00 2.644620476625562588e+01
1.616356939702313422e+00 2.641811014664370916e+01
1.617914702271292970e+00 2.642453690355127449e+01
1.619472464840272297e+00 2.644023246431243024e+01
1.621030227409252955e+00 2.645210597432564015e+01
1.622587989978232503e+00 2.643163533673422805e+01
1.624145752547213162e+00 2.640471670994890729e+01
1.625703515116192932e+00 2.637358811406776482e+01
1.627261277685172036e+00 2.635823719906376539e+01
1.628819040254151362e+00 2.637586670333197247e+01
1.630376802823132465e+00 2.636461911354119536e+01
1.631934565392111569e+00 2.631666865357551188e+01
1.633492327961092894e+00 2.632188313133586277e+01
1.635050090530071998e+00 2.632612988584496705e+01
1.636607853099051102e+00 2.633673959687445176e+01
1.638165615668032427e+00 2.635413064957233331e+01
1.639723378237011531e+00 2.633468308912245703e+01
1.641281140805992633e+00 2.629297304642776822e+01
1.642838903374971959e+00 2.623291163156265426e+01
1.644396665943951508e+00 2.617970415302947984e+01
1.645954428512930834e+00 2.614435290975152526e+01
1.647512191081911492e+00 2.609395554655021954e+01
1.649069953650891041e+00 2.600750787359727312e+01
1.650627716219871699e+00 2.592139347544123140e+01
1.652185478788851469e+00 2.586593420997007797e+01
1.653743241357830573e+00 2.580580998754570032e+01
1.655301003926809900e+00 2.571350504440532703e+01
1.656858766495791002e+00 2.566056408799017774e+01
1.658416529064770106e+00 2.561763081806121889e+01
1.659974291633751431e+00 2.552723368580270602e+01
1.661532054202730535e+00 2.542747100472304211e+01
1.663089816771709639e+00 2.533702147083450029e+01
1.664647579340690964e+00 2.527598019448922528e+01
1.666205341909670068e+00 2.519819938649828117e+01
1.667763104478651170e+00 2.509754899465234956e+01
1.669320867047630497e+00 2.505673588973734311e+01
1.670878629616610045e+00 2.502927513457782283e+01
1.672436392185589371e+00 2.499160984430944765e+01
1.673994154754570030e+00 2.492691802711403071e+01
1.675551917323549578e+00 2.481744120827100630e+01
1.677109679892530236e+00 2.470799457888912798e+01
1.678667442461510007e+00 2.468394465905050694e+01
1.680225205030489111e+00 2.465619011050232956e+01
1.681782967599468437e+00 2.461950479750729315e+01
1.683340730168449539e+00 2.457737942838011236e+01
1.684898492737428644e+00 2.452274278560592791e+01
1.686456255306409968e+00 2.443539280088386434e+01
1.688014017875389072e+00 2.433572407013657823e+01
1.689571780444368176e+00 2.424692264769634065e+01
1.691129543013349501e+00 2.419714659758502862e+01
1.692687305582328605e+00 2.417856130049688801e+01
1.694245068151309708e+00 2.413716957709133837e+01
1.695802830720289034e+00 2.406209112179731235e+01
1.697360593289268582e+00 2.396850931528714312e+01
1.698918355858247908e+00 2.385223092591786909e+01
1.700476118427228567e+00 2.368876006335488427e+01
1.702033880996208115e+00 2.364176237197589359e+01
1.703591643565188773e+00 2.368980394509243581e+01
1.705149406134168544e+00 2.367052185254387453e+01
1.706707168703147648e+00 2.363046186036214280e+01
1.708264931272126974e+00 2.359296016227492387e+01
1.709822693841108077e+00 2.356091789139344428e+01
1.711380456410087181e+00 2.353639396702982367e+01
1.712938218979068505e+00 2.348494393201504593e+01
1.714495981548047610e+00 2.342418809262161616e+01
1.716053744117027380e+00 2.340263869698200949e+01
1.717611506686008038e+00 2.340103268925854252e+01
1.719169269254987142e+00 2.337488586745489982e+01
1.720727031823968245e+00 2.336386949510635702e+01
1.722284794392947571e+00 2.336806433740680689e+01
1.723842556961927119e+00 2.338239997870057962e+01
1.725400319530906446e+00 2.342118769035135273e+01
1.726958082099887104e+00 2.339235690197910245e+01
1.728515844668866652e+00 2.332098744551047886e+01
1.730073607237847311e+00 2.334417821978286156e+01
1.731631369806827081e+00 2.342104490590038779e+01
1.733189132375806185e+00 2.345510718123801652e+01
1.734746894944785511e+00 2.337252635793887023e+01
1.736304657513766614e+00 2.330726016212040719e+01
1.737862420082745718e+00 2.332734576087172229e+01
1.739420182651727043e+00 2.333378976481319000e+01
1.740977945220706147e+00 2.338361868768539864e+01
1.742535707789685917e+00 2.343961438572238620e+01
1.744093470358666575e+00 2.343598444975854633e+01
1.745651232927645680e+00 2.343511540516112035e+01
1.747208995496626782e+00 2.344942981013274519e+01
1.748766758065606108e+00 2.341746859993279983e+01
1.750324520634585657e+00 2.337701805589397708e+01
1.751882283203564983e+00 2.337087541466622653e+01
1.753440045772545641e+00 2.336247147704285609e+01
1.754997808341525189e+00 2.333693854606193341e+01
1.756555570910505848e+00 2.327150003930844946e+01
1.758113333479485618e+00 2.323447242098131227e+01
1.759671096048464722e+00 2.326986424985145518e+01
1.761228858617444049e+00 2.332371215626760375e+01
1.762786621186425151e+00 2.335692632749954356e+01
1.764344383755404255e+00 2.335429903699398935e+01
1.765902146324385580e+00 2.336508710100709862e+01
1.767459908893364684e+00 2.342590423092087093e+01
1.769017671462344454e+00 2.343695118103926234e+01
1.770575434031325113e+00 2.345768623138791042e+01
1.772133196600304217e+00 2.348818773049569586e+01
1.773690959169285319e+00 2.346130801435005253e+01
1.775248721738264646e+00 2.341637769467600094e+01
1.776806484307244194e+00 2.345661538930206902e+01
1.778364246876223076e+00 2.352116850771691148e+01
1.779922009445203956e+00 2.357241553497274467e+01
1.781479772014183949e+00 2.363488681295832450e+01
1.783037534583164829e+00 2.361478959166017333e+01
1.784595297152144155e+00 2.356342856854661605e+01
1.786153059721123260e+00 2.355584767865754614e+01
1.787710822290102142e+00 2.355903651941941135e+01
1.789268584859083688e+00 2.354596972693524393e+01
1.790826347428063015e+00 2.353228565664013416e+01
1.792384109997044117e+00 2.351545042647508765e+01
1.793941872566023221e+00 2.347749559335023051e+01
1.795499635135002547e+00 2.350406836861512616e+01
1.797057397703983428e+00 2.351663287483241049e+01
1.798615160272962754e+00 2.345412676368173166e+01
1.800172922841944301e+00 2.343834945300099193e+01
1.801730685410923183e+00 2.346530270700065657e+01
1.803288447979902731e+00 2.345628156006248588e+01
1.804846210548881613e+00 2.344196771257184153e+01
1.806403973117862494e+00 2.344276139856989616e+01
1.807961735686842486e+00 2.343429790053228956e+01
1.809519498255823367e+00 2.341466538711891587e+01
1.811077260824802693e+00 2.340507424133023662e+01
1.812635023393781797e+00 2.339365817909224532e+01
1.814192785962760679e+00 2.340906739326696240e+01
1.815750548531742226e+00 2.344179677211562307e+01
1.817308311100721552e+00 2.344254220489512264e+01
1.818866073669702654e+00 2.342438905325673915e+01
1.820423836238681758e+00 2.341471500481087276e+01
1.821981598807661085e+00 2.339694090006020133e+01
1.823539361376641965e+00 2.338176040877939954e+01
1.825097123945621291e+00 2.336849461539735984e+01
1.826654886514602838e+00 2.333330347701864582e+01
1.828212649083581720e+00 2.328619746823160241e+01
1.829770411652561268e+00 2.326101125163050654e+01
1.831328174221540150e+00 2.324241157207338659e+01
1.832885936790521031e+00 2.324246156858902168e+01
1.834443699359501023e+00 2.319460907437996866e+01
1.836001461928481904e+00 2.312847221455471569e+01
1.837559224497461230e+00 2.307409282241515669e+01
1.839116987066440334e+00 2.300289795313397789e+01
1.840674749635419216e+00 2.296694595070063016e+01
1.842232512204400763e+00 2.293970927969498064e+01
1.843790274773380089e+00 2.287113704196255881e+01
1.845348037342361192e+00 2.283868818332653206e+01
1.846905799911340296e+00 2.280592870416413476e+01
1.848463562480319622e+00 2.273057627243351320e+01
1.850021325049300502e+00 2.265991222935827309e+01
1.851579087618279829e+00 2.263703967682342011e+01
1.853136850187261375e+00 2.265373831374350999e+01
1.854694612756240257e+00 2.266916161246534500e+01
1.856252375325219806e+00 2.265441202540073462e+01
1.857810137894198688e+00 2.258047960963735079e+01
1.859367900463179568e+00 2.248109162955946516e+01
1.860925663032159560e+00 2.241575847322838655e+01
1.862483425601140441e+00 2.240178170659993384e+01
1.864041188170119767e+00 2.239420456933542170e+01
1.865598950739098871e+00 2.235431547470758673e+01
1.867156713308077753e+00 2.230819848658839888e+01
1.868714475877059300e+00 2.230341847045632520e+01
1.870272238446038626e+00 2.232538799486445313e+01
1.871830001015019729e+00 2.230623726692747866e+01
1.873387763583998833e+00 2.227245717503762279e+01
1.874945526152978159e+00 2.229348852734715081e+01
1.876503288721959040e+00 2.230292534917290226e+01
1.878061051290938366e+00 2.227618189082269495e+01
1.879618813859919912e+00 2.228751791017781159e+01
1.881176576428898795e+00 2.223969012841510917e+01
1.882734338997878343e+00 2.221237481982956297e+01
1.884292101566857225e+00 2.228866991492754224e+01
1.885849864135838105e+00 2.230069664531779239e+01
1.887407626704818098e+00 2.224746669186958670e+01
1.888965389273798978e+00 2.222961804096192395e+01
1.890523151842778304e+00 2.226937815843482582e+01
1.892080914411757409e+00 2.227200957406450499e+01
1.893638676980738511e+00 2.216695285906446955e+01
1.895196439549718503e+00 2.198095235843396722e+01
1.896754202118697163e+00 2.186404105969547373e+01
1.898311964687678266e+00 2.185348572694201508e+01
1.899869727256657370e+00 2.180290080449606194e+01
1.901427489825636696e+00 2.174455168597995680e+01
1.902985252394617577e+00 2.171480013240453033e+01
1.904543014963596237e+00 2.172504710422915508e+01
1.906100777532578450e+00 2.175606648608118476e+01
1.907658540101557332e+00 2.172929991403678329e+01
1.909216302670536880e+00 2.166084108009102849e+01
1.910774065239515762e+00 2.161863643629312293e+01
1.912331827808496643e+00 2.163809799282425672e+01
1.913889590377476635e+00 2.163710528064781613e+01
1.915447352946457515e+00 2.157505702509550005e+01
1.917005115515436842e+00 2.155953254072943892e+01
1.918562878084415946e+00 2.159362273593607284e+01
1.920120640653397048e+00 2.161381953436580972e+01
1.921678403222375708e+00 2.162136886681383885e+01
1.923236165791355701e+00 2.158065412302969577e+01
1.924793928360336803e+00 2.151490533049743448e+01
1.926351690929315907e+00 2.149977313998739348e+01
1.927909453498295234e+00 2.150473189782166372e+01
1.929467216067276114e+00 2.152979833556428702e+01
1.931024978636256106e+00 2.157874122468503586e+01
1.932582741205236987e+00 2.155924439193813669e+01
1.934140503774215869e+00 2.152042223899733031e+01
1.935698266343195417e+00 2.148521474970110035e+01
1.937256028912174299e+00 2.145716213000273243e+01
1.938813791481155180e+00 2.147895021983367414e+01
1.940371554050135172e+00 2.151056373793217347e+01
1.941929316619116053e+00 2.154007543672453906e+01
1.943487079188095379e+00 2.157412394542709322e+01
1.945044841757074483e+00 2.155419662559570071e+01
1.946602604326055586e+00 2.150333564279714693e+01
1.948160366895035578e+00 2.147856946201578410e+01
1.949718129464014238e+00 2.146878201820021204e+01
1.951275892032995340e+00 2.144883599508394312e+01
1.952833654601974445e+00 2.141090879369152944e+01
1.954391417170953771e+00 2.132859099239297862e+01
1.955949179739934651e+00 2.119517493610000969e+01
1.957506942308913311e+00 2.108088017943117620e+01
1.959064704877895524e+00 2.103230880117300927e+01
1.960622467446874406e+00 2.102734455917042311e+01
1.962180230015853954e+00 2.102564360954951539e+01
1.963737992584832837e+00 2.102038309529321580e+01
1.965295755153813717e+00 2.107162290605981170e+01
1.966853517722793709e+00 2.110942619455374114e+01
1.968411280291774590e+00 2.104459092141249954e+01
1.969969042860753916e+00 2.093442990610165921e+01
1.971526805429733020e+00 2.088327118521040404e+01
1.973084567998714123e+00 2.089133517612019730e+01
1.974642330567692783e+00 2.086721977913823522e+01
1.976200093136672775e+00 2.083954746596412022e+01
1.977757855705653878e+00 2.086076614299935983e+01
1.979315618274632982e+00 2.085568327314244286e+01
1.980873380843612308e+00 2.078884647550226106e+01
1.982431143412593189e+00 2.074030325030488342e+01
1.983988905981573181e+00 2.072809491700795803e+01
1.985546668550554061e+00 2.070581871070562840e+01
1.987104431119532943e+00 2.068794853189435656e+01
1.988662193688512492e+00 2.068824364955106176e+01
1.990219956257491374e+00 2.065517781422597565e+01
1.991777718826472254e+00 2.061383586947431823e+01
1.993335481395452247e+00 2.058765897689518098e+01
1.994893243964433127e+00 2.056257302404420528e+01
1.996451006533412453e+00 2.054243670616637729e+01
1.998008769102391557e+00 2.050211223110595427e+01
1.999566531671372660e+00 2.050479383462358385e+01
2.001124294240352874e+00 2.052914605229200617e+01
2.002682056809331534e+00 2.054451441185675620e+01
2.004239819378312415e+00 2.056690263919187345e+01
2.005797581947291519e+00 2.052966496320628664e+01
2.007355344516271067e+00 2.052576266328962973e+01
2.008913107085251504e+00 2.053533258093241187e+01
2.010470869654230164e+00 2.047092910406462707e+01
2.012028632223212377e+00 2.041199571682029301e+01
2.013586394792191481e+00 2.040280225951695670e+01
2.015144157361171029e+00 2.042604681301918035e+01
2.016701919930150133e+00 2.042239385561247289e+01
2.018259682499130570e+00 2.033772841088625682e+01
2.019817445068111006e+00 2.027990901407353874e+01
2.021375207637091442e+00 2.028676482632605627e+01
2.022932970206070991e+00 2.027809206505819617e+01
2.024490732775050095e+00 2.033900028180660158e+01
2.026048495344030975e+00 2.036251953819690286e+01
2.027606257913009635e+00 2.033560908131008915e+01
2.029164020481990072e+00 2.032039768080659314e+01
2.030721783050970952e+00 2.023765538523592866e+01
2.032279545619950056e+00 2.018064810007344789e+01
2.033837308188929605e+00 2.020055411976930770e+01
2.035395070757910041e+00 2.016186379216184221e+01
2.036952833326890477e+00 2.011974958663039459e+01
2.038510595895870914e+00 2.015128018987053693e+01
2.040068358464850018e+00 2.014192988414200158e+01
2.041626121033829566e+00 2.012095027219434940e+01
2.043183883602808670e+00 2.010016912728654503e+01
2.044741646171789107e+00 2.003440735560738872e+01
2.046299408740769543e+00 1.998830653615235065e+01
2.047857171309749980e+00 1.998843858882737123e+01
2.049414933878729528e+00 2.002058520430851729e+01
2.050972696447708632e+00 2.011497216102195296e+01
2.052530459016689512e+00 2.016157471125241685e+01
2.054088221585669949e+00 2.012007576149680332e+01
2.055645984154648609e+00 2.012769173167089320e+01
2.057203746723629489e+00 2.013135777336245269e+01
2.058761509292608594e+00 2.008431247002037168e+01
2.060319271861588142e+00 2.006261804429804485e+01
2.061877034430568578e+00 2.005955729737895865e+01
2.063434796999547238e+00 2.004942305753820975e+01
2.064992559568529451e+00 2.001768792524368124e+01
2.066550322137508555e+00 1.999411019615565621e+01
2.068108084706488103e+00 2.000500214922718811e+01
2.069665847275467208e+00 2.001540695851031515e+01
2.071223609844449420e+00 2.005349835876684139e+01
2.072781372413428080e+00 2.007168784975313258e+01
2.074339134982408517e+00 2.002506664431466987e+01
2.075896897551388065e+00 2.000317119923447962e+01
2.077454660120367169e+00 1.999885393754867735e+01
2.079012422689348050e+00 1.999354912862008860e+01
2.080570185258326710e+00 2.002125759882318334e+01
2.082127947827307146e+00 2.005056041502889386e+01
2.083685710396288027e+00 2.004115367504591916e+01
2.085243472965267131e+00 2.002261147774641259e+01
2.086801235534246679e+00 2.002425525489677938e+01
2.088358998103227115e+00 2.001656543815052913e+01
2.089916760672207552e+00 2.004010224232939308e+01
2.091474523241187988e+00 2.005801469612070775e+01
2.093032285810167092e+00 1.999603433177309597e+01
2.094590048379146641e+00 1.995808347445967001e+01
2.096147810948125745e+00 1.997853276695363434e+01
2.097705573517106181e+00 1.995037977253415917e+01
2.099263336086086618e+00 1.989704309438525698e+01
2.100821098655067054e+00 1.989337862993246731e+01
2.102378861224046602e+00 1.988144983075536487e+01
2.103936623793025706e+00 1.982579069584407350e+01
2.105494386362006587e+00 1.974764319958498859e+01
2.107052148930987023e+00 1.965719414361888084e+01
2.108609911499965683e+00 1.964417617167483954e+01
2.110167674068946564e+00 1.973017268409735081e+01
2.111725436637925668e+00 1.980998707440312856e+01
2.113283199206905216e+00 1.984965591478803049e+01
2.114840961775885653e+00 1.988142851365691399e+01
2.116398724344864313e+00 1.990489760216940240e+01
2.117956486913846526e+00 1.992953531833779834e+01
2.119514249482825630e+00 1.992184605168945311e+01
2.121072012051805178e+00 1.985042742505898516e+01
2.122629774620784282e+00 1.984275492506010252e+01
2.124187537189766495e+00 1.990892825007566458e+01
2.125745299758745155e+00 1.997263461756897129e+01
2.127303062327725591e+00 1.999541534610860083e+01
2.128860824896705140e+00 1.996336214663685737e+01
2.130418587465684244e+00 1.995851145742390642e+01
2.131976350034665124e+00 1.998333339947810217e+01
2.133534112603643784e+00 1.995141329177506506e+01
2.135091875172624221e+00 1.990729139011105886e+01
2.136649637741605101e+00 1.994517738540110230e+01
2.138207400310584205e+00 2.001517612263810264e+01
2.139765162879563754e+00 2.006037040087597845e+01
2.141322925448544190e+00 2.008780078500295474e+01
2.142880688017524626e+00 2.006918109827841334e+01
2.144438450586505063e+00 1.999454086817705445e+01
2.145996213155484167e+00 1.996017331945263251e+01
2.147553975724463715e+00 1.996872097707198890e+01
2.149111738293442819e+00 1.996770547031447762e+01
2.150669500862423256e+00 1.996291804471286468e+01
2.152227263431403692e+00 1.996158833187449488e+01
2.153785026000384129e+00 1.998372230119491988e+01
2.155342788569363677e+00 2.000561625996459370e+01
2.156900551138342781e+00 2.000532461112499760e+01
2.158458313707323661e+00 1.999232359870599041e+01
2.160016076276304098e+00 1.998680201458878614e+01
2.161573838845282758e+00 1.999352873617752380e+01
2.163131601414263638e+00 1.994934027729260251e+01
2.164689363983242743e+00 1.989192465412747524e+01
2.166247126552222291e+00 1.988965085337042282e+01
2.167804889121202727e+00 1.993558401111585354e+01
2.169362651690181387e+00 1.999351441136654373e+01
2.170920414259163600e+00 1.998711112151106306e+01
2.172478176828142704e+00 1.996226454893027480e+01
2.174035939397122252e+00 2.000871922231802813e+01
2.175593701966101357e+00 2.006350581520942100e+01
2.177151464535083569e+00 2.004832342195408401e+01
2.178709227104062229e+00 2.001181098410702575e+01
2.180266989673042666e+00 1.991296416784495804e+01
2.181824752242022214e+00 1.984849916552416360e+01
2.183382514811001318e+00 1.980967916833727216e+01
2.184940277379982199e+00 1.980216233064317422e+01
2.186498039948960859e+00 1.989139616099734198e+01
2.188055802517941295e+00 1.991169830365014803e+01
2.189613565086922176e+00 1.987131310335731982e+01
2.191171327655901280e+00 1.988024353788042120e+01
2.192729090224880828e+00 1.990448221252854566e+01
2.194286852793861264e+00 1.989584028756703304e+01
2.195844615362841701e+00 1.988609727880997013e+01
2.197402377931822137e+00 1.984460343999855070e+01
2.198960140500801241e+00 1.980356960498125218e+01
2.200517903069780790e+00 1.979241893953381748e+01
2.202075665638759894e+00 1.972689801251250685e+01
2.203633428207740330e+00 1.966707514130328249e+01
2.205191190776720767e+00 1.963328225575335395e+01
2.206748953345701203e+00 1.960655077063946194e+01
2.208306715914680751e+00 1.960875180180832800e+01
2.209864478483659855e+00 1.959772408179009062e+01
2.211422241052640736e+00 1.956338229432740405e+01
2.212980003621621172e+00 1.952987470530450054e+01
2.214537766190599832e+00 1.950029556903630379e+01
2.216095528759580713e+00 1.946112571519809009e+01
2.217653291328559817e+00 1.942698330361758963e+01
2.219211053897539365e+00 1.945490061820777683e+01
2.220768816466519802e+00 1.952405330452422660e+01
2.222326579035500238e+00 1.954299741150266456e+01
2.223884341604480674e+00 1.951014448254418099e+01
2.225442104173459779e+00 1.949627717468249344e+01
2.226999866742439327e+00 1.948345882762962944e+01
2.228557629311418431e+00 1.942732055793922896e+01
2.230115391880400644e+00 1.938225055313075984e+01
2.231673154449379304e+00 1.940342837779571639e+01
2.233230917018359740e+00 1.941166109564037967e+01
2.234788679587339288e+00 1.939247841004899442e+01
2.236346442156318393e+00 1.940827653076652126e+01
2.237904204725299273e+00 1.941191049625548715e+01
2.239461967294277933e+00 1.941765706708795136e+01
2.241019729863258370e+00 1.942913532001211507e+01
2.242577492432239250e+00 1.941489167885202249e+01
2.244135255001218354e+00 1.940045064758054139e+01
2.245693017570197902e+00 1.934464543720442364e+01
2.247250780139178339e+00 1.928376490579282176e+01
2.248808542708158775e+00 1.931287661530335953e+01
2.250366305277139212e+00 1.933218874402980703e+01
2.251924067846118316e+00 1.926605394340961297e+01
2.253481830415097864e+00 1.922886250903193428e+01
2.255039592984076968e+00 1.922651611829353158e+01
2.256597355553057405e+00 1.923095482798251155e+01
2.258155118122037841e+00 1.927084969992764130e+01
2.259712880691018277e+00 1.931223090053946834e+01
2.261270643259997826e+00 1.936392328680935293e+01
2.262828405828976930e+00 1.937264550639113381e+01
2.264386168397957810e+00 1.931665761682388549e+01
2.265943930966938247e+00 1.927826949022063729e+01
2.267501693535916907e+00 1.927629089674803708e+01
2.269059456104897787e+00 1.928039492805277533e+01
2.270617218673876891e+00 1.925889407348366333e+01
2.272174981242856440e+00 1.921823217174295451e+01
2.273732743811836876e+00 1.917844929365115192e+01
2.275290506380817313e+00 1.918372171409709992e+01
2.276848268949797749e+00 1.921181942926376252e+01
2.278406031518776853e+00 1.918972790204234968e+01
2.279963794087756401e+00 1.917587101100574998e+01
2.281521556656735505e+00 1.919791092663318111e+01
2.283079319225717718e+00 1.921434202641856714e+01
2.284637081794696378e+00 1.924386158450667139e+01
2.286194844363676815e+00 1.929323940814659011e+01
2.287752606932656363e+00 1.930041528861775646e+01
2.289310369501635467e+00 1.926405616003497556e+01
2.290868132070615903e+00 1.925394974949240279e+01
2.292425894639595008e+00 1.921904097869545680e+01
2.293983657208575888e+00 1.916061945501835950e+01
2.295541419777556325e+00 1.913433081289122484e+01
2.297099182346535429e+00 1.912216393145103766e+01
2.298656944915514977e+00 1.915488440749705035e+01
2.300214707484494969e+00 1.920867008967056222e+01
2.301772470053476294e+00 1.921143117379622112e+01
2.303330232622456286e+00 1.918457697962602992e+01
2.304887995191435390e+00 1.919309210653413800e+01
2.306445757760414939e+00 1.919731305958145029e+01
2.308003520329394043e+00 1.918452962936091311e+01
2.309561282898374479e+00 1.918603917989434393e+01
2.311119045467355360e+00 1.916314089366661477e+01
2.312676808036335352e+00 1.916576408744631266e+01
2.314234570605314900e+00 1.917558407503158335e+01
2.315792333174294004e+00 1.912839834761391344e+01
2.317350095743274441e+00 1.911636105888463888e+01
2.318907858312255321e+00 1.911641826048747461e+01
2.320465620881234425e+00 1.909301130328832485e+01
2.322023383450214862e+00 1.910201257826576082e+01
2.323581146019193966e+00 1.910185505520640348e+01
2.325138908588173514e+00 1.905803273410045406e+01
2.326696671157153506e+00 1.904474055964960755e+01
2.328254433726134831e+00 1.901376610948514312e+01
2.329812196295114823e+00 1.892765810036462781e+01
2.331369958864093928e+00 1.886355700060393659e+01
2.332927721433073476e+00 1.884843141142822276e+01
2.334485484002052580e+00 1.884573115855641134e+01
2.336043246571034793e+00 1.882336014188324214e+01
2.337601009140013897e+00 1.876673184716310416e+01
2.339158771708993889e+00 1.875689683171915334e+01
2.340716534277973437e+00 1.877227773096775465e+01
2.342274296846952542e+00 1.873641262245832806e+01
2.343832059415932978e+00 1.872448739878980817e+01
2.345389821984912082e+00 1.870665671537744146e+01
2.346947584553894295e+00 1.865638487781784249e+01
2.348505347122873399e+00 1.861657339070026396e+01
2.350063109691852503e+00 1.856577339198325305e+01
2.351620872260832051e+00 1.851813277555833537e+01
2.353178634829812044e+00 1.846134860705925718e+01
2.354736397398793368e+00 1.842510672881538625e+01
2.356294159967773361e+00 1.843659345872443822e+01
2.357851922536752465e+00 1.843008569055860590e+01
2.359409685105732013e+00 1.835374355934380119e+01
2.360967447674711117e+00 1.828470456122450472e+01
2.362525210243691554e+00 1.826125434121647828e+01
2.364082972812672434e+00 1.822756575144957836e+01
2.365640735381652426e+00 1.820855692094005107e+01
2.367198497950631975e+00 1.822509129615280798e+01
2.368756260519611079e+00 1.823516698569642358e+01
2.370314023088591515e+00 1.825471600664882743e+01
2.371871785657572396e+00 1.825194983160394457e+01
2.373429548226552832e+00 1.825196110180357323e+01
2.374987310795531936e+00 1.824903283548343680e+01
2.376545073364511040e+00 1.818878335158661486e+01
2.378102835933490589e+00 1.815023127657483215e+01
2.379660598502470581e+00 1.816174591523036597e+01
2.381218361071451906e+00 1.816200517273339798e+01
2.382776123640431898e+00 1.813621491596877533e+01
2.384333886209411002e+00 1.813254724377974725e+01
2.385891648778390550e+00 1.816771567210088989e+01
2.387449411347369654e+00 1.819668813793722251e+01
2.389007173916351867e+00 1.820686700413178016e+01
2.390564936485330971e+00 1.817084420387759991e+01
2.392122699054310964e+00 1.816880586535457098e+01
2.393680461623290512e+00 1.817658837137865646e+01
2.395238224192269616e+00 1.814084686125999468e+01
2.396795986761250052e+00 1.811431882426303019e+01
2.398353749330229157e+00 1.806947100838307563e+01
2.399911511899211369e+00 1.805042990997929664e+01
2.401469274468190473e+00 1.809596985213655884e+01
2.403027037037169578e+00 1.815022443999006185e+01
2.404584799606149126e+00 1.814748102098992177e+01
2.406142562175129118e+00 1.810854709322209644e+01
2.407700324744110443e+00 1.810358984015310568e+01
2.409258087313090435e+00 1.809902118314791863e+01
2.410815849882069539e+00 1.811667906994007637e+01
2.412373612451049087e+00 1.812853893326719046e+01
2.413931375020028192e+00 1.808272114739553160e+01
2.415489137589008628e+00 1.803313648030293947e+01
2.417046900157989509e+00 1.797693424196409850e+01
2.418604662726969501e+00 1.795131926933533251e+01
2.420162425295949049e+00 1.795259562147730747e+01
2.421720187864928153e+00 1.793683647123987157e+01
2.423277950433908590e+00 1.793588905820833901e+01
2.424835713002889470e+00 1.795262029365599332e+01
2.426393475571869907e+00 1.797713772715410485e+01
2.427951238140849011e+00 1.802858886737385546e+01
2.429509000709828115e+00 1.804747613886042856e+01
2.431066763278807663e+00 1.802267271373273161e+01
2.432624525847787655e+00 1.800883096680945883e+01
2.434182288416768980e+00 1.803556431297383611e+01
2.435740050985748972e+00 1.806073113932055207e+01
2.437297813554728076e+00 1.801770106472496025e+01
2.438855576123707625e+00 1.796620011183801680e+01
2.440413338692686729e+00 1.796120991422480628e+01
2.441971101261668942e+00 1.793468341240240349e+01
2.443528863830648046e+00 1.789244494619453363e+01
2.445086626399628038e+00 1.792787246110118105e+01
2.446644388968607586e+00 1.797543723887286404e+01
2.448202151537586690e+00 1.796403601837159414e+01
2.449759914106567127e+00 1.792557334614985720e+01
2.451317676675546231e+00 1.789837419474325486e+01
2.452875439244528444e+00 1.791147733185520963e+01
2.454433201813507548e+00 1.790370796879568260e+01
2.455990964382486652e+00 1.788220345526793764e+01
2.457548726951466200e+00 1.788874448577646703e+01
2.459106489520446193e+00 1.791084501367851445e+01
2.460664252089427517e+00 1.791041813170039276e+01
2.462222014658407510e+00 1.789509429550493280e+01
2.463779777227386614e+00 1.790822106978615835e+01
2.465337539796366162e+00 1.790826221524963557e+01
2.466895302365345266e+00 1.791742402623859221e+01
2.468453064934325258e+00 1.793798637331328649e+01
2.470010827503306583e+00 1.792669146427265758e+01
2.471568590072286575e+00 1.793864072788374031e+01
2.473126352641266124e+00 1.796524642403673155e+01
2.474684115210245228e+00 1.792691843158681309e+01
2.476241877779225664e+00 1.786830604841079051e+01
2.477799640348206989e+00 1.782933018150450977e+01
2.479357402917186981e+00 1.780382721146936831e+01
2.480915165486166085e+00 1.780229088846909846e+01
2.482472928055145189e+00 1.777288108153697266e+01
2.484030690624124738e+00 1.776372991552036140e+01
2.485588453193104730e+00 1.778299046749446788e+01
2.487146215762086054e+00 1.777089385897472695e+01
2.488703978331066047e+00 1.770698523913079825e+01
2.490261740900045151e+00 1.765216525627880628e+01
2.491819503469024699e+00 1.764798902973776507e+01
2.493377266038003803e+00 1.768611207228890336e+01
2.494935028606986460e+00 1.770426930176482117e+01
2.496492791175965120e+00 1.762975564742338719e+01
2.498050553744945557e+00 1.755256918513900644e+01
2.499608316313924661e+00 1.751508414486753296e+01
2.501166078882903765e+00 1.748304553265399264e+01
2.502723841451884201e+00 1.747066660869598920e+01
2.504281604020862861e+00 1.748546636978398183e+01
2.505839366589845518e+00 1.749754346317597253e+01
2.507397129158824622e+00 1.748235680377313983e+01
2.508954891727803727e+00 1.747449717272027314e+01
2.510512654296783275e+00 1.744472174225916206e+01
2.512070416865763267e+00 1.739340535435676216e+01
2.513628179434744592e+00 1.737141685179136275e+01
2.515185942003724584e+00 1.738550132205643450e+01
2.516743704572703688e+00 1.741175147128920742e+01
2.518301467141683236e+00 1.742414708952437508e+01
2.519859229710662341e+00 1.742443442677796739e+01
2.521416992279642333e+00 1.742115715550863442e+01
2.522974754848623657e+00 1.744268676602385781e+01
2.524532517417604094e+00 1.749250374560318377e+01
2.526090279986583198e+00 1.747990318500810858e+01
2.527648042555562302e+00 1.743992534883273038e+01
2.529205805124542739e+00 1.738228046815981642e+01
2.530763567693524063e+00 1.730489320017197130e+01
2.532321330262504055e+00 1.733259944034509203e+01
2.533879092831483160e+00 1.736776011160693045e+01
2.535436855400462264e+00 1.730685847327395166e+01
2.536994617969441812e+00 1.723907313810498110e+01
2.538552380538421804e+00 1.721026020695545000e+01
2.540110143107403129e+00 1.718494114970127740e+01
2.541667905676383121e+00 1.713340879923055127e+01
2.543225668245362225e+00 1.706777076295730211e+01
2.544783430814341774e+00 1.704659588344117083e+01
2.546341193383320878e+00 1.708602201714390745e+01
2.547898955952303535e+00 1.705621582462254793e+01
2.549456718521282195e+00 1.697565454270649710e+01
2.551014481090262631e+00 1.694302168035080314e+01
2.552572243659241735e+00 1.693173332293949329e+01
2.554130006228220839e+00 1.693993309645357570e+01
2.555687768797201276e+00 1.692594577030840952e+01
2.557245531366179936e+00 1.687662792703045866e+01
2.558803293935162593e+00 1.683424368566821272e+01
2.560361056504141697e+00 1.678974258033395017e+01
2.561918819073120801e+00 1.674922402387068487e+01
2.563476581642100349e+00 1.673304537163596351e+01
2.565034344211080342e+00 1.674796712797153475e+01
2.566592106780061666e+00 1.672531588641204436e+01
2.568149869349041658e+00 1.669641229208805555e+01
2.569707631918020763e+00 1.666236695504354870e+01
2.571265394487000311e+00 1.659504514586206980e+01
2.572823157055979415e+00 1.658551593731297658e+01
2.574380919624959407e+00 1.662947107372679412e+01
2.575938682193940732e+00 1.667634017567700155e+01
2.577496444762921168e+00 1.668449295022616141e+01
2.579054207331900272e+00 1.666833590765107687e+01
2.580611969900879377e+00 1.667866395195299845e+01
2.582169732469859813e+00 1.668595315576382987e+01
2.583727495038841138e+00 1.666043824671276496e+01
2.585285257607821130e+00 1.666982778922410446e+01
2.586843020176800234e+00 1.671659831393800033e+01
2.588400782745779338e+00 1.672449474466298369e+01
2.589958545314758886e+00 1.668872310862929353e+01
2.591516307883738879e+00 1.667180272484842263e+01
2.593074070452720203e+00 1.668269825625677782e+01
2.594631833021700196e+00 1.672323934521214639e+01
2.596189595590679300e+00 1.677760036220864137e+01
2.597747358159658848e+00 1.680852022853926186e+01
2.599305120728637952e+00 1.682159522985484301e+01
2.600862883297620609e+00 1.678641581592715681e+01
2.602420645866599269e+00 1.673357561743555522e+01
2.603978408435579706e+00 1.675596979384875596e+01
2.605536171004558810e+00 1.681703712822152852e+01
2.607093933573537914e+00 1.686890339027189256e+01
2.608651696142518350e+00 1.687384212335988565e+01
2.610209458711497010e+00 1.684924376180633843e+01
2.611767221280479667e+00 1.687385311123753340e+01
2.613324983849458771e+00 1.690403932476937499e+01
2.614882746418437875e+00 1.688792174011344827e+01
2.616440508987417424e+00 1.685602742868731596e+01
2.617998271556397416e+00 1.686619056092776603e+01
2.619556034125378741e+00 1.690722162993139932e+01
2.621113796694358733e+00 1.696071696614969326e+01
2.622671559263337837e+00 1.701257504298661871e+01
2.624229321832317385e+00 1.698569467603176264e+01
2.625787084401296489e+00 1.695417608223273831e+01
2.627344846970276482e+00 1.698426531348757962e+01
2.628902609539257806e+00 1.701660610080463343e+01
2.630460372108238243e+00 1.710941383273378591e+01
2.632018134677217347e+00 1.718420439118347787e+01
2.633575897246196451e+00 1.719031144516205245e+01
2.635133659815176888e+00 1.720143012752686928e+01
2.636691422384158212e+00 1.718131180855547413e+01
2.638249184953138204e+00 1.716170265330118383e+01
2.639806947522117309e+00 1.716789308214683274e+01
2.641364710091096413e+00 1.716843234990744449e+01
2.642922472660075961e+00 1.716377332962993307e+01
2.644480235229055953e+00 1.719094156300472065e+01
2.646037997798037278e+00 1.719854541641344170e+01
2.647595760367017270e+00 1.715734404812273439e+01
2.649153522935996818e+00 1.711610630204941685e+01
2.650711285504975923e+00 1.710059375449377939e+01
2.652269048073955027e+00 1.715454747403919455e+01
2.653826810642937684e+00 1.722000467895682263e+01
2.655384573211916344e+00 1.724320644793981216e+01
2.656942335780896780e+00 1.725618795849059950e+01
2.658500098349875884e+00 1.726110458004271209e+01
2.660057860918854988e+00 1.726423928951068021e+01
2.661615623487835425e+00 1.725500566731631125e+01
2.663173386056814085e+00 1.721536202070684851e+01
2.664731148625796742e+00 1.719392022370027462e+01
2.666288911194775846e+00 1.716736464477546775e+01
2.667846673763754950e+00 1.710533649276683832e+01
2.669404436332734498e+00 1.704710631092764928e+01
2.670962198901714046e+00 1.704129875039723174e+01
2.672519961470696259e+00 1.706855185958313825e+01
2.674077724039675807e+00 1.704560556531342996e+01
2.675635486608655356e+00 1.701629843125308383e+01
2.677193249177634460e+00 1.700057872264610737e+01
2.678751011746613564e+00 1.692822191936326348e+01
2.680308774315593556e+00 1.682933150822392676e+01
2.681866536884575325e+00 1.677272787828828982e+01
2.683424299453555317e+00 1.676147581837813050e+01
2.684982062022534421e+00 1.679383826805690205e+01
2.686539824591513526e+00 1.680324170642452941e+01
2.688097587160493518e+00 1.673173718651064945e+01
2.689655349729475287e+00 1.668682272205062134e+01
2.691213112298455279e+00 1.669169303214453848e+01
2.692770874867434383e+00 1.669100342542422055e+01
2.694328637436413487e+00 1.667351621948827045e+01
2.695886400005393035e+00 1.663560467425141454e+01
2.697444162574372584e+00 1.659293965928154080e+01
2.699001925143354796e+00 1.650046142661753734e+01
2.700559687712334345e+00 1.639347839740694113e+01
2.702117450281313893e+00 1.632090547068545305e+01
2.703675212850292997e+00 1.622883457855162703e+01
2.705232975419272101e+00 1.615746755439657534e+01
2.706790737988254758e+00 1.610663969708192411e+01
2.708348500557233862e+00 1.604668500260101638e+01
2.709906263126213855e+00 1.601460123106743438e+01
2.711464025695192959e+00 1.598345630469396816e+01
2.713021788264172063e+00 1.593010798553085294e+01
2.714579550833152055e+00 1.588604472743233664e+01
2.716137313402131159e+00 1.586724265139510415e+01
2.717695075971113816e+00 1.583312664659281843e+01
2.719252838540092920e+00 1.575512568480918674e+01
2.720810601109072024e+00 1.569083721893562888e+01
2.722368363678051573e+00 1.563591697861119734e+01
2.723926126247031121e+00 1.558176861521215528e+01
2.725483888816013334e+00 1.561448765040846354e+01
2.727041651384992882e+00 1.569758989082345124e+01
2.728599413953972430e+00 1.572125001109953857e+01
2.730157176522951534e+00 1.567309204242144460e+01
2.731714939091930638e+00 1.562221163026203996e+01
2.733272701660910631e+00 1.560806089328669266e+01
2.734830464229892399e+00 1.557855277593675325e+01
2.736388226798872392e+00 1.551701200701246108e+01
2.737945989367851496e+00 1.544545232116319156e+01
2.739503751936830600e+00 1.540380534030583703e+01
2.741061514505810592e+00 1.537183395256655061e+01
2.742619277074792361e+00 1.531867501410386190e+01
2.744177039643772353e+00 1.533622297410267699e+01
2.745734802212751458e+00 1.536871519454533619e+01
2.747292564781730562e+00 1.533103035375084566e+01
2.748850327350710110e+00 1.530191145680496945e+01
2.750408089919689658e+00 1.528002151120837482e+01
2.751965852488671871e+00 1.525910679513408041e+01
2.753523615057651419e+00 1.527821421185665862e+01
2.755081377626630967e+00 1.531477070414005937e+01
2.756639140195610072e+00 1.532962488803687151e+01
2.758196902764589176e+00 1.530180286666184664e+01
2.759754665333571833e+00 1.530078531675313336e+01
2.761312427902550937e+00 1.528097759914898468e+01
2.762870190471530929e+00 1.521771022235380322e+01
2.764427953040510033e+00 1.525887958230121022e+01
2.765985715609489137e+00 1.537070947301664425e+01
2.767543478178469130e+00 1.541575371445172138e+01
2.769101240747448234e+00 1.543909996373423077e+01
2.770659003316430891e+00 1.548777568757310164e+01
2.772216765885409995e+00 1.549977441934927214e+01
2.773774528454389099e+00 1.552327926779982548e+01
2.775332291023368647e+00 1.555688405068115365e+01
2.776890053592348195e+00 1.556310676643407653e+01
2.778447816161330408e+00 1.558464186553924691e+01
2.780005578730309956e+00 1.565524025167252731e+01
2.781563341299289505e+00 1.575886394109868505e+01
2.783121103868268609e+00 1.579758250323363100e+01
2.784678866437247713e+00 1.579440677968248785e+01
2.786236629006227705e+00 1.579691354848921847e+01
2.787794391575209474e+00 1.583753307957558576e+01
2.789352154144189466e+00 1.589140811563188471e+01
2.790909916713168570e+00 1.590143109597775428e+01
2.792467679282147675e+00 1.591984503650954430e+01
2.794025441851127667e+00 1.597606169727580827e+01
2.795583204420109436e+00 1.600066116186167875e+01
2.797140966989089428e+00 1.600946874849259416e+01
2.798698729558068532e+00 1.602927723776067026e+01
2.800256492127047636e+00 1.602640855664233399e+01
2.801814254696027184e+00 1.604599840991765092e+01
2.803372017265006733e+00 1.610155060840875407e+01
2.804929779833988945e+00 1.617136290751897221e+01
2.806487542402968494e+00 1.622710528793432871e+01
2.808045304971948042e+00 1.623439640023628172e+01
2.809603067540927146e+00 1.622682791732554719e+01
2.811160830109906250e+00 1.622577067768820314e+01
2.812718592678888907e+00 1.621591917042401931e+01
2.814276355247868011e+00 1.621038227497533768e+01
2.815834117816848003e+00 1.620438113745656139e+01
2.817391880385827108e+00 1.621417646519689271e+01
2.818949642954806212e+00 1.623645624025945011e+01
2.820507405523786204e+00 1.623328939806856042e+01
2.822065168092765308e+00 1.624308601164667110e+01
2.823622930661747965e+00 1.628301656396159913e+01
2.825180693230727069e+00 1.631781981588149932e+01
2.826738455799706617e+00 1.628366866215611708e+01
2.828296218368685722e+00 1.621858111237862232e+01
2.829853980937665270e+00 1.620386565166344539e+01
2.831411743506647483e+00 1.618930130628607245e+01
2.832969506075627031e+00 1.615702974728005969e+01
2.834527268644606579e+00 1.615267668438804449e+01
2.836085031213585683e+00 1.616212580732608473e+01
2.837642793782564787e+00 1.617452930011135948e+01
2.839200556351544780e+00 1.618739506050818733e+01
2.840758318920526548e+00 1.612531206117843752e+01
2.842316081489506541e+00 1.607067074533485851e+01
2.843873844058485645e+00 1.606776314656536542e+01
2.845431606627464749e+00 1.606651759850708316e+01
2.846989369196444741e+00 1.607969520267581132e+01
2.848547131765426510e+00 1.606537665776823331e+01
2.850104894334406502e+00 1.601817005651610870e+01
2.851662656903385606e+00 1.596774065078673388e+01
2.853220419472365155e+00 1.595996681574846043e+01
2.854778182041344259e+00 1.601943294017191732e+01
2.856335944610323807e+00 1.605414389000933184e+01
2.857893707179306020e+00 1.603859354109236435e+01
2.859451469748285568e+00 1.605268872650324141e+01
2.861009232317265116e+00 1.607002784946964269e+01
2.862566994886244220e+00 1.608719672634010323e+01
2.864124757455223325e+00 1.611077298078889086e+01
2.865682520024205981e+00 1.609070256832099943e+01
2.867240282593185086e+00 1.604691794734369381e+01
2.868798045162165078e+00 1.604217680112517286e+01
2.870355807731144182e+00 1.603662010811014937e+01
2.871913570300123286e+00 1.598989542667390751e+01
2.873471332869103279e+00 1.599676033342140080e+01
2.875029095438082383e+00 1.608855220071249548e+01
2.876586858007065040e+00 1.614883250774622070e+01
2.878144620576044144e+00 1.615731904579637046e+01
2.879702383145023692e+00 1.620254009610314228e+01
2.881260145714002796e+00 1.622957364996385721e+01
2.882817908282982344e+00 1.615957417297965648e+01
2.884375670851964557e+00 1.608140145963933421e+01
2.885933433420944105e+00 1.605204819086155865e+01
2.887491195989923654e+00 1.604992512190628062e+01
2.889048958558902758e+00 1.606952733094202301e+01
2.890606721127881862e+00 1.606460623430852408e+01
2.892164483696861854e+00 1.603582045266986711e+01
2.893722246265843623e+00 1.604864079504600838e+01
2.895280008834823615e+00 1.605384428101889682e+01
2.896837771403802719e+00 1.607261704033628291e+01
2.898395533972781823e+00 1.611172430855513582e+01
2.899953296541761816e+00 1.608768982081923582e+01
2.901511059110743584e+00 1.607878282149804505e+01
2.903068821679723577e+00 1.611126871700104957e+01
2.904626584248702681e+00 1.616356557448957076e+01
2.906184346817682229e+00 1.623836393965276770e+01
2.907742109386661333e+00 1.625735829985014291e+01
2.909299871955640882e+00 1.621221499686065926e+01
2.910857634524623094e+00 1.619056620212417386e+01
2.912415397093602643e+00 1.622588241194678105e+01
2.913973159662582191e+00 1.630094699100297007e+01
2.915530922231561295e+00 1.633226305732069150e+01
2.917088684800540399e+00 1.639085871934005922e+01
2.918646447369523056e+00 1.651699359224321384e+01
2.920204209938502160e+00 1.650833020960816455e+01
2.921761972507482152e+00 1.641450186269738509e+01
2.923319735076461257e+00 1.637277565668058443e+01
2.924877497645440361e+00 1.634123688164689270e+01
2.926435260214420353e+00 1.631770155243994935e+01
2.927993022783399457e+00 1.636708992859913181e+01
2.929550785352382114e+00 1.641006566493467389e+01
2.931108547921361218e+00 1.642857051470778273e+01
2.932666310490340766e+00 1.646937639060065806e+01
2.934224073059319871e+00 1.649553961815933079e+01
2.935781835628299419e+00 1.648562914340142527e+01
2.937339598197281632e+00 1.644188677264435938e+01
2.938897360766261180e+00 1.644932836243913954e+01
2.940455123335240728e+00 1.648155645832388672e+01
2.942012885904219832e+00 1.646730534545468316e+01
2.943570648473198936e+00 1.642012153272271036e+01
2.945128411042178929e+00 1.636237289220946067e+01
2.946686173611160697e+00 1.631972882479509934e+01
2.948243936180140690e+00 1.626752507158916572e+01
2.949801698749119794e+00 1.619669778757122103e+01
2.951359461318098898e+00 1.614583737039593458e+01
2.952917223887078890e+00 1.610204206952602846e+01
2.954474986456060659e+00 1.607451492305623475e+01
2.956032749025040651e+00 1.609147598721157024e+01
2.957590511594019755e+00 1.611628597823115427e+01
2.959148274162999304e+00 1.610615277413707247e+01
2.960706036731978408e+00 1.608205945366518819e+01
2.962263799300957956e+00 1.609057425153998011e+01
2.963821561869940169e+00 1.609638032313920064e+01
2.965379324438919717e+00 1.609559686083785124e+01
2.966937087007899265e+00 1.608657178478896199e+01
2.968494849576878369e+00 1.607064455284326243e+01
2.970052612145857474e+00 1.608609302728353541e+01
2.971610374714840130e+00 1.611220619377378682e+01
2.973168137283819235e+00 1.609633378134826032e+01
2.974725899852799227e+00 1.604075145743578545e+01
2.976283662421778331e+00 1.600142566694394120e+01
2.977841424990757879e+00 1.598150707616518851e+01
2.979399187559737427e+00 1.595033479131714849e+01
2.980956950128716532e+00 1.590894099906633841e+01
2.982514712697699188e+00 1.587259246609229457e+01
2.984072475266678293e+00 1.584074896444522196e+01
2.985630237835657841e+00 1.580637236066876561e+01
2.987188000404636945e+00 1.580194392976968487e+01
2.988745762973616493e+00 1.583757697737694592e+01
2.990303525542598706e+00 1.584689875464020226e+01
2.991861288111578254e+00 1.579123009827591062e+01
2.993419050680557802e+00 1.577019992613936594e+01
2.994976813249536907e+00 1.580538379021454709e+01
2.996534575818516011e+00 1.584363069607895724e+01
2.998092338387496003e+00 1.587212619173725159e+01
2.999650100956477772e+00 1.588610563394390240e+01
3.001207863525457764e+00 1.584546801485449841e+01
3.002765626094436868e+00 1.575485116806280850e+01
3.004323388663416416e+00 1.570690871556586821e+01
3.005881151232395965e+00 1.573901552410970162e+01
3.007438913801377733e+00 1.576995577133682680e+01
3.008996676370357726e+00 1.573663187843857081e+01
3.010554438939336830e+00 1.568106689297836809e+01
3.012112201508316378e+00 1.562123650375865580e+01
3.013669964077295482e+00 1.559724134706907606e+01
3.015227726646275030e+00 1.559088028946664117e+01
3.016785489215257243e+00 1.556044699673612541e+01
3.018343251784236791e+00 1.550953504610098754e+01
3.019901014353216340e+00 1.544097085476652431e+01
3.021458776922195444e+00 1.537154608609635353e+01
3.023016539491174548e+00 1.535852529038795922e+01
3.024574302060157205e+00 1.536744217490730158e+01
3.026132064629136309e+00 1.536689716800623273e+01
3.027689827198116301e+00 1.542264815004560319e+01
3.029247589767095405e+00 1.545533700388601872e+01
3.030805352336074954e+00 1.540330990378610210e+01
3.032363114905054502e+00 1.537162925195321073e+01
3.033920877474033606e+00 1.540632332159882267e+01
3.035478640043016263e+00 1.537478234086343498e+01
3.037036402611995367e+00 1.528993222718212941e+01
3.038594165180974915e+00 1.526254370089585599e+01
3.040151927749954019e+00 1.523520044918396366e+01
3.041709690318933568e+00 1.518151375734420583e+01
3.043267452887915780e+00 1.509759209988444262e+01
3.044825215456895329e+00 1.500891896171344619e+01
3.046382978025874877e+00 1.498755061090282403e+01
3.047940740594853981e+00 1.499452046219389523e+01
3.049498503163833085e+00 1.496982725508896728e+01
3.051056265732813078e+00 1.494327488630598211e+01
3.052614028301794846e+00 1.493511991125618898e+01
3.054171790870774839e+00 1.495212859367516955e+01
3.055729553439753943e+00 1.496925667673839300e+01
3.057287316008733491e+00 1.497404413813720225e+01
3.058845078577713039e+00 1.498836829231733780e+01
3.060402841146694808e+00 1.497038133267913729e+01
3.061960603715674800e+00 1.491055251626626976e+01
3.063518366284653904e+00 1.490656680477484031e+01
3.065076128853633453e+00 1.497534832431719920e+01
3.066633891422612557e+00 1.501299035146160676e+01
3.068191653991592105e+00 1.498876372335821117e+01
3.069749416560574318e+00 1.493679477006082301e+01
3.071307179129553866e+00 1.491930388040304578e+01
3.072864941698533414e+00 1.491509728440953175e+01
3.074422704267512518e+00 1.489451270411560735e+01
3.075980466836491622e+00 1.493428350290503381e+01
3.077538229405474279e+00 1.500119088248881560e+01
3.079095991974453383e+00 1.502054962234067936e+01
3.080653754543433376e+00 1.501350626577474046e+01
3.082211517112412480e+00 1.502686248571508010e+01
3.083769279681392028e+00 1.501829014253333305e+01
3.085327042250371576e+00 1.501041798105260483e+01
3.086884804819350681e+00 1.504379992601296046e+01
3.088442567388333337e+00 1.505935668089473367e+01
3.090000329957312442e+00 1.505311146662083566e+01
3.091558092526291990e+00 1.507876838391934449e+01
3.093115855095271094e+00 1.511778376713356487e+01
3.094673617664250642e+00 1.508869634141515270e+01
3.096231380233232855e+00 1.506493876049757397e+01
3.097789142802212403e+00 1.505614931384293520e+01
3.099346905371191951e+00 1.503737186571705386e+01
3.100904667940171056e+00 1.506020066892102527e+01
3.102462430509150160e+00 1.508183425564974733e+01
3.104020193078130152e+00 1.512013937495527038e+01
3.105577955647111921e+00 1.515646014535381525e+01
3.107135718216091913e+00 1.539606485224525478e+01
3.108693480785071017e+00 1.563680385999072087e+01
3.110251243354050565e+00 1.584127423022167136e+01
3.111809005923030114e+00 1.600625695511220670e+01
3.113366768492011882e+00 1.598977659379876748e+01
3.114924531060991875e+00 1.595386451124676341e+01
3.116482293629970979e+00 1.591401728212743549e+01
3.118040056198950527e+00 1.587023490644078549e+01
3.119597818767929631e+00 1.582251738418681342e+01
3.121155581336909179e+00 1.577086471536551571e+01
3.122713343905891392e+00 1.571527689997689592e+01
3.124271106474870940e+00 1.565575393802095228e+01
3.125828869043850489e+00 1.559229582949768478e+01
3.127386631612829593e+00 1.552490257440709343e+01
3.128944394181809585e+00 1.545357417274917999e+01
3.130502156750791354e+00 1.537831062452394271e+01
3.132059919319770458e+00 1.529911192973138157e+01
3.133617681888750450e+00 1.521597808837149834e+01
3.135175444457729554e+00 1.512890910044429127e+01
3.136733207026709103e+00 1.503790496594976034e+01
3.138290969595688651e+00 1.494296568488790733e+01
3.139848732164667755e+00 1.484409125725872869e+01
3.141406494733650412e+00 1.474128168306222975e+01
3.142964257302629516e+00 1.463453696229840517e+01
3.144522019871609064e+00 1.452385709496725852e+01
3.146079782440588168e+00 1.440924208106878623e+01
3.147637545009567717e+00 1.429069192060299365e+01
3.149195307578549929e+00 1.416820661356987543e+01
3.150753070147529478e+00 1.404178615996943513e+01
3.152310832716509026e+00 1.391143055980166920e+01
3.153868595285488130e+00 1.377713981306658120e+01
3.155426357854468122e+00 1.363891391976417111e+01
3.156984120423447227e+00 1.349675287989443717e+01
3.158541882992428995e+00 1.335065669345737938e+01
3.160099645561408988e+00 1.320062536045299773e+01
3.161657408130388092e+00 1.304665888088129400e+01
3.163215170699367640e+00 1.288875725474226641e+01
3.164772933268347188e+00 1.272692048203591497e+01
3.166330695837328957e+00 1.256114856276224145e+01
3.167888458406308949e+00 1.239144149692124408e+01
3.169446220975288053e+00 1.221779928451292285e+01
3.171003983544267602e+00 1.204022192553727777e+01
3.172561746113246706e+00 1.185870941999431061e+01
3.174119508682226254e+00 1.167326176788401959e+01
3.175677271251208467e+00 1.148387896920640472e+01
3.177235033820188015e+00 1.129056102396146777e+01
3.178792796389167563e+00 1.109330793214920519e+01
3.180350558958146667e+00 1.089211969376962230e+01
3.181908321527126660e+00 1.068699630882271379e+01
3.183466084096108428e+00 1.047793777730848319e+01
3.185023846665087532e+00 1.026494409922692697e+01
3.186581609234067525e+00 1.004801527457804688e+01
3.188139371803046629e+00 9.827151303361846502e+00
3.189697134372026177e+00 9.602352185578322263e+00
