-3.189520074465518107e+00 3.578559475800152001e-20
-3.187962311303385476e+00 3.287069305701548910e-20
-3.186404548141253290e+00 3.003075080854631791e-20
-3.184846784979121104e+00 2.726576801259400642e-20
-3.183289021816988917e+00 2.457574466915856066e-20
-3.181731258654856287e+00 2.196068077823997160e-20
-3.180173495492724101e+00 1.942057633983824225e-20
-3.178615732330591914e+00 1.695543135395337863e-20
-3.177057969168459284e+00 1.456524582058537472e-20
-3.175500206006326653e+00 1.225001973973423353e-20
-3.173942442844194467e+00 1.000975311139994603e-20
-3.172384679682062725e+00 7.844445935582524254e-21
-3.170826916519930094e+00 5.754098212281968210e-21
-3.169269153357800572e+00 3.738709941498265858e-21
-3.167711390195668386e+00 1.798281123231423216e-21
-3.166153627033535756e+00 -6.718824251854767923e-23
-3.164595863871403569e+00 -1.857698155751664883e-21
-3.163038100709271827e+00 -3.573248616467916359e-21
-3.161480337547139197e+00 -5.213839624667320161e-21
-3.159922574385006566e+00 -6.779471180349852217e-21
-3.158364811222874380e+00 -8.270143283515518544e-21
-3.156807048060742193e+00 -9.685855934164337198e-21
-3.155249284898609563e+00 -1.102660913229628411e-20
-3.153691521736476933e+00 -1.229240287791137130e-20
-3.152133758574345190e+00 -1.348323717100959879e-20
-3.150575995412213004e+00 -1.459911201159096055e-20
-3.149018232250080374e+00 -1.564002739965547464e-20
-3.147460469087948187e+00 -1.660598333520311698e-20
-3.145902705925818665e+00 -1.749697981823391164e-20
-3.144344942763686035e+00 -1.831301684874783456e-20
-3.142787179601553849e+00 -1.905409442674488573e-20
-3.141229416439422106e+00 -1.972021255222509525e-20
-3.139671653277289476e+00 -2.031137122518842700e-20
-3.138113890115156845e+00 -2.082757044563491710e-20
-3.136556126953024659e+00 -2.126881021356452944e-20
-3.134998363790892473e+00 -2.163509052897728808e-20
-3.133440600628759842e+00 -2.192641139187318099e-20
-3.131882837466627656e+00 -2.214277280225222021e-20
-3.130325074304495470e+00 -2.228417476011439371e-20
-3.128767311142363283e+00 -2.235061726545971351e-20
-3.127209547980230653e+00 -2.234210031828815554e-20
-3.125651784818101131e+00 -2.225862391859975593e-20
-3.124094021655968945e+00 -2.210018806639447854e-20
-3.122536258493836314e+00 -2.186679276167234747e-20
-3.120978495331704572e+00 -2.155843800443335066e-20
-3.119420732169572386e+00 -2.117512379467750017e-20
-3.117862969007439755e+00 -2.071685013240478395e-20
-3.116305205845307125e+00 -2.018361701761520200e-20
-3.114747442683174938e+00 -1.957542445030879043e-20
-3.113189679521042752e+00 -1.889227243048547702e-20
-3.111631916358910122e+00 6.928637363103847174e-20
-3.110074153196777935e+00 -2.591437041560055265e-19
-3.108516390034645749e+00 9.691268548147021571e-19
-3.106958626872513562e+00 -3.623833514114142685e-18
-3.105400863710380932e+00 1.354889784696388234e-17
-3.103843100548248746e+00 -5.065103001739035887e-17
-3.102285337386119224e+00 1.893309502617786976e-16
-3.100727574223986593e+00 -7.076269854084441459e-16
-3.099169811061854851e+00 2.644459957369240772e-15
-3.097612047899722665e+00 -9.881430504883852877e-15
-3.096054284737590034e+00 3.691928001972503055e-14
-3.094496521575457404e+00 -1.379232698450595004e-13
-3.092938758413325218e+00 5.151967442753512769e-13
-3.091380995251193031e+00 -1.924244372559398341e-12
-3.089823232089060401e+00 7.186198012680265878e-12
-3.088265468926928214e+00 -2.683429849377614041e-11
-3.086707705764796028e+00 1.001921464032895843e-10
-3.085149942602663842e+00 -3.740500539586770121e-10
-3.083592179440531211e+00 1.396299534598901076e-09
-3.082034416278401689e+00 -5.211713129227970489e-09
-3.080476653116269503e+00 1.945071818937393472e-08
-3.078918889954137317e+00 -7.258454967886817722e-08
-3.077361126792005130e+00 2.708359427241184664e-07
-3.075803363629872944e+00 -1.010466977319974598e-06
-3.074245600467740314e+00 3.769569854076654362e-06
-3.072687837305607683e+00 -1.406097471993856589e-05
-3.071130074143475497e+00 5.244367559207581224e-05
-3.069572310981343310e+00 -1.955802367246871560e-04
-3.068014547819210680e+00 7.293080981040563635e-04
-3.066456784657078494e+00 -2.719264081537667993e-03
-3.064899021494946307e+00 1.013785470061681106e-02
-3.063341258332814121e+00 -4.433198575971292188e-02
-3.061783495170681491e+00 -2.468227449124738571e-01
-3.060225732008549304e+00 -3.980280877901141712e-01
-3.058667968846419782e+00 -5.214756102436277629e-01
-3.057110205684287596e+00 -6.575049909564341100e-01
-3.055552442522155410e+00 -7.481596809186535912e-01
-3.053994679360023223e+00 -8.091068960508170926e-01
-3.052436916197890593e+00 -8.658574290203090440e-01
-3.050879153035757962e+00 -8.961822200221072343e-01
-3.049321389873625776e+00 -9.070199194568712153e-01
-3.047763626711493590e+00 -9.084680815322220271e-01
-3.046205863549360959e+00 -9.080116232042371172e-01
-3.044648100387228773e+00 -8.948274348841439574e-01
-3.043090337225096587e+00 -8.563600144562960592e-01
-3.041532574062964400e+00 -8.137235472904882361e-01
-3.039974810900831770e+00 -7.707465218014469821e-01
-3.038417047738702248e+00 -7.186359446345249591e-01
-3.036859284576570062e+00 -6.574716110697000904e-01
-3.035301521414437875e+00 -5.712086643698763844e-01
-3.033743758252305689e+00 -4.812611747143473173e-01
-3.032185995090173503e+00 -3.911665716951727712e-01
-3.030628231928040872e+00 -2.847268423973854934e-01
-3.029070468765908242e+00 -1.450394246428835243e-01
-3.027512705603776055e+00 1.743173598801375790e-02
-3.025954942441643869e+00 1.703207339975731927e-01
-3.024397179279511239e+00 3.052266844763099618e-01
-3.022839416117379052e+00 4.373960548977394169e-01
-3.021281652955246866e+00 6.099983699335577159e-01
-3.019723889793114679e+00 8.269404310390273682e-01
-3.018166126630982049e+00 1.005992882197867644e+00
-3.016608363468849863e+00 1.163943588464295242e+00
-3.015050600306720341e+00 1.346790949930245063e+00
-3.013492837144588155e+00 1.563216566753537151e+00
-3.011935073982455968e+00 1.780328216613016545e+00
-3.010377310820323782e+00 1.952798098973643981e+00
-3.008819547658191151e+00 2.165624468104824007e+00
-3.007261784496058521e+00 2.433998809917132355e+00
-3.005704021333926335e+00 2.666087621541540997e+00
-3.004146258171794148e+00 2.871371189841948279e+00
-3.002588495009661518e+00 3.095586639550533814e+00
-3.001030731847529331e+00 3.303282070155855177e+00
-2.999472968685397145e+00 3.506980459160777830e+00
-2.997915205523264959e+00 3.744418145883807281e+00
-2.996357442361132328e+00 3.980426992220218452e+00
-2.994799679199003251e+00 4.203806940493496569e+00
-2.993241916036870620e+00 4.452257430448798736e+00
-2.991684152874738434e+00 4.745417157279994136e+00
-2.990126389712606247e+00 5.050307811606842279e+00
-2.988568626550474061e+00 5.314773733461009009e+00
-2.987010863388341431e+00 5.547616782920396616e+00
-2.985453100226208800e+00 5.800886588496902085e+00
-2.983895337064077058e+00 6.025812314118830670e+00
-2.982337573901944427e+00 6.263063947157919031e+00
-2.980779810739811797e+00 6.520747863796341193e+00
-2.979222047577679611e+00 6.771048573916013780e+00
-2.977664284415547424e+00 7.024916327544740824e+00
-2.976106521253415238e+00 7.295636222518350422e+00
-2.974548758091285716e+00 7.554672947612986356e+00
-2.972990994929153530e+00 7.786484828846565343e+00
-2.971433231767020899e+00 8.027249752557898077e+00
-2.969875468604888713e+00 8.261107185401245445e+00
-2.968317705442756527e+00 8.501913487757001064e+00
-2.966759942280624340e+00 8.754292669911846403e+00
-2.965202179118491710e+00 8.979996623215917850e+00
-2.963644415956359524e+00 9.205397712217946449e+00
-2.962086652794227337e+00 9.435474826576339069e+00
-2.960528889632094707e+00 9.656071017035722903e+00
-2.958971126469962076e+00 9.878188417053431536e+00
-2.957413363307829890e+00 1.011403332931640975e+01
-2.955855600145697704e+00 1.031779767605738840e+01
-2.954297836983565517e+00 1.050915716174441528e+01
-2.952740073821433331e+00 1.070787446936580878e+01
-2.951182310659303809e+00 1.087753956460745997e+01
-2.949624547497171179e+00 1.105827629550168645e+01
-2.948066784335038992e+00 1.122425271489346876e+01
-2.946509021172906806e+00 1.135187856985679566e+01
-2.944951258010774620e+00 1.147784033145941329e+01
-2.943393494848641989e+00 1.162140400850115896e+01
-2.941835731686509803e+00 1.177000579316724505e+01
-2.940277968524377616e+00 1.187270986944017892e+01
-2.938720205362244986e+00 1.196414158057670818e+01
-2.937162442200112356e+00 1.203584760670235632e+01
-2.935604679037980169e+00 1.206710744431384796e+01
-2.934046915875847983e+00 1.211343043174935374e+01
-2.932489152713715796e+00 1.217406702552856501e+01
-2.930931389551586275e+00 1.221216645088399311e+01
-2.929373626389454088e+00 1.223632481028976038e+01
-2.927815863227321458e+00 1.227904030820565850e+01
-2.926258100065189272e+00 1.230997883077409938e+01
-2.924700336903057085e+00 1.229858425757143614e+01
-2.923142573740924899e+00 1.229626323821591605e+01
-2.921584810578792268e+00 1.229638044065463554e+01
-2.920027047416660082e+00 1.231986405637861104e+01
-2.918469284254527896e+00 1.231809266814888915e+01
-2.916911521092395265e+00 1.226595909689592645e+01
-2.915353757930262635e+00 1.221340154610079942e+01
-2.913795994768130448e+00 1.215985250312932209e+01
-2.912238231605998262e+00 1.207398635256641306e+01
-2.910680468443866076e+00 1.196442558174502935e+01
-2.909122705281733889e+00 1.183366469283248712e+01
-2.907564942119604368e+00 1.175092832568076240e+01
-2.906007178957471737e+00 1.180003955314906960e+01
-2.904449415795339107e+00 1.184755477515937017e+01
-2.902891652633207364e+00 1.188816680617171606e+01
-2.901333889471075178e+00 1.195439859866603705e+01
-2.899776126308942548e+00 1.197435294571875275e+01
-2.898218363146810361e+00 1.196907849812991032e+01
-2.896660599984678175e+00 1.202319364307098759e+01
-2.895102836822545544e+00 1.207806805981142872e+01
-2.893545073660412914e+00 1.210107724362510595e+01
-2.891987310498280728e+00 1.212462795108898739e+01
-2.890429547336148985e+00 1.218387117578810219e+01
-2.888871784174016355e+00 1.224476552474663116e+01
-2.887314021011886833e+00 1.226693511764591804e+01
-2.885756257849754647e+00 1.228826721289693147e+01
-2.884198494687622016e+00 1.231952650052418896e+01
-2.882640731525489386e+00 1.233961902835216762e+01
-2.881082968363357644e+00 1.234204477427201319e+01
-2.879525205201225457e+00 1.232389269258140274e+01
-2.877967442039092827e+00 1.233280941072067804e+01
-2.876409678876960641e+00 1.238121824129530069e+01
-2.874851915714828454e+00 1.238125128391723706e+01
-2.873294152552695824e+00 1.238479266922061051e+01
-2.871736389390563193e+00 1.240312465036724987e+01
-2.870178626228431007e+00 1.243128384231577144e+01
-2.868620863066299265e+00 1.243766398694316244e+01
-2.867063099904166634e+00 1.242391021576249344e+01
-2.865505336742034448e+00 1.239557216194202738e+01
-2.863947573579904926e+00 1.234462402267626935e+01
-2.862389810417772296e+00 1.234280691642648264e+01
-2.860832047255639665e+00 1.237517534622478799e+01
-2.859274284093507923e+00 1.241863098603821136e+01
-2.857716520931375737e+00 1.245767055213593189e+01
-2.856158757769243106e+00 1.246459265894591439e+01
-2.854600994607110920e+00 1.248978744768258586e+01
-2.853043231444978733e+00 1.247315771898053427e+01
-2.851485468282846103e+00 1.239267411674803476e+01
-2.849927705120713473e+00 1.232408325508577107e+01
-2.848369941958581286e+00 1.227490607499821706e+01
-2.846812178796449544e+00 1.222081748420817959e+01
-2.845254415634316913e+00 1.220435025263311424e+01
-2.843696652472187392e+00 1.224255154883803520e+01
-2.842138889310055205e+00 1.225025365174027847e+01
-2.840581126147922575e+00 1.224016398693808050e+01
-2.839023362985789944e+00 1.225017220509140792e+01
-2.837465599823658202e+00 1.225818735845385810e+01
-2.835907836661526016e+00 1.217460276917269901e+01
-2.834350073499393385e+00 1.206759292071735779e+01
-2.832792310337261199e+00 1.206558993153761783e+01
-2.831234547175129013e+00 1.212473664447269250e+01
-2.829676784012996382e+00 1.212738956950287772e+01
-2.828119020850864196e+00 1.211101868148948846e+01
-2.826561257688732454e+00 1.209346886572199509e+01
-2.825003494526599823e+00 1.210160021328062641e+01
-2.823445731364467193e+00 1.210317516631850054e+01
-2.821887968202335006e+00 1.209042415283878569e+01
-2.820330205040205485e+00 1.206092229065908938e+01
-2.818772441878072854e+00 1.204579871232433064e+01
-2.817214678715941112e+00 1.205742446899359699e+01
-2.815656915553808926e+00 1.203513238293386678e+01
-2.814099152391676295e+00 1.201905270434007988e+01
-2.812541389229543665e+00 1.201119301345494428e+01
-2.810983626067411478e+00 1.196826489577713026e+01
-2.809425862905279292e+00 1.193665481646904780e+01
-2.807868099743146661e+00 1.191906776925331712e+01
-2.806310336581014475e+00 1.188896624092558696e+01
-2.804752573418882733e+00 1.186214878579210286e+01
-2.803194810256750102e+00 1.181108804626946984e+01
-2.801637047094617472e+00 1.174220755277635142e+01
-2.800079283932487950e+00 1.171635279336575053e+01
-2.798521520770355764e+00 1.168741663987246149e+01
-2.796963757608223133e+00 1.163026096734393455e+01
-2.795405994446091391e+00 1.159106845206981085e+01
-2.793848231283959205e+00 1.153601610021718393e+01
-2.792290468121826574e+00 1.149627712062233797e+01
-2.790732704959693944e+00 1.147099096455228739e+01
-2.789174941797561758e+00 1.142637525047506664e+01
-2.787617178635429571e+00 1.134853949560567266e+01
-2.786059415473296941e+00 1.124493430942475491e+01
-2.784501652311164754e+00 1.120390236090762315e+01
-2.782943889149033012e+00 1.117501296805289535e+01
-2.781386125986900382e+00 1.111912650618316256e+01
-2.779828362824767751e+00 1.111366196683999519e+01
-2.778270599662635565e+00 1.112726425511958084e+01
-2.776712836500506043e+00 1.112767054413569490e+01
-2.775155073338373413e+00 1.114240152129614003e+01
-2.773597310176241670e+00 1.114716488738448064e+01
-2.772039547014109484e+00 1.111985832296078058e+01
-2.770481783851976854e+00 1.110591275661074029e+01
-2.768924020689844223e+00 1.112330457710077347e+01
-2.767366257527712037e+00 1.115650782939953878e+01
-2.765808494365579850e+00 1.116144357494935235e+01
-2.764250731203447220e+00 1.109836247080212246e+01
-2.762692968041315034e+00 1.105434042406839446e+01
-2.761135204879183291e+00 1.105204715116761172e+01
-2.759577441717050661e+00 1.102801064011200793e+01
-2.758019678554918030e+00 1.099184479969172124e+01
-2.756461915392788509e+00 1.100245422415366470e+01
-2.754904152230656322e+00 1.101893283325753536e+01
-2.753346389068523692e+00 1.102442103855543465e+01
-2.751788625906391950e+00 1.103926178355235699e+01
-2.750230862744259763e+00 1.105152925287696419e+01
-2.748673099582127133e+00 1.100815304615143653e+01
-2.747115336419994502e+00 1.096970385333783327e+01
-2.745557573257862316e+00 1.097787065449643684e+01
-2.743999810095730130e+00 1.103031846884410250e+01
-2.742442046933597499e+00 1.108442536899452158e+01
-2.740884283771465313e+00 1.106657718357715403e+01
-2.739326520609333571e+00 1.100166915292169101e+01
-2.737768757447200940e+00 1.098205143915037318e+01
-2.736210994285068310e+00 1.097606182843017208e+01
-2.734653231122936123e+00 1.094981833403613436e+01
-2.733095467960806602e+00 1.092546301977263568e+01
-2.731537704798673971e+00 1.088732921017878041e+01
-2.729979941636542229e+00 1.084678004906485782e+01
-2.728422178474410043e+00 1.082323486923794320e+01
-2.726864415312277412e+00 1.081581564173024468e+01
-2.725306652150144782e+00 1.084377656754999109e+01
-2.723748888988012595e+00 1.090612294009419081e+01
-2.722191125825880409e+00 1.094601520076429857e+01
-2.720633362663747778e+00 1.092433428127094786e+01
-2.719075599501615592e+00 1.094926453254724485e+01
-2.717517836339483850e+00 1.093852047870909949e+01
-2.715960073177351219e+00 1.094606917031454429e+01
-2.714402310015218589e+00 1.095360199684587776e+01
-2.712844546853089067e+00 1.094438414914562152e+01
-2.711286783690956881e+00 1.095701324845534508e+01
-2.709729020528824250e+00 1.098857759505320963e+01
-2.708171257366692508e+00 1.102996371851854285e+01
-2.706613494204560322e+00 1.107676232017985107e+01
-2.705055731042427691e+00 1.110516575749077539e+01
-2.703497967880295061e+00 1.108612177500867979e+01
-2.701940204718162875e+00 1.106105496440475910e+01
-2.700382441556030688e+00 1.107645804130403988e+01
-2.698824678393898058e+00 1.110996056423684131e+01
-2.697266915231765871e+00 1.116672336782929342e+01
-2.695709152069634129e+00 1.122205358398945840e+01
-2.694151388907501499e+00 1.124452199926289531e+01
-2.692593625745368868e+00 1.130514817370232450e+01
-2.691035862583236682e+00 1.136251278261787689e+01
-2.689478099421107160e+00 1.140893643223034815e+01
-2.687920336258974530e+00 1.143303962777269511e+01
-2.686362573096842787e+00 1.144992786209164137e+01
-2.684804809934710601e+00 1.148185938573024956e+01
-2.683247046772577971e+00 1.153196298440943757e+01
-2.681689283610445784e+00 1.158828771704498273e+01
-2.680131520448313154e+00 1.167343790032929540e+01
-2.678573757286180967e+00 1.174090933415566695e+01
-2.677015994124048337e+00 1.178361628749931356e+01
-2.675458230961916151e+00 1.177623055437197586e+01
-2.673900467799784408e+00 1.176450713847372498e+01
-2.672342704637651778e+00 1.178673314994942345e+01
-2.670784941475519592e+00 1.184940634920787339e+01
-2.669227178313389626e+00 1.192103969465379620e+01
-2.667669415151257439e+00 1.195337942427563327e+01
-2.666111651989124809e+00 1.195074393772879695e+01
-2.664553888826993067e+00 1.199632343992183436e+01
-2.662996125664860436e+00 1.206536004984339705e+01
-2.661438362502728250e+00 1.209312614765830318e+01
-2.659880599340596063e+00 1.207507005987681659e+01
-2.658322836178463433e+00 1.205976226502227888e+01
-2.656765073016331247e+00 1.206698852156198498e+01
-2.655207309854199060e+00 1.211698502298140667e+01
-2.653649546692066430e+00 1.214965806242000568e+01
-2.652091783529934688e+00 1.211801218268560199e+01
-2.650534020367802501e+00 1.210439055351412740e+01
-2.648976257205672535e+00 1.209924894001449935e+01
-2.647418494043539905e+00 1.209925817381769875e+01
-2.645860730881407274e+00 1.211259416152225477e+01
-2.644302967719275088e+00 1.209374355903836395e+01
-2.642745204557143346e+00 1.207453919708833112e+01
-2.641187441395010715e+00 1.203848222968030868e+01
-2.639629678232878529e+00 1.200130784169800258e+01
-2.638071915070746343e+00 1.196544034756722219e+01
-2.636514151908614156e+00 1.188425823121212233e+01
-2.634956388746481526e+00 1.186008659484442163e+01
-2.633398625584349340e+00 1.186025157186847068e+01
-2.631840862422216709e+00 1.187157438362781647e+01
-2.630283099260084967e+00 1.186603845429323378e+01
-2.628725336097952781e+00 1.182560791853869553e+01
-2.627167572935820150e+00 1.179921930929605622e+01
-2.625609809773690184e+00 1.181684406146384703e+01
-2.624052046611557554e+00 1.184588437024267193e+01
-2.622494283449425367e+00 1.185355989073479321e+01
-2.620936520287293625e+00 1.185315812153497816e+01
-2.619378757125160995e+00 1.188846878256815032e+01
-2.617820993963028808e+00 1.192998802424986771e+01
-2.616263230800896622e+00 1.197623579811283356e+01
-2.614705467638764436e+00 1.199958393065111473e+01
-2.613147704476631805e+00 1.200179573576848746e+01
-2.611589941314499619e+00 1.198699514004819910e+01
-2.610032178152366988e+00 1.195389259292453765e+01
-2.608474414990235246e+00 1.191453141564945462e+01
-2.606916651828103060e+00 1.188727380812413337e+01
-2.605358888665973094e+00 1.188260545665475654e+01
-2.603801125503840463e+00 1.190394984991318772e+01
-2.602243362341707833e+00 1.190656200438185763e+01
-2.600685599179575647e+00 1.185054020824911269e+01
-2.599127836017443904e+00 1.180976387688693663e+01
-2.597570072855311718e+00 1.179304234318040656e+01
-2.596012309693179088e+00 1.176475509796995311e+01
-2.594454546531046901e+00 1.174089190176339770e+01
-2.592896783368914715e+00 1.175866796604088016e+01
-2.591339020206782084e+00 1.177204969825399417e+01
-2.589781257044649898e+00 1.173540552190826958e+01
-2.588223493882517268e+00 1.168641420558676813e+01
-2.586665730720385969e+00 1.164397183243381306e+01
-2.585107967558253339e+00 1.160806211035769486e+01
-2.583550204396120709e+00 1.161129098116882119e+01
-2.581992441233990743e+00 1.159378109814377922e+01
-2.580434678071858112e+00 1.157706896170401656e+01
-2.578876914909725926e+00 1.154956828950712122e+01
-2.577319151747594184e+00 1.152225884203934925e+01
-2.575761388585461997e+00 1.153635797899779369e+01
-2.574203625423329367e+00 1.156164096634451610e+01
-2.572645862261197180e+00 1.158613830748198303e+01
-2.571088099099064994e+00 1.160158978699569410e+01
-2.569530335936932364e+00 1.157579641648279356e+01
-2.567972572774800177e+00 1.151477300747377441e+01
-2.566414809612667547e+00 1.149033609756293473e+01
-2.564857046450536249e+00 1.151762872953301553e+01
-2.563299283288403618e+00 1.153449643255346224e+01
-2.561741520126273652e+00 1.155274570530878542e+01
-2.560183756964141022e+00 1.155104747124559772e+01
-2.558625993802008391e+00 1.149378977502712829e+01
-2.557068230639876205e+00 1.148113059668323821e+01
-2.555510467477744463e+00 1.154974026800179132e+01
-2.553952704315612277e+00 1.159521910674708600e+01
-2.552394941153479646e+00 1.161024025663331827e+01
-2.550837177991347460e+00 1.160134158868918952e+01
-2.549279414829215273e+00 1.160869479034397322e+01
-2.547721651667082643e+00 1.163144715071632262e+01
-2.546163888504950457e+00 1.161803758593391933e+01
-2.544606125342817826e+00 1.158964135472061407e+01
-2.543048362180686528e+00 1.152830580947430050e+01
-2.541490599018553898e+00 1.147297674792923416e+01
-2.539932835856421267e+00 1.143308092681026977e+01
-2.538375072694291301e+00 1.143953796218240271e+01
-2.536817309532158671e+00 1.143111363489278531e+01
-2.535259546370026484e+00 1.145426513847086269e+01
-2.533701783207894742e+00 1.148842722134080496e+01
-2.532144020045762556e+00 1.146377626295301866e+01
-2.530586256883629925e+00 1.144487536013174278e+01
-2.529028493721497739e+00 1.148575536532347741e+01
-2.527470730559365553e+00 1.152137718976727854e+01
-2.525912967397232922e+00 1.149251747592106376e+01
-2.524355204235100736e+00 1.148820216033214336e+01
-2.522797441072968105e+00 1.154804913137718003e+01
-2.521239677910836807e+00 1.156811482845728101e+01
-2.519681914748704177e+00 1.157345401060240242e+01
-2.518124151586574211e+00 1.162826978292995683e+01
-2.516566388424441580e+00 1.169617935857253244e+01
-2.515008625262308950e+00 1.171930603877304478e+01
-2.513450862100177652e+00 1.164325731359824800e+01
-2.511893098938045021e+00 1.162416387481472668e+01
-2.510335335775912835e+00 1.165947061823800723e+01
-2.508777572613780205e+00 1.166344697598717772e+01
-2.507219809451648018e+00 1.164764602947589722e+01
-2.505662046289515832e+00 1.163509558418886058e+01
-2.504104283127383201e+00 1.168174340208551953e+01
-2.502546519965251015e+00 1.170112897777126548e+01
-2.500988756803118385e+00 1.167941249400726278e+01
-2.499430993640987086e+00 1.163299060379785566e+01
-2.497873230478854456e+00 1.162962872756660992e+01
-2.496315467316721826e+00 1.168298266681815534e+01
-2.494757704154591860e+00 1.171603445366388030e+01
-2.493199940992459229e+00 1.172715370450845995e+01
-2.491642177830327931e+00 1.174159954596456856e+01
-2.490084414668195301e+00 1.172670985594912807e+01
-2.488526651506063114e+00 1.172587900606190559e+01
-2.486968888343930484e+00 1.174093409085818074e+01
-2.485411125181798297e+00 1.175424940570677457e+01
-2.483853362019666111e+00 1.176174166458926784e+01
-2.482295598857533481e+00 1.180095693209897512e+01
-2.480737835695401294e+00 1.186785023975002673e+01
-2.479180072533269552e+00 1.191777122859755167e+01
-2.477622309371137366e+00 1.195949010202377139e+01
-2.476064546209004735e+00 1.196709406526152186e+01
-2.474506783046874769e+00 1.201755553221122419e+01
-2.472949019884742139e+00 1.207313641787335179e+01
-2.471391256722609509e+00 1.212128890781354507e+01
-2.469833493560478210e+00 1.218567364830463617e+01
-2.468275730398345580e+00 1.219245205809501797e+01
-2.466717967236213394e+00 1.217259565194846438e+01
-2.465160204074080763e+00 1.216850917851281189e+01
-2.463602440911948577e+00 1.214295057468357442e+01
-2.462044677749816390e+00 1.216351748216110806e+01
-2.460486914587683760e+00 1.216501199480187267e+01
-2.458929151425551574e+00 1.216138207070488519e+01
-2.457371388263419831e+00 1.213915934341476621e+01
-2.455813625101287645e+00 1.212903331237070859e+01
-2.454255861939155015e+00 1.217370403629094078e+01
-2.452698098777022828e+00 1.222113229346498464e+01
-2.451140335614892418e+00 1.223705046306423583e+01
-2.449582572452759788e+00 1.225133394809204823e+01
-2.448024809290628490e+00 1.227010342646797803e+01
-2.446467046128495859e+00 1.228829943384078582e+01
-2.444909282966363673e+00 1.231206706737431844e+01
-2.443351519804231042e+00 1.232738190644250231e+01
-2.441793756642098856e+00 1.229492735615086474e+01
-2.440235993479966670e+00 1.224447703021809808e+01
-2.438678230317834039e+00 1.221670563167026735e+01
-2.437120467155701853e+00 1.221086369879795974e+01
-2.435562703993570111e+00 1.219388603003057270e+01
-2.434004940831437924e+00 1.216384412119748681e+01
-2.432447177669305294e+00 1.218370406144795837e+01
-2.430889414507174884e+00 1.220071738415005669e+01
-2.429331651345042697e+00 1.222231874694330500e+01
-2.427773888182910067e+00 1.227242028051584555e+01
-2.426216125020778769e+00 1.230808522598875498e+01
-2.424658361858646138e+00 1.230532789133310700e+01
-2.423100598696513952e+00 1.232802261971179902e+01
-2.421542835534381322e+00 1.233411446768202246e+01
-2.419985072372249135e+00 1.231099429110476251e+01
-2.418427309210116949e+00 1.229773618690510162e+01
-2.416869546047984318e+00 1.225827925885099745e+01
-2.415311782885852132e+00 1.220494384177859537e+01
-2.413754019723720390e+00 1.223478772369123213e+01
-2.412196256561588203e+00 1.226209206240703509e+01
-2.410638493399455573e+00 1.224956275945458728e+01
-2.409080730237323387e+00 1.222185337442475550e+01
-2.407522967075192977e+00 1.217612697380985054e+01
-2.405965203913060790e+00 1.215514274382716309e+01
-2.404407440750929048e+00 1.212647745260931131e+01
-2.402849677588796418e+00 1.214221990891410563e+01
-2.401291914426664231e+00 1.215767120477915597e+01
-2.399734151264531601e+00 1.213452761977554140e+01
-2.398176388102399414e+00 1.213034729197657668e+01
-2.396618624940267228e+00 1.207611592499116426e+01
-2.395060861778135042e+00 1.203066085588995016e+01
-2.393503098616002411e+00 1.199936409521475511e+01
-2.391945335453870669e+00 1.194709202253366342e+01
-2.390387572291738483e+00 1.190938975231089714e+01
-2.388829809129605852e+00 1.186486398856951041e+01
-2.387272045967475442e+00 1.186421126636553680e+01
-2.385714282805343256e+00 1.184569018641453120e+01
-2.384156519643211070e+00 1.180106219741788998e+01
-2.382598756481079327e+00 1.178846974687468219e+01
-2.381040993318946697e+00 1.180928309921793939e+01
-2.379483230156814511e+00 1.178302443591437765e+01
-2.377925466994681880e+00 1.169553895490824758e+01
-2.376367703832549694e+00 1.168581158765866235e+01
-2.374809940670417507e+00 1.175131700571960280e+01
-2.373252177508285321e+00 1.174418434989178550e+01
-2.371694414346152691e+00 1.171987431754166487e+01
-2.370136651184020948e+00 1.173856331887723847e+01
-2.368578888021888762e+00 1.174102386650339547e+01
-2.367021124859758352e+00 1.172814564299438267e+01
-2.365463361697623945e+00 1.169223503539618747e+01
-2.363905598535493535e+00 1.164740811099575524e+01
-2.362347835373361349e+00 1.161332778676287525e+01
-2.360790072211229607e+00 1.162073958112647176e+01
-2.359232309049096976e+00 1.160536933807247628e+01
-2.357674545886964790e+00 1.163859702894667159e+01
-2.356116782724832603e+00 1.166764455086535612e+01
-2.354559019562699973e+00 1.167483380977606622e+01
-2.353001256400567787e+00 1.166835979532541678e+01
-2.351443493238435600e+00 1.162891335500339451e+01
-2.349885730076302970e+00 1.162169415522827265e+01
-2.348327966914171228e+00 1.158751597419461632e+01
-2.346770203752039041e+00 1.157333031682321689e+01
-2.345212440589906855e+00 1.158456902004044053e+01
-2.343654677427776001e+00 1.160465331271773337e+01
-2.342096914265643814e+00 1.159617844057475899e+01
-2.340539151103511628e+00 1.158749164483553074e+01
-2.338981387941379886e+00 1.159841302436946719e+01
-2.337423624779247255e+00 1.157844964380474195e+01
-2.335865861617115069e+00 1.160849449921501275e+01
-2.334308098454982883e+00 1.161120342134412553e+01
-2.332750335292850696e+00 1.161318517352846236e+01
-2.331192572130718066e+00 1.166109061868998964e+01
-2.329634808968585880e+00 1.169010415836539885e+01
-2.328077045806453249e+00 1.171719513491904330e+01
-2.326519282644321507e+00 1.173450560774392315e+01
-2.324961519482189320e+00 1.174207519166415103e+01
-2.323403756320058910e+00 1.171129898084439169e+01
-2.321845993157926724e+00 1.168570429698688251e+01
-2.320288229995794094e+00 1.170784029465695397e+01
-2.318730466833661907e+00 1.172524042060890181e+01
-2.317172703671530165e+00 1.175171495884624306e+01
-2.315614940509397535e+00 1.175746210773474232e+01
-2.314057177347265348e+00 1.174232700602192381e+01
-2.312499414185133162e+00 1.178187157196512125e+01
-2.310941651023000976e+00 1.180657005561593564e+01
-2.309383887860868345e+00 1.182247382035873429e+01
-2.307826124698736159e+00 1.183972434766123349e+01
-2.306268361536603528e+00 1.181795054129102951e+01
-2.304710598374471786e+00 1.179938704450510301e+01
-2.303152835212339600e+00 1.176889963751819401e+01
-2.301595072050207413e+00 1.177801201856439306e+01
-2.300037308888077003e+00 1.175371111831863935e+01
-2.298479545725944373e+00 1.170097414632119914e+01
-2.296921782563812187e+00 1.168310116924174658e+01
-2.295364019401680444e+00 1.170006151960367369e+01
-2.293806256239547814e+00 1.173419462611296282e+01
-2.292248493077415628e+00 1.169739372262132093e+01
-2.290690729915283441e+00 1.166064308444583730e+01
-2.289132966753151255e+00 1.168346645367657466e+01
-2.287575203591018624e+00 1.170261887758569053e+01
-2.286017440428886438e+00 1.173877386970461956e+01
-2.284459677266753808e+00 1.181864610447729369e+01
-2.282901914104622954e+00 1.189486398917424914e+01
-2.281344150942490323e+00 1.192151951414822086e+01
-2.279786387780359469e+00 1.196872405993725685e+01
-2.278228624618226839e+00 1.202096201686320320e+01
-2.276670861456094208e+00 1.196304867969610797e+01
-2.275113098293962022e+00 1.197432240214081212e+01
-2.273555335131830724e+00 1.201105764549058819e+01
-2.271997571969698537e+00 1.195746472501438262e+01
-2.270439808807565907e+00 1.192436216944385485e+01
-2.268882045645433720e+00 1.193359572041292260e+01
-2.267324282483301534e+00 1.193883621559554697e+01
-2.265766519321168904e+00 1.197574432540467981e+01
-2.264208756159036717e+00 1.201110905685660413e+01
-2.262650992996904087e+00 1.202244104574194949e+01
-2.261093229834773233e+00 1.206945922639792457e+01
-2.259535466672640602e+00 1.214521542586247982e+01
-2.257977703510507972e+00 1.214034566313499219e+01
-2.256419940348377118e+00 1.214330283333515403e+01
-2.254862177186244487e+00 1.214898627055949731e+01
-2.253304414024112301e+00 1.216320190391422784e+01
-2.251746650861981003e+00 1.217130999534825797e+01
-2.250188887699848816e+00 1.218423478621847522e+01
-2.248631124537716186e+00 1.216678713564361480e+01
-2.247073361375584000e+00 1.214765747071995605e+01
-2.245515598213451813e+00 1.214133113428479405e+01
-2.243957835051319183e+00 1.213447948253057085e+01
-2.242400071889186997e+00 1.211346562446199471e+01
-2.240842308727054366e+00 1.209970897925222566e+01
-2.239284545564923512e+00 1.207370299745600306e+01
-2.237726782402790882e+00 1.202902274633029833e+01
-2.236169019240660027e+00 1.200416772377507790e+01
-2.234611256078527397e+00 1.199408771228576143e+01
-2.233053492916394767e+00 1.198629321856373231e+01
-2.231495729754262580e+00 1.191875804274471484e+01
-2.229937966592131282e+00 1.188066825686049022e+01
-2.228380203429999096e+00 1.186626291081403473e+01
-2.226822440267866465e+00 1.183155250050278262e+01
-2.225264677105734279e+00 1.178256792869243696e+01
-2.223706913943602093e+00 1.177252232514952013e+01
-2.222149150781469462e+00 1.180625276131666368e+01
-2.220591387619337276e+00 1.181372266052738240e+01
-2.219033624457204645e+00 1.178882434044004235e+01
-2.217475861295073791e+00 1.177751349318280738e+01
-2.215918098132941161e+00 1.174450816844588807e+01
-2.214360334970808530e+00 1.168689356028931137e+01
-2.212802571808677676e+00 1.169761397178847595e+01
-2.211244808646545046e+00 1.170773116138408732e+01
-2.209687045484412860e+00 1.169076657829892341e+01
-2.208129282322281561e+00 1.170596807730374245e+01
-2.206571519160149375e+00 1.170056305262846230e+01
-2.205013755998016745e+00 1.164987133553086807e+01
-2.203455992835884558e+00 1.161694435962736804e+01
-2.201898229673752372e+00 1.157783739000728751e+01
-2.200340466511619741e+00 1.155983755313731720e+01
-2.198782703349487555e+00 1.157143687336011340e+01
-2.197224940187354925e+00 1.162469493966139034e+01
-2.195667177025224071e+00 1.170766137946829666e+01
-2.194109413863091440e+00 1.170396059381998555e+01
-2.192551650700960586e+00 1.173515002195997781e+01
-2.190993887538827956e+00 1.179769181940374878e+01
-2.189436124376695325e+00 1.182688474448122129e+01
-2.187878361214564471e+00 1.185264970703418896e+01
-2.186320598052431841e+00 1.188653181078987409e+01
-2.184762834890299654e+00 1.191950782428127198e+01
-2.183205071728167024e+00 1.192307019609316932e+01
-2.181647308566034837e+00 1.194046555151815880e+01
-2.180089545403902651e+00 1.191904712428408608e+01
-2.178531782241770021e+00 1.195613665942911297e+01
-2.176974019079637834e+00 1.197929500028975802e+01
-2.175416255917505204e+00 1.192703899797873035e+01
-2.173858492755374350e+00 1.192754355291369883e+01
-2.172300729593241719e+00 1.196246858284659709e+01
-2.170742966431109089e+00 1.195392226410993786e+01
-2.169185203268978235e+00 1.193323636808930921e+01
-2.167627440106845604e+00 1.191207793690194094e+01
-2.166069676944714750e+00 1.190095792802969221e+01
-2.164511913782582120e+00 1.189786436827097837e+01
-2.162954150620449933e+00 1.185956739429497020e+01
-2.161396387458317303e+00 1.182343553737601383e+01
-2.159838624296185117e+00 1.182646361157678960e+01
-2.158280861134052930e+00 1.178985287105391500e+01
-2.156723097971920300e+00 1.175202166841284601e+01
-2.155165334809788114e+00 1.173908209186622997e+01
-2.153607571647655483e+00 1.171315530964195517e+01
-2.152049808485524629e+00 1.170427419316327367e+01
-2.150492045323391999e+00 1.169638760798322252e+01
-2.148934282161261144e+00 1.169856216539876748e+01
-2.147376518999128514e+00 1.172159073539723195e+01
-2.145818755836995884e+00 1.171337577258512042e+01
-2.144260992674865030e+00 1.171893367094744676e+01
-2.142703229512732399e+00 1.174540789948582820e+01
-2.141145466350600213e+00 1.176053722321858608e+01
-2.139587703188467582e+00 1.176506299581731518e+01
-2.138029940026335396e+00 1.171958013639196139e+01
-2.136472176864203210e+00 1.176497063776099417e+01
-2.134914413702070579e+00 1.182503774941939056e+01
-2.133356650539938393e+00 1.184090285047998137e+01
-2.131798887377807095e+00 1.184875460605666930e+01
-2.130241124215674908e+00 1.181432976513225341e+01
-2.128683361053542278e+00 1.179364000604123142e+01
-2.127125597891409647e+00 1.179017433548370875e+01
-2.125567834729278793e+00 1.178544006735532612e+01
-2.124010071567146163e+00 1.176803813543100041e+01
-2.122452308405015309e+00 1.176501811055523383e+01
-2.120894545242882678e+00 1.185275072440889232e+01
-2.119336782080750492e+00 1.187066923892136394e+01
-2.117779018918617862e+00 1.182129163830053820e+01
-2.116221255756485675e+00 1.183434668739907636e+01
-2.114663492594353489e+00 1.186088491924290089e+01
-2.113105729432220858e+00 1.186894431504067171e+01
-2.111547966270088672e+00 1.183870878480460753e+01
-2.109990203107957374e+00 1.177608748751239354e+01
-2.108432439945825188e+00 1.173305682879447076e+01
-2.106874676783692557e+00 1.172578458754785125e+01
-2.105316913621561703e+00 1.170245772412749297e+01
-2.103759150459429073e+00 1.165593529274512896e+01
-2.102201387297296442e+00 1.163297524429416718e+01
-2.100643624135165588e+00 1.162336022890763410e+01
-2.099085860973032958e+00 1.163762563469449240e+01
-2.097528097810900771e+00 1.159270663563749793e+01
-2.095970334648768141e+00 1.159277874246124185e+01
-2.094412571486635954e+00 1.158614701979028894e+01
-2.092854808324503768e+00 1.157809057474204728e+01
-2.091297045162371138e+00 1.156666341842313450e+01
-2.089739282000238951e+00 1.155342483897241124e+01
-2.088181518838107653e+00 1.151694529198545958e+01
-2.086623755675975467e+00 1.145309843314343468e+01
-2.085065992513842836e+00 1.145646546470743132e+01
-2.083508229351710206e+00 1.149005954780266414e+01
-2.081950466189579352e+00 1.151290031327233265e+01
-2.080392703027446721e+00 1.149184523516868595e+01
-2.078834939865315867e+00 1.146586945536455460e+01
-2.077277176703183237e+00 1.149222817298503330e+01
-2.075719413541051050e+00 1.149505570039254998e+01
-2.074161650378918864e+00 1.148347800778899241e+01
-2.072603887216786234e+00 1.147973457124217767e+01
-2.071046124054654047e+00 1.146904005136802773e+01
-2.069488360892521417e+00 1.147808119444693631e+01
-2.067930597730389231e+00 1.147942854663100043e+01
-2.066372834568257932e+00 1.147532018636319329e+01
-2.064815071406125746e+00 1.145930532705925131e+01
-2.063257308243993116e+00 1.145363606439193660e+01
-2.061699545081862261e+00 1.144794346412979813e+01
-2.060141781919729631e+00 1.145125123910903753e+01
-2.058584018757597445e+00 1.155177905573072117e+01
-2.057026255595466147e+00 1.158794599646182100e+01
-2.055468492433333516e+00 1.156000966488456072e+01
-2.053910729271201330e+00 1.156380731269798723e+01
-2.052352966109069143e+00 1.159775488325637305e+01
-2.050795202946936513e+00 1.166275021397722966e+01
-2.049237439784804327e+00 1.175275530536140778e+01
-2.047679676622672140e+00 1.183471086214196255e+01
-2.046121913460539510e+00 1.187038286344406934e+01
-2.044564150298408212e+00 1.190293167543551078e+01
-2.043006387136276025e+00 1.196158657750317467e+01
-2.041448623974145171e+00 1.194570994491159510e+01
-2.039890860812010764e+00 1.188407434014663977e+01
-2.038333097649879910e+00 1.188519325581077801e+01
-2.036775334487747724e+00 1.188891144366902886e+01
-2.035217571325616426e+00 1.188373797052723901e+01
-2.033659808163483795e+00 1.191866229149429124e+01
-2.032102045001351609e+00 1.193495157420001007e+01
-2.030544281839219423e+00 1.192413081278311893e+01
-2.028986518677086792e+00 1.194408826403892832e+01
-2.027428755514954606e+00 1.197848491267883553e+01
-2.025870992352822419e+00 1.201122064430897751e+01
-2.024313229190689789e+00 1.202374691134878937e+01
-2.022755466028558491e+00 1.205912239395405194e+01
-2.021197702866426305e+00 1.211409278994608130e+01
-2.019639939704293674e+00 1.217762413105529795e+01
-2.018082176542162820e+00 1.219132046268951086e+01
-2.016524413380030190e+00 1.214113112137066963e+01
-2.014966650217898003e+00 1.211055982740539250e+01
-2.013408887055766705e+00 1.212398141788603212e+01
-2.011851123893634075e+00 1.214531599739153300e+01
-2.010293360731501888e+00 1.213109697766516248e+01
-2.008735597569369702e+00 1.210527444712271183e+01
-2.007177834407237071e+00 1.206663823802575841e+01
-2.005620071245104885e+00 1.209360816024328322e+01
-2.004062308082972699e+00 1.204371013049990857e+01
-2.002504544920840068e+00 1.200657901413527284e+01
-2.000946781758709214e+00 1.197443694575295758e+01
-1.999389018596576806e+00 1.194203579839548368e+01
-1.997831255434444175e+00 1.194374311725167281e+01
-1.996273492272312877e+00 1.190481639852550977e+01
-1.994715729110180247e+00 1.186620995295572101e+01
-1.993157965948048282e+00 1.187188848396654883e+01
-1.991600202785917206e+00 1.186722005770775290e+01
-1.990042439623784576e+00 1.186583555242510180e+01
-1.988484676461652167e+00 1.186414651806805765e+01
-1.986926913299519537e+00 1.182156630938636965e+01
-1.985369150137387795e+00 1.178697145920898848e+01
-1.983811386975255164e+00 1.181161383157510869e+01
-1.982253623813122756e+00 1.186936242958369014e+01
-1.980695860650990126e+00 1.185976044804640139e+01
-1.979138097488859271e+00 1.183168891008490320e+01
-1.977580334326727085e+00 1.180650067477155218e+01
-1.976022571164594455e+00 1.179714980144262171e+01
-1.974464808002463156e+00 1.180933079792482054e+01
-1.972907044840330526e+00 1.179525936967148958e+01
-1.971349281678198562e+00 1.179445933297430926e+01
-1.969791518516067486e+00 1.173358116201334234e+01
-1.968233755353934855e+00 1.170621763961445794e+01
-1.966675992191802447e+00 1.166584476600270293e+01
-1.965118229029669816e+00 1.157975597179029492e+01
-1.963560465867538074e+00 1.153940216111422501e+01
-1.962002702705405444e+00 1.155616944560040338e+01
-1.960444939543273035e+00 1.154739369750815925e+01
-1.958887176381141959e+00 1.150261213877486277e+01
-1.957329413219009551e+00 1.149876462600586535e+01
-1.955771650056877364e+00 1.155415999047637676e+01
-1.954213886894744734e+00 1.161099354931886118e+01
-1.952656123732613436e+00 1.163327754829023952e+01
-1.951098360570480805e+00 1.168879436787051596e+01
-1.949540597408348841e+00 1.174158690200887456e+01
-1.947982834246217765e+00 1.174061851231630982e+01
-1.946425071084085134e+00 1.176003492586957933e+01
-1.944867307921952726e+00 1.178965481164623519e+01
-1.943309544759820540e+00 1.177770188900422355e+01
-1.941751781597688353e+00 1.179400747559731499e+01
-1.940194018435555723e+00 1.179976241277241122e+01
-1.938636255273423314e+00 1.178553643558802655e+01
-1.937078492111292238e+00 1.177456745376114888e+01
-1.935520728949159830e+00 1.176658821691594703e+01
-1.933962965787027644e+00 1.175576519024376232e+01
-1.932405202624895013e+00 1.172816372395417339e+01
-1.930847439462763715e+00 1.176368973087260628e+01
-1.929289676300631085e+00 1.176087288378651863e+01
-1.927731913138499120e+00 1.172095176770294600e+01
-1.926174149976368044e+00 1.172674997645740724e+01
-1.924616386814235414e+00 1.176160033610082500e+01
-1.923058623652103005e+00 1.175170058522765970e+01
-1.921500860489970819e+00 1.170347768103743391e+01
-1.919943097327838633e+00 1.173271001652200951e+01
-1.918385334165706002e+00 1.175354116997762155e+01
-1.916827571003573594e+00 1.178304391777155757e+01
-1.915269807841442518e+00 1.184421521740196859e+01
-1.913712044679310109e+00 1.186894723560079967e+01
-1.912154281517177923e+00 1.186439657122399716e+01
-1.910596518355046625e+00 1.187687614044737572e+01
-1.909038755192913994e+00 1.193360404149462184e+01
-1.907480992030781364e+00 1.196080647766702043e+01
-1.905923228868649399e+00 1.196265480743846865e+01
-1.904365465706518323e+00 1.196373167651741554e+01
-1.902807702544385693e+00 1.192142659508279401e+01
-1.901249939382253284e+00 1.190681649459664371e+01
-1.899692176220121098e+00 1.192597582837888837e+01
-1.898134413057988912e+00 1.195813224948260256e+01
-1.896576649895856281e+00 1.199044212014345767e+01
-1.895018886733723873e+00 1.198618880746400350e+01
-1.893461123571592797e+00 1.197972057587704420e+01
-1.891903360409460388e+00 1.198067234548648763e+01
-1.890345597247328202e+00 1.202475536020664215e+01
-1.888787834085195572e+00 1.208148731228084571e+01
-1.887230070923064273e+00 1.207959520742750925e+01
-1.885672307760931643e+00 1.212078690888159294e+01
-1.884114544598799679e+00 1.211480755968757528e+01
-1.882556781436668603e+00 1.209357674282722783e+01
-1.880999018274535972e+00 1.216430053537825451e+01
-1.879441255112403564e+00 1.223712307779105402e+01
-1.877883491950271377e+00 1.227103233802592719e+01
-1.876325728788139191e+00 1.229244708961809529e+01
-1.874767965626006783e+00 1.234577161460898154e+01
-1.873210202463874152e+00 1.238512297076283275e+01
-1.871652439301743298e+00 1.239135202399947033e+01
-1.870094676139610668e+00 1.239214331044873418e+01
-1.868536912977478481e+00 1.245516361049237020e+01
-1.866979149815346517e+00 1.247554602613450925e+01
-1.865421386653214553e+00 1.244610788313904948e+01
-1.863863623491082366e+00 1.242754281907619784e+01
-1.862305860328949736e+00 1.240407735677482570e+01
-1.860748097166818882e+00 1.238537925913014526e+01
-1.859190334004686473e+00 1.238464751936238706e+01
-1.857632570842553843e+00 1.235942479822771567e+01
-1.856074807680421657e+00 1.233826850392557084e+01
-1.854517044518289470e+00 1.236768800861984019e+01
-1.852959281356157062e+00 1.233313103058209315e+01
-1.851401518194024431e+00 1.233129459290898211e+01
-1.849843755031893577e+00 1.226489885369392141e+01
-1.848285991869761391e+00 1.224592172973586557e+01
-1.846728228707628761e+00 1.230629603459256138e+01
-1.845170465545496796e+00 1.236725178709371420e+01
-1.843612702383364832e+00 1.241480434432534530e+01
-1.842054939221232646e+00 1.243495194684221694e+01
-1.840497176059100015e+00 1.247114953134910209e+01
-1.838939412896969161e+00 1.248969997799815523e+01
-1.837381649734836753e+00 1.244804141830897137e+01
-1.835823886572704122e+00 1.241717361179251000e+01
-1.834266123410571936e+00 1.243036831912180595e+01
-1.832708360248439750e+00 1.245477735376233497e+01
-1.831150597086307341e+00 1.246300858198454087e+01
-1.829592833924174711e+00 1.250719791456691787e+01
-1.828035070762043857e+00 1.250319216184568916e+01
-1.826477307599911670e+00 1.244373247849183528e+01
-1.824919544437779040e+00 1.237966494986108579e+01
-1.823361781275647076e+00 1.232319921093782078e+01
-1.821804018113515111e+00 1.228611872944457062e+01
-1.820246254951382925e+00 1.224789229083718922e+01
-1.818688491789250294e+00 1.224092953557045682e+01
-1.817130728627119440e+00 1.225602072044960344e+01
-1.815572965464987032e+00 1.223357772503309526e+01
-1.814015202302854401e+00 1.224164264192043383e+01
-1.812457439140722215e+00 1.223501530675046745e+01
-1.810899675978590029e+00 1.225794223739942090e+01
-1.809341912816457620e+00 1.228776717175812472e+01
-1.807784149654324990e+00 1.226670506641972658e+01
-1.806226386492194136e+00 1.222687089159358642e+01
-1.804668623330061950e+00 1.223012393451987379e+01
-1.803110860167929319e+00 1.223157018194937251e+01
-1.801553097005798021e+00 1.219333599657596956e+01
-1.799995333843665390e+00 1.213267356607364000e+01
-1.798437570681533204e+00 1.208566974023137064e+01
-1.796879807519400574e+00 1.208593178452303363e+01
-1.795322044357269720e+00 1.203172930098637394e+01
-1.793764281195137311e+00 1.194588332921092011e+01
-1.792206518033004681e+00 1.190773794595123647e+01
-1.790648754870872938e+00 1.186987705568049911e+01
-1.789090991708740308e+00 1.182759063240630937e+01
-1.787533228546607900e+00 1.178288724114309360e+01
-1.785975465384475269e+00 1.174668679116314607e+01
-1.784417702222344415e+00 1.170219915783703435e+01
-1.782859939060212229e+00 1.171964279498820538e+01
-1.781302175898079598e+00 1.173257691644103495e+01
-1.779744412735948300e+00 1.173138330621828906e+01
-1.778186649573815670e+00 1.175068646354359814e+01
-1.776628886411683483e+00 1.179011230276945632e+01
-1.775071123249552185e+00 1.177089903649622116e+01
-1.773513360087419999e+00 1.175816250332611546e+01
-1.771955596925287590e+00 1.173826686187097401e+01
-1.770397833763154960e+00 1.168319216065695443e+01
-1.768840070601023218e+00 1.173046877557147560e+01
-1.767282307438890587e+00 1.176415231129499439e+01
-1.765724544276758179e+00 1.171253992377359587e+01
-1.764166781114625993e+00 1.169600449398132014e+01
-1.762609017952494694e+00 1.169063481615162026e+01
-1.761051254790362730e+00 1.166748827976381087e+01
-1.759493491628230100e+00 1.161763106708970383e+01
-1.757935728466098357e+00 1.156353876528985403e+01
-1.756377965303965727e+00 1.153824745934426410e+01
-1.754820202141833763e+00 1.156729292948267407e+01
-1.753262438979702464e+00 1.158168372389600442e+01
-1.751704675817570278e+00 1.151935725929493159e+01
-1.750146912655437870e+00 1.147181342572151408e+01
-1.748589149493305239e+00 1.149846742267202870e+01
-1.747031386331173497e+00 1.153236460870008173e+01
-1.745473623169040867e+00 1.153800238865226468e+01
-1.743915860006908458e+00 1.154907835695846252e+01
-1.742358096844776272e+00 1.158374077651131806e+01
-1.740800333682644974e+00 1.160460735429556145e+01
-1.739242570520513009e+00 1.168343240627421231e+01
-1.737684807358380379e+00 1.173904110997300876e+01
-1.736127044196248637e+00 1.174346002762104568e+01
-1.734569281034116006e+00 1.176473610338929277e+01
-1.733011517871984042e+00 1.176528214050983046e+01
-1.731453754709852744e+00 1.180213043746166335e+01
-1.729895991547720557e+00 1.181231891998691097e+01
-1.728338228385588149e+00 1.186329163535995512e+01
-1.726780465223455518e+00 1.196280370472038612e+01
-1.725222702061323776e+00 1.198360567553733702e+01
-1.723664938899191146e+00 1.198834504701120984e+01
-1.722107175737058737e+00 1.196905744440158514e+01
-1.720549412574926551e+00 1.199954770037650853e+01
-1.718991649412795253e+00 1.204970289813254780e+01
-1.717433886250663289e+00 1.205278130463369202e+01
-1.715876123088530658e+00 1.207096473455931296e+01
-1.714318359926398916e+00 1.213682969689225466e+01
-1.712760596764266285e+00 1.217266342997442763e+01
-1.711202833602134321e+00 1.218272736025228653e+01
-1.709645070440003023e+00 1.219861975577095947e+01
-1.708087307277870837e+00 1.218881365683796858e+01
-1.706529544115738428e+00 1.221562635065398972e+01
-1.704971780953605798e+00 1.226293454027796059e+01
-1.703414017791474055e+00 1.223948591388632856e+01
-1.701856254629341425e+00 1.222808029791060669e+01
-1.700298491467209017e+00 1.225867959010017749e+01
-1.698740728305076830e+00 1.225112145029719457e+01
-1.697182965142945532e+00 1.226885367681226313e+01
-1.695625201980813568e+00 1.229879803434790730e+01
-1.694067438818680937e+00 1.235754710530388323e+01
-1.692509675656549195e+00 1.245276840216213188e+01
-1.690951912494416565e+00 1.244842748147194378e+01
-1.689394149332284600e+00 1.241871644783328321e+01
-1.687836386170153302e+00 1.245746176288254681e+01
-1.686278623008021116e+00 1.253607239782491156e+01
-1.684720859845888707e+00 1.257463352665394751e+01
-1.683163096683756077e+00 1.255284882314925454e+01
-1.681605333521624335e+00 1.257527199225598480e+01
-1.680047570359491704e+00 1.265252376622739128e+01
-1.678489807197359296e+00 1.263705892766357941e+01
-1.676932044035227110e+00 1.261834351367670415e+01
-1.675374280873096255e+00 1.263563811387856362e+01
-1.673816517710963847e+00 1.261092410120269847e+01
-1.672258754548831217e+00 1.263322059181357027e+01
-1.670700991386699474e+00 1.269916319053040965e+01
-1.669143228224566844e+00 1.273472167929699239e+01
-1.667585465062434436e+00 1.275555848627429434e+01
-1.666027701900303581e+00 1.277783065586028854e+01
-1.664469938738171395e+00 1.278170093966326704e+01
-1.662912175576038987e+00 1.279222016408700213e+01
-1.661354412413906356e+00 1.276031984444594336e+01
-1.659796649251774614e+00 1.271103607908880129e+01
-1.658238886089641984e+00 1.271061883101280721e+01
-1.656681122927509575e+00 1.271845174648253263e+01
-1.655123359765377389e+00 1.272600653242831292e+01
-1.653565596603246535e+00 1.271880022264105747e+01
-1.652007833441114126e+00 1.272694172714690097e+01
-1.650450070278981496e+00 1.276464464027828072e+01
-1.648892307116849754e+00 1.279057872207608426e+01
-1.647334543954717123e+00 1.283354101624901311e+01
-1.645776780792584715e+00 1.286575452247261175e+01
-1.644219017630453861e+00 1.287945594753275635e+01
-1.642661254468321674e+00 1.288254842815399925e+01
-1.641103491306189266e+00 1.288355393345138644e+01
-1.639545728144056636e+00 1.286215588347717365e+01
-1.637987964981924893e+00 1.282726910642367102e+01
-1.636430201819792263e+00 1.283484219712606667e+01
-1.634872438657659854e+00 1.279259880133256821e+01
-1.633314675495529444e+00 1.273333609311326597e+01
-1.631756912333396814e+00 1.270787350475909072e+01
-1.630199149171264406e+00 1.270142203694815741e+01
-1.628641386009131775e+00 1.274591501562808205e+01
-1.627083622847000033e+00 1.274914853309548768e+01
-1.625525859684867402e+00 1.274121763114767703e+01
-1.623968096522734994e+00 1.273948765507796921e+01
-1.622410333360604584e+00 1.268873213987982851e+01
-1.620852570198471954e+00 1.264692854316397153e+01
-1.619294807036339545e+00 1.260615072834216832e+01
-1.617737043874207359e+00 1.253440281525488054e+01
-1.616179280712075172e+00 1.254256053037863872e+01
-1.614621517549942542e+00 1.256348048008338303e+01
-1.613063754387810134e+00 1.249578330577266883e+01
-1.611505991225679724e+00 1.247422893118441856e+01
-1.609948228063547093e+00 1.245362601701474858e+01
-1.608390464901414685e+00 1.237217374793959124e+01
-1.606832701739282498e+00 1.235395694340432193e+01
-1.605274938577150312e+00 1.234576410588857343e+01
-1.603717175415017682e+00 1.236752577952535148e+01
-1.602159412252885273e+00 1.234307142433617521e+01
-1.600601649090754863e+00 1.230185532044339070e+01
-1.599043885928622233e+00 1.223476308348765862e+01
-1.597486122766490046e+00 1.217154184574140885e+01
-1.595928359604357638e+00 1.217804652874829685e+01
-1.594370596442225230e+00 1.218610004019553195e+01
-1.592812833280092821e+00 1.218591055959512381e+01
-1.591255070117960635e+00 1.215983498472920310e+01
-1.589697306955829781e+00 1.217734381577318814e+01
-1.588139543793697372e+00 1.218266491173383592e+01
-1.586581780631565186e+00 1.215384288672156643e+01
-1.585024017469432778e+00 1.214376118142681982e+01
-1.583466254307300369e+00 1.207769884252208925e+01
-1.581908491145167961e+00 1.202042219491807806e+01
-1.580350727983035775e+00 1.204310288855948663e+01
-1.578792964820904920e+00 1.204047319859573939e+01
-1.577235201658772512e+00 1.203699322523816129e+01
-1.575677438496640326e+00 1.203190739089457573e+01
-1.574119675334507917e+00 1.200847000855974223e+01
-1.572561912172375509e+00 1.201019146510127200e+01
-1.571004149010243101e+00 1.199643175620498248e+01
-1.569446385848110914e+00 1.198344414578742523e+01
-1.567888622685980060e+00 1.199605835028553003e+01
-1.566330859523847652e+00 1.205317642776801179e+01
-1.564773096361715465e+00 1.211440521907159606e+01
-1.563215333199583057e+00 1.213278378799746271e+01
-1.561657570037450649e+00 1.214645943369758641e+01
-1.560099806875318462e+00 1.214960464122262884e+01
-1.558542043713186054e+00 1.213603220165333774e+01
-1.556984280551055200e+00 1.212234151304760488e+01
-1.555426517388922791e+00 1.212869174737057421e+01
-1.553868754226790605e+00 1.216076425974457464e+01
-1.552310991064658197e+00 1.215746527182223247e+01
-1.550753227902525788e+00 1.212798173394283907e+01
-1.549195464740393602e+00 1.208847915620188473e+01
-1.547637701578261193e+00 1.209040505164537649e+01
-1.546079938416130339e+00 1.214658217864039358e+01
-1.544522175253998153e+00 1.219322653296054249e+01
-1.542964412091865745e+00 1.226100787555701643e+01
-1.541406648929733336e+00 1.234977078604724632e+01
-1.539848885767600928e+00 1.240745234202537972e+01
-1.538291122605468741e+00 1.242215895668808834e+01
-1.536733359443336333e+00 1.242442554514340003e+01
-1.535175596281205479e+00 1.243776766293435720e+01
-1.533617833119073293e+00 1.243829480464730430e+01
-1.532060069956940884e+00 1.239395527712384748e+01
-1.530502306794808476e+00 1.233445102487831591e+01
-1.528944543632676067e+00 1.233015545081983078e+01
-1.527386780470543881e+00 1.238491619565123436e+01
-1.525829017308411473e+00 1.241061776624782453e+01
-1.524271254146280619e+00 1.235315975910644148e+01
-1.522713490984148432e+00 1.232675975036648808e+01
-1.521155727822016024e+00 1.229378763461035717e+01
-1.519597964659883615e+00 1.230673950649458348e+01
-1.518040201497751207e+00 1.233760245510945985e+01
-1.516482438335619021e+00 1.232370772848307183e+01
-1.514924675173486612e+00 1.231131355059329913e+01
-1.513366912011355758e+00 1.236256280403080332e+01
-1.511809148849223572e+00 1.245424611112047586e+01
-1.510251385687091163e+00 1.252329875051433206e+01
-1.508693622524958755e+00 1.262126416448184685e+01
-1.507135859362826347e+00 1.270981326616121621e+01
-1.505578096200694160e+00 1.278504939190390211e+01
-1.504020333038561752e+00 1.288129656568961501e+01
-1.502462569876430898e+00 1.298320622780906675e+01
-1.500904806714298712e+00 1.302830398045575144e+01
-1.499347043552166303e+00 1.303041751054459851e+01
-1.497789280390033895e+00 1.306911284164622344e+01
-1.496231517227901486e+00 1.304684552310364687e+01
-1.494673754065769300e+00 1.303918822355974072e+01
-1.493115990903636892e+00 1.301808250041082182e+01
-1.491558227741506037e+00 1.300321233437911417e+01
-1.490000464579373851e+00 1.298483179924792452e+01
-1.488442701417241443e+00 1.292634863310856730e+01
-1.486884938255109034e+00 1.288061268903418899e+01
-1.485327175092976626e+00 1.284134954587335464e+01
-1.483769411930844440e+00 1.283895701375130827e+01
-1.482211648768712031e+00 1.289478729909965438e+01
-1.480653885606581177e+00 1.292131845785153565e+01
-1.479096122444448991e+00 1.295394076267536754e+01
-1.477538359282316582e+00 1.299401030086526632e+01
-1.475980596120184396e+00 1.302379214066358060e+01
-1.474422832958051766e+00 1.301542245422076505e+01
-1.472865069795919579e+00 1.297913785213840043e+01
-1.471307306633787171e+00 1.299947561238390925e+01
-1.469749543471656317e+00 1.296539860534736377e+01
-1.468191780309524130e+00 1.288098557433409397e+01
-1.466634017147391722e+00 1.289786645159071909e+01
-1.465076253985259536e+00 1.289537851163802351e+01
-1.463518490823126905e+00 1.288633105636375120e+01
-1.461960727660994719e+00 1.290617766090774765e+01
-1.460402964498862532e+00 1.286605835852706647e+01
-1.458845201336731456e+00 1.284181773811737060e+01
-1.457287438174599270e+00 1.284368128953223653e+01
-1.455729675012466862e+00 1.281587514590716559e+01
-1.454171911850334675e+00 1.283274808241522003e+01
-1.452614148688202045e+00 1.287436531808667617e+01
-1.451056385526070081e+00 1.286347216376703173e+01
-1.449498622363939004e+00 1.283902735940975326e+01
-1.447940859201806596e+00 1.279695437937166247e+01
-1.446383096039674410e+00 1.284024900782603318e+01
-1.444825332877542001e+00 1.286575288414766582e+01
-1.443267569715409815e+00 1.284945102937149031e+01
-1.441709806553277184e+00 1.285397147144832353e+01
-1.440152043391145220e+00 1.282986835403473513e+01
-1.438594280229012812e+00 1.284640778848704556e+01
-1.437036517066881736e+00 1.284903214283796480e+01
-1.435478753904749549e+00 1.285004157472420161e+01
-1.433920990742617141e+00 1.284391149110098240e+01
-1.432363227580484955e+00 1.289512203170069604e+01
-1.430805464418352324e+00 1.291380447794099773e+01
-1.429247701256220360e+00 1.289108983011528231e+01
-1.427689938094089284e+00 1.281774104435038808e+01
-1.426132174931956875e+00 1.275711368651911215e+01
-1.424574411769824689e+00 1.271849710913168785e+01
-1.423016648607692280e+00 1.267690047245286955e+01
-1.421458885445560094e+00 1.263063488271378709e+01
-1.419901122283427464e+00 1.259541971588136988e+01
-1.418343359121295499e+00 1.259622805677658164e+01
-1.416785595959163091e+00 1.262242720378135274e+01
-1.415227832797032015e+00 1.264160642786886157e+01
-1.413670069634899829e+00 1.261362808799548141e+01
-1.412112306472767420e+00 1.259424575243279243e+01
-1.410554543310635234e+00 1.258288730600744465e+01
-1.408996780148502603e+00 1.253223900930262147e+01
-1.407439016986370639e+00 1.250343827799577490e+01
-1.405881253824239563e+00 1.248842363455515780e+01
-1.404323490662107154e+00 1.247953281145741222e+01
-1.402765727499975190e+00 1.247523628758590064e+01
-1.401207964337842560e+00 1.246956638358767222e+01
-1.399650201175710373e+00 1.246888441790139979e+01
-1.398092438013577743e+00 1.241309284647808653e+01
-1.396534674851445779e+00 1.235418108136287962e+01
-1.394976911689313370e+00 1.231034913046486601e+01
-1.393419148527182294e+00 1.230585512804104198e+01
-1.391861385365050330e+00 1.236687713493478924e+01
-1.390303622202917699e+00 1.237496973916394793e+01
-1.388745859040785513e+00 1.232633407183047858e+01
-1.387188095878652883e+00 1.231578364226521671e+01
-1.385630332716520918e+00 1.230874429616068610e+01
-1.384072569554389842e+00 1.227031790627033381e+01
-1.382514806392257434e+00 1.223980417092337980e+01
-1.380957043230125469e+00 1.216650992101978446e+01
-1.379399280067992839e+00 1.210284477966056826e+01
-1.377841516905860653e+00 1.209371974136854000e+01
-1.376283753743728244e+00 1.205095698851198094e+01
-1.374725990581596058e+00 1.202916655205065233e+01
-1.373168227419463649e+00 1.199048557842598584e+01
-1.371610464257332573e+00 1.197645455867808550e+01
-1.370052701095200609e+00 1.196679195981924337e+01
-1.368494937933067979e+00 1.196606115278679816e+01
-1.366937174770935792e+00 1.203661332805738482e+01
-1.365379411608803384e+00 1.211738088986656869e+01
-1.363821648446671198e+00 1.213882758508411719e+01
-1.362263885284540121e+00 1.216643098643327114e+01
-1.360706122122407713e+00 1.220304587263606955e+01
-1.359148358960275749e+00 1.222778601614618488e+01
-1.357590595798143118e+00 1.226118614536881068e+01
-1.356032832636010932e+00 1.226948797761825993e+01
-1.354475069473878523e+00 1.228933581105436268e+01
-1.352917306311746337e+00 1.231675376790466814e+01
-1.351359543149613929e+00 1.229683044951670290e+01
-1.349801779987482853e+00 1.226197995760000126e+01
-1.348244016825350888e+00 1.223498769630981542e+01
-1.346686253663218258e+00 1.218810419953253721e+01
-1.345128490501086072e+00 1.215556618835084457e+01
-1.343570727338953663e+00 1.213761832049871359e+01
-1.342012964176821477e+00 1.214145471748166116e+01
-1.340455201014690401e+00 1.219332767979951271e+01
-1.338897437852557992e+00 1.221266655859375838e+01
-1.337339674690426028e+00 1.226107584950201534e+01
-1.335781911528293397e+00 1.227358001521399267e+01
-1.334224148366161211e+00 1.226791415238929162e+01
-1.332666385204028803e+00 1.231620684139522126e+01
-1.331108622041896838e+00 1.239553669172214789e+01
-1.329550858879764208e+00 1.245047255668395536e+01
-1.327993095717633132e+00 1.242421968467928295e+01
-1.326435332555500946e+00 1.236655747599332322e+01
-1.324877569393368537e+00 1.235200145165461372e+01
-1.323319806231236351e+00 1.233889558517770801e+01
-1.321762043069103942e+00 1.233314821808327366e+01
-1.320204279906971978e+00 1.237097324226571438e+01
-1.318646516744840680e+00 1.241733859745838231e+01
-1.317088753582708271e+00 1.241741107568234526e+01
-1.315530990420576085e+00 1.238710750951782380e+01
-1.313973227258443677e+00 1.239443510982202312e+01
-1.312415464096311490e+00 1.243196972795183264e+01
-1.310857700934179082e+00 1.244839573164982482e+01
-1.309299937772047118e+00 1.243991485830562738e+01
-1.307742174609915820e+00 1.241418653383803061e+01
-1.306184411447783411e+00 1.245137007775911719e+01
-1.304626648285651225e+00 1.252148969016192837e+01
-1.303068885123519038e+00 1.254783074490910444e+01
-1.301511121961386630e+00 1.257622312541481335e+01
-1.299953358799254222e+00 1.255924684231167276e+01
-1.298395595637122257e+00 1.248845239205423319e+01
-1.296837832474990959e+00 1.251828407855093062e+01
-1.295280069312858551e+00 1.252504104041060984e+01
-1.293722306150726364e+00 1.248218332896181515e+01
-1.292164542988594178e+00 1.245299078322977948e+01
-1.290606779826461770e+00 1.241914313882290344e+01
-1.289049016664329361e+00 1.242455389993932791e+01
-1.287491253502197397e+00 1.243573917047487676e+01
-1.285933490340066099e+00 1.238073070493872407e+01
-1.284375727177933690e+00 1.235861894495210045e+01
-1.282817964015801504e+00 1.231158632020797583e+01
-1.281260200853669318e+00 1.229645934445844802e+01
-1.279702437691536909e+00 1.228883572904569377e+01
-1.278144674529404501e+00 1.222059356471053704e+01
-1.276586911367272537e+00 1.211357124573042299e+01
-1.275029148205141238e+00 1.207551074182116402e+01
-1.273471385043008830e+00 1.208713704802991273e+01
-1.271913621880876644e+00 1.213854989395496098e+01
-1.270355858718744457e+00 1.211986542392141786e+01
-1.268798095556612049e+00 1.213809826461194064e+01
-1.267240332394479640e+00 1.221047514777695220e+01
-1.265682569232347676e+00 1.224147952890486124e+01
-1.264124806070216378e+00 1.223519694862737417e+01
-1.262567042908083970e+00 1.219855464773773335e+01
-1.261009279745952005e+00 1.215626209265548852e+01
-1.259451516583819597e+00 1.215937826937896205e+01
-1.257893753421687189e+00 1.222199971906951710e+01
-1.256335990259554780e+00 1.221555446831225744e+01
-1.254778227097422816e+00 1.215864696779629561e+01
-1.253220463935291518e+00 1.213398358905893204e+01
-1.251662700773159109e+00 1.213600357261525353e+01
-1.250104937611027145e+00 1.214038362109040747e+01
-1.248547174448894737e+00 1.218911585205390224e+01
-1.246989411286762328e+00 1.220951462868244342e+01
-1.245431648124629920e+00 1.217790436574996704e+01
-1.243873884962497955e+00 1.213950829761667727e+01
-1.242316121800366657e+00 1.215001544670210087e+01
-1.240758358638234249e+00 1.219122884065800250e+01
-1.239200595476102285e+00 1.223525110852237852e+01
-1.237642832313969876e+00 1.224566814875688259e+01
-1.236085069151837468e+00 1.222427410654136537e+01
-1.234527305989705503e+00 1.213300076058814447e+01
-1.232969542827573095e+00 1.208596236582213557e+01
-1.231411779665441797e+00 1.200607108564844161e+01
-1.229854016503309388e+00 1.190671692997073094e+01
-1.228296253341177424e+00 1.189512982412298747e+01
-1.226738490179045016e+00 1.189126369972428776e+01
-1.225180727016912607e+00 1.187199810340934647e+01
-1.223622963854780643e+00 1.188058025619392133e+01
-1.222065200692648235e+00 1.189351309697298120e+01
-1.220507437530516937e+00 1.199170687368478916e+01
-1.218949674368384972e+00 1.201990567221690931e+01
-1.217391911206252564e+00 1.204284547779856851e+01
-1.215834148044120155e+00 1.205749672739750977e+01
-1.214276384881987747e+00 1.204490939388786863e+01
-1.212718621719855783e+00 1.208713843288831136e+01
-1.211160858557723374e+00 1.211272531854476497e+01
-1.209603095395592076e+00 1.210520618260654580e+01
-1.208045332233460112e+00 1.209227311163778218e+01
-1.206487569071327703e+00 1.209029344565892750e+01
-1.204929805909195295e+00 1.211858065039688803e+01
-1.203372042747063109e+00 1.217649015383243061e+01
-1.201814279584930922e+00 1.217338426480421809e+01
-1.200256516422798514e+00 1.218692561048214884e+01
-1.198698753260667216e+00 1.214596016144478519e+01
-1.197140990098535251e+00 1.210059239931723951e+01
-1.195583226936402843e+00 1.209298751992141518e+01
-1.194025463774270435e+00 1.212043077620435483e+01
-1.192467700612138248e+00 1.217587633267028302e+01
-1.190909937450006062e+00 1.220835821141100830e+01
-1.189352174287874764e+00 1.221580147008128669e+01
-1.187794411125742355e+00 1.223962592176859054e+01
-1.186236647963610391e+00 1.218681071584699005e+01
-1.184678884801477983e+00 1.217145511489220411e+01
-1.183121121639345574e+00 1.218590613269059553e+01
-1.181563358477213166e+00 1.215045683778190622e+01
-1.180005595315080758e+00 1.214660619989085610e+01
-1.178447832152949015e+00 1.216537961061103523e+01
-1.176890068990817495e+00 1.219397357048964103e+01
-1.175332305828685531e+00 1.220364726705391334e+01
-1.173774542666553122e+00 1.218367230915574240e+01
-1.172216779504420714e+00 1.219275644607074049e+01
-1.170659016342288306e+00 1.223137122922824993e+01
-1.169101253180156563e+00 1.222013186123524697e+01
-1.167543490018025043e+00 1.223912151194927844e+01
-1.165985726855892635e+00 1.226190796250939208e+01
-1.164427963693760670e+00 1.226988230077104269e+01
-1.162870200531628262e+00 1.227622884160185990e+01
-1.161312437369495854e+00 1.228789844716884438e+01
-1.159754674207363445e+00 1.228199734574629964e+01
-1.158196911045231703e+00 1.229581620519246066e+01
-1.156639147883099294e+00 1.233185841710310093e+01
-1.155081384720967774e+00 1.232454321214225601e+01
-1.153523621558835810e+00 1.235321790895383032e+01
-1.151965858396703402e+00 1.241105170427704962e+01
-1.150408095234570993e+00 1.243231515005071053e+01
-1.148850332072438585e+00 1.242316994929622176e+01
-1.147292568910306843e+00 1.247169873381260707e+01
-1.145734805748175322e+00 1.247806973382869344e+01
-1.144177042586042914e+00 1.254749244294716348e+01
-1.142619279423910950e+00 1.269154756641020043e+01
-1.141061516261778541e+00 1.274521640229291464e+01
-1.139503753099646133e+00 1.279862619251031930e+01
-1.137945989937513724e+00 1.286851068053648461e+01
-1.136388226775382204e+00 1.290565411304395127e+01
-1.134830463613249574e+00 1.288973127807799557e+01
-1.133272700451117831e+00 1.282955642770635940e+01
-1.131714937288986089e+00 1.281798135649851211e+01
-1.130157174126853681e+00 1.282764745979937615e+01
-1.128599410964721272e+00 1.280499186430462366e+01
-1.127041647802589086e+00 1.284024729751325644e+01
-1.125483884640457344e+00 1.284195080748862239e+01
-1.123926121478325602e+00 1.284634942752892606e+01
-1.122368358316192971e+00 1.287670324434396818e+01
-1.120810595154061229e+00 1.291289723190270422e+01
-1.119252831991928820e+00 1.294671535912051930e+01
-1.117695068829796412e+00 1.293866326689932933e+01
-1.116137305667664226e+00 1.294915484103590586e+01
-1.114579542505532483e+00 1.302513072343020895e+01
-1.113021779343399853e+00 1.303386459276580567e+01
-1.111464016181268111e+00 1.296987188266223079e+01
-1.109906253019136368e+00 1.293100190535621152e+01
-1.108348489857003960e+00 1.292287023336413121e+01
-1.106790726694871552e+00 1.295310640149990178e+01
-1.105232963532739365e+00 1.295591499474115693e+01
-1.103675200370607623e+00 1.293302462657979746e+01
-1.102117437208475881e+00 1.288232335065337963e+01
-1.100559674046343250e+00 1.285226824957045189e+01
-1.099001910884211508e+00 1.288367287551818485e+01
-1.097444147722079100e+00 1.291183436977665089e+01
-1.095886384559946913e+00 1.290445512443883302e+01
-1.094328621397814505e+00 1.290105975559396612e+01
-1.092770858235682763e+00 1.285228543571921378e+01
-1.091213095073550132e+00 1.282629630631558548e+01
-1.089655331911418390e+00 1.285747325641196248e+01
-1.088097568749286648e+00 1.281592042920211405e+01
-1.086539805587154239e+00 1.279672294048295988e+01
-1.084982042425022053e+00 1.279399572737632340e+01
-1.083424279262889645e+00 1.273259746367480183e+01
-1.081866516100757902e+00 1.269826807852806105e+01
-1.080308752938626160e+00 1.266569297060241439e+01
-1.078750989776493530e+00 1.268099514163514030e+01
-1.077193226614361787e+00 1.267775171978398419e+01
-1.075635463452229379e+00 1.267454195503279735e+01
-1.074077700290097193e+00 1.265231566172089295e+01
-1.072519937127964784e+00 1.260792161083618090e+01
-1.070962173965833042e+00 1.257625015317825401e+01
-1.069404410803700411e+00 1.260158505205311563e+01
-1.067846647641568669e+00 1.262033545018756975e+01
-1.066288884479436927e+00 1.258511626536190953e+01
-1.064731121317304519e+00 1.254032783944673923e+01
-1.063173358155172332e+00 1.252255909049683780e+01
-1.061615594993039924e+00 1.250694765693783950e+01
-1.060057831830908182e+00 1.250196317901764331e+01
-1.058500068668776439e+00 1.250572876549603585e+01
-1.056942305506643809e+00 1.245859458965270328e+01
-1.055384542344512067e+00 1.237923652279204312e+01
-1.053826779182379880e+00 1.235691012169431779e+01
-1.052269016020247472e+00 1.240632593612342127e+01
-1.050711252858115063e+00 1.238284159610023671e+01
-1.049153489695983321e+00 1.235845129311981161e+01
-1.047595726533850691e+00 1.228804825550695057e+01
-1.046037963371718948e+00 1.224671841427694119e+01
-1.044480200209587206e+00 1.224369571732369799e+01
-1.042922437047455020e+00 1.227859145488575265e+01
-1.041364673885322611e+00 1.231337292027467356e+01
-1.039806910723190203e+00 1.234947142085692917e+01
-1.038249147561058461e+00 1.236533397428986270e+01
-1.036691384398926719e+00 1.233527910353648949e+01
-1.035133621236794088e+00 1.230175527269219948e+01
-1.033575858074662346e+00 1.232123364238604779e+01
-1.032018094912530159e+00 1.237294531794539587e+01
-1.030460331750397751e+00 1.244026140542508330e+01
-1.028902568588265343e+00 1.246173629694970231e+01
-1.027344805426133600e+00 1.240356869595118283e+01
-1.025787042264000970e+00 1.239203296460389403e+01
-1.024229279101869228e+00 1.240191912813834563e+01
-1.022671515939737485e+00 1.242578831018692043e+01
-1.021113752777605299e+00 1.244891225995142214e+01
-1.019555989615472891e+00 1.244208496550430532e+01
-1.017998226453340482e+00 1.245738677003262396e+01
-1.016440463291208740e+00 1.251120278037639011e+01
-1.014882700129076998e+00 1.249860109130941410e+01
-1.013324936966944367e+00 1.248793197610669203e+01
-1.011767173804812847e+00 1.249686378044794210e+01
-1.010209410642680439e+00 1.251047339165529060e+01
-1.008651647480548030e+00 1.252824635015421073e+01
-1.007093884318415622e+00 1.253566560114817463e+01
-1.005536121156283880e+00 1.256699537901906005e+01
-1.003978357994151249e+00 1.256397555106651609e+01
-1.002420594832019507e+00 1.254166244681513476e+01
-1.000862831669887987e+00 1.253380412503795327e+01
-9.993050685077555784e-01 1.252832428759842820e+01
-9.977473053456231700e-01 1.251947539222061501e+01
-9.961895421834906506e-01 1.255994995455647611e+01
-9.946317790213591303e-01 1.261491794751553819e+01
-9.930740158592271660e-01 1.266234246169958055e+01
-9.915162526970945356e-01 1.266053865628553154e+01
-9.899584895349631264e-01 1.267393945552364798e+01
-9.884007263728307180e-01 1.260573530545311982e+01
-9.868429632106983096e-01 1.256255206169170080e+01
-9.852852000485657902e-01 1.260715657603757300e+01
-9.837274368864342700e-01 1.264151627690629098e+01
-9.821696737243016395e-01 1.263400494992193757e+01
-9.806119105621696752e-01 1.262456194589126568e+01
-9.790541474000382660e-01 1.266636160451856696e+01
-9.774963842379058576e-01 1.274069798140531162e+01
-9.759386210757734492e-01 1.275651311327225379e+01
-9.743808579136409298e-01 1.278767797430433362e+01
-9.728230947515094096e-01 1.290397175441175825e+01
-9.712653315893774453e-01 1.295509581046034420e+01
-9.697075684272459251e-01 1.297391922792563612e+01
-9.681498052651134056e-01 1.303777568009422261e+01
-9.665920421029809972e-01 1.307635265656198165e+01
-9.650342789408485888e-01 1.309869866752729273e+01
-9.634765157787160694e-01 1.307829800828907629e+01
-9.619187526165845492e-01 1.307716459147575172e+01
-9.603609894544519188e-01 1.308206303609376597e+01
-9.588032262923210647e-01 1.305699122886725050e+01
-9.572454631301885453e-01 1.302527404960602730e+01
-9.556876999680561369e-01 1.301500593997758415e+01
-9.541299368059237285e-01 1.302760519921788251e+01
-9.525721736437912091e-01 1.305528213108174818e+01
-9.510144104816596888e-01 1.307429399730930442e+01
-9.494566473195277245e-01 1.308934232366952344e+01
-9.478988841573962043e-01 1.310976312929587806e+01
-9.463411209952636849e-01 1.316461738223891054e+01
-9.447833578331312765e-01 1.324590717543025775e+01
-9.432255946709988681e-01 1.326617983265367862e+01
-9.416678315088663487e-01 1.330394414224551980e+01
-9.401100683467348285e-01 1.337829936336921044e+01
-9.385523051846025311e-01 1.341167618042606335e+01
-9.369945420224713439e-01 1.346859151151184086e+01
-9.354367788603388245e-01 1.355545815589787217e+01
-9.338790156982064161e-01 1.358170625298609124e+01
-9.323212525360740077e-01 1.361683748326543864e+01
-9.307634893739414883e-01 1.360988145312943942e+01
-9.292057262118099681e-01 1.356186870225422325e+01
-9.276479630496780038e-01 1.362217960230378111e+01
-9.260901998875464836e-01 1.362284714755844917e+01
-9.245324367254139641e-01 1.362112018970791816e+01
-9.229746735632815557e-01 1.369131081669783079e+01
-9.214169104011491473e-01 1.372287163700865165e+01
-9.198591472390166279e-01 1.375593445435779927e+01
-9.183013840768851077e-01 1.383966986459545190e+01
-9.167436209147531434e-01 1.387679682985418950e+01
-9.151858577526216232e-01 1.389473384594126060e+01
-9.136280945904891038e-01 1.389897254662787063e+01
-9.120703314283566954e-01 1.388408676254085528e+01
-9.105125682662242870e-01 1.393427452272898570e+01
-9.089548051040917676e-01 1.399325857522270589e+01
-9.073970419419602473e-01 1.401440297840396454e+01
-9.058392787798282830e-01 1.405885563329510468e+01
-9.042815156176967628e-01 1.407890761242709132e+01
-9.027237524555642434e-01 1.413273655807577711e+01
-9.011659892934318350e-01 1.417664154066780569e+01
-8.996082261312994266e-01 1.421877924000077442e+01
-8.980504629691669072e-01 1.422381696946440144e+01
-8.964926998070353870e-01 1.418670825909129007e+01
-8.949349366449034227e-01 1.425866369224178420e+01
-8.933771734827719024e-01 1.432302394524355904e+01
-8.918194103206393830e-01 1.439067601357271542e+01
-8.902616471585069746e-01 1.441754413874568641e+01
-8.887038839963745662e-01 1.438459595960472548e+01
-8.871461208342422688e-01 1.434971675463218688e+01
-8.855883576721108597e-01 1.425443090782728106e+01
-8.840305945099784513e-01 1.426270856418594946e+01
-8.824728313478468200e-01 1.430650877310312197e+01
-8.809150681857145226e-01 1.430056435094579648e+01
-8.793573050235821142e-01 1.431156931418959566e+01
-8.777995418614497058e-01 1.430549066157874094e+01
-8.762417786993174085e-01 1.425879839182798214e+01
-8.746840155371859993e-01 1.423903379134095459e+01
-8.731262523750535909e-01 1.424760601287533390e+01
-8.715684892129219596e-01 1.429233853431072276e+01
-8.700107260507896623e-01 1.428752096201142940e+01
-8.684529628886572539e-01 1.421729790273954741e+01
-8.668951997265248455e-01 1.413639639347683818e+01
-8.653374365643925481e-01 1.408448419169647181e+01
-8.637796734022611389e-01 1.406452480296941765e+01
-8.622219102401287305e-01 1.397104862808593140e+01
-8.606641470779970993e-01 1.393034425066465509e+01
-8.591063839158648019e-01 1.394848938413206696e+01
-8.575486207537323935e-01 1.397035464548212680e+01
-8.559908575915999851e-01 1.395971716491386871e+01
-8.544330944294686869e-01 1.389933635082707220e+01
-8.528753312673362785e-01 1.384057921482578557e+01
-8.513175681052038701e-01 1.382069491451435717e+01
-8.497598049430722389e-01 1.379407288626195971e+01
-8.482020417809399415e-01 1.377933288162038217e+01
-8.466442786188075331e-01 1.377741148467347010e+01
-8.450865154566751247e-01 1.379220290077253175e+01
-8.435287522945438266e-01 1.384766172164186848e+01
-8.419709891324114182e-01 1.390799893708999946e+01
-8.404132259702790098e-01 1.396094873575615480e+01
-8.388554628081473785e-01 1.395200268678133426e+01
-8.372976996460150811e-01 1.395423744545862910e+01
-8.357399364838826727e-01 1.398021546591380293e+01
-8.341821733217502643e-01 1.398878752664603375e+01
-8.326244101596189662e-01 1.405781556689674794e+01
-8.310666469974865578e-01 1.408864990728847211e+01
-8.295088838353541494e-01 1.403772235590209405e+01
-8.279511206732225181e-01 1.396868052841621655e+01
-8.263933575110902208e-01 1.394351552397813521e+01
-8.248355943489578124e-01 1.394608950951857729e+01
-8.232778311868254040e-01 1.394016923385865070e+01
-8.217200680246941058e-01 1.393350227750585013e+01
-8.201623048625616974e-01 1.389793763680906657e+01
-8.186045417004292890e-01 1.390602809386444605e+01
-8.170467785382976578e-01 1.388219466242451183e+01
-8.154890153761653604e-01 1.389341204691207032e+01
-8.139312522140329520e-01 1.394200619546371378e+01
-8.123734890519008767e-01 1.387480289722156002e+01
-8.108157258897692454e-01 1.384107141341150715e+01
-8.092579627276368370e-01 1.384774527983388204e+01
-8.077001995655044286e-01 1.388076138082486821e+01
-8.061424364033727974e-01 1.389072712429258871e+01
-8.045846732412405000e-01 1.387944198169478227e+01
-8.030269100791080916e-01 1.392094105052565389e+01
-8.014691469169760163e-01 1.397983707517529339e+01
-7.999113837548443851e-01 1.404906450451566968e+01
-7.983536205927119767e-01 1.413131970041511210e+01
-7.967958574305795683e-01 1.419974657072371294e+01
-7.952380942684479370e-01 1.420600675755879827e+01
-7.936803311063156396e-01 1.422650071813958306e+01
-7.921225679441832312e-01 1.428843914666784443e+01
-7.905648047820511559e-01 1.431336273015439176e+01
-7.890070416199195247e-01 1.432138079322919566e+01
-7.874492784577871163e-01 1.437997074238183259e+01
-7.858915152956547079e-01 1.440841411438868391e+01
-7.843337521335230766e-01 1.440072392004971036e+01
-7.827759889713907793e-01 1.443122555997596734e+01
-7.812182258092583709e-01 1.447360304274682363e+01
-7.796604626471262955e-01 1.445908653704256075e+01
-7.781026994849946643e-01 1.440950208709271685e+01
-7.765449363228622559e-01 1.443762235903603575e+01
-7.749871731607298475e-01 1.442132246614344027e+01
-7.734294099985982163e-01 1.447713692623729109e+01
-7.718716468364659189e-01 1.448909277586556854e+01
-7.703138836743337325e-01 1.450717666183163423e+01
-7.687561205122014352e-01 1.457369521628601383e+01
-7.671983573500698039e-01 1.459406760689522109e+01
-7.656405941879373955e-01 1.462613174560000928e+01
-7.640828310258049871e-01 1.464378125858527646e+01
-7.625250678636733559e-01 1.465546412158066936e+01
-7.609673047015410585e-01 1.469577638891712290e+01
-7.594095415394088722e-01 1.473068324484242453e+01
-7.578517783772765748e-01 1.475487057566531490e+01
-7.562940152151449436e-01 1.482996764294776604e+01
-7.547362520530125352e-01 1.487985483928893871e+01
-7.531784888908801268e-01 1.484125677567864621e+01
-7.516207257287484955e-01 1.484633775077936413e+01
-7.500629625666161981e-01 1.486005576365183956e+01
-7.485051994044840118e-01 1.487782143533197221e+01
-7.469474362423517144e-01 1.488510042834202274e+01
-7.453896730802200832e-01 1.487091100660047793e+01
-7.438319099180876748e-01 1.486877200577968239e+01
-7.422741467559552664e-01 1.488763489085190983e+01
-7.407163835938236351e-01 1.490349036058465693e+01
-7.391586204316913378e-01 1.488542750271659898e+01
-7.376008572695591514e-01 1.482850773099439756e+01
-7.360430941074268540e-01 1.477062031333918135e+01
-7.344853309452952228e-01 1.480470562045326588e+01
-7.329275677831628144e-01 1.482555784481687589e+01
-7.313698046210304060e-01 1.484335543884192887e+01
-7.298120414588987748e-01 1.492864542636016267e+01
-7.282542782967666994e-01 1.492445258475344616e+01
-7.266965151346342910e-01 1.483647416137123010e+01
-7.251387519725019937e-01 1.478716196789911486e+01
-7.235809888103703624e-01 1.479927616023502424e+01
-7.220232256482379540e-01 1.481395524420687160e+01
-7.204654624861055456e-01 1.481195494962210013e+01
-7.189076993239739144e-01 1.478450415276778784e+01
-7.173499361618418391e-01 1.473798118992233341e+01
-7.157921729997094307e-01 1.471714150073826666e+01
-7.142344098375771333e-01 1.470884559551608817e+01
-7.126766466754455021e-01 1.471054409743947744e+01
-7.111188835133130937e-01 1.475687549485616046e+01
-7.095611203511806853e-01 1.483747202300966173e+01
-7.080033571890490540e-01 1.486042995969416936e+01
-7.064455940269169787e-01 1.496895890253033912e+01
-7.048878308647845703e-01 1.496820965235543355e+01
-7.033300677026522729e-01 1.494275076896499321e+01
-7.017723045405206417e-01 1.491963805899329820e+01
-7.002145413783882333e-01 1.489916321550843037e+01
-6.986567782162558249e-01 1.491973402239952939e+01
-6.970990150541245267e-01 1.490016611004518943e+01
-6.955412518919921183e-01 1.486892406053519267e+01
-6.939834887298597099e-01 1.486579739435587122e+01
-6.924257255677274125e-01 1.488221500453228963e+01
-6.908679624055957813e-01 1.492258279402762433e+01
-6.893101992434633729e-01 1.492167539509867957e+01
-6.877524360813309645e-01 1.482794650775470480e+01
-6.861946729191996663e-01 1.481849050195368633e+01
-6.846369097570672579e-01 1.478300724085768358e+01
-6.830791465949348495e-01 1.475516686735360317e+01
-6.815213834328025522e-01 1.471915878477438078e+01
-6.799636202706709209e-01 1.471442658713005258e+01
-6.784058571085385125e-01 1.470572946073060905e+01
-6.768480939464061041e-01 1.466383402130185942e+01
-6.752903307842748060e-01 1.468860956782524774e+01
-6.737325676221423976e-01 1.473219642063950374e+01
-6.721748044600099892e-01 1.475546754198558119e+01
-6.706170412978776918e-01 1.480017531215327864e+01
-6.690592781357460606e-01 1.489136746518654775e+01
-6.675015149736136522e-01 1.494368217497227924e+01
-6.659437518114812438e-01 1.496078599457874958e+01
-6.643859886493499456e-01 1.502295898688361397e+01
-6.628282254872175372e-01 1.505817147344347084e+01
-6.612704623250851288e-01 1.507665154802063867e+01
-6.597126991629528314e-01 1.508246220587130892e+01
-6.581549360008212002e-01 1.507087328784042946e+01
-6.565971728386887918e-01 1.508325060242008853e+01
-6.550394096765573826e-01 1.511779696256212802e+01
-6.534816465144250852e-01 1.516861248926830008e+01
-6.519238833522926768e-01 1.521831421081070879e+01
-6.503661201901602684e-01 1.527774289206528024e+01
-6.488083570280279710e-01 1.533656734622229223e+01
-6.472505938658963398e-01 1.535181777788864288e+01
-6.456928307037639314e-01 1.534107129239195189e+01
-6.441350675416325222e-01 1.534113062693955776e+01
-6.425773043795002248e-01 1.532846775021453567e+01
-6.410195412173678164e-01 1.532135380509614819e+01
-6.394617780552354080e-01 1.535461972511905948e+01
-6.379040148931031107e-01 1.541385454506824182e+01
-6.363462517309714794e-01 1.541982648487983454e+01
-6.347884885688390710e-01 1.543687674017495226e+01
-6.332307254067076618e-01 1.546104312301005201e+01
-6.316729622445753645e-01 1.547023772632889482e+01
-6.301151990824429561e-01 1.548019005853185526e+01
-6.285574359203105477e-01 1.548537537848679158e+01
-6.269996727581782503e-01 1.549300005244558598e+01
-6.254419095960466191e-01 1.550249811753866602e+01
-6.238841464339142107e-01 1.552551218633556473e+01
-6.223263832717828015e-01 1.556839982907871267e+01
-6.207686201096505041e-01 1.562084880724598968e+01
-6.192108569475180957e-01 1.570510428066000586e+01
-6.176530937853856873e-01 1.576238636826622219e+01
-6.160953306232533899e-01 1.578757044850292068e+01
-6.145375674611217587e-01 1.586030056067516902e+01
-6.129798042989895723e-01 1.586805522012230263e+01
-6.114220411368578301e-01 1.586003551859082883e+01
-6.098642779747256437e-01 1.590981347701010762e+01
-6.083065148125932353e-01 1.594504845327425535e+01
-6.067487516504608269e-01 1.594948566558255720e+01
-6.051909884883286406e-01 1.594088992358749834e+01
-6.036332253261968983e-01 1.590380756994673028e+01
-6.020754621640647120e-01 1.586747457018519469e+01
-6.005176990019329697e-01 1.580927006452331796e+01
-5.989599358398007833e-01 1.579699478197227336e+01
-5.974021726776683749e-01 1.581262094088665648e+01
-5.958444095155359665e-01 1.580525262030814382e+01
-5.942866463534037802e-01 1.582000721830652346e+01
-5.927288831912720379e-01 1.583108722887467579e+01
-5.911711200291398516e-01 1.579279592959801448e+01
-5.896133568670081093e-01 1.581003630123868575e+01
-5.880555937048759230e-01 1.585606878369548767e+01
-5.864978305427435146e-01 1.585077944514106818e+01
-5.849400673806111062e-01 1.581795458593957271e+01
-5.833823042184789198e-01 1.585152696440873932e+01
-5.818245410563471776e-01 1.590850227802877725e+01
-5.802667778942149912e-01 1.592775432480783593e+01
-5.787090147320832489e-01 1.591086966045668127e+01
-5.771512515699510626e-01 1.592816388453860910e+01
-5.755934884078186542e-01 1.595452748033852153e+01
-5.740357252456862458e-01 1.594442123069724104e+01
-5.724779620835540594e-01 1.594050347104380627e+01
-5.709201989214225392e-01 1.604489090545140328e+01
-5.693624357592901308e-01 1.615414597654164197e+01
-5.678046725971583886e-01 1.614518648196547446e+01
-5.662469094350262022e-01 1.609086486620562084e+01
-5.646891462728937938e-01 1.608180174129502049e+01
-5.631313831107613854e-01 1.607604545872962021e+01
-5.615736199486291991e-01 1.607076323101688686e+01
-5.600158567864976789e-01 1.607672584798419280e+01
-5.584580936243652705e-01 1.611742227862824350e+01
-5.569003304622335282e-01 1.616813807333763364e+01
-5.553425673001013418e-01 1.616204667258737615e+01
-5.537848041379689334e-01 1.606067406644663720e+01
-5.522270409758365250e-01 1.595355033196426042e+01
-5.506692778137043387e-01 1.585183768304218255e+01
-5.491115146515728185e-01 1.587547869241692311e+01
-5.475537514894404101e-01 1.592221657757395725e+01
-5.459959883273086678e-01 1.590210786145842903e+01
-5.444382251651764815e-01 1.591686766548089338e+01
-5.428804620030440731e-01 1.595027739973736125e+01
-5.413226988409116647e-01 1.596756699319128536e+01
-5.397649356787794783e-01 1.601743867498792540e+01
-5.382071725166479581e-01 1.599004463398238940e+01
-5.366494093545155497e-01 1.593121701726986039e+01
-5.350916461923838074e-01 1.589395555143041783e+01
-5.335338830302516211e-01 1.585974228988228063e+01
-5.319761198681192127e-01 1.592578541967943906e+01
-5.304183567059868043e-01 1.598552336618463521e+01
-5.288605935438555061e-01 1.602210969709736332e+01
-5.273028303817230977e-01 1.606400640850682393e+01
-5.257450672195906893e-01 1.617073281517205885e+01
-5.241873040574589471e-01 1.626422556601429292e+01
-5.226295408953267607e-01 1.634524798987852989e+01
-5.210717777331943523e-01 1.646400990889673821e+01
-5.195140145710619439e-01 1.648529851219090858e+01
-5.179562514089306458e-01 1.649179374924978703e+01
-5.163984882467982374e-01 1.657709381873069532e+01
-5.148407250846658290e-01 1.665446906731458299e+01
-5.132829619225340867e-01 1.663120200692163664e+01
-5.117251987604019003e-01 1.662083748810380612e+01
-5.101674355982694919e-01 1.667743853930554820e+01
-5.086096724361370836e-01 1.671771764460500975e+01
-5.070519092740057854e-01 1.667945248313741757e+01
-5.054941461118733770e-01 1.666502062817653140e+01
-5.039363829497409686e-01 1.668888051229903269e+01
-5.023786197876092263e-01 1.675074381188687767e+01
-5.008208566254770400e-01 1.690373693724286142e+01
-4.992630934633446316e-01 1.704618983892579109e+01
-4.977053303012121677e-01 1.708030497672735493e+01
-4.961475671390809805e-01 1.710412018883735286e+01
-4.945898039769485166e-01 1.714006007842884216e+01
-4.930320408148160527e-01 1.717687429425148693e+01
-4.914742776526843104e-01 1.725152416504877806e+01
-4.899165144905522351e-01 1.732782356358400477e+01
-4.883587513284197712e-01 1.737164804057884027e+01
-4.868009881662878624e-01 1.739506451735988435e+01
-4.852432250041561201e-01 1.742877124398838617e+01
-4.836854618420236562e-01 1.757305312226810656e+01
-4.821276986798911923e-01 1.771253108695532319e+01
-4.805699355177594501e-01 1.777820795438076473e+01
-4.790121723556273747e-01 1.784403477412048744e+01
-4.774544091934949108e-01 1.795173748981113349e+01
-4.758966460313630020e-01 1.807357684176707835e+01
-4.743388828692312598e-01 1.820200499262330851e+01
-4.727811197070987959e-01 1.831607219206323478e+01
-4.712233565449663319e-01 1.845420168786883508e+01
-4.696655933828344232e-01 1.853674255359844025e+01
-4.681078302207025144e-01 1.855836773532765349e+01
-4.665500670585700504e-01 1.864667457438979170e+01
-4.649923038964383082e-01 1.874348210257615577e+01
-4.634345407343063994e-01 1.883656514369478430e+01
-4.618767775721739355e-01 1.887261862865214113e+01
-4.603190144100414716e-01 1.895843955776700440e+01
-4.587612512479095628e-01 1.903608551368200708e+01
-4.572034880857776540e-01 1.920558999677014711e+01
-4.556457249236453566e-01 1.937600546079951513e+01
-4.540879617615134478e-01 1.945613401665192654e+01
-4.525301985993815390e-01 1.957852866849904316e+01
-4.509724354372490751e-01 1.966838011317258150e+01
-4.494146722751166112e-01 1.973760673517694286e+01
-4.478569091129847024e-01 1.984558218677588215e+01
-4.462991459508527936e-01 1.993101240132742547e+01
-4.447413827887204962e-01 2.004604772591000739e+01
-4.431836196265885874e-01 2.014756885607173231e+01
-4.416258564644565676e-01 2.028833244501687361e+01
-4.400680933023242147e-01 2.044134447621003048e+01
-4.385103301401918618e-01 2.061008995073293093e+01
-4.369525669780598420e-01 2.071902811967161995e+01
-4.353948038159278222e-01 2.083721901760420891e+01
-4.338370406537957469e-01 2.092589912969873467e+01
-4.322792774916637271e-01 2.097264282383255818e+01
-4.307215143295317072e-01 2.106053838425305713e+01
-4.291637511673993544e-01 2.117385196319310126e+01
-4.276059880052670015e-01 2.122291754685974396e+01
-4.260482248431349817e-01 2.133260961889130058e+01
-4.244904616810029618e-01 2.152637643056204553e+01
-4.229326985188708865e-01 2.164245747863110481e+01
-4.213749353567388667e-01 2.176570028639845944e+01
-4.198171721946068469e-01 2.190250258426289065e+01
-4.182594090324744940e-01 2.202936446646630486e+01
-4.167016458703421411e-01 2.219684837594581239e+01
-4.151438827082101213e-01 2.230741972405476048e+01
-4.135861195460783790e-01 2.233925068563107885e+01
-4.120283563839460261e-01 2.245617986458575288e+01
-4.104705932218140063e-01 2.262293284704912111e+01
-4.089128300596819865e-01 2.271051165589197396e+01
-4.073550668975496336e-01 2.282317427168623070e+01
-4.057973037354172807e-01 2.298232048479613354e+01
-4.042395405732852609e-01 2.314359865389019788e+01
-4.026817774111535186e-01 2.325201379722629369e+01
-4.011240142490211658e-01 2.340932029282451055e+01
-3.995662510868891459e-01 2.362626162137742014e+01
-3.980084879247571261e-01 2.375746306546047393e+01
-3.964507247626247732e-01 2.383459878203161253e+01
-3.948929616004924203e-01 2.401870965457463214e+01
-3.933351984383604005e-01 2.420031419523041905e+01
-3.917774352762286583e-01 2.438559090990638012e+01
-3.902196721140963054e-01 2.465447895285656799e+01
-3.886619089519642856e-01 2.484774961936728133e+01
-3.871041457898322657e-01 2.500833692037962308e+01
-3.855463826276999129e-01 2.526928881527065229e+01
-3.839886194655675600e-01 2.547077886038688277e+01
-3.824308563034355402e-01 2.575514044744738840e+01
-3.808730931413037979e-01 2.596404986688890304e+01
-3.793153299791714450e-01 2.612996848318841714e+01
-3.777575668170394252e-01 2.636965778878770905e+01
-3.761998036549074054e-01 2.656191537864229346e+01
-3.746420404927750525e-01 2.673138556754085116e+01
-3.730842773306426996e-01 2.695830291516929478e+01
-3.715265141685112904e-01 2.721686078404791331e+01
-3.699687510063789375e-01 2.740893965355959239e+01
-3.684109878442465846e-01 2.758316620574985123e+01
-3.668532246821145648e-01 2.786494374208166747e+01
-3.652954615199825450e-01 2.823187352929218719e+01
-3.637376983578501921e-01 2.860366818982102544e+01
-3.621799351957178392e-01 2.893513009187922336e+01
-3.606221720335864300e-01 2.920222657338308991e+01
-3.590644088714540771e-01 2.945838653699326315e+01
-3.575066457093217243e-01 2.968500812336762706e+01
-3.559488825471897044e-01 2.992313647697863033e+01
-3.543911193850576846e-01 3.016527189855102620e+01
-3.528333562229253317e-01 3.038922508933246291e+01
-3.512755930607929789e-01 3.059972830150687528e+01
-3.497178298986615697e-01 3.082090634993798872e+01
-3.481600667365292168e-01 3.114427685508817945e+01
-3.466023035743968639e-01 3.137330048012862704e+01
-3.450445404122648441e-01 3.148957435611403710e+01
-3.434867772501328242e-01 3.173095057261709329e+01
-3.419290140880004714e-01 3.200014187856599079e+01
-3.403712509258681185e-01 3.228934551822914045e+01
-3.388134877637367093e-01 3.258653466515476538e+01
-3.372557246016043564e-01 3.286176253362418720e+01
-3.356979614394720035e-01 3.310238965166895753e+01
-3.341401982773399837e-01 3.334070330941833049e+01
-3.325824351152079639e-01 3.357456303143207776e+01
-3.310246719530756110e-01 3.381670906229118145e+01
-3.294669087909438687e-01 3.413016301021845322e+01
-3.279091456288118489e-01 3.439252395554496644e+01
-3.263513824666794960e-01 3.463495878033193520e+01
-3.247936193045471431e-01 3.496233741364831360e+01
-3.232358561424151233e-01 3.521486482693833864e+01
-3.216780929802831035e-01 3.543274049956506389e+01
-3.201203298181507506e-01 3.571012167976639518e+01
-3.185625666560190083e-01 3.599082428401646183e+01
-3.170048034938869885e-01 3.625661715002566154e+01
-3.154470403317546356e-01 3.646969306059010307e+01
-3.138892771696222828e-01 3.671397384910788730e+01
-3.123315140074902629e-01 3.708938758157901816e+01
-3.107737508453582431e-01 3.744468512172114316e+01
-3.092159876832258902e-01 3.781239174660802149e+01
-3.076582245210941480e-01 3.811995037916516793e+01
-3.061004613589620726e-01 3.850094313853200845e+01
-3.045426981968297753e-01 3.884757504482769974e+01
-3.029849350346974779e-01 3.927656703506079339e+01
-3.014271718725654026e-01 3.971076684145933200e+01
-2.998694087104333272e-01 4.007037366773908360e+01
-2.983116455483013629e-01 4.044464046308922889e+01
-2.967538823861692876e-01 4.075900741356853274e+01
-2.951961192240372123e-01 4.107324156935605686e+01
-2.936383560619049149e-01 4.142720638899662333e+01
-2.920805928997726175e-01 4.182909348241197733e+01
-2.905228297376405422e-01 4.239509067452465274e+01
-2.889650665755084669e-01 4.288453776348080737e+01
-2.874073034133765026e-01 4.332702625076384351e+01
-2.858495402512444272e-01 4.373464292925043395e+01
-2.842917770891123519e-01 4.406337634981161955e+01
-2.827340139269800545e-01 4.428491145148962715e+01
-2.811762507648477571e-01 4.461094473344839173e+01
-2.796184876027156818e-01 4.503528325082981354e+01
-2.780607244405836065e-01 4.552347270246846733e+01
-2.765029612784516422e-01 4.597349217889570383e+01
-2.749451981163195669e-01 4.644407612804687346e+01
-2.733874349541874915e-01 4.693829008432562233e+01
-2.718296717920551941e-01 4.743669498556606356e+01
-2.702719086299228968e-01 4.796353483044353538e+01
-2.687141454677908214e-01 4.835943287859176110e+01
-2.671563823056587461e-01 4.872518962931073361e+01
-2.655986191435267818e-01 4.908518630258555504e+01
-2.640408559813947065e-01 4.948670380448341177e+01
-2.624830928192626311e-01 4.997448104026251059e+01
-2.609253296571303338e-01 5.043409849563781222e+01
-2.593675664949980364e-01 5.085844934253078264e+01
-2.578098033328659611e-01 5.141549073524190305e+01
-2.562520401707342188e-01 5.190719086205010058e+01
-2.546942770086019214e-01 5.232079263113054424e+01
-2.531365138464698461e-01 5.274281049754611672e+01
-2.515787506843377708e-01 5.325928259805758103e+01
-2.500209875222054734e-01 5.387564039184153586e+01
-2.484632243600732038e-01 5.442889519632836937e+01
-2.469054611979411007e-01 5.495361705465093394e+01
-2.453476980358093584e-01 5.545603509019875332e+01
-2.437899348736770888e-01 5.594405735706386196e+01
-2.422321717115449857e-01 5.671794646092671144e+01
-2.406744085494128826e-01 5.757342239383873306e+01
-2.391166453872806130e-01 5.819338042196544336e+01
-2.375588822251483434e-01 5.878292271807466562e+01
-2.360011190630162403e-01 5.948322911321811546e+01
-2.344433559008844981e-01 6.021528003244225857e+01
-2.328855927387523117e-01 6.096128569034344480e+01
-2.313278295766201254e-01 6.171647648964392374e+01
-2.297700664144879390e-01 6.234490394729760254e+01
-2.282123032523557526e-01 6.289044251825733767e+01
-2.266545400902235663e-01 6.343718284903224003e+01
-2.250967769280913799e-01 6.416341077294060824e+01
-2.235390137659596377e-01 6.486193226056889216e+01
-2.219812506038274513e-01 6.560736182503676162e+01
-2.204234874416952650e-01 6.656411715938425289e+01
-2.188657242795630786e-01 6.752051603685735870e+01
-2.173079611174308923e-01 6.838607997792284721e+01
-2.157501979552987059e-01 6.923400102097885167e+01
-2.141924347931669637e-01 7.003210194473210493e+01
-2.126346716310347773e-01 7.069951772848577320e+01
-2.110769084689025910e-01 7.131735177817796512e+01
-2.095191453067704046e-01 7.196209576917169670e+01
-2.079613821446382183e-01 7.259490940931101477e+01
-2.064036189825060319e-01 7.317264394151322904e+01
-2.048458558203738455e-01 7.380179250773950628e+01
-2.032880926582421033e-01 7.450723571286945912e+01
-2.017303294961099169e-01 7.525839169048154531e+01
-2.001725663339777306e-01 7.602833565332971943e+01
-1.986148031718455442e-01 7.679033321388314448e+01
-1.970570400097133579e-01 7.755392881421482798e+01
-1.954992768475811715e-01 7.836284527277584289e+01
-1.939415136854489852e-01 7.918990586748073213e+01
-1.923837505233172429e-01 8.000221107657823438e+01
-1.908259873611850566e-01 8.091480709242779312e+01
-1.892682241990528702e-01 8.190029862486555601e+01
-1.877104610369206839e-01 8.275019875855730334e+01
-1.861526978747884975e-01 8.367184936280125385e+01
-1.845949347126563111e-01 8.460000941093949223e+01
-1.830371715505241248e-01 8.553259643089276665e+01
-1.814794083883923825e-01 8.648778041416336748e+01
-1.799216452262601962e-01 8.742609595804385947e+01
-1.783638820641280098e-01 8.851113559302997658e+01
-1.768061189019958235e-01 8.977758901783909096e+01
-1.752483557398636371e-01 9.116675370651536525e+01
-1.736905925777314508e-01 9.247349986086685192e+01
-1.721328294155997085e-01 9.372133093925292258e+01
-1.705750662534675222e-01 9.505301877449626602e+01
-1.690173030913353358e-01 9.639267673524949487e+01
-1.674595399292031495e-01 9.780852736648115808e+01
-1.659017767670709631e-01 9.926301075233024562e+01
-1.643440136049387768e-01 1.006755269551562719e+02
-1.627862504428065904e-01 1.021426866060808294e+02
-1.612284872806748481e-01 1.037812288790934758e+02
-1.596707241185426618e-01 1.056111205270993310e+02
-1.581129609564104754e-01 1.072747975854286722e+02
-1.565551977942782891e-01 1.087234405448752170e+02
-1.549974346321461027e-01 1.101704941283873040e+02
-1.534396714700139164e-01 1.115907826564574066e+02
-1.518819083078817300e-01 1.131542718161694836e+02
-1.503241451457499878e-01 1.147346217193873912e+02
-1.487663819836178014e-01 1.163780734597847726e+02
-1.472086188214856151e-01 1.179733959586559564e+02
-1.456508556593534287e-01 1.194533898134128975e+02
-1.440930924972212424e-01 1.207795970132787602e+02
-1.425353293350890560e-01 1.222760676746424906e+02
-1.409775661729568697e-01 1.239582049966315793e+02
-1.394198030108251274e-01 1.255039504310211385e+02
-1.378620398486929410e-01 1.269175256077037659e+02
-1.363042766865607547e-01 1.284333838305581992e+02
-1.347465135244285683e-01 1.299340691546050266e+02
-1.331887503622963820e-01 1.314072876587157452e+02
-1.316309872001641956e-01 1.329113686231957558e+02
-1.300732240380324534e-01 1.345339724985836938e+02
-1.285154608759002670e-01 1.362237827483305352e+02
-1.269576977137680807e-01 1.378765371826249293e+02
-1.253999345516358943e-01 1.395377484279138400e+02
-1.238421713895037080e-01 1.411280083734465336e+02
-1.222844082273715216e-01 1.426592091655872423e+02
-1.207266450652393353e-01 1.441935303081406801e+02
-1.191688819031075930e-01 1.456101793210114010e+02
-1.176111187409754066e-01 1.471881310886296603e+02
-1.160533555788432203e-01 1.490459935473990072e+02
-1.144955924167110339e-01 1.507088750041357628e+02
-1.129378292545788476e-01 1.526424186533717773e+02
-1.113800660924466612e-01 1.547548666961528738e+02
-1.098223029303144749e-01 1.566392465953465489e+02
-1.082645397681827326e-01 1.585817256752849858e+02
-1.067067766060505463e-01 1.605976126694129675e+02
-1.051490134439183599e-01 1.626065261518915293e+02
-1.035912502817861736e-01 1.647153940114320676e+02
-1.020334871196539872e-01 1.668033723658793122e+02
-1.004757239575218009e-01 1.689168305297590678e+02
-9.891796079538961450e-02 1.711651988556032506e+02
-9.736019763325787224e-02 1.737309815195401086e+02
-9.580243447112568589e-02 1.762446484038099470e+02
-9.424467130899349954e-02 1.785533569372116176e+02
-9.268690814686131318e-02 1.808228481762346007e+02
-9.112914498472912683e-02 1.833240466834606650e+02
-8.957138182259694048e-02 1.861655260153419817e+02
-8.801361866046519822e-02 1.891763838017858177e+02
-8.645585549833301187e-02 1.921500867860094957e+02
-8.489809233620082551e-02 1.950714877892582706e+02
-8.334032917406863916e-02 1.981722450408552447e+02
-8.178256601193645281e-02 2.012913447450162323e+02
-8.022480284980426646e-02 2.041697251496095760e+02
-7.866703968767208011e-02 2.070608836619771864e+02
-7.710927652554033784e-02 2.101239626023283336e+02
-7.555151336340815149e-02 2.131909830027613850e+02
-7.399375020127596514e-02 2.162451408309725309e+02
-7.243598703914377879e-02 2.194189538403774691e+02
-7.087822387701159244e-02 2.229485887630264358e+02
-6.932046071487940608e-02 2.262626870883934771e+02
-6.776269755274721973e-02 2.295687247248588676e+02
-6.620493439061547747e-02 2.331315592273836330e+02
-6.464717122848329112e-02 2.365954054671553877e+02
-6.308940806635110476e-02 2.399189326528430968e+02
-6.153164490421891841e-02 2.433459050307024825e+02
-5.997388174208673206e-02 2.470215953946806167e+02
-5.841611857995454571e-02 2.508909477424568308e+02
-5.685835541782280345e-02 2.552133988391705088e+02
-5.530059225569061709e-02 2.595029068709171156e+02
-5.374282909355843074e-02 2.637130548961091563e+02
-5.218506593142624439e-02 2.680620966621626167e+02
-5.062730276929405804e-02 2.724398550539289658e+02
-4.906953960716187169e-02 2.767377538043716640e+02
-4.751177644502968533e-02 2.808620898244255955e+02
-4.595401328289794307e-02 2.850198603462883966e+02
-4.439625012076575672e-02 2.890992661945214195e+02
-4.283848695863357037e-02 2.932542335365242820e+02
-4.128072379650138402e-02 2.978408151318076875e+02
-3.972296063436919766e-02 3.025322955817608204e+02
-3.816519747223701131e-02 3.071866598947755733e+02
-3.660743431010482496e-02 3.117780341406045181e+02
-3.504967114797308270e-02 3.162087576864117295e+02
-3.349190798584089634e-02 3.205937105561227440e+02
-3.193414482370870999e-02 3.252064228734062681e+02
-3.037638166157652364e-02 3.299266083892708821e+02
-2.881861849944433729e-02 3.346719955898045100e+02
-2.726085533731215094e-02 3.394426916415922619e+02
-2.570309217517996458e-02 3.440023182825391928e+02
-2.414532901304822232e-02 3.483780749028593959e+02
-2.258756585091603597e-02 3.527386736962835130e+02
-2.102980268878384962e-02 3.571949829778963590e+02
-1.947203952665166327e-02 3.615029475376554160e+02
-1.791427636451947691e-02 3.652889805693795324e+02
-1.635651320238729056e-02 3.691571563497366242e+02
-1.479875004025554830e-02 3.731072597478831199e+02
-1.324098687812336195e-02 3.768707559748482367e+02
-1.168322371599117560e-02 3.803523634626848207e+02
-1.012546055385898924e-02 3.835653107071781278e+02
-8.567697391726802891e-03 3.867463581417211458e+02
-7.009934229594616539e-03 3.898215355097897827e+02
-5.452171067462430187e-03 3.925084701567412253e+02
-3.894407905330687925e-03 3.947903205502184392e+02
-2.336644743198501573e-03 3.970883054687653839e+02
-7.788815810663152206e-04 3.993192287502398585e+02
7.788815810658711314e-04 4.012430988006250914e+02
2.336644743198057483e-03 4.028940137875675873e+02
3.894407905330243835e-03 4.043481047643113016e+02
5.452171067462430187e-03 4.055620811133366601e+02
7.009934229594172450e-03 4.064429979863647873e+02
8.567697391726358802e-03 4.070137971353178727e+02
1.012546055385854515e-02 4.073739995847080877e+02
1.168322371599073151e-02 4.077220157120815429e+02
1.324098687812291786e-02 4.075275578938756098e+02
1.479875004025510421e-02 4.067436711430103173e+02
1.635651320238729056e-02 4.058603298213108133e+02
1.791427636451903282e-02 4.049199679828539615e+02
1.947203952665121918e-02 4.037148706411434773e+02
2.102980268878340553e-02 4.021536311654859901e+02
2.258756585091559188e-02 4.002646744780311678e+02
2.414532901304777823e-02 3.980931506602796617e+02
2.570309217517996458e-02 3.951473086644384125e+02
2.726085533731170685e-02 3.913541702312027155e+02
2.881861849944389320e-02 3.866728927870726125e+02
3.037638166157607955e-02 3.804744812387662591e+02
3.193414482370826590e-02 3.724722612983867975e+02
3.349190798584045226e-02 3.615530604773983896e+02
3.504967114797263861e-02 3.467573998447711574e+02
3.660743431010482496e-02 3.278148343249574737e+02
3.816519747223656722e-02 3.043618448102788534e+02
3.972296063436875357e-02 2.760120914587182597e+02
4.128072379650093993e-02 2.428657168112112004e+02
4.283848695863312628e-02 2.046080450378778721e+02
4.439625012076531263e-02 1.616077088966637518e+02
4.595401328289749898e-02 1.109895826948831257e+02
4.751177644502968533e-02 5.207409365131415768e+01
4.906953960716142760e-02 -1.375079541268021899e+01
5.062730276929361395e-02 -8.548066412655903434e+01
5.218506593142580030e-02 -1.625209088692854209e+02
5.374282909355798665e-02 -2.449036702090628808e+02
5.530059225569017300e-02 -3.327775465494909213e+02
5.685835541782235936e-02 -4.242541277276125129e+02
5.841611857995454571e-02 -5.234127267389100098e+02
5.997388174208628797e-02 -6.284059890924572755e+02
6.153164490421847432e-02 -7.359170356757044829e+02
6.308940806635066068e-02 -8.446747693984948455e+02
6.464717122848284703e-02 -9.536044234287833206e+02
6.620493439061503338e-02 -1.063014819745058276e+03
6.776269755274721973e-02 -1.168794916430168769e+03
6.932046071487896199e-02 -1.273242851642336745e+03
7.087822387701114835e-02 -1.375041225378946365e+03
7.243598703914333470e-02 -1.470520552059032525e+03
7.399375020127552105e-02 -1.561403402737369788e+03
7.555151336340770740e-02 -1.644718833876471308e+03
7.710927652553989375e-02 -1.714426863264312487e+03
7.866703968767208011e-02 -1.771022646957079814e+03
8.022480284980382237e-02 -1.819803730285859274e+03
8.178256601193600872e-02 -1.854273935661174391e+03
8.334032917406819507e-02 -1.885004441274692226e+03
8.489809233620038142e-02 -1.902271945927008801e+03
8.645585549833256778e-02 -1.893847688372917219e+03
8.801361866046475413e-02 -1.859210432999888553e+03
8.957138182259694048e-02 -1.780928874314569839e+03
9.112914498472868274e-02 -1.641467042227087859e+03
9.268690814686086910e-02 -1.437086125520532732e+03
9.424467130899305545e-02 -1.166487992019020339e+03
9.580243447112524180e-02 -8.305667877210265715e+02
9.736019763325742815e-02 -4.316310919223817564e+02
9.891796079538961450e-02 2.813082033684065664e+01
1.004757239575213568e-01 5.470548354871509673e+02
1.020334871196535431e-01 1.123186510904791021e+03
1.035912502817857295e-01 1.754493774366681691e+03
1.051490134439179158e-01 2.439193693881727540e+03
1.067067766060501022e-01 3.175371135228584990e+03
1.082645397681822885e-01 3.961076544805493995e+03
1.098223029303144749e-01 4.794213208001347084e+03
1.113800660924462171e-01 5.672917170325831648e+03
1.129378292545784035e-01 6.595060239953025302e+03
1.144955924167105898e-01 7.558371269662577106e+03
1.160533555788427762e-01 8.561191074554268198e+03
1.176111187409749625e-01 9.601627437794511934e+03
1.191688819031071489e-01 1.067766726033267150e+04
1.207266450652393353e-01 1.178753292988262365e+04
1.222844082273710775e-01 1.292920292652498392e+04
1.238421713895032639e-01 1.410042690779330587e+04
1.253999345516354502e-01 1.529926708004240209e+04
1.269576977137676366e-01 1.652387354050141585e+04
1.285154608758998229e-01 1.777222597484916332e+04
1.300732240380320093e-01 1.904262670316532603e+04
1.316309872001641956e-01 2.033317410202136307e+04
1.331887503622959379e-01 2.164155838037111607e+04
1.347465135244281242e-01 2.296563793424918913e+04
1.363042766865603106e-01 2.430369417044205329e+04
1.378620398486924969e-01 2.565424764107569354e+04
1.394198030108246833e-01 2.701476976593613654e+04
1.409775661729568697e-01 2.838314666829032285e+04
1.425353293350886119e-01 2.975769854890651186e+04
1.440930924972207983e-01 3.113659743419854931e+04
1.456508556593529846e-01 3.251786351864154494e+04
1.472086188214851710e-01 3.389930734362810472e+04
1.487663819836173573e-01 3.527895846253162017e+04
1.503241451457495437e-01 3.665504947853829799e+04
1.518819083078817300e-01 3.802558736214487726e+04
1.534396714700134723e-01 3.938850308288170345e+04
1.549974346321456586e-01 4.074192771491842723e+04
1.565551977942778450e-01 4.208403120773623959e+04
1.581129609564100313e-01 4.341277897359389317e+04
1.596707241185422177e-01 4.472620290598161228e+04
1.612284872806744040e-01 4.602235934316225030e+04
1.627862504428065904e-01 4.729933721779166808e+04
1.643440136049383327e-01 4.855512151096743037e+04
1.659017767670705190e-01 4.978762687598671619e+04
1.674595399292027054e-01 5.099489605410688819e+04
1.690173030913348917e-01 5.217543232968814846e+04
1.705750662534670781e-01 5.332906376342612930e+04
1.721328294155992644e-01 5.444887327244670450e+04
1.736905925777314508e-01 5.566065582273359178e+04
1.752483557398631930e-01 5.701371119412921689e+04
1.768061189019953794e-01 5.846067961526049476e+04
1.783638820641275657e-01 5.990757072395932482e+04
1.799216452262597521e-01 6.128736934864025534e+04
1.814794083883919384e-01 6.258375195850541786e+04
1.830371715505241248e-01 6.378565505348425359e+04
1.845949347126558671e-01 6.488759029522616765e+04
1.861526978747880534e-01 6.588326107431150740e+04
1.877104610369202398e-01 6.676947073774726596e+04
1.892682241990524261e-01 6.754868667063968314e+04
1.908259873611846125e-01 6.822442757740702655e+04
1.923837505233167988e-01 6.879649092950705381e+04
1.939415136854489852e-01 6.926570097076830280e+04
1.954992768475807274e-01 6.963485629119831719e+04
1.970570400097129138e-01 6.990490109586865583e+04
1.986148031718451001e-01 7.007553975361483754e+04
2.001725663339772865e-01 7.015080288404582825e+04
2.017303294961094728e-01 7.013723207187213120e+04
2.032880926582416592e-01 7.004009149632425397e+04
2.048458558203738455e-01 6.986066758278214547e+04
2.064036189825055878e-01 6.959900070863844303e+04
2.079613821446377742e-01 6.925831035198850441e+04
2.095191453067699605e-01 6.884329400630330201e+04
2.110769084689021469e-01 6.835937409532959282e+04
2.126346716310343332e-01 6.780947754979222373e+04
2.141924347931665196e-01 6.720110695086501073e+04
2.157501979552987059e-01 6.653345575257726887e+04
2.173079611174304482e-01 6.581267492932218011e+04
2.188657242795626345e-01 6.504419364712999959e+04
2.204234874416948209e-01 6.423083353495797928e+04
2.219812506038270072e-01 6.337779511928339343e+04
2.235390137659591936e-01 6.248527152004717937e+04
2.250967769280913799e-01 6.156140790573023696e+04
2.266545400902231222e-01 6.061072244480100198e+04
2.282123032523553086e-01 5.963872043979054433e+04
2.297700664144874949e-01 5.865190699293692887e+04
2.313278295766196813e-01 5.765447589695556962e+04
2.328855927387518676e-01 5.665000124581965792e+04
2.344433559008840540e-01 5.564493159323624423e+04
2.360011190630162403e-01 5.465011414720649191e+04
2.375588822251479826e-01 5.366644991077203304e+04
2.391166453872802522e-01 5.271379813476934942e+04
2.406744085494123553e-01 5.178789024361610791e+04
2.422321717115444584e-01 5.089252993698553473e+04
2.437899348736767280e-01 5.003057135549506347e+04
2.453476980358089976e-01 4.919189815532219654e+04
2.469054611979411007e-01 4.836667253049687133e+04
2.484632243600728430e-01 4.754786197535194515e+04
2.500209875222051403e-01 4.673040134466166637e+04
2.515787506843372157e-01 4.591355341364349442e+04
2.531365138464692910e-01 4.510227217684490461e+04
2.546942770086015884e-01 4.429366713894328859e+04
2.562520401707338857e-01 4.349048800976679922e+04
2.578098033328659611e-01 4.269491181285904895e+04
2.593675664949977033e-01 4.190711049263612222e+04
2.609253296571300007e-01 4.112952891413511679e+04
2.624830928192620760e-01 4.036439601198157470e+04
2.640408559813941514e-01 3.961393621873465599e+04
2.655986191435264487e-01 3.887758835755410109e+04
2.671563823056587461e-01 3.814934752731211483e+04
2.687141454677902663e-01 3.743074031124726025e+04
2.702719086299225637e-01 3.672698018403247261e+04
2.718296717920548611e-01 3.604001293359202100e+04
2.733874349541869364e-01 3.536946440678423096e+04
2.749451981163190117e-01 3.471652541757494328e+04
2.765029612784513091e-01 3.408419838323319709e+04
2.780607244405836065e-01 3.347246757338888710e+04
2.796184876027151267e-01 3.287688011042837024e+04
2.811762507648474241e-01 3.230373552444946836e+04
2.827340139269797215e-01 3.175709604206696531e+04
2.842917770891117968e-01 3.123825258489599219e+04
2.858495402512438721e-01 3.074264207012997940e+04
2.874073034133761695e-01 3.027201882307989217e+04
2.889650665755084669e-01 2.982887494470017919e+04
2.905228297376399871e-01 2.941002707905325224e+04
2.920805928997722845e-01 2.901833203264282565e+04
2.936383560619045818e-01 2.865523595446205582e+04
2.951961192240366572e-01 2.832337027247274455e+04
2.967538823861687325e-01 2.802031390782580638e+04
2.983116455483010299e-01 2.774669007400943883e+04
2.998694087104333272e-01 2.750609270187812581e+04
3.014271718725648475e-01 2.729743971025963401e+04
3.029849350346971448e-01 2.712015053165364952e+04
3.045426981968294422e-01 2.697654473049030275e+04
3.061004613589615175e-01 2.687006125908214381e+04
3.076582245210935929e-01 2.679908458379842705e+04
3.092159876832258902e-01 2.676252550408111711e+04
3.107737508453576325e-01 2.676351843425886909e+04
3.123315140074896523e-01 2.680251646370332310e+04
3.138892771696220052e-01 2.687991525453437862e+04
3.154470403317543581e-01 2.699679360975163945e+04
3.170048034938863779e-01 2.715358086178011581e+04
3.185625666560183977e-01 2.735023073561660931e+04
3.201203298181507506e-01 2.758936472587325625e+04
3.216780929802824929e-01 2.787573432284163573e+04
3.232358561424145127e-01 2.820799240801337510e+04
3.247936193045468656e-01 2.858605926725829340e+04
3.263513824666792185e-01 2.900893173755168027e+04
3.279091456288112383e-01 2.948508907083705344e+04
3.294669087909432581e-01 2.987391730253011337e+04
3.310246719530756110e-01 3.008824402262276999e+04
3.325824351152073532e-01 3.013973227680189666e+04
3.341401982773393731e-01 3.009663404042331240e+04
3.356979614394717260e-01 3.001079450559721590e+04
3.372557246016040788e-01 2.989228638143871285e+04
3.388134877637360987e-01 2.975285791188228905e+04
3.403712509258681185e-01 2.959557894272498015e+04
3.419290140880001938e-01 2.942532957761908983e+04
3.434867772501322136e-01 2.924605816569065064e+04
3.450445404122642334e-01 2.905739499854351016e+04
3.466023035743965863e-01 2.885956049339089805e+04
3.481600667365289392e-01 2.865572906328442332e+04
3.497178298986609590e-01 2.844715540573183171e+04
3.512755930607929789e-01 2.823156772175333390e+04
3.528333562229250542e-01 2.801156989478657124e+04
3.543911193850570740e-01 2.779012653128968668e+04
3.559488825471890938e-01 2.756433228635173873e+04
3.575066457093214467e-01 2.733431149402319352e+04
3.590644088714537996e-01 2.710050659405643455e+04
3.606221720335858194e-01 2.686435769794273438e+04
3.621799351957178392e-01 2.662667930065095425e+04
3.637376983578499146e-01 2.638659123449230174e+04
3.652954615199819344e-01 2.614359965105742231e+04
3.668532246821139542e-01 2.589537419571028659e+04
3.684109878442463071e-01 2.564147337698464617e+04
3.699687510063786600e-01 2.538573830996049946e+04
3.715265141685106798e-01 2.513285560633215209e+04
3.730842773306426996e-01 2.487835918584331375e+04
3.746420404927747749e-01 2.462039511446607503e+04
3.761998036549067947e-01 2.435965054224792402e+04
3.777575668170388146e-01 2.409863180931196257e+04
3.793153299791711675e-01 2.383908485478738658e+04
3.808730931413035203e-01 2.357888264809176326e+04
3.824308563034355402e-01 2.331898423199076205e+04
3.839886194655672824e-01 2.305807867338685537e+04
3.855463826276996353e-01 2.279614899082817647e+04
3.871041457898316551e-01 2.253448874354605869e+04
3.886619089519636749e-01 2.227270686129705427e+04
3.902196721140960278e-01 2.201065941876659417e+04
3.917774352762283807e-01 2.174813931962159404e+04
3.933351984383604005e-01 2.148534873947513552e+04
3.948929616004921428e-01 2.122286072903792956e+04
3.964507247626244957e-01 2.096518266568830950e+04
3.980084879247565155e-01 2.070389544497719180e+04
3.995662510868885353e-01 2.044424848805031797e+04
4.011240142490208882e-01 2.018733865379139388e+04
4.026817774111532411e-01 1.992670291276809439e+04
4.042395405732852609e-01 1.966465240547683425e+04
4.057973037354170032e-01 1.940607680342616368e+04
4.073550668975493561e-01 1.915179627344233450e+04
4.089128300596813759e-01 1.889658387296286310e+04
4.104705932218133957e-01 1.864446156691849319e+04
4.120283563839457486e-01 1.839725505832323324e+04
4.135861195460781015e-01 1.815191820707646912e+04
4.151438827082101213e-01 1.790851082439492893e+04
4.167016458703418635e-01 1.766749568057379292e+04
4.182594090324742164e-01 1.742722522972313891e+04
4.198171721946062362e-01 1.718560769910077215e+04
4.213749353567382561e-01 1.694433233595625279e+04
4.229326985188706090e-01 1.671088789845329302e+04
4.244904616810029618e-01 1.648404802817729069e+04
4.260482248431343710e-01 1.626131792464206228e+04
4.276059880052667239e-01 1.604115750176173788e+04
4.291637511673990768e-01 1.582531614851020640e+04
4.307215143295310966e-01 1.561242927834243710e+04
4.322792774916631164e-01 1.539952922822519395e+04
4.338370406537954693e-01 1.518916748271224606e+04
4.353948038159278222e-01 1.498734467231466624e+04
4.369525669780592314e-01 1.478765471939274903e+04
4.385103301401915843e-01 1.458552283540495227e+04
4.400680933023239372e-01 1.438261004026492446e+04
4.416258564644559570e-01 1.418372216293626661e+04
4.431836196265879768e-01 1.398737668275230681e+04
4.447413827887203297e-01 1.379296338924349766e+04
4.462991459508527936e-01 1.360180348258108461e+04
4.478569091129839808e-01 1.341145472430843074e+04
4.494146722751164447e-01 1.322294317241298268e+04
4.509724354372489086e-01 1.303391848994592874e+04
4.525301985993808174e-01 1.284788109058829468e+04
4.540879617615127262e-01 1.266421791429522273e+04
4.556457249236451901e-01 1.248185528168601923e+04
4.572034880857776540e-01 1.230295938228706291e+04
4.587612512479088411e-01 1.212705145600119431e+04
4.603190144100413050e-01 1.195277328327853502e+04
4.618767775721737689e-01 1.177799335475524822e+04
4.634345407343056777e-01 1.160447582842208612e+04
4.649923038964375865e-01 1.143384572005661721e+04
4.665500670585700504e-01 1.126455674649137472e+04
4.681078302207017927e-01 1.109749300218125427e+04
4.696655933828337015e-01 1.093316214501557261e+04
4.712233565449661654e-01 1.077089804600104435e+04
4.727811197070986293e-01 1.061363642835008795e+04
4.743388828692303716e-01 1.046069887449497583e+04
4.758966460313624469e-01 1.031079101202812490e+04
4.774544091934949108e-01 1.016038815326104850e+04
4.790121723556268196e-01 1.001083964049495262e+04
4.805699355177585619e-01 9.863417888270523690e+03
4.821276986798910258e-01 9.717970060874728006e+03
4.836854618420234897e-01 9.571187450913694192e+03
4.852432250041552320e-01 9.423898051097314237e+03
4.868009881662873073e-01 9.279974238342641911e+03
4.883587513284197712e-01 9.137745442970790464e+03
4.899165144905516800e-01 8.996522527152104885e+03
4.914742776526834223e-01 8.858612929933311534e+03
4.930320408148158862e-01 8.724953545038351876e+03
4.945898039769483501e-01 8.590534475217022191e+03
4.961475671390800923e-01 8.456298195305906120e+03
4.977053303012121677e-01 8.324886521174776135e+03
4.992630934633444650e-01 8.196648530423000921e+03
5.008208566254765959e-01 8.071671017502749237e+03
5.023786197876083381e-01 7.948279256922131935e+03
5.039363829497407465e-01 7.825898749847822728e+03
5.054941461118731549e-01 7.704858583304034255e+03
5.070519092740048972e-01 7.585516216447760598e+03
5.086096724361370836e-01 7.466983322197636880e+03
5.101674355982692699e-01 7.348839528377466195e+03
5.117251987604014563e-01 7.232876172937472802e+03
5.132829619225331985e-01 7.119674200472344637e+03
5.148407250846656069e-01 7.006927485043846900e+03
5.163984882467980153e-01 6.893295918966526187e+03
5.179562514089297576e-01 6.779439500488834710e+03
5.195140145710619439e-01 6.667881735905548339e+03
5.210717777331941303e-01 6.558602579343674734e+03
5.226295408953263166e-01 6.452261950607658946e+03
5.241873040574580589e-01 6.349447329376376729e+03
5.257450672195904673e-01 6.247323334786967280e+03
5.273028303817228757e-01 6.145386033750696697e+03
5.288605935438546179e-01 6.044291038404626306e+03
5.304183567059868043e-01 5.944638765580729341e+03
5.319761198681189907e-01 5.846952279897168410e+03
5.335338830302511770e-01 5.748736658953092046e+03
5.350916461923829193e-01 5.649401596774834616e+03
5.366494093545153277e-01 5.551583409290623422e+03
5.382071725166477361e-01 5.456053561168857414e+03
5.397649356787794783e-01 5.360486997545764098e+03
5.413226988409114426e-01 5.267463706300593913e+03
5.428804620030438510e-01 5.176684096754795974e+03
5.444382251651760374e-01 5.084673547071192843e+03
5.459959883273077796e-01 4.991146578871296697e+03
5.475537514894401880e-01 4.898348072414013586e+03
5.491115146515725964e-01 4.807270701430716144e+03
5.506692778137043387e-01 4.717876614778728253e+03
5.522270409758363030e-01 4.630327388729926497e+03
5.537848041379687114e-01 4.546498899219996019e+03
5.553425673001008978e-01 4.464554218928939918e+03
5.569003304622326400e-01 4.381737564407442733e+03
5.584580936243650484e-01 4.299901496684919948e+03
5.600158567864974568e-01 4.219874738538760539e+03
5.615736199486291991e-01 4.139541211910593120e+03
5.631313831107611634e-01 4.059060931718749998e+03
5.646891462728935718e-01 3.980829087889082075e+03
5.662469094350257581e-01 3.905351788655857035e+03
5.678046725971575004e-01 3.829479167835567296e+03
5.693624357592899088e-01 3.755125171234554728e+03
5.709201989214223172e-01 3.683627807016919178e+03
5.724779620835540594e-01 3.612350799601700601e+03
5.740357252456860238e-01 3.541620870808477321e+03
5.755934884078184322e-01 3.471898283325524972e+03
5.771512515699506185e-01 3.402260129668214631e+03
5.787090147320823608e-01 3.332530374253088212e+03
5.802667778942147692e-01 3.264283634115422956e+03
5.818245410563471776e-01 3.196197649700797683e+03
5.833823042184784757e-01 3.128764665323199097e+03
5.849400673806108841e-01 3.061359568531802324e+03
5.864978305427432925e-01 2.995619428215361040e+03
5.880555937048754789e-01 2.932065565286902256e+03
5.896133568670072211e-01 2.869247028206092637e+03
5.911711200291396295e-01 2.806612271582813719e+03
5.927288831912720379e-01 2.745369186921619530e+03
5.942866463534033361e-01 2.687109728132610144e+03
5.958444095155357445e-01 2.628983738309343607e+03
5.974021726776681529e-01 2.570830506059347044e+03
5.989599358398003393e-01 2.513069749387809679e+03
6.005176990019320815e-01 2.454218690308650821e+03
6.020754621640644899e-01 2.396897038903984594e+03
6.036332253261968983e-01 2.342071503814395783e+03
6.051909884883281965e-01 2.288207455519213454e+03
6.067487516504606049e-01 2.235419555979075540e+03
6.083065148125930133e-01 2.183419036510512797e+03
6.098642779747251996e-01 2.133122660339609411e+03
6.114220411368569419e-01 2.082525539123717408e+03
6.129798042989893503e-01 2.030996047838128561e+03
6.145375674611217587e-01 1.980532878575696941e+03
6.160953306232530569e-01 1.931442327649014942e+03
6.176530937853854653e-01 1.883201017103139066e+03
6.192108569475178736e-01 1.835860938518838338e+03
6.207686201096501710e-01 1.789910929110667212e+03
6.223263832717818023e-01 1.745332473596288537e+03
6.238841464339142107e-01 1.701452332424114275e+03
6.254419095960456199e-01 1.658530786703615377e+03
6.269996727581779172e-01 1.616983509392867745e+03
6.285574359203103256e-01 1.574626900283841451e+03
6.301151990824427340e-01 1.533377887751110393e+03
6.316729622445750314e-01 1.493054964320724366e+03
6.332307254067066626e-01 1.453302205348410098e+03
6.347884885688390710e-01 1.414605532505418068e+03
6.363462517309704802e-01 1.376329195358584684e+03
6.379040148931027776e-01 1.338966242197629072e+03
6.394617780552351860e-01 1.302696556988950533e+03
6.410195412173675944e-01 1.267305929874377625e+03
6.425773043794998918e-01 1.233226252873153499e+03
6.441350675416315230e-01 1.200016872014370847e+03
6.456928307037639314e-01 1.167231926945136138e+03
6.472505938658953406e-01 1.134374736842099765e+03
6.488083570280276380e-01 1.101584919138113037e+03
6.503661201901600464e-01 1.070537571833791617e+03
6.519238833522924548e-01 1.041152508804949775e+03
6.534816465144247521e-01 1.011900674681326905e+03
6.550394096765563834e-01 9.831630863211998985e+02
6.565971728386887918e-01 9.550849361516998215e+02
6.581549360008202010e-01 9.283091368292507468e+02
6.597126991629524984e-01 9.021570334990444735e+02
6.612704623250849068e-01 8.758013494074368737e+02
6.628282254872173151e-01 8.504870902848514334e+02
6.643859886493496125e-01 8.257987101306823661e+02
6.659437518114812438e-01 8.021684079405501961e+02
6.675015149736134301e-01 7.794852385907490770e+02
6.690592781357450614e-01 7.570268243711983587e+02
6.706170412978773587e-01 7.349934493497212316e+02
6.721748044600097671e-01 7.132688096863543024e+02
6.737325676221421755e-01 6.929716844270159299e+02
6.752903307842744729e-01 6.730999807582969652e+02
6.768480939464061041e-01 6.533733955101209858e+02
6.784058571085382905e-01 6.343461086821745312e+02
6.799636202706699217e-01 6.156030210895484061e+02
6.815213834328022191e-01 5.970608716572679668e+02
6.830791465949346275e-01 5.792863482301089562e+02
6.846369097570670359e-01 5.624788976546676622e+02
6.861946729191993333e-01 5.461862213289854253e+02
6.877524360813309645e-01 5.302158116834291377e+02
6.893101992434631509e-01 5.150242203054274341e+02
6.908679624055947821e-01 5.007421723972733503e+02
6.924257255677270795e-01 4.871132933767445365e+02
6.939834887298594879e-01 4.736915120657969851e+02
6.955412518919918963e-01 4.610804245700265369e+02
6.970990150541241936e-01 4.487615605728548189e+02
6.986567782162558249e-01 4.366095481094095589e+02
7.002145413783880112e-01 4.255170615933502631e+02
7.017723045405196425e-01 4.155523041650940854e+02
7.033300677026519399e-01 4.062126515516273457e+02
7.048878308647843483e-01 3.972996465293797996e+02
7.064455940269167566e-01 3.884721580313599816e+02
7.080033571890490540e-01 3.796625225656559337e+02
7.095611203511804632e-01 3.707769569349848666e+02
7.111188835133128716e-01 3.626810052574309680e+02
7.126766466754445029e-01 3.552617767442014838e+02
7.142344098375768002e-01 3.478706104934649375e+02
7.157921729997092086e-01 3.407679770628093934e+02
7.173499361618416170e-01 3.345094317023190911e+02
7.189076993239739144e-01 3.289351345660240327e+02
7.204654624861053236e-01 3.237101540524813572e+02
7.220232256482377320e-01 3.189189437225973052e+02
7.235809888103693632e-01 3.143473301644465323e+02
7.251387519725016606e-01 3.097694293485236017e+02
7.266965151346340690e-01 3.050890758622354042e+02
7.282542782967664774e-01 3.009401303312357072e+02
7.298120414588987748e-01 2.973369359423892320e+02
7.313698046210301840e-01 2.942833840894551827e+02
7.329275677831625924e-01 2.915774982085104057e+02
7.344853309452942236e-01 2.889355521936016657e+02
7.360430941074265210e-01 2.865596236742400720e+02
7.376008572695589294e-01 2.846639735038739332e+02
7.391586204316913378e-01 2.831551083277953467e+02
7.407163835938226359e-01 2.819465338607846547e+02
7.422741467559550443e-01 2.805295611735566013e+02
7.438319099180874527e-01 2.794012076452602287e+02
7.453896730802190840e-01 2.786547936036353690e+02
7.469474362423513814e-01 2.782353656444346370e+02
7.485051994044837897e-01 2.780646967423306819e+02
7.500629625666161981e-01 2.781322668147531090e+02
7.516207257287474963e-01 2.782558711842218599e+02
7.531784888908799047e-01 2.786354738623250569e+02
7.547362520530123131e-01 2.793375185298529573e+02
7.562940152151439444e-01 2.801641652345500120e+02
7.578517783772762417e-01 2.813200583156095149e+02
7.594095415394086501e-01 2.829693409285416124e+02
7.609673047015410585e-01 2.846970461387389832e+02
7.625250678636723567e-01 2.863560358953378113e+02
7.640828310258047651e-01 2.882602100689750273e+02
7.656405941879371735e-01 2.901998633248635429e+02
7.671983573500688047e-01 2.926602721413170798e+02
7.687561205122011021e-01 2.954590071359723424e+02
7.703138836743335105e-01 2.984587823454442628e+02
7.718716468364659189e-01 3.016115953509446399e+02
7.734294099985972171e-01 3.047568471364477318e+02
7.749871731607296255e-01 3.082077370597537538e+02
7.765449363228620339e-01 3.118870312472336650e+02
7.781026994849936651e-01 3.155112156862342658e+02
7.796604626471259625e-01 3.193068002426589373e+02
7.812182258092583709e-01 3.231677309740275632e+02
7.827759889713904462e-01 3.273274691114106645e+02
7.843337521335220774e-01 3.316111285286360157e+02
7.858915152956544858e-01 3.358625082238915525e+02
7.874492784577868942e-01 3.403058355747629662e+02
7.890070416199185255e-01 3.448361628732270674e+02
7.905648047820508229e-01 3.493278178696167515e+02
7.921225679441832312e-01 3.538602172710040463e+02
7.936803311063153066e-01 3.584295184482701870e+02
7.952380942684469378e-01 3.635397160628430129e+02
7.967958574305793462e-01 3.687904984770642614e+02
7.983536205927117546e-01 3.737020988643839132e+02
7.999113837548433859e-01 3.787668364606649902e+02
8.014691469169756832e-01 3.841331808549671223e+02
8.030269100791080916e-01 3.894141833030226962e+02
8.045846732412401670e-01 3.950795523156028253e+02
8.061424364033717982e-01 4.008802207026379278e+02
8.077001995655042066e-01 4.063041583551201370e+02
8.092579627276366150e-01 4.120922155080527887e+02
8.108157258897679132e-01 4.179341990435685830e+02
8.123734890519005436e-01 4.238869287973995483e+02
8.139312522140327300e-01 4.296937901127146802e+02
8.154890153761653604e-01 4.351299072012021725e+02
8.170467785382966586e-01 4.406217888687435789e+02
8.186045417004292890e-01 4.464619017978423585e+02
8.201623048625614754e-01 4.520457342939768637e+02
8.217200680246927735e-01 4.578829472886147300e+02
8.232778311868254040e-01 4.644443065961777393e+02
8.248355943489575903e-01 4.707225807547516183e+02
8.263933575110902208e-01 4.767342851600756148e+02
8.279511206732215189e-01 4.830509504513536285e+02
8.295088838353541494e-01 4.891989339500952383e+02
8.310666469974863357e-01 4.947586440789909830e+02
8.326244101596176339e-01 5.003655123432499181e+02
8.341821733217502643e-01 5.062547110109940149e+02
8.357399364838824507e-01 5.121138835501441235e+02
8.372976996460150811e-01 5.178403720862424962e+02
8.388554628081463793e-01 5.237018708471102855e+02
8.404132259702785657e-01 5.295001914589950047e+02
8.419709891324111961e-01 5.352150430635230123e+02
8.435287522945424943e-01 5.409522564378471543e+02
8.450865154566751247e-01 5.466104912887404907e+02
8.466442786188073111e-01 5.524927994439319718e+02
8.482020417809399415e-01 5.583913482409677727e+02
8.497598049430712397e-01 5.639793583570846067e+02
8.513175681052034260e-01 5.695485020397393328e+02
8.528753312673360565e-01 5.751913107080247300e+02
8.544330944294673547e-01 5.809819760117518399e+02
8.559908575915999851e-01 5.864245656195143965e+02
8.575486207537321715e-01 5.917305169894533492e+02
8.591063839158648019e-01 5.969006117799769982e+02
8.606641470779961001e-01 6.020764910760743760e+02
8.622219102401282864e-01 6.077701564841894424e+02
8.637796734022609169e-01 6.131004870207817703e+02
8.653374365643922150e-01 6.176145691617099374e+02
8.668951997265248455e-01 6.218471947831621947e+02
8.684529628886570318e-01 6.263328124490441269e+02
8.700107260507896623e-01 6.310902983384688696e+02
8.715684892129209604e-01 6.359378178245602840e+02
8.731262523750531468e-01 6.404611009920615743e+02
8.746840155371857772e-01 6.448839494800344028e+02
8.762417786993170754e-01 6.492212148382214991e+02
8.777995418614497058e-01 6.529256519481763235e+02
8.793573050235818922e-01 6.570822689650283337e+02
8.809150681857145226e-01 6.614813037389548072e+02
8.824728313478458208e-01 6.654887525220700581e+02
8.840305945099780072e-01 6.698349247019609720e+02
8.855883576721106376e-01 6.739009626460483560e+02
8.871461208342419358e-01 6.771941048075801746e+02
8.887038839963745662e-01 6.804216337447485330e+02
8.902616471585067526e-01 6.839879957516922104e+02
8.918194103206393830e-01 6.877420289884947806e+02
8.933771734827707922e-01 6.913279645741205286e+02
8.949349366449027565e-01 6.945797682046078307e+02
8.964926998070353870e-01 6.977954534540447185e+02
8.980504629691667962e-01 7.009434190004466245e+02
8.996082261312994266e-01 7.043622583442327141e+02
9.011659892934316129e-01 7.074494582111160526e+02
9.027237524555642434e-01 7.100489021674372907e+02
9.042815156176956526e-01 7.128266683020889332e+02
9.058392787798276169e-01 7.154647611969278387e+02
9.073970419419602473e-01 7.180929209976666243e+02
9.089548051040916565e-01 7.208490702584296059e+02
9.105125682662242870e-01 7.236819517499393442e+02
9.120703314283564733e-01 7.264526406401421355e+02
9.136280945904891038e-01 7.292874997719341081e+02
9.151858577526205130e-01 7.317872331841522282e+02
9.167436209147524773e-01 7.337051207218897844e+02
9.183013840768851077e-01 7.360003521853529946e+02
9.198591472390165169e-01 7.377387026931977516e+02
9.214169104011491473e-01 7.390955582734275140e+02
9.229746735632813337e-01 7.403826808877454368e+02
9.245324367254127429e-01 7.415902041997053402e+02
9.260901998875453733e-01 7.426493555574419361e+02
9.276479630496773376e-01 7.436184509353264502e+02
9.292057262118099681e-01 7.445155078414002219e+02
9.307634893739413773e-01 7.451710706168622664e+02
9.323212525360740077e-01 7.459647305154107926e+02
9.338790156982061941e-01 7.467393434306904965e+02
9.354367788603376033e-01 7.477220573279747668e+02
9.369945420224702337e-01 7.484635694052921053e+02
9.385523051846021980e-01 7.489909627419584695e+02
9.401100683467348285e-01 7.496633684378215321e+02
9.416678315088662377e-01 7.503669313933179410e+02
9.432255946709988681e-01 7.507916725692773525e+02
9.447833578331310544e-01 7.510233441692010956e+02
9.463411209952624636e-01 7.513753777644142247e+02
9.478988841573950941e-01 7.518790638690502419e+02
9.494566473195270584e-01 7.523389094981197331e+02
9.510144104816596888e-01 7.522140319785977454e+02
9.525721736437910980e-01 7.519424327926226397e+02
9.541299368059237285e-01 7.518255235275506720e+02
9.556876999680559148e-01 7.515055960929413459e+02
9.572454631301873240e-01 7.511143036201481209e+02
9.588032262923199545e-01 7.506365028453467403e+02
9.603609894544519188e-01 7.499254442404781003e+02
9.619187526165845492e-01 7.489923794762713669e+02
9.634765157787159584e-01 7.481308584802086443e+02
9.650342789408485888e-01 7.472321531239347223e+02
9.665920421029807752e-01 7.462093233141137034e+02
9.681498052651121844e-01 7.451751121212572571e+02
9.697075684272448148e-01 7.439034493100248255e+02
9.712653315893767791e-01 7.430576308518103588e+02
9.728230947515094096e-01 7.420406310669727645e+02
9.743808579136408188e-01 7.407573819429892410e+02
9.759386210757734492e-01 7.394848457115433575e+02
9.774963842379056356e-01 7.377997369553353337e+02
9.790541474000370448e-01 7.356275703546602927e+02
9.806119105621696752e-01 7.333278816031244105e+02
9.821696737243016395e-01 7.310096154338383485e+02
9.837274368864342700e-01 7.286620597353783069e+02
9.852852000485656792e-01 7.264178433995698470e+02
9.868429632106983096e-01 7.241524043093769478e+02
9.884007263728304959e-01 7.218884683605925829e+02
9.899584895349619051e-01 7.194716393161722863e+02
9.915162526970945356e-01 7.167742043106179608e+02
9.930740158592264999e-01 7.143130129578629521e+02
9.946317790213591303e-01 7.116934420659788429e+02
9.961895421834905395e-01 7.086555493640339591e+02
9.977473053456227259e-01 7.057723320827892621e+02
9.993050685077553563e-01 7.031389550827439052e+02
1.000862831669886877e+00 7.002602703002789895e+02
1.002420594832019507e+00 6.967307129200567033e+02
1.003978357994151249e+00 6.930091596031854806e+02
1.005536121156283880e+00 6.894565155285284845e+02
1.007093884318415400e+00 6.859478219791644733e+02
1.008651647480547586e+00 6.825076391876896196e+02
1.010209410642680217e+00 6.788848354845222275e+02
1.011767173804811737e+00 6.752487138102321751e+02
1.013324936966944367e+00 6.714800841217573861e+02
1.014882700129076110e+00 6.678675644573017962e+02
1.016440463291208740e+00 6.643952941217256694e+02
1.017998226453340260e+00 6.600832018839417970e+02
1.019555989615472447e+00 6.557108466149483093e+02
1.021113752777605077e+00 6.517986682321587750e+02
1.022671515939736597e+00 6.479446762450043025e+02
1.024229279101869228e+00 6.439884256100626772e+02
1.025787042264000970e+00 6.397443754543162413e+02
1.027344805426133600e+00 6.352887969613320820e+02
1.028902568588265121e+00 6.309770274237196190e+02
1.030460331750397307e+00 6.267658246260563146e+02
1.032018094912529937e+00 6.226836106950268004e+02
1.033575858074661458e+00 6.190751310192507617e+02
1.035133621236794088e+00 6.148466580247433058e+02
1.036691384398925830e+00 6.102902218304819826e+02
1.038249147561058461e+00 6.059937150210474783e+02
1.039806910723189981e+00 6.015300138531534913e+02
1.041364673885322167e+00 5.971551535966242454e+02
1.042922437047454798e+00 5.931486942628824863e+02
1.044480200209586318e+00 5.892037570070629044e+02
1.046037963371718948e+00 5.848718966673592377e+02
1.047595726533850691e+00 5.799646258515450654e+02
1.049153489695983321e+00 5.751812289786994370e+02
1.050711252858114841e+00 5.707682717485932926e+02
1.052269016020247028e+00 5.664532209733985155e+02
1.053826779182379658e+00 5.620439654409099148e+02
1.055384542344511178e+00 5.573451774889847457e+02
1.056942305506643809e+00 5.526930334191451948e+02
1.058500068668775551e+00 5.482256003565672700e+02
1.060057831830908182e+00 5.436051615699351487e+02
1.061615594993039702e+00 5.388667752363284080e+02
1.063173358155171888e+00 5.341585123543529789e+02
1.064731121317304519e+00 5.293726454215629929e+02
1.066288884479436039e+00 5.243615837749016464e+02
1.067846647641568669e+00 5.193536818714233050e+02
1.069404410803700411e+00 5.141966687613794420e+02
1.070962173965833042e+00 5.087176164775415259e+02
1.072519937127964562e+00 5.034054068581823458e+02
1.074077700290096749e+00 4.982883996986630564e+02
1.075635463452229379e+00 4.935031778709598029e+02
1.077193226614360899e+00 4.890120492119553433e+02
1.078750989776493530e+00 4.844216885430687967e+02
1.080308752938625272e+00 4.799027926261796893e+02
1.081866516100756792e+00 4.755423728172665392e+02
1.083424279262889423e+00 4.709237118650909792e+02
1.084982042425021609e+00 4.660988121098947659e+02
1.086539805587154239e+00 4.614423869996062990e+02
1.088097568749285760e+00 4.568104128865779217e+02
1.089655331911418390e+00 4.521482657446570670e+02
1.091213095073550132e+00 4.473908018153741182e+02
1.092770858235681652e+00 4.428060919283420844e+02
1.094328621397814283e+00 4.384119516304966169e+02
1.095886384559946469e+00 4.336664770762412786e+02
1.097444147722079100e+00 4.287800708329697841e+02
1.099001910884210620e+00 4.242053545579105958e+02
1.100559674046343250e+00 4.196320291399616167e+02
1.102117437208474993e+00 4.148745885840536403e+02
1.103675200370606513e+00 4.101440038550674672e+02
1.105232963532739143e+00 4.053359242252614649e+02
1.106790726694871330e+00 4.007358762925485394e+02
1.108348489857003960e+00 3.959137810514287708e+02
1.109906253019135480e+00 3.909736329560845434e+02
1.111464016181268111e+00 3.864530763729002842e+02
1.113021779343399853e+00 3.817053720400872976e+02
1.114579542505531373e+00 3.770714124256951436e+02
1.116137305667664004e+00 3.724303158465367574e+02
1.117695068829796190e+00 3.678484625054177286e+02
1.119252831991928820e+00 3.633700254077438672e+02
1.120810595154060341e+00 3.588411191035380057e+02
1.122368358316192971e+00 3.544204052292943743e+02
1.123926121478324713e+00 3.499672027253378701e+02
1.125483884640456234e+00 3.456834410941370379e+02
1.127041647802588864e+00 3.413341450558278893e+02
1.128599410964721050e+00 3.369570490140151264e+02
1.130157174126853681e+00 3.321378493679400776e+02
1.131714937288985201e+00 3.276516602796564257e+02
1.133272700451117831e+00 3.235933951068535634e+02
1.134830463613249574e+00 3.193017176862337010e+02
1.136388226775381094e+00 3.151336927636628502e+02
1.137945989937513724e+00 3.110418314685239807e+02
1.139503753099645911e+00 3.067611960298858094e+02
1.141061516261778541e+00 3.026454024198368415e+02
1.142619279423910061e+00 2.988369294933090146e+02
1.144177042586042914e+00 2.947351611967872032e+02
1.145734805748174212e+00 2.904826979268947298e+02
1.147292568910305954e+00 2.862913253563967260e+02
1.148850332072438585e+00 2.821118486579983369e+02
1.150408095234570771e+00 2.778603733585656528e+02
1.151965858396703402e+00 2.739627665294426038e+02
1.153523621558835144e+00 2.699902214148555117e+02
1.155081384720967774e+00 2.657239777301454637e+02
1.156639147883099072e+00 2.617442194028009226e+02
1.158196911045230815e+00 2.581438818298295814e+02
1.159754674207363445e+00 2.545580420807999360e+02
1.161312437369495632e+00 2.507926093500018681e+02
1.162870200531628262e+00 2.471113993964448241e+02
1.164427963693760004e+00 2.436192553132993908e+02
1.165985726855891302e+00 2.402268802481045213e+02
1.167543490018023933e+00 2.367909095211477677e+02
1.169101253180155675e+00 2.331403087968138266e+02
1.170659016342288306e+00 2.296269648300200004e+02
1.172216779504420492e+00 2.259951454486095486e+02
1.173774542666553122e+00 2.224706773662395847e+02
1.175332305828684865e+00 2.191800344989628400e+02
1.176890068990816163e+00 2.159809373660757785e+02
1.178447832152948793e+00 2.129040705518465302e+02
1.180005595315080535e+00 2.098820367264381446e+02
1.181563358477213166e+00 2.069445699438479664e+02
1.183121121639345352e+00 2.040322687165185016e+02
1.184678884801477983e+00 2.011967255607265770e+02
1.186236647963609725e+00 1.985399485251776071e+02
1.187794411125741023e+00 1.957983905079638873e+02
1.189352174287873654e+00 1.929861825835249078e+02
1.190909937450005396e+00 1.901573693819902928e+02
1.192467700612138026e+00 1.875764106678899452e+02
1.194025463774270213e+00 1.850396939622663126e+02
1.195583226936402843e+00 1.823066056769326337e+02
1.197140990098534585e+00 1.794172134625765977e+02
1.198698753260665884e+00 1.765181390359014415e+02
1.200256516422798514e+00 1.738173452985066945e+02
1.201814279584930256e+00 1.714040348697440379e+02
1.203372042747062887e+00 1.694079551109927877e+02
1.204929805909195073e+00 1.672506345309091671e+02
1.206487569071327703e+00 1.646652413236108714e+02
1.208045332233459446e+00 1.620950085776889580e+02
1.209603095395590744e+00 1.597666733658520855e+02
1.211160858557723374e+00 1.574444833991175301e+02
1.212718621719855117e+00 1.549193624608226116e+02
1.214276384881987747e+00 1.525637021884347746e+02
1.215834148044119933e+00 1.505380412504072467e+02
1.217391911206252564e+00 1.486282368089877082e+02
1.218949674368384306e+00 1.466898267589631075e+02
1.220507437530515604e+00 1.446608653083111733e+02
1.222065200692648235e+00 1.425963941301753550e+02
1.223622963854779977e+00 1.407314879355911899e+02
1.225180727016912607e+00 1.387903859747834758e+02
1.226738490179044794e+00 1.369906918349948626e+02
1.228296253341177424e+00 1.356650512627570606e+02
1.229854016503309166e+00 1.339283559531695005e+02
1.231411779665440465e+00 1.321059706782764351e+02
1.232969542827573095e+00 1.305399144395699125e+02
1.234527305989704837e+00 1.290111200776601379e+02
1.236085069151837468e+00 1.274400024000731406e+02
1.237642832313969654e+00 1.258228666065739390e+02
1.239200595476101396e+00 1.243980730606998009e+02
1.240758358638234027e+00 1.231898512483465140e+02
1.242316121800365325e+00 1.220331754477333419e+02
1.243873884962497955e+00 1.207289343167803111e+02
1.245431648124629698e+00 1.193757524987013596e+02
1.246989411286762328e+00 1.180548547831126456e+02
1.248547174448894514e+00 1.169317489112561788e+02
1.250104937611026257e+00 1.158459331972043032e+02
1.251662700773158887e+00 1.149249107876048157e+02
1.253220463935290185e+00 1.141117738281364353e+02
1.254778227097422816e+00 1.131359105843689434e+02
1.256335990259554558e+00 1.121025912501001045e+02
1.257893753421687189e+00 1.111779021284844475e+02
1.259451516583819375e+00 1.102390976340441000e+02
1.261009279745951117e+00 1.091523267321372828e+02
1.262567042908083748e+00 1.080439818642595498e+02
1.264124806070215046e+00 1.073450093939443519e+02
1.265682569232347676e+00 1.067261928012603107e+02
1.267240332394479418e+00 1.058651768640055622e+02
1.268798095556612049e+00 1.050061676951991956e+02
1.270355858718744235e+00 1.042622803136996339e+02
1.271913621880875978e+00 1.036540282141471039e+02
1.273471385043008608e+00 1.031223368353965100e+02
1.275029148205139906e+00 1.027005602760358016e+02
1.276586911367272537e+00 1.023215977467899762e+02
1.278144674529404279e+00 1.019051847235700308e+02
1.279702437691536909e+00 1.015120596354532978e+02
1.281260200853669096e+00 1.010539456835275445e+02
1.282817964015800838e+00 1.004159615428626608e+02
1.284375727177933468e+00 9.994848664649190084e+01
1.285933490340064766e+00 9.968791431214404497e+01
1.287491253502197397e+00 9.930603191852659961e+01
1.289049016664329139e+00 9.873936779512342810e+01
1.290606779826461770e+00 9.819059125194496573e+01
1.292164542988593956e+00 9.779136453647537053e+01
1.293722306150725698e+00 9.743647898251013828e+01
1.295280069312858329e+00 9.710271453760377369e+01
1.296837832474989627e+00 9.675917400156278347e+01
1.298395595637122257e+00 9.637366713268399110e+01
1.299953358799254000e+00 9.609441514840699483e+01
1.301511121961386630e+00 9.589300027449333186e+01
1.303068885123518816e+00 9.586621394099158522e+01
1.304626648285650559e+00 9.571085168841501911e+01
1.306184411447783189e+00 9.561724216068300564e+01
1.307742174609914487e+00 9.562977588815446950e+01
1.309299937772047118e+00 9.565792155760661331e+01
1.310857700934178860e+00 9.568265371592227098e+01
1.312415464096311490e+00 9.567555187399869965e+01
1.313973227258443677e+00 9.561767038117491779e+01
1.315530990420575419e+00 9.555399212684689303e+01
1.317088753582708049e+00 9.559045791479816501e+01
1.318646516744839348e+00 9.545320836163736544e+01
1.320204279906971978e+00 9.546489703078030686e+01
1.321762043069103720e+00 9.545389198532983244e+01
1.323319806231235907e+00 9.541737286318505085e+01
1.324877569393368537e+00 9.569688861863599527e+01
1.326435332555500279e+00 9.591515091862144970e+01
1.327993095717632910e+00 9.606089551625625234e+01
1.329550858879764208e+00 9.621845933546683227e+01
1.331108622041896838e+00 9.649668901318474923e+01
1.332666385204028581e+00 9.680067025435069183e+01
1.334224148366160767e+00 9.702261521946032019e+01
1.335781911528293397e+00 9.734080273288493856e+01
1.337339674690425362e+00 9.756270266330913898e+01
1.338897437852557992e+00 9.779616200291069106e+01
1.340455201014688846e+00 9.821463271157169572e+01
1.342012964176821477e+00 9.849167551167126078e+01
1.343570727338953441e+00 9.879394578543283956e+01
1.345128490501085627e+00 9.903787949810855196e+01
1.346686253663218258e+00 9.941035017317491906e+01
1.348244016825350222e+00 9.977406329971273635e+01
1.349801779987482853e+00 1.000072982837847491e+02
1.351359543149613707e+00 1.001844032711399564e+02
1.352917306311746337e+00 1.004932688636535687e+02
1.354475069473878301e+00 1.009537038320511897e+02
1.356032832636010488e+00 1.013201658082584231e+02
1.357590595798143118e+00 1.015675418935835381e+02
1.359148358960275083e+00 1.017609354486601632e+02
1.360706122122407713e+00 1.020805132891737514e+02
1.362263885284538567e+00 1.026038923778610581e+02
1.363821648446671198e+00 1.029429805520259293e+02
1.365379411608803162e+00 1.032605208319494210e+02
1.366937174770935348e+00 1.036543414816558482e+02
1.368494937933067979e+00 1.041626314925009353e+02
1.370052701095199943e+00 1.046459075660008295e+02
1.371610464257332573e+00 1.048877449729047129e+02
1.373168227419463427e+00 1.050288654676379849e+02
1.374725990581596058e+00 1.052083074874217914e+02
1.376283753743728022e+00 1.055241762725381705e+02
1.377841516905860209e+00 1.060458535330724885e+02
1.379399280067992839e+00 1.065554663836013845e+02
1.380957043230124803e+00 1.070186290308484729e+02
1.382514806392257434e+00 1.074309166347039906e+02
1.384072569554388288e+00 1.077013721340387491e+02
1.385630332716520918e+00 1.080820276812763439e+02
1.387188095878652883e+00 1.085355034317730656e+02
1.388745859040785069e+00 1.088767883215190153e+02
1.390303622202917699e+00 1.091843601723460750e+02
1.391861385365049664e+00 1.094518421915041699e+02
1.393419148527182294e+00 1.097999563411091515e+02
1.394976911689313148e+00 1.102951575565397206e+02
1.396534674851445779e+00 1.106477277674459998e+02
1.398092438013577743e+00 1.108915181267594079e+02
1.399650201175709929e+00 1.112637468986827258e+02
1.401207964337842560e+00 1.117785056872030793e+02
1.402765727499974524e+00 1.122182814938937838e+02
1.404323490662107154e+00 1.125580002632868428e+02
1.405881253824238009e+00 1.128139040735663343e+02
1.407439016986369973e+00 1.130268688266990722e+02
1.408996780148502603e+00 1.131665242174032784e+02
1.410554543310634790e+00 1.133406679317846795e+02
1.412112306472767420e+00 1.135377975778842199e+02
1.413670069634899384e+00 1.138488192700695691e+02
1.415227832797032015e+00 1.141850412410745861e+02
1.416785595959162869e+00 1.145654808386484405e+02
1.418343359121294833e+00 1.149194590605963811e+02
1.419901122283427464e+00 1.151527014142109380e+02
1.421458885445559650e+00 1.154445093191018543e+02
1.423016648607692280e+00 1.158283573477553148e+02
1.424574411769824245e+00 1.162553140406926246e+02
1.426132174931956875e+00 1.166565777385270195e+02
1.427689938094087729e+00 1.168921488763934065e+02
1.429247701256219694e+00 1.171067169100613086e+02
1.430805464418352324e+00 1.172878732235106440e+02
1.432363227580484510e+00 1.174123174703155144e+02
1.433920990742617141e+00 1.174565211138886411e+02
1.435478753904749105e+00 1.174990964230130004e+02
1.437036517066881736e+00 1.176948297432165020e+02
1.438594280229012590e+00 1.179135680115208658e+02
1.440152043391144554e+00 1.179920463483074258e+02
1.441709806553277184e+00 1.180594094513379275e+02
1.443267569715409371e+00 1.182388943494228641e+02
1.444825332877542001e+00 1.185816184449362538e+02
1.446383096039673966e+00 1.189113671179207898e+02
1.447940859201806596e+00 1.192110674416084350e+02
1.449498622363937450e+00 1.194417501565996389e+02
1.451056385526069414e+00 1.195671513583598653e+02
1.452614148688202045e+00 1.196724600092449435e+02
1.454171911850334231e+00 1.198321234322551163e+02
1.455729675012466862e+00 1.200046305501311963e+02
1.457287438174598826e+00 1.201870978275536288e+02
1.458845201336731456e+00 1.203723137303796307e+02
1.460402964498862310e+00 1.206134828154492311e+02
1.461960727660994275e+00 1.207796505391576716e+02
1.463518490823126905e+00 1.207344092506024964e+02
1.465076253985259092e+00 1.205500860290996883e+02
1.466634017147391722e+00 1.204891773559475041e+02
1.468191780309523686e+00 1.205226061502760473e+02
1.469749543471656317e+00 1.205316541619673245e+02
1.471307306633787171e+00 1.205041971555180140e+02
1.472865069795919135e+00 1.204160860025240822e+02
1.474422832958051766e+00 1.205173929053484727e+02
1.475980596120183952e+00 1.205294402651897485e+02
1.477538359282316582e+00 1.205297718775846789e+02
1.479096122444448547e+00 1.206348919075032882e+02
1.480653885606579401e+00 1.206124356971446474e+02
1.482211648768712031e+00 1.204384387463068151e+02
1.483769411930843996e+00 1.203567913714208117e+02
1.485327175092976626e+00 1.203763207273146492e+02
1.486884938255108812e+00 1.203176490080689121e+02
1.488442701417241443e+00 1.202463740787688948e+02
1.490000464579373407e+00 1.201515682483049972e+02
1.491558227741504261e+00 1.198498566981229061e+02
1.493115990903636892e+00 1.196402522439179279e+02
1.494673754065768856e+00 1.196014047164325120e+02
1.496231517227901486e+00 1.195504254896393945e+02
1.497789280390033673e+00 1.194650145875008747e+02
1.499347043552166303e+00 1.193301561783505207e+02
1.500904806714298267e+00 1.192636074443907575e+02
1.502462569876429122e+00 1.191629441041060460e+02
1.504020333038561752e+00 1.188244163331522429e+02
1.505578096200693716e+00 1.184559488230037658e+02
1.507135859362826347e+00 1.183173026970804216e+02
1.508693622524958533e+00 1.181799039414017471e+02
1.510251385687091163e+00 1.179448967140845212e+02
1.511809148849223128e+00 1.177561226577191178e+02
1.513366912011353982e+00 1.176666442174699938e+02
1.514924675173486612e+00 1.176776783442128647e+02
1.516482438335618577e+00 1.175633407262440926e+02
1.518040201497751207e+00 1.173806899293836068e+02
1.519597964659883393e+00 1.172524442897274923e+02
1.521155727822016024e+00 1.170340957386520131e+02
1.522713490984147988e+00 1.167062138895837791e+02
1.524271254146278842e+00 1.163776993905460699e+02
1.525829017308411473e+00 1.160005612170256342e+02
1.527386780470543437e+00 1.155621105028163385e+02
1.528944543632676067e+00 1.152611199564426698e+02
1.530502306794808254e+00 1.150639462950271081e+02
1.532060069956940884e+00 1.146640661191833317e+02
1.533617833119072849e+00 1.141309922553345899e+02
1.535175596281203703e+00 1.136118244481057786e+02
1.536733359443336333e+00 1.131674701851231646e+02
1.538291122605468297e+00 1.127819640825291003e+02
1.539848885767600928e+00 1.123774372157749895e+02
1.541406648929733114e+00 1.119237653563079391e+02
1.542964412091865745e+00 1.114526341479473501e+02
1.544522175253997709e+00 1.111219580100597852e+02
1.546079938416128563e+00 1.107879893701984315e+02
1.547637701578261193e+00 1.104177966551073808e+02
1.549195464740393158e+00 1.099262584458311665e+02
1.550753227902525788e+00 1.092572983279533076e+02
1.552310991064657975e+00 1.087222227113704065e+02
1.553868754226790605e+00 1.082830164459635114e+02
1.555426517388922569e+00 1.077577396157504381e+02
1.556984280551053423e+00 1.071881367759444146e+02
1.558542043713186054e+00 1.066451084796603226e+02
1.560099806875318018e+00 1.060934079882861454e+02
1.561657570037450649e+00 1.056237943257926446e+02
1.563215333199582835e+00 1.051505218537867705e+02
1.564773096361714799e+00 1.046182358395104188e+02
1.566330859523847430e+00 1.040493172057067000e+02
1.567888622685978284e+00 1.035389498266074781e+02
1.569446385848110914e+00 1.029564194713342005e+02
1.571004149010242879e+00 1.023747423233799623e+02
1.572561912172375509e+00 1.017901670442093689e+02
1.574119675334507695e+00 1.011146855627752217e+02
1.575677438496639660e+00 1.004507522559694479e+02
1.577235201658772290e+00 9.986501692609446934e+01
1.578792964820903144e+00 9.931570850081057245e+01
1.580350727983035775e+00 9.868290338745850931e+01
1.581908491145167739e+00 9.806971169788147336e+01
1.583466254307300369e+00 9.763645482816417598e+01
1.585024017469432556e+00 9.712776822909940222e+01
1.586581780631564520e+00 9.657093437045766393e+01
1.588139543793697150e+00 9.611522503560648545e+01
1.589697306955828005e+00 9.571049170119499649e+01
1.591255070117960635e+00 9.524876071610276540e+01
1.592812833280092599e+00 9.475261953935250858e+01
1.594370596442225230e+00 9.428952535542485691e+01
1.595928359604357416e+00 9.383946197001635880e+01
1.597486122766489380e+00 9.340697095832655350e+01
1.599043885928622011e+00 9.291957781485456280e+01
1.600601649090752643e+00 9.234561105038632434e+01
1.602159412252885273e+00 9.179803121804042121e+01
1.603717175415017682e+00 9.117075216794849268e+01
1.605274938577150312e+00 9.057015190411279093e+01
1.606832701739282054e+00 9.008490107163113692e+01
1.608390464901414463e+00 8.952683903691581691e+01
1.609948228063547093e+00 8.897881812143920399e+01
1.611505991225677503e+00 8.835821626245000004e+01
1.613063754387810134e+00 8.771888170305814469e+01
1.614621517549942542e+00 8.715869667920978259e+01
1.616179280712075172e+00 8.656860458973589800e+01
1.617737043874206915e+00 8.597126869744073474e+01
1.619294807036339323e+00 8.541343192065158973e+01
1.620852570198471954e+00 8.505137852380164531e+01
1.622410333360602364e+00 8.459960841539439969e+01
1.623968096522734994e+00 8.408829505516170855e+01
1.625525859684867402e+00 8.357326294927409549e+01
1.627083622847000033e+00 8.297820554701479523e+01
1.628641386009131775e+00 8.237977887436041158e+01
1.630199149171264184e+00 8.177729191322424640e+01
1.631756912333396814e+00 8.109415703795794172e+01
1.633314675495527224e+00 8.047332165058021758e+01
1.634872438657659854e+00 7.986806195475833192e+01
1.636430201819792263e+00 7.923316174443658610e+01
1.637987964981924005e+00 7.863502445598541613e+01
1.639545728144056636e+00 7.802300737502802974e+01
1.641103491306189044e+00 7.744939094025677662e+01
1.642661254468321674e+00 7.686075898251448280e+01
1.644219017630452084e+00 7.617812590115475757e+01
1.645776780792584715e+00 7.551803079667772067e+01
1.647334543954717123e+00 7.500767588373084038e+01
1.648892307116848865e+00 7.466586286277218676e+01
1.650450070278981496e+00 7.428488978291247236e+01
1.652007833441113904e+00 7.370616939538925294e+01
1.653565596603246535e+00 7.309885548404639621e+01
1.655123359765376945e+00 7.257092460254750677e+01
1.656681122927509575e+00 7.201630844004242249e+01
1.658238886089641984e+00 7.146383333220830991e+01
1.659796649251773726e+00 7.110313347873814394e+01
1.661354412413906356e+00 7.087478435036179292e+01
1.662912175576038765e+00 7.050497298021606696e+01
1.664469938738171395e+00 7.002862904103621133e+01
1.666027701900301805e+00 6.960001450272272905e+01
1.667585465062434436e+00 6.919475213668169999e+01
1.669143228224566844e+00 6.875284003329177551e+01
1.670700991386698586e+00 6.823251149558777229e+01
1.672258754548831217e+00 6.768452068299455959e+01
1.673816517710963625e+00 6.709627345912552698e+01
1.675374280873096255e+00 6.644994947015936759e+01
1.676932044035226665e+00 6.591292707252168270e+01
1.678489807197359296e+00 6.544229121174303998e+01
1.680047570359491704e+00 6.493729842344511383e+01
1.681605333521623447e+00 6.426025282648116388e+01
1.683163096683756077e+00 6.368919454511174649e+01
1.684720859845888485e+00 6.324699680958958226e+01
1.686278623008021116e+00 6.273218283666562911e+01
1.687836386170151970e+00 6.226161805711908670e+01
1.689394149332284600e+00 6.180811989273734497e+01
1.690951912494416565e+00 6.128736945217747234e+01
1.692509675656548307e+00 6.071982220775453953e+01
1.694067438818680937e+00 6.012037136386423697e+01
1.695625201980812902e+00 5.953316525374666668e+01
1.697182965142945532e+00 5.898251672943302282e+01
1.698740728305076386e+00 5.848927292934021693e+01
1.700298491467209017e+00 5.793487711349542479e+01
1.701856254629341425e+00 5.735591241214465441e+01
1.703414017791473167e+00 5.683397340537934639e+01
1.704971780953605798e+00 5.646715855100883630e+01
1.706529544115738206e+00 5.616153253902578513e+01
1.708087307277870837e+00 5.570301281500236712e+01
1.709645070440001691e+00 5.519538180236052938e+01
1.711202833602134321e+00 5.469622523490606625e+01
1.712760596764266285e+00 5.431618198340932935e+01
1.714318359926398028e+00 5.396118649791279864e+01
1.715876123088530658e+00 5.353900867584281542e+01
1.717433886250662622e+00 5.306623665055963812e+01
1.718991649412795253e+00 5.261744427130697943e+01
1.720549412574926107e+00 5.232432001704950864e+01
1.722107175737058515e+00 5.201449536161619847e+01
1.723664938899191146e+00 5.173684063304663283e+01
1.725222702061322888e+00 5.146059224173995972e+01
1.726780465223455518e+00 5.113669906207010030e+01
1.728338228385587927e+00 5.086210204371427324e+01
1.729895991547720557e+00 5.056423670363490430e+01
1.731453754709851411e+00 5.028292384116740976e+01
1.733011517871983376e+00 5.001847567774603931e+01
1.734569281034116006e+00 4.975065581665592873e+01
1.736127044196247748e+00 4.957608714115993109e+01
1.737684807358380379e+00 4.938452847672061807e+01
1.739242570520512343e+00 4.907768757706359963e+01
1.740800333682644974e+00 4.879873937870414835e+01
1.742358096844775828e+00 4.860831178265700458e+01
1.743915860006908236e+00 4.836054529708611227e+01
1.745473623169040867e+00 4.809105016268025423e+01
1.747031386331172609e+00 4.779367671577595189e+01
1.748589149493305239e+00 4.741852586670833603e+01
1.750146912655437648e+00 4.708126506041750048e+01
1.751704675817570278e+00 4.684994717784060470e+01
1.753262438979701132e+00 4.663893861391547091e+01
1.754820202141833096e+00 4.642819227963271800e+01
1.756377965303965727e+00 4.622125806609331278e+01
1.757935728466097469e+00 4.602199562322441295e+01
1.759493491628230100e+00 4.580527813560464523e+01
1.761051254790362064e+00 4.560837689287370722e+01
1.762609017952494694e+00 4.539928308828613268e+01
1.764166781114625548e+00 4.528829496141600686e+01
1.765724544276757957e+00 4.508435884628912049e+01
1.767282307438890587e+00 4.484208233785851405e+01
1.768840070601022330e+00 4.462462669389886827e+01
1.770397833763154960e+00 4.438050399305343774e+01
1.771955596925287368e+00 4.412122549575541086e+01
1.773513360087419999e+00 4.392023063480899481e+01
1.775071123249550853e+00 4.373370978017318578e+01
1.776628886411682817e+00 4.344985527410762671e+01
1.778186649573815670e+00 4.319155427328143304e+01
1.779744412735946968e+00 4.290082287288296214e+01
1.781302175898079598e+00 4.268460548514291020e+01
1.782859939060211785e+00 4.253969719575815134e+01
1.784417702222344415e+00 4.234761134715211028e+01
1.785975465384475269e+00 4.216744154990471571e+01
1.787533228546607678e+00 4.197884397930545930e+01
1.789090991708740308e+00 4.180762055379669562e+01
1.790648754870872050e+00 4.173407671244035555e+01
1.792206518033004681e+00 4.160773781790235404e+01
1.793764281195137089e+00 4.150548028941141609e+01
1.795322044357267943e+00 4.140433892629230428e+01
1.796879807519400574e+00 4.117093115742034826e+01
1.798437570681532760e+00 4.093262800559783443e+01
1.799995333843665390e+00 4.080312421175549531e+01
1.801553097005796689e+00 4.077754058949236082e+01
1.803110860167929319e+00 4.077453429202107316e+01
1.804668623330061505e+00 4.067440981699535030e+01
1.806226386492192360e+00 4.049821457833404281e+01
1.807784149654324990e+00 4.040072455505026738e+01
1.809341912816457398e+00 4.037888941258825781e+01
1.810899675978590029e+00 4.034778351484064274e+01
1.812457439140721771e+00 4.029181635967601238e+01
1.814015202302854401e+00 4.019694076701451735e+01
1.815572965464986810e+00 4.007033919340025108e+01
1.817130728627117664e+00 3.990384293614130229e+01
1.818688491789250294e+00 3.972322619834007185e+01
1.820246254951382481e+00 3.963331306567054213e+01
1.821804018113515111e+00 3.951546566976776376e+01
1.823361781275646409e+00 3.935603373511317216e+01
1.824919544437779040e+00 3.928267933706145953e+01
1.826477307599911226e+00 3.921106072426716338e+01
1.828035070762042080e+00 3.908952671873684892e+01
1.829592833924174711e+00 3.901499550456227183e+01
1.831150597086307119e+00 3.896019408883633162e+01
1.832708360248439750e+00 3.884990217311686678e+01
1.834266123410571492e+00 3.876763728667356190e+01
1.835823886572704122e+00 3.862770014368201288e+01
1.837381649734836531e+00 3.855165319438138027e+01
1.838939412896967385e+00 3.857668845506970712e+01
1.840497176059100015e+00 3.846405771544785068e+01
1.842054939221232202e+00 3.835194595485594959e+01
1.843612702383364832e+00 3.830968474491229614e+01
1.845170465545496130e+00 3.824627332697448878e+01
1.846728228707628761e+00 3.815789967845395125e+01
1.848285991869760947e+00 3.810290084347324324e+01
1.849843755031891801e+00 3.812545566834995014e+01
1.851401518194024431e+00 3.817265180141583869e+01
1.852959281356156840e+00 3.824561973171928031e+01
1.854517044518289470e+00 3.822305740952076292e+01
1.856074807680421213e+00 3.817923899600705084e+01
1.857632570842553843e+00 3.823136673310972355e+01
1.859190334004686251e+00 3.826820263237471664e+01
1.860748097166817105e+00 3.826192703749416069e+01
1.862305860328949736e+00 3.832823516381179729e+01
1.863863623491081922e+00 3.844114907795887603e+01
1.865421386653214553e+00 3.846643175147450933e+01
1.866979149815345851e+00 3.849804785854198030e+01
1.868536912977478481e+00 3.843921595186619555e+01
1.870094676139610668e+00 3.836029925738751700e+01
1.871652439301741522e+00 3.836119028825476818e+01
1.873210202463874152e+00 3.840625521189941338e+01
1.874767965626006561e+00 3.850052913922756659e+01
1.876325728788139191e+00 3.851846864308831186e+01
1.877883491950270933e+00 3.854759886426079163e+01
1.879441255112403342e+00 3.860445309682727810e+01
1.880999018274535972e+00 3.866875778878777936e+01
1.882556781436667048e+00 3.869455908372874831e+01
1.884114544598799679e+00 3.864797110685470471e+01
1.885672307760931643e+00 3.869880497588562918e+01
1.887230070923064273e+00 3.882728064343771024e+01
1.888787834085195572e+00 3.887838665053148901e+01
1.890345597247327536e+00 3.888449110849909829e+01
1.891903360409460166e+00 3.884948341851129783e+01
1.893461123571591243e+00 3.878834312887326519e+01
1.895018886733723873e+00 3.875025957123571629e+01
1.896576649895856281e+00 3.868946287749351853e+01
1.898134413057988912e+00 3.869339112195105201e+01
1.899692176220120654e+00 3.880491645923081023e+01
1.901249939382253062e+00 3.883060279542718973e+01
1.902807702544385693e+00 3.883309526222905816e+01
1.904365465706516769e+00 3.892961923823387593e+01
1.905923228868649399e+00 3.907089199714722838e+01
1.907480992030781364e+00 3.910001825283182342e+01
1.909038755192913994e+00 3.910191167037793036e+01
1.910596518355045292e+00 3.913954642287516350e+01
1.912154281517177257e+00 3.912430251382505730e+01
1.913712044679309887e+00 3.908551043613387321e+01
1.915269807841440963e+00 3.909752185003164726e+01
1.916827571003573594e+00 3.909649409760410066e+01
1.918385334165706002e+00 3.912220802848852230e+01
1.919943097327838633e+00 3.914921917795110318e+01
1.921500860489970375e+00 3.917440146946956503e+01
1.923058623652102783e+00 3.934639173529263445e+01
1.924616386814235414e+00 3.954318529297005114e+01
1.926174149976366490e+00 3.958158817068724034e+01
1.927731913138499120e+00 3.962801452816795234e+01
1.929289676300631085e+00 3.976316867784697706e+01
1.930847439462763715e+00 3.985993282026988993e+01
1.932405202624895013e+00 3.992258878790886456e+01
1.933962965787026977e+00 3.999821890429471694e+01
1.935520728949159608e+00 4.007366261545070785e+01
1.937078492111290684e+00 4.006528199851499750e+01
1.938636255273423314e+00 4.002539957542636984e+01
1.940194018435555723e+00 4.004853740033287579e+01
1.941751781597688353e+00 4.006664151982064936e+01
1.943309544759820096e+00 4.013463936750547134e+01
1.944867307921952504e+00 4.020212428962945950e+01
1.946425071084085134e+00 4.007385542424650282e+01
1.947982834246216211e+00 4.004935349268053102e+01
1.949540597408348841e+00 4.008743923526224506e+01
1.951098360570480805e+00 4.012137458352067654e+01
1.952656123732613436e+00 4.022052939604226651e+01
1.954213886894744734e+00 4.033334567755191102e+01
1.955771650056876698e+00 4.041955815796423934e+01
1.957329413219009329e+00 4.047271920140991597e+01
1.958887176381140405e+00 4.054192813621439484e+01
1.960444939543273035e+00 4.059132627636842017e+01
1.962002702705405444e+00 4.059787981308407723e+01
1.963560465867537186e+00 4.058488092158520288e+01
1.965118229029669816e+00 4.064892510646092205e+01
1.966675992191802225e+00 4.065887029425982746e+01
1.968233755353934855e+00 4.067473674719783361e+01
1.969791518516065931e+00 4.080438527868638232e+01
1.971349281678198562e+00 4.089862214022083720e+01
1.972907044840330526e+00 4.092963306273745161e+01
1.974464808002461824e+00 4.098875370823936493e+01
1.976022571164594455e+00 4.105796376037309869e+01
1.977580334326726419e+00 4.114415700213441340e+01
1.979138097488859049e+00 4.116816391068773129e+01
1.980695860650990126e+00 4.113562247016201212e+01
1.982253623813122756e+00 4.109015465240714349e+01
1.983811386975255164e+00 4.111629070445917478e+01
1.985369150137386907e+00 4.115222491990130749e+01
1.986926913299519537e+00 4.120573291735606603e+01
1.988484676461651945e+00 4.124850046170467266e+01
1.990042439623784576e+00 4.120720282264685608e+01
1.991600202785915652e+00 4.114831918420907897e+01
1.993157965948048282e+00 4.109163618997547474e+01
1.994715729110180247e+00 4.105325567774396234e+01
1.996273492272311545e+00 4.102975614079534239e+01
1.997831255434444175e+00 4.099566089677880854e+01
1.999389018596576140e+00 4.097012414009170556e+01
2.000946781758708770e+00 4.093510591385830111e+01
2.002504544920840068e+00 4.092735719261369098e+01
2.004062308082972699e+00 4.093066441030094893e+01
2.005620071245104885e+00 4.088248460758052261e+01
2.007177834407236627e+00 4.082928558882091608e+01
2.008735597569369258e+00 4.074814363643677240e+01
2.010293360731501444e+00 4.068324927613434738e+01
2.011851123893634075e+00 4.057366770821953850e+01
2.013408887055765373e+00 4.039253751006744864e+01
2.014966650217898003e+00 4.033414852832910213e+01
2.016524413380030190e+00 4.025300250811037728e+01
2.018082176542161044e+00 4.009326038711771645e+01
2.019639939704293674e+00 3.994069154363941010e+01
2.021197702866425860e+00 3.981995381613484142e+01
2.022755466028558491e+00 3.975320450545275008e+01
2.024313229190689789e+00 3.973334553447536877e+01
2.025870992352822419e+00 3.971741968137714451e+01
2.027428755514954606e+00 3.970317741873302708e+01
2.028986518677086348e+00 3.968081310846437049e+01
2.030544281839218979e+00 3.963698829525181822e+01
2.032102045001351165e+00 3.960305772043334116e+01
2.033659808163483795e+00 3.960893075392138485e+01
2.035217571325615094e+00 3.953429037575208582e+01
2.036775334487747280e+00 3.945216558132881346e+01
2.038333097649879910e+00 3.939833075112811400e+01
2.039890860812010764e+00 3.933426582900804647e+01
2.041448623974143395e+00 3.924402319432497421e+01
2.043006387136275581e+00 3.907793276352526135e+01
2.044564150298408212e+00 3.894923979800367420e+01
2.046121913460539510e+00 3.886259655918011902e+01
2.047679676622671696e+00 3.875582545016467861e+01
2.049237439784804327e+00 3.869424289128124883e+01
2.050795202946936069e+00 3.865713266887117783e+01
2.052352966109068699e+00 3.856334665980470078e+01
2.053910729271200886e+00 3.842137356329836706e+01
2.055468492433333516e+00 3.822379611910605490e+01
2.057026255595464814e+00 3.809087775907360651e+01
2.058584018757597001e+00 3.800807302717610980e+01
2.060141781919729631e+00 3.790949381199382628e+01
2.061699545081860485e+00 3.778763554948435655e+01
2.063257308243993116e+00 3.769632768112017374e+01
2.064815071406125302e+00 3.758098073527910543e+01
2.066372834568257932e+00 3.746629071049327564e+01
2.067930597730389231e+00 3.744717085449199345e+01
2.069488360892521417e+00 3.746759921921182013e+01
2.071046124054654047e+00 3.742198469303809105e+01
2.072603887216785790e+00 3.733592897294263224e+01
2.074161650378918420e+00 3.724177919439477336e+01
2.075719413541050606e+00 3.713619418860550070e+01
2.077277176703183237e+00 3.709354133807696741e+01
2.078834939865314535e+00 3.694064709208991104e+01
2.080392703027446721e+00 3.671447982536489008e+01
2.081950466189579352e+00 3.659675622399200279e+01
2.083508229351710206e+00 3.646043178757307146e+01
2.085065992513842836e+00 3.622800592013045673e+01
2.086623755675975023e+00 3.606722129218341166e+01
2.088181518838107653e+00 3.597605304020886052e+01
2.089739282000238951e+00 3.589333539619924096e+01
2.091297045162371138e+00 3.574193461080052003e+01
2.092854808324503768e+00 3.562914848762145681e+01
2.094412571486635510e+00 3.556694514769501581e+01
2.095970334648768141e+00 3.544206498762628854e+01
2.097528097810900327e+00 3.530142688221926761e+01
2.099085860973032958e+00 3.517783488679549464e+01
2.100643624135164256e+00 3.505581597662821736e+01
2.102201387297296442e+00 3.502335270720025306e+01
2.103759150459429073e+00 3.490370394038099278e+01
2.105316913621559927e+00 3.475003381442432726e+01
2.106874676783692557e+00 3.460867978432423087e+01
2.108432439945824743e+00 3.442630315794797013e+01
2.109990203107957374e+00 3.433353526396921040e+01
2.111547966270088672e+00 3.426794352516866837e+01
2.113105729432220858e+00 3.410284874401998678e+01
2.114663492594353489e+00 3.389883975525293636e+01
2.116221255756485231e+00 3.373646941941847643e+01
2.117779018918617862e+00 3.369258338401713360e+01
2.119336782080750048e+00 3.365575638122915336e+01
2.120894545242881346e+00 3.347822117955276155e+01
2.122452308405013977e+00 3.330434671850754569e+01
2.124010071567146163e+00 3.317516439983960197e+01
2.125567834729278793e+00 3.302595364941809919e+01
2.127125597891409647e+00 3.290808542959629079e+01
2.128683361053542278e+00 3.277000496669725038e+01
2.130241124215674464e+00 3.258359271287708481e+01
2.131798887377805762e+00 3.242032440835176743e+01
2.133356650539938393e+00 3.231205073413885032e+01
2.134914413702070579e+00 3.223242964376689912e+01
2.136472176864203210e+00 3.213128297706594338e+01
2.138029940026334952e+00 3.206410407830247067e+01
2.139587703188467582e+00 3.194285000321763945e+01
2.141145466350599769e+00 3.175257020305401312e+01
2.142703229512731067e+00 3.153140350431360872e+01
2.144260992674863697e+00 3.136807205569220969e+01
2.145818755836995884e+00 3.123994943816002490e+01
2.147376518999128514e+00 3.112875216032663417e+01
2.148934282161259368e+00 3.115214936266529477e+01
2.150492045323391999e+00 3.113066937845188775e+01
2.152049808485524185e+00 3.105822375552373771e+01
2.153607571647655483e+00 3.097638929103636229e+01
2.155165334809788114e+00 3.088163931199661150e+01
2.156723097971920300e+00 3.080986576589749149e+01
2.158280861134052930e+00 3.070694528951237601e+01
2.159838624296184673e+00 3.054076905461123204e+01
2.161396387458317303e+00 3.046354496065683293e+01
2.162954150620449489e+00 3.036252086781823323e+01
2.164511913782580788e+00 3.026293456690058292e+01
2.166069676944713418e+00 3.019430662969611845e+01
2.167627440106845604e+00 3.021035389149318107e+01
2.169185203268978235e+00 3.025236701158858210e+01
2.170742966431109089e+00 3.015697226373104201e+01
2.172300729593241719e+00 3.007753594808461628e+01
2.173858492755373906e+00 3.001916460114630780e+01
2.175416255917505204e+00 2.995133658905834650e+01
2.176974019079637834e+00 2.987266444876691196e+01
2.178531782241770021e+00 2.980782677781837720e+01
2.180089545403902651e+00 2.972995437888818415e+01
2.181647308566034393e+00 2.963814382057337937e+01
2.183205071728167024e+00 2.960481257531528598e+01
2.184762834890299210e+00 2.963041999119899828e+01
2.186320598052430508e+00 2.963896082745680616e+01
2.187878361214563139e+00 2.960474872304504501e+01
2.189436124376695325e+00 2.944616471863246332e+01
2.190993887538827956e+00 2.929321221495065330e+01
2.192551650700958810e+00 2.916898615544545592e+01
2.194109413863091440e+00 2.906376334188537669e+01
2.195667177025223626e+00 2.898856952236770823e+01
2.197224940187354925e+00 2.891767733026870602e+01
2.198782703349487555e+00 2.881600862929046514e+01
2.200340466511619741e+00 2.874906025675928234e+01
2.201898229673752372e+00 2.869528938734091383e+01
2.203455992835884114e+00 2.869510094929482236e+01
2.205013755998016300e+00 2.859916421230280292e+01
2.206571519160148931e+00 2.846561481070824229e+01
2.208129282322280229e+00 2.842616876833660911e+01
2.209687045484412860e+00 2.834170565895282223e+01
2.211244808646545046e+00 2.827063405884753422e+01
2.212802571808677676e+00 2.820586457445791950e+01
2.214360334970808530e+00 2.814269746158842977e+01
2.215918098132940717e+00 2.807441437601526957e+01
2.217475861295073347e+00 2.797355471147249162e+01
2.219033624457204645e+00 2.793750606575089535e+01
2.220591387619337276e+00 2.788864448828145726e+01
2.222149150781469462e+00 2.776933103870275588e+01
2.223706913943602093e+00 2.765822900445635923e+01
2.225264677105733835e+00 2.754529762076552402e+01
2.226822440267866021e+00 2.745184551209252177e+01
2.228380203429998652e+00 2.738570262228302710e+01
2.229937966592129950e+00 2.735073345916709897e+01
2.231495729754262580e+00 2.730872384798115959e+01
2.233053492916394767e+00 2.719394794468706777e+01
2.234611256078527397e+00 2.710899393208500641e+01
2.236169019240658251e+00 2.708493352762884498e+01
2.237726782402790437e+00 2.703566491970852681e+01
2.239284545564923068e+00 2.701349743156667316e+01
2.240842308727054366e+00 2.692877693830708807e+01
2.242400071889186997e+00 2.682803169447747749e+01
2.243957835051319183e+00 2.668083243105506597e+01
2.245515598213451813e+00 2.655827140161521882e+01
2.247073361375583556e+00 2.647303630335645863e+01
2.248631124537715742e+00 2.630479926571761595e+01
2.250188887699848372e+00 2.613783256964108048e+01
2.251746650861979671e+00 2.602594655862820971e+01
2.253304414024112301e+00 2.596326867212724920e+01
2.254862177186244487e+00 2.592736942614444118e+01
2.256419940348377118e+00 2.586907465715765042e+01
2.257977703510507972e+00 2.573479407062472646e+01
2.259535466672640158e+00 2.563075026104894505e+01
2.261093229834772789e+00 2.550579824874343871e+01
2.262650992996904087e+00 2.531915148692000983e+01
2.264208756159036717e+00 2.527971075932920186e+01
2.265766519321168904e+00 2.517930060581418061e+01
2.267324282483301534e+00 2.498486590101826721e+01
2.268882045645433276e+00 2.487202252493549892e+01
2.270439808807565463e+00 2.480963569835196481e+01
2.271997571969698093e+00 2.473021262502610185e+01
2.273555335131829391e+00 2.461065870148823009e+01
2.275113098293962022e+00 2.451096516430669681e+01
2.276670861456094208e+00 2.447142960504118392e+01
2.278228624618225062e+00 2.445744649093769496e+01
2.279786387780357693e+00 2.436628198086723174e+01
2.281344150942489879e+00 2.423723262082372898e+01
2.282901914104622509e+00 2.412469904671157650e+01
2.284459677266753808e+00 2.407788263879939805e+01
2.286017440428886438e+00 2.415134800669264337e+01
2.287575203591018624e+00 2.417784701069481201e+01
2.289132966753150367e+00 2.409647583437273966e+01
2.290690729915282997e+00 2.402000050272185305e+01
2.292248493077415183e+00 2.396163070920723115e+01
2.293806256239547814e+00 2.392868773003876726e+01
2.295364019401679556e+00 2.394227235064535009e+01
2.296921782563812187e+00 2.395510418974156508e+01
2.298479545725944373e+00 2.397492353771389517e+01
2.300037308888074339e+00 2.393106310512527202e+01
2.301595072050206969e+00 2.388654700421554367e+01
2.303152835212339156e+00 2.384748964426471574e+01
2.304710598374471786e+00 2.375664671693953167e+01
2.306268361536603528e+00 2.364371342977329249e+01
2.307826124698736159e+00 2.359219160808726556e+01
2.309383887860868345e+00 2.356570372202711283e+01
2.310941651023000087e+00 2.349429743183412711e+01
2.312499414185132718e+00 2.341342653060111800e+01
2.314057177347264904e+00 2.336239629403135964e+01
2.315614940509397535e+00 2.335012488998367175e+01
2.317172703671529277e+00 2.322033490437682701e+01
2.318730466833661907e+00 2.314356077398290168e+01
2.320288229995794094e+00 2.315038927043660877e+01
2.321845993157924060e+00 2.318780493232004147e+01
2.323403756320056690e+00 2.309306117922144708e+01
2.324961519482188876e+00 2.294158377546104788e+01
2.326519282644321507e+00 2.290612781132953302e+01
2.328077045806453249e+00 2.290425678513260621e+01
2.329634808968585880e+00 2.287408946324136139e+01
2.331192572130718066e+00 2.283542635578481139e+01
2.332750335292849808e+00 2.279308504527896062e+01
2.334308098454982439e+00 2.272577779331855297e+01
2.335865861617114625e+00 2.272868672236313969e+01
2.337423624779247255e+00 2.275409427374850679e+01
2.338981387941378998e+00 2.270975703576857896e+01
2.340539151103511628e+00 2.263620381614583366e+01
2.342096914265643814e+00 2.255470613156959914e+01
2.343654677427773780e+00 2.246513818278461372e+01
2.345212440589906411e+00 2.249922623552242129e+01
2.346770203752038597e+00 2.253800983283442960e+01
2.348327966914171228e+00 2.247635276410790084e+01
2.349885730076302970e+00 2.243243327601214077e+01
2.351443493238435600e+00 2.242672967531472850e+01
2.353001256400567787e+00 2.236386126967635590e+01
2.354559019562699529e+00 2.234320580884279295e+01
2.356116782724832159e+00 2.232524316609696058e+01
2.357674545886964346e+00 2.229854990091885725e+01
2.359232309049096976e+00 2.219256590162812515e+01
2.360790072211228718e+00 2.219710475108954029e+01
2.362347835373360905e+00 2.223187553561317387e+01
2.363905598535493535e+00 2.223886704462675112e+01
2.365463361697623501e+00 2.228590392489335059e+01
2.367021124859756132e+00 2.229050969511210312e+01
2.368578888021888318e+00 2.224302167847758582e+01
2.370136651184020948e+00 2.221034608697673107e+01
2.371694414346152691e+00 2.223865958776625362e+01
2.373252177508284877e+00 2.226253762758294030e+01
2.374809940670417507e+00 2.221414878104930679e+01
2.376367703832549250e+00 2.217276973478594471e+01
2.377925466994681880e+00 2.222462934072523666e+01
2.379483230156814066e+00 2.227860976268469528e+01
2.381040993318946697e+00 2.227182368468757545e+01
2.382598756481078439e+00 2.230515049871195643e+01
2.384156519643210626e+00 2.239771146294704707e+01
2.385714282805343256e+00 2.239119137804222603e+01
2.387272045967473222e+00 2.230165098123458733e+01
2.388829809129605852e+00 2.226205940175723441e+01
2.390387572291738039e+00 2.225699594011842919e+01
2.391945335453870669e+00 2.223065097990265571e+01
2.393503098616002411e+00 2.223386604972960612e+01
2.395060861778134598e+00 2.221072117675234736e+01
2.396618624940267228e+00 2.220075433595735959e+01
2.398176388102398970e+00 2.215632785199115062e+01
2.399734151264531601e+00 2.221370144418854764e+01
2.401291914426663787e+00 2.217838474610931598e+01
2.402849677588796418e+00 2.211808520857251281e+01
2.404407440750928160e+00 2.213849067178274410e+01
2.405965203913060346e+00 2.211786813164775012e+01
2.407522967075192977e+00 2.206190883949271964e+01
2.409080730237322943e+00 2.200061115757728203e+01
2.410638493399455573e+00 2.196128144661036075e+01
2.412196256561587759e+00 2.193266780786770198e+01
2.413754019723720390e+00 2.189594487544584922e+01
2.415311782885852132e+00 2.183444836826087965e+01
2.416869546047984318e+00 2.177751203480451636e+01
2.418427309210116949e+00 2.181489021840437914e+01
2.419985072372248691e+00 2.176642682470487955e+01
2.421542835534381322e+00 2.170541550624630389e+01
2.423100598696513508e+00 2.171438680435284141e+01
2.424658361858646138e+00 2.173149782430437682e+01
2.426216125020777881e+00 2.171576346282591530e+01
2.427773888182910067e+00 2.169119128843250621e+01
2.429331651345042697e+00 2.169911112746100557e+01
2.430889414507172663e+00 2.167640717688081153e+01
2.432447177669305294e+00 2.160084006563420544e+01
2.434004940831437480e+00 2.149093138423660676e+01
2.435562703993569222e+00 2.143602835292641018e+01
2.437120467155701853e+00 2.146066549313371752e+01
2.438678230317834039e+00 2.141805641652709724e+01
2.440235993479966670e+00 2.140841391300053687e+01
2.441793756642098412e+00 2.131129600458406870e+01
2.443351519804231042e+00 2.120693502819041854e+01
2.444909282966363229e+00 2.116905290177910715e+01
2.446467046128494971e+00 2.116506631615888168e+01
2.448024809290627601e+00 2.119275544848508019e+01
2.449582572452759788e+00 2.116332893643845026e+01
2.451140335614892418e+00 2.109432148235424620e+01
2.452698098777022384e+00 2.102261665835411719e+01
2.454255861939155015e+00 2.093709014031485438e+01
2.455813625101287201e+00 2.089065265780319081e+01
2.457371388263418943e+00 2.087730023878546959e+01
2.458929151425551574e+00 2.080559608886208522e+01
2.460486914587683760e+00 2.077311454721753492e+01
2.462044677749816390e+00 2.076564261583035176e+01
2.463602440911948133e+00 2.074276044529502627e+01
2.465160204074080763e+00 2.072159571035346914e+01
2.466717967236212949e+00 2.068781752876759228e+01
2.468275730398344692e+00 2.062061587276557972e+01
2.469833493560477322e+00 2.053781514978286538e+01
2.471391256722609509e+00 2.046301578064704785e+01
2.472949019884742139e+00 2.045677476699517783e+01
2.474506783046872105e+00 2.047217496799114400e+01
2.476064546209004735e+00 2.039263032739895820e+01
2.477622309371136922e+00 2.019610888435899909e+01
2.479180072533268664e+00 2.009784681629473724e+01
2.480737835695401294e+00 2.014884654957510435e+01
2.482295598857533481e+00 2.015144426173175063e+01
2.483853362019666111e+00 2.008380717416711647e+01
2.485411125181797853e+00 2.004229095701773744e+01
2.486968888343930484e+00 2.005013408787642248e+01
2.488526651506062670e+00 2.009522039768441104e+01
2.490084414668194412e+00 2.015588212434305149e+01
2.491642177830327043e+00 2.017625038356140976e+01
2.493199940992459229e+00 2.014139942069825295e+01
2.494757704154591860e+00 2.011866325693174318e+01
2.496315467316721826e+00 2.004086896088540470e+01
2.497873230478854456e+00 2.002556375981806625e+01
2.499430993640986642e+00 2.002294063338330332e+01
2.500988756803118385e+00 1.993867434777465064e+01
2.502546519965251015e+00 1.991138879181645294e+01
2.504104283127383201e+00 1.997173966889629781e+01
2.505662046289515832e+00 1.999688463016777007e+01
2.507219809451647574e+00 1.996267791979757078e+01
2.508777572613780205e+00 1.999687823514556229e+01
2.510335335775912391e+00 2.005710738183672248e+01
2.511893098938044133e+00 2.007918918815410336e+01
2.513450862100176764e+00 2.006707480496632812e+01
2.515008625262308950e+00 2.009719546178691374e+01
2.516566388424441580e+00 2.008058842648673092e+01
2.518124151586571546e+00 2.008847195886018255e+01
2.519681914748703733e+00 2.011687263697708872e+01
2.521239677910836363e+00 2.012326400641426360e+01
2.522797441072968105e+00 2.012776530691229482e+01
2.524355204235100736e+00 2.014980753270709712e+01
2.525912967397232922e+00 2.015759296675182100e+01
2.527470730559365553e+00 2.012589237183804158e+01
2.529028493721497295e+00 2.017076407432147178e+01
2.530586256883629481e+00 2.026007921383690302e+01
2.532144020045762112e+00 2.029545375251255024e+01
2.533701783207893854e+00 2.027901353992338684e+01
2.535259546370026484e+00 2.028076924363051248e+01
2.536817309532158671e+00 2.029254524127925663e+01
2.538375072694291301e+00 2.026804337478262852e+01
2.539932835856421267e+00 2.023565378626022593e+01
2.541490599018553453e+00 2.023697545160457167e+01
2.543048362180686084e+00 2.029333395848706090e+01
2.544606125342817826e+00 2.036239213007181093e+01
2.546163888504950457e+00 2.038903532163072185e+01
2.547721651667082643e+00 2.037697154033831737e+01
2.549279414829215273e+00 2.035518159159186524e+01
2.550837177991347016e+00 2.031685050476987442e+01
2.552394941153479202e+00 2.029104441916563673e+01
2.553952704315611832e+00 2.030651310692664424e+01
2.555510467477743575e+00 2.026861223256738498e+01
2.557068230639876205e+00 2.029650698424304167e+01
2.558625993802008391e+00 2.034808081572314009e+01
2.560183756964141022e+00 2.036043471986875630e+01
2.561741520126270988e+00 2.037147980902250666e+01
2.563299283288403174e+00 2.037507500001914451e+01
2.564857046450535805e+00 2.036078024069584202e+01
2.566414809612667547e+00 2.027500122191584353e+01
2.567972572774800177e+00 2.016192598745628217e+01
2.569530335936932364e+00 2.013958701874753743e+01
2.571088099099064994e+00 2.016824783254173425e+01
2.572645862261196736e+00 2.015171705121244017e+01
2.574203625423328923e+00 2.010122658850808364e+01
2.575761388585461553e+00 2.008581460025276044e+01
2.577319151747593295e+00 2.006921432724432464e+01
2.578876914909725926e+00 2.000293440407152090e+01
2.580434678071858112e+00 1.991270947635862498e+01
2.581992441233990743e+00 1.985974886720300603e+01
2.583550204396120709e+00 1.981138550951536104e+01
2.585107967558252895e+00 1.970827023685396995e+01
2.586665730720385525e+00 1.965223424317366963e+01
2.588223493882517268e+00 1.963227263312523974e+01
2.589781257044649898e+00 1.963530726759639222e+01
2.591339020206782084e+00 1.967561000976022711e+01
2.592896783368913827e+00 1.962088737922429260e+01
2.594454546531046457e+00 1.955717407171859890e+01
2.596012309693178643e+00 1.949034866850402992e+01
2.597570072855311274e+00 1.949547900144321844e+01
2.599127836017443016e+00 1.952194197997949843e+01
2.600685599179575647e+00 1.953404413183428545e+01
2.602243362341707833e+00 1.953070264201535267e+01
2.603801125503837799e+00 1.947075567366560733e+01
2.605358888665970429e+00 1.940838931105898979e+01
2.606916651828102616e+00 1.940517800874910037e+01
2.608474414990235246e+00 1.943153422842330968e+01
2.610032178152366988e+00 1.944245212195593098e+01
2.611589941314499619e+00 1.938877327040241738e+01
2.613147704476631805e+00 1.930805059180501004e+01
2.614705467638763547e+00 1.928032031677115654e+01
2.616263230800896178e+00 1.918915956749361484e+01
2.617820993963028364e+00 1.910320306135417923e+01
2.619378757125160995e+00 1.903498142470959920e+01
2.620936520287292737e+00 1.892839908617741074e+01
2.622494283449425367e+00 1.886061434210622778e+01
2.624052046611557554e+00 1.886834056460615372e+01
2.625609809773687520e+00 1.894104480848245586e+01
2.627167572935820150e+00 1.900285598001994103e+01
2.628725336097952336e+00 1.898874695746534869e+01
2.630283099260084967e+00 1.894777477123033904e+01
2.631840862422216709e+00 1.893879497983867921e+01
2.633398625584349340e+00 1.899686108988177935e+01
2.634956388746481526e+00 1.903647807723410068e+01
2.636514151908613268e+00 1.901817225540977319e+01
2.638071915070745899e+00 1.901892192997162567e+01
2.639629678232878085e+00 1.904967248332881624e+01
2.641187441395010715e+00 1.909972449937202299e+01
2.642745204557142458e+00 1.911891007106765628e+01
2.644302967719275088e+00 1.913681604101692102e+01
2.645860730881407274e+00 1.911455987909584309e+01
2.647418494043537240e+00 1.910949240945615202e+01
2.648976257205669871e+00 1.917086688566430297e+01
2.650534020367802057e+00 1.920298107386497222e+01
2.652091783529934688e+00 1.925532158653350834e+01
2.653649546692066430e+00 1.925784739647345845e+01
2.655207309854199060e+00 1.929458744491819999e+01
2.656765073016331247e+00 1.935263493744261609e+01
2.658322836178462989e+00 1.934382759013791286e+01
2.659880599340595619e+00 1.931634908415297502e+01
2.661438362502727806e+00 1.933965061488152770e+01
2.662996125664860436e+00 1.937513702537804505e+01
2.664553888826992178e+00 1.934050058054348398e+01
2.666111651989124809e+00 1.927638689850631692e+01
2.667669415151257439e+00 1.926630669308507038e+01
2.669227178313386517e+00 1.927782436121452037e+01
2.670784941475519148e+00 1.929701106337249428e+01
2.672342704637651778e+00 1.934274869291717991e+01
2.673900467799784408e+00 1.936953814799418794e+01
2.675458230961915707e+00 1.938723917871577740e+01
2.677015994124048337e+00 1.935682113759575529e+01
2.678573757286180967e+00 1.925945194734399735e+01
2.680131520448312710e+00 1.922796706618154516e+01
2.681689283610445340e+00 1.925645865966864889e+01
2.683247046772577971e+00 1.926395706643556593e+01
2.684804809934710601e+00 1.922220434740032502e+01
2.686362573096841899e+00 1.918647909188554479e+01
2.687920336258974530e+00 1.920152328635620620e+01
2.689478099421107160e+00 1.921419680532638807e+01
2.691035862583236238e+00 1.919755454117799687e+01
2.692593625745368868e+00 1.921700214032647125e+01
2.694151388907501499e+00 1.926340323406381216e+01
2.695709152069634129e+00 1.925065306599073267e+01
2.697266915231765427e+00 1.927161287963838276e+01
2.698824678393898058e+00 1.928402749252745707e+01
2.700382441556030688e+00 1.925160154765260145e+01
2.701940204718162430e+00 1.920905022277344187e+01
2.703497967880295061e+00 1.917704708059948260e+01
2.705055731042427691e+00 1.914514870684895342e+01
2.706613494204560322e+00 1.913358509947084940e+01
2.708171257366691620e+00 1.915603656065882987e+01
2.709729020528824250e+00 1.917529651740670360e+01
2.711286783690956881e+00 1.918396863740359848e+01
2.712844546853085959e+00 1.914299727818305996e+01
2.714402310015218589e+00 1.906228478793863701e+01
2.715960073177351219e+00 1.899991741070532569e+01
2.717517836339483850e+00 1.899306513717691303e+01
2.719075599501615148e+00 1.900340336589085055e+01
2.720633362663747778e+00 1.894936696845506319e+01
2.722191125825880409e+00 1.893406491995820673e+01
2.723748888988012151e+00 1.897426118615918966e+01
2.725306652150144782e+00 1.893561380316131348e+01
2.726864415312277412e+00 1.884705097660668471e+01
2.728422178474410043e+00 1.881608176356548157e+01
2.729979941636541341e+00 1.878541309178127960e+01
2.731537704798673971e+00 1.869988868948619043e+01
2.733095467960806602e+00 1.861383568745789674e+01
2.734653231122935679e+00 1.856758065403544222e+01
2.736210994285068310e+00 1.859917949764017209e+01
2.737768757447200940e+00 1.860333876595369773e+01
2.739326520609333571e+00 1.854051809575393861e+01
2.740884283771464869e+00 1.850272130224274036e+01
2.742442046933597499e+00 1.843716299601138076e+01
2.743999810095730130e+00 1.839883227808276445e+01
2.745557573257861872e+00 1.840462387395591648e+01
2.747115336419994502e+00 1.835918105427493785e+01
2.748673099582127133e+00 1.831881022572610362e+01
2.750230862744259763e+00 1.831841038141648781e+01
2.751788625906391061e+00 1.827656222706766087e+01
2.753346389068523692e+00 1.818485453639944893e+01
2.754904152230656322e+00 1.811704946892182733e+01
2.756461915392785400e+00 1.803520780531237477e+01
2.758019678554918030e+00 1.798457877627967605e+01
2.759577441717050661e+00 1.799620847031193449e+01
2.761135204879181959e+00 1.797881800300389443e+01
2.762692968041314590e+00 1.786917679448587037e+01
2.764250731203447220e+00 1.776585414828695875e+01
2.765808494365579850e+00 1.771141490675362817e+01
2.767366257527711593e+00 1.769729668187173033e+01
2.768924020689844223e+00 1.765737264054929412e+01
2.770481783851976854e+00 1.760190446931278885e+01
2.772039547014108152e+00 1.757395520950935008e+01
2.773597310176240782e+00 1.755047188571531080e+01
2.775155073338373413e+00 1.754243343117227738e+01
2.776712836500506043e+00 1.758638357557563836e+01
2.778270599662635121e+00 1.762768456572934994e+01
2.779828362824767751e+00 1.761868608713299977e+01
2.781386125986900382e+00 1.757584209919262719e+01
2.782943889149031680e+00 1.757139084184280620e+01
2.784501652311164310e+00 1.758740176668873900e+01
2.786059415473296941e+00 1.753130946413106983e+01
2.787617178635429571e+00 1.742682887648065915e+01
2.789174941797561313e+00 1.742284126240088682e+01
2.790732704959693944e+00 1.750698694888708573e+01
2.792290468121826574e+00 1.757211940761290592e+01
2.793848231283957873e+00 1.759394356287553407e+01
2.795405994446090503e+00 1.761589960149047585e+01
2.796963757608223133e+00 1.766394552869092749e+01
2.798521520770355764e+00 1.771769959243228243e+01
2.800079283932484842e+00 1.771100039267814807e+01
2.801637047094617472e+00 1.770737695607923712e+01
2.803194810256750102e+00 1.767253224616053942e+01
2.804752573418881401e+00 1.755118517617254525e+01
2.806310336581014031e+00 1.753193161026882407e+01
2.807868099743146661e+00 1.751083089455757857e+01
2.809425862905279292e+00 1.743851394044384762e+01
2.810983626067411034e+00 1.739916155013590426e+01
2.812541389229543665e+00 1.736183580404708593e+01
2.814099152391676295e+00 1.733043855513340148e+01
2.815656915553807593e+00 1.732096141096715058e+01
2.817214678715940224e+00 1.728517935017265117e+01
2.818772441878072854e+00 1.726827428126668806e+01
2.820330205040205485e+00 1.723666056280419312e+01
2.821887968202334562e+00 1.721555711670649913e+01
2.823445731364467193e+00 1.716175367533135798e+01
2.825003494526599823e+00 1.710066613036072880e+01
2.826561257688731121e+00 1.707764808363594966e+01
2.828119020850863752e+00 1.703700737834439849e+01
2.829676784012996382e+00 1.694094193069523868e+01
2.831234547175129013e+00 1.681475982151072657e+01
2.832792310337260755e+00 1.676036158154953526e+01
2.834350073499393385e+00 1.679400960313765268e+01
2.835907836661526016e+00 1.681493752075066084e+01
2.837465599823657314e+00 1.683049306156887326e+01
2.839023362985789944e+00 1.685621675279907095e+01
2.840581126147922575e+00 1.682423677341984103e+01
2.842138889310055205e+00 1.676385944465009459e+01
2.843696652472184283e+00 1.675575018386626525e+01
2.845254415634316913e+00 1.681037720265556601e+01
2.846812178796449544e+00 1.683976380553310648e+01
2.848369941958580842e+00 1.682720695876200523e+01
2.849927705120713473e+00 1.681835146556417371e+01
2.851485468282846103e+00 1.681588105854973847e+01
2.853043231444978733e+00 1.679768391104012082e+01
2.854600994607110476e+00 1.676104574793721014e+01
2.856158757769243106e+00 1.672950789670557725e+01
2.857716520931375737e+00 1.674025421529960056e+01
2.859274284093507035e+00 1.676277326019299352e+01
2.860832047255639665e+00 1.677762474901459910e+01
2.862389810417772296e+00 1.681489657565287388e+01
2.863947573579904926e+00 1.683257898439265077e+01
2.865505336742034004e+00 1.683137175459092916e+01
2.867063099904166634e+00 1.682316238337973502e+01
2.868620863066299265e+00 1.675968802971051375e+01
2.870178626228430563e+00 1.668550761172647867e+01
2.871736389390563193e+00 1.667826910245516814e+01
2.873294152552695824e+00 1.667010830613673633e+01
2.874851915714828454e+00 1.662236221946684012e+01
2.876409678876960196e+00 1.661252057275659766e+01
2.877967442039092827e+00 1.659648420345187603e+01
2.879525205201225457e+00 1.653566367470203957e+01
2.881082968363356756e+00 1.649723843865326245e+01
2.882640731525489386e+00 1.648272170252347379e+01
2.884198494687622016e+00 1.643028919069876537e+01
2.885756257849754647e+00 1.640361477644082200e+01
2.887314021011883725e+00 1.640309139507957070e+01
2.888871784174016355e+00 1.639840447346338337e+01
2.890429547336148985e+00 1.640375855314358944e+01
2.891987310498280284e+00 1.635502350726325105e+01
2.893545073660412914e+00 1.632088921185141928e+01
2.895102836822545544e+00 1.633026740222602768e+01
2.896660599984678175e+00 1.630477167853899800e+01
2.898218363146809917e+00 1.629100013470909403e+01
2.899776126308942548e+00 1.625289450377832168e+01
2.901333889471075178e+00 1.618456474535544132e+01
2.902891652633206476e+00 1.620249449891819893e+01
2.904449415795339107e+00 1.621214955218519549e+01
2.906007178957471737e+00 1.620498125302572490e+01
2.907564942119604368e+00 1.625987039900320852e+01
2.909122705281733445e+00 1.632245745703874817e+01
2.910680468443865632e+00 1.634187742096717244e+01
2.912238231605998262e+00 1.637369709024094888e+01
2.913795994768130004e+00 1.635858351769039487e+01
2.915353757930262635e+00 1.625499620086068475e+01
2.916911521092395265e+00 1.616037318440000803e+01
2.918469284254527008e+00 1.617076619809815341e+01
2.920027047416659638e+00 1.620612401276120806e+01
2.921584810578792268e+00 1.620991202182829127e+01
2.923142573740924899e+00 1.620417842451323054e+01
2.924700336903056641e+00 1.622325406448410234e+01
2.926258100065189272e+00 1.626745260763338408e+01
2.927815863227321458e+00 1.631149179742733679e+01
2.929373626389450536e+00 1.635885506366285824e+01
2.930931389551583166e+00 1.638286975895217523e+01
2.932489152713715352e+00 1.632150638734441728e+01
2.934046915875847983e+00 1.626832468563684131e+01
2.935604679037979725e+00 1.629321315106667356e+01
2.937162442200112356e+00 1.631407715132679570e+01
2.938720205362244986e+00 1.629388165928502019e+01
2.940277968524376728e+00 1.631292485794415725e+01
2.941835731686509359e+00 1.638470890255937817e+01
2.943393494848641989e+00 1.646802791509936981e+01
2.944951258010774620e+00 1.649882447164250721e+01
2.946509021172906362e+00 1.650861292462651164e+01
2.948066784335038992e+00 1.650278308587023801e+01
2.949624547497171179e+00 1.651990219750098632e+01
2.951182310659300256e+00 1.651588191370444747e+01
2.952740073821432887e+00 1.644013987435132762e+01
2.954297836983565073e+00 1.641093588815861892e+01
2.955855600145697704e+00 1.641468524682336039e+01
2.957413363307829446e+00 1.640419715770977405e+01
2.958971126469962076e+00 1.639081783228705902e+01
2.960528889632094707e+00 1.640344594764854946e+01
2.962086652794226449e+00 1.637573554717072000e+01
2.963644415956359079e+00 1.630892583363377568e+01
2.965202179118491710e+00 1.628245910736228552e+01
2.966759942280624340e+00 1.625166394391936819e+01
2.968317705442756083e+00 1.625658892729057214e+01
2.969875468604888713e+00 1.627059335647393468e+01
2.971433231767020899e+00 1.620862517399010017e+01
2.972990994929149977e+00 1.612195964679468929e+01
2.974548758091282608e+00 1.603034399358846684e+01
2.976106521253414794e+00 1.601268058529815619e+01
2.977664284415547424e+00 1.604058458820428967e+01
2.979222047577679167e+00 1.607942369589651932e+01
2.980779810739811797e+00 1.609936944548487148e+01
2.982337573901944427e+00 1.607147548585585994e+01
2.983895337064076170e+00 1.606698754772611437e+01
2.985453100226208800e+00 1.608766144310796520e+01
2.987010863388341431e+00 1.613087565465691142e+01
2.988568626550474061e+00 1.617554442861209907e+01
2.990126389712605803e+00 1.618849563679062342e+01
2.991684152874738434e+00 1.617021509665647017e+01
2.993241916036870620e+00 1.616364763017169182e+01
2.994799679198999698e+00 1.613365904250969862e+01
2.996357442361132328e+00 1.618974980033166489e+01
2.997915205523264515e+00 1.625069739768379407e+01
2.999472968685397145e+00 1.620073950860529166e+01
3.001030731847528887e+00 1.616339770104699980e+01
3.002588495009661518e+00 1.616441318557709295e+01
3.004146258171794148e+00 1.614176867868755849e+01
3.005704021333925891e+00 1.609667078978393207e+01
3.007261784496058521e+00 1.606488982641635488e+01
3.008819547658191151e+00 1.600974062480598548e+01
3.010377310820323782e+00 1.594933672525542256e+01
3.011935073982455524e+00 1.587743522667567930e+01
3.013492837144587710e+00 1.581934355625092437e+01
3.015050600306720341e+00 1.583470401421112506e+01
3.016608363468849419e+00 1.585177274974750716e+01
3.018166126630982049e+00 1.583792641962674708e+01
3.019723889793114235e+00 1.581835805151641594e+01
3.021281652955246866e+00 1.578981819918825025e+01
3.022839416117378608e+00 1.575105088088127125e+01
3.024397179279511239e+00 1.579666477349547371e+01
3.025954942441643869e+00 1.588616423341847828e+01
3.027512705603775611e+00 1.587935477572406562e+01
3.029070468765908242e+00 1.585115410827782334e+01
3.030628231928040872e+00 1.584449036517389686e+01
3.032185995090173503e+00 1.583566100772726415e+01
3.033743758252305245e+00 1.582470352926091905e+01
3.035301521414437431e+00 1.579564916580648593e+01
3.036859284576570062e+00 1.576786734340682017e+01
3.038417047738699139e+00 1.575470179399014725e+01
3.039974810900831770e+00 1.574170528949922421e+01
3.041532574062963956e+00 1.573163846589836190e+01
3.043090337225096587e+00 1.569852026454177008e+01
3.044648100387228329e+00 1.564323485313275164e+01
3.046205863549360959e+00 1.559666546139068721e+01
3.047763626711493590e+00 1.555143337204545695e+01
3.049321389873625332e+00 1.546829991646322000e+01
3.050879153035757962e+00 1.538817378051627394e+01
3.052436916197890593e+00 1.538823019383569068e+01
3.053994679360023223e+00 1.540709333945485682e+01
3.055552442522154966e+00 1.545253744600226931e+01
3.057110205684287152e+00 1.549401308708400293e+01
3.058667968846419782e+00 1.542198900821350094e+01
3.060225732008548860e+00 1.537861389020053871e+01
3.061783495170681491e+00 1.537865667681536586e+01
3.063341258332813677e+00 1.531575698798233454e+01
3.064899021494946307e+00 1.525941198311508629e+01
3.066456784657078050e+00 1.522213072035841996e+01
3.068014547819210680e+00 1.519305353383721879e+01
3.069572310981343310e+00 1.520671891017580357e+01
3.071130074143475053e+00 1.528617327493402378e+01
3.072687837305607683e+00 1.538701032343496067e+01
3.074245600467740314e+00 1.538726388443703641e+01
3.075803363629872056e+00 1.532569137419051586e+01
3.077361126792004686e+00 1.530845686694076768e+01
3.078918889954136873e+00 1.533176842988880395e+01
3.080476653116269503e+00 1.529550298877523495e+01
3.082034416278398581e+00 1.521442637298701328e+01
3.083592179440531211e+00 1.522078322314199816e+01
3.085149942602663398e+00 1.521436262286488983e+01
3.086707705764795140e+00 1.515925255693984397e+01
3.088265468926927770e+00 1.520612506853131052e+01
3.089823232089060401e+00 1.527774208124575139e+01
3.091380995251193031e+00 1.526831624577000746e+01
3.092938758413324773e+00 1.527243901623178601e+01
3.094496521575457404e+00 1.526639589931165730e+01
3.096054284737590034e+00 1.522466299643639864e+01
3.097612047899721777e+00 1.522611281687941620e+01
3.099169811061854407e+00 1.528453948128428941e+01
3.100727574223986593e+00 1.531371684375055686e+01
3.102285337386119224e+00 1.528670222303070858e+01
3.103843100548248302e+00 1.527607182001854191e+01
3.105400863710380932e+00 1.523486597993296598e+01
3.106958626872513118e+00 1.518613204904528047e+01
3.108516390034644861e+00 1.514893544149207649e+01
3.110074153196777491e+00 1.502336925672798706e+01
3.111631916358910122e+00 1.516249752347426494e+01
3.113189679521042752e+00 1.515017343137438033e+01
3.114747442683174494e+00 1.512511216315790463e+01
3.116305205845307125e+00 1.509950011625203459e+01
3.117862969007439755e+00 1.507333729065677375e+01
3.119420732169571497e+00 1.504662368637211856e+01
3.120978495331704128e+00 1.501935930339806902e+01
3.122536258493836314e+00 1.499154414173462513e+01
3.124094021655968945e+00 1.496317820138179044e+01
3.125651784818098022e+00 1.493426148233955963e+01
3.127209547980230653e+00 1.490479398460793625e+01
3.128767311142362839e+00 1.487477570818692030e+01
3.130325074304494581e+00 1.484420665307650999e+01
3.131882837466627212e+00 1.481308681927670712e+01
3.133440600628759842e+00 1.478141620678750989e+01
3.134998363790892473e+00 1.474919481560892009e+01
3.136556126953024215e+00 1.471642264574093595e+01
3.138113890115156845e+00 1.468309969718355923e+01
3.139671653277289476e+00 1.464922596993678816e+01
3.141229416439421218e+00 1.461480146400062452e+01
3.142787179601553849e+00 1.457982617937506653e+01
3.144344942763686035e+00 1.454430011606011419e+01
3.145902705925818665e+00 1.450822327405576928e+01
3.147460469087947743e+00 1.447159565336203180e+01
3.149018232250080374e+00 1.443441725397889996e+01
3.150575995412212560e+00 1.439668807590637556e+01
3.152133758574344302e+00 1.435840811914445680e+01
3.153691521736476933e+00 1.431957738369314370e+01
3.155249284898609563e+00 1.428019586955243980e+01
3.156807048060742193e+00 1.424026357672233978e+01
3.158364811222873936e+00 1.419978050520284718e+01
3.159922574385006566e+00 1.415874665499396201e+01
3.161480337547139197e+00 1.411716202609568249e+01
3.163038100709270939e+00 1.407502661850801040e+01
3.164595863871403569e+00 1.403234043223094396e+01
3.166153627033535756e+00 1.398910346726448317e+01
3.167711390195668386e+00 1.394531572360862981e+01
3.169269153357797464e+00 1.390097720126338388e+01
3.170826916519929650e+00 1.385608790022874359e+01
3.172384679682062281e+00 1.381064782050470896e+01
3.173942442844194023e+00 1.376465696209128353e+01
3.175500206006326653e+00 1.371811532498846198e+01
3.177057969168459284e+00 1.367102290919624785e+01
3.178615732330591914e+00 1.362337971471464115e+01
3.180173495492723656e+00 1.357518574154364011e+01
3.181731258654856287e+00 1.352644098968324471e+01
3.183289021816988917e+00 1.347714545913345674e+01
3.184846784979120660e+00 1.342729914989427620e+01
3.186404548141253290e+00 1.337690206196570131e+01
3.187962311303385476e+00 1.332595419534773384e+01
3.189520074465518107e+00 1.327445555004037203e+01
