-3.189520074465518107e+00 -1.179070495926509682e-19
-3.187962311303385476e+00 -1.083030389384940464e-19
-3.186404548141253290e+00 -9.894600287091242597e-20
-3.184846784979121104e+00 -8.983594138990610685e-20
-3.183289021816988917e+00 -8.097285449547510112e-20
-3.181731258654856287e+00 -7.235674218761939674e-20
-3.180173495492724101e+00 -6.398760446633899370e-20
-3.178615732330591914e+00 -5.586544133163389201e-20
-3.177057969168459284e+00 -4.799025278350410371e-20
-3.175500206006326653e+00 -4.036203882194961675e-20
-3.173942442844194467e+00 -3.298079944697043114e-20
-3.172384679682062725e+00 -2.584653465856654688e-20
-3.170826916519930094e+00 -1.895924445673797601e-20
-3.169269153357800572e+00 -1.231892884148470648e-20
-3.167711390195668386e+00 -5.925587812806750334e-21
-3.166153627033535756e+00 2.207786292959285359e-22
-3.164595863871403569e+00 6.120170484823281985e-21
-3.163038100709271827e+00 1.177258775377533409e-20
-3.161480337547139197e+00 1.717803043615208484e-20
-3.159922574385006566e+00 2.233649853195353424e-20
-3.158364811222874380e+00 2.724799204117968230e-20
-3.156807048060742193e+00 3.191251096383050494e-20
-3.155249284898609563e+00 3.633005529990605030e-20
-3.153691521736476933e+00 4.050062504940627024e-20
-3.152133758574345190e+00 4.442422021233116476e-20
-3.150575995412213004e+00 4.810084078868078201e-20
-3.149018232250080374e+00 5.153048677845509791e-20
-3.147460469087948187e+00 5.471315818165411246e-20
-3.145902705925818665e+00 5.764885499827782566e-20
-3.144344942763686035e+00 6.033757722832621344e-20
-3.142787179601553849e+00 6.277932487179932395e-20
-3.141229416439422106e+00 6.497409792869710904e-20
-3.139671653277289476e+00 6.692189639901959278e-20
-3.138113890115156845e+00 6.862272028276677517e-20
-3.136556126953024659e+00 7.007656957993865621e-20
-3.134998363790892473e+00 7.128344429053523591e-20
-3.133440600628759842e+00 7.224334441455649018e-20
-3.131882837466627656e+00 7.295626995200246718e-20
-3.130325074304495470e+00 7.342222090287311876e-20
-3.128767311142363283e+00 7.364119726716849307e-20
-3.127209547980230653e+00 7.361319904488854195e-20
-3.125651784818101131e+00 7.333822623603328949e-20
-3.124094021655968945e+00 7.281627884060273567e-20
-3.122536258493836314e+00 7.204735685859685644e-20
-3.120978495331704572e+00 7.103146029001569993e-20
-3.119420732169572386e+00 6.976858913485924208e-20
-3.117862969007439755e+00 6.825874339312745880e-20
-3.116305205845307125e+00 6.650192306482037418e-20
-3.114747442683174938e+00 6.449812814993796414e-20
-3.113189679521042752e+00 6.224735864848027682e-20
-3.111631916358910122e+00 -2.274408686710541001e-19
-3.110074153196777935e+00 8.475666501952801941e-19
-3.108516390034645749e+00 -3.158314547932785033e-18
-3.106958626872513562e+00 1.176829630043607303e-17
-3.105400863710380932e+00 -4.384792258647579344e-17
-3.103843100548248746e+00 1.633661918328451226e-16
-3.102285337386119224e+00 -6.086303485710943613e-16
-3.100727574223986593e+00 2.267377317740377224e-15
-3.099169811061854851e+00 -8.446431917118900033e-15
-3.097612047899722665e+00 3.146317800956635347e-14
-3.096054284737590034e+00 -1.171958470157985915e-13
-3.094496521575457404e+00 4.365185561651352440e-13
-3.092938758413325218e+00 -1.625827898973406811e-12
-3.091380995251193031e+00 6.055197720990345971e-12
-3.089823232089060401e+00 -2.255093244856558412e-11
-3.088265468926928214e+00 8.398149891169221061e-11
-3.086707705764796028e+00 -3.127419988848567377e-10
-3.085149942602663842e+00 1.164589283552623794e-09
-3.083592179440531211e+00 -4.336545394695120398e-09
-3.082034416278401689e+00 1.614730549996811917e-08
-3.080476653116269503e+00 -6.012316286372711346e-08
-3.078918889954137317e+00 2.238564980789582899e-07
-3.077361126792005130e+00 -8.334590392147424478e-07
-3.075803363629872944e+00 3.103030388358348185e-06
-3.074245600467740314e+00 -1.155248876175093635e-05
-3.072687837305607683e+00 4.300841014710552699e-05
-3.071130074143475497e+00 -1.601105995535292840e-04
-3.069572310981343310e+00 5.960410854778470848e-04
-3.068014547819210680e+00 -2.218821109178155393e-03
-3.066456784657078494e+00 8.259598270747268295e-03
-3.064899021494946307e+00 -3.454847696336349472e-02
-3.063341258332814121e+00 -2.088483981274382728e-01
-3.061783495170681491e+00 -3.484264897454856236e-01
-3.060225732008549304e+00 -4.939881843567207609e-01
-3.058667968846419782e+00 -6.059035987988838912e-01
-3.057110205684287596e+00 -6.785470227667957932e-01
-3.055552442522155410e+00 -7.336713325010351117e-01
-3.053994679360023223e+00 -8.141935149094829960e-01
-3.052436916197890593e+00 -9.010031775768554407e-01
-3.050879153035757962e+00 -9.482235149297884025e-01
-3.049321389873625776e+00 -9.878060306868494678e-01
-3.047763626711493590e+00 -1.053141681385415085e+00
-3.046205863549360959e+00 -1.063306886941059570e+00
-3.044648100387228773e+00 -1.005740925104175565e+00
-3.043090337225096587e+00 -9.951883974630566509e-01
-3.041532574062964400e+00 -9.527494750197247342e-01
-3.039974810900831770e+00 -8.517310474490940031e-01
-3.038417047738702248e+00 -7.908065716575691795e-01
-3.036859284576570062e+00 -7.061870631289042244e-01
-3.035301521414437875e+00 -6.089437492381225558e-01
-3.033743758252305689e+00 -5.291144249406354305e-01
-3.032185995090173503e+00 -3.855393614316751094e-01
-3.030628231928040872e+00 -2.389038016109083506e-01
-3.029070468765908242e+00 -1.181332211359980428e-01
-3.027512705603776055e+00 2.144788470984129725e-02
-3.025954942441643869e+00 1.770647222056816739e-01
-3.024397179279511239e+00 3.254584554977300592e-01
-3.022839416117379052e+00 4.934357099556518911e-01
-3.021281652955246866e+00 6.706205783445834401e-01
-3.019723889793114679e+00 8.362947728055336594e-01
-3.018166126630982049e+00 1.016472732336168860e+00
-3.016608363468849863e+00 1.228994644260331226e+00
-3.015050600306720341e+00 1.521849166319614532e+00
-3.013492837144588155e+00 1.829969365401663328e+00
-3.011935073982455968e+00 2.079343288781430932e+00
-3.010377310820323782e+00 2.298330475743021406e+00
-3.008819547658191151e+00 2.521766861665960313e+00
-3.007261784496058521e+00 2.779750885505128721e+00
-3.005704021333926335e+00 3.007749935533927665e+00
-3.004146258171794148e+00 3.212583560552100703e+00
-3.002588495009661518e+00 3.518491702164726398e+00
-3.001030731847529331e+00 3.841592628700942313e+00
-2.999472968685397145e+00 4.107758607276591256e+00
-2.997915205523264959e+00 4.415607985022389492e+00
-2.996357442361132328e+00 4.743289309641410156e+00
-2.994799679199003251e+00 4.989897599370219261e+00
-2.993241916036870620e+00 5.233356795884472668e+00
-2.991684152874738434e+00 5.501113327458201141e+00
-2.990126389712606247e+00 5.753182931704061254e+00
-2.988568626550474061e+00 6.007869374586958244e+00
-2.987010863388341431e+00 6.288851711104710418e+00
-2.985453100226208800e+00 6.574134158308393872e+00
-2.983895337064077058e+00 6.852197312657787087e+00
-2.982337573901944427e+00 7.134361811824915911e+00
-2.980779810739811797e+00 7.411510888508431094e+00
-2.979222047577679611e+00 7.675413117766005655e+00
-2.977664284415547424e+00 7.938354076662173853e+00
-2.976106521253415238e+00 8.188770728641536323e+00
-2.974548758091285716e+00 8.440332698087109620e+00
-2.972990994929153530e+00 8.705839519145330385e+00
-2.971433231767020899e+00 8.967884923217162907e+00
-2.969875468604888713e+00 9.273560947344519079e+00
-2.968317705442756527e+00 9.586991026102278823e+00
-2.966759942280624340e+00 9.838654532395624486e+00
-2.965202179118491710e+00 1.004975127488042830e+01
-2.963644415956359524e+00 1.027022822621005460e+01
-2.962086652794227337e+00 1.048745444922184511e+01
-2.960528889632094707e+00 1.072222131318919480e+01
-2.958971126469962076e+00 1.099757615910898956e+01
-2.957413363307829890e+00 1.124650179403282380e+01
-2.955855600145697704e+00 1.142232816924316019e+01
-2.954297836983565517e+00 1.158783535419624400e+01
-2.952740073821433331e+00 1.179531615632499175e+01
-2.951182310659303809e+00 1.200449099055509450e+01
-2.949624547497171179e+00 1.216566304235505491e+01
-2.948066784335038992e+00 1.235242704706957007e+01
-2.946509021172906806e+00 1.254346636474356202e+01
-2.944951258010774620e+00 1.269751890988070819e+01
-2.943393494848641989e+00 1.284627770137330494e+01
-2.941835731686509803e+00 1.297927757062422138e+01
-2.940277968524377616e+00 1.306396666247637839e+01
-2.938720205362244986e+00 1.315026071684716769e+01
-2.937162442200112356e+00 1.325581621505186369e+01
-2.935604679037980169e+00 1.331945235889335777e+01
-2.934046915875847983e+00 1.341962238104075311e+01
-2.932489152713715796e+00 1.351269472820495565e+01
-2.930931389551586275e+00 1.358454259902233119e+01
-2.929373626389454088e+00 1.367281693282500399e+01
-2.927815863227321458e+00 1.375627978869879975e+01
-2.926258100065189272e+00 1.380530444178020311e+01
-2.924700336903057085e+00 1.380801001235308156e+01
-2.923142573740924899e+00 1.377987958282374592e+01
-2.921584810578792268e+00 1.376005256206967786e+01
-2.920027047416660082e+00 1.372553567219314274e+01
-2.918469284254527896e+00 1.364037631125493633e+01
-2.916911521092395265e+00 1.354093386023638779e+01
-2.915353757930262635e+00 1.342147540663435912e+01
-2.913795994768130448e+00 1.328396877515310059e+01
-2.912238231605998262e+00 1.312875602985832835e+01
-2.910680468443866076e+00 1.289824286279301546e+01
-2.909122705281733889e+00 1.269506835281290158e+01
-2.907564942119604368e+00 1.266480765203927206e+01
-2.906007178957471737e+00 1.263418400865684532e+01
-2.904449415795339107e+00 1.269746612051584655e+01
-2.902891652633207364e+00 1.271533292294920869e+01
-2.901333889471075178e+00 1.263831521890051590e+01
-2.899776126308942548e+00 1.254413779342429436e+01
-2.898218363146810361e+00 1.254562833582873971e+01
-2.896660599984678175e+00 1.262280191629142401e+01
-2.895102836822545544e+00 1.265100300621779716e+01
-2.893545073660412914e+00 1.263782556238256483e+01
-2.891987310498280728e+00 1.265530946884101482e+01
-2.890429547336148985e+00 1.266864152099250163e+01
-2.888871784174016355e+00 1.261898328166700978e+01
-2.887314021011886833e+00 1.263419578902089491e+01
-2.885756257849754647e+00 1.265370600835903936e+01
-2.884198494687622016e+00 1.264064717243623015e+01
-2.882640731525489386e+00 1.269772372236033497e+01
-2.881082968363357644e+00 1.275762343228364060e+01
-2.879525205201225457e+00 1.276593926758374842e+01
-2.877967442039092827e+00 1.274829168988365957e+01
-2.876409678876960641e+00 1.270258536151986384e+01
-2.874851915714828454e+00 1.266646068113488610e+01
-2.873294152552695824e+00 1.267006215987807849e+01
-2.871736389390563193e+00 1.269489518236292369e+01
-2.870178626228431007e+00 1.268511866815746281e+01
-2.868620863066299265e+00 1.267867026906443151e+01
-2.867063099904166634e+00 1.268294291051948619e+01
-2.865505336742034448e+00 1.269926203582687307e+01
-2.863947573579904926e+00 1.275316835434116136e+01
-2.862389810417772296e+00 1.282184720335991557e+01
-2.860832047255639665e+00 1.287974415784910320e+01
-2.859274284093507923e+00 1.284091191342622551e+01
-2.857716520931375737e+00 1.276372994643698533e+01
-2.856158757769243106e+00 1.275883123879984460e+01
-2.854600994607110920e+00 1.279079951080220212e+01
-2.853043231444978733e+00 1.284357786474451402e+01
-2.851485468282846103e+00 1.284366013093651304e+01
-2.849927705120713473e+00 1.284551393269424935e+01
-2.848369941958581286e+00 1.289092788558280844e+01
-2.846812178796449544e+00 1.288485235115991756e+01
-2.845254415634316913e+00 1.286715329730037283e+01
-2.843696652472187392e+00 1.285983702024743813e+01
-2.842138889310055205e+00 1.280025263255075352e+01
-2.840581126147922575e+00 1.270992967779433158e+01
-2.839023362985789944e+00 1.265732333832112211e+01
-2.837465599823658202e+00 1.265107099160734805e+01
-2.835907836661526016e+00 1.263318761517664157e+01
-2.834350073499393385e+00 1.261163581274411349e+01
-2.832792310337261199e+00 1.261996792026106107e+01
-2.831234547175129013e+00 1.261700791117964826e+01
-2.829676784012996382e+00 1.262083382044656865e+01
-2.828119020850864196e+00 1.264255646106241215e+01
-2.826561257688732454e+00 1.262274808860342645e+01
-2.825003494526599823e+00 1.258656991367120348e+01
-2.823445731364467193e+00 1.259729272702493752e+01
-2.821887968202335006e+00 1.259703831611706981e+01
-2.820330205040205485e+00 1.257988690524313746e+01
-2.818772441878072854e+00 1.257834146196962699e+01
-2.817214678715941112e+00 1.258550388701466005e+01
-2.815656915553808926e+00 1.259413585199634333e+01
-2.814099152391676295e+00 1.253189062841081913e+01
-2.812541389229543665e+00 1.242524030204234187e+01
-2.810983626067411478e+00 1.236692864939211312e+01
-2.809425862905279292e+00 1.238018968006101161e+01
-2.807868099743146661e+00 1.240194012971348947e+01
-2.806310336581014475e+00 1.238193706256840620e+01
-2.804752573418882733e+00 1.234456311719939769e+01
-2.803194810256750102e+00 1.224632955603138562e+01
-2.801637047094617472e+00 1.216207887380630659e+01
-2.800079283932487950e+00 1.214203987126097672e+01
-2.798521520770355764e+00 1.211995869641662438e+01
-2.796963757608223133e+00 1.207851557796132980e+01
-2.795405994446091391e+00 1.204923835793084486e+01
-2.793848231283959205e+00 1.205818357232731408e+01
-2.792290468121826574e+00 1.204805535239401060e+01
-2.790732704959693944e+00 1.205166598787976007e+01
-2.789174941797561758e+00 1.205878878600073456e+01
-2.787617178635429571e+00 1.201825458743132735e+01
-2.786059415473296941e+00 1.205044963240584543e+01
-2.784501652311164754e+00 1.215516462260799280e+01
-2.782943889149033012e+00 1.220214562769557709e+01
-2.781386125986900382e+00 1.221866171626888864e+01
-2.779828362824767751e+00 1.226637775443348310e+01
-2.778270599662635565e+00 1.223880097229358022e+01
-2.776712836500506043e+00 1.219578279785552333e+01
-2.775155073338373413e+00 1.214238820065509294e+01
-2.773597310176241670e+00 1.205501295204118506e+01
-2.772039547014109484e+00 1.200267413628819035e+01
-2.770481783851976854e+00 1.197088502219352790e+01
-2.768924020689844223e+00 1.191054312823894001e+01
-2.767366257527712037e+00 1.187819248064752564e+01
-2.765808494365579850e+00 1.185160707259353252e+01
-2.764250731203447220e+00 1.180828031475159534e+01
-2.762692968041315034e+00 1.176883692810064730e+01
-2.761135204879183291e+00 1.173564787714226121e+01
-2.759577441717050661e+00 1.170020059918134692e+01
-2.758019678554918030e+00 1.167030920605764344e+01
-2.756461915392788509e+00 1.168735027406710358e+01
-2.754904152230656322e+00 1.173158840233872091e+01
-2.753346389068523692e+00 1.173641256726564919e+01
-2.751788625906391950e+00 1.171723334807734496e+01
-2.750230862744259763e+00 1.170211661697477190e+01
-2.748673099582127133e+00 1.164811018213608129e+01
-2.747115336419994502e+00 1.165738120663307242e+01
-2.745557573257862316e+00 1.171055554882744154e+01
-2.743999810095730130e+00 1.175164714445647185e+01
-2.742442046933597499e+00 1.175542077662507445e+01
-2.740884283771465313e+00 1.173015277084175523e+01
-2.739326520609333571e+00 1.172442515498662274e+01
-2.737768757447200940e+00 1.173400271177253629e+01
-2.736210994285068310e+00 1.176927574698568968e+01
-2.734653231122936123e+00 1.179474130239177221e+01
-2.733095467960806602e+00 1.179199800144535359e+01
-2.731537704798673971e+00 1.181310744644570576e+01
-2.729979941636542229e+00 1.185020445213334384e+01
-2.728422178474410043e+00 1.185071189389310042e+01
-2.726864415312277412e+00 1.180378594792764702e+01
-2.725306652150144782e+00 1.171074173652364969e+01
-2.723748888988012595e+00 1.166797021593253625e+01
-2.722191125825880409e+00 1.169770213680495807e+01
-2.720633362663747778e+00 1.174693457740217717e+01
-2.719075599501615592e+00 1.181681178087697859e+01
-2.717517836339483850e+00 1.188826707579121411e+01
-2.715960073177351219e+00 1.194822335468686347e+01
-2.714402310015218589e+00 1.199878534863201018e+01
-2.712844546853089067e+00 1.200277624989740133e+01
-2.711286783690956881e+00 1.204316145081095613e+01
-2.709729020528824250e+00 1.211757444929791028e+01
-2.708171257366692508e+00 1.216052583013809851e+01
-2.706613494204560322e+00 1.219962057072403816e+01
-2.705055731042427691e+00 1.220539863100462874e+01
-2.703497967880295061e+00 1.219006152823312306e+01
-2.701940204718162875e+00 1.220084827507331937e+01
-2.700382441556030688e+00 1.220410293428074944e+01
-2.698824678393898058e+00 1.220341068019856223e+01
-2.697266915231765871e+00 1.218716806257406482e+01
-2.695709152069634129e+00 1.219011652946367263e+01
-2.694151388907501499e+00 1.222651057776448447e+01
-2.692593625745368868e+00 1.228412512427782666e+01
-2.691035862583236682e+00 1.222792269664608078e+01
-2.689478099421107160e+00 1.216409714192637637e+01
-2.687920336258974530e+00 1.219115622957581735e+01
-2.686362573096842787e+00 1.219410008906676346e+01
-2.684804809934710601e+00 1.219045902509991564e+01
-2.683247046772577971e+00 1.224582653408258892e+01
-2.681689283610445784e+00 1.225589353157822359e+01
-2.680131520448313154e+00 1.223349838412507573e+01
-2.678573757286180967e+00 1.223581621124477792e+01
-2.677015994124048337e+00 1.221393874981764682e+01
-2.675458230961916151e+00 1.220759495870580658e+01
-2.673900467799784408e+00 1.224135501502621359e+01
-2.672342704637651778e+00 1.220758616043506173e+01
-2.670784941475519592e+00 1.217442223729849893e+01
-2.669227178313389626e+00 1.215296594167624455e+01
-2.667669415151257439e+00 1.213055984384363128e+01
-2.666111651989124809e+00 1.215099448518008352e+01
-2.664553888826993067e+00 1.220230329461661611e+01
-2.662996125664860436e+00 1.222925846977428321e+01
-2.661438362502728250e+00 1.220873698234836802e+01
-2.659880599340596063e+00 1.217420330066556922e+01
-2.658322836178463433e+00 1.217901678729725745e+01
-2.656765073016331247e+00 1.222583049623018603e+01
-2.655207309854199060e+00 1.223805754104825638e+01
-2.653649546692066430e+00 1.220908953307248090e+01
-2.652091783529934688e+00 1.217262183924510133e+01
-2.650534020367802501e+00 1.217536161597043076e+01
-2.648976257205672535e+00 1.220158203317384782e+01
-2.647418494043539905e+00 1.223827472116079385e+01
-2.645860730881407274e+00 1.225731437506549426e+01
-2.644302967719275088e+00 1.228170295700258841e+01
-2.642745204557143346e+00 1.234211000422994786e+01
-2.641187441395010715e+00 1.240120840997654739e+01
-2.639629678232878529e+00 1.242782876735353881e+01
-2.638071915070746343e+00 1.240166379512153050e+01
-2.636514151908614156e+00 1.236984117922010995e+01
-2.634956388746481526e+00 1.238194307663805205e+01
-2.633398625584349340e+00 1.238270904939557937e+01
-2.631840862422216709e+00 1.242052784645428964e+01
-2.630283099260084967e+00 1.241126984953922552e+01
-2.628725336097952781e+00 1.234975361136918792e+01
-2.627167572935820150e+00 1.234377376319908670e+01
-2.625609809773690184e+00 1.234567298456712692e+01
-2.624052046611557554e+00 1.232048775387118056e+01
-2.622494283449425367e+00 1.231372743630282685e+01
-2.620936520287293625e+00 1.231019003759715602e+01
-2.619378757125160995e+00 1.229796541930459064e+01
-2.617820993963028808e+00 1.230553432133384106e+01
-2.616263230800896622e+00 1.226368489534716844e+01
-2.614705467638764436e+00 1.219555926268971469e+01
-2.613147704476631805e+00 1.221081609687731628e+01
-2.611589941314499619e+00 1.221301485315914270e+01
-2.610032178152366988e+00 1.217758046290509455e+01
-2.608474414990235246e+00 1.213170122596150513e+01
-2.606916651828103060e+00 1.209246892974504561e+01
-2.605358888665973094e+00 1.206451990705945576e+01
-2.603801125503840463e+00 1.206833767351149156e+01
-2.602243362341707833e+00 1.206559278016563219e+01
-2.600685599179575647e+00 1.202288213607028844e+01
-2.599127836017443904e+00 1.200787286448613145e+01
-2.597570072855311718e+00 1.203852299140041282e+01
-2.596012309693179088e+00 1.205010317170506617e+01
-2.594454546531046901e+00 1.206793488471802966e+01
-2.592896783368914715e+00 1.207570819587701649e+01
-2.591339020206782084e+00 1.200686071663603194e+01
-2.589781257044649898e+00 1.197171839701571194e+01
-2.588223493882517268e+00 1.198545890679014114e+01
-2.586665730720385969e+00 1.201334847351273005e+01
-2.585107967558253339e+00 1.202992496346222140e+01
-2.583550204396120709e+00 1.200270629219469498e+01
-2.581992441233990743e+00 1.199144675264044047e+01
-2.580434678071858112e+00 1.199573322509935736e+01
-2.578876914909725926e+00 1.196910793918049798e+01
-2.577319151747594184e+00 1.198650701420918807e+01
-2.575761388585461997e+00 1.200861601202652729e+01
-2.574203625423329367e+00 1.196584768579275959e+01
-2.572645862261197180e+00 1.190338961114250793e+01
-2.571088099099064994e+00 1.191308617723741392e+01
-2.569530335936932364e+00 1.197745224528517660e+01
-2.567972572774800177e+00 1.202096530071555236e+01
-2.566414809612667547e+00 1.201263701263211559e+01
-2.564857046450536249e+00 1.197207605796802632e+01
-2.563299283288403618e+00 1.194848135852456217e+01
-2.561741520126273652e+00 1.194769377132381649e+01
-2.560183756964141022e+00 1.192936434408243507e+01
-2.558625993802008391e+00 1.191404768400923331e+01
-2.557068230639876205e+00 1.196570231837408649e+01
-2.555510467477744463e+00 1.197490366813397245e+01
-2.553952704315612277e+00 1.195041880040481708e+01
-2.552394941153479646e+00 1.191218498117932434e+01
-2.550837177991347460e+00 1.183833446258664424e+01
-2.549279414829215273e+00 1.180950410421484342e+01
-2.547721651667082643e+00 1.183300501937467075e+01
-2.546163888504950457e+00 1.182205567301628513e+01
-2.544606125342817826e+00 1.181433262962432984e+01
-2.543048362180686528e+00 1.182977601778359933e+01
-2.541490599018553898e+00 1.181813400144019788e+01
-2.539932835856421267e+00 1.178070562913951136e+01
-2.538375072694291301e+00 1.174712456798436833e+01
-2.536817309532158671e+00 1.168447814611355007e+01
-2.535259546370026484e+00 1.167216591629837019e+01
-2.533701783207894742e+00 1.169010897465963161e+01
-2.532144020045762556e+00 1.167905908439638551e+01
-2.530586256883629925e+00 1.163755493291334986e+01
-2.529028493721497739e+00 1.161840857471085897e+01
-2.527470730559365553e+00 1.157529421207927456e+01
-2.525912967397232922e+00 1.153128649096762359e+01
-2.524355204235100736e+00 1.153070479027150697e+01
-2.522797441072968105e+00 1.155707824432117370e+01
-2.521239677910836807e+00 1.158796083876229410e+01
-2.519681914748704177e+00 1.159434948793603226e+01
-2.518124151586574211e+00 1.155364134677964039e+01
-2.516566388424441580e+00 1.155686781636131322e+01
-2.515008625262308950e+00 1.156593526695983520e+01
-2.513450862100177652e+00 1.156923370259217521e+01
-2.511893098938045021e+00 1.159899891486706558e+01
-2.510335335775912835e+00 1.160850599518455617e+01
-2.508777572613780205e+00 1.161665177865966392e+01
-2.507219809451648018e+00 1.162540562419602885e+01
-2.505662046289515832e+00 1.164106387965471257e+01
-2.504104283127383201e+00 1.163645680235322644e+01
-2.502546519965251015e+00 1.161278682564087106e+01
-2.500988756803118385e+00 1.159466102221507988e+01
-2.499430993640987086e+00 1.161389191062966653e+01
-2.497873230478854456e+00 1.163664076484908172e+01
-2.496315467316721826e+00 1.165062293580987074e+01
-2.494757704154591860e+00 1.168088690431072330e+01
-2.493199940992459229e+00 1.166253502929532715e+01
-2.491642177830327931e+00 1.162123276124656712e+01
-2.490084414668195301e+00 1.163453845300983502e+01
-2.488526651506063114e+00 1.168109801071141440e+01
-2.486968888343930484e+00 1.169016789140862400e+01
-2.485411125181798297e+00 1.169424631912169943e+01
-2.483853362019666111e+00 1.172752929065462091e+01
-2.482295598857533481e+00 1.178391386136753027e+01
-2.480737835695401294e+00 1.183210487306110181e+01
-2.479180072533269552e+00 1.181258979544683818e+01
-2.477622309371137366e+00 1.183499150107304665e+01
-2.476064546209004735e+00 1.188721114348019725e+01
-2.474506783046874769e+00 1.188199427186582291e+01
-2.472949019884742139e+00 1.188250249125151647e+01
-2.471391256722609509e+00 1.187376927528198678e+01
-2.469833493560478210e+00 1.182355751852095338e+01
-2.468275730398345580e+00 1.179671841302816482e+01
-2.466717967236213394e+00 1.180988351344842435e+01
-2.465160204074080763e+00 1.183931016847728301e+01
-2.463602440911948577e+00 1.190984520902333443e+01
-2.462044677749816390e+00 1.197332724129081249e+01
-2.460486914587683760e+00 1.199568495505417687e+01
-2.458929151425551574e+00 1.203036559432103125e+01
-2.457371388263419831e+00 1.206199927080465883e+01
-2.455813625101287645e+00 1.207864038723878686e+01
-2.454255861939155015e+00 1.208605970019363340e+01
-2.452698098777022828e+00 1.213224128565446236e+01
-2.451140335614892418e+00 1.216901843361654123e+01
-2.449582572452759788e+00 1.216954919606245866e+01
-2.448024809290628490e+00 1.211714355480346939e+01
-2.446467046128495859e+00 1.210976281973081470e+01
-2.444909282966363673e+00 1.214613383776990929e+01
-2.443351519804231042e+00 1.218426280836825271e+01
-2.441793756642098856e+00 1.222073239181038851e+01
-2.440235993479966670e+00 1.225740266016966551e+01
-2.438678230317834039e+00 1.228313975016950010e+01
-2.437120467155701853e+00 1.230571956145393742e+01
-2.435562703993570111e+00 1.236703638838157815e+01
-2.434004940831437924e+00 1.237911072180796879e+01
-2.432447177669305294e+00 1.238590822989547746e+01
-2.430889414507174884e+00 1.236309497438575278e+01
-2.429331651345042697e+00 1.227436293341924944e+01
-2.427773888182910067e+00 1.224600645221598860e+01
-2.426216125020778769e+00 1.230740767551113279e+01
-2.424658361858646138e+00 1.229923635973804430e+01
-2.423100598696513952e+00 1.229619067736882876e+01
-2.421542835534381322e+00 1.229862157685549562e+01
-2.419985072372249135e+00 1.227609084763153824e+01
-2.418427309210116949e+00 1.231215669735445140e+01
-2.416869546047984318e+00 1.238243103351621777e+01
-2.415311782885852132e+00 1.238115044669484632e+01
-2.413754019723720390e+00 1.233603037120136925e+01
-2.412196256561588203e+00 1.230709217412494638e+01
-2.410638493399455573e+00 1.236661661029606663e+01
-2.409080730237323387e+00 1.244959436808179909e+01
-2.407522967075192977e+00 1.246081859648459300e+01
-2.405965203913060790e+00 1.245083520295357893e+01
-2.404407440750929048e+00 1.243376255233184224e+01
-2.402849677588796418e+00 1.244033580284287055e+01
-2.401291914426664231e+00 1.242198932517544918e+01
-2.399734151264531601e+00 1.236799425768393768e+01
-2.398176388102399414e+00 1.231305652331374390e+01
-2.396618624940267228e+00 1.231549707278068873e+01
-2.395060861778135042e+00 1.236222008820983476e+01
-2.393503098616002411e+00 1.236610305437565316e+01
-2.391945335453870669e+00 1.232315040256631988e+01
-2.390387572291738483e+00 1.237369682522850844e+01
-2.388829809129605852e+00 1.236427622201255616e+01
-2.387272045967475442e+00 1.230525302364075024e+01
-2.385714282805343256e+00 1.226709975080796156e+01
-2.384156519643211070e+00 1.226203089966930193e+01
-2.382598756481079327e+00 1.227049539722615634e+01
-2.381040993318946697e+00 1.226783902843841645e+01
-2.379483230156814511e+00 1.228712638614899610e+01
-2.377925466994681880e+00 1.227672301502890306e+01
-2.376367703832549694e+00 1.225482396457951140e+01
-2.374809940670417507e+00 1.229811226523135126e+01
-2.373252177508285321e+00 1.229644050059870608e+01
-2.371694414346152691e+00 1.228957435080923410e+01
-2.370136651184020948e+00 1.230817989776524612e+01
-2.368578888021888762e+00 1.235314352487952760e+01
-2.367021124859758352e+00 1.234879405670531227e+01
-2.365463361697623945e+00 1.234672361175470989e+01
-2.363905598535493535e+00 1.238277626346800631e+01
-2.362347835373361349e+00 1.238000889513855718e+01
-2.360790072211229607e+00 1.238651908448985672e+01
-2.359232309049096976e+00 1.239406635054716155e+01
-2.357674545886964790e+00 1.239589179056056523e+01
-2.356116782724832603e+00 1.237062032682858259e+01
-2.354559019562699973e+00 1.235828676450267061e+01
-2.353001256400567787e+00 1.233240116790274676e+01
-2.351443493238435600e+00 1.230295667103674973e+01
-2.349885730076302970e+00 1.228484132280234498e+01
-2.348327966914171228e+00 1.229108719937372740e+01
-2.346770203752039041e+00 1.233755865331913348e+01
-2.345212440589906855e+00 1.234755808081633788e+01
-2.343654677427776001e+00 1.235944242183242814e+01
-2.342096914265643814e+00 1.236037080739814265e+01
-2.340539151103511628e+00 1.237086578515056878e+01
-2.338981387941379886e+00 1.233864202547598765e+01
-2.337423624779247255e+00 1.233145953435641395e+01
-2.335865861617115069e+00 1.240801540930337055e+01
-2.334308098454982883e+00 1.244350970999187389e+01
-2.332750335292850696e+00 1.240349901533837951e+01
-2.331192572130718066e+00 1.237475681914551551e+01
-2.329634808968585880e+00 1.235293274031807975e+01
-2.328077045806453249e+00 1.233494073723560547e+01
-2.326519282644321507e+00 1.232973316534687136e+01
-2.324961519482189320e+00 1.234279603786924895e+01
-2.323403756320058910e+00 1.233466231686499448e+01
-2.321845993157926724e+00 1.234305516934926850e+01
-2.320288229995794094e+00 1.229821517368765527e+01
-2.318730466833661907e+00 1.227521085859192240e+01
-2.317172703671530165e+00 1.231214903642685599e+01
-2.315614940509397535e+00 1.236303132611178413e+01
-2.314057177347265348e+00 1.241836756760240768e+01
-2.312499414185133162e+00 1.246647079640175626e+01
-2.310941651023000976e+00 1.247126089998911880e+01
-2.309383887860868345e+00 1.244105186916266348e+01
-2.307826124698736159e+00 1.242055626337110574e+01
-2.306268361536603528e+00 1.239805993366028503e+01
-2.304710598374471786e+00 1.239211618543290072e+01
-2.303152835212339600e+00 1.238469466780064820e+01
-2.301595072050207413e+00 1.234422903900489743e+01
-2.300037308888077003e+00 1.231529385647632679e+01
-2.298479545725944373e+00 1.227641119341075715e+01
-2.296921782563812187e+00 1.216146852687177038e+01
-2.295364019401680444e+00 1.211435957515702633e+01
-2.293806256239547814e+00 1.211654941411769748e+01
-2.292248493077415628e+00 1.215313185578732380e+01
-2.290690729915283441e+00 1.216321542493490071e+01
-2.289132966753151255e+00 1.214066543224397243e+01
-2.287575203591018624e+00 1.210742223004588958e+01
-2.286017440428886438e+00 1.205877389170749936e+01
-2.284459677266753808e+00 1.205228433942023791e+01
-2.282901914104622954e+00 1.208983372048473370e+01
-2.281344150942490323e+00 1.208221736207382691e+01
-2.279786387780359469e+00 1.203703132680862353e+01
-2.278228624618226839e+00 1.204664337963461307e+01
-2.276670861456094208e+00 1.207081416153950748e+01
-2.275113098293962022e+00 1.208760075514716448e+01
-2.273555335131830724e+00 1.212615158097317902e+01
-2.271997571969698537e+00 1.216167066159495747e+01
-2.270439808807565907e+00 1.214728331899410918e+01
-2.268882045645433720e+00 1.215697676869663368e+01
-2.267324282483301534e+00 1.216496229590722500e+01
-2.265766519321168904e+00 1.217829074956960156e+01
-2.264208756159036717e+00 1.220408814058484204e+01
-2.262650992996904087e+00 1.222148311992480174e+01
-2.261093229834773233e+00 1.220194427158187978e+01
-2.259535466672640602e+00 1.223273960684968031e+01
-2.257977703510507972e+00 1.228488110092686725e+01
-2.256419940348377118e+00 1.231476812463335158e+01
-2.254862177186244487e+00 1.229862204733596087e+01
-2.253304414024112301e+00 1.224344657111488210e+01
-2.251746650861981003e+00 1.220908940848467950e+01
-2.250188887699848816e+00 1.217234718070616672e+01
-2.248631124537716186e+00 1.215378912853433135e+01
-2.247073361375584000e+00 1.215774980054705345e+01
-2.245515598213451813e+00 1.214575949115864617e+01
-2.243957835051319183e+00 1.216219248985301427e+01
-2.242400071889186997e+00 1.218574449083816802e+01
-2.240842308727054366e+00 1.219921550409468303e+01
-2.239284545564923512e+00 1.215441614639980550e+01
-2.237726782402790882e+00 1.212185261480360410e+01
-2.236169019240660027e+00 1.217500489767781957e+01
-2.234611256078527397e+00 1.215947779181442812e+01
-2.233053492916394767e+00 1.216585342233027589e+01
-2.231495729754262580e+00 1.217883301527128737e+01
-2.229937966592131282e+00 1.216532250785418867e+01
-2.228380203429999096e+00 1.214606846296742582e+01
-2.226822440267866465e+00 1.213486618875297651e+01
-2.225264677105734279e+00 1.214466057155537904e+01
-2.223706913943602093e+00 1.214152386658358118e+01
-2.222149150781469462e+00 1.208310656870304989e+01
-2.220591387619337276e+00 1.201356416200979993e+01
-2.219033624457204645e+00 1.197133811548996007e+01
-2.217475861295073791e+00 1.196514024045878521e+01
-2.215918098132941161e+00 1.198182343691571639e+01
-2.214360334970808530e+00 1.198164674274852715e+01
-2.212802571808677676e+00 1.194631847646669520e+01
-2.211244808646545046e+00 1.194389032207044110e+01
-2.209687045484412860e+00 1.191467274570577395e+01
-2.208129282322281561e+00 1.185419760221088303e+01
-2.206571519160149375e+00 1.185957020639161463e+01
-2.205013755998016745e+00 1.181334399967752447e+01
-2.203455992835884558e+00 1.181581994315744133e+01
-2.201898229673752372e+00 1.190034316367024303e+01
-2.200340466511619741e+00 1.195010628525879781e+01
-2.198782703349487555e+00 1.194828121207413929e+01
-2.197224940187354925e+00 1.195684485143294928e+01
-2.195667177025224071e+00 1.192151439792758083e+01
-2.194109413863091440e+00 1.187733355539493729e+01
-2.192551650700960586e+00 1.186708812772277533e+01
-2.190993887538827956e+00 1.183195159573818422e+01
-2.189436124376695325e+00 1.182744223251383531e+01
-2.187878361214564471e+00 1.180638000415553890e+01
-2.186320598052431841e+00 1.181444451991650624e+01
-2.184762834890299654e+00 1.181616323364843346e+01
-2.183205071728167024e+00 1.181329306540686552e+01
-2.181647308566034837e+00 1.181182869128896762e+01
-2.180089545403902651e+00 1.175629680870724769e+01
-2.178531782241770021e+00 1.174456430929230777e+01
-2.176974019079637834e+00 1.177793467937825689e+01
-2.175416255917505204e+00 1.180989178599085143e+01
-2.173858492755374350e+00 1.182864650676769536e+01
-2.172300729593241719e+00 1.180605957082311086e+01
-2.170742966431109089e+00 1.180195569728619809e+01
-2.169185203268978235e+00 1.178999712845387471e+01
-2.167627440106845604e+00 1.179651862384453231e+01
-2.166069676944714750e+00 1.179884532471776204e+01
-2.164511913782582120e+00 1.183327562629954421e+01
-2.162954150620449933e+00 1.186394309678101422e+01
-2.161396387458317303e+00 1.182973931370239917e+01
-2.159838624296185117e+00 1.177934381325564139e+01
-2.158280861134052930e+00 1.175566590756243102e+01
-2.156723097971920300e+00 1.173702372711368724e+01
-2.155165334809788114e+00 1.171918745495635150e+01
-2.153607571647655483e+00 1.170941446911021622e+01
-2.152049808485524629e+00 1.167253988812438692e+01
-2.150492045323391999e+00 1.164769621983166736e+01
-2.148934282161261144e+00 1.166302437524608671e+01
-2.147376518999128514e+00 1.165268234390302027e+01
-2.145818755836995884e+00 1.161348761686390674e+01
-2.144260992674865030e+00 1.158227561165395869e+01
-2.142703229512732399e+00 1.160413532779796242e+01
-2.141145466350600213e+00 1.172515599547743825e+01
-2.139587703188467582e+00 1.178903608296892536e+01
-2.138029940026335396e+00 1.180929945492732891e+01
-2.136472176864203210e+00 1.184407554991294020e+01
-2.134914413702070579e+00 1.189470982940410870e+01
-2.133356650539938393e+00 1.192604899028685672e+01
-2.131798887377807095e+00 1.191828210345830819e+01
-2.130241124215674908e+00 1.195444995806580479e+01
-2.128683361053542278e+00 1.201318120616691054e+01
-2.127125597891409647e+00 1.200337527275256377e+01
-2.125567834729278793e+00 1.201656602638935034e+01
-2.124010071567146163e+00 1.206686752371306603e+01
-2.122452308405015309e+00 1.210689213109439955e+01
-2.120894545242882678e+00 1.214590566166691232e+01
-2.119336782080750492e+00 1.219898549211636229e+01
-2.117779018918617862e+00 1.228076874035269306e+01
-2.116221255756485675e+00 1.231119613346081643e+01
-2.114663492594353489e+00 1.226658973473690040e+01
-2.113105729432220858e+00 1.223492256429100777e+01
-2.111547966270088672e+00 1.224163892674248544e+01
-2.109990203107957374e+00 1.228737749011465041e+01
-2.108432439945825188e+00 1.230676169692306487e+01
-2.106874676783692557e+00 1.231780871200817451e+01
-2.105316913621561703e+00 1.236671967027151098e+01
-2.103759150459429073e+00 1.237686093330095360e+01
-2.102201387297296442e+00 1.236768691050267854e+01
-2.100643624135165588e+00 1.238226602088587214e+01
-2.099085860973032958e+00 1.242330010636365500e+01
-2.097528097810900771e+00 1.248335918272521283e+01
-2.095970334648768141e+00 1.254755006187799360e+01
-2.094412571486635954e+00 1.259130797082026021e+01
-2.092854808324503768e+00 1.259428294024320572e+01
-2.091297045162371138e+00 1.256044505217248641e+01
-2.089739282000238951e+00 1.256131338190334645e+01
-2.088181518838107653e+00 1.260008696138818607e+01
-2.086623755675975467e+00 1.262003341635628395e+01
-2.085065992513842836e+00 1.258382261990557538e+01
-2.083508229351710206e+00 1.262020922709600157e+01
-2.081950466189579352e+00 1.265192681277658693e+01
-2.080392703027446721e+00 1.261348224754437553e+01
-2.078834939865315867e+00 1.256882077055169056e+01
-2.077277176703183237e+00 1.249761902725045815e+01
-2.075719413541051050e+00 1.241650541588134082e+01
-2.074161650378918864e+00 1.241234239685374874e+01
-2.072603887216786234e+00 1.245667670484728085e+01
-2.071046124054654047e+00 1.247387268751590739e+01
-2.069488360892521417e+00 1.246504697966209108e+01
-2.067930597730389231e+00 1.244485059906685542e+01
-2.066372834568257932e+00 1.244568776959457068e+01
-2.064815071406125746e+00 1.246893568498690463e+01
-2.063257308243993116e+00 1.246899512586184500e+01
-2.061699545081862261e+00 1.248432323273621236e+01
-2.060141781919729631e+00 1.249842997042067161e+01
-2.058584018757597445e+00 1.249072086713032448e+01
-2.057026255595466147e+00 1.245945928657836888e+01
-2.055468492433333516e+00 1.243104760072131221e+01
-2.053910729271201330e+00 1.247675507494357383e+01
-2.052352966109069143e+00 1.255198338997482921e+01
-2.050795202946936513e+00 1.254383839344506768e+01
-2.049237439784804327e+00 1.257720815131702885e+01
-2.047679676622672140e+00 1.254802136491704267e+01
-2.046121913460539510e+00 1.247256002013754639e+01
-2.044564150298408212e+00 1.247781633190123962e+01
-2.043006387136276025e+00 1.246880092522625993e+01
-2.041448623974145171e+00 1.242641585953597883e+01
-2.039890860812010764e+00 1.245148628548249370e+01
-2.038333097649879910e+00 1.249485797489129801e+01
-2.036775334487747724e+00 1.251729561101782906e+01
-2.035217571325616426e+00 1.250844651601447488e+01
-2.033659808163483795e+00 1.248485971321408172e+01
-2.032102045001351609e+00 1.245254329359271317e+01
-2.030544281839219423e+00 1.239200932094246177e+01
-2.028986518677086792e+00 1.238060751280204208e+01
-2.027428755514954606e+00 1.240330402010227395e+01
-2.025870992352822419e+00 1.240085860958078356e+01
-2.024313229190689789e+00 1.237313340879851964e+01
-2.022755466028558491e+00 1.231110282466004868e+01
-2.021197702866426305e+00 1.226057880500806441e+01
-2.019639939704293674e+00 1.221414726576184506e+01
-2.018082176542162820e+00 1.214887498506433516e+01
-2.016524413380030190e+00 1.209528986495416802e+01
-2.014966650217898003e+00 1.209409333088509619e+01
-2.013408887055766705e+00 1.213770146731883948e+01
-2.011851123893634075e+00 1.213570718149099292e+01
-2.010293360731501888e+00 1.208108165779878718e+01
-2.008735597569369702e+00 1.205042795456363258e+01
-2.007177834407237071e+00 1.201027250303108573e+01
-2.005620071245104885e+00 1.196395732934787937e+01
-2.004062308082972699e+00 1.194024581990149336e+01
-2.002504544920840068e+00 1.192989675985214681e+01
-2.000946781758709214e+00 1.190870451627897886e+01
-1.999389018596576806e+00 1.190225533423491200e+01
-1.997831255434444175e+00 1.190601376444674742e+01
-1.996273492272312877e+00 1.188718721733938999e+01
-1.994715729110180247e+00 1.190407051252617521e+01
-1.993157965948048282e+00 1.185056614787459495e+01
-1.991600202785917206e+00 1.180044159224127220e+01
-1.990042439623784576e+00 1.185172703313176612e+01
-1.988484676461652167e+00 1.190344270364971457e+01
-1.986926913299519537e+00 1.188886240971058861e+01
-1.985369150137387795e+00 1.183040551572999632e+01
-1.983811386975255164e+00 1.182472100914902313e+01
-1.982253623813122756e+00 1.184726277006135575e+01
-1.980695860650990126e+00 1.186577195571235599e+01
-1.979138097488859271e+00 1.188483816802125403e+01
-1.977580334326727085e+00 1.188849803760672863e+01
-1.976022571164594455e+00 1.194453433826552491e+01
-1.974464808002463156e+00 1.196521976065219661e+01
-1.972907044840330526e+00 1.194835775529420907e+01
-1.971349281678198562e+00 1.198870555734139387e+01
-1.969791518516067486e+00 1.202565860625285055e+01
-1.968233755353934855e+00 1.206024337491067122e+01
-1.966675992191802447e+00 1.209880051190808636e+01
-1.965118229029669816e+00 1.208316888867360461e+01
-1.963560465867538074e+00 1.201831548904234914e+01
-1.962002702705405444e+00 1.196328425317381416e+01
-1.960444939543273035e+00 1.198916648050619038e+01
-1.958887176381141959e+00 1.204354398382068858e+01
-1.957329413219009551e+00 1.212481879528656847e+01
-1.955771650056877364e+00 1.223300270684363333e+01
-1.954213886894744734e+00 1.226267394115816067e+01
-1.952656123732613436e+00 1.227122893875610110e+01
-1.951098360570480805e+00 1.227346063714025703e+01
-1.949540597408348841e+00 1.223188697946243586e+01
-1.947982834246217765e+00 1.219678793359904034e+01
-1.946425071084085134e+00 1.219630684427297673e+01
-1.944867307921952726e+00 1.217911142483527698e+01
-1.943309544759820540e+00 1.213817645505641707e+01
-1.941751781597688353e+00 1.210742419188968988e+01
-1.940194018435555723e+00 1.209318237995021228e+01
-1.938636255273423314e+00 1.211300438555128522e+01
-1.937078492111292238e+00 1.209691744274097225e+01
-1.935520728949159830e+00 1.206495743892340933e+01
-1.933962965787027644e+00 1.200704343219247683e+01
-1.932405202624895013e+00 1.192422503099395215e+01
-1.930847439462763715e+00 1.188000517202961959e+01
-1.929289676300631085e+00 1.185596238117439682e+01
-1.927731913138499120e+00 1.177883136576858014e+01
-1.926174149976368044e+00 1.171180199382377296e+01
-1.924616386814235414e+00 1.165876484309917061e+01
-1.923058623652103005e+00 1.166232293626343264e+01
-1.921500860489970819e+00 1.167017504932787020e+01
-1.919943097327838633e+00 1.176507699830646381e+01
-1.918385334165706002e+00 1.184017415898673953e+01
-1.916827571003573594e+00 1.183966901082472134e+01
-1.915269807841442518e+00 1.183179994223698728e+01
-1.913712044679310109e+00 1.182718375567695546e+01
-1.912154281517177923e+00 1.182958557169233238e+01
-1.910596518355046625e+00 1.184086881148936321e+01
-1.909038755192913994e+00 1.185441183191379011e+01
-1.907480992030781364e+00 1.191389547422580897e+01
-1.905923228868649399e+00 1.192765537788993591e+01
-1.904365465706518323e+00 1.191139206066707956e+01
-1.902807702544385693e+00 1.197333316538345294e+01
-1.901249939382253284e+00 1.204297214357842272e+01
-1.899692176220121098e+00 1.204891678517305564e+01
-1.898134413057988912e+00 1.197373369795309550e+01
-1.896576649895856281e+00 1.186069725384989582e+01
-1.895018886733723873e+00 1.181927654329488320e+01
-1.893461123571592797e+00 1.178682663109494477e+01
-1.891903360409460388e+00 1.180767896657779836e+01
-1.890345597247328202e+00 1.186018993176565850e+01
-1.888787834085195572e+00 1.186872234980267393e+01
-1.887230070923064273e+00 1.188356137211330932e+01
-1.885672307760931643e+00 1.193717442411591989e+01
-1.884114544598799679e+00 1.194654552110641887e+01
-1.882556781436668603e+00 1.193412060441231581e+01
-1.880999018274535972e+00 1.191437544532513293e+01
-1.879441255112403564e+00 1.191273737923396148e+01
-1.877883491950271377e+00 1.190398489388000236e+01
-1.876325728788139191e+00 1.189817253181741918e+01
-1.874767965626006783e+00 1.190657785027554816e+01
-1.873210202463874152e+00 1.185245024990421037e+01
-1.871652439301743298e+00 1.182199959295160063e+01
-1.870094676139610668e+00 1.180376706692414501e+01
-1.868536912977478481e+00 1.179558158986644045e+01
-1.866979149815346517e+00 1.177980098760763461e+01
-1.865421386653214553e+00 1.170637728733359673e+01
-1.863863623491082366e+00 1.171024139462352309e+01
-1.862305860328949736e+00 1.177339216065585603e+01
-1.860748097166818882e+00 1.178919623169410791e+01
-1.859190334004686473e+00 1.174210165707355991e+01
-1.857632570842553843e+00 1.168065043119587898e+01
-1.856074807680421657e+00 1.164773023065087543e+01
-1.854517044518289470e+00 1.166685189255252375e+01
-1.852959281356157062e+00 1.169388497836639829e+01
-1.851401518194024431e+00 1.176439270267547954e+01
-1.849843755031893577e+00 1.180983991694415103e+01
-1.848285991869761391e+00 1.180145759854494258e+01
-1.846728228707628761e+00 1.180908851757178546e+01
-1.845170465545496796e+00 1.183243887022731933e+01
-1.843612702383364832e+00 1.182875994847836054e+01
-1.842054939221232646e+00 1.185057235557760436e+01
-1.840497176059100015e+00 1.194832570468455835e+01
-1.838939412896969161e+00 1.194491806805260303e+01
-1.837381649734836753e+00 1.198975152219335882e+01
-1.835823886572704122e+00 1.204375616001847504e+01
-1.834266123410571936e+00 1.202720003289651274e+01
-1.832708360248439750e+00 1.204826825661450940e+01
-1.831150597086307341e+00 1.212482463215776285e+01
-1.829592833924174711e+00 1.217905992482258348e+01
-1.828035070762043857e+00 1.219130820254150827e+01
-1.826477307599911670e+00 1.220188445518913589e+01
-1.824919544437779040e+00 1.221771473601188340e+01
-1.823361781275647076e+00 1.221091920919322327e+01
-1.821804018113515111e+00 1.218714173187458627e+01
-1.820246254951382925e+00 1.218369298759643726e+01
-1.818688491789250294e+00 1.220497663819244494e+01
-1.817130728627119440e+00 1.224647708269350055e+01
-1.815572965464987032e+00 1.223569420332957414e+01
-1.814015202302854401e+00 1.223545484307496345e+01
-1.812457439140722215e+00 1.226471312907373346e+01
-1.810899675978590029e+00 1.227687378420461251e+01
-1.809341912816457620e+00 1.227881728941865447e+01
-1.807784149654324990e+00 1.231842041566140900e+01
-1.806226386492194136e+00 1.239227647446705838e+01
-1.804668623330061950e+00 1.240766235650930227e+01
-1.803110860167929319e+00 1.243289945912654915e+01
-1.801553097005798021e+00 1.248146191013639239e+01
-1.799995333843665390e+00 1.247231589914916228e+01
-1.798437570681533204e+00 1.247626884156639804e+01
-1.796879807519400574e+00 1.249057591133890988e+01
-1.795322044357269720e+00 1.249838598174996385e+01
-1.793764281195137311e+00 1.256173438354774596e+01
-1.792206518033004681e+00 1.258928373582487303e+01
-1.790648754870872938e+00 1.254063691291482918e+01
-1.789090991708740308e+00 1.255232994178532913e+01
-1.787533228546607900e+00 1.261274148354587155e+01
-1.785975465384475269e+00 1.258809735592549650e+01
-1.784417702222344415e+00 1.253512620806250233e+01
-1.782859939060212229e+00 1.250357257966664370e+01
-1.781302175898079598e+00 1.251046994558814873e+01
-1.779744412735948300e+00 1.250102637748726941e+01
-1.778186649573815670e+00 1.254638333223585001e+01
-1.776628886411683483e+00 1.261189979054721988e+01
-1.775071123249552185e+00 1.261650493930140193e+01
-1.773513360087419999e+00 1.262577167226115016e+01
-1.771955596925287590e+00 1.266838706357699529e+01
-1.770397833763154960e+00 1.271779954282355796e+01
-1.768840070601023218e+00 1.279072383765088539e+01
-1.767282307438890587e+00 1.276518177766876505e+01
-1.765724544276758179e+00 1.277901536241695268e+01
-1.764166781114625993e+00 1.279087837240705205e+01
-1.762609017952494694e+00 1.277063285051345787e+01
-1.761051254790362730e+00 1.276026285265045956e+01
-1.759493491628230100e+00 1.276831483815381141e+01
-1.757935728466098357e+00 1.277067808043902453e+01
-1.756377965303965727e+00 1.278642783105417635e+01
-1.754820202141833763e+00 1.281352428291615020e+01
-1.753262438979702464e+00 1.282077975370093625e+01
-1.751704675817570278e+00 1.280869541951297919e+01
-1.750146912655437870e+00 1.278860434917664435e+01
-1.748589149493305239e+00 1.276741420101271629e+01
-1.747031386331173497e+00 1.270912652952044297e+01
-1.745473623169040867e+00 1.264672914736995857e+01
-1.743915860006908458e+00 1.263546526708687345e+01
-1.742358096844776272e+00 1.267861159599199361e+01
-1.740800333682644974e+00 1.272325626137356558e+01
-1.739242570520513009e+00 1.275100188910354859e+01
-1.737684807358380379e+00 1.273420480704707103e+01
-1.736127044196248637e+00 1.276266764342264182e+01
-1.734569281034116006e+00 1.278421172159530350e+01
-1.733011517871984042e+00 1.273043301175031061e+01
-1.731453754709852744e+00 1.270074702066782102e+01
-1.729895991547720557e+00 1.265185614535403325e+01
-1.728338228385588149e+00 1.259365439386454177e+01
-1.726780465223455518e+00 1.256460081495399450e+01
-1.725222702061323776e+00 1.254039663808571703e+01
-1.723664938899191146e+00 1.252458828087568321e+01
-1.722107175737058737e+00 1.246474545729600791e+01
-1.720549412574926551e+00 1.247459999233036854e+01
-1.718991649412795253e+00 1.246816538151990628e+01
-1.717433886250663289e+00 1.245964404242237045e+01
-1.715876123088530658e+00 1.245088967114371670e+01
-1.714318359926398916e+00 1.243672683829329983e+01
-1.712760596764266285e+00 1.241610794394973460e+01
-1.711202833602134321e+00 1.239662474402277681e+01
-1.709645070440003023e+00 1.245258339469321207e+01
-1.708087307277870837e+00 1.242253551489073971e+01
-1.706529544115738428e+00 1.234870033850847193e+01
-1.704971780953605798e+00 1.232502996978662324e+01
-1.703414017791474055e+00 1.232752165409057277e+01
-1.701856254629341425e+00 1.232325744645943821e+01
-1.700298491467209017e+00 1.232994759639606563e+01
-1.698740728305076830e+00 1.230601519306387637e+01
-1.697182965142945532e+00 1.226105139881999584e+01
-1.695625201980813568e+00 1.221942741999670901e+01
-1.694067438818680937e+00 1.225362227933174353e+01
-1.692509675656549195e+00 1.229597647301456753e+01
-1.690951912494416565e+00 1.230200089562255705e+01
-1.689394149332284600e+00 1.226602510071963081e+01
-1.687836386170153302e+00 1.226855317583127025e+01
-1.686278623008021116e+00 1.227772198402084669e+01
-1.684720859845888707e+00 1.225039264387007165e+01
-1.683163096683756077e+00 1.226253207686067626e+01
-1.681605333521624335e+00 1.223214986361337253e+01
-1.680047570359491704e+00 1.223413428079415155e+01
-1.678489807197359296e+00 1.224809105669583964e+01
-1.676932044035227110e+00 1.227342119311588320e+01
-1.675374280873096255e+00 1.222395721618383035e+01
-1.673816517710963847e+00 1.215248331648749947e+01
-1.672258754548831217e+00 1.212053534642217478e+01
-1.670700991386699474e+00 1.211193750035973160e+01
-1.669143228224566844e+00 1.212663143517074360e+01
-1.667585465062434436e+00 1.217761685284462558e+01
-1.666027701900303581e+00 1.227711782944862939e+01
-1.664469938738171395e+00 1.228717377865018534e+01
-1.662912175576038987e+00 1.229075226661129960e+01
-1.661354412413906356e+00 1.230317308594607972e+01
-1.659796649251774614e+00 1.233708502892067216e+01
-1.658238886089641984e+00 1.238313475546829245e+01
-1.656681122927509575e+00 1.239492571383412134e+01
-1.655123359765377389e+00 1.240934667094571253e+01
-1.653565596603246535e+00 1.246166512028276863e+01
-1.652007833441114126e+00 1.251533455278399032e+01
-1.650450070278981496e+00 1.255218607553198318e+01
-1.648892307116849754e+00 1.255323723189727048e+01
-1.647334543954717123e+00 1.253658658832570971e+01
-1.645776780792584715e+00 1.251973628630204693e+01
-1.644219017630453861e+00 1.250761189177702448e+01
-1.642661254468321674e+00 1.248259424001355455e+01
-1.641103491306189266e+00 1.247309405141938399e+01
-1.639545728144056636e+00 1.245193028900045285e+01
-1.637987964981924893e+00 1.239880581487129518e+01
-1.636430201819792263e+00 1.237759956708654840e+01
-1.634872438657659854e+00 1.241720072816600506e+01
-1.633314675495529444e+00 1.244575827812617419e+01
-1.631756912333396814e+00 1.242175351035285047e+01
-1.630199149171264406e+00 1.244037823997098080e+01
-1.628641386009131775e+00 1.244890826448614973e+01
-1.627083622847000033e+00 1.240507906952056594e+01
-1.625525859684867402e+00 1.238405290922217006e+01
-1.623968096522734994e+00 1.240224495453833420e+01
-1.622410333360604584e+00 1.237517317928708671e+01
-1.620852570198471954e+00 1.232272715949027919e+01
-1.619294807036339545e+00 1.229766293465087479e+01
-1.617737043874207359e+00 1.225685680028039215e+01
-1.616179280712075172e+00 1.224242018770949869e+01
-1.614621517549942542e+00 1.224489128991298337e+01
-1.613063754387810134e+00 1.221697146632596009e+01
-1.611505991225679724e+00 1.223813104643516958e+01
-1.609948228063547093e+00 1.227656805496721049e+01
-1.608390464901414685e+00 1.228116494364346956e+01
-1.606832701739282498e+00 1.228321034799849798e+01
-1.605274938577150312e+00 1.224264000432620492e+01
-1.603717175415017682e+00 1.219946868754334446e+01
-1.602159412252885273e+00 1.221364891159350918e+01
-1.600601649090754863e+00 1.220947848636444988e+01
-1.599043885928622233e+00 1.223111493383160564e+01
-1.597486122766490046e+00 1.223746086058811322e+01
-1.595928359604357638e+00 1.217674108229914154e+01
-1.594370596442225230e+00 1.214430002233545913e+01
-1.592812833280092821e+00 1.212843938160074231e+01
-1.591255070117960635e+00 1.207943039704031385e+01
-1.589697306955829781e+00 1.209020815782884206e+01
-1.588139543793697372e+00 1.207682188821188340e+01
-1.586581780631565186e+00 1.201682298675165050e+01
-1.585024017469432778e+00 1.202406014281022983e+01
-1.583466254307300369e+00 1.206085316221880532e+01
-1.581908491145167961e+00 1.212582575804157514e+01
-1.580350727983035775e+00 1.211199246729730916e+01
-1.578792964820904920e+00 1.208549137349114133e+01
-1.577235201658772512e+00 1.212690868874281769e+01
-1.575677438496640326e+00 1.212954117873117355e+01
-1.574119675334507917e+00 1.210244016997980943e+01
-1.572561912172375509e+00 1.206164158335574044e+01
-1.571004149010243101e+00 1.204976066183054684e+01
-1.569446385848110914e+00 1.206038453595535032e+01
-1.567888622685980060e+00 1.201192986633517634e+01
-1.566330859523847652e+00 1.199646578844175870e+01
-1.564773096361715465e+00 1.195405861839984496e+01
-1.563215333199583057e+00 1.193152658312205183e+01
-1.561657570037450649e+00 1.194120261601716848e+01
-1.560099806875318462e+00 1.189899960323121952e+01
-1.558542043713186054e+00 1.185900171885071508e+01
-1.556984280551055200e+00 1.183988532114920389e+01
-1.555426517388922791e+00 1.184311794036995380e+01
-1.553868754226790605e+00 1.186106047265706565e+01
-1.552310991064658197e+00 1.191378111612222312e+01
-1.550753227902525788e+00 1.192415131383885374e+01
-1.549195464740393602e+00 1.195788991944779411e+01
-1.547637701578261193e+00 1.197699431425198213e+01
-1.546079938416130339e+00 1.199982956383681376e+01
-1.544522175253998153e+00 1.205918995670883476e+01
-1.542964412091865745e+00 1.209188253764602550e+01
-1.541406648929733336e+00 1.207662473521745738e+01
-1.539848885767600928e+00 1.204294902712021376e+01
-1.538291122605468741e+00 1.201954063339040957e+01
-1.536733359443336333e+00 1.199857886271362339e+01
-1.535175596281205479e+00 1.198938208709371267e+01
-1.533617833119073293e+00 1.199476165742249023e+01
-1.532060069956940884e+00 1.201984868248086613e+01
-1.530502306794808476e+00 1.203580105460232019e+01
-1.528944543632676067e+00 1.200267120189619341e+01
-1.527386780470543881e+00 1.196064815823471505e+01
-1.525829017308411473e+00 1.198265232282056836e+01
-1.524271254146280619e+00 1.198975483954533949e+01
-1.522713490984148432e+00 1.200857298073683310e+01
-1.521155727822016024e+00 1.196182980598709378e+01
-1.519597964659883615e+00 1.197445429810430362e+01
-1.518040201497751207e+00 1.203974406249349727e+01
-1.516482438335619021e+00 1.208083746570921413e+01
-1.514924675173486612e+00 1.210955665456785546e+01
-1.513366912011355758e+00 1.210419875779084720e+01
-1.511809148849223572e+00 1.204519243190828526e+01
-1.510251385687091163e+00 1.199004434961567611e+01
-1.508693622524958755e+00 1.200581617443352656e+01
-1.507135859362826347e+00 1.203780822971788567e+01
-1.505578096200694160e+00 1.206016899876962611e+01
-1.504020333038561752e+00 1.211557589861055639e+01
-1.502462569876430898e+00 1.215827037218201312e+01
-1.500904806714298712e+00 1.216892115988978773e+01
-1.499347043552166303e+00 1.216122015143731971e+01
-1.497789280390033895e+00 1.215791583329517955e+01
-1.496231517227901486e+00 1.213989508191739297e+01
-1.494673754065769300e+00 1.210506325498946367e+01
-1.493115990903636892e+00 1.209692529462818378e+01
-1.491558227741506037e+00 1.214235297382030154e+01
-1.490000464579373851e+00 1.214184481674768534e+01
-1.488442701417241443e+00 1.212336252813407711e+01
-1.486884938255109034e+00 1.212596454102697408e+01
-1.485327175092976626e+00 1.213957417229932290e+01
-1.483769411930844440e+00 1.218160574445678535e+01
-1.482211648768712031e+00 1.223879790071439899e+01
-1.480653885606581177e+00 1.228917304368828667e+01
-1.479096122444448991e+00 1.235929381142724459e+01
-1.477538359282316582e+00 1.240444974364925912e+01
-1.475980596120184396e+00 1.243770340688932308e+01
-1.474422832958051766e+00 1.247103503452829898e+01
-1.472865069795919579e+00 1.250270807546147012e+01
-1.471307306633787171e+00 1.254294401701274353e+01
-1.469749543471656317e+00 1.250284797959740679e+01
-1.468191780309524130e+00 1.243865674016617895e+01
-1.466634017147391722e+00 1.245043890129081099e+01
-1.465076253985259536e+00 1.246957686462238613e+01
-1.463518490823126905e+00 1.249728232904677050e+01
-1.461960727660994719e+00 1.258460417501037121e+01
-1.460402964498862532e+00 1.260698686039889260e+01
-1.458845201336731456e+00 1.263086828947663953e+01
-1.457287438174599270e+00 1.263987121740407460e+01
-1.455729675012466862e+00 1.272138875810074232e+01
-1.454171911850334675e+00 1.278066226364352254e+01
-1.452614148688202045e+00 1.277812695091757966e+01
-1.451056385526070081e+00 1.277504055086487256e+01
-1.449498622363939004e+00 1.278627675422273668e+01
-1.447940859201806596e+00 1.276171905455677802e+01
-1.446383096039674410e+00 1.270144105756294195e+01
-1.444825332877542001e+00 1.267761834541665245e+01
-1.443267569715409815e+00 1.267051289586326668e+01
-1.441709806553277184e+00 1.267573613874284888e+01
-1.440152043391145220e+00 1.272688046302635634e+01
-1.438594280229012812e+00 1.276578940447094190e+01
-1.437036517066881736e+00 1.281203315413534050e+01
-1.435478753904749549e+00 1.289422152959521561e+01
-1.433920990742617141e+00 1.291553376916694695e+01
-1.432363227580484955e+00 1.296103956358400744e+01
-1.430805464418352324e+00 1.308361344631230594e+01
-1.429247701256220360e+00 1.315475380732596378e+01
-1.427689938094089284e+00 1.315543657954707157e+01
-1.426132174931956875e+00 1.315702695181149906e+01
-1.424574411769824689e+00 1.317366271905457609e+01
-1.423016648607692280e+00 1.318135502305846174e+01
-1.421458885445560094e+00 1.315223709389789875e+01
-1.419901122283427464e+00 1.312342138657454882e+01
-1.418343359121295499e+00 1.311503028399801707e+01
-1.416785595959163091e+00 1.322075170199724248e+01
-1.415227832797032015e+00 1.329160189438277229e+01
-1.413670069634899829e+00 1.329078436292875232e+01
-1.412112306472767420e+00 1.334056060778873309e+01
-1.410554543310635234e+00 1.340062829180761206e+01
-1.408996780148502603e+00 1.341183951131229257e+01
-1.407439016986370639e+00 1.343793272404589878e+01
-1.405881253824239563e+00 1.344769479044879112e+01
-1.404323490662107154e+00 1.343127066990598983e+01
-1.402765727499975190e+00 1.341384054255265212e+01
-1.401207964337842560e+00 1.343048399480439059e+01
-1.399650201175710373e+00 1.341604508079986857e+01
-1.398092438013577743e+00 1.339889179884172421e+01
-1.396534674851445779e+00 1.338378087434352537e+01
-1.394976911689313370e+00 1.333302687169515899e+01
-1.393419148527182294e+00 1.325811181800794536e+01
-1.391861385365050330e+00 1.324867073831915754e+01
-1.390303622202917699e+00 1.322669198153413639e+01
-1.388745859040785513e+00 1.314585899023426308e+01
-1.387188095878652883e+00 1.310947065868847439e+01
-1.385630332716520918e+00 1.311959458654280120e+01
-1.384072569554389842e+00 1.312737394803305513e+01
-1.382514806392257434e+00 1.307332512096173538e+01
-1.380957043230125469e+00 1.304746546677071883e+01
-1.379399280067992839e+00 1.304169233773208170e+01
-1.377841516905860653e+00 1.305091524267676739e+01
-1.376283753743728244e+00 1.299533613926714359e+01
-1.374725990581596058e+00 1.293465919504899908e+01
-1.373168227419463649e+00 1.289649628711016405e+01
-1.371610464257332573e+00 1.289312229942118471e+01
-1.370052701095200609e+00 1.282746762111608696e+01
-1.368494937933067979e+00 1.280901584608306365e+01
-1.366937174770935792e+00 1.277184636986134869e+01
-1.365379411608803384e+00 1.271566965663247828e+01
-1.363821648446671198e+00 1.264882693996830021e+01
-1.362263885284540121e+00 1.259717919527600749e+01
-1.360706122122407713e+00 1.259316118737528889e+01
-1.359148358960275749e+00 1.256550304602790291e+01
-1.357590595798143118e+00 1.251552043157634841e+01
-1.356032832636010932e+00 1.251235291214368850e+01
-1.354475069473878523e+00 1.249478947290481301e+01
-1.352917306311746337e+00 1.245305006088405442e+01
-1.351359543149613929e+00 1.243793817385481049e+01
-1.349801779987482853e+00 1.242423100331473584e+01
-1.348244016825350888e+00 1.235355750513629047e+01
-1.346686253663218258e+00 1.223962365415502340e+01
-1.345128490501086072e+00 1.215603528303157077e+01
-1.343570727338953663e+00 1.210649255745023822e+01
-1.342012964176821477e+00 1.204461050789634413e+01
-1.340455201014690401e+00 1.198754430241475610e+01
-1.338897437852557992e+00 1.188648147268159327e+01
-1.337339674690426028e+00 1.187042618780046155e+01
-1.335781911528293397e+00 1.182438016918271728e+01
-1.334224148366161211e+00 1.180896574130037457e+01
-1.332666385204028803e+00 1.180896303278086812e+01
-1.331108622041896838e+00 1.179175692650277796e+01
-1.329550858879764208e+00 1.178691919183827252e+01
-1.327993095717633132e+00 1.174156956315092337e+01
-1.326435332555500946e+00 1.170207816134645462e+01
-1.324877569393368537e+00 1.169332852291821645e+01
-1.323319806231236351e+00 1.162150806257475821e+01
-1.321762043069103942e+00 1.150742117311726709e+01
-1.320204279906971978e+00 1.145591347279418493e+01
-1.318646516744840680e+00 1.139330962873880182e+01
-1.317088753582708271e+00 1.134847244089665708e+01
-1.315530990420576085e+00 1.130505528676096638e+01
-1.313973227258443677e+00 1.129355973946737812e+01
-1.312415464096311490e+00 1.131154623024023564e+01
-1.310857700934179082e+00 1.131585942119808408e+01
-1.309299937772047118e+00 1.132433317914519932e+01
-1.307742174609915820e+00 1.129734802147221018e+01
-1.306184411447783411e+00 1.128699220194259745e+01
-1.304626648285651225e+00 1.132972578688780985e+01
-1.303068885123519038e+00 1.132173567062365649e+01
-1.301511121961386630e+00 1.135832901479441404e+01
-1.299953358799254222e+00 1.129681621312650464e+01
-1.298395595637122257e+00 1.120716800648681932e+01
-1.296837832474990959e+00 1.117766002417369187e+01
-1.295280069312858551e+00 1.116648848625225909e+01
-1.293722306150726364e+00 1.117452934531260311e+01
-1.292164542988594178e+00 1.123687924103133540e+01
-1.290606779826461770e+00 1.132645112147443989e+01
-1.289049016664329361e+00 1.136780520068869116e+01
-1.287491253502197397e+00 1.137456862152667725e+01
-1.285933490340066099e+00 1.142646805308528180e+01
-1.284375727177933690e+00 1.144757707502965083e+01
-1.282817964015801504e+00 1.145355887257060701e+01
-1.281260200853669318e+00 1.147884845767839046e+01
-1.279702437691536909e+00 1.150960937258197703e+01
-1.278144674529404501e+00 1.152711819424807693e+01
-1.276586911367272537e+00 1.154914679057015370e+01
-1.275029148205141238e+00 1.154167339306266449e+01
-1.273471385043008830e+00 1.151660769255141226e+01
-1.271913621880876644e+00 1.150880700089955333e+01
-1.270355858718744457e+00 1.155253813490986303e+01
-1.268798095556612049e+00 1.160577157439222873e+01
-1.267240332394479640e+00 1.164227133027931771e+01
-1.265682569232347676e+00 1.167690178517570665e+01
-1.264124806070216378e+00 1.170820322444795991e+01
-1.262567042908083970e+00 1.173525648868789339e+01
-1.261009279745952005e+00 1.171064382443894303e+01
-1.259451516583819597e+00 1.169684365508909707e+01
-1.257893753421687189e+00 1.168773761941692158e+01
-1.256335990259554780e+00 1.171425897635017321e+01
-1.254778227097422816e+00 1.171307387762827901e+01
-1.253220463935291518e+00 1.171835815195573183e+01
-1.251662700773159109e+00 1.172810421797442260e+01
-1.250104937611027145e+00 1.171378870639027880e+01
-1.248547174448894737e+00 1.174032685610642091e+01
-1.246989411286762328e+00 1.179836981410032770e+01
-1.245431648124629920e+00 1.184606933616146662e+01
-1.243873884962497955e+00 1.190273617319244792e+01
-1.242316121800366657e+00 1.191600298335799657e+01
-1.240758358638234249e+00 1.190694789377619855e+01
-1.239200595476102285e+00 1.193710306822904244e+01
-1.237642832313969876e+00 1.201044115084812169e+01
-1.236085069151837468e+00 1.208506035425068426e+01
-1.234527305989705503e+00 1.207179953095027436e+01
-1.232969542827573095e+00 1.205544405843491518e+01
-1.231411779665441797e+00 1.208341494414087158e+01
-1.229854016503309388e+00 1.211666840641302834e+01
-1.228296253341177424e+00 1.214269611483072886e+01
-1.226738490179045016e+00 1.218809147318909325e+01
-1.225180727016912607e+00 1.220280854313314123e+01
-1.223622963854780643e+00 1.214733365759472505e+01
-1.222065200692648235e+00 1.209655013435999393e+01
-1.220507437530516937e+00 1.208805719464613837e+01
-1.218949674368384972e+00 1.209171868121263138e+01
-1.217391911206252564e+00 1.214569376775033938e+01
-1.215834148044120155e+00 1.216971694376244173e+01
-1.214276384881987747e+00 1.224214389456459351e+01
-1.212718621719855783e+00 1.226255528090429792e+01
-1.211160858557723374e+00 1.226567987253462633e+01
-1.209603095395592076e+00 1.228527909900320303e+01
-1.208045332233460112e+00 1.228736796900857442e+01
-1.206487569071327703e+00 1.228062702703832976e+01
-1.204929805909195295e+00 1.223934915662513490e+01
-1.203372042747063109e+00 1.225541342406203782e+01
-1.201814279584930922e+00 1.230126330107663080e+01
-1.200256516422798514e+00 1.232334505671299851e+01
-1.198698753260667216e+00 1.234129462476581196e+01
-1.197140990098535251e+00 1.234637946131799069e+01
-1.195583226936402843e+00 1.231011863144777507e+01
-1.194025463774270435e+00 1.226491243667227238e+01
-1.192467700612138248e+00 1.222780985290349420e+01
-1.190909937450006062e+00 1.221370560365848590e+01
-1.189352174287874764e+00 1.223610320536491969e+01
-1.187794411125742355e+00 1.225779845686945713e+01
-1.186236647963610391e+00 1.224918335508081668e+01
-1.184678884801477983e+00 1.223181567301666028e+01
-1.183121121639345574e+00 1.228285652341538103e+01
-1.181563358477213166e+00 1.229126768228455013e+01
-1.180005595315080758e+00 1.230207240888756282e+01
-1.178447832152949015e+00 1.231346868250737181e+01
-1.176890068990817495e+00 1.231191662584410906e+01
-1.175332305828685531e+00 1.230538880787803890e+01
-1.173774542666553122e+00 1.229107500288198906e+01
-1.172216779504420714e+00 1.228244797995518844e+01
-1.170659016342288306e+00 1.225879900803445111e+01
-1.169101253180156563e+00 1.224837537102051854e+01
-1.167543490018025043e+00 1.220184537129172142e+01
-1.165985726855892635e+00 1.223509355531994558e+01
-1.164427963693760670e+00 1.222004622390296547e+01
-1.162870200531628262e+00 1.220293051578783938e+01
-1.161312437369495854e+00 1.218861307684777451e+01
-1.159754674207363445e+00 1.219776242429345992e+01
-1.158196911045231703e+00 1.224768753803444099e+01
-1.156639147883099294e+00 1.225490523524544351e+01
-1.155081384720967774e+00 1.223760300799174772e+01
-1.153523621558835810e+00 1.223824041441333677e+01
-1.151965858396703402e+00 1.226162049144837063e+01
-1.150408095234570993e+00 1.225139102760208765e+01
-1.148850332072438585e+00 1.220181215881292403e+01
-1.147292568910306843e+00 1.213499195662425301e+01
-1.145734805748175322e+00 1.214791805738845909e+01
-1.144177042586042914e+00 1.213747454877295517e+01
-1.142619279423910950e+00 1.214428407898196660e+01
-1.141061516261778541e+00 1.216230773162626733e+01
-1.139503753099646133e+00 1.214375893657658523e+01
-1.137945989937513724e+00 1.215321465566101544e+01
-1.136388226775382204e+00 1.214578215072167389e+01
-1.134830463613249574e+00 1.210571729831991661e+01
-1.133272700451117831e+00 1.212070336942730009e+01
-1.131714937288986089e+00 1.219282687182549196e+01
-1.130157174126853681e+00 1.219886761605651770e+01
-1.128599410964721272e+00 1.213064986225818842e+01
-1.127041647802589086e+00 1.214656094584013779e+01
-1.125483884640457344e+00 1.218192521115812355e+01
-1.123926121478325602e+00 1.215865964758812190e+01
-1.122368358316192971e+00 1.216203250136674718e+01
-1.120810595154061229e+00 1.215673871952564689e+01
-1.119252831991928820e+00 1.216800472770006891e+01
-1.117695068829796412e+00 1.219222951330282712e+01
-1.116137305667664226e+00 1.219848268958422466e+01
-1.114579542505532483e+00 1.215468723402950069e+01
-1.113021779343399853e+00 1.210845385343516156e+01
-1.111464016181268111e+00 1.208017344686227545e+01
-1.109906253019136368e+00 1.207383018304574485e+01
-1.108348489857003960e+00 1.212825733905508407e+01
-1.106790726694871552e+00 1.215528862949220823e+01
-1.105232963532739365e+00 1.221854604340710893e+01
-1.103675200370607623e+00 1.224290199631433929e+01
-1.102117437208475881e+00 1.228242148119622357e+01
-1.100559674046343250e+00 1.225778994890018936e+01
-1.099001910884211508e+00 1.224742312974822234e+01
-1.097444147722079100e+00 1.226785785853670951e+01
-1.095886384559946913e+00 1.227535093600659089e+01
-1.094328621397814505e+00 1.228158890792805735e+01
-1.092770858235682763e+00 1.228114320605433996e+01
-1.091213095073550132e+00 1.230774893064456776e+01
-1.089655331911418390e+00 1.233769692633410919e+01
-1.088097568749286648e+00 1.235277445457256462e+01
-1.086539805587154239e+00 1.231197422489258031e+01
-1.084982042425022053e+00 1.227992699182991565e+01
-1.083424279262889645e+00 1.231154098988781520e+01
-1.081866516100757902e+00 1.231937355141215207e+01
-1.080308752938626160e+00 1.231571067311931600e+01
-1.078750989776493530e+00 1.236930177642330619e+01
-1.077193226614361787e+00 1.242560434807985104e+01
-1.075635463452229379e+00 1.244753229834640962e+01
-1.074077700290097193e+00 1.244881196231390952e+01
-1.072519937127964784e+00 1.245303892080505292e+01
-1.070962173965833042e+00 1.246306058221390600e+01
-1.069404410803700411e+00 1.249541306595510726e+01
-1.067846647641568669e+00 1.255884093836275817e+01
-1.066288884479436927e+00 1.260439262178401165e+01
-1.064731121317304519e+00 1.272943975003360428e+01
-1.063173358155172332e+00 1.277891491397630830e+01
-1.061615594993039924e+00 1.271868129757486443e+01
-1.060057831830908182e+00 1.271807139870570680e+01
-1.058500068668776439e+00 1.268948215548697078e+01
-1.056942305506643809e+00 1.265692093023019105e+01
-1.055384542344512067e+00 1.266762743271289438e+01
-1.053826779182379880e+00 1.265817333018371471e+01
-1.052269016020247472e+00 1.263811587944140413e+01
-1.050711252858115063e+00 1.263635221904914019e+01
-1.049153489695983321e+00 1.265014907454802362e+01
-1.047595726533850691e+00 1.262875239611409128e+01
-1.046037963371718948e+00 1.253908866743872785e+01
-1.044480200209587206e+00 1.248305961904543437e+01
-1.042922437047455020e+00 1.248403286997822548e+01
-1.041364673885322611e+00 1.244543112972104559e+01
-1.039806910723190203e+00 1.244384736775007383e+01
-1.038249147561058461e+00 1.243629579856593637e+01
-1.036691384398926719e+00 1.242287702329615051e+01
-1.035133621236794088e+00 1.243463334205962134e+01
-1.033575858074662346e+00 1.241075088296083528e+01
-1.032018094912530159e+00 1.235085438013694770e+01
-1.030460331750397751e+00 1.231948100111238276e+01
-1.028902568588265343e+00 1.231537399092503016e+01
-1.027344805426133600e+00 1.233606473461882302e+01
-1.025787042264000970e+00 1.229026194058180188e+01
-1.024229279101869228e+00 1.227755949922471324e+01
-1.022671515939737485e+00 1.223913159040641929e+01
-1.021113752777605299e+00 1.220472661053715591e+01
-1.019555989615472891e+00 1.222244520860488315e+01
-1.017998226453340482e+00 1.219452602667531060e+01
-1.016440463291208740e+00 1.218307400774962268e+01
-1.014882700129076998e+00 1.219783307811018958e+01
-1.013324936966944367e+00 1.220062933098555824e+01
-1.011767173804812847e+00 1.227456927197184910e+01
-1.010209410642680439e+00 1.224468868550670564e+01
-1.008651647480548030e+00 1.218505205833576177e+01
-1.007093884318415622e+00 1.218839328267458200e+01
-1.005536121156283880e+00 1.220083283728288492e+01
-1.003978357994151249e+00 1.217684655399897586e+01
-1.002420594832019507e+00 1.215235142673811808e+01
-1.000862831669887987e+00 1.219021270540776847e+01
-9.993050685077555784e-01 1.218463363880669448e+01
-9.977473053456231700e-01 1.214288789835949878e+01
-9.961895421834906506e-01 1.211250507391441467e+01
-9.946317790213591303e-01 1.207621630537242474e+01
-9.930740158592271660e-01 1.205161646078676796e+01
-9.915162526970945356e-01 1.207186287460843310e+01
-9.899584895349631264e-01 1.200076129516703460e+01
-9.884007263728307180e-01 1.200042165805872152e+01
-9.868429632106983096e-01 1.203619211317688098e+01
-9.852852000485657902e-01 1.205609762873593205e+01
-9.837274368864342700e-01 1.206391462701145478e+01
-9.821696737243016395e-01 1.206181047389202732e+01
-9.806119105621696752e-01 1.206852305014953863e+01
-9.790541474000382660e-01 1.208097796188148543e+01
-9.774963842379058576e-01 1.206527176233386101e+01
-9.759386210757734492e-01 1.198967658695305794e+01
-9.743808579136409298e-01 1.190269845185767394e+01
-9.728230947515094096e-01 1.192962011662561572e+01
-9.712653315893774453e-01 1.193928032983227006e+01
-9.697075684272459251e-01 1.190853288686491140e+01
-9.681498052651134056e-01 1.190301008570717478e+01
-9.665920421029809972e-01 1.185993443188444019e+01
-9.650342789408485888e-01 1.182718337015469956e+01
-9.634765157787160694e-01 1.181470970573525925e+01
-9.619187526165845492e-01 1.182327770846099568e+01
-9.603609894544519188e-01 1.186203449282594846e+01
-9.588032262923210647e-01 1.184735513743653001e+01
-9.572454631301885453e-01 1.189309962073646965e+01
-9.556876999680561369e-01 1.189408350219427923e+01
-9.541299368059237285e-01 1.190115986132639314e+01
-9.525721736437912091e-01 1.191839494719906334e+01
-9.510144104816596888e-01 1.196494955071492505e+01
-9.494566473195277245e-01 1.196100965792255089e+01
-9.478988841573962043e-01 1.194504884273450429e+01
-9.463411209952636849e-01 1.189840565536280970e+01
-9.447833578331312765e-01 1.187244514221729652e+01
-9.432255946709988681e-01 1.189759569319070387e+01
-9.416678315088663487e-01 1.191640202458328446e+01
-9.401100683467348285e-01 1.191781752049443810e+01
-9.385523051846025311e-01 1.191548526230227090e+01
-9.369945420224713439e-01 1.187501830610728248e+01
-9.354367788603388245e-01 1.181394190573298886e+01
-9.338790156982064161e-01 1.178441859927112922e+01
-9.323212525360740077e-01 1.178922558270581433e+01
-9.307634893739414883e-01 1.181970029291782787e+01
-9.292057262118099681e-01 1.183667298524872180e+01
-9.276479630496780038e-01 1.184642793997206311e+01
-9.260901998875464836e-01 1.186014678422685620e+01
-9.245324367254139641e-01 1.184332091164288236e+01
-9.229746735632815557e-01 1.182728631768193850e+01
-9.214169104011491473e-01 1.181007448991329234e+01
-9.198591472390166279e-01 1.177642410158181718e+01
-9.183013840768851077e-01 1.180940569783396832e+01
-9.167436209147531434e-01 1.184524097131610709e+01
-9.151858577526216232e-01 1.183578824810823171e+01
-9.136280945904891038e-01 1.182447294177250896e+01
-9.120703314283566954e-01 1.182630696204248189e+01
-9.105125682662242870e-01 1.181043313094098934e+01
-9.089548051040917676e-01 1.174531930679805036e+01
-9.073970419419602473e-01 1.175429692174723861e+01
-9.058392787798282830e-01 1.182400971634218934e+01
-9.042815156176967628e-01 1.183757643758235467e+01
-9.027237524555642434e-01 1.186218941605372379e+01
-9.011659892934318350e-01 1.189269299187308171e+01
-8.996082261312994266e-01 1.186961394535345526e+01
-8.980504629691669072e-01 1.187318737703166072e+01
-8.964926998070353870e-01 1.190855199121898522e+01
-8.949349366449034227e-01 1.191562377717342969e+01
-8.933771734827719024e-01 1.194589674819232350e+01
-8.918194103206393830e-01 1.197631093701946980e+01
-8.902616471585069746e-01 1.204688396017444774e+01
-8.887038839963745662e-01 1.208116981645076571e+01
-8.871461208342422688e-01 1.205468073587582012e+01
-8.855883576721108597e-01 1.209439276699763077e+01
-8.840305945099784513e-01 1.212453806454429284e+01
-8.824728313478468200e-01 1.215708382352479688e+01
-8.809150681857145226e-01 1.219851526708192324e+01
-8.793573050235821142e-01 1.220641065958463933e+01
-8.777995418614497058e-01 1.219662890721512838e+01
-8.762417786993174085e-01 1.217702999937417552e+01
-8.746840155371859993e-01 1.217447028280826338e+01
-8.731262523750535909e-01 1.221447912555992232e+01
-8.715684892129219596e-01 1.214725034415046245e+01
-8.700107260507896623e-01 1.218209952531670481e+01
-8.684529628886572539e-01 1.224715732466173179e+01
-8.668951997265248455e-01 1.229859189968790822e+01
-8.653374365643925481e-01 1.234443386661598296e+01
-8.637796734022611389e-01 1.235392787688185834e+01
-8.622219102401287305e-01 1.237784593404569655e+01
-8.606641470779970993e-01 1.240208786976623934e+01
-8.591063839158648019e-01 1.242175845379402688e+01
-8.575486207537323935e-01 1.237964736749536954e+01
-8.559908575915999851e-01 1.232092335214320755e+01
-8.544330944294686869e-01 1.233793183416946704e+01
-8.528753312673362785e-01 1.237186135503357498e+01
-8.513175681052038701e-01 1.236947226338159744e+01
-8.497598049430722389e-01 1.237569405477865381e+01
-8.482020417809399415e-01 1.237125103409698035e+01
-8.466442786188075331e-01 1.233490790701618245e+01
-8.450865154566751247e-01 1.228395585177063509e+01
-8.435287522945438266e-01 1.225255879062495268e+01
-8.419709891324114182e-01 1.224428488571352069e+01
-8.404132259702790098e-01 1.227772329963580411e+01
-8.388554628081473785e-01 1.231248390669936654e+01
-8.372976996460150811e-01 1.235149228988683845e+01
-8.357399364838826727e-01 1.239706679271371925e+01
-8.341821733217502643e-01 1.242931072535580839e+01
-8.326244101596189662e-01 1.242415313469709659e+01
-8.310666469974865578e-01 1.241194103180500008e+01
-8.295088838353541494e-01 1.239132708348881096e+01
-8.279511206732225181e-01 1.237062698305896014e+01
-8.263933575110902208e-01 1.234513884906795234e+01
-8.248355943489578124e-01 1.233872510246074938e+01
-8.232778311868254040e-01 1.230846548281906117e+01
-8.217200680246941058e-01 1.230435547393182460e+01
-8.201623048625616974e-01 1.229644376912390236e+01
-8.186045417004292890e-01 1.234216397964806511e+01
-8.170467785382976578e-01 1.238310919362389129e+01
-8.154890153761653604e-01 1.235559833091599380e+01
-8.139312522140329520e-01 1.233421443926874872e+01
-8.123734890519008767e-01 1.237531226345303281e+01
-8.108157258897692454e-01 1.241966938234517848e+01
-8.092579627276368370e-01 1.244061655218113316e+01
-8.077001995655044286e-01 1.243718459850511593e+01
-8.061424364033727974e-01 1.246827100508212993e+01
-8.045846732412405000e-01 1.244968423321440909e+01
-8.030269100791080916e-01 1.245756795495248603e+01
-8.014691469169760163e-01 1.245346956486374701e+01
-7.999113837548443851e-01 1.244981854998766480e+01
-7.983536205927119767e-01 1.245545186490958578e+01
-7.967958574305795683e-01 1.245764147154401158e+01
-7.952380942684479370e-01 1.244493372354054017e+01
-7.936803311063156396e-01 1.240398077233776419e+01
-7.921225679441832312e-01 1.237017271856784539e+01
-7.905648047820511559e-01 1.239229489282620555e+01
-7.890070416199195247e-01 1.242146175637365957e+01
-7.874492784577871163e-01 1.239907550900570143e+01
-7.858915152956547079e-01 1.236696917650429839e+01
-7.843337521335230766e-01 1.230770325306782098e+01
-7.827759889713907793e-01 1.228456237839198195e+01
-7.812182258092583709e-01 1.231887531121024892e+01
-7.796604626471262955e-01 1.236385846483429418e+01
-7.781026994849946643e-01 1.232983242049463257e+01
-7.765449363228622559e-01 1.225970830944115875e+01
-7.749871731607298475e-01 1.225493137497590723e+01
-7.734294099985982163e-01 1.228952396938188940e+01
-7.718716468364659189e-01 1.229326952236996817e+01
-7.703138836743337325e-01 1.229326015076774858e+01
-7.687561205122014352e-01 1.230979431597599572e+01
-7.671983573500698039e-01 1.233682766429445365e+01
-7.656405941879373955e-01 1.236797926925810032e+01
-7.640828310258049871e-01 1.237074643705309640e+01
-7.625250678636733559e-01 1.234619313668730811e+01
-7.609673047015410585e-01 1.233137801528426536e+01
-7.594095415394088722e-01 1.235241646197991017e+01
-7.578517783772765748e-01 1.233551942302093352e+01
-7.562940152151449436e-01 1.231921719336014220e+01
-7.547362520530125352e-01 1.238989364203663257e+01
-7.531784888908801268e-01 1.243082283657071585e+01
-7.516207257287484955e-01 1.241776374802128657e+01
-7.500629625666161981e-01 1.239834144752983391e+01
-7.485051994044840118e-01 1.238943717420078272e+01
-7.469474362423517144e-01 1.236821005038244081e+01
-7.453896730802200832e-01 1.230590588956982323e+01
-7.438319099180876748e-01 1.227335399052099518e+01
-7.422741467559552664e-01 1.226221531352740435e+01
-7.407163835938236351e-01 1.229388734372977865e+01
-7.391586204316913378e-01 1.235517920074618914e+01
-7.376008572695591514e-01 1.233747780181334441e+01
-7.360430941074268540e-01 1.228649968192200781e+01
-7.344853309452952228e-01 1.224380173838962982e+01
-7.329275677831628144e-01 1.222768144302696491e+01
-7.313698046210304060e-01 1.223415415511556326e+01
-7.298120414588987748e-01 1.220254318575442909e+01
-7.282542782967666994e-01 1.217280757965012761e+01
-7.266965151346342910e-01 1.215752718335207128e+01
-7.251387519725019937e-01 1.212597699640849491e+01
-7.235809888103703624e-01 1.209760441821317478e+01
-7.220232256482379540e-01 1.210960666448277401e+01
-7.204654624861055456e-01 1.213140399451272344e+01
-7.189076993239739144e-01 1.218237004921936695e+01
-7.173499361618418391e-01 1.220009285209785510e+01
-7.157921729997094307e-01 1.223295999502513887e+01
-7.142344098375771333e-01 1.222780593259330573e+01
-7.126766466754455021e-01 1.218138272597445315e+01
-7.111188835133130937e-01 1.216982440479797134e+01
-7.095611203511806853e-01 1.217511587005458473e+01
-7.080033571890490540e-01 1.213482597694243381e+01
-7.064455940269169787e-01 1.208803147105654574e+01
-7.048878308647845703e-01 1.205819126007791375e+01
-7.033300677026522729e-01 1.204145291935797779e+01
-7.017723045405206417e-01 1.204785195212347837e+01
-7.002145413783882333e-01 1.204917401745962735e+01
-6.986567782162558249e-01 1.203588451480246313e+01
-6.970990150541245267e-01 1.202992939350007084e+01
-6.955412518919921183e-01 1.205228446517330632e+01
-6.939834887298597099e-01 1.208643982082066337e+01
-6.924257255677274125e-01 1.210452806200511233e+01
-6.908679624055957813e-01 1.211621262568550073e+01
-6.893101992434633729e-01 1.210999653256163100e+01
-6.877524360813309645e-01 1.215281520021835959e+01
-6.861946729191996663e-01 1.220157850893857443e+01
-6.846369097570672579e-01 1.221611059149929623e+01
-6.830791465949348495e-01 1.223358033869115324e+01
-6.815213834328025522e-01 1.225813547566787065e+01
-6.799636202706709209e-01 1.228403044464496574e+01
-6.784058571085385125e-01 1.231005845681520761e+01
-6.768480939464061041e-01 1.232066538808610723e+01
-6.752903307842748060e-01 1.233355048318358627e+01
-6.737325676221423976e-01 1.230349753230780330e+01
-6.721748044600099892e-01 1.231948493699539071e+01
-6.706170412978776918e-01 1.234837213426476943e+01
-6.690592781357460606e-01 1.232050543345447302e+01
-6.675015149736136522e-01 1.236326729230390065e+01
-6.659437518114812438e-01 1.238789749740867485e+01
-6.643859886493499456e-01 1.241276721256516424e+01
-6.628282254872175372e-01 1.243648226221800712e+01
-6.612704623250851288e-01 1.244230699961741138e+01
-6.597126991629528314e-01 1.248167492257426403e+01
-6.581549360008212002e-01 1.252308903262730055e+01
-6.565971728386887918e-01 1.251580357585092074e+01
-6.550394096765573826e-01 1.252554476505692804e+01
-6.534816465144250852e-01 1.254414981694382902e+01
-6.519238833522926768e-01 1.258013967482364670e+01
-6.503661201901602684e-01 1.249773621314019856e+01
-6.488083570280279710e-01 1.251581230839757630e+01
-6.472505938658963398e-01 1.257172910020010015e+01
-6.456928307037639314e-01 1.252996393179870260e+01
-6.441350675416325222e-01 1.256784388503833583e+01
-6.425773043795002248e-01 1.264363769820786310e+01
-6.410195412173678164e-01 1.263677220629191744e+01
-6.394617780552354080e-01 1.261743154027779035e+01
-6.379040148931031107e-01 1.262349167829333041e+01
-6.363462517309714794e-01 1.260080764073435056e+01
-6.347884885688390710e-01 1.255659441335965276e+01
-6.332307254067076618e-01 1.252822691823805634e+01
-6.316729622445753645e-01 1.248872402225286216e+01
-6.301151990824429561e-01 1.245009657521813651e+01
-6.285574359203105477e-01 1.247786147112672062e+01
-6.269996727581782503e-01 1.251314933394409934e+01
-6.254419095960466191e-01 1.254496203852663960e+01
-6.238841464339142107e-01 1.255167689146834320e+01
-6.223263832717828015e-01 1.253314843168906734e+01
-6.207686201096505041e-01 1.253600294054748154e+01
-6.192108569475180957e-01 1.253282862056184754e+01
-6.176530937853856873e-01 1.252350041955243398e+01
-6.160953306232533899e-01 1.255973565688030646e+01
-6.145375674611217587e-01 1.258608565483122455e+01
-6.129798042989895723e-01 1.257624216766892644e+01
-6.114220411368578301e-01 1.253163385983192413e+01
-6.098642779747256437e-01 1.248115970612814962e+01
-6.083065148125932353e-01 1.250484781449749327e+01
-6.067487516504608269e-01 1.247642579199113300e+01
-6.051909884883286406e-01 1.244926112312987065e+01
-6.036332253261968983e-01 1.244882621534213030e+01
-6.020754621640647120e-01 1.247285266847898200e+01
-6.005176990019329697e-01 1.252407908692788396e+01
-5.989599358398007833e-01 1.256302718237095206e+01
-5.974021726776683749e-01 1.256155072899351133e+01
-5.958444095155359665e-01 1.253722255642525596e+01
-5.942866463534037802e-01 1.253358898797680077e+01
-5.927288831912720379e-01 1.253653858478717531e+01
-5.911711200291398516e-01 1.254688111399873840e+01
-5.896133568670081093e-01 1.257712636561928043e+01
-5.880555937048759230e-01 1.261105477109845019e+01
-5.864978305427435146e-01 1.264925452559095653e+01
-5.849400673806111062e-01 1.268393711740120544e+01
-5.833823042184789198e-01 1.270568759098272693e+01
-5.818245410563471776e-01 1.272275657135728544e+01
-5.802667778942149912e-01 1.276042911578604233e+01
-5.787090147320832489e-01 1.280297122921111708e+01
-5.771512515699510626e-01 1.279438632459517500e+01
-5.755934884078186542e-01 1.280328703143623770e+01
-5.740357252456862458e-01 1.286609600166126910e+01
-5.724779620835540594e-01 1.288884015000900263e+01
-5.709201989214225392e-01 1.286686515642203510e+01
-5.693624357592901308e-01 1.289396137713466928e+01
-5.678046725971583886e-01 1.294865364604233271e+01
-5.662469094350262022e-01 1.295692131392723745e+01
-5.646891462728937938e-01 1.296893396906687812e+01
-5.631313831107613854e-01 1.298705981251407415e+01
-5.615736199486291991e-01 1.303028247135180528e+01
-5.600158567864976789e-01 1.308066388536083124e+01
-5.584580936243652705e-01 1.312076635160005189e+01
-5.569003304622335282e-01 1.312279786836997886e+01
-5.553425673001013418e-01 1.313663006515525566e+01
-5.537848041379689334e-01 1.314332174667076103e+01
-5.522270409758365250e-01 1.316030100875571840e+01
-5.506692778137043387e-01 1.321700735332154508e+01
-5.491115146515728185e-01 1.327606882621939022e+01
-5.475537514894404101e-01 1.331911876738839240e+01
-5.459959883273086678e-01 1.337455880803800490e+01
-5.444382251651764815e-01 1.347226722582063729e+01
-5.428804620030440731e-01 1.353147451236067766e+01
-5.413226988409116647e-01 1.356186267593389871e+01
-5.397649356787794783e-01 1.360491534724160090e+01
-5.382071725166479581e-01 1.361594600920539477e+01
-5.366494093545155497e-01 1.365750432538579950e+01
-5.350916461923838074e-01 1.370093676102679581e+01
-5.335338830302516211e-01 1.375966944141806891e+01
-5.319761198681192127e-01 1.382437065292922185e+01
-5.304183567059868043e-01 1.384332988738850112e+01
-5.288605935438555061e-01 1.381715829235309201e+01
-5.273028303817230977e-01 1.377692795433125639e+01
-5.257450672195906893e-01 1.372905903463853150e+01
-5.241873040574589471e-01 1.370652318158069072e+01
-5.226295408953267607e-01 1.371365683695265680e+01
-5.210717777331943523e-01 1.370335742147726954e+01
-5.195140145710619439e-01 1.362177880441964462e+01
-5.179562514089306458e-01 1.359757784185142349e+01
-5.163984882467982374e-01 1.353987895985539147e+01
-5.148407250846658290e-01 1.347787141564116098e+01
-5.132829619225340867e-01 1.351649290105254231e+01
-5.117251987604019003e-01 1.354145352113207856e+01
-5.101674355982694919e-01 1.354878533765564796e+01
-5.086096724361370836e-01 1.356634821160302806e+01
-5.070519092740057854e-01 1.355130977510909673e+01
-5.054941461118733770e-01 1.356982106365314245e+01
-5.039363829497409686e-01 1.357354132037598049e+01
-5.023786197876092263e-01 1.348800546307482406e+01
-5.008208566254770400e-01 1.340514716078371649e+01
-4.992630934633446316e-01 1.338355843431076408e+01
-4.977053303012121677e-01 1.338314367408612959e+01
-4.961475671390809805e-01 1.332347602509966933e+01
-4.945898039769485166e-01 1.330668157977496868e+01
-4.930320408148160527e-01 1.325086006659867621e+01
-4.914742776526843104e-01 1.320536699736676312e+01
-4.899165144905522351e-01 1.324179493718277811e+01
-4.883587513284197712e-01 1.330435902523910663e+01
-4.868009881662878624e-01 1.330577868068526293e+01
-4.852432250041561201e-01 1.331020079468367534e+01
-4.836854618420236562e-01 1.327566297744191459e+01
-4.821276986798911923e-01 1.321661743344531459e+01
-4.805699355177594501e-01 1.324692695272337417e+01
-4.790121723556273747e-01 1.330889471220277542e+01
-4.774544091934949108e-01 1.330740413885300022e+01
-4.758966460313630020e-01 1.325621562012451982e+01
-4.743388828692312598e-01 1.324777949954853717e+01
-4.727811197070987959e-01 1.328402102980444255e+01
-4.712233565449663319e-01 1.326152109141221835e+01
-4.696655933828344232e-01 1.321942205632724843e+01
-4.681078302207025144e-01 1.317076546969226492e+01
-4.665500670585700504e-01 1.315857783452015184e+01
-4.649923038964383082e-01 1.317061698498931932e+01
-4.634345407343063994e-01 1.314674429270749734e+01
-4.618767775721739355e-01 1.312413225800233896e+01
-4.603190144100414716e-01 1.306182231269269778e+01
-4.587612512479095628e-01 1.300797689891953546e+01
-4.572034880857776540e-01 1.296595551051188444e+01
-4.556457249236453566e-01 1.297646798895036824e+01
-4.540879617615134478e-01 1.304443806251020632e+01
-4.525301985993815390e-01 1.306186381097164251e+01
-4.509724354372490751e-01 1.311461146389024535e+01
-4.494146722751166112e-01 1.319264688758836179e+01
-4.478569091129847024e-01 1.321191405253689410e+01
-4.462991459508527936e-01 1.317710319600760016e+01
-4.447413827887204962e-01 1.316160741141959356e+01
-4.431836196265885874e-01 1.314495781459173784e+01
-4.416258564644565676e-01 1.310471981969197763e+01
-4.400680933023242147e-01 1.312444933478422726e+01
-4.385103301401918618e-01 1.313817310887845302e+01
-4.369525669780598420e-01 1.314152742774384564e+01
-4.353948038159278222e-01 1.316675361174829106e+01
-4.338370406537957469e-01 1.321983953785202281e+01
-4.322792774916637271e-01 1.326498497708144519e+01
-4.307215143295317072e-01 1.329062833824360368e+01
-4.291637511673993544e-01 1.333922422130058116e+01
-4.276059880052670015e-01 1.332643654680975409e+01
-4.260482248431349817e-01 1.329877190294980771e+01
-4.244904616810029618e-01 1.331294399916810178e+01
-4.229326985188708865e-01 1.334355127333464353e+01
-4.213749353567388667e-01 1.336894776036296939e+01
-4.198171721946068469e-01 1.336344637759881060e+01
-4.182594090324744940e-01 1.334375306155907381e+01
-4.167016458703421411e-01 1.336248210251545565e+01
-4.151438827082101213e-01 1.344687246642538092e+01
-4.135861195460783790e-01 1.351612360590503137e+01
-4.120283563839460261e-01 1.352098432839552444e+01
-4.104705932218140063e-01 1.352036494302070935e+01
-4.089128300596819865e-01 1.357099801624887547e+01
-4.073550668975496336e-01 1.361348925305703261e+01
-4.057973037354172807e-01 1.361856541636361051e+01
-4.042395405732852609e-01 1.364497909356272132e+01
-4.026817774111535186e-01 1.372242825300323688e+01
-4.011240142490211658e-01 1.383121901009962507e+01
-3.995662510868891459e-01 1.387713349367610682e+01
-3.980084879247571261e-01 1.389582143117223545e+01
-3.964507247626247732e-01 1.394744835007794492e+01
-3.948929616004924203e-01 1.398877569502969997e+01
-3.933351984383604005e-01 1.400026158588417324e+01
-3.917774352762286583e-01 1.399072856897617001e+01
-3.902196721140963054e-01 1.399122921441939482e+01
-3.886619089519642856e-01 1.397596310715230494e+01
-3.871041457898322657e-01 1.393517052986250171e+01
-3.855463826276999129e-01 1.391267878040027561e+01
-3.839886194655675600e-01 1.387978246193564402e+01
-3.824308563034355402e-01 1.388308393896230974e+01
-3.808730931413037979e-01 1.387091921377040471e+01
-3.793153299791714450e-01 1.386392028459310133e+01
-3.777575668170394252e-01 1.383252532176140015e+01
-3.761998036549074054e-01 1.373245696384190850e+01
-3.746420404927750525e-01 1.368299258717329359e+01
-3.730842773306426996e-01 1.369382198043539844e+01
-3.715265141685112904e-01 1.368180460397913478e+01
-3.699687510063789375e-01 1.369450572562090507e+01
-3.684109878442465846e-01 1.371458359324661203e+01
-3.668532246821145648e-01 1.371453322417362841e+01
-3.652954615199825450e-01 1.373413943768121470e+01
-3.637376983578501921e-01 1.376788316231219866e+01
-3.621799351957178392e-01 1.376526104376516990e+01
-3.606221720335864300e-01 1.377910597588228647e+01
-3.590644088714540771e-01 1.384791004618153387e+01
-3.575066457093217243e-01 1.389001015691628282e+01
-3.559488825471897044e-01 1.388857036293365610e+01
-3.543911193850576846e-01 1.388638278589395725e+01
-3.528333562229253317e-01 1.385824251317153966e+01
-3.512755930607929789e-01 1.386646114459219348e+01
-3.497178298986615697e-01 1.385371849997974714e+01
-3.481600667365292168e-01 1.386143618428790347e+01
-3.466023035743968639e-01 1.396053355187769185e+01
-3.450445404122648441e-01 1.400615699945995019e+01
-3.434867772501328242e-01 1.401158720954371439e+01
-3.419290140880004714e-01 1.401655634057273581e+01
-3.403712509258681185e-01 1.406284636736448057e+01
-3.388134877637367093e-01 1.415220380777949671e+01
-3.372557246016043564e-01 1.420577833646020594e+01
-3.356979614394720035e-01 1.422417611411585447e+01
-3.341401982773399837e-01 1.425769853511905794e+01
-3.325824351152079639e-01 1.427213541347920334e+01
-3.310246719530756110e-01 1.426419249712702708e+01
-3.294669087909438687e-01 1.431593219179553422e+01
-3.279091456288118489e-01 1.441150653739904364e+01
-3.263513824666794960e-01 1.445485411081243043e+01
-3.247936193045471431e-01 1.444256956783222101e+01
-3.232358561424151233e-01 1.440971190000037971e+01
-3.216780929802831035e-01 1.440335033404853782e+01
-3.201203298181507506e-01 1.446793889954475354e+01
-3.185625666560190083e-01 1.450588456656172731e+01
-3.170048034938869885e-01 1.452111261757250027e+01
-3.154470403317546356e-01 1.453302496553329703e+01
-3.138892771696222828e-01 1.454728559521297626e+01
-3.123315140074902629e-01 1.457863814727057594e+01
-3.107737508453582431e-01 1.461306625259782344e+01
-3.092159876832258902e-01 1.462111697010402622e+01
-3.076582245210941480e-01 1.466704469208949568e+01
-3.061004613589620726e-01 1.472677843934922493e+01
-3.045426981968297753e-01 1.477411145333311104e+01
-3.029849350346974779e-01 1.478256765815206109e+01
-3.014271718725654026e-01 1.477170054007784650e+01
-2.998694087104333272e-01 1.477105738198343587e+01
-2.983116455483013629e-01 1.477134086343066777e+01
-2.967538823861692876e-01 1.481980580816074067e+01
-2.951961192240372123e-01 1.482494574287334110e+01
-2.936383560619049149e-01 1.479041523764839994e+01
-2.920805928997726175e-01 1.485974612278337403e+01
-2.905228297376405422e-01 1.498663941577498271e+01
-2.889650665755084669e-01 1.510162705532420269e+01
-2.874073034133765026e-01 1.522945023718817659e+01
-2.858495402512444272e-01 1.538142397625580493e+01
-2.842917770891123519e-01 1.547388102304741864e+01
-2.827340139269800545e-01 1.553598589761955751e+01
-2.811762507648477571e-01 1.562209654082615096e+01
-2.796184876027156818e-01 1.569214165170624042e+01
-2.780607244405836065e-01 1.573640757103468246e+01
-2.765029612784516422e-01 1.578972056779723587e+01
-2.749451981163195669e-01 1.588608062633619689e+01
-2.733874349541874915e-01 1.594868962245891808e+01
-2.718296717920551941e-01 1.602065936588993722e+01
-2.702719086299228968e-01 1.610022083753340283e+01
-2.687141454677908214e-01 1.613612654434219706e+01
-2.671563823056587461e-01 1.619136455324546375e+01
-2.655986191435267818e-01 1.629130399185062217e+01
-2.640408559813947065e-01 1.642707740454853393e+01
-2.624830928192626311e-01 1.656691353598461802e+01
-2.609253296571303338e-01 1.659831568367433974e+01
-2.593675664949980364e-01 1.663641749746507870e+01
-2.578098033328659611e-01 1.668112712440251855e+01
-2.562520401707342188e-01 1.675267620289654857e+01
-2.546942770086019214e-01 1.690651591789007568e+01
-2.531365138464698461e-01 1.704273038767192006e+01
-2.515787506843377708e-01 1.709802397643337812e+01
-2.500209875222054734e-01 1.713028194308633445e+01
-2.484632243600732038e-01 1.719437357481869455e+01
-2.469054611979411007e-01 1.721613373804731140e+01
-2.453476980358093584e-01 1.731045670874229359e+01
-2.437899348736770888e-01 1.744370539900197059e+01
-2.422321717115449857e-01 1.752199872527017988e+01
-2.406744085494128826e-01 1.763550856872544514e+01
-2.391166453872806130e-01 1.778750274510191431e+01
-2.375588822251483434e-01 1.791862033029431700e+01
-2.360011190630162403e-01 1.801142293736520372e+01
-2.344433559008844981e-01 1.805785591942915858e+01
-2.328855927387523117e-01 1.809698707534726836e+01
-2.313278295766201254e-01 1.826946469469146805e+01
-2.297700664144879390e-01 1.846420880174933643e+01
-2.282123032523557526e-01 1.859052986963436283e+01
-2.266545400902235663e-01 1.871765938591508771e+01
-2.250967769280913799e-01 1.878163080653319739e+01
-2.235390137659596377e-01 1.877173915713224162e+01
-2.219812506038274513e-01 1.887883916836305076e+01
-2.204234874416952650e-01 1.910922438736571394e+01
-2.188657242795630786e-01 1.928196648686407499e+01
-2.173079611174308923e-01 1.938364604593308371e+01
-2.157501979552987059e-01 1.951165164080781622e+01
-2.141924347931669637e-01 1.962549236612469983e+01
-2.126346716310347773e-01 1.967349639290425856e+01
-2.110769084689025910e-01 1.970942881053801798e+01
-2.095191453067704046e-01 1.974056989045242005e+01
-2.079613821446382183e-01 1.989320208654221034e+01
-2.064036189825060319e-01 2.015434124413801342e+01
-2.048458558203738455e-01 2.040861486841634687e+01
-2.032880926582421033e-01 2.055698716220927480e+01
-2.017303294961099169e-01 2.062037381977960493e+01
-2.001725663339777306e-01 2.071114097381735419e+01
-1.986148031718455442e-01 2.087583946939834689e+01
-1.970570400097133579e-01 2.103122437271879974e+01
-1.954992768475811715e-01 2.123045224159670141e+01
-1.939415136854489852e-01 2.140947558736430523e+01
-1.923837505233172429e-01 2.152342551444007768e+01
-1.908259873611850566e-01 2.159149333019426464e+01
-1.892682241990528702e-01 2.169022354727515633e+01
-1.877104610369206839e-01 2.182825102900118353e+01
-1.861526978747884975e-01 2.202387048938494019e+01
-1.845949347126563111e-01 2.221131586338699293e+01
-1.830371715505241248e-01 2.241862074743455224e+01
-1.814794083883923825e-01 2.260355357276457866e+01
-1.799216452262601962e-01 2.284957848796787516e+01
-1.783638820641280098e-01 2.302122037719651004e+01
-1.768061189019958235e-01 2.321710765842572499e+01
-1.752483557398636371e-01 2.343121013629544791e+01
-1.736905925777314508e-01 2.353945959867666460e+01
-1.721328294155997085e-01 2.363167063104638999e+01
-1.705750662534675222e-01 2.375839768636293314e+01
-1.690173030913353358e-01 2.391289396308039272e+01
-1.674595399292031495e-01 2.406079826165894175e+01
-1.659017767670709631e-01 2.420334467497547948e+01
-1.643440136049387768e-01 2.440604044094632386e+01
-1.627862504428065904e-01 2.466296618526368434e+01
-1.612284872806748481e-01 2.491304663423852261e+01
-1.596707241185426618e-01 2.517264682167395051e+01
-1.581129609564104754e-01 2.545684944096282720e+01
-1.565551977942782891e-01 2.571108277533580022e+01
-1.549974346321461027e-01 2.593264210863716812e+01
-1.534396714700139164e-01 2.624374431249933082e+01
-1.518819083078817300e-01 2.656317727355240521e+01
-1.503241451457499878e-01 2.676798034114422009e+01
-1.487663819836178014e-01 2.703672185068962719e+01
-1.472086188214856151e-01 2.730639504888290148e+01
-1.456508556593534287e-01 2.763224740655774525e+01
-1.440930924972212424e-01 2.798750833100502433e+01
-1.425353293350890560e-01 2.833218208028138108e+01
-1.409775661729568697e-01 2.864848732118722197e+01
-1.394198030108251274e-01 2.895471856661329113e+01
-1.378620398486929410e-01 2.925990916505423911e+01
-1.363042766865607547e-01 2.951322898138151984e+01
-1.347465135244285683e-01 2.980054834194926627e+01
-1.331887503622963820e-01 3.010105177245235453e+01
-1.316309872001641956e-01 3.034139123653403303e+01
-1.300732240380324534e-01 3.056956637717281566e+01
-1.285154608759002670e-01 3.085964942853487969e+01
-1.269576977137680807e-01 3.118428026985939283e+01
-1.253999345516358943e-01 3.150081752287100656e+01
-1.238421713895037080e-01 3.183786887540327726e+01
-1.222844082273715216e-01 3.220191827408125107e+01
-1.207266450652393353e-01 3.253672233024184379e+01
-1.191688819031075930e-01 3.288564133623263075e+01
-1.176111187409754066e-01 3.315131221930423067e+01
-1.160533555788432203e-01 3.346281859433492656e+01
-1.144955924167110339e-01 3.381852622036103639e+01
-1.129378292545788476e-01 3.418132788998084948e+01
-1.113800660924466612e-01 3.457710160814684031e+01
-1.098223029303144749e-01 3.497428983335456820e+01
-1.082645397681827326e-01 3.532118591771830296e+01
-1.067067766060505463e-01 3.568317420519766614e+01
-1.051490134439183599e-01 3.618003717474016412e+01
-1.035912502817861736e-01 3.663266136669075479e+01
-1.020334871196539872e-01 3.713140658827950347e+01
-1.004757239575218009e-01 3.753869316026253244e+01
-9.891796079538961450e-02 3.793693081688844870e+01
-9.736019763325787224e-02 3.835325974200124932e+01
-9.580243447112568589e-02 3.873999942524530837e+01
-9.424467130899349954e-02 3.917041312374334439e+01
-9.268690814686131318e-02 3.965983352667640816e+01
-9.112914498472912683e-02 4.019456522721525005e+01
-8.957138182259694048e-02 4.057353344787311755e+01
-8.801361866046519822e-02 4.094783966601627156e+01
-8.645585549833301187e-02 4.140929241783072712e+01
-8.489809233620082551e-02 4.185702004656066322e+01
-8.334032917406863916e-02 4.224557163727177311e+01
-8.178256601193645281e-02 4.264043342255495617e+01
-8.022480284980426646e-02 4.315466783411772411e+01
-7.866703968767208011e-02 4.365921374497830953e+01
-7.710927652554033784e-02 4.416952180856968369e+01
-7.555151336340815149e-02 4.454564101076798011e+01
-7.399375020127596514e-02 4.485594553827169761e+01
-7.243598703914377879e-02 4.531259270965887254e+01
-7.087822387701159244e-02 4.581668188204081105e+01
-6.932046071487940608e-02 4.634637085805732681e+01
-6.776269755274721973e-02 4.687612990782442779e+01
-6.620493439061547747e-02 4.732997054053506503e+01
-6.464717122848329112e-02 4.779399394837056292e+01
-6.308940806635110476e-02 4.830792474571617845e+01
-6.153164490421891841e-02 4.865689564209168338e+01
-5.997388174208673206e-02 4.899558625059493266e+01
-5.841611857995454571e-02 4.947743319611824830e+01
-5.685835541782280345e-02 5.002624806023305837e+01
-5.530059225569061709e-02 5.058598608126862928e+01
-5.374282909355843074e-02 5.120991941746425624e+01
-5.218506593142624439e-02 5.175969367460654524e+01
-5.062730276929405804e-02 5.227263018882077716e+01
-4.906953960716187169e-02 5.280506887588867926e+01
-4.751177644502968533e-02 5.344987615782475388e+01
-4.595401328289794307e-02 5.422433988647370739e+01
-4.439625012076575672e-02 5.497223208678646245e+01
-4.283848695863357037e-02 5.560116074147914134e+01
-4.128072379650138402e-02 5.621290188122421227e+01
-3.972296063436919766e-02 5.679378594789351098e+01
-3.816519747223701131e-02 5.738331902988429079e+01
-3.660743431010482496e-02 5.791546334069366964e+01
-3.504967114797308270e-02 5.856450306203330314e+01
-3.349190798584089634e-02 5.930426880176010940e+01
-3.193414482370870999e-02 6.004927680033012649e+01
-3.037638166157652364e-02 6.077161466154467462e+01
-2.881861849944433729e-02 6.142371522987897237e+01
-2.726085533731215094e-02 6.198429123167266397e+01
-2.570309217517996458e-02 6.267958969748951858e+01
-2.414532901304822232e-02 6.333358493238974773e+01
-2.258756585091603597e-02 6.405587076486870046e+01
-2.102980268878384962e-02 6.466988557724017994e+01
-1.947203952665166327e-02 6.527405972525892253e+01
-1.791427636451947691e-02 6.593044920013805665e+01
-1.635651320238729056e-02 6.661505844926287523e+01
-1.479875004025554830e-02 6.740719538260420052e+01
-1.324098687812336195e-02 6.812106145496264276e+01
-1.168322371599117560e-02 6.895388974842690288e+01
-1.012546055385898924e-02 6.974936576861782100e+01
-8.567697391726802891e-03 7.052558714284619157e+01
-7.009934229594616539e-03 7.115654060319327812e+01
-5.452171067462430187e-03 7.164564023433466389e+01
-3.894407905330687925e-03 7.228699061760862321e+01
-2.336644743198501573e-03 7.297107178541125450e+01
-7.788815810663152206e-04 7.356651419815044335e+01
7.788815810658711314e-04 7.406993415442198625e+01
2.336644743198057483e-03 7.455640579940281043e+01
3.894407905330243835e-03 7.497211613013132592e+01
5.452171067462430187e-03 7.516247209910842741e+01
7.009934229594172450e-03 7.504158072677979874e+01
8.567697391726358802e-03 7.477759107657335846e+01
1.012546055385854515e-02 7.440478463689943567e+01
1.168322371599073151e-02 7.396421714102461920e+01
1.324098687812291786e-02 7.334763298168100221e+01
1.479875004025510421e-02 7.272388358914935225e+01
1.635651320238729056e-02 7.230357886457765915e+01
1.791427636451903282e-02 7.178822962789143958e+01
1.947203952665121918e-02 7.115269819553765274e+01
2.102980268878340553e-02 7.039375992730256826e+01
2.258756585091559188e-02 6.944538346289573383e+01
2.414532901304777823e-02 6.857273711630992352e+01
2.570309217517996458e-02 6.804938651957421314e+01
2.726085533731170685e-02 6.756232938793466758e+01
2.881861849944389320e-02 6.741712831232896974e+01
3.037638166157607955e-02 6.743311441093169378e+01
3.193414482370826590e-02 6.768955805552081983e+01
3.349190798584045226e-02 6.827650532294995855e+01
3.504967114797263861e-02 6.913768076874615076e+01
3.660743431010482496e-02 7.028556748581050329e+01
3.816519747223656722e-02 7.159247568881220047e+01
3.972296063436875357e-02 7.312497896103094774e+01
4.128072379650093993e-02 7.510528961574566154e+01
4.283848695863312628e-02 7.750786585456776834e+01
4.439625012076531263e-02 8.031461929880640582e+01
4.595401328289749898e-02 8.347561674440198942e+01
4.751177644502968533e-02 8.690475444306262887e+01
4.906953960716142760e-02 9.061291298530919391e+01
5.062730276929361395e-02 9.468266780141600236e+01
5.218506593142580030e-02 9.896941940522661696e+01
5.374282909355798665e-02 1.033548642385205341e+02
5.530059225569017300e-02 1.082096430588992604e+02
5.685835541782235936e-02 1.133117645343542392e+02
5.841611857995454571e-02 1.186396190453363317e+02
5.997388174208628797e-02 1.243088114897076366e+02
6.153164490421847432e-02 1.300727971337530846e+02
6.308940806635066068e-02 1.358923371068513291e+02
6.464717122848284703e-02 1.417945069741243742e+02
6.620493439061503338e-02 1.478826086954980497e+02
6.776269755274721973e-02 1.544282400552378363e+02
6.932046071487896199e-02 1.614228028976445160e+02
7.087822387701114835e-02 1.685707918398900915e+02
7.243598703914333470e-02 1.757122958221594899e+02
7.399375020127552105e-02 1.827706972301641031e+02
7.555151336340770740e-02 1.898754500459646977e+02
7.710927652553989375e-02 1.972478144198092878e+02
7.866703968767208011e-02 2.047802995859792929e+02
8.022480284980382237e-02 2.127231771704897483e+02
8.178256601193600872e-02 2.210153208817367272e+02
8.334032917406819507e-02 2.293986647961482674e+02
8.489809233620038142e-02 2.379975359057327182e+02
8.645585549833256778e-02 2.467251609061814008e+02
8.801361866046475413e-02 2.557853392240944288e+02
8.957138182259694048e-02 2.649607895788628298e+02
9.112914498472868274e-02 2.741349615795608656e+02
9.268690814686086910e-02 2.835510320185420596e+02
9.424467130899305545e-02 2.932677558633167791e+02
9.580243447112524180e-02 3.030146754007584491e+02
9.736019763325742815e-02 3.128430791008675556e+02
9.891796079538961450e-02 3.229432324006987187e+02
1.004757239575213568e-01 3.332026216440816029e+02
1.020334871196535431e-01 3.433671370859535159e+02
1.035912502817857295e-01 3.537453451944435869e+02
1.051490134439179158e-01 3.641965298059266161e+02
1.067067766060501022e-01 3.746609317510556139e+02
1.082645397681822885e-01 3.852635016938979220e+02
1.098223029303144749e-01 3.959477474333923510e+02
1.113800660924462171e-01 4.064386901162093295e+02
1.129378292545784035e-01 4.171127551345966253e+02
1.144955924167105898e-01 4.281444973291029328e+02
1.160533555788427762e-01 4.390768041943341018e+02
1.176111187409749625e-01 4.498757612890861992e+02
1.191688819031071489e-01 4.607153309323839494e+02
1.207266450652393353e-01 4.713350042953161960e+02
1.222844082273710775e-01 4.814963895231097126e+02
1.238421713895032639e-01 4.914635368208248565e+02
1.253999345516354502e-01 5.015995760717463554e+02
1.269576977137676366e-01 5.116750581664550168e+02
1.285154608758998229e-01 5.215492563709685783e+02
1.300732240380320093e-01 5.312180502757801150e+02
1.316309872001641956e-01 5.403970095109051499e+02
1.331887503622959379e-01 5.492785078539257029e+02
1.347465135244281242e-01 5.580111865944001011e+02
1.363042766865603106e-01 5.662218122523821648e+02
1.378620398486924969e-01 5.738959160807079343e+02
1.394198030108246833e-01 5.811577528120037641e+02
1.409775661729568697e-01 5.877603525244520597e+02
1.425353293350886119e-01 5.935931974266899260e+02
1.440930924972207983e-01 5.989027188015277261e+02
1.456508556593529846e-01 6.038049294800738380e+02
1.472086188214851710e-01 6.080340111855393843e+02
1.487663819836173573e-01 6.117615734996212495e+02
1.503241451457495437e-01 6.149362180386711998e+02
1.518819083078817300e-01 6.173428452491822327e+02
1.534396714700134723e-01 6.189476999847424850e+02
1.549974346321456586e-01 6.199650172434414799e+02
1.565551977942778450e-01 6.203273556889473639e+02
1.581129609564100313e-01 6.198882507542022040e+02
1.596707241185422177e-01 6.188451107921189305e+02
1.612284872806744040e-01 6.174888654655202345e+02
1.627862504428065904e-01 6.158518482527630340e+02
1.643440136049383327e-01 6.138303965845398125e+02
1.659017767670705190e-01 6.110349236706648526e+02
1.674595399292027054e-01 6.077309225588231811e+02
1.690173030913348917e-01 6.044488781528671097e+02
1.705750662534670781e-01 6.007949610328265635e+02
1.721328294155992644e-01 5.965617769997743380e+02
1.736905925777314508e-01 5.922910035632161225e+02
1.752483557398631930e-01 5.880798000975270270e+02
1.768061189019953794e-01 5.838300795467694115e+02
1.783638820641275657e-01 5.798158006874120929e+02
1.799216452262597521e-01 5.760684914462840425e+02
1.814794083883919384e-01 5.722067951581514080e+02
1.830371715505241248e-01 5.681101138213289232e+02
1.845949347126558671e-01 5.640155750620446042e+02
1.861526978747880534e-01 5.603951811508486571e+02
1.877104610369202398e-01 5.570297725394786994e+02
1.892682241990524261e-01 5.539911074047583952e+02
1.908259873611846125e-01 5.514077263107769795e+02
1.923837505233167988e-01 5.489693685271938648e+02
1.939415136854489852e-01 5.471924764031327868e+02
1.954992768475807274e-01 5.460954764461590685e+02
1.970570400097129138e-01 5.453470643923217267e+02
1.986148031718451001e-01 5.450467979769564408e+02
2.001725663339772865e-01 5.453003008846735611e+02
2.017303294961094728e-01 5.461893271797630405e+02
2.032880926582416592e-01 5.476739208018303771e+02
2.048458558203738455e-01 5.498350923410523592e+02
2.064036189825055878e-01 5.520976668843338757e+02
2.079613821446377742e-01 5.546281241015984733e+02
2.095191453067699605e-01 5.578599924155669214e+02
2.110769084689021469e-01 5.615868240459066101e+02
2.126346716310343332e-01 5.658994647181120854e+02
2.141924347931665196e-01 5.707868628081145062e+02
2.157501979552987059e-01 5.760450575581020303e+02
2.173079611174304482e-01 5.818933968318722236e+02
2.188657242795626345e-01 5.879240957293304746e+02
2.204234874416948209e-01 5.944218641930920057e+02
2.219812506038270072e-01 6.015271846816425523e+02
2.235390137659591936e-01 6.086030954776942963e+02
2.250967769280913799e-01 6.154866882267884876e+02
2.266545400902231222e-01 6.224001248846599310e+02
2.282123032523553086e-01 6.295784596062713945e+02
2.297700664144874949e-01 6.370750912190311510e+02
2.313278295766196813e-01 6.447170182748969864e+02
2.328855927387518676e-01 6.520910290790260433e+02
2.344433559008840540e-01 6.592409274179892691e+02
2.360011190630162403e-01 6.661019343773681385e+02
2.375588822251479826e-01 6.726876832952800669e+02
2.391166453872802522e-01 6.788984090931083983e+02
2.406744085494123553e-01 6.846732716640324270e+02
2.422321717115444584e-01 6.903875488491153192e+02
2.437899348736767280e-01 6.956915407815140497e+02
2.453476980358089976e-01 7.005631523197274646e+02
2.469054611979411007e-01 7.052468246799461440e+02
2.484632243600728430e-01 7.093165822820458288e+02
2.500209875222051403e-01 7.132365830157498294e+02
2.515787506843372157e-01 7.171550309037521629e+02
2.531365138464692910e-01 7.206812915818442207e+02
2.546942770086015884e-01 7.238111100502102317e+02
2.562520401707338857e-01 7.266736145223223957e+02
2.578098033328659611e-01 7.294404999261643070e+02
2.593675664949977033e-01 7.317935794743942779e+02
2.609253296571300007e-01 7.336770320343205185e+02
2.624830928192620760e-01 7.349184169492674528e+02
2.640408559813941514e-01 7.358410471118779697e+02
2.655986191435264487e-01 7.365802459073934187e+02
2.671563823056587461e-01 7.370758407975690716e+02
2.687141454677902663e-01 7.368958895601391532e+02
2.702719086299225637e-01 7.360388588694856935e+02
2.718296717920548611e-01 7.348521178785414349e+02
2.733874349541869364e-01 7.332319423846558948e+02
2.749451981163190117e-01 7.311721397003192351e+02
2.765029612784513091e-01 7.286835559424738449e+02
2.780607244405836065e-01 7.261091121870089182e+02
2.796184876027151267e-01 7.230353923658421991e+02
2.811762507648474241e-01 7.189572683157517758e+02
2.827340139269797215e-01 7.142576203819337479e+02
2.842917770891117968e-01 7.090194899721179809e+02
2.858495402512438721e-01 7.031185983486905116e+02
2.874073034133761695e-01 6.971756912317730439e+02
2.889650665755084669e-01 6.906025689849528817e+02
2.905228297376399871e-01 6.831488402275425642e+02
2.920805928997722845e-01 6.751812210592830752e+02
2.936383560619045818e-01 6.668569260184359564e+02
2.951961192240366572e-01 6.581203120150798895e+02
2.967538823861687325e-01 6.489925752653296058e+02
2.983116455483010299e-01 6.397271189130764242e+02
2.998694087104333272e-01 6.299309186186020497e+02
3.014271718725648475e-01 6.199111993835821295e+02
3.029849350346971448e-01 6.095727338113392761e+02
3.045426981968294422e-01 5.988246889781414666e+02
3.061004613589615175e-01 5.880301011406480711e+02
3.076582245210935929e-01 5.771190652916832278e+02
3.092159876832258902e-01 5.660873246983989020e+02
3.107737508453576325e-01 5.548402535129678199e+02
3.123315140074896523e-01 5.435571043452096092e+02
3.138892771696220052e-01 5.323544400502136114e+02
3.154470403317543581e-01 5.211709368551224770e+02
3.170048034938863779e-01 5.100227795968427813e+02
3.185625666560183977e-01 4.988466477471684470e+02
3.201203298181507506e-01 4.879232305290510112e+02
3.216780929802824929e-01 4.776362980512243439e+02
3.232358561424145127e-01 4.677234667557555099e+02
3.247936193045468656e-01 4.580407485373600025e+02
3.263513824666792185e-01 4.489872386723427553e+02
3.279091456288112383e-01 4.403798494769111471e+02
3.294669087909432581e-01 4.321816421004226072e+02
3.310246719530756110e-01 4.248053766182299000e+02
3.325824351152073532e-01 4.182199095980643619e+02
3.341401982773393731e-01 4.120895013103616407e+02
3.356979614394717260e-01 4.065246496002487220e+02
3.372557246016040788e-01 4.018401627298846961e+02
3.388134877637360987e-01 3.983944290340846237e+02
3.403712509258681185e-01 3.957366908788238220e+02
3.419290140880001938e-01 3.937561380650087699e+02
3.434867772501322136e-01 3.924306075642590486e+02
3.450445404122642334e-01 3.915664004973555734e+02
3.466023035743965863e-01 3.915238616601156423e+02
3.481600667365289392e-01 3.926950796922407676e+02
3.497178298986609590e-01 3.945199637017238956e+02
3.512755930607929789e-01 3.967569688113514417e+02
3.528333562229250542e-01 3.996459579349249225e+02
3.543911193850570740e-01 4.031937255624980594e+02
3.559488825471890938e-01 4.072120293594750819e+02
3.575066457093214467e-01 4.113826979814194829e+02
3.590644088714537996e-01 4.159349862543818972e+02
3.606221720335858194e-01 4.208558684817264179e+02
3.621799351957178392e-01 4.261433302463666450e+02
3.637376983578499146e-01 4.321787184448519952e+02
3.652954615199819344e-01 4.385897166451641738e+02
3.668532246821139542e-01 4.450069839509411622e+02
3.684109878442463071e-01 4.513055248236282750e+02
3.699687510063786600e-01 4.574165597979556424e+02
3.715265141685106798e-01 4.634566681194144167e+02
3.730842773306426996e-01 4.692810506713071277e+02
3.746420404927747749e-01 4.750956807904383936e+02
3.761998036549067947e-01 4.808685685465239317e+02
3.777575668170388146e-01 4.863926198120750541e+02
3.793153299791711675e-01 4.914599434265674063e+02
3.808730931413035203e-01 4.962933311607944233e+02
3.824308563034355402e-01 5.011008973088297580e+02
3.839886194655672824e-01 5.058335920171261364e+02
3.855463826276996353e-01 5.103667890369492284e+02
3.871041457898316551e-01 5.143246998178778995e+02
3.886619089519636749e-01 5.182438105150216643e+02
3.902196721140960278e-01 5.223005019694999191e+02
3.917774352762283807e-01 5.260279407380833163e+02
3.933351984383604005e-01 5.293970971668211405e+02
3.948929616004921428e-01 5.327894017710183334e+02
3.964507247626244957e-01 5.360485025037321520e+02
3.980084879247565155e-01 5.390513962715250500e+02
3.995662510868885353e-01 5.420253616771934730e+02
4.011240142490208882e-01 5.449161981472697107e+02
4.026817774111532411e-01 5.476177692851219945e+02
4.042395405732852609e-01 5.502474483985329243e+02
4.057973037354170032e-01 5.526776364081774773e+02
4.073550668975493561e-01 5.548344479205669586e+02
4.089128300596813759e-01 5.569176290959828748e+02
4.104705932218133957e-01 5.587948539618724908e+02
4.120283563839457486e-01 5.603832369293077136e+02
4.135861195460781015e-01 5.617208064007356825e+02
4.151438827082101213e-01 5.627338316841533015e+02
4.167016458703418635e-01 5.635640950053335700e+02
4.182594090324742164e-01 5.646509254637055619e+02
4.198171721946062362e-01 5.656938066840369856e+02
4.213749353567382561e-01 5.662932148951508680e+02
4.229326985188706090e-01 5.668094918752075273e+02
4.244904616810029618e-01 5.674776541573015720e+02
4.260482248431343710e-01 5.678887486541666476e+02
4.276059880052667239e-01 5.678561943175659508e+02
4.291637511673990768e-01 5.676753459549817080e+02
4.307215143295310966e-01 5.674545414509533430e+02
4.322792774916631164e-01 5.671524292825208704e+02
4.338370406537954693e-01 5.666666995537925686e+02
4.353948038159278222e-01 5.659760990778129326e+02
4.369525669780592314e-01 5.652656473316041001e+02
4.385103301401915843e-01 5.644464676542755797e+02
4.400680933023239372e-01 5.636929294796208296e+02
4.416258564644559570e-01 5.629579900230165777e+02
4.431836196265879768e-01 5.617906030411171514e+02
4.447413827887203297e-01 5.603858668971391808e+02
4.462991459508527936e-01 5.589392159994969234e+02
4.478569091129839808e-01 5.576149298172695126e+02
4.494146722751164447e-01 5.560910254937924719e+02
4.509724354372489086e-01 5.542345069829581234e+02
4.525301985993808174e-01 5.523755350203581429e+02
4.540879617615127262e-01 5.508184169319183638e+02
4.556457249236451901e-01 5.493636979731032852e+02
4.572034880857776540e-01 5.477685189451547103e+02
4.587612512479088411e-01 5.463169641662274216e+02
4.603190144100413050e-01 5.447645357113053706e+02
4.618767775721737689e-01 5.427649326562207079e+02
4.634345407343056777e-01 5.405302258530585959e+02
4.649923038964375865e-01 5.383280588348503670e+02
4.665500670585700504e-01 5.361648342688786215e+02
4.681078302207017927e-01 5.338869839030420508e+02
4.696655933828337015e-01 5.316886240731525959e+02
4.712233565449661654e-01 5.293990269277361449e+02
4.727811197070986293e-01 5.269837033490967997e+02
4.743388828692303716e-01 5.245313346173137461e+02
4.758966460313624469e-01 5.220561338979251786e+02
4.774544091934949108e-01 5.197256392139821628e+02
4.790121723556268196e-01 5.174052832550066796e+02
4.805699355177585619e-01 5.149394181673605999e+02
4.821276986798910258e-01 5.124400251353007434e+02
4.836854618420234897e-01 5.101945121768959552e+02
4.852432250041552320e-01 5.079884351051454701e+02
4.868009881662873073e-01 5.055540764158566276e+02
4.883587513284197712e-01 5.029925532553693870e+02
4.899165144905516800e-01 5.003198513320164693e+02
4.914742776526834223e-01 4.976096575464192142e+02
4.930320408148158862e-01 4.948474763606649844e+02
4.945898039769483501e-01 4.920862776326944754e+02
4.961475671390800923e-01 4.895019214916534906e+02
4.977053303012121677e-01 4.869818522965966281e+02
4.992630934633444650e-01 4.846939276928009122e+02
5.008208566254765959e-01 4.826766992654657429e+02
5.023786197876083381e-01 4.806282722703830927e+02
5.039363829497407465e-01 4.780606027158061124e+02
5.054941461118731549e-01 4.754341123107165004e+02
5.070519092740048972e-01 4.730934864321818054e+02
5.086096724361370836e-01 4.708057881422359401e+02
5.101674355982692699e-01 4.683926377825915779e+02
5.117251987604014563e-01 4.658464540153929079e+02
5.132829619225331985e-01 4.635446797887497041e+02
5.148407250846656069e-01 4.614362606123075921e+02
5.163984882467980153e-01 4.593715649685536846e+02
5.179562514089297576e-01 4.575007973790501978e+02
5.195140145710619439e-01 4.554132195384694342e+02
5.210717777331941303e-01 4.529266348925209513e+02
5.226295408953263166e-01 4.503171222429598970e+02
5.241873040574580589e-01 4.476524341825159468e+02
5.257450672195904673e-01 4.451443521209540108e+02
5.273028303817228757e-01 4.429479199245316181e+02
5.288605935438546179e-01 4.408808502498653183e+02
5.304183567059868043e-01 4.389361323712146259e+02
5.319761198681189907e-01 4.369145510182991075e+02
5.335338830302511770e-01 4.347287970047078716e+02
5.350916461923829193e-01 4.326950350629708169e+02
5.366494093545153277e-01 4.308450610801575067e+02
5.382071725166477361e-01 4.289550367484171147e+02
5.397649356787794783e-01 4.267487708296484357e+02
5.413226988409114426e-01 4.244406234561707834e+02
5.428804620030438510e-01 4.224687662070184047e+02
5.444382251651760374e-01 4.205935499563540816e+02
5.459959883273077796e-01 4.185703199831725101e+02
5.475537514894401880e-01 4.164751669528516800e+02
5.491115146515725964e-01 4.145933683366169475e+02
5.506692778137043387e-01 4.126429369895147374e+02
5.522270409758363030e-01 4.105897766415381511e+02
5.537848041379687114e-01 4.084935499962299446e+02
5.553425673001008978e-01 4.063971123376491050e+02
5.569003304622326400e-01 4.043185733252770433e+02
5.584580936243650484e-01 4.020681125044823148e+02
5.600158567864974568e-01 3.999967109746032747e+02
5.615736199486291991e-01 3.980900555448362752e+02
5.631313831107611634e-01 3.963178534674260050e+02
5.646891462728935718e-01 3.944695872205676324e+02
5.662469094350257581e-01 3.924685452828155121e+02
5.678046725971575004e-01 3.903352362775294750e+02
5.693624357592899088e-01 3.884131773630842872e+02
5.709201989214223172e-01 3.866523703965872869e+02
5.724779620835540594e-01 3.849419902230250159e+02
5.740357252456860238e-01 3.832960246936188469e+02
5.755934884078184322e-01 3.814164173763602435e+02
5.771512515699506185e-01 3.795593695419635765e+02
5.787090147320823608e-01 3.777337467473444121e+02
5.802667778942147692e-01 3.756962294425592859e+02
5.818245410563471776e-01 3.738167896838875777e+02
5.833823042184784757e-01 3.720509522899362764e+02
5.849400673806108841e-01 3.704563671188870444e+02
5.864978305427432925e-01 3.689001550458127099e+02
5.880555937048754789e-01 3.670503125522469077e+02
5.896133568670072211e-01 3.651705770619600457e+02
5.911711200291396295e-01 3.634691432414996939e+02
5.927288831912720379e-01 3.617825934799398055e+02
5.942866463534033361e-01 3.600050225736118819e+02
5.958444095155357445e-01 3.579841279165474361e+02
5.974021726776681529e-01 3.558686518584609644e+02
5.989599358398003393e-01 3.537396454076055079e+02
6.005176990019320815e-01 3.516380852506786141e+02
6.020754621640644899e-01 3.497056510714667183e+02
6.036332253261968983e-01 3.474455030008918470e+02
6.051909884883281965e-01 3.454883968289828999e+02
6.067487516504606049e-01 3.439981800838683625e+02
6.083065148125930133e-01 3.423972334392659604e+02
6.098642779747251996e-01 3.403971380704698504e+02
6.114220411368569419e-01 3.382859019324726546e+02
6.129798042989893503e-01 3.358875612556898886e+02
6.145375674611217587e-01 3.331603056669116540e+02
6.160953306232530569e-01 3.306478610215926324e+02
6.176530937853854653e-01 3.283795666761702705e+02
6.192108569475178736e-01 3.262026819416336139e+02
6.207686201096501710e-01 3.238744738701382744e+02
6.223263832717818023e-01 3.216367716730439383e+02
6.238841464339142107e-01 3.195627925739252646e+02
6.254419095960456199e-01 3.172660718651225693e+02
6.269996727581779172e-01 3.148955589736676757e+02
6.285574359203103256e-01 3.125955476327655447e+02
6.301151990824427340e-01 3.105199147268609750e+02
6.316729622445750314e-01 3.085082757607681287e+02
6.332307254067066626e-01 3.063561326080634331e+02
6.347884885688390710e-01 3.042297794739016581e+02
6.363462517309704802e-01 3.022240067136791595e+02
6.379040148931027776e-01 3.001017042609136070e+02
6.394617780552351860e-01 2.977288438667520722e+02
6.410195412173675944e-01 2.953735587553724145e+02
6.425773043794998918e-01 2.928389043920085442e+02
6.441350675416315230e-01 2.902676315957499469e+02
6.456928307037639314e-01 2.880948924416458681e+02
6.472505938658953406e-01 2.860618025913705651e+02
6.488083570280276380e-01 2.838335757568229383e+02
6.503661201901600464e-01 2.814295450933877305e+02
6.519238833522924548e-01 2.790212466369550839e+02
6.534816465144247521e-01 2.766044433136967768e+02
6.550394096765563834e-01 2.740747326757052633e+02
6.565971728386887918e-01 2.713507400165351555e+02
6.581549360008202010e-01 2.686623971293871591e+02
6.597126991629524984e-01 2.662924964250757398e+02
6.612704623250849068e-01 2.639734231552685060e+02
6.628282254872173151e-01 2.614297365925987151e+02
6.643859886493496125e-01 2.588388833568538985e+02
6.659437518114812438e-01 2.563289909509751965e+02
6.675015149736134301e-01 2.538728036866043851e+02
6.690592781357450614e-01 2.513845034245833006e+02
6.706170412978773587e-01 2.487072172291686343e+02
6.721748044600097671e-01 2.457271131575657819e+02
6.737325676221421755e-01 2.428449440240500792e+02
6.752903307842744729e-01 2.399432675810818694e+02
6.768480939464061041e-01 2.372562315360985110e+02
6.784058571085382905e-01 2.348885846188218522e+02
6.799636202706699217e-01 2.326580732697369740e+02
6.815213834328022191e-01 2.303403821613674438e+02
6.830791465949346275e-01 2.277217780796549107e+02
6.846369097570670359e-01 2.250774075427635239e+02
6.861946729191993333e-01 2.226571122682312023e+02
6.877524360813309645e-01 2.202466313012937746e+02
6.893101992434631509e-01 2.178414629008438794e+02
6.908679624055947821e-01 2.156543117514733297e+02
6.924257255677270795e-01 2.133631071260238627e+02
6.939834887298594879e-01 2.111155257898437867e+02
6.955412518919918963e-01 2.091531917783462973e+02
6.970990150541241936e-01 2.072087570582942817e+02
6.986567782162558249e-01 2.050582669644731482e+02
7.002145413783880112e-01 2.028018082730791889e+02
7.017723045405196425e-01 2.005262899938427097e+02
7.033300677026519399e-01 1.984001368930517231e+02
7.048878308647843483e-01 1.962309512580783917e+02
7.064455940269167566e-01 1.941116972232201192e+02
7.080033571890490540e-01 1.921109776295267579e+02
7.095611203511804632e-01 1.900202106543353580e+02
7.111188835133128716e-01 1.878598079284689675e+02
7.126766466754445029e-01 1.858870316804996605e+02
7.142344098375768002e-01 1.840462676356200689e+02
7.157921729997092086e-01 1.821545430101780596e+02
7.173499361618416170e-01 1.800900542916263589e+02
7.189076993239739144e-01 1.779296266551832559e+02
7.204654624861053236e-01 1.757672807530439911e+02
7.220232256482377320e-01 1.736534094334934650e+02
7.235809888103693632e-01 1.717621741730563656e+02
7.251387519725016606e-01 1.697835278415546441e+02
7.266965151346340690e-01 1.678503026556766997e+02
7.282542782967664774e-01 1.660301529627362243e+02
7.298120414588987748e-01 1.642114643497161808e+02
7.313698046210301840e-01 1.623763946269612006e+02
7.329275677831625924e-01 1.605620172137179225e+02
7.344853309452942236e-01 1.588879038120589087e+02
7.360430941074265210e-01 1.573799415688159513e+02
7.376008572695589294e-01 1.557208831028714542e+02
7.391586204316913378e-01 1.541027560532148186e+02
7.407163835938226359e-01 1.523848511535258297e+02
7.422741467559550443e-01 1.504774649025551412e+02
7.438319099180874527e-01 1.487455476519947126e+02
7.453896730802190840e-01 1.469774462179287013e+02
7.469474362423513814e-01 1.451696430637090600e+02
7.485051994044837897e-01 1.433045967939204104e+02
7.500629625666161981e-01 1.416305977894203068e+02
7.516207257287474963e-01 1.400427200042023514e+02
7.531784888908799047e-01 1.383821244507365691e+02
7.547362520530123131e-01 1.368186981605605581e+02
7.562940152151439444e-01 1.354100135118316643e+02
7.578517783772762417e-01 1.339536497073413841e+02
7.594095415394086501e-01 1.327200999561971457e+02
7.609673047015410585e-01 1.312624420051398886e+02
7.625250678636723567e-01 1.294723927123959015e+02
7.640828310258047651e-01 1.277340724610237146e+02
7.656405941879371735e-01 1.261359903668392519e+02
7.671983573500688047e-01 1.245770459768705365e+02
7.687561205122011021e-01 1.231524237143039784e+02
7.703138836743335105e-01 1.219100986632386707e+02
7.718716468364659189e-01 1.205869450298588816e+02
7.734294099985972171e-01 1.192984921890734000e+02
7.749871731607296255e-01 1.180204986594268775e+02
7.765449363228620339e-01 1.168205842646672039e+02
7.781026994849936651e-01 1.155523957067128435e+02
7.796604626471259625e-01 1.142458884269932469e+02
7.812182258092583709e-01 1.129608191885608193e+02
7.827759889713904462e-01 1.118267866564779922e+02
7.843337521335220774e-01 1.107455259951715476e+02
7.858915152956544858e-01 1.096845367287193511e+02
7.874492784577868942e-01 1.084883823299066279e+02
7.890070416199185255e-01 1.071213014148661529e+02
7.905648047820508229e-01 1.058794042599210172e+02
7.921225679441832312e-01 1.046247138426227536e+02
7.936803311063153066e-01 1.032692450777712310e+02
7.952380942684469378e-01 1.020501437387208341e+02
7.967958574305793462e-01 1.008478628682348557e+02
7.983536205927117546e-01 9.973070273940287223e+01
7.999113837548433859e-01 9.866836857521701631e+01
8.014691469169756832e-01 9.752490567028424095e+01
8.030269100791080916e-01 9.619907585585876575e+01
8.045846732412401670e-01 9.506650762477163141e+01
8.061424364033717982e-01 9.410468749549613676e+01
8.077001995655042066e-01 9.300386693502895241e+01
8.092579627276366150e-01 9.186426069085510449e+01
8.108157258897679132e-01 9.068638907009962224e+01
8.123734890519005436e-01 8.962165475208878718e+01
8.139312522140327300e-01 8.844692888877953862e+01
8.154890153761653604e-01 8.722812298819030730e+01
8.170467785382966586e-01 8.609430360730387122e+01
8.186045417004292890e-01 8.508324703152503332e+01
8.201623048625614754e-01 8.418846687501249448e+01
8.217200680246927735e-01 8.339770440790948669e+01
8.232778311868254040e-01 8.257967358599994157e+01
8.248355943489575903e-01 8.173530119637901237e+01
8.263933575110902208e-01 8.092923375735273339e+01
8.279511206732215189e-01 8.013026447293808019e+01
8.295088838353541494e-01 7.931611609009942754e+01
8.310666469974863357e-01 7.867638977556363500e+01
8.326244101596176339e-01 7.797729522404330282e+01
8.341821733217502643e-01 7.714540951502469568e+01
8.357399364838824507e-01 7.640169682136125573e+01
8.372976996460150811e-01 7.578337899790163590e+01
8.388554628081463793e-01 7.527669102166797188e+01
8.404132259702785657e-01 7.470482823118051385e+01
8.419709891324111961e-01 7.406746028656277758e+01
8.435287522945424943e-01 7.345744355274685233e+01
8.450865154566751247e-01 7.290259037213226634e+01
8.466442786188073111e-01 7.226687354654326612e+01
8.482020417809399415e-01 7.174221873233005908e+01
8.497598049430712397e-01 7.119658864195680792e+01
8.513175681052034260e-01 7.052164164005954206e+01
8.528753312673360565e-01 6.986612520891071654e+01
8.544330944294673547e-01 6.932257706430807787e+01
8.559908575915999851e-01 6.876444974807378685e+01
8.575486207537321715e-01 6.812693889072015452e+01
8.591063839158648019e-01 6.758207520299033888e+01
8.606641470779961001e-01 6.710435969143631496e+01
8.622219102401282864e-01 6.662687814176089773e+01
8.637796734022609169e-01 6.610796373295444539e+01
8.653374365643922150e-01 6.562574787796656040e+01
8.668951997265248455e-01 6.515829955223425429e+01
8.684529628886570318e-01 6.458723592362436250e+01
8.700107260507896623e-01 6.402977373668743155e+01
8.715684892129209604e-01 6.355232275237167272e+01
8.731262523750531468e-01 6.314502825211402381e+01
8.746840155371857772e-01 6.270673268136751943e+01
8.762417786993170754e-01 6.228230437073295178e+01
8.777995418614497058e-01 6.193159140433585463e+01
8.793573050235818922e-01 6.164899759012751446e+01
8.809150681857145226e-01 6.129883850027979264e+01
8.824728313478458208e-01 6.092641374772907170e+01
8.840305945099780072e-01 6.057642641064362721e+01
8.855883576721106376e-01 6.020663079972143805e+01
8.871461208342419358e-01 6.006201452111224626e+01
8.887038839963745662e-01 5.997168482046164684e+01
8.902616471585067526e-01 5.974119267076012108e+01
8.918194103206393830e-01 5.942619959808062902e+01
8.933771734827707922e-01 5.910766340505988836e+01
8.949349366449027565e-01 5.883069659192885581e+01
8.964926998070353870e-01 5.856046741373054232e+01
8.980504629691667962e-01 5.828501949266279070e+01
8.996082261312994266e-01 5.815690559896563627e+01
9.011659892934316129e-01 5.803283038977005504e+01
9.027237524555642434e-01 5.781063383248088172e+01
9.042815156176956526e-01 5.774727024904205308e+01
9.058392787798276169e-01 5.755583399420065405e+01
9.073970419419602473e-01 5.736504029505504576e+01
9.089548051040916565e-01 5.719132457466984221e+01
9.105125682662242870e-01 5.687112343481103238e+01
9.120703314283564733e-01 5.651021050443067395e+01
9.136280945904891038e-01 5.620682999917681144e+01
9.151858577526205130e-01 5.598328002188355867e+01
9.167436209147524773e-01 5.576088070862891755e+01
9.183013840768851077e-01 5.561362763219205618e+01
9.198591472390165169e-01 5.551990478264708884e+01
9.214169104011491473e-01 5.547450378575398133e+01
9.229746735632813337e-01 5.547714929933232497e+01
9.245324367254127429e-01 5.542427548287160732e+01
9.260901998875453733e-01 5.535312548784151687e+01
9.276479630496773376e-01 5.532483869703035140e+01
9.292057262118099681e-01 5.522549642137976633e+01
9.307634893739413773e-01 5.509654645071731238e+01
9.323212525360740077e-01 5.504562113592054828e+01
9.338790156982061941e-01 5.500325781927853797e+01
9.354367788603376033e-01 5.494528500047321273e+01
9.369945420224702337e-01 5.496766954733011090e+01
9.385523051846021980e-01 5.490141511626325155e+01
9.401100683467348285e-01 5.486417054492184775e+01
9.416678315088662377e-01 5.472809693085760330e+01
9.432255946709988681e-01 5.457944630249360785e+01
9.447833578331310544e-01 5.461517527976841535e+01
9.463411209952624636e-01 5.457783735289481797e+01
9.478988841573950941e-01 5.449489060675634278e+01
9.494566473195270584e-01 5.444858204619200848e+01
9.510144104816596888e-01 5.436833685180068443e+01
9.525721736437910980e-01 5.428956381072746495e+01
9.541299368059237285e-01 5.420508273800449217e+01
9.556876999680559148e-01 5.419389562011605932e+01
9.572454631301873240e-01 5.419557013960578473e+01
9.588032262923199545e-01 5.433554863752289776e+01
9.603609894544519188e-01 5.424903426055089994e+01
9.619187526165845492e-01 5.414120351243003881e+01
9.634765157787159584e-01 5.425072455656760440e+01
9.650342789408485888e-01 5.434117985310734156e+01
9.665920421029807752e-01 5.446511578343898208e+01
9.681498052651121844e-01 5.461276928598605451e+01
9.697075684272448148e-01 5.473358156144021081e+01
9.712653315893767791e-01 5.488752534491837309e+01
9.728230947515094096e-01 5.502400903991822645e+01
9.743808579136408188e-01 5.512173412596450106e+01
9.759386210757734492e-01 5.515285692071193324e+01
9.774963842379056356e-01 5.508380553765348964e+01
9.790541474000370448e-01 5.506717404759474732e+01
9.806119105621696752e-01 5.507304743320145235e+01
9.821696737243016395e-01 5.509482348828193921e+01
9.837274368864342700e-01 5.516795626772162109e+01
9.852852000485656792e-01 5.519113701798644200e+01
9.868429632106983096e-01 5.514576127787753279e+01
9.884007263728304959e-01 5.511055227534794199e+01
9.899584895349619051e-01 5.514155193727157211e+01
9.915162526970945356e-01 5.517819181242145277e+01
9.930740158592264999e-01 5.516454658637400854e+01
9.946317790213591303e-01 5.511854332024591940e+01
9.961895421834905395e-01 5.517315457522243349e+01
9.977473053456227259e-01 5.518140350043310605e+01
9.993050685077553563e-01 5.515042628535993430e+01
1.000862831669886877e+00 5.515938674119256291e+01
1.002420594832019507e+00 5.517501082392781342e+01
1.003978357994151249e+00 5.521763632719057568e+01
1.005536121156283880e+00 5.525948172582337037e+01
1.007093884318415400e+00 5.526146108633053444e+01
1.008651647480547586e+00 5.527811273696222827e+01
1.010209410642680217e+00 5.536553860131198235e+01
1.011767173804811737e+00 5.546431553795894587e+01
1.013324936966944367e+00 5.561575910949644452e+01
1.014882700129076110e+00 5.575241558367207517e+01
1.016440463291208740e+00 5.573109326575157496e+01
1.017998226453340260e+00 5.564577939506301618e+01
1.019555989615472447e+00 5.567740662278948349e+01
1.021113752777605077e+00 5.576942169083517342e+01
1.022671515939736597e+00 5.573965293877682825e+01
1.024229279101869228e+00 5.569834810565357941e+01
1.025787042264000970e+00 5.575177503694060732e+01
1.027344805426133600e+00 5.580572618915034866e+01
1.028902568588265121e+00 5.582540291227008566e+01
1.030460331750397307e+00 5.587690643793569478e+01
1.032018094912529937e+00 5.576785225376786315e+01
1.033575858074661458e+00 5.577594072045420148e+01
1.035133621236794088e+00 5.575033945533144930e+01
1.036691384398925830e+00 5.578634613675463072e+01
1.038249147561058461e+00 5.588228636830483254e+01
1.039806910723189981e+00 5.595597191207007626e+01
1.041364673885322167e+00 5.614157708193174301e+01
1.042922437047454798e+00 5.624853190123148039e+01
1.044480200209586318e+00 5.623101617079088044e+01
1.046037963371718948e+00 5.615439447098588488e+01
1.047595726533850691e+00 5.602365352311970526e+01
1.049153489695983321e+00 5.601303923057309930e+01
1.050711252858114841e+00 5.601372749153249231e+01
1.052269016020247028e+00 5.599239774674114756e+01
1.053826779182379658e+00 5.607786978668517719e+01
1.055384542344511178e+00 5.619406995264176174e+01
1.056942305506643809e+00 5.621550980269749687e+01
1.058500068668775551e+00 5.625418931832986402e+01
1.060057831830908182e+00 5.629574180400704364e+01
1.061615594993039702e+00 5.643742717208867532e+01
1.063173358155171888e+00 5.663009527539288968e+01
1.064731121317304519e+00 5.681086238629508500e+01
1.066288884479436039e+00 5.698207416007620907e+01
1.067846647641568669e+00 5.712792887230558136e+01
1.069404410803700411e+00 5.726060109205859305e+01
1.070962173965833042e+00 5.741556702122401390e+01
1.072519937127964562e+00 5.752961881379768982e+01
1.074077700290096749e+00 5.755269316280259062e+01
1.075635463452229379e+00 5.771132256565886109e+01
1.077193226614360899e+00 5.787640900393473942e+01
1.078750989776493530e+00 5.791618577868857898e+01
1.080308752938625272e+00 5.796713985308080908e+01
1.081866516100756792e+00 5.808000673338387543e+01
1.083424279262889423e+00 5.823021327135321457e+01
1.084982042425021609e+00 5.836361978966947817e+01
1.086539805587154239e+00 5.846825931134627297e+01
1.088097568749285760e+00 5.848192687776700183e+01
1.089655331911418390e+00 5.846905353833737706e+01
1.091213095073550132e+00 5.851863987124568212e+01
1.092770858235681652e+00 5.862416607499675791e+01
1.094328621397814283e+00 5.877914602022339352e+01
1.095886384559946469e+00 5.874096459611180165e+01
1.097444147722079100e+00 5.868039392441804836e+01
1.099001910884210620e+00 5.873439122047380323e+01
1.100559674046343250e+00 5.877423515294137957e+01
1.102117437208474993e+00 5.879457527945798034e+01
1.103675200370606513e+00 5.882033894500958837e+01
1.105232963532739143e+00 5.883478289995803578e+01
1.106790726694871330e+00 5.886889489291831978e+01
1.108348489857003960e+00 5.898383612346891169e+01
1.109906253019135480e+00 5.905484524739403440e+01
1.111464016181268111e+00 5.902691328859070552e+01
1.113021779343399853e+00 5.902421650820758003e+01
1.114579542505531373e+00 5.893780680163826702e+01
1.116137305667664004e+00 5.901320189789450410e+01
1.117695068829796190e+00 5.918639801633866426e+01
1.119252831991928820e+00 5.920319541369166672e+01
1.120810595154060341e+00 5.914565873681480923e+01
1.122368358316192971e+00 5.907731187974257381e+01
1.123926121478324713e+00 5.899076715156873263e+01
1.125483884640456234e+00 5.889822904532393721e+01
1.127041647802588864e+00 5.878912567824111335e+01
1.128599410964721050e+00 5.870657336288828532e+01
1.130157174126853681e+00 5.869589510625208106e+01
1.131714937288985201e+00 5.861984270127584296e+01
1.133272700451117831e+00 5.857069001765865579e+01
1.134830463613249574e+00 5.853155331827333185e+01
1.136388226775381094e+00 5.846469280533320756e+01
1.137945989937513724e+00 5.836031815133342349e+01
1.139503753099645911e+00 5.824791465162637394e+01
1.141061516261778541e+00 5.817768441128579582e+01
1.142619279423910061e+00 5.816342895928220713e+01
1.144177042586042914e+00 5.819012881298527873e+01
1.145734805748174212e+00 5.812553873693636319e+01
1.147292568910305954e+00 5.799086682594744957e+01
1.148850332072438585e+00 5.791424313351473074e+01
1.150408095234570771e+00 5.788433127550552371e+01
1.151965858396703402e+00 5.781779986985921482e+01
1.153523621558835144e+00 5.767768790688436553e+01
1.155081384720967774e+00 5.751658515536093574e+01
1.156639147883099072e+00 5.741004737318259998e+01
1.158196911045230815e+00 5.738873456672309459e+01
1.159754674207363445e+00 5.733553952880482996e+01
1.161312437369495632e+00 5.720366068650859148e+01
1.162870200531628262e+00 5.711085112744934378e+01
1.164427963693760004e+00 5.706678558652652100e+01
1.165985726855891302e+00 5.703951841698792435e+01
1.167543490018023933e+00 5.694585574039280118e+01
1.169101253180155675e+00 5.673357549913200870e+01
1.170659016342288306e+00 5.656557440284051097e+01
1.172216779504420492e+00 5.650904765053272172e+01
1.173774542666553122e+00 5.650467777359748567e+01
1.175332305828684865e+00 5.642695520127083597e+01
1.176890068990816163e+00 5.635779759251398247e+01
1.178447832152948793e+00 5.634018800603792698e+01
1.180005595315080535e+00 5.625622989870590374e+01
1.181563358477213166e+00 5.611946688168188757e+01
1.183121121639345352e+00 5.597889409318142384e+01
1.184678884801477983e+00 5.575151195120263736e+01
1.186236647963609725e+00 5.546261286290198456e+01
1.187794411125741023e+00 5.546149836925405197e+01
1.189352174287873654e+00 5.535791162140198196e+01
1.190909937450005396e+00 5.512005246694486260e+01
1.192467700612138026e+00 5.495346880483357666e+01
1.194025463774270213e+00 5.488787552130734326e+01
1.195583226936402843e+00 5.484511506573124962e+01
1.197140990098534585e+00 5.463893479363503047e+01
1.198698753260665884e+00 5.440377205664910321e+01
1.200256516422798514e+00 5.425871402706322755e+01
1.201814279584930256e+00 5.418762114339384084e+01
1.203372042747062887e+00 5.421534694625073314e+01
1.204929805909195073e+00 5.422700979993863513e+01
1.206487569071327703e+00 5.424501954182762375e+01
1.208045332233459446e+00 5.426865783316683434e+01
1.209603095395590744e+00 5.423474208919550676e+01
1.211160858557723374e+00 5.414145906206181991e+01
1.212718621719855117e+00 5.412167074296999658e+01
1.214276384881987747e+00 5.411426761586552914e+01
1.215834148044119933e+00 5.404129071640528537e+01
1.217391911206252564e+00 5.389231285457123732e+01
1.218949674368384306e+00 5.367587646987173144e+01
1.220507437530515604e+00 5.351054044866314996e+01
1.222065200692648235e+00 5.340368460654638483e+01
1.223622963854779977e+00 5.334465852300768773e+01
1.225180727016912607e+00 5.326087344943378810e+01
1.226738490179044794e+00 5.311339289410339148e+01
1.228296253341177424e+00 5.308878283175793200e+01
1.229854016503309166e+00 5.310949443690014249e+01
1.231411779665440465e+00 5.293436803751983177e+01
1.232969542827573095e+00 5.267663154710380979e+01
1.234527305989704837e+00 5.251914812184708126e+01
1.236085069151837468e+00 5.247887150151159830e+01
1.237642832313969654e+00 5.238063865140741626e+01
1.239200595476101396e+00 5.213116138621546725e+01
1.240758358638234027e+00 5.192615527081918714e+01
1.242316121800365325e+00 5.180331168699316891e+01
1.243873884962497955e+00 5.167738179755997407e+01
1.245431648124629698e+00 5.162205893558013514e+01
1.246989411286762328e+00 5.154128841883242274e+01
1.248547174448894514e+00 5.129749723915895032e+01
1.250104937611026257e+00 5.098365173707600917e+01
1.251662700773158887e+00 5.080881091574010355e+01
1.253220463935290185e+00 5.067746189680202207e+01
1.254778227097422816e+00 5.052493724353347204e+01
1.256335990259554558e+00 5.037391754384562859e+01
1.257893753421687189e+00 5.020090425020053715e+01
1.259451516583819375e+00 4.995869866301315909e+01
1.261009279745951117e+00 4.979995811024776486e+01
1.262567042908083748e+00 4.969721403648946989e+01
1.264124806070215046e+00 4.941691320947084165e+01
1.265682569232347676e+00 4.923928778234910197e+01
1.267240332394479418e+00 4.912022560806567384e+01
1.268798095556612049e+00 4.895687668003076709e+01
1.270355858718744235e+00 4.880995959580428689e+01
1.271913621880875978e+00 4.865981025895030143e+01
1.273471385043008608e+00 4.855328718847889746e+01
1.275029148205139906e+00 4.851118981756560089e+01
1.276586911367272537e+00 4.847129810433754926e+01
1.278144674529404279e+00 4.841043105208525077e+01
1.279702437691536909e+00 4.830324592262435601e+01
1.281260200853669096e+00 4.829871730585568912e+01
1.282817964015800838e+00 4.827497115649386217e+01
1.284375727177933468e+00 4.813490428443761715e+01
1.285933490340064766e+00 4.793998832889219841e+01
1.287491253502197397e+00 4.784137908517551807e+01
1.289049016664329139e+00 4.767146782687358808e+01
1.290606779826461770e+00 4.741926829556025069e+01
1.292164542988593956e+00 4.716431485614132413e+01
1.293722306150725698e+00 4.694606217990081376e+01
1.295280069312858329e+00 4.678621457730730526e+01
1.296837832474989627e+00 4.661618144299735889e+01
1.298395595637122257e+00 4.643054886087193012e+01
1.299953358799254000e+00 4.620629538093268707e+01
1.301511121961386630e+00 4.599632973411546288e+01
1.303068885123518816e+00 4.580737308212792414e+01
1.304626648285650559e+00 4.552874579906865193e+01
1.306184411447783189e+00 4.518413446708265724e+01
1.307742174609914487e+00 4.486199566809841599e+01
1.309299937772047118e+00 4.470498168536654759e+01
1.310857700934178860e+00 4.467129678252967295e+01
1.312415464096311490e+00 4.460290967425052600e+01
1.313973227258443677e+00 4.446471126452929212e+01
1.315530990420575419e+00 4.433755846465248851e+01
1.317088753582708049e+00 4.425690771386459943e+01
1.318646516744839348e+00 4.410667616417786974e+01
1.320204279906971978e+00 4.381592322953822816e+01
1.321762043069103720e+00 4.355093222259285568e+01
1.323319806231235907e+00 4.341113898525717474e+01
1.324877569393368537e+00 4.333630911126841312e+01
1.326435332555500279e+00 4.315765769885083358e+01
1.327993095717632910e+00 4.296536416892397625e+01
1.329550858879764208e+00 4.278863383235156448e+01
1.331108622041896838e+00 4.263234935792554836e+01
1.332666385204028581e+00 4.240592591197891892e+01
1.334224148366160767e+00 4.217594281739665973e+01
1.335781911528293397e+00 4.195899470224871664e+01
1.337339674690425362e+00 4.180875107854630102e+01
1.338897437852557992e+00 4.161171975719714311e+01
1.340455201014688846e+00 4.143306232648345144e+01
1.342012964176821477e+00 4.131267533955892191e+01
1.343570727338953441e+00 4.112448080021261632e+01
1.345128490501085627e+00 4.100894814351516970e+01
1.346686253663218258e+00 4.106287293267829597e+01
1.348244016825350222e+00 4.102074722982359845e+01
1.349801779987482853e+00 4.078095789956383754e+01
1.351359543149613707e+00 4.058352040423997664e+01
1.352917306311746337e+00 4.051166748625482938e+01
1.354475069473878301e+00 4.041396076629802536e+01
1.356032832636010488e+00 4.028477169114384537e+01
1.357590595798143118e+00 4.015935628503761023e+01
1.359148358960275083e+00 3.994867983379505461e+01
1.360706122122407713e+00 3.969786647749073438e+01
1.362263885284538567e+00 3.952379845860736651e+01
1.363821648446671198e+00 3.942493307284582471e+01
1.365379411608803162e+00 3.931951368609426112e+01
1.366937174770935348e+00 3.913716242239456733e+01
1.368494937933067979e+00 3.902484229289802897e+01
1.370052701095199943e+00 3.900494410092565545e+01
1.371610464257332573e+00 3.894323461128794861e+01
1.373168227419463427e+00 3.886229237538886139e+01
1.374725990581596058e+00 3.877191450947063345e+01
1.376283753743728022e+00 3.863606712541221810e+01
1.377841516905860209e+00 3.854453449713124513e+01
1.379399280067992839e+00 3.847025435617349842e+01
1.380957043230124803e+00 3.837066668707427652e+01
1.382514806392257434e+00 3.820068651202863919e+01
1.384072569554388288e+00 3.798808125568190519e+01
1.385630332716520918e+00 3.784650074763303707e+01
1.387188095878652883e+00 3.779064768388984419e+01
1.388745859040785069e+00 3.776214435420898496e+01
1.390303622202917699e+00 3.769114042819503396e+01
1.391861385365049664e+00 3.748869309885506595e+01
1.393419148527182294e+00 3.731685424687544383e+01
1.394976911689313148e+00 3.722061865132126002e+01
1.396534674851445779e+00 3.716629213132952714e+01
1.398092438013577743e+00 3.707321526354181884e+01
1.399650201175709929e+00 3.695240913261565652e+01
1.401207964337842560e+00 3.676447501691873754e+01
1.402765727499974524e+00 3.657999871153706550e+01
1.404323490662107154e+00 3.648823517418963291e+01
1.405881253824238009e+00 3.643680303058933845e+01
1.407439016986369973e+00 3.643193145446661418e+01
1.408996780148502603e+00 3.639712759435576572e+01
1.410554543310634790e+00 3.637420832585362973e+01
1.412112306472767420e+00 3.642467894167496212e+01
1.413670069634899384e+00 3.646870440401315250e+01
1.415227832797032015e+00 3.648898006080428758e+01
1.416785595959162869e+00 3.645161206866873016e+01
1.418343359121294833e+00 3.646647467923661168e+01
1.419901122283427464e+00 3.662607651051138902e+01
1.421458885445559650e+00 3.671513876872786142e+01
1.423016648607692280e+00 3.676200258396792009e+01
1.424574411769824245e+00 3.690686459449447909e+01
1.426132174931956875e+00 3.704890663371559612e+01
1.427689938094087729e+00 3.706536565670638339e+01
1.429247701256219694e+00 3.695791491305750753e+01
1.430805464418352324e+00 3.686616599586675136e+01
1.432363227580484510e+00 3.683510409842771338e+01
1.433920990742617141e+00 3.678037965448770308e+01
1.435478753904749105e+00 3.674291881859677034e+01
1.437036517066881736e+00 3.661760400296439144e+01
1.438594280229012590e+00 3.647251266387838342e+01
1.440152043391144554e+00 3.638423051070618186e+01
1.441709806553277184e+00 3.624453253997948821e+01
1.443267569715409371e+00 3.613305029746543795e+01
1.444825332877542001e+00 3.598222410795780490e+01
1.446383096039673966e+00 3.589822338271310542e+01
1.447940859201806596e+00 3.586244157311251257e+01
1.449498622363937450e+00 3.581711102495474819e+01
1.451056385526069414e+00 3.577998344096211270e+01
1.452614148688202045e+00 3.570046297269065150e+01
1.454171911850334231e+00 3.556600020949885987e+01
1.455729675012466862e+00 3.547782860758901791e+01
1.457287438174598826e+00 3.541716677198794372e+01
1.458845201336731456e+00 3.532687500985758788e+01
1.460402964498862310e+00 3.534621687161774162e+01
1.461960727660994275e+00 3.541831754081566430e+01
1.463518490823126905e+00 3.549269981261748796e+01
1.465076253985259092e+00 3.548127233720971674e+01
1.466634017147391722e+00 3.535180645408865985e+01
1.468191780309523686e+00 3.522768318406989607e+01
1.469749543471656317e+00 3.513364774248650235e+01
1.471307306633787171e+00 3.501028398859018864e+01
1.472865069795919135e+00 3.484685993077809485e+01
1.474422832958051766e+00 3.475905962090278223e+01
1.475980596120183952e+00 3.475417224355482659e+01
1.477538359282316582e+00 3.469589076150646179e+01
1.479096122444448547e+00 3.463988589006196150e+01
1.480653885606579401e+00 3.456050594418997690e+01
1.482211648768712031e+00 3.448279936486817832e+01
1.483769411930843996e+00 3.440625027203491726e+01
1.485327175092976626e+00 3.429347447160419193e+01
1.486884938255108812e+00 3.414217921981709480e+01
1.488442701417241443e+00 3.401878795780486797e+01
1.490000464579373407e+00 3.389906315740703491e+01
1.491558227741504261e+00 3.380598082818390537e+01
1.493115990903636892e+00 3.363322124136695379e+01
1.494673754065768856e+00 3.351253294290491169e+01
1.496231517227901486e+00 3.343747464275024583e+01
1.497789280390033673e+00 3.335540416958832566e+01
1.499347043552166303e+00 3.327667743292129643e+01
1.500904806714298267e+00 3.316218538524104531e+01
1.502462569876429122e+00 3.304805247433443327e+01
1.504020333038561752e+00 3.295493787267548669e+01
1.505578096200693716e+00 3.288114159781459733e+01
1.507135859362826347e+00 3.274076824622416382e+01
1.508693622524958533e+00 3.254579286414247719e+01
1.510251385687091163e+00 3.241616651125944060e+01
1.511809148849223128e+00 3.231135464642317601e+01
1.513366912011353982e+00 3.213565997991099010e+01
1.514924675173486612e+00 3.208875937906205422e+01
1.516482438335618577e+00 3.212986829394122168e+01
1.518040201497751207e+00 3.209907013217078031e+01
1.519597964659883393e+00 3.206552892423165702e+01
1.521155727822016024e+00 3.208380556378622828e+01
1.522713490984147988e+00 3.208246695944130522e+01
1.524271254146278842e+00 3.198164289083148404e+01
1.525829017308411473e+00 3.176168144219227685e+01
1.527386780470543437e+00 3.155817304453852756e+01
1.528944543632676067e+00 3.141630481729648494e+01
1.530502306794808254e+00 3.128057080919464994e+01
1.532060069956940884e+00 3.120845591974907407e+01
1.533617833119072849e+00 3.113340447200847549e+01
1.535175596281203703e+00 3.102158651012359059e+01
1.536733359443336333e+00 3.090890030926276211e+01
1.538291122605468297e+00 3.087241277052340038e+01
1.539848885767600928e+00 3.089665547225645881e+01
1.541406648929733114e+00 3.086687830291441514e+01
1.542964412091865745e+00 3.080888097707002515e+01
1.544522175253997709e+00 3.073819805749656808e+01
1.546079938416128563e+00 3.065460840910173701e+01
1.547637701578261193e+00 3.065223532762241376e+01
1.549195464740393158e+00 3.063136487649700257e+01
1.550753227902525788e+00 3.059817813762726146e+01
1.552310991064657975e+00 3.049086117465517276e+01
1.553868754226790605e+00 3.042950169123488280e+01
1.555426517388922569e+00 3.048029777092603254e+01
1.556984280551053423e+00 3.047999231147308308e+01
1.558542043713186054e+00 3.044705784291617334e+01
1.560099806875318018e+00 3.040524940894954753e+01
1.561657570037450649e+00 3.039018978312898867e+01
1.563215333199582835e+00 3.041719893248787443e+01
1.564773096361714799e+00 3.045879377073039507e+01
1.566330859523847430e+00 3.049017870343391579e+01
1.567888622685978284e+00 3.045935901055669603e+01
1.569446385848110914e+00 3.039954145575147137e+01
1.571004149010242879e+00 3.038946443567411748e+01
1.572561912172375509e+00 3.039462374149102430e+01
1.574119675334507695e+00 3.034200827113864207e+01
1.575677438496639660e+00 3.028256437100877108e+01
1.577235201658772290e+00 3.026477672021998799e+01
1.578792964820903144e+00 3.030370299814299173e+01
1.580350727983035775e+00 3.024663302794404629e+01
1.581908491145167739e+00 3.012451108613941031e+01
1.583466254307300369e+00 3.010229448797169383e+01
1.585024017469432556e+00 3.012105196029776977e+01
1.586581780631564520e+00 3.008936040608724127e+01
1.588139543793697150e+00 3.000351007193163966e+01
1.589697306955828005e+00 2.990411571778739130e+01
1.591255070117960635e+00 2.984115860418421562e+01
1.592812833280092599e+00 2.985707098307097951e+01
1.594370596442225230e+00 2.989286811005046829e+01
1.595928359604357416e+00 2.984956817788638261e+01
1.597486122766489380e+00 2.988812221146433501e+01
1.599043885928622011e+00 2.986744864968099122e+01
1.600601649090752643e+00 2.989003050346635249e+01
1.602159412252885273e+00 2.990011111414659339e+01
1.603717175415017682e+00 2.985162606334857927e+01
1.605274938577150312e+00 2.982151355430630346e+01
1.606832701739282054e+00 2.980304714364814345e+01
1.608390464901414463e+00 2.980989483780385285e+01
1.609948228063547093e+00 2.978234191019394572e+01
1.611505991225677503e+00 2.970162263586070850e+01
1.613063754387810134e+00 2.965341239179068111e+01
1.614621517549942542e+00 2.970175023848566198e+01
1.616179280712075172e+00 2.970469842204527566e+01
1.617737043874206915e+00 2.969792002068176373e+01
1.619294807036339323e+00 2.968078328066576077e+01
1.620852570198471954e+00 2.967811224166166895e+01
1.622410333360602364e+00 2.968232809267595940e+01
1.623968096522734994e+00 2.966600669966738479e+01
1.625525859684867402e+00 2.965678305070508713e+01
1.627083622847000033e+00 2.967765247706277876e+01
1.628641386009131775e+00 2.973598016618082696e+01
1.630199149171264184e+00 2.971583035562211705e+01
1.631756912333396814e+00 2.970661725252812246e+01
1.633314675495527224e+00 2.966746913416182707e+01
1.634872438657659854e+00 2.955130678490574070e+01
1.636430201819792263e+00 2.949719778993631536e+01
1.637987964981924005e+00 2.946114979379043319e+01
1.639545728144056636e+00 2.941337380103046684e+01
1.641103491306189044e+00 2.935854189064640352e+01
1.642661254468321674e+00 2.931246111170854007e+01
1.644219017630452084e+00 2.926168400078127974e+01
1.645776780792584715e+00 2.925247399389287395e+01
1.647334543954717123e+00 2.929727978365634655e+01
1.648892307116848865e+00 2.932679592815876291e+01
1.650450070278981496e+00 2.929867720990493751e+01
1.652007833441113904e+00 2.928840129383934254e+01
1.653565596603246535e+00 2.932045551439851394e+01
1.655123359765376945e+00 2.928414981881744339e+01
1.656681122927509575e+00 2.926069606324686845e+01
1.658238886089641984e+00 2.928820762839298553e+01
1.659796649251773726e+00 2.927900065078182124e+01
1.661354412413906356e+00 2.923706363320218315e+01
1.662912175576038765e+00 2.923973100734673025e+01
1.664469938738171395e+00 2.930322704614074780e+01
1.666027701900301805e+00 2.933748788846270017e+01
1.667585465062434436e+00 2.933283579258469231e+01
1.669143228224566844e+00 2.941342573718239706e+01
1.670700991386698586e+00 2.948372539219371191e+01
1.672258754548831217e+00 2.948713324448145556e+01
1.673816517710963625e+00 2.947957235130652975e+01
1.675374280873096255e+00 2.944922476759157703e+01
1.676932044035226665e+00 2.933997247179959444e+01
1.678489807197359296e+00 2.921364126656012061e+01
1.680047570359491704e+00 2.914953569883239481e+01
1.681605333521623447e+00 2.919065669663898532e+01
1.683163096683756077e+00 2.922149702978511954e+01
1.684720859845888485e+00 2.923215987142559413e+01
1.686278623008021116e+00 2.927804307183246380e+01
1.687836386170151970e+00 2.929590299093035455e+01
1.689394149332284600e+00 2.925033104848320065e+01
1.690951912494416565e+00 2.924881808850881626e+01
1.692509675656548307e+00 2.926055653607262741e+01
1.694067438818680937e+00 2.921027063891693132e+01
1.695625201980812902e+00 2.912010849725762540e+01
1.697182965142945532e+00 2.905335676579384341e+01
1.698740728305076386e+00 2.901032051458158634e+01
1.700298491467209017e+00 2.892475039639149870e+01
1.701856254629341425e+00 2.885299450541964106e+01
1.703414017791473167e+00 2.878372425475168939e+01
1.704971780953605798e+00 2.868358049676121979e+01
1.706529544115738206e+00 2.856270407225964192e+01
1.708087307277870837e+00 2.846962656966736915e+01
1.709645070440001691e+00 2.839543399114691979e+01
1.711202833602134321e+00 2.824706052441398541e+01
1.712760596764266285e+00 2.808917826697966902e+01
1.714318359926398028e+00 2.798103555764070194e+01
1.715876123088530658e+00 2.787934186008110515e+01
1.717433886250662622e+00 2.779966596765227038e+01
1.718991649412795253e+00 2.760197901841410228e+01
1.720549412574926107e+00 2.742994809360265762e+01
1.722107175737058515e+00 2.734310707713091304e+01
1.723664938899191146e+00 2.721736049331986607e+01
1.725222702061322888e+00 2.717285292551141396e+01
1.726780465223455518e+00 2.717384854218686385e+01
1.728338228385587927e+00 2.710302104865539974e+01
1.729895991547720557e+00 2.704636018461841118e+01
1.731453754709851411e+00 2.703925631989844902e+01
1.733011517871983376e+00 2.700621080210279246e+01
1.734569281034116006e+00 2.693323997569871153e+01
1.736127044196247748e+00 2.680021535810899991e+01
1.737684807358380379e+00 2.668955837170840084e+01
1.739242570520512343e+00 2.662479339255634159e+01
1.740800333682644974e+00 2.655242241558062588e+01
1.742358096844775828e+00 2.649097778120402324e+01
1.743915860006908236e+00 2.645857607643597120e+01
1.745473623169040867e+00 2.642067520968705807e+01
1.747031386331172609e+00 2.641191296053866111e+01
1.748589149493305239e+00 2.640126471057726221e+01
1.750146912655437648e+00 2.632749749316075949e+01
1.751704675817570278e+00 2.630911218596926560e+01
1.753262438979701132e+00 2.624534086681470413e+01
1.754820202141833096e+00 2.617291504844384420e+01
1.756377965303965727e+00 2.610636702069294657e+01
1.757935728466097469e+00 2.605063557729545920e+01
1.759493491628230100e+00 2.611059339815444247e+01
1.761051254790362064e+00 2.617844393810901948e+01
1.762609017952494694e+00 2.619908205043990179e+01
1.764166781114625548e+00 2.621219299230893895e+01
1.765724544276757957e+00 2.622355043263967289e+01
1.767282307438890587e+00 2.624624377672216724e+01
1.768840070601022330e+00 2.630672300039834255e+01
1.770397833763154960e+00 2.623045046051482743e+01
1.771955596925287368e+00 2.617692759569429484e+01
1.773513360087419999e+00 2.616427026166142156e+01
1.775071123249550853e+00 2.612363985644823927e+01
1.776628886411682817e+00 2.607105266930231480e+01
1.778186649573815670e+00 2.604012137811553629e+01
1.779744412735946968e+00 2.599672158072766237e+01
1.781302175898079598e+00 2.590701852908767933e+01
1.782859939060211785e+00 2.582920679774560213e+01
1.784417702222344415e+00 2.575415928057037007e+01
1.785975465384475269e+00 2.571142174234666200e+01
1.787533228546607678e+00 2.567704880203558560e+01
1.789090991708740308e+00 2.565798447346227107e+01
1.790648754870872050e+00 2.565257029339127470e+01
1.792206518033004681e+00 2.568360312377066990e+01
1.793764281195137089e+00 2.572473073506938590e+01
1.795322044357267943e+00 2.576754194591157088e+01
1.796879807519400574e+00 2.583422672999227743e+01
1.798437570681532760e+00 2.587107655082492741e+01
1.799995333843665390e+00 2.585717456770797895e+01
1.801553097005796689e+00 2.583887819274474751e+01
1.803110860167929319e+00 2.585426245015325364e+01
1.804668623330061505e+00 2.583230682118204058e+01
1.806226386492192360e+00 2.584823603200017317e+01
1.807784149654324990e+00 2.592735036238114077e+01
1.809341912816457398e+00 2.594007719043921156e+01
1.810899675978590029e+00 2.599433787689561370e+01
1.812457439140721771e+00 2.603633527028749128e+01
1.814015202302854401e+00 2.597765839116956954e+01
1.815572965464986810e+00 2.597710842220855909e+01
1.817130728627117664e+00 2.603598854780753769e+01
1.818688491789250294e+00 2.608979919009199833e+01
1.820246254951382481e+00 2.609156251506248481e+01
1.821804018113515111e+00 2.611764601626698834e+01
1.823361781275646409e+00 2.618067231939927098e+01
1.824919544437779040e+00 2.621871209722830187e+01
1.826477307599911226e+00 2.622752351464827214e+01
1.828035070762042080e+00 2.622722878044878314e+01
1.829592833924174711e+00 2.626066198547190922e+01
1.831150597086307119e+00 2.625561101715593892e+01
1.832708360248439750e+00 2.626703030342188683e+01
1.834266123410571492e+00 2.631741384573560794e+01
1.835823886572704122e+00 2.634514419869806190e+01
1.837381649734836531e+00 2.629392398845322276e+01
1.838939412896967385e+00 2.618655301560697879e+01
1.840497176059100015e+00 2.602410092497350291e+01
1.842054939221232202e+00 2.590202362417528548e+01
1.843612702383364832e+00 2.580896995310768816e+01
1.845170465545496130e+00 2.574764121190231236e+01
1.846728228707628761e+00 2.570261286051810501e+01
1.848285991869760947e+00 2.568109544776328335e+01
1.849843755031891801e+00 2.571326390108829330e+01
1.851401518194024431e+00 2.574642774488285113e+01
1.852959281356156840e+00 2.570694417398602027e+01
1.854517044518289470e+00 2.563246241830366046e+01
1.856074807680421213e+00 2.556780967651273784e+01
1.857632570842553843e+00 2.549877469313100775e+01
1.859190334004686251e+00 2.537912749291110615e+01
1.860748097166817105e+00 2.524138416924442296e+01
1.862305860328949736e+00 2.518536970541474673e+01
1.863863623491081922e+00 2.516237415073458195e+01
1.865421386653214553e+00 2.506366986210541015e+01
1.866979149815345851e+00 2.499819590470205810e+01
1.868536912977478481e+00 2.498109116433380450e+01
1.870094676139610668e+00 2.501396738743288140e+01
1.871652439301741522e+00 2.500515058428860371e+01
1.873210202463874152e+00 2.492782007822772172e+01
1.874767965626006561e+00 2.495633346353382720e+01
1.876325728788139191e+00 2.501173930186260819e+01
1.877883491950270933e+00 2.497845785073426228e+01
1.879441255112403342e+00 2.496382671373585538e+01
1.880999018274535972e+00 2.491814184938494847e+01
1.882556781436667048e+00 2.486423674749194035e+01
1.884114544598799679e+00 2.486677419600792405e+01
1.885672307760931643e+00 2.486642091686322331e+01
1.887230070923064273e+00 2.484438988363100975e+01
1.888787834085195572e+00 2.476345600365122479e+01
1.890345597247327536e+00 2.465370494574651872e+01
1.891903360409460166e+00 2.461594221746233657e+01
1.893461123571591243e+00 2.465445323801402822e+01
1.895018886733723873e+00 2.467615267223794362e+01
1.896576649895856281e+00 2.466880335373957678e+01
1.898134413057988912e+00 2.460180409743319530e+01
1.899692176220120654e+00 2.448589454259686704e+01
1.901249939382253062e+00 2.437316773740723974e+01
1.902807702544385693e+00 2.429192451865605662e+01
1.904365465706516769e+00 2.424830231498582123e+01
1.905923228868649399e+00 2.424631661600963639e+01
1.907480992030781364e+00 2.425746624756919445e+01
1.909038755192913994e+00 2.427437167857541311e+01
1.910596518355045292e+00 2.425636963659235334e+01
1.912154281517177257e+00 2.422794145282764333e+01
1.913712044679309887e+00 2.420886914733016937e+01
1.915269807841440963e+00 2.410780025764675472e+01
1.916827571003573594e+00 2.399895014619598754e+01
1.918385334165706002e+00 2.390341048274224889e+01
1.919943097327838633e+00 2.382401400784501178e+01
1.921500860489970375e+00 2.378906206055908257e+01
1.923058623652102783e+00 2.376118778228580197e+01
1.924616386814235414e+00 2.368851396552070199e+01
1.926174149976366490e+00 2.373210973462254358e+01
1.927731913138499120e+00 2.374398019150202188e+01
1.929289676300631085e+00 2.368760672630554609e+01
1.930847439462763715e+00 2.363277315286375213e+01
1.932405202624895013e+00 2.358458344968353515e+01
1.933962965787026977e+00 2.353431274403269668e+01
1.935520728949159608e+00 2.354026253971085580e+01
1.937078492111290684e+00 2.352675562848848401e+01
1.938636255273423314e+00 2.351933210282778219e+01
1.940194018435555723e+00 2.348559679987889481e+01
1.941751781597688353e+00 2.343936704842531782e+01
1.943309544759820096e+00 2.344373919539133411e+01
1.944867307921952504e+00 2.341084751032658673e+01
1.946425071084085134e+00 2.336931912826756275e+01
1.947982834246216211e+00 2.330315524981184439e+01
1.949540597408348841e+00 2.322589851413870576e+01
1.951098360570480805e+00 2.317327732112769212e+01
1.952656123732613436e+00 2.309523579325047749e+01
1.954213886894744734e+00 2.304089471602901895e+01
1.955771650056876698e+00 2.306493168861684495e+01
1.957329413219009329e+00 2.307311351041233749e+01
1.958887176381140405e+00 2.300201404561888197e+01
1.960444939543273035e+00 2.299534960162844399e+01
1.962002702705405444e+00 2.301265414791624409e+01
1.963560465867537186e+00 2.301077667291140827e+01
1.965118229029669816e+00 2.299944850784871520e+01
1.966675992191802225e+00 2.293638773296950717e+01
1.968233755353934855e+00 2.288184143138219540e+01
1.969791518516065931e+00 2.286871907056995923e+01
1.971349281678198562e+00 2.281984038858595554e+01
1.972907044840330526e+00 2.273438860280766605e+01
1.974464808002461824e+00 2.269605355934860924e+01
1.976022571164594455e+00 2.266522156623815576e+01
1.977580334326726419e+00 2.258786294789713978e+01
1.979138097488859049e+00 2.250422155357468412e+01
1.980695860650990126e+00 2.238426165436154847e+01
1.982253623813122756e+00 2.227313520432170080e+01
1.983811386975255164e+00 2.221729662425100571e+01
1.985369150137386907e+00 2.219638216680857212e+01
1.986926913299519537e+00 2.218614097561043508e+01
1.988484676461651945e+00 2.209755202002249064e+01
1.990042439623784576e+00 2.203007811480950195e+01
1.991600202785915652e+00 2.198183526843006064e+01
1.993157965948048282e+00 2.190399880552763889e+01
1.994715729110180247e+00 2.189199834825206992e+01
1.996273492272311545e+00 2.193665696127083464e+01
1.997831255434444175e+00 2.196292102376537514e+01
1.999389018596576140e+00 2.196241908864261561e+01
2.000946781758708770e+00 2.195193416106414830e+01
2.002504544920840068e+00 2.190157688581082240e+01
2.004062308082972699e+00 2.186146937851439986e+01
2.005620071245104885e+00 2.180606730946188421e+01
2.007177834407236627e+00 2.173793399882938715e+01
2.008735597569369258e+00 2.171037590069897760e+01
2.010293360731501444e+00 2.169351023941782941e+01
2.011851123893634075e+00 2.170146279010241130e+01
2.013408887055765373e+00 2.168907143124298287e+01
2.014966650217898003e+00 2.166805117081337784e+01
2.016524413380030190e+00 2.163793403388252656e+01
2.018082176542161044e+00 2.160442122700710499e+01
2.019639939704293674e+00 2.159702946389921863e+01
2.021197702866425860e+00 2.161505340319827440e+01
2.022755466028558491e+00 2.161463725081953058e+01
2.024313229190689789e+00 2.156966727945392392e+01
2.025870992352822419e+00 2.146420092807932178e+01
2.027428755514954606e+00 2.140611520799101797e+01
2.028986518677086348e+00 2.140546286789672692e+01
2.030544281839218979e+00 2.136062864319011112e+01
2.032102045001351165e+00 2.134750962787509110e+01
2.033659808163483795e+00 2.137719952121876688e+01
2.035217571325615094e+00 2.136742013059495449e+01
2.036775334487747280e+00 2.130783127125621235e+01
2.038333097649879910e+00 2.124846667774425057e+01
2.039890860812010764e+00 2.124244354707259674e+01
2.041448623974143395e+00 2.122947323137514886e+01
2.043006387136275581e+00 2.113460560251074938e+01
2.044564150298408212e+00 2.104524124275199881e+01
2.046121913460539510e+00 2.102885453812628924e+01
2.047679676622671696e+00 2.096979657560425281e+01
2.049237439784804327e+00 2.090382305197723767e+01
2.050795202946936069e+00 2.082501833468649721e+01
2.052352966109068699e+00 2.076282775528448354e+01
2.053910729271200886e+00 2.075216079891867338e+01
2.055468492433333516e+00 2.072655571620274984e+01
2.057026255595464814e+00 2.071704954984352298e+01
2.058584018757597001e+00 2.072403185776601475e+01
2.060141781919729631e+00 2.068430077331620609e+01
2.061699545081860485e+00 2.059719089767290257e+01
2.063257308243993116e+00 2.051652410873836629e+01
2.064815071406125302e+00 2.046585922988874628e+01
2.066372834568257932e+00 2.040449782011697977e+01
2.067930597730389231e+00 2.040881178930058937e+01
2.069488360892521417e+00 2.052839162084486091e+01
2.071046124054654047e+00 2.061699810219156603e+01
2.072603887216785790e+00 2.061828318849649833e+01
2.074161650378918420e+00 2.062110269798197848e+01
2.075719413541050606e+00 2.063492961982824525e+01
2.077277176703183237e+00 2.064182506464398159e+01
2.078834939865314535e+00 2.061199800579081653e+01
2.080392703027446721e+00 2.056720539962431005e+01
2.081950466189579352e+00 2.056161367534907214e+01
2.083508229351710206e+00 2.056549802353534062e+01
2.085065992513842836e+00 2.055786916157168775e+01
2.086623755675975023e+00 2.055839342054409968e+01
2.088181518838107653e+00 2.056255365811836455e+01
2.089739282000238951e+00 2.060628478068829850e+01
2.091297045162371138e+00 2.057729033986586842e+01
2.092854808324503768e+00 2.056426189675425675e+01
2.094412571486635510e+00 2.054260499117825134e+01
2.095970334648768141e+00 2.047827429223341866e+01
2.097528097810900327e+00 2.043566366310933091e+01
2.099085860973032958e+00 2.037943933599306590e+01
2.100643624135164256e+00 2.032183382423938411e+01
2.102201387297296442e+00 2.028100259752872248e+01
2.103759150459429073e+00 2.024530047727856896e+01
2.105316913621559927e+00 2.022130611093330899e+01
2.106874676783692557e+00 2.024367121049780849e+01
2.108432439945824743e+00 2.026453725250910409e+01
2.109990203107957374e+00 2.026480446943429214e+01
2.111547966270088672e+00 2.023672673068812955e+01
2.113105729432220858e+00 2.019618902016941320e+01
2.114663492594353489e+00 2.019431964908322641e+01
2.116221255756485231e+00 2.020508291150275682e+01
2.117779018918617862e+00 2.019473500488576079e+01
2.119336782080750048e+00 2.016803099817859035e+01
2.120894545242881346e+00 2.016912162675249931e+01
2.122452308405013977e+00 2.019380582873780838e+01
2.124010071567146163e+00 2.020447879836028449e+01
2.125567834729278793e+00 2.020473521408828077e+01
2.127125597891409647e+00 2.021269826747971265e+01
2.128683361053542278e+00 2.026483484947649316e+01
2.130241124215674464e+00 2.026572671000886672e+01
2.131798887377805762e+00 2.026887981388504301e+01
2.133356650539938393e+00 2.028330924348851738e+01
2.134914413702070579e+00 2.028567903694548136e+01
2.136472176864203210e+00 2.037817420272443059e+01
2.138029940026334952e+00 2.047773448294384835e+01
2.139587703188467582e+00 2.049691718460237411e+01
2.141145466350599769e+00 2.043393091792593097e+01
2.142703229512731067e+00 2.035965903240542119e+01
2.144260992674863697e+00 2.036871446966383203e+01
2.145818755836995884e+00 2.034908915113896910e+01
2.147376518999128514e+00 2.029475490803595861e+01
2.148934282161259368e+00 2.027240653999751174e+01
2.150492045323391999e+00 2.021899077288403745e+01
2.152049808485524185e+00 2.017962255456994569e+01
2.153607571647655483e+00 2.018517907521212607e+01
2.155165334809788114e+00 2.020173959713941869e+01
2.156723097971920300e+00 2.024348468807487578e+01
2.158280861134052930e+00 2.027455190786922046e+01
2.159838624296184673e+00 2.023817840667507895e+01
2.161396387458317303e+00 2.024114817949698519e+01
2.162954150620449489e+00 2.025346104441552342e+01
2.164511913782580788e+00 2.023970030784504459e+01
2.166069676944713418e+00 2.016869975170991225e+01
2.167627440106845604e+00 2.009751703796965572e+01
2.169185203268978235e+00 2.007432645876328081e+01
2.170742966431109089e+00 2.006681920944325626e+01
2.172300729593241719e+00 2.007481943708998173e+01
2.173858492755373906e+00 2.005723915535203972e+01
2.175416255917505204e+00 2.000145548839333998e+01
2.176974019079637834e+00 1.994655632918142629e+01
2.178531782241770021e+00 1.993253908451194434e+01
2.180089545403902651e+00 1.997860391896207943e+01
2.181647308566034393e+00 2.001583549091746050e+01
2.183205071728167024e+00 1.996367107151176867e+01
2.184762834890299210e+00 1.990203632779723364e+01
2.186320598052430508e+00 1.991668755805985569e+01
2.187878361214563139e+00 1.990712959415583327e+01
2.189436124376695325e+00 1.984815438594114312e+01
2.190993887538827956e+00 1.979095989199037930e+01
2.192551650700958810e+00 1.976250934325652153e+01
2.194109413863091440e+00 1.975685251652876673e+01
2.195667177025223626e+00 1.973970203578299731e+01
2.197224940187354925e+00 1.969319820332909288e+01
2.198782703349487555e+00 1.964964780727897775e+01
2.200340466511619741e+00 1.961842648776388387e+01
2.201898229673752372e+00 1.956631904831177948e+01
2.203455992835884114e+00 1.956743115421686952e+01
2.205013755998016300e+00 1.956633448512467410e+01
2.206571519160148931e+00 1.951064386111905691e+01
2.208129282322280229e+00 1.946505070552778349e+01
2.209687045484412860e+00 1.943073506137980644e+01
2.211244808646545046e+00 1.939350718952619701e+01
2.212802571808677676e+00 1.938810664061792721e+01
2.214360334970808530e+00 1.939112253407240161e+01
2.215918098132940717e+00 1.938601193965007496e+01
2.217475861295073347e+00 1.939637949479000767e+01
2.219033624457204645e+00 1.938631000566168794e+01
2.220591387619337276e+00 1.935066258134614969e+01
2.222149150781469462e+00 1.937302589347561366e+01
2.223706913943602093e+00 1.935079078699096300e+01
2.225264677105733835e+00 1.914710853323727591e+01
2.226822440267866021e+00 1.906172413924036135e+01
2.228380203429998652e+00 1.911803649971500363e+01
2.229937966592129950e+00 1.914687661052301593e+01
2.231495729754262580e+00 1.913110045040526330e+01
2.233053492916394767e+00 1.908865493731958907e+01
2.234611256078527397e+00 1.909788786849876985e+01
2.236169019240658251e+00 1.915021654583876298e+01
2.237726782402790437e+00 1.913970002371410928e+01
2.239284545564923068e+00 1.908825988027324883e+01
2.240842308727054366e+00 1.907881392092897244e+01
2.242400071889186997e+00 1.910170057276689093e+01
2.243957835051319183e+00 1.910341436796981895e+01
2.245515598213451813e+00 1.905778373831684291e+01
2.247073361375583556e+00 1.903236772134614796e+01
2.248631124537715742e+00 1.901583875633222220e+01
2.250188887699848372e+00 1.894498488999325758e+01
2.251746650861979671e+00 1.893585073345607483e+01
2.253304414024112301e+00 1.894155496281720019e+01
2.254862177186244487e+00 1.890290027505842119e+01
2.256419940348377118e+00 1.890673497244756263e+01
2.257977703510507972e+00 1.890473573971015142e+01
2.259535466672640158e+00 1.888156643889519160e+01
2.261093229834772789e+00 1.892456390242336184e+01
2.262650992996904087e+00 1.897393253600431962e+01
2.264208756159036717e+00 1.903357889678491688e+01
2.265766519321168904e+00 1.900843229568752335e+01
2.267324282483301534e+00 1.897572325997962395e+01
2.268882045645433276e+00 1.899127528504227058e+01
2.270439808807565463e+00 1.897314809337725094e+01
2.271997571969698093e+00 1.893038234849483814e+01
2.273555335131829391e+00 1.891461591982892898e+01
2.275113098293962022e+00 1.890756875374650292e+01
2.276670861456094208e+00 1.888619784649555200e+01
2.278228624618225062e+00 1.887357713015450855e+01
2.279786387780357693e+00 1.889185729520491819e+01
2.281344150942489879e+00 1.893290260150541826e+01
2.282901914104622509e+00 1.895773204973396631e+01
2.284459677266753808e+00 1.896766239718761682e+01
2.286017440428886438e+00 1.892812262251575461e+01
2.287575203591018624e+00 1.890548377390871693e+01
2.289132966753150367e+00 1.888844591697010600e+01
2.290690729915282997e+00 1.882357913984965236e+01
2.292248493077415183e+00 1.874485470713170798e+01
2.293806256239547814e+00 1.869578670968251899e+01
2.295364019401679556e+00 1.866248116132123158e+01
2.296921782563812187e+00 1.866023115219259765e+01
2.298479545725944373e+00 1.867749267295994642e+01
2.300037308888074339e+00 1.865195554868491712e+01
2.301595072050206969e+00 1.864752757799849547e+01
2.303152835212339156e+00 1.868677069093635623e+01
2.304710598374471786e+00 1.872569556263769641e+01
2.306268361536603528e+00 1.876562762853653865e+01
2.307826124698736159e+00 1.880939320512516133e+01
2.309383887860868345e+00 1.882582594145696930e+01
2.310941651023000087e+00 1.878003120333004361e+01
2.312499414185132718e+00 1.872431120910568936e+01
2.314057177347264904e+00 1.872323229636009856e+01
2.315614940509397535e+00 1.878094679507742271e+01
2.317172703671529277e+00 1.879425063515959593e+01
2.318730466833661907e+00 1.876197878203114300e+01
2.320288229995794094e+00 1.874521411933056925e+01
2.321845993157924060e+00 1.879066440082919343e+01
2.323403756320056690e+00 1.881380418820903699e+01
2.324961519482188876e+00 1.876887833034775710e+01
2.326519282644321507e+00 1.874290702991441648e+01
2.328077045806453249e+00 1.876280947305139790e+01
2.329634808968585880e+00 1.880065234035950539e+01
2.331192572130718066e+00 1.884801413286184157e+01
2.332750335292849808e+00 1.890078884995005026e+01
2.334308098454982439e+00 1.890238707815498387e+01
2.335865861617114625e+00 1.885631591585739031e+01
2.337423624779247255e+00 1.881450595443627805e+01
2.338981387941378998e+00 1.886253626846445641e+01
2.340539151103511628e+00 1.892177934983737941e+01
2.342096914265643814e+00 1.899717006534969954e+01
2.343654677427773780e+00 1.901540084325000635e+01
2.345212440589906411e+00 1.897655399008472088e+01
2.346770203752038597e+00 1.894520097572810258e+01
2.348327966914171228e+00 1.892869575621027067e+01
2.349885730076302970e+00 1.892988880766281667e+01
2.351443493238435600e+00 1.889772088628307856e+01
2.353001256400567787e+00 1.886974176246452828e+01
2.354559019562699529e+00 1.885690050938610085e+01
2.356116782724832159e+00 1.885704680960921920e+01
2.357674545886964346e+00 1.886103380695413279e+01
2.359232309049096976e+00 1.884220472659463042e+01
2.360790072211228718e+00 1.875607105842241396e+01
2.362347835373360905e+00 1.868947295052869961e+01
2.363905598535493535e+00 1.862968144882665200e+01
2.365463361697623501e+00 1.857252858304742915e+01
2.367021124859756132e+00 1.854997502842300605e+01
2.368578888021888318e+00 1.847850523813894341e+01
2.370136651184020948e+00 1.839751728524117524e+01
2.371694414346152691e+00 1.830571978990082727e+01
2.373252177508284877e+00 1.819116794801545112e+01
2.374809940670417507e+00 1.812787909328723401e+01
2.376367703832549250e+00 1.809740736455228927e+01
2.377925466994681880e+00 1.809827936184511188e+01
2.379483230156814066e+00 1.814595438371474501e+01
2.381040993318946697e+00 1.825933499221829592e+01
2.382598756481078439e+00 1.826619445135715836e+01
2.384156519643210626e+00 1.816087992972074261e+01
2.385714282805343256e+00 1.812021742216288800e+01
2.387272045967473222e+00 1.813978327111334110e+01
2.388829809129605852e+00 1.813035659256674137e+01
2.390387572291738039e+00 1.810479540774745999e+01
2.391945335453870669e+00 1.805085631007140279e+01
2.393503098616002411e+00 1.797779084910014902e+01
2.395060861778134598e+00 1.795677934736124826e+01
2.396618624940267228e+00 1.795653922015416271e+01
2.398176388102398970e+00 1.791613300972665002e+01
2.399734151264531601e+00 1.786118638469212527e+01
2.401291914426663787e+00 1.783708008821430013e+01
2.402849677588796418e+00 1.778428394166924420e+01
2.404407440750928160e+00 1.777655753812075901e+01
2.405965203913060346e+00 1.777281641769643272e+01
2.407522967075192977e+00 1.769639233037716153e+01
2.409080730237322943e+00 1.768703792091076465e+01
2.410638493399455573e+00 1.771700450627294643e+01
2.412196256561587759e+00 1.769830139323978813e+01
2.413754019723720390e+00 1.767817720408667270e+01
2.415311782885852132e+00 1.768837769378591318e+01
2.416869546047984318e+00 1.768012134141917358e+01
2.418427309210116949e+00 1.763053540826840759e+01
2.419985072372248691e+00 1.756448253677053373e+01
2.421542835534381322e+00 1.759817955032924175e+01
2.423100598696513508e+00 1.764849452327162282e+01
2.424658361858646138e+00 1.768235692220702049e+01
2.426216125020777881e+00 1.771700941201797974e+01
2.427773888182910067e+00 1.777157917750473004e+01
2.429331651345042697e+00 1.780273537043036569e+01
2.430889414507172663e+00 1.779809266969667902e+01
2.432447177669305294e+00 1.781136007339278038e+01
2.434004940831437480e+00 1.786908909819907265e+01
2.435562703993569222e+00 1.792496015800913867e+01
2.437120467155701853e+00 1.792305693405895894e+01
2.438678230317834039e+00 1.787364401240523293e+01
2.440235993479966670e+00 1.778940952932023833e+01
2.441793756642098412e+00 1.776014060768951452e+01
2.443351519804231042e+00 1.773142962757287222e+01
2.444909282966363229e+00 1.773094595697012110e+01
2.446467046128494971e+00 1.776889254155883435e+01
2.448024809290627601e+00 1.775585941405681112e+01
2.449582572452759788e+00 1.773200837945833541e+01
2.451140335614892418e+00 1.778562769428721069e+01
2.452698098777022384e+00 1.782205723110834583e+01
2.454255861939155015e+00 1.777941272390847516e+01
2.455813625101287201e+00 1.777767202384782053e+01
2.457371388263418943e+00 1.779101997291799009e+01
2.458929151425551574e+00 1.774125585641789726e+01
2.460486914587683760e+00 1.773587130302306036e+01
2.462044677749816390e+00 1.779582820458963255e+01
2.463602440911948133e+00 1.783415858573408030e+01
2.465160204074080763e+00 1.779650078105104782e+01
2.466717967236212949e+00 1.780835110144719735e+01
2.468275730398344692e+00 1.785840341539870479e+01
2.469833493560477322e+00 1.786542484086916716e+01
2.471391256722609509e+00 1.783686112148710023e+01
2.472949019884742139e+00 1.782510755050101281e+01
2.474506783046872105e+00 1.786562772990622250e+01
2.476064546209004735e+00 1.789869843190107446e+01
2.477622309371136922e+00 1.788407107033821575e+01
2.479180072533268664e+00 1.789315182565637485e+01
2.480737835695401294e+00 1.797060322266685617e+01
2.482295598857533481e+00 1.805671268261278328e+01
2.483853362019666111e+00 1.805792540087320575e+01
2.485411125181797853e+00 1.804955171313639894e+01
2.486968888343930484e+00 1.806370886428641853e+01
2.488526651506062670e+00 1.803157496309884422e+01
2.490084414668194412e+00 1.801349404517490171e+01
2.491642177830327043e+00 1.803358548774287584e+01
2.493199940992459229e+00 1.802829463281603850e+01
2.494757704154591860e+00 1.798190446158562139e+01
2.496315467316721826e+00 1.793552084186739748e+01
2.497873230478854456e+00 1.784731066056926352e+01
2.499430993640986642e+00 1.775302138786759443e+01
2.500988756803118385e+00 1.763282732287034804e+01
2.502546519965251015e+00 1.760875289577998259e+01
2.504104283127383201e+00 1.764069494722616938e+01
2.505662046289515832e+00 1.760150949824351230e+01
2.507219809451647574e+00 1.756766306038038294e+01
2.508777572613780205e+00 1.753413468422159127e+01
2.510335335775912391e+00 1.749528361403009313e+01
2.511893098938044133e+00 1.747418732380486261e+01
2.513450862100176764e+00 1.744570676355782979e+01
2.515008625262308950e+00 1.741015913235837687e+01
2.516566388424441580e+00 1.739017940822588315e+01
2.518124151586571546e+00 1.736376972398553420e+01
2.519681914748703733e+00 1.734863506966227575e+01
2.521239677910836363e+00 1.732989666971439391e+01
2.522797441072968105e+00 1.734620408886128473e+01
2.524355204235100736e+00 1.737402532534465038e+01
2.525912967397232922e+00 1.739835177870127936e+01
2.527470730559365553e+00 1.748013468013937910e+01
2.529028493721497295e+00 1.758649143627787126e+01
2.530586256883629481e+00 1.763657501038047926e+01
2.532144020045762112e+00 1.766444793073985053e+01
2.533701783207893854e+00 1.766595929976043067e+01
2.535259546370026484e+00 1.760938222033439615e+01
2.536817309532158671e+00 1.755081833962994864e+01
2.538375072694291301e+00 1.752378251414959820e+01
2.539932835856421267e+00 1.757648413028832834e+01
2.541490599018553453e+00 1.755746265694114783e+01
2.543048362180686084e+00 1.742988404505113920e+01
2.544606125342817826e+00 1.739537254149624701e+01
2.546163888504950457e+00 1.739211033658241234e+01
2.547721651667082643e+00 1.738959655800136161e+01
2.549279414829215273e+00 1.742026939288934173e+01
2.550837177991347016e+00 1.743384579520905220e+01
2.552394941153479202e+00 1.744177279229617028e+01
2.553952704315611832e+00 1.744282873153242974e+01
2.555510467477743575e+00 1.744076418459087563e+01
2.557068230639876205e+00 1.745417927599940811e+01
2.558625993802008391e+00 1.747432040575671763e+01
2.560183756964141022e+00 1.754870467139926049e+01
2.561741520126270988e+00 1.763453382811094272e+01
2.563299283288403174e+00 1.768968190006767927e+01
2.564857046450535805e+00 1.768400707249633541e+01
2.566414809612667547e+00 1.764143056765066575e+01
2.567972572774800177e+00 1.762815482177073179e+01
2.569530335936932364e+00 1.765700036396918193e+01
2.571088099099064994e+00 1.770688278070324628e+01
2.572645862261196736e+00 1.774960187768015629e+01
2.574203625423328923e+00 1.775386570331519920e+01
2.575761388585461553e+00 1.770017457957878548e+01
2.577319151747593295e+00 1.765742722549414978e+01
2.578876914909725926e+00 1.764094023286462232e+01
2.580434678071858112e+00 1.757194578646708649e+01
2.581992441233990743e+00 1.749975216984534043e+01
2.583550204396120709e+00 1.747562984305862344e+01
2.585107967558252895e+00 1.748187262884633597e+01
2.586665730720385525e+00 1.751254367220601083e+01
2.588223493882517268e+00 1.752255848565890162e+01
2.589781257044649898e+00 1.747605709064085033e+01
2.591339020206782084e+00 1.742180839077035870e+01
2.592896783368913827e+00 1.739445309719540589e+01
2.594454546531046457e+00 1.739816449654536612e+01
2.596012309693178643e+00 1.740087740941025629e+01
2.597570072855311274e+00 1.737370867132661800e+01
2.599127836017443016e+00 1.735678603891944505e+01
2.600685599179575647e+00 1.734094538227489934e+01
2.602243362341707833e+00 1.736210722551025754e+01
2.603801125503837799e+00 1.742936087424166658e+01
2.605358888665970429e+00 1.748520678684808516e+01
2.606916651828102616e+00 1.746605606631670682e+01
2.608474414990235246e+00 1.744779684770631434e+01
2.610032178152366988e+00 1.748188766005582195e+01
2.611589941314499619e+00 1.747614785839720497e+01
2.613147704476631805e+00 1.743430448804010169e+01
2.614705467638763547e+00 1.742054336596209652e+01
2.616263230800896178e+00 1.735362025256973340e+01
2.617820993963028364e+00 1.730268221984838561e+01
2.619378757125160995e+00 1.725258607815065304e+01
2.620936520287292737e+00 1.724895645867662708e+01
2.622494283449425367e+00 1.727778025547040741e+01
2.624052046611557554e+00 1.727770411192022948e+01
2.625609809773687520e+00 1.725165860326616496e+01
2.627167572935820150e+00 1.723524926160286697e+01
2.628725336097952336e+00 1.720665533396961067e+01
2.630283099260084967e+00 1.714642215021562421e+01
2.631840862422216709e+00 1.705527711334426044e+01
2.633398625584349340e+00 1.696169303558687247e+01
2.634956388746481526e+00 1.688251881409523492e+01
2.636514151908613268e+00 1.680269826919728970e+01
2.638071915070745899e+00 1.669747036823308051e+01
2.639629678232878085e+00 1.666562907800142312e+01
2.641187441395010715e+00 1.661360973834829124e+01
2.642745204557142458e+00 1.650649623541678324e+01
2.644302967719275088e+00 1.642212046830938732e+01
2.645860730881407274e+00 1.633514862264351564e+01
2.647418494043537240e+00 1.625456109053867593e+01
2.648976257205669871e+00 1.618428180740204070e+01
2.650534020367802057e+00 1.612221745007228080e+01
2.652091783529934688e+00 1.605567327735837679e+01
2.653649546692066430e+00 1.596818287702057404e+01
2.655207309854199060e+00 1.594165093725834481e+01
2.656765073016331247e+00 1.599688199520571175e+01
2.658322836178462989e+00 1.596626273841079602e+01
2.659880599340595619e+00 1.591099166291232514e+01
2.661438362502727806e+00 1.589224326050054259e+01
2.662996125664860436e+00 1.585961229844976650e+01
2.664553888826992178e+00 1.586950303362367976e+01
2.666111651989124809e+00 1.590192758661470940e+01
2.667669415151257439e+00 1.590087493482959502e+01
2.669227178313386517e+00 1.588076053725828807e+01
2.670784941475519148e+00 1.587555289872926423e+01
2.672342704637651778e+00 1.588409047242918248e+01
2.673900467799784408e+00 1.590829207740442186e+01
2.675458230961915707e+00 1.593332651979777026e+01
2.677015994124048337e+00 1.590293555346265109e+01
2.678573757286180967e+00 1.584146635985932861e+01
2.680131520448312710e+00 1.587799499310709272e+01
2.681689283610445340e+00 1.585094087854500167e+01
2.683247046772577971e+00 1.569905569083718611e+01
2.684804809934710601e+00 1.561792953682359020e+01
2.686362573096841899e+00 1.563242422987568503e+01
2.687920336258974530e+00 1.558376430446388028e+01
2.689478099421107160e+00 1.550673251182875312e+01
2.691035862583236238e+00 1.549466908226125739e+01
2.692593625745368868e+00 1.550759113723939642e+01
2.694151388907501499e+00 1.555384180459265586e+01
2.695709152069634129e+00 1.557559947896193897e+01
2.697266915231765427e+00 1.557817357467320463e+01
2.698824678393898058e+00 1.561246167044759225e+01
2.700382441556030688e+00 1.562515761788032975e+01
2.701940204718162430e+00 1.565246545160209202e+01
2.703497967880295061e+00 1.571696688774232697e+01
2.705055731042427691e+00 1.578590761039163937e+01
2.706613494204560322e+00 1.583999750445868671e+01
2.708171257366691620e+00 1.587179467241019282e+01
2.709729020528824250e+00 1.589201058091366114e+01
2.711286783690956881e+00 1.593736013783253291e+01
2.712844546853085959e+00 1.595863674708864721e+01
2.714402310015218589e+00 1.600035332742181282e+01
2.715960073177351219e+00 1.594917494819223691e+01
2.717517836339483850e+00 1.586839243671336952e+01
2.719075599501615148e+00 1.583078725056618374e+01
2.720633362663747778e+00 1.579647931062193855e+01
2.722191125825880409e+00 1.583537361212701633e+01
2.723748888988012151e+00 1.585844716697638823e+01
2.725306652150144782e+00 1.582310697380787978e+01
2.726864415312277412e+00 1.583182555242925638e+01
2.728422178474410043e+00 1.580258490323827480e+01
2.729979941636541341e+00 1.578288705801184122e+01
2.731537704798673971e+00 1.582953473157813562e+01
2.733095467960806602e+00 1.584565075103266985e+01
2.734653231122935679e+00 1.585549094853739760e+01
2.736210994285068310e+00 1.590799190441745026e+01
2.737768757447200940e+00 1.598107377004836316e+01
2.739326520609333571e+00 1.601422170757201613e+01
2.740884283771464869e+00 1.602574800803587607e+01
2.742442046933597499e+00 1.600646397977173407e+01
2.743999810095730130e+00 1.596104430995887213e+01
2.745557573257861872e+00 1.592647300468148153e+01
2.747115336419994502e+00 1.589032414319196995e+01
2.748673099582127133e+00 1.590560159281139541e+01
2.750230862744259763e+00 1.595022868734409727e+01
2.751788625906391061e+00 1.597888377730435572e+01
2.753346389068523692e+00 1.602956721491402448e+01
2.754904152230656322e+00 1.606472340644728547e+01
2.756461915392785400e+00 1.605993230210171419e+01
2.758019678554918030e+00 1.606584310624528555e+01
2.759577441717050661e+00 1.607401953947665874e+01
2.761135204879181959e+00 1.605782358270215937e+01
2.762692968041314590e+00 1.604537065525900275e+01
2.764250731203447220e+00 1.595887350043916975e+01
2.765808494365579850e+00 1.589254790058048350e+01
2.767366257527711593e+00 1.590267336745300852e+01
2.768924020689844223e+00 1.588918035744440438e+01
2.770481783851976854e+00 1.584129418139446877e+01
2.772039547014108152e+00 1.583245237261784411e+01
2.773597310176240782e+00 1.579507881970454797e+01
2.775155073338373413e+00 1.571003735757582120e+01
2.776712836500506043e+00 1.564309270388650930e+01
2.778270599662635121e+00 1.555199538417146066e+01
2.779828362824767751e+00 1.546256753528345129e+01
2.781386125986900382e+00 1.544807616633193703e+01
2.782943889149031680e+00 1.543543156676788364e+01
2.784501652311164310e+00 1.540006739762591437e+01
2.786059415473296941e+00 1.536140665540701100e+01
2.787617178635429571e+00 1.533720565945844783e+01
2.789174941797561313e+00 1.534931722333121762e+01
2.790732704959693944e+00 1.537132809390122112e+01
2.792290468121826574e+00 1.531940562108732529e+01
2.793848231283957873e+00 1.520887468408856691e+01
2.795405994446090503e+00 1.513873162006525241e+01
2.796963757608223133e+00 1.512520958609151300e+01
2.798521520770355764e+00 1.512805134881529590e+01
2.800079283932484842e+00 1.515402750525148079e+01
2.801637047094617472e+00 1.516998203578927829e+01
2.803194810256750102e+00 1.514163173021342956e+01
2.804752573418881401e+00 1.511023704066547424e+01
2.806310336581014031e+00 1.510539720918628426e+01
2.807868099743146661e+00 1.513785796728004485e+01
2.809425862905279292e+00 1.519332608284735464e+01
2.810983626067411034e+00 1.521172549069204472e+01
2.812541389229543665e+00 1.526643812332918060e+01
2.814099152391676295e+00 1.533536883029692000e+01
2.815656915553807593e+00 1.536925214768857195e+01
2.817214678715940224e+00 1.537651165880729565e+01
2.818772441878072854e+00 1.538085525350373572e+01
2.820330205040205485e+00 1.537104203723911766e+01
2.821887968202334562e+00 1.533910339081430152e+01
2.823445731364467193e+00 1.528847426556580302e+01
2.825003494526599823e+00 1.526266283325655593e+01
2.826561257688731121e+00 1.524206209516181332e+01
2.828119020850863752e+00 1.521953603597946980e+01
2.829676784012996382e+00 1.522431496989302957e+01
2.831234547175129013e+00 1.521208850980985794e+01
2.832792310337260755e+00 1.521919381192027565e+01
2.834350073499393385e+00 1.524883173727489272e+01
2.835907836661526016e+00 1.522245152721898087e+01
2.837465599823657314e+00 1.522969890771024382e+01
2.839023362985789944e+00 1.531233737816332763e+01
2.840581126147922575e+00 1.532874131233384674e+01
2.842138889310055205e+00 1.528230138359096557e+01
2.843696652472184283e+00 1.526340268534146105e+01
2.845254415634316913e+00 1.528647087723413378e+01
2.846812178796449544e+00 1.534863559679025080e+01
2.848369941958580842e+00 1.536931086585410178e+01
2.849927705120713473e+00 1.534210534977861151e+01
2.851485468282846103e+00 1.531226256113885675e+01
2.853043231444978733e+00 1.530091943240801555e+01
2.854600994607110476e+00 1.533569201518654879e+01
2.856158757769243106e+00 1.537525476504036170e+01
2.857716520931375737e+00 1.536964375583649733e+01
2.859274284093507035e+00 1.536229785868394693e+01
2.860832047255639665e+00 1.535906099129129032e+01
2.862389810417772296e+00 1.535130427808201503e+01
2.863947573579904926e+00 1.534083382191054312e+01
2.865505336742034004e+00 1.537521676375542512e+01
2.867063099904166634e+00 1.538107905259148467e+01
2.868620863066299265e+00 1.535272617808507256e+01
2.870178626228430563e+00 1.534592674417893576e+01
2.871736389390563193e+00 1.533108486108685398e+01
2.873294152552695824e+00 1.533254861410468095e+01
2.874851915714828454e+00 1.538444072117975736e+01
2.876409678876960196e+00 1.544267885162153853e+01
2.877967442039092827e+00 1.545277106631226971e+01
2.879525205201225457e+00 1.545018827306902764e+01
2.881082968363356756e+00 1.545175436038215011e+01
2.882640731525489386e+00 1.542417914226487952e+01
2.884198494687622016e+00 1.543071838194328471e+01
2.885756257849754647e+00 1.543789106616694085e+01
2.887314021011883725e+00 1.544263349141005648e+01
2.888871784174016355e+00 1.546724787175464755e+01
2.890429547336148985e+00 1.547529307197110704e+01
2.891987310498280284e+00 1.545620031467155542e+01
2.893545073660412914e+00 1.541038150865581358e+01
2.895102836822545544e+00 1.540520121737760562e+01
2.896660599984678175e+00 1.542211229584557941e+01
2.898218363146809917e+00 1.544397620044698449e+01
2.899776126308942548e+00 1.547186937753740565e+01
2.901333889471075178e+00 1.554822074548770949e+01
2.902891652633206476e+00 1.562847983511553451e+01
2.904449415795339107e+00 1.558841893680180668e+01
2.906007178957471737e+00 1.552143164756178884e+01
2.907564942119604368e+00 1.548250964962920229e+01
2.909122705281733445e+00 1.545724358619670369e+01
2.910680468443865632e+00 1.542080675935308065e+01
2.912238231605998262e+00 1.535284350820091070e+01
2.913795994768130004e+00 1.530773050759030518e+01
2.915353757930262635e+00 1.526953100733079260e+01
2.916911521092395265e+00 1.522323569088207940e+01
2.918469284254527008e+00 1.513869515809432187e+01
2.920027047416659638e+00 1.512568100639187563e+01
2.921584810578792268e+00 1.514239883097762984e+01
2.923142573740924899e+00 1.510033644975348466e+01
2.924700336903056641e+00 1.506499098439888229e+01
2.926258100065189272e+00 1.504517082566087183e+01
2.927815863227321458e+00 1.505023942099368384e+01
2.929373626389450536e+00 1.503948030074739250e+01
2.930931389551583166e+00 1.506713734217761846e+01
2.932489152713715352e+00 1.512257949481383257e+01
2.934046915875847983e+00 1.514080866093416766e+01
2.935604679037979725e+00 1.512367342516482793e+01
2.937162442200112356e+00 1.509782225461959548e+01
2.938720205362244986e+00 1.508103559393486037e+01
2.940277968524376728e+00 1.505407812864738304e+01
2.941835731686509359e+00 1.503161335324903369e+01
2.943393494848641989e+00 1.501092438774393933e+01
2.944951258010774620e+00 1.498101033988791286e+01
2.946509021172906362e+00 1.492764112706543855e+01
2.948066784335038992e+00 1.492407445675291555e+01
2.949624547497171179e+00 1.502517800020381067e+01
2.951182310659300256e+00 1.508739744566628360e+01
2.952740073821432887e+00 1.509751355773239467e+01
2.954297836983565073e+00 1.510175814977986697e+01
2.955855600145697704e+00 1.506215777305037840e+01
2.957413363307829446e+00 1.502469212708942692e+01
2.958971126469962076e+00 1.498265303497360179e+01
2.960528889632094707e+00 1.497212424991510993e+01
2.962086652794226449e+00 1.499374880151009215e+01
2.963644415956359079e+00 1.496666496120638534e+01
2.965202179118491710e+00 1.491923067191937236e+01
2.966759942280624340e+00 1.489829499166911120e+01
2.968317705442756083e+00 1.485459478836962255e+01
2.969875468604888713e+00 1.481141840580318991e+01
2.971433231767020899e+00 1.474062016532224995e+01
2.972990994929149977e+00 1.465683178360014516e+01
2.974548758091282608e+00 1.461092825480923985e+01
2.976106521253414794e+00 1.458268474917758084e+01
2.977664284415547424e+00 1.451166532045760249e+01
2.979222047577679167e+00 1.450414257829473819e+01
2.980779810739811797e+00 1.453229337548024347e+01
2.982337573901944427e+00 1.452012177063475740e+01
2.983895337064076170e+00 1.449256137038378434e+01
2.985453100226208800e+00 1.444336624995618301e+01
2.987010863388341431e+00 1.440461182588309974e+01
2.988568626550474061e+00 1.441679775857547874e+01
2.990126389712605803e+00 1.438512885123537899e+01
2.991684152874738434e+00 1.438207935777862190e+01
2.993241916036870620e+00 1.437161473827149116e+01
2.994799679198999698e+00 1.434171762276160678e+01
2.996357442361132328e+00 1.435363068804867659e+01
2.997915205523264515e+00 1.436797939036531346e+01
2.999472968685397145e+00 1.442926118660755819e+01
3.001030731847528887e+00 1.449931158542540821e+01
3.002588495009661518e+00 1.450604344353611985e+01
3.004146258171794148e+00 1.451253521403160462e+01
3.005704021333925891e+00 1.454057392509259294e+01
3.007261784496058521e+00 1.455530254418912151e+01
3.008819547658191151e+00 1.455742999873337062e+01
3.010377310820323782e+00 1.456640302210327675e+01
3.011935073982455524e+00 1.459593462571976907e+01
3.013492837144587710e+00 1.464296727367090867e+01
3.015050600306720341e+00 1.467045825339932996e+01
3.016608363468849419e+00 1.468384800550178682e+01
3.018166126630982049e+00 1.468092537099337846e+01
3.019723889793114235e+00 1.468892948429985168e+01
3.021281652955246866e+00 1.471194417099732554e+01
3.022839416117378608e+00 1.471710204467789751e+01
3.024397179279511239e+00 1.469961617844372270e+01
3.025954942441643869e+00 1.467053257791134335e+01
3.027512705603775611e+00 1.468153632576116330e+01
3.029070468765908242e+00 1.471692890340311521e+01
3.030628231928040872e+00 1.470436080531347400e+01
3.032185995090173503e+00 1.467133256513897166e+01
3.033743758252305245e+00 1.465123139205643632e+01
3.035301521414437431e+00 1.462532615297051031e+01
3.036859284576570062e+00 1.463189458470473703e+01
3.038417047738699139e+00 1.461760726779076869e+01
3.039974810900831770e+00 1.462361524833059256e+01
3.041532574062963956e+00 1.466499496349329767e+01
3.043090337225096587e+00 1.465588277011155327e+01
3.044648100387228329e+00 1.460279795198472108e+01
3.046205863549360959e+00 1.453513053042311398e+01
3.047763626711493590e+00 1.451677784589213083e+01
3.049321389873625332e+00 1.456369976737787297e+01
3.050879153035757962e+00 1.454575575010479582e+01
3.052436916197890593e+00 1.451416150089366752e+01
3.053994679360023223e+00 1.450027206445225225e+01
3.055552442522154966e+00 1.448827447570386262e+01
3.057110205684287152e+00 1.444140540086100089e+01
3.058667968846419782e+00 1.438552727767864248e+01
3.060225732008548860e+00 1.438949230087613707e+01
3.061783495170681491e+00 1.443719042497315819e+01
3.063341258332813677e+00 1.453759178808111940e+01
3.064899021494946307e+00 1.458852680256772238e+01
3.066456784657078050e+00 1.455868379755473363e+01
3.068014547819210680e+00 1.457392776843601645e+01
3.069572310981343310e+00 1.456226921713677847e+01
3.071130074143475053e+00 1.452082824461417943e+01
3.072687837305607683e+00 1.450029623401707290e+01
3.074245600467740314e+00 1.450589780392612482e+01
3.075803363629872056e+00 1.449332870746897761e+01
3.077361126792004686e+00 1.442376970285851279e+01
3.078918889954136873e+00 1.437252100909400099e+01
3.080476653116269503e+00 1.435933769356615031e+01
3.082034416278398581e+00 1.439750292824392730e+01
3.083592179440531211e+00 1.442631792454282547e+01
3.085149942602663398e+00 1.445181230369098202e+01
3.086707705764795140e+00 1.445345591346818281e+01
3.088265468926927770e+00 1.437407817893739370e+01
3.089823232089060401e+00 1.433372399288971621e+01
3.091380995251193031e+00 1.436704364276446810e+01
3.092938758413324773e+00 1.437392310023949804e+01
3.094496521575457404e+00 1.438724660229098973e+01
3.096054284737590034e+00 1.446575972988865288e+01
3.097612047899721777e+00 1.453061709258750867e+01
3.099169811061854407e+00 1.457338092683381703e+01
3.100727574223986593e+00 1.462940256407122774e+01
3.102285337386119224e+00 1.466969720339326777e+01
3.103843100548248302e+00 1.466247308220281020e+01
3.105400863710380932e+00 1.465710573226900237e+01
3.106958626872513118e+00 1.466005028824806722e+01
3.108516390034644861e+00 1.464313919158150945e+01
3.110074153196777491e+00 1.482606162194869626e+01
3.111631916358910122e+00 1.500181952864194557e+01
3.113189679521042752e+00 1.499205609302805975e+01
3.114747442683174494e+00 1.497127518712408367e+01
3.116305205845307125e+00 1.494882223498468576e+01
3.117862969007439755e+00 1.492469723660986958e+01
3.119420732169571497e+00 1.489890019199963334e+01
3.120978495331704128e+00 1.487143110115397704e+01
3.122536258493836314e+00 1.484228996407289891e+01
3.124094021655968945e+00 1.481147678075640250e+01
3.125651784818098022e+00 1.477899155120448604e+01
3.127209547980230653e+00 1.474483427541714953e+01
3.128767311142362839e+00 1.470900495339439473e+01
3.130325074304494581e+00 1.467150358513621811e+01
3.131882837466627212e+00 1.463233017064262143e+01
3.133440600628759842e+00 1.459148470991360469e+01
3.134998363790892473e+00 1.454896720294916967e+01
3.136556126953024215e+00 1.450477764974931283e+01
3.138113890115156845e+00 1.445891605031403770e+01
3.139671653277289476e+00 1.441138240464334075e+01
3.141229416439421218e+00 1.436217671273722551e+01
3.142787179601553849e+00 1.431129897459569023e+01
3.144344942763686035e+00 1.425874919021873488e+01
3.145902705925818665e+00 1.420452735960635948e+01
3.147460469087947743e+00 1.414863348275856403e+01
3.149018232250080374e+00 1.409106755967534852e+01
3.150575995412212560e+00 1.403182959035671296e+01
3.152133758574344302e+00 1.397091957480265734e+01
3.153691521736476933e+00 1.390833751301318344e+01
3.155249284898609563e+00 1.384408340498828771e+01
3.156807048060742193e+00 1.377815725072797370e+01
3.158364811222873936e+00 1.371055905023223787e+01
3.159922574385006566e+00 1.364128880350108375e+01
3.161480337547139197e+00 1.357034651053450780e+01
3.163038100709270939e+00 1.349773217133251357e+01
3.164595863871403569e+00 1.342344578589509929e+01
3.166153627033535756e+00 1.334748735422226495e+01
3.167711390195668386e+00 1.326985687631401056e+01
3.169269153357797464e+00 1.319055435217033612e+01
3.170826916519929650e+00 1.310957978179124161e+01
3.172384679682062281e+00 1.302693316517672706e+01
3.173942442844194023e+00 1.294261450232679245e+01
3.175500206006326653e+00 1.285662379324143956e+01
3.177057969168459284e+00 1.276896103792066484e+01
3.178615732330591914e+00 1.267962623636447184e+01
3.180173495492723656e+00 1.258861938857285701e+01
3.181731258654856287e+00 1.249594049454582390e+01
3.183289021816988917e+00 1.240158955428337073e+01
3.184846784979120660e+00 1.230556656778549574e+01
3.186404548141253290e+00 1.220787153505220246e+01
3.187962311303385476e+00 1.210850445608349091e+01
3.189520074465518107e+00 1.200746533087935575e+01
