-2.446074535755994983e+00 -4.199429185163629604e-22
-2.444879871758067758e+00 -3.857366670375455734e-22
-2.443685207760140088e+00 -3.524100607190240242e-22
-2.442490543762212418e+00 -3.199630995607982658e-22
-2.441295879764285193e+00 -2.883957835628684391e-22
-2.440101215766359299e+00 -2.577081127252343562e-22
-2.438906551768432074e+00 -2.279000870478961581e-22
-2.437711887770503960e+00 -1.989717065308537508e-22
-2.436517223772576290e+00 -1.709229711741072282e-22
-2.435322559774649065e+00 -1.437538809776565434e-22
-2.434127895776723172e+00 -1.174644359415016494e-22
-2.432933231778795502e+00 -9.205463606564264017e-23
-2.431738567780868276e+00 -6.752448135007946871e-23
-2.430543903782940607e+00 -4.387397179481213502e-23
-2.429349239785012493e+00 -2.110310739984063910e-23
-2.428154575787085268e+00 7.881118348350660574e-25
-2.426959911789159374e+00 2.179968590921488642e-23
-2.425765247791232149e+00 4.193161482329886902e-23
-2.424570583793304479e+00 6.118389857708715489e-23
-2.423375919795376809e+00 7.955653717057946194e-23
-2.422181255797449584e+00 9.704953060377597823e-23
-2.420986591799523691e+00 1.136628788766766097e-22
-2.419791927801596465e+00 1.293965819892814505e-22
-2.418597263803668351e+00 1.442506399415904064e-22
-2.417402599805740682e+00 1.582250527336034776e-22
-2.416207935807813456e+00 1.713198203653208520e-22
-2.415013271809885786e+00 1.835349428367423417e-22
-2.413818607811959893e+00 1.948704201478679465e-22
-2.412623943814032668e+00 2.053262522986977606e-22
-2.411429279816104998e+00 2.149024392892317840e-22
-2.410234615818176884e+00 2.235989811194699225e-22
-2.409039951820249659e+00 2.314158777894121763e-22
-2.407845287822323765e+00 2.383531292990586393e-22
-2.406650623824396540e+00 2.444107356484092175e-22
-2.405455959826468870e+00 2.495886968374640049e-22
-2.404261295828541201e+00 2.538870128662230016e-22
-2.403066631830613975e+00 2.573056837346861135e-22
-2.401871967832688082e+00 2.598447094428533406e-22
-2.400677303834760856e+00 2.615040899907247770e-22
-2.399482639836832742e+00 2.622838253783003286e-22
-2.398287975838905073e+00 2.621839156055801834e-22
-2.397093311840977847e+00 2.612043606725641535e-22
-2.395898647843051954e+00 2.593451605792522387e-22
-2.394703983845124284e+00 2.566063153256444392e-22
-2.393509319847197059e+00 2.529878249117408489e-22
-2.392314655849269389e+00 2.484896893375413738e-22
-2.391119991851341275e+00 2.431119086030462021e-22
-2.389925327853414050e+00 2.368544827082551455e-22
-2.388730663855488157e+00 2.297174116531681100e-22
-2.387535999857560931e+00 2.217006954377853779e-22
-2.386341335859633261e+00 -8.126667644974571929e-22
-2.385146671861705592e+00 3.038395218599534059e-21
-2.383952007863778366e+00 -1.136003559865628149e-20
-2.382757343865852473e+00 4.247355577728326726e-20
-2.381562679867925247e+00 -1.588037984864865157e-19
-2.380368015869997134e+00 5.937536989158451189e-19
-2.379173351872069464e+00 -2.220009259929668242e-18
-2.377978687874142238e+00 8.300535289987388544e-18
-2.376784023876214569e+00 -3.103559765699719184e-17
-2.375589359878288676e+00 1.160423905578034197e-16
-2.374394695880361450e+00 -4.338859688437645220e-16
-2.373200031882433780e+00 1.622320944103912318e-15
-2.372005367884505667e+00 -6.065966672004943678e-15
-2.370810703886578441e+00 2.268115610970145978e-14
-2.369616039888652548e+00 -8.480708322453704684e-14
-2.368421375890725322e+00 3.171032447831829025e-13
-2.367226711892797653e+00 -1.185688795083052125e-12
-2.366032047894869983e+00 4.433452576374392625e-12
-2.364837383896942757e+00 -1.657733038275159375e-11
-2.363642719899016864e+00 6.198521989424921485e-11
-2.362448055901089639e+00 -2.317728609004151398e-10
-2.361253391903161525e+00 8.666380530500085992e-10
-2.360058727905233855e+00 -3.240511161322409311e-09
-2.358864063907306630e+00 1.211685025381707257e-08
-2.357669399909380736e+00 -4.530710056849176299e-08
-2.356474735911453067e+00 1.694115322252345359e-07
-2.355280071913525841e+00 -6.334607368899516092e-07
-2.354085407915598172e+00 2.368625093539268968e-06
-2.352890743917670058e+00 -8.856715742880514445e-06
-2.351696079919742832e+00 3.311682600367386539e-05
-2.350501415921816939e+00 -1.238295204888503395e-04
-2.349306751923889713e+00 4.630192283654769800e-04
-2.348112087925962044e+00 -1.731302994933721666e-03
-2.346917423928034374e+00 6.473605341976234988e-03
-2.345722759930107149e+00 -5.862307524377498996e-02
-2.344528095932181255e+00 -2.418470563364847337e-01
-2.343333431934254030e+00 -4.188069413590194134e-01
-2.342138767936325916e+00 -5.750460415189526664e-01
-2.340944103938398246e+00 -7.227049187474510195e-01
-2.339749439940471021e+00 -8.564270902177220091e-01
-2.338554775942543351e+00 -9.318688379268894595e-01
-2.337360111944617458e+00 -1.001829081120401588e+00
-2.336165447946690232e+00 -1.044772649065165870e+00
-2.334970783948762563e+00 -1.042187796552242363e+00
-2.333776119950834449e+00 -1.034375388610186075e+00
-2.332581455952907223e+00 -1.022855223753981413e+00
-2.331386791954981330e+00 -1.005137128769342691e+00
-2.330192127957054105e+00 -9.728307260056674455e-01
-2.328997463959126435e+00 -9.287642583745205904e-01
-2.327802799961198765e+00 -8.894562207461984560e-01
-2.326608135963271540e+00 -8.266490161377223478e-01
-2.325413471965345646e+00 -7.176165238479975672e-01
-2.324218807967418421e+00 -6.017726888356725867e-01
-2.323024143969490307e+00 -4.968429031206098578e-01
-2.321829479971562638e+00 -3.705369405832807939e-01
-2.320634815973635412e+00 -2.419081975989349764e-01
-2.319440151975709519e+00 -1.110680304403511010e-01
-2.318245487977781849e+00 6.283670608519667522e-02
-2.317050823979854624e+00 2.498319979060625029e-01
-2.315856159981926954e+00 4.158033665693129932e-01
-2.314661495983998840e+00 5.775344553856200935e-01
-2.313466831986071615e+00 7.830942353254178867e-01
-2.312272167988145721e+00 9.924578358569104974e-01
-2.311077503990218496e+00 1.173059994267844797e+00
-2.309882839992290826e+00 1.386995009714093063e+00
-2.308688175994363156e+00 1.627067116072723696e+00
-2.307493511996435931e+00 1.862990184661562632e+00
-2.306298847998510038e+00 2.109171910379111559e+00
-2.305104184000582812e+00 2.362435770949820046e+00
-2.303909520002654698e+00 2.608279347714784091e+00
-2.302714856004727029e+00 2.829820427131085392e+00
-2.301520192006799803e+00 3.033176999114529870e+00
-2.300325528008872134e+00 3.280491331401034216e+00
-2.299130864010946240e+00 3.549743313584128312e+00
-2.297936200013019015e+00 3.804878311282787973e+00
-2.296741536015091345e+00 4.070159675953979317e+00
-2.295546872017163231e+00 4.369170377366451419e+00
-2.294352208019236006e+00 4.672715332247446618e+00
-2.293157544021310112e+00 4.915405711271289668e+00
-2.291962880023382887e+00 5.104537928194188723e+00
-2.290768216025455217e+00 5.280413457270896949e+00
-2.289573552027527548e+00 5.522471126725660540e+00
-2.288378888029600322e+00 5.810319325620588948e+00
-2.287184224031674429e+00 6.081635906353000109e+00
-2.285989560033747203e+00 6.334029224021517024e+00
-2.284794896035819090e+00 6.578259204835954499e+00
-2.283600232037891420e+00 6.835393072079244625e+00
-2.282405568039964638e+00 7.111189700864517071e+00
-2.281210904042038301e+00 7.369951924483714834e+00
-2.280016240044110187e+00 7.607308726845493752e+00
-2.278821576046183406e+00 7.841147047998942909e+00
-2.277626912048255736e+00 8.080310056977340949e+00
-2.276432248050327622e+00 8.320162689373677978e+00
-2.275237584052400841e+00 8.561481639994203974e+00
-2.274042920054474060e+00 8.819319035950888619e+00
-2.272848256056547278e+00 9.069184902315718944e+00
-2.271653592058619608e+00 9.293297747145402354e+00
-2.270458928060691939e+00 9.515824048216527942e+00
-2.269264264062765157e+00 9.742893299310619426e+00
-2.268069600064838376e+00 9.999165459317774562e+00
-2.266874936066911594e+00 1.022825857654979842e+01
-2.265680272068983481e+00 1.042047945066676817e+01
-2.264485608071055811e+00 1.061135737356540254e+01
-2.263290944073129030e+00 1.079928416781788059e+01
-2.262096280075200916e+00 1.095738164807908888e+01
-2.260901616077274578e+00 1.109099347479812891e+01
-2.259706952079347797e+00 1.123365069458450627e+01
-2.258512288081420127e+00 1.139217592005129198e+01
-2.257317624083492014e+00 1.156465710486243914e+01
-2.256122960085565232e+00 1.175593848397666186e+01
-2.254928296087638451e+00 1.193165900110215816e+01
-2.253733632089711669e+00 1.199721604612240178e+01
-2.252538968091784000e+00 1.206985596001661420e+01
-2.251344304093856330e+00 1.219854906270967909e+01
-2.250149640095929549e+00 1.229182007578482860e+01
-2.248954976098002767e+00 1.239648509480142735e+01
-2.247760312100075986e+00 1.250473053012406410e+01
-2.246565648102147872e+00 1.256065974712157285e+01
-2.245370984104220202e+00 1.261700808681261243e+01
-2.244176320106293421e+00 1.266254405955406526e+01
-2.242981656108367083e+00 1.263642506729607540e+01
-2.241786992110438970e+00 1.262839855728032390e+01
-2.240592328112512188e+00 1.266414379828016479e+01
-2.239397664114584519e+00 1.268031228027691348e+01
-2.238203000116656405e+00 1.265186297977412089e+01
-2.237008336118729623e+00 1.260046146564665470e+01
-2.235813672120802842e+00 1.254666538461677661e+01
-2.234619008122876060e+00 1.248415422154741350e+01
-2.233424344124948391e+00 1.240152019702498798e+01
-2.232229680127020721e+00 1.227783481050232339e+01
-2.231035016129093940e+00 1.217485253180744209e+01
-2.229840352131167158e+00 1.205731219225574691e+01
-2.228645688133240377e+00 1.192133028462080624e+01
-2.227451024135312263e+00 1.174253747684513272e+01
-2.226256360137384593e+00 1.160555550854485674e+01
-2.225061696139457812e+00 1.162653433029668903e+01
-2.223867032141529698e+00 1.169649792380097075e+01
-2.222672368143603361e+00 1.175442295859234854e+01
-2.221477704145676579e+00 1.177426546449235367e+01
-2.220283040147748910e+00 1.179715275269579777e+01
-2.219088376149820796e+00 1.179414958221591725e+01
-2.217893712151894015e+00 1.183348034109356028e+01
-2.216699048153967233e+00 1.186632888590298229e+01
-2.215504384156040452e+00 1.189356256433799075e+01
-2.214309720158112782e+00 1.194668907185625528e+01
-2.213115056160185112e+00 1.198735320848403418e+01
-2.211920392162258331e+00 1.202998458905277879e+01
-2.210725728164331549e+00 1.206207030918959688e+01
-2.209531064166404768e+00 1.206731658052816236e+01
-2.208336400168476654e+00 1.209129641934258004e+01
-2.207141736170548985e+00 1.209968278921958529e+01
-2.205947072172622203e+00 1.209932339489360409e+01
-2.204752408174695866e+00 1.214719737831624258e+01
-2.203557744176767752e+00 1.222644521838140541e+01
-2.202363080178840971e+00 1.226337447078074661e+01
-2.201168416180913301e+00 1.228994274897018535e+01
-2.199973752182985187e+00 1.236532374581111426e+01
-2.198779088185058406e+00 1.242322177961120033e+01
-2.197584424187131624e+00 1.242581236696711500e+01
-2.196389760189204843e+00 1.243439738052453514e+01
-2.195195096191277173e+00 1.249244004748177872e+01
-2.194000432193349504e+00 1.250869536581939201e+01
-2.192805768195422722e+00 1.252485334755248481e+01
-2.191611104197495941e+00 1.258959831506275506e+01
-2.190416440199569159e+00 1.260841098733119203e+01
-2.189221776201641045e+00 1.258557897411584037e+01
-2.188027112203713376e+00 1.259613238031159277e+01
-2.186832448205786594e+00 1.264024804778651045e+01
-2.185637784207858481e+00 1.266131116833278902e+01
-2.184443120209932143e+00 1.266542410505661032e+01
-2.183248456212005362e+00 1.273440401846168157e+01
-2.182053792214077692e+00 1.280204242940258297e+01
-2.180859128216149578e+00 1.277394001853622107e+01
-2.179664464218222797e+00 1.276013595879186013e+01
-2.178469800220296015e+00 1.272563094950353779e+01
-2.177275136222369234e+00 1.265433280743565803e+01
-2.176080472224441564e+00 1.258468265850612333e+01
-2.174885808226513895e+00 1.252050735105899903e+01
-2.173691144228587113e+00 1.251537999338069973e+01
-2.172496480230660332e+00 1.255879444919562538e+01
-2.171301816232733550e+00 1.264002868082767428e+01
-2.170107152234805437e+00 1.268823804169376324e+01
-2.168912488236877767e+00 1.269554024483626797e+01
-2.167717824238950985e+00 1.271714936709569699e+01
-2.166523160241024648e+00 1.272868713877857338e+01
-2.165328496243096534e+00 1.273102497642586961e+01
-2.164133832245169753e+00 1.274439197175665228e+01
-2.162939168247242083e+00 1.271472643173805928e+01
-2.161744504249313970e+00 1.269167809258041402e+01
-2.160549840251387188e+00 1.270778551597446082e+01
-2.159355176253460407e+00 1.272164987433453298e+01
-2.158160512255533625e+00 1.273003540583894200e+01
-2.156965848257605955e+00 1.273850836800079733e+01
-2.155771184259678286e+00 1.273239201325512049e+01
-2.154576520261751504e+00 1.269389802484309904e+01
-2.153381856263824723e+00 1.263936011092681966e+01
-2.152187192265897941e+00 1.263607310647027759e+01
-2.150992528267969828e+00 1.265387010836705173e+01
-2.149797864270042158e+00 1.263241065031477461e+01
-2.148603200272115377e+00 1.258389843647239559e+01
-2.147408536274187263e+00 1.255704120179725081e+01
-2.146213872276260926e+00 1.254748983055598011e+01
-2.145019208278334144e+00 1.254561956193838590e+01
-2.143824544280406474e+00 1.253307789052144372e+01
-2.142629880282478361e+00 1.254018218686381836e+01
-2.141435216284551579e+00 1.258350604967205477e+01
-2.140240552286624798e+00 1.260052782341107758e+01
-2.139045888288698016e+00 1.261311723122501327e+01
-2.137851224290770347e+00 1.262526442242613811e+01
-2.136656560292842677e+00 1.256692572098919669e+01
-2.135461896294915896e+00 1.246435247810527258e+01
-2.134267232296989114e+00 1.249970876989709367e+01
-2.133072568299062333e+00 1.256712907817211367e+01
-2.131877904301134219e+00 1.256342473526419035e+01
-2.130683240303206549e+00 1.259042340913075542e+01
-2.129488576305279768e+00 1.258716263683128034e+01
-2.128293912307353430e+00 1.256269810872340642e+01
-2.127099248309425317e+00 1.255260457625012904e+01
-2.125904584311498535e+00 1.252561737772126982e+01
-2.124709920313570866e+00 1.255200427612210312e+01
-2.123515256315642752e+00 1.261456919874639482e+01
-2.122320592317715970e+00 1.262319960401869601e+01
-2.121125928319789189e+00 1.259609430073610525e+01
-2.119931264321862407e+00 1.257187014834203609e+01
-2.118736600323934738e+00 1.257803025701851318e+01
-2.117541936326007068e+00 1.260471843166091688e+01
-2.116347272328080287e+00 1.261847133962949208e+01
-2.115152608330153505e+00 1.260515867234739140e+01
-2.113957944332226724e+00 1.262187226380735083e+01
-2.112763280334298610e+00 1.265154609303709066e+01
-2.111568616336370940e+00 1.266504309981354481e+01
-2.110373952338444159e+00 1.268867110718986169e+01
-2.109179288340516045e+00 1.267289157025991742e+01
-2.107984624342589708e+00 1.268593826093101562e+01
-2.106789960344662926e+00 1.271070978788957895e+01
-2.105595296346735257e+00 1.265600526273139792e+01
-2.104400632348807143e+00 1.256523457488729179e+01
-2.103205968350880362e+00 1.249472370047386249e+01
-2.102011304352953580e+00 1.247505540295926352e+01
-2.100816640355026799e+00 1.249325714192758241e+01
-2.099621976357099129e+00 1.255485053933063533e+01
-2.098427312359171459e+00 1.258788727688002318e+01
-2.097232648361244678e+00 1.261732283470358773e+01
-2.096037984363317896e+00 1.262628557642162264e+01
-2.094843320365391115e+00 1.257947931919001583e+01
-2.093648656367463001e+00 1.255202531127900656e+01
-2.092453992369535332e+00 1.257516503037070343e+01
-2.091259328371608550e+00 1.259694736881629495e+01
-2.090064664373682213e+00 1.261585073335394114e+01
-2.088870000375754099e+00 1.265764316166664649e+01
-2.087675336377827318e+00 1.273585249828256849e+01
-2.086480672379899648e+00 1.276227916096964421e+01
-2.085286008381971534e+00 1.274681871692229862e+01
-2.084091344384044753e+00 1.272665205997419235e+01
-2.082896680386117971e+00 1.275371689032822786e+01
-2.081702016388191190e+00 1.280954175505933357e+01
-2.080507352390263520e+00 1.278348324835706507e+01
-2.079312688392335851e+00 1.273853292897373279e+01
-2.078118024394409069e+00 1.273543115361779954e+01
-2.076923360396482288e+00 1.274701311448648688e+01
-2.075728696398555506e+00 1.273343938373696105e+01
-2.074534032400627392e+00 1.272122489592024586e+01
-2.073339368402699723e+00 1.271771250853566038e+01
-2.072144704404772941e+00 1.272687717535109897e+01
-2.070950040406844828e+00 1.274605681065910545e+01
-2.069755376408918490e+00 1.276077415732077291e+01
-2.068560712410991709e+00 1.272059771380267001e+01
-2.067366048413064039e+00 1.265492017925502921e+01
-2.066171384415135925e+00 1.263199533676299602e+01
-2.064976720417209144e+00 1.260999303658490689e+01
-2.063782056419282362e+00 1.254002502393667662e+01
-2.062587392421355581e+00 1.248557711541406157e+01
-2.061392728423427911e+00 1.247435149853532188e+01
-2.060198064425500242e+00 1.244085225552853657e+01
-2.059003400427573460e+00 1.245753003219417643e+01
-2.057808736429646679e+00 1.248285223819720535e+01
-2.056614072431719897e+00 1.243634651931768254e+01
-2.055419408433791784e+00 1.238422772106115133e+01
-2.054224744435864114e+00 1.234578361270533442e+01
-2.053030080437937333e+00 1.236006197683813035e+01
-2.051835416440010995e+00 1.237518294674061359e+01
-2.050640752442082881e+00 1.232645452151988508e+01
-2.049446088444156100e+00 1.229433119646626693e+01
-2.048251424446228430e+00 1.227009893496349591e+01
-2.047056760448300317e+00 1.225867312505055118e+01
-2.045862096450373535e+00 1.225180158951204135e+01
-2.044667432452446754e+00 1.220322456055959393e+01
-2.043472768454519972e+00 1.218428703767114207e+01
-2.042278104456592303e+00 1.218831038516910326e+01
-2.041083440458664633e+00 1.216490826260109692e+01
-2.039888776460737851e+00 1.215398745506980482e+01
-2.038694112462811070e+00 1.214387369980450870e+01
-2.037499448464884289e+00 1.210498490114926717e+01
-2.036304784466956175e+00 1.204064243430162939e+01
-2.035110120469028505e+00 1.207953017164471099e+01
-2.033915456471101724e+00 1.218812327232203430e+01
-2.032720792473173610e+00 1.217281208513871249e+01
-2.031526128475247273e+00 1.212140997353834315e+01
-2.030331464477320491e+00 1.212598734537966472e+01
-2.029136800479392821e+00 1.211451357086671443e+01
-2.027942136481464708e+00 1.212985921056141514e+01
-2.026747472483537926e+00 1.218807481440330953e+01
-2.025552808485611145e+00 1.220524177888396267e+01
-2.024358144487684363e+00 1.222068881094232218e+01
-2.023163480489756694e+00 1.224118609121386747e+01
-2.021968816491829024e+00 1.227028100315688519e+01
-2.020774152493902243e+00 1.228608361039312591e+01
-2.019579488495975461e+00 1.225702660991798609e+01
-2.018384824498048680e+00 1.223394611829940715e+01
-2.017190160500120566e+00 1.227207932393675449e+01
-2.015995496502192896e+00 1.234946151299360118e+01
-2.014800832504266115e+00 1.237558064806814073e+01
-2.013606168506339777e+00 1.238284810928626811e+01
-2.012411504508411664e+00 1.241982125450194374e+01
-2.011216840510484882e+00 1.242738514923670756e+01
-2.010022176512557213e+00 1.240988755049117209e+01
-2.008827512514629099e+00 1.240592349793125493e+01
-2.007632848516702317e+00 1.243826069526426359e+01
-2.006438184518775536e+00 1.247673674634794061e+01
-2.005243520520848755e+00 1.246966906810610887e+01
-2.004048856522921085e+00 1.247141729332068749e+01
-2.002854192524993415e+00 1.251968531504270743e+01
-2.001659528527066634e+00 1.253947641346152508e+01
-2.000464864529139852e+00 1.252548280380050194e+01
-1.999270200531213293e+00 1.254919453797742790e+01
-1.998075536533284957e+00 1.257660513447091155e+01
-1.996880872535357287e+00 1.254948114746811250e+01
-1.995686208537430506e+00 1.252558002003733684e+01
-1.994491544539502614e+00 1.251820694530954370e+01
-1.993296880541576055e+00 1.252546036594393897e+01
-1.992102216543649273e+00 1.246517682434963703e+01
-1.990907552545721604e+00 1.239281644331845023e+01
-1.989712888547793268e+00 1.238401113991377400e+01
-1.988518224549866931e+00 1.237531998866975158e+01
-1.987323560551939705e+00 1.237264513963010515e+01
-1.986128896554013368e+00 1.241634491194506928e+01
-1.984934232556085476e+00 1.247672308423472742e+01
-1.983739568558157584e+00 1.253589901998129186e+01
-1.982544904560231247e+00 1.259950202817553944e+01
-1.981350240562304021e+00 1.266493822540418535e+01
-1.980155576564377684e+00 1.268138776809220047e+01
-1.978960912566449348e+00 1.266675043627235553e+01
-1.977766248568521679e+00 1.265350651667524851e+01
-1.976571584570594897e+00 1.265403944904727318e+01
-1.975376920572668338e+00 1.266408133303168881e+01
-1.974182256574740446e+00 1.269240297297296927e+01
-1.972987592576813665e+00 1.268693801223682271e+01
-1.971792928578885995e+00 1.268551979062375601e+01
-1.970598264580957659e+00 1.271041987767392278e+01
-1.969403600583031322e+00 1.268946122284938660e+01
-1.968208936585104096e+00 1.263946276464954188e+01
-1.967014272587177759e+00 1.265470051295858767e+01
-1.965819608589249867e+00 1.269145956814080733e+01
-1.964624944591321976e+00 1.271450228379570113e+01
-1.963430280593395638e+00 1.268347542059752975e+01
-1.962235616595468413e+00 1.262016434490107741e+01
-1.961040952597542075e+00 1.262942764043898514e+01
-1.959846288599613739e+00 1.264002337371116091e+01
-1.958651624601686070e+00 1.266676721464932953e+01
-1.957456960603759288e+00 1.266618838944467740e+01
-1.956262296605831397e+00 1.260762575909104655e+01
-1.955067632607904837e+00 1.259658303841784743e+01
-1.953872968609978056e+00 1.261402243984974980e+01
-1.952678304612050386e+00 1.258152673288956080e+01
-1.951483640614122050e+00 1.252925357692144459e+01
-1.950288976616195713e+00 1.251728034756408192e+01
-1.949094312618268487e+00 1.254855040281756295e+01
-1.947899648620342150e+00 1.256234331955328010e+01
-1.946704984622414258e+00 1.249922804177976055e+01
-1.945510320624486367e+00 1.246435175060280365e+01
-1.944315656626560029e+00 1.246677448505640484e+01
-1.943120992628632804e+00 1.247792404559435830e+01
-1.941926328630706466e+00 1.249709662501307683e+01
-1.940731664632778131e+00 1.246285403467808450e+01
-1.939537000634850461e+00 1.240640231099566115e+01
-1.938342336636923680e+00 1.238922251734398117e+01
-1.937147672638997120e+00 1.241479414236990841e+01
-1.935953008641069228e+00 1.242953642936820202e+01
-1.934758344643142447e+00 1.242050130114672157e+01
-1.933563680645214777e+00 1.239390536142238197e+01
-1.932369016647286442e+00 1.239964462509437304e+01
-1.931174352649360104e+00 1.243046684953025505e+01
-1.929979688651432879e+00 1.241721099450610311e+01
-1.928785024653506541e+00 1.237068324976944744e+01
-1.927590360655578650e+00 1.234972013941103697e+01
-1.926395696657650758e+00 1.233617945808778593e+01
-1.925201032659724421e+00 1.232812566471023175e+01
-1.924006368661797195e+00 1.232571348950451018e+01
-1.922811704663870858e+00 1.231026629005391548e+01
-1.921617040665942522e+00 1.231242700793793254e+01
-1.920422376668014852e+00 1.232059345891394919e+01
-1.919227712670088071e+00 1.232369874118030140e+01
-1.918033048672160179e+00 1.234224752667548941e+01
-1.916838384674233620e+00 1.240900033715415596e+01
-1.915643720676306838e+00 1.238771447449645358e+01
-1.914449056678379169e+00 1.232703733411396207e+01
-1.913254392680450833e+00 1.233426378984261440e+01
-1.912059728682524495e+00 1.233834173429396408e+01
-1.910865064684597270e+00 1.237520483810280503e+01
-1.909670400686670932e+00 1.243788051599465305e+01
-1.908475736688743041e+00 1.241704735727150144e+01
-1.907281072690815149e+00 1.234691898356474304e+01
-1.906086408692888812e+00 1.231953219155260548e+01
-1.904891744694961586e+00 1.229891241208219199e+01
-1.903697080697035249e+00 1.226363413348891207e+01
-1.902502416699106913e+00 1.221671662582253681e+01
-1.901307752701179243e+00 1.222534121517424133e+01
-1.900113088703252462e+00 1.224952838931113597e+01
-1.898918424705325902e+00 1.226407560459324131e+01
-1.897723760707398011e+00 1.225567172713131825e+01
-1.896529096709471229e+00 1.220724376974241387e+01
-1.895334432711543560e+00 1.216669783780880465e+01
-1.894139768713615224e+00 1.213692241336806177e+01
-1.892945104715688887e+00 1.208454207084393772e+01
-1.891750440717761661e+00 1.205534373744709242e+01
-1.890555776719835324e+00 1.205696860094656842e+01
-1.889361112721907432e+00 1.202674929292395589e+01
-1.888166448723979540e+00 1.199959818650860122e+01
-1.886971784726053203e+00 1.199347630242674789e+01
-1.885777120728125977e+00 1.197557323037271537e+01
-1.884582456730199640e+00 1.194790582100873166e+01
-1.883387792732271304e+00 1.189189351712564857e+01
-1.882193128734343635e+00 1.186520943072091683e+01
-1.880998464736417075e+00 1.187049388072549050e+01
-1.879803800738489628e+00 1.184279238223656527e+01
-1.878609136740562180e+00 1.183558737868602861e+01
-1.877414472742635621e+00 1.184842433085233182e+01
-1.876219808744707951e+00 1.185487605131430655e+01
-1.875025144746779615e+00 1.185322368210804456e+01
-1.873830480748853278e+00 1.183319405269752878e+01
-1.872635816750926052e+00 1.183568808129516015e+01
-1.871441152752999715e+00 1.185230115802674256e+01
-1.870246488755071823e+00 1.187665412932211595e+01
-1.869051824757143931e+00 1.189733857069719569e+01
-1.867857160759217594e+00 1.190760300427347573e+01
-1.866662496761290368e+00 1.189737033023191870e+01
-1.865467832763364031e+00 1.187189045054639003e+01
-1.864273168765435695e+00 1.185091630779717065e+01
-1.863078504767508026e+00 1.183705795308221376e+01
-1.861883840769581466e+00 1.181614999958791401e+01
-1.860689176771654019e+00 1.179832481185684934e+01
-1.859494512773726571e+00 1.180886266909109672e+01
-1.858299848775800012e+00 1.182350033109023535e+01
-1.857105184777872342e+00 1.184273063741545329e+01
-1.855910520779944006e+00 1.190292485056841620e+01
-1.854715856782017669e+00 1.192284780287654655e+01
-1.853521192784090443e+00 1.191451620753193374e+01
-1.852326528786164106e+00 1.193045755209468339e+01
-1.851131864788236214e+00 1.191191630169405613e+01
-1.849937200790308323e+00 1.190326775305273976e+01
-1.848742536792381985e+00 1.190535526013391099e+01
-1.847547872794454760e+00 1.192047115896909126e+01
-1.846353208796528422e+00 1.190366793020753278e+01
-1.845158544798600087e+00 1.185885639666713587e+01
-1.843963880800672417e+00 1.186354352432530135e+01
-1.842769216802745857e+00 1.187863768399546416e+01
-1.841574552804818410e+00 1.185253776887149968e+01
-1.840379888806890962e+00 1.182476310965937927e+01
-1.839185224808964403e+00 1.177592929560702828e+01
-1.837990560811036733e+00 1.175467525978969086e+01
-1.836795896813108397e+00 1.180547936509457685e+01
-1.835601232815182060e+00 1.185043447837104047e+01
-1.834406568817254835e+00 1.187753236519369260e+01
-1.833211904819328497e+00 1.187654931929148994e+01
-1.832017240821400605e+00 1.187760743202590596e+01
-1.830822576823472714e+00 1.192308605411241729e+01
-1.829627912825546376e+00 1.195254087517962382e+01
-1.828433248827619151e+00 1.194267010885616820e+01
-1.827238584829692813e+00 1.194998679926991692e+01
-1.826043920831764478e+00 1.197276576598076581e+01
-1.824849256833836808e+00 1.196701994511759892e+01
-1.823654592835910249e+00 1.191390255694792266e+01
-1.822459928837982801e+00 1.188305609643077254e+01
-1.821265264840055353e+00 1.191375333629613209e+01
-1.820070600842128794e+00 1.193507879924799830e+01
-1.818875936844201124e+00 1.193769708334795254e+01
-1.817681272846272789e+00 1.193048654316411472e+01
-1.816486608848346451e+00 1.192017925714542947e+01
-1.815291944850419226e+00 1.191970415519044835e+01
-1.814097280852492888e+00 1.193492259382975540e+01
-1.812902616854564997e+00 1.184999859812527845e+01
-1.811707952856637105e+00 1.175572940254569509e+01
-1.810513288858710768e+00 1.175294372995951697e+01
-1.809318624860783542e+00 1.178664062605843377e+01
-1.808123960862857205e+00 1.181772574515590435e+01
-1.806929296864928869e+00 1.186341541315495540e+01
-1.805734632867001199e+00 1.189136149849183255e+01
-1.804539968869074640e+00 1.188411070236609390e+01
-1.803345304871147192e+00 1.186147818280891286e+01
-1.802150640873219745e+00 1.186557104009149022e+01
-1.800955976875293185e+00 1.186209444499074728e+01
-1.799761312877365516e+00 1.185613494584357319e+01
-1.798566648879437180e+00 1.189086944304757409e+01
-1.797371984881510842e+00 1.193398753895078457e+01
-1.796177320883583617e+00 1.196299660891659045e+01
-1.794982656885657279e+00 1.194854529480076089e+01
-1.793787992887729388e+00 1.197016464474241459e+01
-1.792593328889801496e+00 1.204711865908150692e+01
-1.791398664891875159e+00 1.206998674611266154e+01
-1.790204000893947933e+00 1.203845121575239396e+01
-1.789009336896021596e+00 1.204991053930811162e+01
-1.787814672898093260e+00 1.207004061772792092e+01
-1.786620008900165590e+00 1.205351453884608581e+01
-1.785425344902239031e+00 1.205925284138890241e+01
-1.784230680904311583e+00 1.211178274723921078e+01
-1.783036016906384136e+00 1.213268582199975576e+01
-1.781841352908457576e+00 1.212707798047400765e+01
-1.780646688910529907e+00 1.213473124507326872e+01
-1.779452024912601571e+00 1.212640191105421650e+01
-1.778257360914675234e+00 1.212735414935917966e+01
-1.777062696916747786e+00 1.216709272668327912e+01
-1.775868032918821671e+00 1.222155093564423112e+01
-1.774673368920893779e+00 1.225805301074465703e+01
-1.773478704922965887e+00 1.230078423141220334e+01
-1.772284040925039772e+00 1.230178139741434151e+01
-1.771089376927112102e+00 1.230110672968115715e+01
-1.769894712929185543e+00 1.233948269497591355e+01
-1.768700048931257651e+00 1.237280241408882020e+01
-1.767505384933329982e+00 1.236082158889805882e+01
-1.766310720935403422e+00 1.232585016331606553e+01
-1.765116056937475975e+00 1.234778598500745339e+01
-1.763921392939548527e+00 1.242474145258205809e+01
-1.762726728941621968e+00 1.244888926198835755e+01
-1.761532064943694298e+00 1.241880496559791602e+01
-1.760337400945766406e+00 1.240496785043046479e+01
-1.759142736947839847e+00 1.237009685044391460e+01
-1.757948072949912177e+00 1.236754721436708948e+01
-1.756753408951986062e+00 1.240725640558295773e+01
-1.755558744954058170e+00 1.243196601325901440e+01
-1.754364080956130278e+00 1.246782174860727466e+01
-1.753169416958204163e+00 1.253446645432412687e+01
-1.751974752960276493e+00 1.260325037122855107e+01
-1.750780088962349934e+00 1.261655263131923554e+01
-1.749585424964422042e+00 1.262231054653007156e+01
-1.748390760966494373e+00 1.265418520257119539e+01
-1.747196096968567813e+00 1.268919387424492484e+01
-1.746001432970640366e+00 1.272454942934178135e+01
-1.744806768972712918e+00 1.276233367321857415e+01
-1.743612104974786359e+00 1.278373374422950803e+01
-1.742417440976858689e+00 1.278089855928860175e+01
-1.741222776978930797e+00 1.275452157884646986e+01
-1.740028112981004238e+00 1.275053463311500934e+01
-1.738833448983076568e+00 1.277027435125033605e+01
-1.737638784985150453e+00 1.275495618574249690e+01
-1.736444120987222561e+00 1.275045890053541875e+01
-1.735249456989294670e+00 1.276239391480056007e+01
-1.734054792991368554e+00 1.273216192884851061e+01
-1.732860128993440885e+00 1.267395774360328176e+01
-1.731665464995514325e+00 1.269394949714930654e+01
-1.730470800997586434e+00 1.274498071512832809e+01
-1.729276136999658764e+00 1.276315214552126953e+01
-1.728081473001732205e+00 1.270824235916885314e+01
-1.726886809003804757e+00 1.268092950435885768e+01
-1.725692145005877309e+00 1.266911213203586328e+01
-1.724497481007950750e+00 1.265457379115078851e+01
-1.723302817010023080e+00 1.268652358264749758e+01
-1.722108153012095189e+00 1.272447344470763575e+01
-1.720913489014168629e+00 1.274396386689448057e+01
-1.719718825016240960e+00 1.276160129711589875e+01
-1.718524161018314844e+00 1.276267623534764439e+01
-1.717329497020386952e+00 1.275134559531326239e+01
-1.716134833022459061e+00 1.275624168910585787e+01
-1.714940169024532945e+00 1.273731813700736204e+01
-1.713745505026605276e+00 1.272147721306510704e+01
-1.712550841028678716e+00 1.273755075808648840e+01
-1.711356177030750825e+00 1.268897792401412516e+01
-1.710161513032823155e+00 1.266339140260307694e+01
-1.708966849034896596e+00 1.268100133085814640e+01
-1.707772185036969148e+00 1.267293008514690911e+01
-1.706577521039041700e+00 1.265561594526627509e+01
-1.705382857041115141e+00 1.260971737615962596e+01
-1.704188193043187471e+00 1.258792492571884125e+01
-1.702993529045259580e+00 1.255901757082071946e+01
-1.701798865047333020e+00 1.250945162057260340e+01
-1.700604201049405351e+00 1.248316285284157701e+01
-1.699409537051479235e+00 1.245461155552794530e+01
-1.698214873053551344e+00 1.241786345471440356e+01
-1.697020209055623452e+00 1.240218101939073314e+01
-1.695825545057697337e+00 1.240103128363749718e+01
-1.694630881059769667e+00 1.237090951625808444e+01
-1.693436217061843108e+00 1.246143497586152549e+01
-1.692241553063915216e+00 1.256133676717878345e+01
-1.691046889065987546e+00 1.257085705028846867e+01
-1.689852225068060987e+00 1.258568436408011770e+01
-1.688657561070133539e+00 1.259679947695966007e+01
-1.687462897072206092e+00 1.257723615237836157e+01
-1.686268233074279532e+00 1.255267053789081544e+01
-1.685073569076351863e+00 1.255429485608516771e+01
-1.683878905078423971e+00 1.258966983372227766e+01
-1.682684241080497412e+00 1.258656241498936978e+01
-1.681489577082569742e+00 1.258295660131549809e+01
-1.680294913084643627e+00 1.260280216186015600e+01
-1.679100249086715735e+00 1.259151293360953261e+01
-1.677905585088787843e+00 1.256255641978497728e+01
-1.676710921090861728e+00 1.254862615631517286e+01
-1.675516257092934058e+00 1.255026005960922042e+01
-1.674321593095007499e+00 1.253953663756125003e+01
-1.673126929097079607e+00 1.250745449575541990e+01
-1.671932265099151937e+00 1.247615498496093700e+01
-1.670737601101225822e+00 1.249331111901579838e+01
-1.669542937103297930e+00 1.252244124199206077e+01
-1.668348273105370039e+00 1.254707218180786121e+01
-1.667153609107443923e+00 1.261002142698527706e+01
-1.665958945109516254e+00 1.264113691250926763e+01
-1.664764281111588362e+00 1.262193495669586341e+01
-1.663569617113661803e+00 1.262758409105821578e+01
-1.662374953115734133e+00 1.260448109445714948e+01
-1.661180289117808018e+00 1.258161154017684424e+01
-1.659985625119880126e+00 1.255019013620508517e+01
-1.658790961121952234e+00 1.251950989799773772e+01
-1.657596297124026119e+00 1.251801567944576377e+01
-1.656401633126098449e+00 1.252193962280226636e+01
-1.655206969128171890e+00 1.252018673837066842e+01
-1.654012305130243998e+00 1.250738845114881315e+01
-1.652817641132316329e+00 1.251486979144353029e+01
-1.651622977134390213e+00 1.251781884755552632e+01
-1.650428313136462322e+00 1.249580286081566349e+01
-1.649233649138534430e+00 1.246161331148936746e+01
-1.648038985140608315e+00 1.247727667593637868e+01
-1.646844321142680645e+00 1.252432106797671274e+01
-1.645649657144752753e+00 1.251509233704422641e+01
-1.644454993146826194e+00 1.246010483076039677e+01
-1.643260329148898524e+00 1.244528732495128409e+01
-1.642065665150972409e+00 1.250979007480319716e+01
-1.640871001153044517e+00 1.257482441828479125e+01
-1.639676337155116626e+00 1.259879967418514823e+01
-1.638481673157190510e+00 1.259029089375788146e+01
-1.637287009159262841e+00 1.255262322881168480e+01
-1.636092345161336281e+00 1.253014735929916057e+01
-1.634897681163408389e+00 1.254367612954837874e+01
-1.633703017165480720e+00 1.258012230538524889e+01
-1.632508353167554604e+00 1.259139395211611756e+01
-1.631313689169626713e+00 1.258740460279066298e+01
-1.630119025171698821e+00 1.256023522272561266e+01
-1.628924361173772706e+00 1.254059828126290732e+01
-1.627729697175845036e+00 1.255315932763169329e+01
-1.626535033177917144e+00 1.253669400293768454e+01
-1.625340369179990585e+00 1.247549920582010863e+01
-1.624145705182062915e+00 1.244236395225675906e+01
-1.622951041184136800e+00 1.246477714711578244e+01
-1.621756377186208908e+00 1.250038330471151937e+01
-1.620561713188281017e+00 1.249240214126350956e+01
-1.619367049190354901e+00 1.247495987318023403e+01
-1.618172385192427232e+00 1.246417759356866561e+01
-1.616977721194500672e+00 1.245224858566416160e+01
-1.615783057196572781e+00 1.242186045388376314e+01
-1.614588393198645111e+00 1.241615891199787747e+01
-1.613393729200718996e+00 1.245027904909287919e+01
-1.612199065202791104e+00 1.243299116619279943e+01
-1.611004401204863212e+00 1.237537000359099437e+01
-1.609809737206937097e+00 1.237671709683291077e+01
-1.608615073209009427e+00 1.242553878568626580e+01
-1.607420409211081536e+00 1.242436380332407886e+01
-1.606225745213154976e+00 1.240053551356718131e+01
-1.605031081215227307e+00 1.241177800333272607e+01
-1.603836417217301191e+00 1.242915761434603716e+01
-1.602641753219373300e+00 1.242751958891991748e+01
-1.601447089221445408e+00 1.242815978852079262e+01
-1.600252425223519293e+00 1.246604855576587845e+01
-1.599057761225591401e+00 1.255731497092390647e+01
-1.597863097227665063e+00 1.262357856889359020e+01
-1.596668433229737394e+00 1.262802130150111068e+01
-1.595473769231809502e+00 1.263207447757373103e+01
-1.594279105233883165e+00 1.266678187860747684e+01
-1.593084441235955495e+00 1.269133551669367144e+01
-1.591889777238027825e+00 1.271792397026254839e+01
-1.590695113240101488e+00 1.268844946697885412e+01
-1.589500449242173596e+00 1.261968290687532068e+01
-1.588305785244245927e+00 1.265079333110553605e+01
-1.587111121246319589e+00 1.265767917249294250e+01
-1.585916457248391698e+00 1.264474164635338127e+01
-1.584721793250465360e+00 1.266465085144773539e+01
-1.583527129252537691e+00 1.265845065152158178e+01
-1.582332465254610021e+00 1.263926829667916785e+01
-1.581137801256683684e+00 1.260890810051980893e+01
-1.579943137258755792e+00 1.257252655967922372e+01
-1.578748473260829455e+00 1.256882359366637125e+01
-1.577553809262901785e+00 1.256624665457062306e+01
-1.576359145264973893e+00 1.258221407549793902e+01
-1.575164481267047556e+00 1.260939264481230815e+01
-1.573969817269119886e+00 1.255028353819141529e+01
-1.572775153271192217e+00 1.250057404176810572e+01
-1.571580489273265879e+00 1.253042461625517667e+01
-1.570385825275337988e+00 1.252224885989120295e+01
-1.569191161277410318e+00 1.246868360195028025e+01
-1.567996497279483981e+00 1.246279048099398956e+01
-1.566801833281556089e+00 1.250022517706794822e+01
-1.565607169283629752e+00 1.251079233726156481e+01
-1.564412505285702082e+00 1.247467641345006406e+01
-1.563217841287774412e+00 1.243810995186013102e+01
-1.562023177289848075e+00 1.242244160623065596e+01
-1.560828513291920183e+00 1.245131250388271482e+01
-1.559633849293993846e+00 1.250158532597909833e+01
-1.558439185296066176e+00 1.252633253188771079e+01
-1.557244521298138284e+00 1.253542203636100183e+01
-1.556049857300211947e+00 1.255529868204364874e+01
-1.554855193302284277e+00 1.258407979754095685e+01
-1.553660529304356608e+00 1.261280201151883951e+01
-1.552465865306430270e+00 1.265059802906245956e+01
-1.551271201308502379e+00 1.266627914817272682e+01
-1.550076537310574709e+00 1.263943489001436404e+01
-1.548881873312648372e+00 1.260175014549692207e+01
-1.547687209314720480e+00 1.258348597021015536e+01
-1.546492545316794143e+00 1.258348010772486703e+01
-1.545297881318866473e+00 1.257559725236948545e+01
-1.544103217320938803e+00 1.255376655873956793e+01
-1.542908553323012466e+00 1.256665216522097239e+01
-1.541713889325084574e+00 1.260108917746899237e+01
-1.540519225327158237e+00 1.263343729777538194e+01
-1.539324561329230567e+00 1.264720384391700669e+01
-1.538129897331302676e+00 1.266588809405777027e+01
-1.536935233333376338e+00 1.269221448311406242e+01
-1.535740569335448669e+00 1.269333230340896890e+01
-1.534545905337520999e+00 1.264674826683767428e+01
-1.533351241339594662e+00 1.259919406902747241e+01
-1.532156577341666770e+00 1.256910136146120571e+01
-1.530961913343739100e+00 1.258303034752972316e+01
-1.529767249345812763e+00 1.262151895904898780e+01
-1.528572585347884649e+00 1.259650528199923869e+01
-1.527377921349958534e+00 1.254827694471984323e+01
-1.526183257352030642e+00 1.254626599404914167e+01
-1.524988593354102973e+00 1.255443936799367144e+01
-1.523793929356176635e+00 1.254337849769610536e+01
-1.522599265358248966e+00 1.251150012392326794e+01
-1.521404601360321074e+00 1.247458153011337778e+01
-1.520209937362394959e+00 1.246054249728369889e+01
-1.519015273364466845e+00 1.248271224171243610e+01
-1.517820609366540729e+00 1.250903995932498347e+01
-1.516625945368612838e+00 1.251898165171000521e+01
-1.515431281370685168e+00 1.252274454945718851e+01
-1.514236617372758831e+00 1.249899519745667931e+01
-1.513041953374831161e+00 1.244313177009137128e+01
-1.511847289376903269e+00 1.242598541823471692e+01
-1.510652625378977154e+00 1.245963681447004845e+01
-1.509457961381049040e+00 1.248457131914526030e+01
-1.508263297383122925e+00 1.249263771766634434e+01
-1.507068633385195033e+00 1.252472714774360263e+01
-1.505873969387267364e+00 1.257407021560132065e+01
-1.504679305389341026e+00 1.259479141154736404e+01
-1.503484641391413357e+00 1.257612125772082479e+01
-1.502289977393485465e+00 1.255797709400695084e+01
-1.501095313395559350e+00 1.258013059547576340e+01
-1.499900649397631236e+00 1.257856392074726415e+01
-1.498705985399705121e+00 1.258146977970024949e+01
-1.497511321401777229e+00 1.260107541777721885e+01
-1.496316657403849559e+00 1.263912270604108912e+01
-1.495121993405923222e+00 1.269046211156397419e+01
-1.493927329407995552e+00 1.270477694487011178e+01
-1.492732665410067661e+00 1.271875119357803108e+01
-1.491538001412141545e+00 1.275759965338198221e+01
-1.490343337414213432e+00 1.277412762142254188e+01
-1.489148673416287316e+00 1.275324066367082843e+01
-1.487954009418359425e+00 1.277899503881237209e+01
-1.486759345420431755e+00 1.290834929453730595e+01
-1.485564681422505418e+00 1.298281597733874726e+01
-1.484370017424577748e+00 1.297463279444497886e+01
-1.483175353426649856e+00 1.300871733274783182e+01
-1.481980689428723741e+00 1.304921843096123801e+01
-1.480786025430795627e+00 1.303744888704245319e+01
-1.479591361432869512e+00 1.302480655045731694e+01
-1.478396697434941620e+00 1.303261767294270967e+01
-1.477202033437013950e+00 1.302625943266379771e+01
-1.476007369439087613e+00 1.301001599129276265e+01
-1.474812705441159943e+00 1.299008420370899053e+01
-1.473618041443232052e+00 1.301367794771581110e+01
-1.472423377445305936e+00 1.301874073137235399e+01
-1.471228713447377823e+00 1.298804194365965792e+01
-1.470034049449451707e+00 1.302329876343699766e+01
-1.468839385451523816e+00 1.301621636745156962e+01
-1.467644721453596146e+00 1.298368074700855068e+01
-1.466450057455669809e+00 1.299186990915552542e+01
-1.465255393457742139e+00 1.297413914079016095e+01
-1.464060729459814247e+00 1.298139840997763805e+01
-1.462866065461888132e+00 1.300685792879460578e+01
-1.461671401463960018e+00 1.298590571475337008e+01
-1.460476737466033903e+00 1.301911115033039934e+01
-1.459282073468106011e+00 1.305767025778733093e+01
-1.458087409470178342e+00 1.304278883184549720e+01
-1.456892745472252004e+00 1.304679382103673824e+01
-1.455698081474324335e+00 1.303633943103259618e+01
-1.454503417476396443e+00 1.303381082074276875e+01
-1.453308753478470328e+00 1.307310831361503567e+01
-1.452114089480542214e+00 1.305173799585468331e+01
-1.450919425482616099e+00 1.302387920605448457e+01
-1.449724761484688207e+00 1.304624993478712192e+01
-1.448530097486760759e+00 1.300492135592563159e+01
-1.447335433488833978e+00 1.294275493235771002e+01
-1.446140769490906530e+00 1.296765740304108938e+01
-1.444946105492978639e+00 1.300676065648543833e+01
-1.443751441495052523e+00 1.306147960410987530e+01
-1.442556777497124409e+00 1.310983030874816713e+01
-1.441362113499198294e+00 1.308890951759584631e+01
-1.440167449501270402e+00 1.305757802034849213e+01
-1.438972785503342955e+00 1.306911127708416664e+01
-1.437778121505416173e+00 1.312843944707265464e+01
-1.436583457507488726e+00 1.317652336055110673e+01
-1.435388793509560834e+00 1.318055624580212104e+01
-1.434194129511634719e+00 1.318792304017934214e+01
-1.432999465513706605e+00 1.317922173706159228e+01
-1.431804801515780490e+00 1.312579902888192152e+01
-1.430610137517852598e+00 1.310991030847970507e+01
-1.429415473519925150e+00 1.311604458610809409e+01
-1.428220809521998369e+00 1.309739723616876539e+01
-1.427026145524070921e+00 1.310255293253488773e+01
-1.425831481526143030e+00 1.312856624489450397e+01
-1.424636817528216914e+00 1.312973597096103084e+01
-1.423442153530288801e+00 1.309079207980490445e+01
-1.422247489532362685e+00 1.304724317660968680e+01
-1.421052825534434794e+00 1.303504766733008680e+01
-1.419858161536507346e+00 1.304944118180270429e+01
-1.418663497538580565e+00 1.298913289123364834e+01
-1.417468833540653117e+00 1.289573133854492504e+01
-1.416274169542725225e+00 1.286048556497362583e+01
-1.415079505544799110e+00 1.287177639211585500e+01
-1.413884841546870996e+00 1.287042831119940622e+01
-1.412690177548944881e+00 1.283090960855430218e+01
-1.411495513551016989e+00 1.275968602974057831e+01
-1.410300849553089542e+00 1.267536480593778947e+01
-1.409106185555162760e+00 1.263605182464172216e+01
-1.407911521557235313e+00 1.265378401265846442e+01
-1.406716857559307421e+00 1.261423964525006447e+01
-1.405522193561381306e+00 1.255180976783175417e+01
-1.404327529563453192e+00 1.250416022711600306e+01
-1.403132865565527077e+00 1.246933779237027196e+01
-1.401938201567599185e+00 1.244614887807634496e+01
-1.400743537569671737e+00 1.242899152522386963e+01
-1.399548873571744956e+00 1.242515998402455857e+01
-1.398354209573817508e+00 1.244175057542851626e+01
-1.397159545575889616e+00 1.246291498130589659e+01
-1.395964881577963501e+00 1.247642051347855308e+01
-1.394770217580035387e+00 1.244647487641258721e+01
-1.393575553582109272e+00 1.242288128889238408e+01
-1.392380889584181380e+00 1.240081850618421377e+01
-1.391186225586253933e+00 1.236654900105369137e+01
-1.389991561588327151e+00 1.231996466565886195e+01
-1.388796897590399704e+00 1.228108895585020832e+01
-1.387602233592471812e+00 1.227804232833615217e+01
-1.386407569594545697e+00 1.229482414609244678e+01
-1.385212905596617583e+00 1.229245881685447195e+01
-1.384018241598691468e+00 1.224374329867593225e+01
-1.382823577600763576e+00 1.222015999202204917e+01
-1.381628913602836128e+00 1.224889113254785400e+01
-1.380434249604909347e+00 1.231582019265417749e+01
-1.379239585606981899e+00 1.236187584702867959e+01
-1.378044921609054008e+00 1.235339763906604027e+01
-1.376850257611127892e+00 1.235029618706782983e+01
-1.375655593613199779e+00 1.234668478526896429e+01
-1.374460929615273663e+00 1.233414679179905704e+01
-1.373266265617345772e+00 1.232158439550222084e+01
-1.372071601619418324e+00 1.231509497724800895e+01
-1.370876937621491543e+00 1.232759862920023153e+01
-1.369682273623564095e+00 1.238554564720826967e+01
-1.368487609625636203e+00 1.243568671028539363e+01
-1.367292945627710088e+00 1.242020977959685091e+01
-1.366098281629781974e+00 1.237972439952550729e+01
-1.364903617631855859e+00 1.238962445355558728e+01
-1.363708953633927967e+00 1.240582780948033026e+01
-1.362514289636000520e+00 1.242628216966671317e+01
-1.361319625638073738e+00 1.247940419433988879e+01
-1.360124961640146291e+00 1.250553592592336472e+01
-1.358930297642218399e+00 1.248098240958791294e+01
-1.357735633644292284e+00 1.250060601550745432e+01
-1.356540969646364170e+00 1.253079320777460737e+01
-1.355346305648438054e+00 1.251313107505264632e+01
-1.354151641650510163e+00 1.247851143442634481e+01
-1.352956977652582715e+00 1.244190322548705474e+01
-1.351762313654655934e+00 1.244279865974004018e+01
-1.350567649656728486e+00 1.245338537897080400e+01
-1.349372985658800594e+00 1.246916429740369736e+01
-1.348178321660874479e+00 1.248163759813414053e+01
-1.346983657662946365e+00 1.249273865145782558e+01
-1.345788993665020250e+00 1.251640630306110857e+01
-1.344594329667092358e+00 1.257168740191962009e+01
-1.343399665669164911e+00 1.254307831160547693e+01
-1.342205001671238129e+00 1.250982620445612703e+01
-1.341010337673310682e+00 1.250015532682815156e+01
-1.339815673675382790e+00 1.247933012898307403e+01
-1.338621009677456675e+00 1.250333097643703795e+01
-1.337426345679528561e+00 1.253013573033651262e+01
-1.336231681681602446e+00 1.259222999516906327e+01
-1.335037017683674554e+00 1.265994449183089010e+01
-1.333842353685747106e+00 1.266280267390486181e+01
-1.332647689687820325e+00 1.267993176891916995e+01
-1.331453025689892877e+00 1.271518093643541292e+01
-1.330258361691965208e+00 1.277807836587816936e+01
-1.329063697694038648e+00 1.286192058562315843e+01
-1.327869033696110979e+00 1.291225059875190340e+01
-1.326674369698184419e+00 1.292037639428930085e+01
-1.325479705700256750e+00 1.295710558282459779e+01
-1.324285041702329302e+00 1.301479261747706317e+01
-1.323090377704402520e+00 1.308149169762491582e+01
-1.321895713706475073e+00 1.314684198256688497e+01
-1.320701049708547403e+00 1.318212996706495410e+01
-1.319506385710620844e+00 1.319115555526151162e+01
-1.318311721712693174e+00 1.317475176393366709e+01
-1.317117057714766615e+00 1.311965018454633558e+01
-1.315922393716838945e+00 1.311354624412541625e+01
-1.314727729718911498e+00 1.312517133395613378e+01
-1.313533065720984716e+00 1.310054440073644244e+01
-1.312338401723057268e+00 1.312544610320554561e+01
-1.311143737725129599e+00 1.317471819536759803e+01
-1.309949073727203039e+00 1.323166180012831283e+01
-1.308754409729275370e+00 1.327153795883360488e+01
-1.307559745731348810e+00 1.325780272287071782e+01
-1.306365081733421141e+00 1.327418464809384524e+01
-1.305170417735493693e+00 1.329346189123706345e+01
-1.303975753737566912e+00 1.330197961427530906e+01
-1.302781089739639464e+00 1.331842861351617913e+01
-1.301586425741711794e+00 1.331610658529573854e+01
-1.300391761743785235e+00 1.327634905439461299e+01
-1.299197097745857565e+00 1.326858062044782827e+01
-1.298002433747931006e+00 1.327287235146287259e+01
-1.296807769750003336e+00 1.322900238996114908e+01
-1.295613105752075889e+00 1.314449576048202140e+01
-1.294418441754149107e+00 1.312223320367252377e+01
-1.293223777756221660e+00 1.315083502100906010e+01
-1.292029113758293990e+00 1.317993756097078162e+01
-1.290834449760367431e+00 1.320895867595590012e+01
-1.289639785762439761e+00 1.319703032267471521e+01
-1.288445121764513202e+00 1.312495195598691566e+01
-1.287250457766585532e+00 1.311442862856863556e+01
-1.286055793768658084e+00 1.315190493344454126e+01
-1.284861129770731303e+00 1.319729076957380798e+01
-1.283666465772803855e+00 1.321283317899158227e+01
-1.282471801774876186e+00 1.322889271761312990e+01
-1.281277137776949626e+00 1.326379308978662586e+01
-1.280082473779021957e+00 1.323779680558318361e+01
-1.278887809781095397e+00 1.318951358539989016e+01
-1.277693145783167727e+00 1.316413742007530274e+01
-1.276498481785240280e+00 1.314269954010430119e+01
-1.275303817787313498e+00 1.313994630618196524e+01
-1.274109153789386051e+00 1.313025748529400083e+01
-1.272914489791458381e+00 1.315675740992011278e+01
-1.271719825793531822e+00 1.324473265397584321e+01
-1.270525161795604152e+00 1.330401189449503541e+01
-1.269330497797677593e+00 1.329847963311647518e+01
-1.268135833799749923e+00 1.325902328784930262e+01
-1.266941169801822475e+00 1.321091780377292757e+01
-1.265746505803895694e+00 1.319110637062832581e+01
-1.264551841805968246e+00 1.322504570787075018e+01
-1.263357177808040577e+00 1.326768956785742049e+01
-1.262162513810114017e+00 1.324751365496578792e+01
-1.260967849812186348e+00 1.319834290764792151e+01
-1.259773185814259788e+00 1.319240222527154671e+01
-1.258578521816332119e+00 1.320765268386154290e+01
-1.257383857818404671e+00 1.319021841304978082e+01
-1.256189193820477890e+00 1.315222411146429238e+01
-1.254994529822550442e+00 1.311711598773776188e+01
-1.253799865824622772e+00 1.309275116548989004e+01
-1.252605201826696213e+00 1.305596906047888872e+01
-1.251410537828768543e+00 1.303934719293695110e+01
-1.250215873830841984e+00 1.298300781817321692e+01
-1.249021209832914314e+00 1.294972369264181289e+01
-1.247826545834986867e+00 1.294344812202069939e+01
-1.246631881837060085e+00 1.295816633006702645e+01
-1.245437217839132638e+00 1.296305349425778708e+01
-1.244242553841204968e+00 1.289926657554241629e+01
-1.243047889843278409e+00 1.281683566558183784e+01
-1.241853225845350739e+00 1.274668139456753302e+01
-1.240658561847424179e+00 1.269621175603640850e+01
-1.239463897849496510e+00 1.268353958894685540e+01
-1.238269233851569062e+00 1.264666670088103650e+01
-1.237074569853642281e+00 1.259138076338306078e+01
-1.235879905855714833e+00 1.259910474656011203e+01
-1.234685241857787164e+00 1.260471641968281453e+01
-1.233490577859860604e+00 1.263233678027626361e+01
-1.232295913861932934e+00 1.269140746820069232e+01
-1.231101249864006375e+00 1.267989752896461653e+01
-1.229906585866078705e+00 1.261758153911352309e+01
-1.228711921868151258e+00 1.259028293844856705e+01
-1.227517257870224476e+00 1.256612146509025152e+01
-1.226322593872297029e+00 1.252070092593255346e+01
-1.225127929874369359e+00 1.245951435506911942e+01
-1.223933265876442800e+00 1.244126504024932167e+01
-1.222738601878515130e+00 1.242391636183289627e+01
-1.221543937880588571e+00 1.237090340921392162e+01
-1.220349273882660901e+00 1.236650971574572466e+01
-1.219154609884733453e+00 1.237855776406175323e+01
-1.217959945886806672e+00 1.233608882466082868e+01
-1.216765281888879224e+00 1.227863268046607104e+01
-1.215570617890951555e+00 1.220463916525650738e+01
-1.214375953893024995e+00 1.220730566340810519e+01
-1.213181289895097326e+00 1.225271432541498484e+01
-1.211986625897170766e+00 1.229797427570365365e+01
-1.210791961899243097e+00 1.228078081515381115e+01
-1.209597297901315649e+00 1.224176405337717455e+01
-1.208402633903388868e+00 1.224968019684546050e+01
-1.207207969905461420e+00 1.225309575905418136e+01
-1.206013305907533750e+00 1.225823592968136211e+01
-1.204818641909607191e+00 1.223983487434340311e+01
-1.203623977911679521e+00 1.221146574541979568e+01
-1.202429313913752962e+00 1.220255961567682945e+01
-1.201234649915825292e+00 1.220802246082405240e+01
-1.200039985917897845e+00 1.221571712936697551e+01
-1.198845321919971063e+00 1.220047739827558608e+01
-1.197650657922043615e+00 1.222940119688681193e+01
-1.196455993924115946e+00 1.227804751972506381e+01
-1.195261329926189386e+00 1.229445372492122601e+01
-1.194066665928261717e+00 1.235534673402614381e+01
-1.192872001930335157e+00 1.242587832181777330e+01
-1.191677337932407488e+00 1.242204665865133251e+01
-1.190482673934480040e+00 1.240978222979014767e+01
-1.189288009936553259e+00 1.241135917418627166e+01
-1.188093345938625811e+00 1.240841455809980687e+01
-1.186898681940698141e+00 1.238274659934175226e+01
-1.185704017942771582e+00 1.237834123568280731e+01
-1.184509353944843912e+00 1.240467176969573160e+01
-1.183314689946917353e+00 1.239532470461179159e+01
-1.182120025948989683e+00 1.240981915300991822e+01
-1.180925361951062236e+00 1.246402437953137543e+01
-1.179730697953135454e+00 1.249257028043349926e+01
-1.178536033955208007e+00 1.250609987610702412e+01
-1.177341369957280337e+00 1.253887935599980885e+01
-1.176146705959353778e+00 1.262138645726394515e+01
-1.174952041961426108e+00 1.266295061644968989e+01
-1.173757377963499549e+00 1.267544452505277341e+01
-1.172562713965571879e+00 1.269080827125806898e+01
-1.171368049967644431e+00 1.269444217586788604e+01
-1.170173385969717650e+00 1.274354224334110697e+01
-1.168978721971790202e+00 1.278944356378794822e+01
-1.167784057973862533e+00 1.277781725266486568e+01
-1.166589393975935973e+00 1.276736664666010590e+01
-1.165394729978008304e+00 1.277836197665764040e+01
-1.164200065980081744e+00 1.280903642015740473e+01
-1.163005401982154075e+00 1.279363320301713358e+01
-1.161810737984226627e+00 1.275868440707604456e+01
-1.160616073986299845e+00 1.281067941518818820e+01
-1.159421409988372398e+00 1.289458595666056517e+01
-1.158226745990444728e+00 1.290890492671241674e+01
-1.157032081992518169e+00 1.290101895833512557e+01
-1.155837417994590499e+00 1.295419884020414081e+01
-1.154642753996663940e+00 1.302147661575277660e+01
-1.153448089998736270e+00 1.305567760151301293e+01
-1.152253426000808822e+00 1.301726530192731346e+01
-1.151058762002882041e+00 1.302220597385685430e+01
-1.149864098004954593e+00 1.308309663951555812e+01
-1.148669434007026924e+00 1.310720206641396679e+01
-1.147474770009100364e+00 1.312513838853642412e+01
-1.146280106011172695e+00 1.315690831824772289e+01
-1.145085442013246135e+00 1.317643815428525933e+01
-1.143890778015318466e+00 1.315059308561536078e+01
-1.142696114017391240e+00 1.313664386189204514e+01
-1.141501450019464015e+00 1.314250449903959250e+01
-1.140306786021536789e+00 1.314562009118906261e+01
-1.139112122023609341e+00 1.315917501956779567e+01
-1.137917458025682560e+00 1.317987650503495978e+01
-1.136722794027754890e+00 1.319888139944147909e+01
-1.135528130029828109e+00 1.321524905352801404e+01
-1.134333466031900661e+00 1.323712609257963457e+01
-1.133138802033973436e+00 1.327362876153713600e+01
-1.131944138036046210e+00 1.323020315014868409e+01
-1.130749474038118985e+00 1.324395163678367915e+01
-1.129554810040191537e+00 1.325491870375095083e+01
-1.128360146042264756e+00 1.322723310635627847e+01
-1.127165482044337086e+00 1.321640850440262760e+01
-1.125970818046410304e+00 1.322018766701213188e+01
-1.124776154048482857e+00 1.329488644588605517e+01
-1.123581490050555631e+00 1.342529705356941783e+01
-1.122386826052628406e+00 1.345492791786500320e+01
-1.121192162054701180e+00 1.341587024459524535e+01
-1.119997498056773733e+00 1.342664828626871021e+01
-1.118802834058846951e+00 1.343228577842283222e+01
-1.117608170060919281e+00 1.344927992903447311e+01
-1.116413506062992500e+00 1.346177991715525657e+01
-1.115218842065065052e+00 1.343697934763534008e+01
-1.114024178067137827e+00 1.342259294958143734e+01
-1.112829514069210601e+00 1.341633863407736804e+01
-1.111634850071283376e+00 1.340931669706518115e+01
-1.110440186073355928e+00 1.340996080114760147e+01
-1.109245522075429147e+00 1.339201888070291524e+01
-1.108050858077501477e+00 1.335077018044667874e+01
-1.106856194079574696e+00 1.333155582931685501e+01
-1.105661530081647248e+00 1.326744631391289353e+01
-1.104466866083720022e+00 1.322323708299382261e+01
-1.103272202085792797e+00 1.327567595392452837e+01
-1.102077538087865571e+00 1.333755618808629251e+01
-1.100882874089938124e+00 1.334548810766860427e+01
-1.099688210092011342e+00 1.332718918716490109e+01
-1.098493546094083673e+00 1.331547719107837580e+01
-1.097298882096156891e+00 1.326297927145258448e+01
-1.096104218098229444e+00 1.332543781884408141e+01
-1.094909554100302218e+00 1.339970546745411895e+01
-1.093714890102374993e+00 1.336305496338752441e+01
-1.092520226104447767e+00 1.330376436439756027e+01
-1.091325562106520319e+00 1.325768649456424342e+01
-1.090130898108593538e+00 1.322685413447321778e+01
-1.088936234110665868e+00 1.320035285059646135e+01
-1.087741570112739087e+00 1.317883154395809520e+01
-1.086546906114811639e+00 1.314320763635236311e+01
-1.085352242116884414e+00 1.315853679183914338e+01
-1.084157578118957188e+00 1.320420508458627928e+01
-1.082962914121029963e+00 1.320311878187677657e+01
-1.081768250123102515e+00 1.319566412938672961e+01
-1.080573586125175733e+00 1.320889601929615864e+01
-1.079378922127248064e+00 1.322729120677792558e+01
-1.078184258129321282e+00 1.324733736258004768e+01
-1.076989594131393835e+00 1.321548792961304386e+01
-1.075794930133466609e+00 1.315778836999066570e+01
-1.074600266135539384e+00 1.310294246456687972e+01
-1.073405602137612158e+00 1.306064738131891723e+01
-1.072210938139684711e+00 1.306310753573101557e+01
-1.071016274141757929e+00 1.305069919860552297e+01
-1.069821610143830259e+00 1.300661357338389124e+01
-1.068626946145903478e+00 1.299031085739985336e+01
-1.067432282147976030e+00 1.299555110687090043e+01
-1.066237618150048805e+00 1.299247364949994932e+01
-1.065042954152121579e+00 1.297841192988015635e+01
-1.063848290154194354e+00 1.300958948006346105e+01
-1.062653626156266906e+00 1.303428667012031461e+01
-1.061458962158340125e+00 1.299587340779783062e+01
-1.060264298160412455e+00 1.297437122976330670e+01
-1.059069634162485674e+00 1.296917811871604087e+01
-1.057874970164558226e+00 1.294574573925718219e+01
-1.056680306166631000e+00 1.288808695596789811e+01
-1.055485642168703775e+00 1.283058228358760289e+01
-1.054290978170776549e+00 1.280838466175932311e+01
-1.053096314172849102e+00 1.274678268201178177e+01
-1.051901650174922320e+00 1.268174951433228870e+01
-1.050706986176994651e+00 1.261678020272062462e+01
-1.049512322179067869e+00 1.261407109903099766e+01
-1.048317658181140422e+00 1.266119823229109187e+01
-1.047122994183213196e+00 1.266017455124598179e+01
-1.045928330185285970e+00 1.259897381848776199e+01
-1.044733666187358745e+00 1.254334739628116679e+01
-1.043539002189431297e+00 1.256648159836663226e+01
-1.042344338191504516e+00 1.259711108296596294e+01
-1.041149674193576846e+00 1.255610286584826696e+01
-1.039955010195650065e+00 1.251106239951306520e+01
-1.038760346197722617e+00 1.252999255673591250e+01
-1.037565682199795392e+00 1.256623568230389765e+01
-1.036371018201868166e+00 1.260000514383535553e+01
-1.035176354203940940e+00 1.263190389527211011e+01
-1.033981690206013493e+00 1.262806096857279670e+01
-1.032787026208086711e+00 1.264753050002554779e+01
-1.031592362210159042e+00 1.263502480063163524e+01
-1.030397698212232260e+00 1.258386044268831228e+01
-1.029203034214304813e+00 1.256958197757884221e+01
-1.028008370216377587e+00 1.255700497351193334e+01
-1.026813706218450362e+00 1.256362943226450746e+01
-1.025619042220523136e+00 1.258809295034342668e+01
-1.024424378222595688e+00 1.265045856723033069e+01
-1.023229714224668907e+00 1.268059478542881635e+01
-1.022035050226741237e+00 1.268817130535954263e+01
-1.020840386228814456e+00 1.268809762051060375e+01
-1.019645722230887008e+00 1.261469531606364924e+01
-1.018451058232959783e+00 1.255653170028479160e+01
-1.017256394235032557e+00 1.257526731116803020e+01
-1.016061730237105332e+00 1.261143124487961487e+01
-1.014867066239177884e+00 1.264707803859618984e+01
-1.013672402241251103e+00 1.267411632535125143e+01
-1.012477738243323433e+00 1.276229087391066130e+01
-1.011283074245396651e+00 1.279479776889874465e+01
-1.010088410247469204e+00 1.275163162142434814e+01
-1.008893746249541978e+00 1.273858382433377834e+01
-1.007699082251614753e+00 1.275103557484651695e+01
-1.006504418253687527e+00 1.273665022168171213e+01
-1.005309754255760080e+00 1.268060097710735512e+01
-1.004115090257833298e+00 1.257848736640247189e+01
-1.002920426259905629e+00 1.253089195018795365e+01
-1.001725762261978847e+00 1.255280378309109324e+01
-1.000531098264051399e+00 1.257514469172766169e+01
-9.993364342661241739e-01 1.256661732922775521e+01
-9.981417702681969484e-01 1.254963724384354329e+01
-9.969471062702697228e-01 1.255890597477221071e+01
-9.957524422723423863e-01 1.257527314666719853e+01
-9.945577782744156048e-01 1.256601936447631296e+01
-9.933631142764877131e-01 1.252386761297658246e+01
-9.921684502785609316e-01 1.249264379263428992e+01
-9.909737862806335951e-01 1.250034613482709034e+01
-9.897791222827063695e-01 1.253210056298391351e+01
-9.885844582847791440e-01 1.256787861822136421e+01
-9.873897942868519184e-01 1.256040447537709781e+01
-9.861951302889245818e-01 1.257943725397009693e+01
-9.850004662909978004e-01 1.260538994341500008e+01
-9.838058022930699087e-01 1.261141447322409448e+01
-9.826111382951431272e-01 1.262082896363211226e+01
-9.814164742972157907e-01 1.260978970664149124e+01
-9.802218102992885651e-01 1.262214345628549950e+01
-9.790271463013613396e-01 1.266989220161379492e+01
-9.778324823034341140e-01 1.275958180636484585e+01
-9.766378183055067774e-01 1.279329802459135301e+01
-9.754431543075799960e-01 1.275571761755632672e+01
-9.742484903096521043e-01 1.273549314712746572e+01
-9.730538263117253228e-01 1.277092302614722108e+01
-9.718591623137979862e-01 1.281452459944393851e+01
-9.706644983158707607e-01 1.282380652285603162e+01
-9.694698343179435351e-01 1.282890155577021218e+01
-9.682751703200163096e-01 1.285137897105972016e+01
-9.670805063220889730e-01 1.291337316639925525e+01
-9.658858423241621916e-01 1.292453001131310408e+01
-9.646911783262342999e-01 1.286357638155020311e+01
-9.634965143283075184e-01 1.281647535683802808e+01
-9.623018503303801818e-01 1.276533444346599566e+01
-9.611071863324529563e-01 1.273824841742533387e+01
-9.599125223345257307e-01 1.276107441563756240e+01
-9.587178583365985052e-01 1.276401871546002731e+01
-9.575231943386711686e-01 1.275029168769527921e+01
-9.563285303407443871e-01 1.276456858155643204e+01
-9.551338663428164955e-01 1.278859671044956414e+01
-9.539392023448897140e-01 1.280657281819074278e+01
-9.527445383469623774e-01 1.282428610247208312e+01
-9.515498743490351519e-01 1.284922865423733462e+01
-9.503552103511079263e-01 1.289889526981474610e+01
-9.491605463531807008e-01 1.293934534356465349e+01
-9.479658823552533642e-01 1.293431527866057884e+01
-9.467712183573265827e-01 1.292947969694614940e+01
-9.455765543593986910e-01 1.294595385555960121e+01
-9.443818903614719096e-01 1.292697007755949201e+01
-9.431872263635445730e-01 1.288604136750432616e+01
-9.419925623656173475e-01 1.284644684464654674e+01
-9.407978983676900109e-01 1.280868951983238446e+01
-9.396032343697628963e-01 1.275472287000286364e+01
-9.384085703718355598e-01 1.271248303080235154e+01
-9.372139063739087783e-01 1.273234041203868649e+01
-9.360192423759808866e-01 1.276359621873672978e+01
-9.348245783780541052e-01 1.274008727228604876e+01
-9.336299143801267686e-01 1.271228055496566789e+01
-9.324352503821996541e-01 1.271652237839464661e+01
-9.312405863842722065e-01 1.275550756772596905e+01
-9.300459223863450919e-01 1.273656038852487704e+01
-9.288512583884177554e-01 1.268190492627033272e+01
-9.276565943904909739e-01 1.267197275330315165e+01
-9.264619303925630822e-01 1.270999792296337105e+01
-9.252672663946363008e-01 1.274067411090718238e+01
-9.240726023967089642e-01 1.273778559596216198e+01
-9.228779383987818496e-01 1.274466712750871622e+01
-9.216832744008544021e-01 1.279438638496972303e+01
-9.204886104029272875e-01 1.284111289836347147e+01
-9.192939464049999509e-01 1.284392356669182433e+01
-9.180992824070731695e-01 1.282968369102217743e+01
-9.169046184091452778e-01 1.277741804540123383e+01
-9.157099544112184963e-01 1.276461155676297921e+01
-9.145152904132911598e-01 1.282281076982333090e+01
-9.133206264153640452e-01 1.290930667518135344e+01
-9.121259624174365976e-01 1.296276938901879383e+01
-9.109312984195094831e-01 1.296513592615536403e+01
-9.097366344215821465e-01 1.297762046465778774e+01
-9.085419704236553651e-01 1.303722238731216621e+01
-9.073473064257274734e-01 1.305331794248926158e+01
-9.061526424278006919e-01 1.302112976475403627e+01
-9.049579784298733554e-01 1.296967618702057834e+01
-9.037633144319462408e-01 1.294550679855106701e+01
-9.025686504340187932e-01 1.293425776033659957e+01
-9.013739864360916787e-01 1.294082724353629921e+01
-9.001793224381643421e-01 1.297179075282515548e+01
-8.989846584402375607e-01 1.294585705206647397e+01
-8.977899944423096690e-01 1.290188179753862485e+01
-8.965953304443828875e-01 1.286332408989764531e+01
-8.954006664464555509e-01 1.277079174005829998e+01
-8.942060024485284364e-01 1.267648837955273144e+01
-8.930113384506009888e-01 1.258674370553739763e+01
-8.918166744526738743e-01 1.254868616417151550e+01
-8.906220104547465377e-01 1.257625808327639838e+01
-8.894273464568197562e-01 1.256146626214904671e+01
-8.882326824588918646e-01 1.253102571934847198e+01
-8.870380184609649721e-01 1.256042935914021363e+01
-8.858433544630377465e-01 1.259352261428783315e+01
-8.846486904651106320e-01 1.260276213285545133e+01
-8.834540264671831844e-01 1.263839622082955039e+01
-8.822593624692560699e-01 1.265384585739097290e+01
-8.810646984713288443e-01 1.261034576164637677e+01
-8.798700344734019518e-01 1.261827899393628094e+01
-8.786753704754740602e-01 1.264035192507619243e+01
-8.774807064775471677e-01 1.262340317578382454e+01
-8.762860424796199421e-01 1.263045282450479689e+01
-8.750913784816928276e-01 1.264875206148862397e+01
-8.738967144837653800e-01 1.266114867782195041e+01
-8.727020504858382655e-01 1.263552166345778360e+01
-8.715073864879110399e-01 1.256106722092802208e+01
-8.703127224899841474e-01 1.253227248189158871e+01
-8.691180584920562557e-01 1.252042734500170340e+01
-8.679233944941293633e-01 1.251259566877516605e+01
-8.667287304962021377e-01 1.249435457689868123e+01
-8.655340664982750232e-01 1.248671958183467545e+01
-8.643394025003475756e-01 1.249046100128703785e+01
-8.631447385024204610e-01 1.246429791288909961e+01
-8.619500745044932355e-01 1.245824564113035748e+01
-8.607554105065663430e-01 1.249538950642909896e+01
-8.595607465086384513e-01 1.252655745797908082e+01
-8.583660825107115588e-01 1.249847710341274976e+01
-8.571714185127843333e-01 1.245545055720309691e+01
-8.559767545148572188e-01 1.248074015131738790e+01
-8.547820905169297712e-01 1.254996481391256147e+01
-8.535874265190026566e-01 1.257263292068467386e+01
-8.523927625210754311e-01 1.255685436105552277e+01
-8.511980985231485386e-01 1.259390502833930015e+01
-8.500034345252206469e-01 1.268228500314636165e+01
-8.488087705272937544e-01 1.272946669969422651e+01
-8.476141065293665289e-01 1.271503507348283613e+01
-8.464194425314394143e-01 1.271478431993859814e+01
-8.452247785335119667e-01 1.273477667102351063e+01
-8.440301145355848522e-01 1.277646431193397802e+01
-8.428354505376576267e-01 1.286638103841102065e+01
-8.416407865397307342e-01 1.288918433211151537e+01
-8.404461225418028425e-01 1.285614429137070758e+01
-8.392514585438759500e-01 1.284106462483109112e+01
-8.380567945459487245e-01 1.288363600647656781e+01
-8.368621305480218320e-01 1.294418393478932039e+01
-8.356674665500939403e-01 1.297811603847709350e+01
-8.344728025521670478e-01 1.299922435140251409e+01
-8.332781385542398223e-01 1.299934791003769163e+01
-8.320834745563129298e-01 1.298394565046878668e+01
-8.308888105583850381e-01 1.297393674656426832e+01
-8.296941465604581456e-01 1.298220275276061564e+01
-8.284994825625309200e-01 1.300895417277126676e+01
-8.273048185646040276e-01 1.302626530368320523e+01
-8.261101545666761359e-01 1.302028170523459849e+01
-8.249154905687492434e-01 1.300228494795104162e+01
-8.237208265708220178e-01 1.295337911341940007e+01
-8.225261625728951254e-01 1.295836317132726556e+01
-8.213314985749672337e-01 1.299731063123646813e+01
-8.201368345770403412e-01 1.304264106219427077e+01
-8.189421705791131156e-01 1.307256800703956223e+01
-8.177475065811862232e-01 1.306730027922058035e+01
-8.165528425832583315e-01 1.307326607123426143e+01
-8.153581785853314390e-01 1.310860911561161757e+01
-8.141635145874042134e-01 1.316865792089252807e+01
-8.129688505894773209e-01 1.319773580589915518e+01
-8.117741865915494293e-01 1.319216345587019390e+01
-8.105795225936225368e-01 1.320657120759827308e+01
-8.093848585956953112e-01 1.326403786902822723e+01
-8.081901945977684187e-01 1.331105849527300222e+01
-8.069955305998405271e-01 1.334754927918011091e+01
-8.058008666019136346e-01 1.339256158605431501e+01
-8.046062026039864090e-01 1.339737820918804090e+01
-8.034115386060595165e-01 1.340950620629613432e+01
-8.022168746081316248e-01 1.340254337845953359e+01
-8.010222106102047324e-01 1.338886581666214326e+01
-7.998275466122776178e-01 1.340553118235880703e+01
-7.986328826143505033e-01 1.341720865859021217e+01
-7.974382186164228337e-01 1.344203299462104262e+01
-7.962435546184957191e-01 1.345703173607107495e+01
-7.950488906205687156e-01 1.344351109567680247e+01
-7.938542266226416011e-01 1.337092017620160789e+01
-7.926595626247139315e-01 1.332401359523250584e+01
-7.914648986267868169e-01 1.334298058266082698e+01
-7.902702346288598134e-01 1.334306122478218271e+01
-7.890755706309326989e-01 1.328208190748420847e+01
-7.878809066330050292e-01 1.323093656448725852e+01
-7.866862426350779147e-01 1.321711063637470751e+01
-7.854915786371509112e-01 1.318242707953713122e+01
-7.842969146392237967e-01 1.318675389795368780e+01
-7.831022506412961270e-01 1.321413672623347502e+01
-7.819075866433690125e-01 1.319371128101078128e+01
-7.807129226454420090e-01 1.318789729293326474e+01
-7.795182586475148945e-01 1.321400155419051714e+01
-7.783235946495872248e-01 1.319877092530513529e+01
-7.771289306516601103e-01 1.315902947085386110e+01
-7.759342666537331068e-01 1.316540214716638779e+01
-7.747396026558059923e-01 1.316550415174169331e+01
-7.735449386578783226e-01 1.314689927288317151e+01
-7.723502746599512081e-01 1.309507951216549948e+01
-7.711556106620242046e-01 1.305330599651872348e+01
-7.699609466640970901e-01 1.305374156294891108e+01
-7.687662826661694204e-01 1.308099098700157192e+01
-7.675716186682423059e-01 1.307945653874192082e+01
-7.663769546703153024e-01 1.304301208518351984e+01
-7.651822906723881879e-01 1.300191781480124931e+01
-7.639876266744605182e-01 1.297579576917201294e+01
-7.627929626765334037e-01 1.295747583021996618e+01
-7.615982986786064002e-01 1.292577572899532257e+01
-7.604036346806792857e-01 1.286218740917170322e+01
-7.592089706827516160e-01 1.279761116072327454e+01
-7.580143066848245015e-01 1.278481076274816708e+01
-7.568196426868974980e-01 1.275991762767745996e+01
-7.556249786889703834e-01 1.270208457241616351e+01
-7.544303146910427138e-01 1.265777359780679312e+01
-7.532356506931155993e-01 1.265567006006520501e+01
-7.520409866951885958e-01 1.273467394192499214e+01
-7.508463226972614812e-01 1.271645780092148215e+01
-7.496516586993338116e-01 1.266028651165987995e+01
-7.484569947014066971e-01 1.267087535469236315e+01
-7.472623307034796936e-01 1.266040832027900542e+01
-7.460676667055525790e-01 1.266070822146668284e+01
-7.448730027076249094e-01 1.270985004224290904e+01
-7.436783387096977949e-01 1.276203042797721388e+01
-7.424836747117707914e-01 1.278899266685110092e+01
-7.412890107138436768e-01 1.276717158978068234e+01
-7.400943467159160072e-01 1.271513260954272972e+01
-7.388996827179888927e-01 1.271106736008908911e+01
-7.377050187200618891e-01 1.273112585073155145e+01
-7.365103547221347746e-01 1.270399471544806147e+01
-7.353156907242071050e-01 1.267863807809597354e+01
-7.341210267262799904e-01 1.271030943277846426e+01
-7.329263627283529869e-01 1.276650668162076130e+01
-7.317316987304258724e-01 1.278443026876815125e+01
-7.305370347324982028e-01 1.273468132705883349e+01
-7.293423707345710882e-01 1.272674528102172609e+01
-7.281477067366440847e-01 1.277417503478103455e+01
-7.269530427387169702e-01 1.277323126732826530e+01
-7.257583787407893006e-01 1.276071935288243786e+01
-7.245637147428621860e-01 1.276006445760326713e+01
-7.233690507449351825e-01 1.271986618713802919e+01
-7.221743867470080680e-01 1.270906797794491183e+01
-7.209797227490803984e-01 1.273817890705054445e+01
-7.197850587511532838e-01 1.282549141340075671e+01
-7.185903947532262803e-01 1.288149270772004584e+01
-7.173957307552991658e-01 1.289145992595217294e+01
-7.162010667573714962e-01 1.289798412769323832e+01
-7.150064027594443816e-01 1.290640122499297249e+01
-7.138117387615173781e-01 1.290885847349571058e+01
-7.126170747635902636e-01 1.293808132052081561e+01
-7.114224107656625939e-01 1.300591497093489224e+01
-7.102277467677354794e-01 1.303529568428390384e+01
-7.090330827698084759e-01 1.302088439758028038e+01
-7.078384187718813614e-01 1.302977453071603087e+01
-7.066437547739536917e-01 1.304941885140149793e+01
-7.054490907760265772e-01 1.307960281398913871e+01
-7.042544267780995737e-01 1.314453641583122945e+01
-7.030597627801724592e-01 1.318172466403588672e+01
-7.018650987822447895e-01 1.316960923894587943e+01
-7.006704347843176750e-01 1.315050947206422549e+01
-6.994757707863906715e-01 1.316622102592909371e+01
-6.982811067884635570e-01 1.321102421421068307e+01
-6.970864427905358873e-01 1.323025598580787054e+01
-6.958917787926087728e-01 1.321015468318211461e+01
-6.946971147946817693e-01 1.319852288302413257e+01
-6.935024507967546548e-01 1.321108830780996790e+01
-6.923077867988269851e-01 1.322795216765908854e+01
-6.911131228008998706e-01 1.323747109243077169e+01
-6.899184588029728671e-01 1.320314090189894785e+01
-6.887237948050457526e-01 1.315654612086953357e+01
-6.875291308071180829e-01 1.313532948625733887e+01
-6.863344668091909684e-01 1.312363444206918039e+01
-6.851398028112639649e-01 1.314671947778021277e+01
-6.839451388133368503e-01 1.317636584665500621e+01
-6.827504748154091807e-01 1.320955090668394760e+01
-6.815558108174820662e-01 1.324031391645627131e+01
-6.803611468195550627e-01 1.324592988171437291e+01
-6.791664828216279481e-01 1.326329539475795372e+01
-6.779718188237002785e-01 1.327607451507528857e+01
-6.767771548257731640e-01 1.326410281396067425e+01
-6.755824908278461605e-01 1.325333057766621181e+01
-6.743878268299190459e-01 1.326698843582643939e+01
-6.731931628319913763e-01 1.328127202142357000e+01
-6.719984988340642618e-01 1.327656598751767802e+01
-6.708038348361372583e-01 1.329315649411737432e+01
-6.696091708382101437e-01 1.333585285769816053e+01
-6.684145068402824741e-01 1.335195604883793941e+01
-6.672198428423553596e-01 1.339425801326618881e+01
-6.660251788444283561e-01 1.343747060438783691e+01
-6.648305148465011305e-01 1.341865179148333098e+01
-6.636358508485736829e-01 1.341168735900329878e+01
-6.624411868506464574e-01 1.341894702634165881e+01
-6.612465228527194538e-01 1.339518045562492787e+01
-6.600518588547922283e-01 1.338780414925222040e+01
-6.588571948568647807e-01 1.341318775201584046e+01
-6.576625308589375551e-01 1.343791749456608997e+01
-6.564678668610105516e-01 1.343534064869052358e+01
-6.552732028630833261e-01 1.342393019827919254e+01
-6.540785388651558785e-01 1.339609176543626745e+01
-6.528838748672286529e-01 1.338687696088039836e+01
-6.516892108693016494e-01 1.338794875886179980e+01
-6.504945468713744239e-01 1.340666233748153857e+01
-6.492998828734469763e-01 1.338329527954522824e+01
-6.481052188755197507e-01 1.332053197281409851e+01
-6.469105548775927472e-01 1.326611209557017901e+01
-6.457158908796655217e-01 1.324142093947872567e+01
-6.445212268817380741e-01 1.321194521661455212e+01
-6.433265628838108485e-01 1.317167684114320103e+01
-6.421318988858838450e-01 1.315747485436965647e+01
-6.409372348879566195e-01 1.316411083108883773e+01
-6.397425708900291719e-01 1.319253572039488098e+01
-6.385479068921019463e-01 1.318783729409329730e+01
-6.373532428941749428e-01 1.312951503488624461e+01
-6.361585788962477173e-01 1.307473388142490656e+01
-6.349639148983202697e-01 1.305026629543562500e+01
-6.337692509003930441e-01 1.302078689968801761e+01
-6.325745869024660406e-01 1.293062239479195341e+01
-6.313799229045388151e-01 1.287010394764447163e+01
-6.301852589066113675e-01 1.289722215046564990e+01
-6.289905949086841419e-01 1.289277150425481366e+01
-6.277959309107571384e-01 1.289927934650774866e+01
-6.266012669128299128e-01 1.293227248716633504e+01
-6.254066029149024653e-01 1.288379526899174721e+01
-6.242119389169752397e-01 1.280157974751434224e+01
-6.230172749190482362e-01 1.276296208398200349e+01
-6.218226109211210106e-01 1.276760690296203649e+01
-6.206279469231935630e-01 1.279535736211901487e+01
-6.194332829252663375e-01 1.282819710635039989e+01
-6.182386189273393340e-01 1.285593132233905678e+01
-6.170439549294121084e-01 1.285779410676249057e+01
-6.158492909314846608e-01 1.284516396652931114e+01
-6.146546269335574353e-01 1.279397644552431856e+01
-6.134599629356304318e-01 1.273167505607572281e+01
-6.122652989377032062e-01 1.270787675115365190e+01
-6.110706349397754256e-01 1.271840612636794710e+01
-6.098759709418484221e-01 1.267871999103007674e+01
-6.086813069439214186e-01 1.263048998302204673e+01
-6.074866429459937489e-01 1.264120634356780748e+01
-6.062919789480665234e-01 1.264545440403980692e+01
-6.050973149501395199e-01 1.262667858056692793e+01
-6.039026509522125163e-01 1.265383673916159424e+01
-6.027079869542852908e-01 1.272633622029716882e+01
-6.015133229563576212e-01 1.276901430390331527e+01
-6.003186589584306176e-01 1.270098265319122355e+01
-5.991239949605036141e-01 1.263986556758239921e+01
-5.979293309625759445e-01 1.262162455105079673e+01
-5.967346669646487189e-01 1.265337437697725420e+01
-5.955400029667217154e-01 1.267474435141558331e+01
-5.943453389687947119e-01 1.272377578827631517e+01
-5.931506749708674864e-01 1.279725280143780886e+01
-5.919560109729398167e-01 1.278878037232898102e+01
-5.907613469750128132e-01 1.276332372097282075e+01
-5.895666829770858097e-01 1.276537501380405359e+01
-5.883720189791581401e-01 1.273841723340223098e+01
-5.871773549812309145e-01 1.273050196892506492e+01
-5.859826909833039110e-01 1.274111744263452373e+01
-5.847880269853769075e-01 1.271394219181749463e+01
-5.835933629874496820e-01 1.268355212514640940e+01
-5.823986989895220123e-01 1.268387250592039095e+01
-5.812040349915950088e-01 1.271193148152844188e+01
-5.800093709936680053e-01 1.272231404859634907e+01
-5.788147069957403357e-01 1.270727353580847740e+01
-5.776200429978131101e-01 1.270556476465315221e+01
-5.764253789998861066e-01 1.272944123426348995e+01
-5.752307150019591031e-01 1.273803969972680150e+01
-5.740360510040318776e-01 1.275777032150213941e+01
-5.728413870061042079e-01 1.276783338295020798e+01
-5.716467230081772044e-01 1.275346096177512756e+01
-5.704520590102502009e-01 1.275816593832243484e+01
-5.692573950123225313e-01 1.276415891060935870e+01
-5.680627310143953057e-01 1.275646477880756890e+01
-5.668680670164683022e-01 1.277056700021405256e+01
-5.656734030185412987e-01 1.278345439973213793e+01
-5.644787390206140731e-01 1.274888809883071872e+01
-5.632840750226864035e-01 1.272109013930912269e+01
-5.620894110247594000e-01 1.274338924209097712e+01
-5.608947470268323965e-01 1.276547747427826707e+01
-5.597000830289047268e-01 1.278326806689874573e+01
-5.585054190309775013e-01 1.280426514569046148e+01
-5.573107550330504978e-01 1.286024323147169568e+01
-5.561160910351234943e-01 1.294317064316264698e+01
-5.549214270371962687e-01 1.298664011430029142e+01
-5.537267630392685991e-01 1.301692293156868452e+01
-5.525320990413415956e-01 1.308095030356175492e+01
-5.513374350434145921e-01 1.311534990952913660e+01
-5.501427710454869224e-01 1.312007184328795617e+01
-5.489481070475596969e-01 1.314764650785809508e+01
-5.477534430496326934e-01 1.307680140155665605e+01
-5.465587790517056899e-01 1.304316440675808053e+01
-5.453641150537784643e-01 1.309403473345077806e+01
-5.441694510558507947e-01 1.311263494669459462e+01
-5.429747870579237912e-01 1.310691058895708139e+01
-5.417801230599967877e-01 1.309045272278049055e+01
-5.405854590620691180e-01 1.308076052403071543e+01
-5.393907950641418925e-01 1.306631485295590167e+01
-5.381961310662148890e-01 1.302978950420981086e+01
-5.370014670682878855e-01 1.300673433095201936e+01
-5.358068030703606599e-01 1.304180285321622890e+01
-5.346121390724329903e-01 1.312103619378861019e+01
-5.334174750745059868e-01 1.317608745495682321e+01
-5.322228110765789832e-01 1.318408647346662299e+01
-5.310281470786513136e-01 1.317148079051644238e+01
-5.298334830807240881e-01 1.315119497886187538e+01
-5.286388190827970845e-01 1.313715617230457511e+01
-5.274441550848700810e-01 1.313112846260535704e+01
-5.262494910869428555e-01 1.315127855312395511e+01
-5.250548270890151858e-01 1.317773980601233497e+01
-5.238601630910881823e-01 1.318935825638227932e+01
-5.226654990931611788e-01 1.319923793486259456e+01
-5.214708350952335092e-01 1.320852753812178726e+01
-5.202761710973062836e-01 1.317242749838838378e+01
-5.190815070993792801e-01 1.311764791213326298e+01
-5.178868431014522766e-01 1.312716056513968788e+01
-5.166921791035250511e-01 1.314363808997430993e+01
-5.154975151055973814e-01 1.310952651959646076e+01
-5.143028511076703779e-01 1.311807957451840601e+01
-5.131081871097433744e-01 1.314897758584635845e+01
-5.119135231118157048e-01 1.316283031191280273e+01
-5.107188591138884792e-01 1.311325549856282002e+01
-5.095241951159614757e-01 1.308758461082434366e+01
-5.083295311180344722e-01 1.311173137685074863e+01
-5.071348671201072467e-01 1.309228231046614610e+01
-5.059402031221795770e-01 1.306478952997623821e+01
-5.047455391242525735e-01 1.310372050001852884e+01
-5.035508751263255700e-01 1.314991588501203346e+01
-5.023562111283979004e-01 1.312739316542367085e+01
-5.011615471304706748e-01 1.310750483085145923e+01
-4.999668831325436713e-01 1.309214739164921504e+01
-4.987722191346167233e-01 1.303628813824054689e+01
-4.975775551366893867e-01 1.302941500194473079e+01
-4.963828911387617171e-01 1.304864656369909426e+01
-4.951882271408347691e-01 1.306376114885494921e+01
-4.939935631429078211e-01 1.308090111080425366e+01
-4.927988991449801515e-01 1.305199123107508896e+01
-4.916042351470528149e-01 1.301198906151504531e+01
-4.904095711491258669e-01 1.303012186959383634e+01
-4.892149071511989189e-01 1.303661332950095364e+01
-4.880202431532715823e-01 1.303250023182526007e+01
-4.868255791553439127e-01 1.306362255215497825e+01
-4.856309151574169647e-01 1.309602979057049765e+01
-4.844362511594900167e-01 1.309655488144865743e+01
-4.832415871615623471e-01 1.306861864395374084e+01
-4.820469231636350105e-01 1.305026264549336901e+01
-4.808522591657080625e-01 1.309422504003377519e+01
-4.796575951677811145e-01 1.312344849246514933e+01
-4.784629311698537779e-01 1.312747038507924557e+01
-4.772682671719261083e-01 1.312499987000908419e+01
-4.760736031739991603e-01 1.315710185035695012e+01
-4.748789391760722123e-01 1.316434724915369792e+01
-4.736842751781445426e-01 1.314942785283264826e+01
-4.724896111802172061e-01 1.316196289060109592e+01
-4.712949471822902581e-01 1.315932904679503679e+01
-4.701002831843633101e-01 1.313980632626480016e+01
-4.689056191864358070e-01 1.312073363879301802e+01
-4.677109551885083039e-01 1.310213617714251377e+01
-4.665162911905813559e-01 1.308101233418215692e+01
-4.653216271926544079e-01 1.308942119514741442e+01
-4.641269631947269048e-01 1.313565038419999631e+01
-4.629322991967994017e-01 1.320791876294583922e+01
-4.617376351988724537e-01 1.326683804088222018e+01
-4.605429712009455057e-01 1.328380754481102421e+01
-4.593483072030180026e-01 1.329221832220924249e+01
-4.581536432050904994e-01 1.326423880730509275e+01
-4.569589792071635515e-01 1.323283751541421260e+01
-4.557643152092366035e-01 1.325459056568858252e+01
-4.545696512113091003e-01 1.323820695357098209e+01
-4.533749872133815972e-01 1.321364295957919666e+01
-4.521803232154546492e-01 1.322345288783660600e+01
-4.509856592175277012e-01 1.323085124986859640e+01
-4.497909952196001981e-01 1.325327368400613004e+01
-4.485963312216726950e-01 1.325962931293762104e+01
-4.474016672237457470e-01 1.325406162102624386e+01
-4.462070032258187990e-01 1.328417222749698645e+01
-4.450123392278912959e-01 1.330601719305150965e+01
-4.438176752299639038e-01 1.333531396650774425e+01
-4.426230112320368448e-01 1.335333987025940239e+01
-4.414283472341097858e-01 1.335630407470507919e+01
-4.402336832361823937e-01 1.333263358655351105e+01
-4.390390192382550016e-01 1.331620034617863624e+01
-4.378443552403279426e-01 1.332258846468305791e+01
-4.366496912424008836e-01 1.332828697859321920e+01
-4.354550272444734915e-01 1.334462044444065931e+01
-4.342603632465460994e-01 1.333380237226793597e+01
-4.330656992486190404e-01 1.330533558686238216e+01
-4.318710352506919814e-01 1.327902288202861314e+01
-4.306763712527645893e-01 1.323830789407004360e+01
-4.294817072548371972e-01 1.322280223256491993e+01
-4.282870432569101382e-01 1.324419555769037871e+01
-4.270923792589830792e-01 1.324506898337219774e+01
-4.258977152610556871e-01 1.320434437683848650e+01
-4.247030512631282950e-01 1.317815950976620343e+01
-4.235083872652012360e-01 1.318696587299674228e+01
-4.223137232672741770e-01 1.319162832428078502e+01
-4.211190592693467849e-01 1.320741483327853416e+01
-4.199243952714193928e-01 1.324423670618683069e+01
-4.187297312734923338e-01 1.326633661948435972e+01
-4.175350672755652748e-01 1.327480404579659279e+01
-4.163404032776378827e-01 1.325230293642026069e+01
-4.151457392797104906e-01 1.324434791160501490e+01
-4.139510752817834316e-01 1.326609474403411859e+01
-4.127564112838563726e-01 1.327020006630810656e+01
-4.115617472859289805e-01 1.328486606709022055e+01
-4.103670832880015884e-01 1.332032721242858919e+01
-4.091724192900745294e-01 1.332484567535586883e+01
-4.079777552921474704e-01 1.336307915197283869e+01
-4.067830912942200783e-01 1.341517112333215067e+01
-4.055884272962926862e-01 1.343302312653987585e+01
-4.043937632983656272e-01 1.342108829361619904e+01
-4.031990993004385682e-01 1.339006144200557458e+01
-4.020044353025111761e-01 1.336748374929193517e+01
-4.008097713045837840e-01 1.335431223784312316e+01
-3.996151073066567250e-01 1.339078453222871978e+01
-3.984204433087296660e-01 1.340077224154079971e+01
-3.972257793108022739e-01 1.343667387052219198e+01
-3.960311153128748818e-01 1.347662496606291782e+01
-3.948364513149478228e-01 1.344591424952721681e+01
-3.936417873170207637e-01 1.347038632301728533e+01
-3.924471233190933717e-01 1.355060406710742171e+01
-3.912524593211659796e-01 1.360451597515332622e+01
-3.900577953232389206e-01 1.361275895967938965e+01
-3.888631313253118615e-01 1.358348023570335350e+01
-3.876684673273844695e-01 1.356203871325434740e+01
-3.864738033294570774e-01 1.357445804436558490e+01
-3.852791393315300184e-01 1.355937787095440683e+01
-3.840844753336029593e-01 1.352385009300141583e+01
-3.828898113356755672e-01 1.353689177080166850e+01
-3.816951473377481752e-01 1.353119592267797344e+01
-3.805004833398211161e-01 1.351352994923060180e+01
-3.793058193418940571e-01 1.353811465497502375e+01
-3.781111553439666650e-01 1.356278582585326475e+01
-3.769164913460392730e-01 1.357345516364193472e+01
-3.757218273481122139e-01 1.357534172456909083e+01
-3.745271633501851549e-01 1.358730455690021799e+01
-3.733324993522577628e-01 1.363893751921470887e+01
-3.721378353543303708e-01 1.367011107030081796e+01
-3.709431713564033117e-01 1.366125743171927098e+01
-3.697485073584762527e-01 1.368332140711282996e+01
-3.685538433605488606e-01 1.370449638170748763e+01
-3.673591793626214685e-01 1.366266290031381381e+01
-3.661645153646944095e-01 1.362138952506299105e+01
-3.649698513667673505e-01 1.360586820997692570e+01
-3.637751873688399584e-01 1.359428432893361105e+01
-3.625805233709125663e-01 1.360106458749758040e+01
-3.613858593729855073e-01 1.357882848082892480e+01
-3.601911953750584483e-01 1.356372455177205616e+01
-3.589965313771310562e-01 1.360928034626000382e+01
-3.578018673792036641e-01 1.363606256739849876e+01
-3.566072033812766051e-01 1.359511722326640282e+01
-3.554125393833495461e-01 1.358645421314166413e+01
-3.542178753854221540e-01 1.358369926786458493e+01
-3.530232113874947619e-01 1.351344049632334254e+01
-3.518285473895677029e-01 1.347326323652650437e+01
-3.506338833916406439e-01 1.347813824094785673e+01
-3.494392193937132518e-01 1.352344983178356763e+01
-3.482445553957858597e-01 1.353166733037905445e+01
-3.470498913978588007e-01 1.351755319010371714e+01
-3.458552273999317417e-01 1.353557459851604072e+01
-3.446605634020043496e-01 1.352723973690386039e+01
-3.434658994040769575e-01 1.350033271024224568e+01
-3.422712354061498985e-01 1.347507190311853087e+01
-3.410765714082228395e-01 1.347270276469552641e+01
-3.398819074102954474e-01 1.345474994010525194e+01
-3.386872434123680553e-01 1.349547013762289005e+01
-3.374925794144409963e-01 1.355304645336576819e+01
-3.362979154165139373e-01 1.355015184028999009e+01
-3.351032514185865452e-01 1.356606210983422223e+01
-3.339085874206591531e-01 1.360272806767452636e+01
-3.327139234227320941e-01 1.362963817201402250e+01
-3.315192594248050351e-01 1.366418386694098075e+01
-3.303245954268776430e-01 1.370543776681381765e+01
-3.291299314289502509e-01 1.373868943073399329e+01
-3.279352674310231919e-01 1.377391689107854589e+01
-3.267406034330961329e-01 1.377816968888426175e+01
-3.255459394351687408e-01 1.378206454946962189e+01
-3.243512754372413487e-01 1.378124968158880037e+01
-3.231566114393142897e-01 1.370965829348324760e+01
-3.219619474413872307e-01 1.369147629116271148e+01
-3.207672834434598386e-01 1.377272447604512173e+01
-3.195726194455324465e-01 1.382667306289949138e+01
-3.183779554476053875e-01 1.381980429591149218e+01
-3.171832914496783284e-01 1.380118870092210592e+01
-3.159886274517509364e-01 1.380826014278039260e+01
-3.147939634538235443e-01 1.382379861191949644e+01
-3.135992994558964853e-01 1.380762358809131740e+01
-3.124046354579694262e-01 1.380848338991229873e+01
-3.112099714600420342e-01 1.388926990851008370e+01
-3.100153074621146421e-01 1.395106202558806707e+01
-3.088206434641875830e-01 1.399299728106127283e+01
-3.076259794662604685e-01 1.408365087626710199e+01
-3.064313154683331319e-01 1.416896712141835835e+01
-3.052366514704057954e-01 1.418611351838302426e+01
-3.040419874724786808e-01 1.419445645316770133e+01
-3.028473234745515663e-01 1.424486816493639729e+01
-3.016526594766242297e-01 1.427877624215882157e+01
-3.004579954786968932e-01 1.429224410505787191e+01
-2.992633314807697786e-01 1.430986986640125735e+01
-2.980686674828426641e-01 1.432115856158625888e+01
-2.968740034849153275e-01 1.434718903016291591e+01
-2.956793394869879910e-01 1.437442719485474107e+01
-2.944846754890608764e-01 1.440327442207652098e+01
-2.932900114911337619e-01 1.445394651685283627e+01
-2.920953474932064253e-01 1.444667372225600310e+01
-2.909006834952790888e-01 1.444308065284647746e+01
-2.897060194973519742e-01 1.450615244653062241e+01
-2.885113554994248597e-01 1.453820366569476974e+01
-2.873166915014975231e-01 1.450661183997322290e+01
-2.861220275035701865e-01 1.447305257226443587e+01
-2.849273635056430720e-01 1.447815318117735472e+01
-2.837326995077159575e-01 1.451039415742359218e+01
-2.825380355097886209e-01 1.453284346006292793e+01
-2.813433715118612843e-01 1.458597810955208729e+01
-2.801487075139341698e-01 1.454474555430978988e+01
-2.789540435160070553e-01 1.450705968982208738e+01
-2.777593795180797187e-01 1.449596534916742918e+01
-2.765647155201523821e-01 1.450159517412754617e+01
-2.753700515222252676e-01 1.453923597842340243e+01
-2.741753875242981531e-01 1.453233503035905372e+01
-2.729807235263708165e-01 1.448439062027026303e+01
-2.717860595284434799e-01 1.444443877612212113e+01
-2.705913955305163654e-01 1.445166450868496888e+01
-2.693967315325892509e-01 1.448028687238818257e+01
-2.682020675346619143e-01 1.452431592605264932e+01
-2.670074035367345777e-01 1.453266780984580286e+01
-2.658127395388074632e-01 1.452186982724743736e+01
-2.646180755408803487e-01 1.451346023357474735e+01
-2.634234115429530121e-01 1.448966715763191715e+01
-2.622287475450256755e-01 1.450156885448984845e+01
-2.610340835470985610e-01 1.453994722643007620e+01
-2.598394195491714465e-01 1.455148378751698068e+01
-2.586447555512441099e-01 1.450931603668860781e+01
-2.574500915533167733e-01 1.446595406352385638e+01
-2.562554275553896588e-01 1.447211827859328359e+01
-2.550607635574625442e-01 1.448197643021976511e+01
-2.538660995595352077e-01 1.446422411441578149e+01
-2.526714355616078711e-01 1.449738416504156113e+01
-2.514767715636807566e-01 1.450757429140167787e+01
-2.502821075657536420e-01 1.444498697682718102e+01
-2.490874435678263055e-01 1.439418595478725571e+01
-2.478927795698989966e-01 1.438967670625447504e+01
-2.466981155719718544e-01 1.442333824067311987e+01
-2.455034515740447121e-01 1.447424537673484579e+01
-2.443087875761174033e-01 1.451266237642018453e+01
-2.431141235781900944e-01 1.450008203542056329e+01
-2.419194595802629522e-01 1.447712040740590567e+01
-2.407247955823358099e-01 1.443589508430386559e+01
-2.395301315844085011e-01 1.442622169203631799e+01
-2.383354675864811922e-01 1.440929322518844380e+01
-2.371408035885540500e-01 1.437407713980344504e+01
-2.359461395906269077e-01 1.436919672732905440e+01
-2.347514755926995988e-01 1.437587881317306682e+01
-2.335568115947723733e-01 1.441254398674923820e+01
-2.323621475968451477e-01 1.445204871358228438e+01
-2.311674835989179222e-01 1.451031550286064231e+01
-2.299728196009906966e-01 1.454348252604943781e+01
-2.287781556030634711e-01 1.458112863372554457e+01
-2.275834916051362455e-01 1.465730937103296760e+01
-2.263888276072090200e-01 1.472254667608050482e+01
-2.251941636092817944e-01 1.478111080275607492e+01
-2.239994996113545689e-01 1.480464477602098228e+01
-2.228048356134273433e-01 1.482063177572892165e+01
-2.216101716155001178e-01 1.489157750143703218e+01
-2.204155076175728922e-01 1.498485709002954103e+01
-2.192208436196456667e-01 1.501459138563330242e+01
-2.180261796217184411e-01 1.500784560030706949e+01
-2.168315156237912156e-01 1.500622781325764343e+01
-2.156368516258639900e-01 1.501539359191702871e+01
-2.144421876279367645e-01 1.503679182448333052e+01
-2.132475236300095389e-01 1.502168204927543016e+01
-2.120528596320823134e-01 1.500508798574389502e+01
-2.108581956341550878e-01 1.500012208920224310e+01
-2.096635316362278623e-01 1.499688337456820442e+01
-2.084688676383006367e-01 1.501998140749016564e+01
-2.072742036403734112e-01 1.508961502546942235e+01
-2.060795396424461856e-01 1.514419799039258940e+01
-2.048848756445189601e-01 1.514310319553220729e+01
-2.036902116465917345e-01 1.519800875077991620e+01
-2.024955476486645090e-01 1.523516988195116539e+01
-2.013008836507372834e-01 1.520835790235427787e+01
-2.001062196528100579e-01 1.522326715511702311e+01
-1.989115556548828323e-01 1.524047612593293977e+01
-1.977168916569556067e-01 1.522720014873858219e+01
-1.965222276590283812e-01 1.519524191616524433e+01
-1.953275636611011556e-01 1.517078238620799624e+01
-1.941328996631739301e-01 1.518717871996099866e+01
-1.929382356652467045e-01 1.520918427092748004e+01
-1.917435716673194790e-01 1.516458888835735586e+01
-1.905489076693922534e-01 1.508415465713383163e+01
-1.893542436714650279e-01 1.506537985338117913e+01
-1.881595796735378023e-01 1.502879107670780456e+01
-1.869649156756105768e-01 1.495544943529676019e+01
-1.857702516776833512e-01 1.495242499801691238e+01
-1.845755876797561257e-01 1.496343853954730463e+01
-1.833809236818289001e-01 1.495047437476134355e+01
-1.821862596839016746e-01 1.491185891059786250e+01
-1.809915956859744490e-01 1.485850910543746295e+01
-1.797969316880472235e-01 1.485451591558339857e+01
-1.786022676901199979e-01 1.487283436292378092e+01
-1.774076036921927724e-01 1.488700958962986753e+01
-1.762129396942655468e-01 1.489255617693371114e+01
-1.750182756963383213e-01 1.484195194211817537e+01
-1.738236116984110957e-01 1.479042194351502815e+01
-1.726289477004838702e-01 1.478927922357685532e+01
-1.714342837025566446e-01 1.473609935055814368e+01
-1.702396197046294191e-01 1.465447227928282636e+01
-1.690449557067021935e-01 1.463655200144299329e+01
-1.678502917087749680e-01 1.467920013412946112e+01
-1.666556277108477424e-01 1.473784848672553593e+01
-1.654609637129205169e-01 1.479610420335950849e+01
-1.642662997149932913e-01 1.482942491160157950e+01
-1.630716357170660658e-01 1.483632476165906233e+01
-1.618769717191388402e-01 1.480339669839868932e+01
-1.606823077212116146e-01 1.480184664352291790e+01
-1.594876437232843891e-01 1.485497078700930906e+01
-1.582929797253571635e-01 1.486365162421045127e+01
-1.570983157274299380e-01 1.485673256736993864e+01
-1.559036517295027124e-01 1.488736187670726530e+01
-1.547089877315754869e-01 1.489186478649753376e+01
-1.535143237336482613e-01 1.489172337299582871e+01
-1.523196597357210358e-01 1.488962863655998348e+01
-1.511249957377938102e-01 1.487865148641170521e+01
-1.499303317398665847e-01 1.491995164966409781e+01
-1.487356677419393591e-01 1.493068725766625171e+01
-1.475410037440121336e-01 1.492387785356834051e+01
-1.463463397460849080e-01 1.496176624780862774e+01
-1.451516757481576825e-01 1.500952333118758197e+01
-1.439570117502304569e-01 1.503029222233809037e+01
-1.427623477523032314e-01 1.503225097525568010e+01
-1.415676837543760058e-01 1.502848226320164038e+01
-1.403730197564487803e-01 1.504019566611358982e+01
-1.391783557585215547e-01 1.511088758117515773e+01
-1.379836917605943292e-01 1.518300320356411426e+01
-1.367890277626671036e-01 1.519153119932954610e+01
-1.355943637647398781e-01 1.514262294493785710e+01
-1.343996997668126525e-01 1.513607925248787822e+01
-1.332050357688854270e-01 1.512809433985157348e+01
-1.320103717709582014e-01 1.513847404287452036e+01
-1.308157077730309759e-01 1.519303714731328370e+01
-1.296210437751037503e-01 1.521387044295704172e+01
-1.284263797771765248e-01 1.526357647842919718e+01
-1.272317157792492992e-01 1.526228291408296656e+01
-1.260370517813220737e-01 1.522540163975927818e+01
-1.248423877833948481e-01 1.521327910302948005e+01
-1.236477237854676225e-01 1.520639841705547468e+01
-1.224530597875403970e-01 1.522798352252859999e+01
-1.212583957896131714e-01 1.532168129584793093e+01
-1.200637317916859459e-01 1.538196717445943662e+01
-1.188690677937587203e-01 1.544585905892605560e+01
-1.176744037958314948e-01 1.554514396678333732e+01
-1.164797397979042692e-01 1.558777088883942952e+01
-1.152850757999770437e-01 1.558797529872018472e+01
-1.140904118020498181e-01 1.564811541710205667e+01
-1.128957478041225926e-01 1.573997825465164979e+01
-1.117010838061953670e-01 1.576323762778318738e+01
-1.105064198082681415e-01 1.573168088379026308e+01
-1.093117558103409159e-01 1.574773253326282507e+01
-1.081170918124136904e-01 1.580319884909575912e+01
-1.069224278144864648e-01 1.585860250112894754e+01
-1.057277638165592393e-01 1.589265682269197733e+01
-1.045330998186320137e-01 1.589978639850046349e+01
-1.033384358207047882e-01 1.591262163143645481e+01
-1.021437718227775626e-01 1.596655731721289939e+01
-1.009491078248503371e-01 1.602923199328869330e+01
-9.975444382692311152e-02 1.607513467819381248e+01
-9.855977982899588596e-02 1.611748756518481684e+01
-9.736511583106866041e-02 1.620223633314237688e+01
-9.617045183314143486e-02 1.628639894681688460e+01
-9.497578783521420931e-02 1.631779190209482877e+01
-9.378112383728698376e-02 1.638359796215818420e+01
-9.258645983935975821e-02 1.647317699829331161e+01
-9.139179584143253265e-02 1.654009697998457895e+01
-9.019713184350530710e-02 1.659847260463988050e+01
-8.900246784557808155e-02 1.662589776421749832e+01
-8.780780384765085600e-02 1.659484991409579635e+01
-8.661313984972363045e-02 1.657321599566694204e+01
-8.541847585179640490e-02 1.657112210770490179e+01
-8.422381185386917934e-02 1.654912761143949140e+01
-8.302914785594195379e-02 1.655654180334238390e+01
-8.183448385801472824e-02 1.657057406950940504e+01
-8.063981986008750269e-02 1.653294052971344641e+01
-7.944515586216027714e-02 1.655745692491168342e+01
-7.825049186423305159e-02 1.664662007871049454e+01
-7.705582786630582603e-02 1.668590004703840535e+01
-7.586116386837860048e-02 1.671929894142662576e+01
-7.466649987045137493e-02 1.675440584731200744e+01
-7.347183587252414938e-02 1.676849874265240459e+01
-7.227717187459692383e-02 1.679980250727157554e+01
-7.108250787666969828e-02 1.684513644786939679e+01
-6.988784387874247273e-02 1.687452429990620573e+01
-6.869317988081524717e-02 1.691468232782941783e+01
-6.749851588288802162e-02 1.697981576225877021e+01
-6.630385188496079607e-02 1.698864804855219290e+01
-6.510918788703357052e-02 1.700185158616675807e+01
-6.391452388910634497e-02 1.706470115030414902e+01
-6.271985989117911942e-02 1.711491128210771251e+01
-6.152519589325189386e-02 1.714354726913745353e+01
-6.033053189532466831e-02 1.715676877817650237e+01
-5.913586789739744276e-02 1.720747408686284885e+01
-5.794120389947021721e-02 1.725548849579045196e+01
-5.674653990154299166e-02 1.728976605074459627e+01
-5.555187590361576611e-02 1.736688141919815820e+01
-5.435721190568854055e-02 1.742691114250814977e+01
-5.316254790776131500e-02 1.748213511647042750e+01
-5.196788390983408945e-02 1.758637386691803073e+01
-5.077321991190686390e-02 1.769098432641926877e+01
-4.957855591397963835e-02 1.777060968624721582e+01
-4.838389191605241280e-02 1.781543465066434351e+01
-4.718922791812518724e-02 1.787243467521685858e+01
-4.599456392019796169e-02 1.790347644044840791e+01
-4.479989992227073614e-02 1.794105618711072125e+01
-4.360523592434351059e-02 1.803734199831063023e+01
-4.241057192641628504e-02 1.814285719884160741e+01
-4.121590792848905949e-02 1.826702149867571379e+01
-4.002124393056183393e-02 1.833742221576009257e+01
-3.882657993263460838e-02 1.842425907673675312e+01
-3.763191593470738283e-02 1.847986692675944909e+01
-3.643725193678015728e-02 1.846723638376867882e+01
-3.524258793885293173e-02 1.855666014100350480e+01
-3.404792394092570618e-02 1.865465065001505707e+01
-3.285325994299848062e-02 1.870730437749606523e+01
-3.165859594507125507e-02 1.876855475433557530e+01
-3.046393194714402952e-02 1.879786995888094125e+01
-2.926926794921680397e-02 1.884547629124688939e+01
-2.807460395128957842e-02 1.895250687092459785e+01
-2.687993995336235287e-02 1.906446420732350333e+01
-2.568527595543512732e-02 1.912374726802594438e+01
-2.449061195750790176e-02 1.916430997712388518e+01
-2.329594795958067621e-02 1.922391526130232009e+01
-2.210128396165345066e-02 1.928910260125243425e+01
-2.090661996372622511e-02 1.935885015848015556e+01
-1.971195596579899956e-02 1.941302204875330517e+01
-1.851729196787177401e-02 1.943081449049917708e+01
-1.732262796994454845e-02 1.945849043242350263e+01
-1.612796397201732290e-02 1.951408989764301083e+01
-1.493329997409009735e-02 1.954063346009194646e+01
-1.373863597616287180e-02 1.959948006819194433e+01
-1.254397197823564625e-02 1.968703382600975615e+01
-1.134930798030842070e-02 1.973971667541789188e+01
-1.015464398238119514e-02 1.981861935136409514e+01
-8.959979984453969593e-03 1.991211066092720117e+01
-7.765315986526744041e-03 2.000657091257510345e+01
-6.570651988599518489e-03 2.009724970256545618e+01
-5.375987990672292938e-03 2.020558432517929859e+01
-4.181323992745067386e-03 2.031239281158204335e+01
-2.986659994817841834e-03 2.041035439927702555e+01
-1.791995996890616283e-03 2.046968503284076135e+01
-5.973319989633907312e-04 2.046133086372499221e+01
5.973319989638348204e-04 2.044928572565178371e+01
1.791995996891060372e-03 2.050120874841859475e+01
2.986659994818285924e-03 2.059813816384311025e+01
4.181323992745511475e-03 2.069322775223703204e+01
5.375987990672737027e-03 2.072154408883541521e+01
6.570651988599962579e-03 2.071827545509107082e+01
7.765315986527188130e-03 2.084284737777312202e+01
8.959979984454413682e-03 2.108402899731286340e+01
1.015464398238163923e-02 2.126973438189644838e+01
1.134930798030886479e-02 2.139931578579393801e+01
1.254397197823609034e-02 2.150626559944196359e+01
1.373863597616331589e-02 2.160700247714806466e+01
1.493329997409054144e-02 2.171397807031632254e+01
1.612796397201776699e-02 2.184404065641100345e+01
1.732262796994499254e-02 2.190920157672552193e+01
1.851729196787221809e-02 2.190068734486497704e+01
1.971195596579944365e-02 2.190616944668284916e+01
2.090661996372666920e-02 2.194592837081744818e+01
2.210128396165389475e-02 2.201132956239482397e+01
2.329594795958112030e-02 2.201638205507325807e+01
2.449061195750834585e-02 2.202511852941460546e+01
2.568527595543557140e-02 2.203861386937510858e+01
2.687993995336279696e-02 2.200743097462009956e+01
2.807460395129002251e-02 2.199262897042572362e+01
2.926926794921724806e-02 2.200005679635935962e+01
3.046393194714447361e-02 2.198104101596675264e+01
3.165859594507169916e-02 2.195707975701945713e+01
3.285325994299892471e-02 2.199662272332399127e+01
3.404792394092615027e-02 2.203296126800898591e+01
3.524258793885337582e-02 2.207893179524713645e+01
3.643725193678060137e-02 2.213210149473336230e+01
3.763191593470782692e-02 2.215753110869531994e+01
3.882657993263505247e-02 2.220230301527274008e+01
4.002124393056227802e-02 2.220051062182771062e+01
4.121590792848950358e-02 2.214581387832856763e+01
4.241057192641672913e-02 2.217864650178627528e+01
4.360523592434395468e-02 2.217703473103888712e+01
4.479989992227118023e-02 2.214152908114843399e+01
4.599456392019840578e-02 2.217384549720781806e+01
4.718922791812563133e-02 2.220465369311473935e+01
4.838389191605285689e-02 2.223365081033562518e+01
4.957855591398008244e-02 2.227131482675598662e+01
5.077321991190730799e-02 2.230449953951043440e+01
5.196788390983453354e-02 2.228541580804209588e+01
5.316254790776175909e-02 2.224552089801793642e+01
5.435721190568898464e-02 2.224343314444185182e+01
5.555187590361621019e-02 2.223236535590545415e+01
5.674653990154343575e-02 2.224175205651748044e+01
5.794120389947066130e-02 2.230296081615611570e+01
5.913586789739788685e-02 2.236816708737933013e+01
6.033053189532511240e-02 2.234410062948910891e+01
6.152519589325233795e-02 2.229006694397939370e+01
6.271985989117956350e-02 2.222392612708192061e+01
6.391452388910678906e-02 2.221116271083247540e+01
6.510918788703401461e-02 2.230679245467413807e+01
6.630385188496124016e-02 2.240675165413356851e+01
6.749851588288846571e-02 2.245804753570757839e+01
6.869317988081569126e-02 2.249260103837911373e+01
6.988784387874291681e-02 2.251109413673523107e+01
7.108250787667014237e-02 2.256078605797231518e+01
7.227717187459736792e-02 2.255206427224673504e+01
7.347183587252459347e-02 2.254674492349158754e+01
7.466649987045181902e-02 2.256798648823373554e+01
7.586116386837904457e-02 2.251640023358987364e+01
7.705582786630627012e-02 2.244735167052568769e+01
7.825049186423349568e-02 2.238881743036221650e+01
7.944515586216072123e-02 2.230859880397029826e+01
8.063981986008794678e-02 2.214158727648685954e+01
8.183448385801517233e-02 2.196798477129183169e+01
8.302914785594239788e-02 2.185818785555715493e+01
8.422381185386962343e-02 2.172434202665213476e+01
8.541847585179684899e-02 2.162753986239234294e+01
8.661313984972407454e-02 2.155574203819768542e+01
8.780780384765130009e-02 2.150740763005300593e+01
8.900246784557852564e-02 2.141729685039179998e+01
9.019713184350575119e-02 2.130827377794491539e+01
9.139179584143297674e-02 2.129055447934139877e+01
9.258645983936020230e-02 2.127298262014051744e+01
9.378112383728742785e-02 2.131512692750207094e+01
9.497578783521465340e-02 2.144762930302049497e+01
9.617045183314187895e-02 2.149605011052526038e+01
9.736511583106910450e-02 2.147164534684005588e+01
9.855977982899633005e-02 2.147113128661660042e+01
9.975444382692355560e-02 2.140895513395988559e+01
1.009491078248507812e-01 2.117416769990753878e+01
1.021437718227780067e-01 2.090494751049697442e+01
1.033384358207052323e-01 2.085993632274639253e+01
1.045330998186324578e-01 2.099766262942081951e+01
1.057277638165596834e-01 2.111957723016083577e+01
1.069224278144869089e-01 2.124084129750287886e+01
1.081170918124141345e-01 2.137798896672529736e+01
1.093117558103413600e-01 2.153737109147719764e+01
1.105064198082685856e-01 2.181091072102717732e+01
1.117010838061958111e-01 2.223820736991736524e+01
1.128957478041230367e-01 2.277044872747996607e+01
1.140904118020502622e-01 2.329272334206685358e+01
1.152850757999774878e-01 2.388534384504215780e+01
1.164797397979047133e-01 2.454048097134833384e+01
1.176744037958319389e-01 2.532269850316084003e+01
1.188690677937591644e-01 2.627848177825406495e+01
1.200637317916863900e-01 2.731261561766764245e+01
1.212583957896136155e-01 2.841778913651734939e+01
1.224530597875408411e-01 2.954283634749262433e+01
1.236477237854680666e-01 3.070621544852238927e+01
1.248423877833952922e-01 3.188799614578256580e+01
1.260370517813225177e-01 3.317355029915727016e+01
1.272317157792497433e-01 3.468041351265982541e+01
1.284263797771769688e-01 3.638057137067822566e+01
1.296210437751041944e-01 3.815169976176367328e+01
1.308157077730314199e-01 3.993037175992071042e+01
1.320103717709586455e-01 4.194896743791100846e+01
1.332050357688858711e-01 4.423595143007672448e+01
1.343996997668130966e-01 4.664174627617666147e+01
1.355943637647403222e-01 4.901572960720792338e+01
1.367890277626675477e-01 5.139536142011014164e+01
1.379836917605947733e-01 5.388476303754023888e+01
1.391783557585219988e-01 5.652544232297273652e+01
1.403730197564492244e-01 5.931906015112907227e+01
1.415676837543764499e-01 6.216997372267427124e+01
1.427623477523036755e-01 6.545824281350961371e+01
1.439570117502309010e-01 6.893853335702196716e+01
1.451516757481581266e-01 7.234359899796594107e+01
1.463463397460853521e-01 7.583356957860897296e+01
1.475410037440125777e-01 7.951203620405929939e+01
1.487356677419398032e-01 8.333275969053673293e+01
1.499303317398670288e-01 8.740276640273064857e+01
1.511249957377942543e-01 9.196162975549729879e+01
1.523196597357214799e-01 9.676820887192756970e+01
1.535143237336487054e-01 1.016046136848224251e+02
1.547089877315759310e-01 1.064972357422072946e+02
1.559036517295031565e-01 1.116728547183021192e+02
1.570983157274303821e-01 1.173864179891803019e+02
1.582929797253576076e-01 1.234028048640143851e+02
1.594876437232848332e-01 1.294255653938840283e+02
1.606823077212120587e-01 1.354986709803821157e+02
1.618769717191392843e-01 1.417765407311168815e+02
1.630716357170665098e-01 1.485501315637934852e+02
1.642662997149937354e-01 1.557015045824975061e+02
1.654609637129209609e-01 1.630341582246875589e+02
1.666556277108481865e-01 1.703484791571599146e+02
1.678502917087754120e-01 1.778954501598368267e+02
1.690449557067026376e-01 1.860886091651591698e+02
1.702396197046298632e-01 1.946922323911444437e+02
1.714342837025570887e-01 2.035328116023657117e+02
1.726289477004843143e-01 2.126647940295704302e+02
1.738236116984115398e-01 2.220934481217817904e+02
1.750182756963387654e-01 2.318337584649085841e+02
1.762129396942659909e-01 2.418950726063860941e+02
1.774076036921932165e-01 2.523579515055988622e+02
1.786022676901204420e-01 2.628997973663818470e+02
1.797969316880476676e-01 2.736375932752270046e+02
1.809915956859748931e-01 2.849413941719988657e+02
1.821862596839021187e-01 2.965690928269982578e+02
1.833809236818293442e-01 3.082983144758586604e+02
1.845755876797565698e-01 3.203017604446306450e+02
1.857702516776837953e-01 3.325652368277627033e+02
1.869649156756110209e-01 3.450148730040393730e+02
1.881595796735382464e-01 3.577703958668028577e+02
1.893542436714654720e-01 3.709512799369467189e+02
1.905489076693926975e-01 3.843038311073149202e+02
1.917435716673199231e-01 3.977710698429223157e+02
1.929382356652471486e-01 4.115313961407292140e+02
1.941328996631743742e-01 4.255202179589946923e+02
1.953275636611015997e-01 4.397202185968274648e+02
1.965222276590288253e-01 4.543057493972179373e+02
1.977168916569560508e-01 4.693673925233802606e+02
1.989115556548832764e-01 4.844757205793031858e+02
2.001062196528105019e-01 4.995618476119490197e+02
2.013008836507377275e-01 5.150209128724285392e+02
2.024955476486649530e-01 5.306448121884209286e+02
2.036902116465921786e-01 5.461701209979728446e+02
2.048848756445194041e-01 5.617118078710763029e+02
2.060795396424466297e-01 5.773187071237628061e+02
2.072742036403738553e-01 5.927640850037986411e+02
2.084688676383010808e-01 6.082160087762134708e+02
2.096635316362283064e-01 6.235976892311338133e+02
2.108581956341555319e-01 6.389511943008415074e+02
2.120528596320827575e-01 6.541724733533437757e+02
2.132475236300099830e-01 6.688565636152469551e+02
2.144421876279372086e-01 6.832730890271512862e+02
2.156368516258644341e-01 6.975983972820757799e+02
2.168315156237916597e-01 7.113771023978908943e+02
2.180261796217188852e-01 7.243135565217594376e+02
2.192208436196461108e-01 7.368703700156645482e+02
2.204155076175733363e-01 7.492137800169264210e+02
2.216101716155005619e-01 7.609683992522901690e+02
2.228048356134277874e-01 7.719181794894104769e+02
2.239994996113550130e-01 7.821056122240299828e+02
2.251941636092822385e-01 7.915310292661930589e+02
2.263888276072094641e-01 8.000218021160361559e+02
2.275834916051366896e-01 8.075466976496146572e+02
2.287781556030639152e-01 8.140534556919570832e+02
2.299728196009911407e-01 8.195379904756697442e+02
2.311674835989183663e-01 8.238410526301189520e+02
2.323621475968455918e-01 8.269872686616483861e+02
2.335568115947728174e-01 8.293383082403551043e+02
2.347514755927000429e-01 8.307897318203455370e+02
2.359461395906272685e-01 8.312265509408412072e+02
2.371408035885544108e-01 8.306034762008101779e+02
2.383354675864817196e-01 8.289255371620446340e+02
2.395301315844090284e-01 8.264436138077950318e+02
2.407247955823361707e-01 8.231260320837833433e+02
2.419194595802633130e-01 8.191013352427721657e+02
2.431141235781906218e-01 8.143332594237517696e+02
2.443087875761179306e-01 8.087647479751772153e+02
2.455034515740450729e-01 8.025158188109755883e+02
2.466981155719722152e-01 7.952997256234114047e+02
2.478927795698995240e-01 7.871591981780119340e+02
2.490874435678268328e-01 7.785378589913724454e+02
2.502821075657539751e-01 7.693805404419967999e+02
2.514767715636810896e-01 7.594097828061553628e+02
2.526714355616084262e-01 7.486675064751836999e+02
2.538660995595357628e-01 7.374911464121229301e+02
2.550607635574628773e-01 7.259803031088985108e+02
2.562554275553899918e-01 7.140790222591627980e+02
2.574500915533173284e-01 7.017696765648977362e+02
2.586447555512446650e-01 6.888671347767424322e+02
2.598394195491717795e-01 6.754852643047603351e+02
2.610340835470988941e-01 6.619478098126206760e+02
2.622287475450262306e-01 6.479698916236318382e+02
2.634234115429535672e-01 6.336843057659707483e+02
2.646180755408806817e-01 6.195260899034369686e+02
2.658127395388077963e-01 6.053632463410311857e+02
2.670074035367351328e-01 5.908794302681233148e+02
2.682020675346624694e-01 5.763120126800670278e+02
2.693967315325895839e-01 5.617818476463737625e+02
2.705913955305166985e-01 5.470232875073902505e+02
2.717860595284440350e-01 5.322694349311279893e+02
2.729807235263713716e-01 5.178695562736352258e+02
2.741753875242984861e-01 5.036685441727743182e+02
2.753700515222256007e-01 4.894650163725252696e+02
2.765647155201529372e-01 4.752097982109543750e+02
2.777593795180802738e-01 4.608899674688457253e+02
2.789540435160073883e-01 4.469625164163329032e+02
2.801487075139345029e-01 4.335755053736729110e+02
2.813433715118618395e-01 4.206075164682205241e+02
2.825380355097891760e-01 4.078882029796085362e+02
2.837326995077162906e-01 3.954260723852638080e+02
2.849273635056434051e-01 3.833624784255703730e+02
2.861220275035707417e-01 3.719253299120734937e+02
2.873166915014980782e-01 3.609985553699926299e+02
2.885113554994251928e-01 3.503114911183903359e+02
2.897060194973523073e-01 3.399459999811476791e+02
2.909006834952796439e-01 3.302434025576594649e+02
2.920953474932069804e-01 3.212317829993313580e+02
2.932900114911340950e-01 3.126869970818216871e+02
2.944846754890612095e-01 3.046050037706233979e+02
2.956793394869885461e-01 2.971135814873721301e+02
2.968740034849158826e-01 2.901978327662294532e+02
2.980686674828429972e-01 2.841532991280720921e+02
2.992633314807701117e-01 2.788884753653394455e+02
3.004579954786974483e-01 2.740332998110325775e+02
3.016526594766247849e-01 2.699791297766821003e+02
3.028473234745518994e-01 2.667849106352118156e+02
3.040419874724790139e-01 2.639937051911314825e+02
3.052366514704063505e-01 2.619103515694404791e+02
3.064313154683336871e-01 2.607609791434530848e+02
3.076259794662608016e-01 2.602677912353255465e+02
3.088206434641878606e-01 2.602955501563047278e+02
3.100153074621152527e-01 2.610345896006499515e+02
3.112099714600426448e-01 2.624654751157185046e+02
3.124046354579697038e-01 2.643748287730875290e+02
3.135992994558967628e-01 2.668212998427473508e+02
3.147939634538241549e-01 2.698997142424083791e+02
3.159886274517515470e-01 2.733817822624116047e+02
3.171832914496786060e-01 2.769158300371369705e+02
3.183779554476056650e-01 2.808809856047824383e+02
3.195726194455330571e-01 2.856079190092709723e+02
3.207672834434604492e-01 2.907445512283955509e+02
3.219619474413875082e-01 2.961483207489885672e+02
3.231566114393145672e-01 3.018231037235959775e+02
3.243512754372419593e-01 3.075256826650825701e+02
3.255459394351693514e-01 3.133047140150330847e+02
3.267406034330964104e-01 3.194335487058519902e+02
3.279352674310234694e-01 3.255988953643881132e+02
3.291299314289508615e-01 3.316406458063624996e+02
3.303245954268782536e-01 3.372535105756321627e+02
3.315192594248053126e-01 3.424910275577447578e+02
3.327139234227323716e-01 3.478119512651800846e+02
3.339085874206597637e-01 3.529518982717485187e+02
3.351032514185871558e-01 3.576884406780600898e+02
3.362979154165142148e-01 3.622517128761887761e+02
3.374925794144412738e-01 3.667463357823569368e+02
3.386872434123686659e-01 3.710024304479869102e+02
3.398819074102960580e-01 3.749477496243900418e+02
3.410765714082231170e-01 3.787519908614556243e+02
3.422712354061501761e-01 3.821656459529040717e+02
3.434658994040775681e-01 3.850176571859383330e+02
3.446605634020049602e-01 3.875347829630587739e+02
3.458552273999320192e-01 3.898923993500539495e+02
3.470498913978590783e-01 3.921736662508800464e+02
3.482445553957864703e-01 3.943815272478616976e+02
3.494392193937138624e-01 3.964127373717466867e+02
3.506338833916409214e-01 3.985168041593234989e+02
3.518285473895679805e-01 4.006128262988287361e+02
3.530232113874953725e-01 4.023199948461843860e+02
3.542178753854227646e-01 4.037595961943534917e+02
3.554125393833498237e-01 4.052324197607824203e+02
3.566072033812768827e-01 4.069645963487567997e+02
3.578018673792042748e-01 4.088259657810851309e+02
3.589965313771316668e-01 4.103865027492728359e+02
3.601911953750587259e-01 4.116886067972527030e+02
3.613858593729857849e-01 4.128415700738534042e+02
3.625805233709131770e-01 4.141206655063538165e+02
3.637751873688405690e-01 4.156407898212848409e+02
3.649698513667676281e-01 4.169998090556163106e+02
3.661645153646946871e-01 4.183619858136250400e+02
3.673591793626220792e-01 4.198881321528300532e+02
3.685538433605494713e-01 4.213090928340230334e+02
3.697485073584765303e-01 4.226184540509038357e+02
3.709431713564035893e-01 4.239185266431831565e+02
3.721378353543309814e-01 4.252237530653956128e+02
3.733324993522583735e-01 4.262275307705631349e+02
3.745271633501854325e-01 4.269516500018131069e+02
3.757218273481124915e-01 4.276488174617379627e+02
3.769164913460398836e-01 4.283355560978151857e+02
3.781111553439672757e-01 4.291892079232806054e+02
3.793058193418943347e-01 4.300474898298529638e+02
3.805004833398213937e-01 4.308403304521537507e+02
3.816951473377487858e-01 4.315612726607690774e+02
3.828898113356761779e-01 4.322311581026794443e+02
3.840844753336032369e-01 4.328110197001847155e+02
3.852791393315302959e-01 4.333091916140876378e+02
3.864738033294576880e-01 4.339798929943567032e+02
3.876684673273850801e-01 4.347944725402080621e+02
3.888631313253121391e-01 4.356338962799775913e+02
3.900577953232391981e-01 4.363684214608577463e+02
3.912524593211665902e-01 4.369985149369355213e+02
3.924471233190939823e-01 4.374436128569426501e+02
3.936417873170210413e-01 4.376577452946559674e+02
3.948364513149481003e-01 4.377991277464762447e+02
3.960311153128754924e-01 4.379934668928949577e+02
3.972257793108028845e-01 4.384531333259385519e+02
3.984204433087299435e-01 4.389687770655813210e+02
3.996151073066570025e-01 4.394360073567683571e+02
4.008097713045843946e-01 4.398436706596908721e+02
4.020044353025117867e-01 4.400239113820152852e+02
4.031990993004388457e-01 4.401280494695365064e+02
4.043937632983659047e-01 4.403808644584767080e+02
4.055884272962932968e-01 4.406246123811708344e+02
4.067830912942206889e-01 4.408387429933335397e+02
4.079777552921477479e-01 4.410952907670337027e+02
4.091724192900748069e-01 4.413728387540205063e+02
4.103670832880021990e-01 4.415055435695559822e+02
4.115617472859295911e-01 4.415556770808204874e+02
4.127564112838566501e-01 4.417115909045760418e+02
4.139510752817837091e-01 4.419041387752856735e+02
4.151457392797111012e-01 4.420692028047469080e+02
4.163404032776384933e-01 4.419972609894852553e+02
4.175350672755655523e-01 4.418028036927296398e+02
4.187297312734926114e-01 4.419099776891893043e+02
4.199243952714200034e-01 4.421995540988544349e+02
4.211190592693473955e-01 4.421997050299576131e+02
4.223137232672744545e-01 4.420835371221410810e+02
4.235083872652015136e-01 4.421743225504592374e+02
4.247030512631289056e-01 4.421784801423951308e+02
4.258977152610562977e-01 4.419257714054127177e+02
4.270923792589833567e-01 4.413967475826508462e+02
4.282870432569104158e-01 4.408809685933642868e+02
4.294817072548378079e-01 4.405864517084883687e+02
4.306763712527651999e-01 4.404484411818099829e+02
4.318710352506922590e-01 4.404477176588883367e+02
4.330656992486193180e-01 4.405469176821119390e+02
4.342603632465467101e-01 4.404013298866193509e+02
4.354550272444741021e-01 4.400425784565492791e+02
4.366496912424011612e-01 4.400691427488218892e+02
4.378443552403282202e-01 4.404387909084608737e+02
4.390390192382556123e-01 4.405283963537917202e+02
4.402336832361830044e-01 4.403076562580871496e+02
4.414283472341100634e-01 4.401870502832375678e+02
4.426230112320371224e-01 4.401155992503201446e+02
4.438176752299645145e-01 4.399290374263986791e+02
4.450123392278920176e-01 4.399525925414923222e+02
4.462070032258189656e-01 4.397720611832351665e+02
4.474016672237459136e-01 4.393601670814777549e+02
4.485963312216734167e-01 4.392394019009171870e+02
4.497909952196009198e-01 4.392904913157537976e+02
4.509856592175278678e-01 4.394773994267252419e+02
4.521803232154548158e-01 4.397648586937544337e+02
4.533749872133823189e-01 4.398673629399119136e+02
4.545696512113098220e-01 4.398821498535631918e+02
4.557643152092367700e-01 4.399407773870611891e+02
4.569589792071637180e-01 4.399909098811786521e+02
4.581536432050912211e-01 4.400903603235633454e+02
4.593483072030187242e-01 4.402740390562377684e+02
4.605429712009456722e-01 4.403438485002454854e+02
4.617376351988726202e-01 4.403666131208724437e+02
4.629322991968001233e-01 4.404131508882838375e+02
4.641269631947276264e-01 4.404427695416746360e+02
4.653216271926545744e-01 4.406325877101397737e+02
4.665162911905815224e-01 4.410046119045607611e+02
4.677109551885090255e-01 4.412915283217211595e+02
4.689056191864365286e-01 4.415802986837497315e+02
4.701002831843634766e-01 4.418155459806919225e+02
4.712949471822904246e-01 4.420328945174024966e+02
4.724896111802180942e-01 4.423683724487427185e+02
4.736842751781454308e-01 4.427869020891498621e+02
4.748789391760723788e-01 4.433341841961056957e+02
4.760736031739993268e-01 4.439039880403053075e+02
4.772682671719266634e-01 4.444640116850086429e+02
4.784629311698543330e-01 4.450661674382831166e+02
4.796575951677812810e-01 4.456302807295446655e+02
4.808522591657082290e-01 4.461840781807913459e+02
4.820469231636358987e-01 4.466018438920765448e+02
4.832415871615632352e-01 4.469967793550502506e+02
4.844362511594901832e-01 4.473333234436286716e+02
4.856309151574171312e-01 4.475931230231493032e+02
4.868255791553444678e-01 4.479745332746280155e+02
4.880202431532721374e-01 4.482881588642836164e+02
4.892149071511990854e-01 4.485957862424182849e+02
4.904095711491260334e-01 4.489121264295152969e+02
4.916042351470537031e-01 4.491486629744829884e+02
4.927988991449810396e-01 4.495595833892291466e+02
4.939935631429079876e-01 4.501299672328452743e+02
4.951882271408349356e-01 4.506487237934703671e+02
4.963828911387622722e-01 4.511496882406113968e+02
4.975775551366899419e-01 4.518041227696322153e+02
4.987722191346168898e-01 4.526376918474875879e+02
4.999668831325438378e-01 4.533638182416466975e+02
5.011615471304715630e-01 4.541341653563002296e+02
5.023562111283987885e-01 4.549796349080454547e+02
5.035508751263257921e-01 4.557058253591657149e+02
5.047455391242527956e-01 4.563509913017985014e+02
5.059402031221800211e-01 4.569504714321789720e+02
5.071348671201076908e-01 4.575341453383392150e+02
5.083295311180346943e-01 4.580083476698288223e+02
5.095241951159616978e-01 4.584939344705190365e+02
5.107188591138893674e-01 4.589111998048921919e+02
5.119135231118165930e-01 4.593046383816790126e+02
5.131081871097435965e-01 4.599478380928056254e+02
5.143028511076706000e-01 4.607260180268945078e+02
5.154975151055978255e-01 4.612518310561460453e+02
5.166921791035254952e-01 4.617091802217264558e+02
5.178868431014524987e-01 4.622168126803899213e+02
5.190815070993795022e-01 4.626450148392929123e+02
5.202761710973071718e-01 4.630754854165946881e+02
5.214708350952343974e-01 4.635160214084613699e+02
5.226654990931614009e-01 4.638587364006105531e+02
5.238601630910884044e-01 4.640639487336093225e+02
5.250548270890156299e-01 4.646649804578075873e+02
5.262494910869432996e-01 4.652963658937193827e+02
5.274441550848703031e-01 4.655191285725821899e+02
5.286388190827973066e-01 4.657733209653891890e+02
5.298334830807249762e-01 4.662012536767634288e+02
5.310281470786522018e-01 4.664423193463104553e+02
5.322228110765792053e-01 4.665685600644030160e+02
5.334174750745062088e-01 4.667528886061141975e+02
5.346121390724334344e-01 4.668045728869302025e+02
5.358068030703611040e-01 4.670229991728903656e+02
5.370014670682881075e-01 4.673635582575737430e+02
5.381961310662151110e-01 4.673277161278500671e+02
5.393907950641427806e-01 4.668647042953278969e+02
5.405854590620700062e-01 4.664134261483442287e+02
5.417801230599970097e-01 4.662486267754665619e+02
5.429747870579240132e-01 4.660808027082038620e+02
5.441694510558512388e-01 4.658354443903396600e+02
5.453641150537789084e-01 4.656929715148552305e+02
5.465587790517059119e-01 4.657521274467034118e+02
5.477534430496329154e-01 4.657632068717315406e+02
5.489481070475605851e-01 4.656225597037500279e+02
5.501427710454878106e-01 4.653961641330449197e+02
5.513374350434148141e-01 4.650313187146501264e+02
5.525320990413418176e-01 4.646448785719157968e+02
5.537267630392690432e-01 4.645713372831847323e+02
5.549214270371967128e-01 4.644798652563861765e+02
5.561160910351237163e-01 4.641126337804806212e+02
5.573107550330507198e-01 4.637657753074315679e+02
5.585054190309783895e-01 4.636085790591085356e+02
5.597000830289056150e-01 4.633854878052516710e+02
5.608947470268326185e-01 4.625918222326271234e+02
5.620894110247596220e-01 4.615804638709393544e+02
5.632840750226868476e-01 4.611559874568103510e+02
5.644787390206145172e-01 4.608785401518148319e+02
5.656734030185415207e-01 4.605945051608867971e+02
5.668680670164685242e-01 4.602409826422202741e+02
5.680627310143961939e-01 4.595075807700608266e+02
5.692573950123234194e-01 4.585139351686332816e+02
5.704520590102504229e-01 4.576193325705309576e+02
5.716467230081774265e-01 4.569000680835696926e+02
5.728413870061046520e-01 4.560893188103657394e+02
5.740360510040323216e-01 4.552061517693552446e+02
5.752307150019593251e-01 4.544814705947429161e+02
5.764253789998863287e-01 4.539010459367092380e+02
5.776200429978139983e-01 4.531986093668213016e+02
5.788147069957412238e-01 4.524091917550237554e+02
5.800093709936682274e-01 4.515556023006186592e+02
5.812040349915952309e-01 4.506480374340903836e+02
5.823986989895224564e-01 4.497698736149573051e+02
5.835933629874501261e-01 4.488399915558898101e+02
5.847880269853771296e-01 4.477496208496736472e+02
5.859826909833041331e-01 4.465093986152149341e+02
5.871773549812318027e-01 4.454928154227801542e+02
5.883720189791590283e-01 4.444961505354371525e+02
5.895666829770860318e-01 4.433407402908475206e+02
5.907613469750130353e-01 4.421271962199249401e+02
5.919560109729402608e-01 4.409764103316074966e+02
5.931506749708679305e-01 4.400404822088281662e+02
5.943453389687949340e-01 4.390061415487502359e+02
5.955400029667219375e-01 4.375452845694866255e+02
5.967346669646496071e-01 4.358673415865370089e+02
5.979293309625768327e-01 4.343677921931177934e+02
5.991239949605038362e-01 4.330437765478738470e+02
6.003186589584308397e-01 4.318983735296725399e+02
6.015133229563580652e-01 4.307727374730364431e+02
6.027079869542857349e-01 4.294559199968188636e+02
6.039026509522127384e-01 4.283725410995583047e+02
6.050973149501397419e-01 4.274469411241468038e+02
6.062919789480674115e-01 4.262289335625505373e+02
6.074866429459946371e-01 4.248690968695674997e+02
6.086813069439216406e-01 4.234727549015701697e+02
6.098759709418486441e-01 4.221553936599958092e+02
6.110706349397758697e-01 4.208897155788746431e+02
6.122652989377035393e-01 4.194426296526870033e+02
6.134599629356305428e-01 4.179358118134887263e+02
6.146546269335575463e-01 4.164438198272960108e+02
6.158492909314853270e-01 4.149211276239429935e+02
6.170439549294124415e-01 4.133789998640068006e+02
6.182386189273394450e-01 4.118414921684279193e+02
6.194332829252664485e-01 4.101911555763766728e+02
6.206279469231935630e-01 4.083635386722673957e+02
6.218226109211213437e-01 4.065684518131014897e+02
6.230172749190483472e-01 4.048254479565347310e+02
6.242119389169753507e-01 4.031768815274585904e+02
6.254066029149031314e-01 4.016560202023700299e+02
6.266012669128302459e-01 4.000361576314001013e+02
6.277959309107572494e-01 3.984560739078597180e+02
6.289905949086842529e-01 3.969571987587322042e+02
6.301852589066113675e-01 3.953883462105154649e+02
6.313799229045391481e-01 3.936640702364804270e+02
6.325745869024661516e-01 3.918787344751545447e+02
6.337692509003931551e-01 3.900622503484016192e+02
6.349639148983209358e-01 3.883480314531909130e+02
6.361585788962480503e-01 3.866502757617470820e+02
6.373532428941750538e-01 3.848035829517895081e+02
6.385479068921020573e-01 3.829315948024166119e+02
6.397425708900291719e-01 3.809494840364093875e+02
6.409372348879569525e-01 3.790747364150715839e+02
6.421318988858839560e-01 3.774718450870378774e+02
6.433265628838109595e-01 3.761479915796668365e+02
6.445212268817387402e-01 3.744637465713427673e+02
6.457158908796658547e-01 3.723585356863835614e+02
6.469105548775928582e-01 3.703227059347482850e+02
6.481052188755198618e-01 3.683162609973925896e+02
6.492998828734469763e-01 3.662758689681678561e+02
6.504945468713747569e-01 3.643553641100038476e+02
6.516892108693017605e-01 3.623320395713234916e+02
6.528838748672287640e-01 3.601480753002696247e+02
6.540785388651565446e-01 3.580619792338576985e+02
6.552732028630836592e-01 3.559228284713458947e+02
6.564678668610106627e-01 3.536325881914040679e+02
6.576625308589376662e-01 3.515249921997152569e+02
6.588571948568647807e-01 3.498639896203641229e+02
6.600518588547925614e-01 3.483401880540093316e+02
6.612465228527195649e-01 3.465084292160977952e+02
6.624411868506465684e-01 3.444418521376391595e+02
6.636358508485743490e-01 3.423582195992502193e+02
6.648305148465014636e-01 3.403646288388395078e+02
6.660251788444284671e-01 3.384612368983663373e+02
6.672198428423554706e-01 3.365076159481523632e+02
6.684145068402825851e-01 3.344547623793230287e+02
6.696091708382103658e-01 3.325677470484326363e+02
6.708038348361373693e-01 3.307490948654046861e+02
6.719984988340643728e-01 3.289143074498523447e+02
6.731931628319921534e-01 3.270048813072116900e+02
6.743878268299192680e-01 3.251440186205351779e+02
6.755824908278462715e-01 3.231751588397392538e+02
6.767771548257732750e-01 3.209354115243764909e+02
6.779718188237003895e-01 3.187489721130363591e+02
6.791664828216281702e-01 3.167366205533732568e+02
6.803611468195551737e-01 3.149737571917616492e+02
6.815558108174821772e-01 3.132327775430460406e+02
6.827504748154099579e-01 3.110966068908248872e+02
6.839451388133370724e-01 3.086644687985955215e+02
6.851398028112640759e-01 3.062119899581090863e+02
6.863344668091910794e-01 3.040732794780436734e+02
6.875291308071181939e-01 3.021895853919428419e+02
6.887237948050459746e-01 3.004995483542161310e+02
6.899184588029729781e-01 2.986713975192342900e+02
6.911131228008999816e-01 2.965899257837256187e+02
6.923077867988277623e-01 2.946261832322089731e+02
6.935024507967548768e-01 2.926489013433668447e+02
6.946971147946818803e-01 2.905789329075198566e+02
6.958917787926088838e-01 2.885807440400845394e+02
6.970864427905359983e-01 2.866628133349840368e+02
6.982811067884637790e-01 2.845298466510147364e+02
6.994757707863907825e-01 2.822064524256612685e+02
7.006704347843177860e-01 2.800323737368158845e+02
7.018650987822455667e-01 2.779536477105799008e+02
7.030597627801726812e-01 2.759795444430487805e+02
7.042544267780996847e-01 2.741176950236817333e+02
7.054490907760266882e-01 2.722133625233450402e+02
7.066437547739538028e-01 2.701287513677307288e+02
7.078384187718815834e-01 2.680139849938897783e+02
7.090330827698085869e-01 2.660579259100982199e+02
7.102277467677355904e-01 2.641736241426939387e+02
7.114224107656633711e-01 2.621951300687047706e+02
7.126170747635904856e-01 2.601290321110374748e+02
7.138117387615174891e-01 2.580904253555282821e+02
7.150064027594444926e-01 2.562421532849615460e+02
7.162010667573716072e-01 2.544385245613722191e+02
7.173957307552993878e-01 2.524838075758399896e+02
7.185903947532263913e-01 2.504852920378782812e+02
7.197850587511533949e-01 2.483547167307307859e+02
7.209797227490811755e-01 2.462711340554627668e+02
7.221743867470082900e-01 2.443470568668934106e+02
7.233690507449352936e-01 2.423734716319812890e+02
7.245637147428622971e-01 2.402919888781593158e+02
7.257583787407894116e-01 2.382619014613619584e+02
7.269530427387171923e-01 2.364001553846742922e+02
7.281477067366441958e-01 2.347143313318814251e+02
7.293423707345711993e-01 2.329858997313763211e+02
7.305370347324989799e-01 2.311981132993169012e+02
7.317316987304260945e-01 2.294275826934673148e+02
7.329263627283530980e-01 2.275691296970493909e+02
7.341210267262801015e-01 2.257257733461202065e+02
7.353156907242072160e-01 2.239966544707262983e+02
7.365103547221349967e-01 2.222003088160102209e+02
7.377050187200620002e-01 2.203301851140847987e+02
7.388996827179890037e-01 2.185606014228132778e+02
7.400943467159167843e-01 2.168545888198671889e+02
7.412890107138438989e-01 2.150531213513826856e+02
7.424836747117709024e-01 2.133145717672993555e+02
7.436783387096979059e-01 2.116077778929745818e+02
7.448730027076250204e-01 2.097846802250083158e+02
7.460676667055528011e-01 2.079973305542333151e+02
7.472623307034798046e-01 2.061444934504708613e+02
7.484569947014068081e-01 2.040984928614398086e+02
7.496516586993345888e-01 2.021010771862219713e+02
7.508463226972617033e-01 2.003452156775612707e+02
7.520409866951887068e-01 1.985649960954755500e+02
7.532356506931157103e-01 1.967374775655039514e+02
7.544303146910428248e-01 1.950189110170551317e+02
7.556249786889706055e-01 1.932512400159312733e+02
7.568196426868976090e-01 1.915609935313234757e+02
7.580143066848246125e-01 1.899273776451908589e+02
7.592089706827523932e-01 1.883581881437028187e+02
7.604036346806795077e-01 1.868026078984279934e+02
7.615982986786065112e-01 1.850407520846032696e+02
7.627929626765335147e-01 1.828821156725086610e+02
7.639876266744606292e-01 1.807055061085362979e+02
7.651822906723884099e-01 1.789232262150769373e+02
7.663769546703154134e-01 1.772759509458837215e+02
7.675716186682424169e-01 1.754781955161143401e+02
7.687662826661701976e-01 1.735348270562323307e+02
7.699609466640973121e-01 1.716655856560074369e+02
7.711556106620243156e-01 1.699193643514900884e+02
7.723502746599513191e-01 1.682864729353983080e+02
7.735449386578784337e-01 1.667015123388121367e+02
7.747396026558062143e-01 1.650642972528800101e+02
7.759342666537332178e-01 1.634948704319113233e+02
7.771289306516602213e-01 1.618750287745756111e+02
7.783235946495880020e-01 1.600720682615182398e+02
7.795182586475151165e-01 1.581872731075123397e+02
7.807129226454421200e-01 1.562925511317444318e+02
7.819075866433691235e-01 1.545224746130694768e+02
7.831022506412962381e-01 1.528568006265120687e+02
7.842969146392240187e-01 1.511152027790719501e+02
7.854915786371510222e-01 1.494218429104217591e+02
7.866862426350780257e-01 1.478700535090529229e+02
7.878809066330058064e-01 1.463546178985975246e+02
7.890755706309329209e-01 1.446000837446619300e+02
7.902702346288599244e-01 1.428202140597034600e+02
7.914648986267869279e-01 1.409713943706598798e+02
7.926595626247140425e-01 1.389981572873398932e+02
7.938542266226418231e-01 1.371989572528197527e+02
7.950488906205688266e-01 1.355758696383784923e+02
7.962435546184958302e-01 1.339636995834185313e+02
7.974382186164236108e-01 1.322298399698078697e+02
7.986328826143507253e-01 1.303915550648623878e+02
7.998275466122777289e-01 1.286719635092501903e+02
8.010222106102047324e-01 1.271162189013515729e+02
8.022168746081318469e-01 1.256166400525989815e+02
8.034115386060596276e-01 1.241480817586689511e+02
8.046062026039866311e-01 1.226798040681180595e+02
8.058008666019136346e-01 1.210616955964638635e+02
8.069955305998414152e-01 1.193773664682800586e+02
8.081901945977685298e-01 1.177489292326458070e+02
8.093848585956955333e-01 1.161943503745432196e+02
8.105795225936225368e-01 1.146159062824881545e+02
8.117741865915496513e-01 1.130369254081308412e+02
8.129688505894774320e-01 1.115879085715748573e+02
8.141635145874044355e-01 1.101311253942079134e+02
8.153581785853314390e-01 1.086105126191635293e+02
8.165528425832592196e-01 1.069313976219952309e+02
8.177475065811863342e-01 1.053240990073850014e+02
8.189421705791133377e-01 1.039888788490617912e+02
8.201368345770403412e-01 1.026230797240843486e+02
8.213314985749674557e-01 1.012827021045849136e+02
8.225261625728952364e-01 1.000562218008195430e+02
8.237208265708222399e-01 9.878863050596407902e+01
8.249154905687492434e-01 9.743690270097580708e+01
8.261101545666770241e-01 9.608821875856682482e+01
8.273048185646041386e-01 9.476922895237382249e+01
8.284994825625311421e-01 9.342232646057094314e+01
8.296941465604581456e-01 9.206571855314700770e+01
8.308888105583852601e-01 9.087120882095594254e+01
8.320834745563130408e-01 8.968626270303585102e+01
8.332781385542400443e-01 8.844847618817526325e+01
8.344728025521670478e-01 8.724986090871017552e+01
8.356674665500948285e-01 8.608530811199507582e+01
8.368621305480219430e-01 8.494161696472852441e+01
8.380567945459489465e-01 8.393328170996873894e+01
8.392514585438759500e-01 8.305206440888261454e+01
8.404461225418030645e-01 8.212116143145223646e+01
8.416407865397308452e-01 8.109452723099779803e+01
8.428354505376578487e-01 8.007262636748620821e+01
8.440301145355848522e-01 7.910958679305223029e+01
8.452247785335126329e-01 7.815900253342343262e+01
8.464194425314397474e-01 7.718065882522942900e+01
8.476141065293667509e-01 7.611557491593720215e+01
8.488087705272937544e-01 7.503722190012820192e+01
8.500034345252208690e-01 7.397806918555845357e+01
8.511980985231486496e-01 7.297158291023286836e+01
8.523927625210756531e-01 7.206132763193751600e+01
8.535874265190026566e-01 7.117822332645721417e+01
8.547820905169304373e-01 7.032521545590552137e+01
8.559767545148575518e-01 6.943017487649471775e+01
8.571714185127845553e-01 6.842599185425059716e+01
8.583660825107115588e-01 6.743554537429740492e+01
8.595607465086386734e-01 6.647676783350642893e+01
8.607554105065664540e-01 6.553922816795152073e+01
8.619500745044934575e-01 6.463040786194133602e+01
8.631447385024204610e-01 6.368910137009459760e+01
8.643394025003482417e-01 6.276621549435258629e+01
8.655340664982753562e-01 6.190504192563198416e+01
8.667287304962023597e-01 6.105195203936047221e+01
8.679233944941293633e-01 6.028223559887931060e+01
8.691180584920564778e-01 5.950708267802990292e+01
8.703127224899842584e-01 5.861219430613058989e+01
8.715073864879112620e-01 5.781566454842530334e+01
8.727020504858382655e-01 5.715226626539367061e+01
8.738967144837660461e-01 5.643070854318408180e+01
8.750913784816931607e-01 5.568877750300396912e+01
8.762860424796201642e-01 5.494923263899478627e+01
8.774807064775471677e-01 5.425623240866449493e+01
8.786753704754742822e-01 5.354320201054230211e+01
8.798700344734020629e-01 5.282125820645237013e+01
8.810646984713290664e-01 5.221191877199629516e+01
8.822593624692560699e-01 5.164185901947696777e+01
8.834540264671838505e-01 5.107933667981085790e+01
8.846486904651109651e-01 5.050841155305524666e+01
8.858433544630379686e-01 4.995172410745399105e+01
8.870380184609649721e-01 4.952864055283823319e+01
8.882326824588920866e-01 4.913893099466650938e+01
8.894273464568198673e-01 4.863778869401992466e+01
8.906220104547468708e-01 4.816962873324727212e+01
8.918166744526738743e-01 4.762860522031412103e+01
8.930113384506018770e-01 4.704502030002413449e+01
8.942060024485286585e-01 4.660927812264121428e+01
8.954006664464557730e-01 4.624800852240081639e+01
8.965953304443828875e-01 4.586120882165329249e+01
8.977899944423096690e-01 4.546505360007245855e+01
8.989846584402376717e-01 4.510835547263394574e+01
9.001793224381646752e-01 4.472436976142022047e+01
9.013739864360916787e-01 4.436486639243155849e+01
9.025686504340196814e-01 4.406954955569275256e+01
9.037633144319464629e-01 4.375753364140114599e+01
9.049579784298735774e-01 4.342008319450816600e+01
9.061526424278006919e-01 4.300422918238896131e+01
9.073473064257274734e-01 4.256488988896544612e+01
9.085419704236554761e-01 4.225081560173023121e+01
9.097366344215824796e-01 4.194243848720223156e+01
9.109312984195094831e-01 4.167077956164998653e+01
9.121259624174374858e-01 4.153133739455628870e+01
9.133206264153642673e-01 4.137390081435909650e+01
9.145152904132913818e-01 4.118863166894738725e+01
9.157099544112184963e-01 4.102388157472740460e+01
9.169046184091452778e-01 4.088052147425034377e+01
9.180992824070732805e-01 4.077317493803310811e+01
9.192939464050002840e-01 4.057964994484140675e+01
9.204886104029272875e-01 4.035029535957050228e+01
9.216832744008552902e-01 4.016640016718258011e+01
9.228779383987820717e-01 3.994699850254884410e+01
9.240726023967091862e-01 3.977902174898891019e+01
9.252672663946363008e-01 3.968664804874057950e+01
9.264619303925630822e-01 3.955926963744708758e+01
9.276565943904910849e-01 3.951469417590811162e+01
9.288512583884180884e-01 3.951093404316419821e+01
9.300459223863450919e-01 3.945984970872319053e+01
9.312405863842730946e-01 3.949490949879857737e+01
9.324352503821998761e-01 3.952543124499374017e+01
9.336299143801269906e-01 3.949235409864000701e+01
9.348245783780541052e-01 3.944718698597506545e+01
9.360192423759808866e-01 3.948477197806352734e+01
9.372139063739088893e-01 3.956941559772648276e+01
9.384085703718358928e-01 3.959262430852511017e+01
9.396032343697628963e-01 3.961886480694271739e+01
9.407978983676908991e-01 3.962566040136022849e+01
9.419925623656176805e-01 3.957091973831840193e+01
9.431872263635447950e-01 3.947387689261336874e+01
9.443818903614719096e-01 3.948875838551641237e+01
9.455765543593986910e-01 3.955763308919370047e+01
9.467712183573266937e-01 3.954435854455708466e+01
9.479658823552540303e-01 3.953457686126707671e+01
9.491605463531807008e-01 3.967905691750532782e+01
9.503552103511087035e-01 3.980096745725352747e+01
9.515498743490354849e-01 3.984907518180627761e+01
9.527445383469625995e-01 3.992394697667937464e+01
9.539392023448897140e-01 3.996285345223743235e+01
9.551338663428164955e-01 4.003820412135213047e+01
9.563285303407444982e-01 4.022422642442634100e+01
9.575231943386711686e-01 4.044514082122927334e+01
9.587178583365985052e-01 4.061305564118376310e+01
9.599125223345265079e-01 4.071118673738715188e+01
9.611071863324532893e-01 4.075227152252784180e+01
9.623018503303804039e-01 4.080740676249273946e+01
9.634965143283075184e-01 4.105098007868281229e+01
9.646911783262342999e-01 4.137045035307751562e+01
9.658858423241623026e-01 4.162274485821931336e+01
9.670805063220896391e-01 4.185377569462854552e+01
9.682751703200163096e-01 4.209274693561567915e+01
9.694698343179443123e-01 4.232688697779164499e+01
9.706644983158710938e-01 4.256871566115705008e+01
9.718591623137982083e-01 4.280174736128366675e+01
9.730538263117253228e-01 4.299862233567311165e+01
9.742484903096521043e-01 4.313355236662939518e+01
9.754431543075801070e-01 4.327387184620420157e+01
9.766378183055067774e-01 4.351575080936057560e+01
9.778324823034341140e-01 4.380582113040685499e+01
9.790271463013621167e-01 4.414508804425749133e+01
9.802218102992888982e-01 4.454588529510894546e+01
9.814164742972160127e-01 4.487608003300637449e+01
9.826111382951431272e-01 4.523530451501642347e+01
9.838058022930699087e-01 4.564655153064026649e+01
9.850004662909979114e-01 4.600545464975826349e+01
9.861951302889252480e-01 4.635424588176808669e+01
9.873897942868519184e-01 4.666698537237441258e+01
9.885844582847799211e-01 4.696235942538657326e+01
9.897791222827067026e-01 4.730744036382096596e+01
9.909737862806338171e-01 4.768990684647497602e+01
9.921684502785609316e-01 4.806556439029220940e+01
9.933631142764877131e-01 4.843251631498325338e+01
9.945577782744157158e-01 4.880063105220852293e+01
9.957524422723423863e-01 4.915325559280199030e+01
9.969471062702697228e-01 4.949762344590302376e+01
9.981417702681977255e-01 4.985354233033281446e+01
9.993364342661245070e-01 5.016540432937065930e+01
1.000531098264051622e+00 5.050180248835774677e+01
1.001725762261978847e+00 5.086150153768753768e+01
1.002920426259905629e+00 5.121010588789643236e+01
1.004115090257833520e+00 5.164358616978175576e+01
1.005309754255760968e+00 5.206879059505757112e+01
1.006504418253687527e+00 5.242160923728091859e+01
1.007699082251615419e+00 5.277546154832351277e+01
1.008893746249542200e+00 5.313520594726846014e+01
1.010088410247469426e+00 5.355265073221242744e+01
1.011283074245396651e+00 5.409262296478259913e+01
1.012477738243323433e+00 5.457418477611472696e+01
1.013672402241251325e+00 5.493761702489796050e+01
1.014867066239177884e+00 5.535904137899654387e+01
1.016061730237105332e+00 5.580803557341781840e+01
1.017256394235033223e+00 5.619316454286057194e+01
1.018451058232960005e+00 5.649575678743584461e+01
1.019645722230887230e+00 5.690530136256258231e+01
1.020840386228814456e+00 5.741430684087844583e+01
1.022035050226741237e+00 5.785979646787108521e+01
1.023229714224669129e+00 5.830869389083487420e+01
1.024424378222596577e+00 5.875875294988061626e+01
1.025619042220523136e+00 5.927238129057437988e+01
1.026813706218451028e+00 5.980277689153551535e+01
1.028008370216377809e+00 6.028027806541610545e+01
1.029203034214305035e+00 6.067952891162506290e+01
1.030397698212232260e+00 6.102045165907005497e+01
1.031592362210159042e+00 6.135050520827428500e+01
1.032787026208086933e+00 6.164653559446058750e+01
1.033981690206013493e+00 6.191934002381471913e+01
1.035176354203940940e+00 6.225698890650502904e+01
1.036371018201868832e+00 6.264815256880126526e+01
1.037565682199795614e+00 6.298273239084282693e+01
1.038760346197722839e+00 6.334413051055015842e+01
1.039955010195650065e+00 6.381397402311359457e+01
1.041149674193576846e+00 6.426224262958695022e+01
1.042344338191504738e+00 6.464307096436918698e+01
1.043539002189432185e+00 6.499170944722065713e+01
1.044733666187358745e+00 6.538312899110607646e+01
1.045928330185286637e+00 6.589734997374014824e+01
1.047122994183213418e+00 6.635022967479973488e+01
1.048317658181140644e+00 6.674343780858436048e+01
1.049512322179067869e+00 6.720079444957555381e+01
1.050706986176994651e+00 6.758570762560923129e+01
1.051901650174922542e+00 6.791663140594953063e+01
1.053096314172849102e+00 6.826072481660379765e+01
1.054290978170776549e+00 6.859190648228366172e+01
1.055485642168704441e+00 6.885867626355410209e+01
1.056680306166631222e+00 6.916679318065187942e+01
1.057874970164558448e+00 6.950883273490430270e+01
1.059069634162485674e+00 6.991439714341044009e+01
1.060264298160412455e+00 7.038606148729850531e+01
1.061458962158340347e+00 7.080289587530991469e+01
1.062653626156267794e+00 7.121280999709651383e+01
1.063848290154194354e+00 7.156405682406197855e+01
1.065042954152122245e+00 7.192950857878430782e+01
1.066237618150049027e+00 7.241630044758356632e+01
1.067432282147976252e+00 7.289027624862310972e+01
1.068626946145903478e+00 7.319897205553867536e+01
1.069821610143830259e+00 7.349437972746059700e+01
1.071016274141758151e+00 7.385131272034612948e+01
1.072210938139684711e+00 7.418514376398587729e+01
1.073405602137612158e+00 7.450131657103634097e+01
1.074600266135540050e+00 7.481665317113362335e+01
1.075794930133466831e+00 7.506455673651309723e+01
1.076989594131394057e+00 7.521845546268305327e+01
1.078184258129321282e+00 7.541503708627701030e+01
1.079378922127248064e+00 7.575639842821910008e+01
1.080573586125175956e+00 7.622500444740506964e+01
1.081768250123103403e+00 7.671896251954957791e+01
1.082962914121029963e+00 7.713419083020764333e+01
1.084157578118957854e+00 7.756407609559377647e+01
1.085352242116884636e+00 7.804508507292077013e+01
1.086546906114811861e+00 7.844408595683306373e+01
1.087741570112739087e+00 7.881889784224206608e+01
1.088936234110665868e+00 7.921041212360371730e+01
1.090130898108593760e+00 7.955116959870274229e+01
1.091325562106520319e+00 7.988235905500675926e+01
1.092520226104447767e+00 8.020499644338573830e+01
1.093714890102375659e+00 8.053064218017966880e+01
1.094909554100302440e+00 8.089587808737782382e+01
1.096104218098229666e+00 8.125143532623538078e+01
1.097298882096156891e+00 8.159144690432985669e+01
1.098493546094083673e+00 8.189497217406787399e+01
1.099688210092011564e+00 8.218070864686140453e+01
1.100882874089939012e+00 8.239398765321240603e+01
1.102077538087865571e+00 8.251309781210203198e+01
1.103272202085793463e+00 8.266943921999644829e+01
1.104466866083720245e+00 8.290300887619326886e+01
1.105661530081647470e+00 8.315438425010854928e+01
1.106856194079574696e+00 8.339271679424170713e+01
1.108050858077501477e+00 8.361391965908292434e+01
1.109245522075429369e+00 8.389752377526083649e+01
1.110440186073355928e+00 8.419088864158889862e+01
1.111634850071283376e+00 8.437006311382960178e+01
1.112829514069211267e+00 8.454729114271890467e+01
1.114024178067138049e+00 8.476835546455164661e+01
1.115218842065065274e+00 8.495248642641934111e+01
1.116413506062992500e+00 8.516881010134464702e+01
1.117608170060919281e+00 8.540703495656330801e+01
1.118802834058847173e+00 8.564477225243987846e+01
1.119997498056774621e+00 8.588078392052401000e+01
1.121192162054701180e+00 8.611458830246853324e+01
1.122386826052629072e+00 8.635490650179836791e+01
1.123581490050555853e+00 8.654063321771907624e+01
1.124776154048483079e+00 8.671394605435909853e+01
1.125970818046410304e+00 8.691841120616757621e+01
1.127165482044337086e+00 8.717952539294618930e+01
1.128360146042264978e+00 8.736343349071057673e+01
1.129554810040191537e+00 8.729873920201802662e+01
1.130749474038118985e+00 8.723070113981185614e+01
1.131944138036046876e+00 8.736046831443751159e+01
1.133138802033973658e+00 8.748316327102705259e+01
1.134333466031900883e+00 8.747420048516578106e+01
1.135528130029828109e+00 8.744460331477999659e+01
1.136722794027754890e+00 8.744861398983876200e+01
1.137917458025682782e+00 8.754333409395830756e+01
1.139112122023610230e+00 8.767890724757135956e+01
1.140306786021536789e+00 8.768482866140836052e+01
1.141501450019464681e+00 8.761572665965226747e+01
1.142696114017391462e+00 8.762276235620377918e+01
1.143890778015318688e+00 8.764246053727957531e+01
1.145085442013246135e+00 8.757863923446299736e+01
1.146280106011172695e+00 8.752693468168288859e+01
1.147474770009100586e+00 8.754343449002904265e+01
1.148669434007027146e+00 8.764266087893722101e+01
1.149864098004954593e+00 8.775961401928660166e+01
1.151058762002882485e+00 8.781213726717966495e+01
1.152253426000809045e+00 8.788489804427746321e+01
1.153448089998736492e+00 8.801737446123739517e+01
1.154642753996663940e+00 8.813771596429764088e+01
1.155837417994590499e+00 8.816735495343142759e+01
1.157032081992518391e+00 8.818821306235648194e+01
1.158226745990445838e+00 8.823237366354430833e+01
1.159421409988372398e+00 8.821358931358325606e+01
1.160616073986300290e+00 8.817403862768122735e+01
1.161810737984226849e+00 8.815222279063722510e+01
1.163005401982154297e+00 8.811640238964102423e+01
1.164200065980081744e+00 8.808263500253383427e+01
1.165394729978008304e+00 8.792500025972873345e+01
1.166589393975936195e+00 8.776477146201020219e+01
1.167784057973862755e+00 8.765944177457636499e+01
1.168978721971790202e+00 8.746989058667777783e+01
1.170173385969718094e+00 8.730329187182513806e+01
1.171368049967644653e+00 8.722338519280664570e+01
1.172562713965572101e+00 8.713337481357203274e+01
1.173757377963499549e+00 8.702292989137210100e+01
1.174952041961426108e+00 8.698566582871313813e+01
1.176146705959354000e+00 8.689787287124758564e+01
1.177341369957281447e+00 8.680547627250133758e+01
1.178536033955208007e+00 8.662258466785129940e+01
1.179730697953135898e+00 8.627620617865795793e+01
1.180925361951062458e+00 8.599882048824910896e+01
1.182120025948989905e+00 8.573654207864559851e+01
1.183314689946917353e+00 8.550906672958605270e+01
1.184509353944843912e+00 8.537349069404312729e+01
1.185704017942771804e+00 8.513627053908706444e+01
1.186898681940698363e+00 8.480140842978350690e+01
1.188093345938625811e+00 8.457041387264126797e+01
1.189288009936553703e+00 8.442994833391091447e+01
1.190482673934480262e+00 8.428330277377030200e+01
1.191677337932407710e+00 8.418859659223132041e+01
1.192872001930335157e+00 8.406583118737266602e+01
1.194066665928261717e+00 8.383888154769219625e+01
1.195261329926189608e+00 8.368950741572473362e+01
1.196455993924117056e+00 8.362697810149133204e+01
1.197650657922043615e+00 8.348788558237036739e+01
1.198845321919971507e+00 8.328014460669372454e+01
1.200039985917898067e+00 8.309402557182353632e+01
1.201234649915825514e+00 8.294623024536052469e+01
1.202429313913752962e+00 8.273524352028626083e+01
1.203623977911679521e+00 8.244342683720817888e+01
1.204818641909607413e+00 8.219372264200650591e+01
1.206013305907533972e+00 8.201376324862278011e+01
1.207207969905461420e+00 8.178987910923225968e+01
1.208402633903389312e+00 8.148708495610210889e+01
1.209597297901315871e+00 8.122696658306934125e+01
1.210791961899243319e+00 8.099144952641752582e+01
1.211986625897170766e+00 8.070485194198636236e+01
1.213181289895097326e+00 8.040466197240279200e+01
1.214375953893025217e+00 8.008514481603077684e+01
1.215570617890952665e+00 7.976274322668811578e+01
1.216765281888879224e+00 7.951272101470792109e+01
1.217959945886807116e+00 7.929879109433137785e+01
1.219154609884733675e+00 7.900973182692547425e+01
1.220349273882661123e+00 7.875430968232407736e+01
1.221543937880588571e+00 7.852004364603952524e+01
1.222738601878515130e+00 7.822924513992620632e+01
1.223933265876443244e+00 7.793443099814552966e+01
1.225127929874370691e+00 7.762272529974347890e+01
1.226322593872297251e+00 7.730447746114334961e+01
1.227517257870225142e+00 7.698065959927140511e+01
1.228711921868152590e+00 7.659067677966940835e+01
1.229906585866079149e+00 7.621727792557089742e+01
1.231101249864007041e+00 7.593401061186817458e+01
1.232295913861933601e+00 7.562790125719315881e+01
1.233490577859861048e+00 7.524961389119165744e+01
1.234685241857788496e+00 7.488489670081962402e+01
1.235879905855715055e+00 7.450170654736285769e+01
1.237074569853642947e+00 7.410800117128107445e+01
1.238269233851569284e+00 7.370633274040072536e+01
1.239463897849496954e+00 7.327817417449827531e+01
1.240658561847424846e+00 7.287677916647345455e+01
1.241853225845351405e+00 7.247968692510376343e+01
1.243047889843278853e+00 7.204086702158105027e+01
1.244242553841206300e+00 7.164761016252990089e+01
1.245437217839132860e+00 7.117522250854527499e+01
1.246631881837060751e+00 7.060199576534562027e+01
1.247826545834988421e+00 7.018816387753739150e+01
1.249021209832914758e+00 6.992497786611214394e+01
1.250215873830842650e+00 6.958769547933604827e+01
1.251410537828769209e+00 6.915923493930321797e+01
1.252605201826696657e+00 6.880316637283939940e+01
1.253799865824624105e+00 6.858388313556510241e+01
1.254994529822550664e+00 6.845746588645191366e+01
1.256189193820478556e+00 6.825055394207153370e+01
1.257383857818404893e+00 6.795795818855300752e+01
1.258578521816332563e+00 6.765869071740925733e+01
1.259773185814260454e+00 6.738949584178251939e+01
1.260967849812187014e+00 6.713345317702558646e+01
1.262162513810114461e+00 6.679621894091818035e+01
1.263357177808041909e+00 6.646369668671462705e+01
1.264551841805968468e+00 6.622760902356675672e+01
1.265746505803896360e+00 6.597986305833779852e+01
1.266941169801824030e+00 6.558366073095720594e+01
1.268135833799750367e+00 6.516202921216573429e+01
1.269330497797678259e+00 6.484077418243444413e+01
1.270525161795604818e+00 6.454411158270906412e+01
1.271719825793532266e+00 6.417742184914190773e+01
1.272914489791459713e+00 6.376889826439915510e+01
1.274109153789386273e+00 6.334885911263945246e+01
1.275303817787314165e+00 6.292137089441741438e+01
1.276498481785240502e+00 6.247841578502292492e+01
1.277693145783168172e+00 6.204918543924954122e+01
1.278887809781096063e+00 6.162758933068911205e+01
1.280082473779022623e+00 6.120330769272155891e+01
1.281277137776950070e+00 6.083854422026536923e+01
1.282471801774877518e+00 6.053771247568887048e+01
1.283666465772804077e+00 6.020149031515030913e+01
1.284861129770731969e+00 5.988841291232753150e+01
1.286055793768659639e+00 5.952913870583616074e+01
1.287250457766585976e+00 5.916207062040996334e+01
1.288445121764513868e+00 5.888954419371901849e+01
1.289639785762440427e+00 5.857610637859468738e+01
1.290834449760367875e+00 5.816720688799835415e+01
1.292029113758295322e+00 5.774994830510894417e+01
1.293223777756221882e+00 5.742312326671252265e+01
1.294418441754149773e+00 5.717215430507148710e+01
1.295613105752076111e+00 5.686714491922962367e+01
1.296807769750003780e+00 5.642675698553442487e+01
1.298002433747931672e+00 5.600799993697078349e+01
1.299197097745858231e+00 5.574008396586413028e+01
1.300391761743785679e+00 5.541212201059889253e+01
1.301586425741713127e+00 5.510002883379603844e+01
1.302781089739639686e+00 5.480854181605538855e+01
1.303975753737567578e+00 5.442211360909821849e+01
1.305170417735495247e+00 5.409129564765967757e+01
1.306365081733421585e+00 5.387481270177695336e+01
1.307559745731349476e+00 5.363639281279635185e+01
1.308754409729276036e+00 5.332523167349874171e+01
1.309949073727203483e+00 5.302511368403541070e+01
1.311143737725130931e+00 5.266302999241065663e+01
1.312338401723057490e+00 5.230113024860207815e+01
1.313533065720985382e+00 5.204019763991936287e+01
1.314727729718911720e+00 5.175653722676369028e+01
1.315922393716839389e+00 5.142166831650972370e+01
1.317117057714767281e+00 5.111435956668244529e+01
1.318311721712693840e+00 5.086566824895635364e+01
1.319506385710621288e+00 5.058415303841271538e+01
1.320701049708548735e+00 5.030493492935755029e+01
1.321895713706475295e+00 5.010673803970056639e+01
1.323090377704403187e+00 4.986418858857595637e+01
1.324285041702330856e+00 4.956266400191234567e+01
1.325479705700257194e+00 4.926571862675346125e+01
1.326674369698185085e+00 4.891341900994311942e+01
1.327869033696111645e+00 4.854726409791196318e+01
1.329063697694039092e+00 4.819546400144108844e+01
1.330258361691966540e+00 4.782989710464993038e+01
1.331453025689893099e+00 4.746345959914059165e+01
1.332647689687820991e+00 4.716065226378312047e+01
1.333842353685747328e+00 4.687091303652627516e+01
1.335037017683674998e+00 4.655716409027368030e+01
1.336231681681602890e+00 4.620194690390306391e+01
1.337426345679529227e+00 4.577840393713688627e+01
1.338621009677456897e+00 4.538577106771894876e+01
1.339815673675384566e+00 4.505534818319513590e+01
1.341010337673310904e+00 4.480348595785223154e+01
1.342205001671238795e+00 4.457250372856380949e+01
1.343399665669166465e+00 4.428132233633003523e+01
1.344594329667092802e+00 4.394983373628458168e+01
1.345788993665020694e+00 4.361598146272678633e+01
1.346983657662947031e+00 4.332022449189123847e+01
1.348178321660874701e+00 4.304895615774836415e+01
1.349372985658802371e+00 4.271740843771044638e+01
1.350567649656728708e+00 4.234499811784224477e+01
1.351762313654656600e+00 4.198974262390560597e+01
1.352956977652582937e+00 4.169153920164161065e+01
1.354151641650510607e+00 4.141948820600349990e+01
1.355346305648438499e+00 4.111717384813043452e+01
1.356540969646364836e+00 4.083079237216323776e+01
1.357735633644292506e+00 4.061726555861027066e+01
1.358930297642220175e+00 4.042652100675723403e+01
1.360124961640146513e+00 4.019838175521734058e+01
1.361319625638074404e+00 3.991613826215728977e+01
1.362514289636002074e+00 3.965657059264794526e+01
1.363708953633928411e+00 3.941975864855045586e+01
1.364903617631856303e+00 3.922867036135870933e+01
1.366098281629782640e+00 3.904906420666119260e+01
1.367292945627710310e+00 3.880880066178272614e+01
1.368487609625637980e+00 3.854889476293610784e+01
1.369682273623564317e+00 3.828708021099292580e+01
1.370876937621492209e+00 3.808014639714235727e+01
1.372071601619418546e+00 3.785931589256922791e+01
1.373266265617346216e+00 3.752752424311462676e+01
1.374460929615274107e+00 3.713986510487669079e+01
1.375655593613200445e+00 3.688277958542199997e+01
1.376850257611128114e+00 3.669346516145139248e+01
1.378044921609055784e+00 3.640661153664280647e+01
1.379239585606982121e+00 3.612870826741873742e+01
1.380434249604910013e+00 3.593347797984382197e+01
1.381628913602837683e+00 3.577675415676311843e+01
1.382823577600764020e+00 3.555735021384396788e+01
1.384018241598691912e+00 3.529238650023003032e+01
1.385212905596618249e+00 3.504711587862222189e+01
1.386407569594545919e+00 3.487772137256676785e+01
1.387602233592473588e+00 3.473756642809868111e+01
1.388796897590399926e+00 3.452640935494704877e+01
1.389991561588327817e+00 3.433368202395873681e+01
1.391186225586254155e+00 3.421399011182595729e+01
1.392380889584181825e+00 3.406576852081872886e+01
1.393575553582109716e+00 3.392043929317001982e+01
1.394770217580036054e+00 3.380530082299922867e+01
1.395964881577963723e+00 3.365717372921338324e+01
1.397159545575891393e+00 3.342776792205712866e+01
1.398354209573817730e+00 3.319434579740729419e+01
1.399548873571745622e+00 3.304437149077636349e+01
1.400743537569673292e+00 3.292450559592483472e+01
1.401938201567599629e+00 3.277823335455262566e+01
1.403132865565527521e+00 3.263580989890442652e+01
1.404327529563453858e+00 3.253563694839152731e+01
1.405522193561381528e+00 3.246847046276842264e+01
1.406716857559309197e+00 3.236810663525209719e+01
1.407911521557235535e+00 3.221698312672411646e+01
1.409106185555163426e+00 3.210783256935800267e+01
1.410300849553089764e+00 3.204717537434894581e+01
1.411495513551017433e+00 3.200246807199008003e+01
1.412690177548945325e+00 3.197091395556374493e+01
1.413884841546871662e+00 3.189316403210047923e+01
1.415079505544799332e+00 3.182533985770704632e+01
1.416274169542727002e+00 3.181210367847319986e+01
1.417468833540653339e+00 3.178111174123387883e+01
1.418663497538581231e+00 3.171045277599620249e+01
1.419858161536508900e+00 3.169481447608988844e+01
1.421052825534435238e+00 3.171287895439990123e+01
1.422247489532363129e+00 3.172947226259929110e+01
1.423442153530289467e+00 3.174326595955163910e+01
1.424636817528217136e+00 3.175078567184965905e+01
1.425831481526144806e+00 3.173099605772241816e+01
1.427026145524071143e+00 3.169304519688065724e+01
1.428220809521999035e+00 3.165243119022684226e+01
1.429415473519925373e+00 3.160189476294713984e+01
1.430610137517853042e+00 3.156393283511826908e+01
1.431804801515780934e+00 3.153226837292925211e+01
1.432999465513707271e+00 3.147910990391298469e+01
1.434194129511634941e+00 3.138944398080646536e+01
1.435388793509562610e+00 3.137817037468783710e+01
1.436583457507488948e+00 3.141446397863387929e+01
1.437778121505416840e+00 3.140558521371637468e+01
1.438972785503344509e+00 3.144628342192983084e+01
1.440167449501270847e+00 3.145635604402356478e+01
1.441362113499198738e+00 3.138680041655159414e+01
1.442556777497125076e+00 3.136830357577083461e+01
1.443751441495052745e+00 3.132927714694942978e+01
1.444946105492980415e+00 3.122309049305802020e+01
1.446140769490906752e+00 3.118170238069678035e+01
1.447335433488834644e+00 3.119460077448317747e+01
1.448530097486760981e+00 3.117571340584739659e+01
1.449724761484688651e+00 3.113551521109127407e+01
1.450919425482616543e+00 3.116430471656827805e+01
1.452114089480542880e+00 3.118424528102117677e+01
1.453308753478470550e+00 3.121023838121141125e+01
1.454503417476398219e+00 3.126734948582718232e+01
1.455698081474324557e+00 3.125669223870299618e+01
1.456892745472252448e+00 3.124239724940201768e+01
1.458087409470180118e+00 3.127451373234545429e+01
1.459282073468106455e+00 3.131032849487237613e+01
1.460476737466034347e+00 3.134378367627366302e+01
1.461671401463960684e+00 3.137370119819376058e+01
1.462866065461888354e+00 3.137764318007956987e+01
1.464060729459816024e+00 3.140705209965002354e+01
1.465255393457742361e+00 3.147673627265099228e+01
1.466450057455670253e+00 3.154370108063459099e+01
1.467644721453596590e+00 3.158424538648080215e+01
1.468839385451524260e+00 3.159175488836654466e+01
1.470034049449452151e+00 3.159519542426073002e+01
1.471228713447378489e+00 3.160890716574165538e+01
1.472423377445306159e+00 3.165795788634880736e+01
1.473618041443233828e+00 3.176153579852033459e+01
1.474812705441160166e+00 3.184956418712583215e+01
1.476007369439088057e+00 3.190560886704768961e+01
1.477202033437015727e+00 3.192887180098283295e+01
1.478396697434942064e+00 3.193454437889074171e+01
1.479591361432869956e+00 3.197893831640497808e+01
1.480786025430796293e+00 3.204330155420849024e+01
1.481980689428723963e+00 3.206684397667811481e+01
1.483175353426651633e+00 3.201896366500340463e+01
1.484370017424577970e+00 3.201058457921882194e+01
1.485564681422505862e+00 3.205560322419855623e+01
1.486759345420432199e+00 3.210619383893725143e+01
1.487954009418359869e+00 3.222940127191026249e+01
1.489148673416287760e+00 3.237112717458016675e+01
1.490343337414214098e+00 3.240251409950479200e+01
1.491538001412141767e+00 3.240480936168257386e+01
1.492732665410069437e+00 3.246240757766288709e+01
1.493927329407995774e+00 3.253071877247606380e+01
1.495121993405923666e+00 3.256954441174528370e+01
1.496316657403851336e+00 3.260162116626018047e+01
1.497511321401777673e+00 3.267676188818806793e+01
1.498705985399705565e+00 3.273108739048370097e+01
1.499900649397631902e+00 3.270909919115104714e+01
1.501095313395559572e+00 3.282350897769835285e+01
1.502289977393487241e+00 3.298516353581729277e+01
1.503484641391413579e+00 3.306566249953895920e+01
1.504679305389341470e+00 3.313970556669817569e+01
1.505873969387267808e+00 3.321307652166099444e+01
1.507068633385195477e+00 3.331448626880261799e+01
1.508263297383123369e+00 3.340058796536222019e+01
1.509457961381049707e+00 3.340588502836177298e+01
1.510652625378977376e+00 3.341966094974068824e+01
1.511847289376905046e+00 3.353933314686486256e+01
1.513041953374831383e+00 3.367466476690928090e+01
1.514236617372759275e+00 3.379634226533583075e+01
1.515431281370686944e+00 3.398696895126168727e+01
1.516625945368613282e+00 3.421154121777311730e+01
1.517820609366541174e+00 3.437436017092312568e+01
1.519015273364467511e+00 3.447372753764850728e+01
1.520209937362395181e+00 3.458597992561195866e+01
1.521404601360322850e+00 3.472223456151361631e+01
1.522599265358249188e+00 3.483229882028019375e+01
1.523793929356177079e+00 3.494055549851365328e+01
1.524988593354103417e+00 3.507359756079495838e+01
1.526183257352031086e+00 3.520087939945203459e+01
1.527377921349958978e+00 3.533168589415058847e+01
1.528572585347885315e+00 3.544796579904225808e+01
1.529767249345812985e+00 3.558385290225789532e+01
1.530961913343740655e+00 3.575258592216639641e+01
1.532156577341666992e+00 3.585126947949513010e+01
1.533351241339594884e+00 3.596047633611954097e+01
1.534545905337522553e+00 3.609734707800159725e+01
1.535740569335448891e+00 3.618832463860113080e+01
1.536935233333376782e+00 3.625436558885292726e+01
1.538129897331303120e+00 3.634659405949542332e+01
1.539324561329230789e+00 3.645986267109463341e+01
1.540519225327158459e+00 3.654483368509124830e+01
1.541713889325084796e+00 3.659118960999763459e+01
1.542908553323012688e+00 3.665806157727273273e+01
1.544103217320939025e+00 3.675381294355538842e+01
1.545297881318866695e+00 3.687187129767985283e+01
1.546492545316794587e+00 3.702952530597349323e+01
1.547687209314720924e+00 3.716541189382424193e+01
1.548881873312648594e+00 3.725263902990899112e+01
1.550076537310576263e+00 3.735438593139338792e+01
1.551271201308502601e+00 3.747217058212957852e+01
1.552465865306430493e+00 3.757261834507431786e+01
1.553660529304358162e+00 3.769902364093667302e+01
1.554855193302284277e+00 3.777126335962200443e+01
1.556049857300212391e+00 3.783558618171078791e+01
1.557244521298138284e+00 3.789827903999105274e+01
1.558439185296066398e+00 3.794270189100888047e+01
1.559633849293993846e+00 3.800342931740858887e+01
1.560828513291920405e+00 3.804324750681221445e+01
1.562023177289848075e+00 3.807593006453342355e+01
1.563217841287774634e+00 3.819291269928652355e+01
1.564412505285702082e+00 3.839884259856634685e+01
1.565607169283630196e+00 3.852931797912111733e+01
1.566801833281556089e+00 3.860203768694970705e+01
1.567996497279484203e+00 3.869206933532817771e+01
1.569191161277410318e+00 3.878798920073242584e+01
1.570385825275338210e+00 3.892994260122316774e+01
1.571580489273265879e+00 3.910789322333474871e+01
1.572775153271193771e+00 3.923538366612352490e+01
1.573969817269119886e+00 3.931423257123174864e+01
1.575164481267048000e+00 3.942496981748010398e+01
1.576359145264973893e+00 3.959691911037644729e+01
1.577553809262902007e+00 3.980327631404649225e+01
1.578748473260829455e+00 3.992168318649602554e+01
1.579943137258756014e+00 3.994451277565510594e+01
1.581137801256683684e+00 4.000318942187266202e+01
1.582332465254610243e+00 4.012297092762175765e+01
1.583527129252537691e+00 4.019327606245185791e+01
1.584721793250465804e+00 4.019121111032795568e+01
1.585916457248391698e+00 4.020728584554052532e+01
1.587111121246319811e+00 4.021609325758955578e+01
1.588305785244245927e+00 4.026058670892541613e+01
1.589500449242173818e+00 4.043434512641645995e+01
1.590695113240101488e+00 4.054463158688106716e+01
1.591889777238029380e+00 4.057902705365883378e+01
1.593084441235955495e+00 4.061765439203044536e+01
1.594279105233883609e+00 4.066022260029957636e+01
1.595473769231809502e+00 4.067942173881240819e+01
1.596668433229737616e+00 4.068657507049201882e+01
1.597863097227665063e+00 4.073536973063792033e+01
1.599057761225591623e+00 4.078953134104747136e+01
1.600252425223519293e+00 4.085078759383470981e+01
1.601447089221445852e+00 4.094778384949957228e+01
1.602641753219373300e+00 4.097165937885564091e+01
1.603836417217301413e+00 4.094643634914055497e+01
1.605031081215227307e+00 4.097683474181212659e+01
1.606225745213155420e+00 4.101749094490197223e+01
1.607420409211081536e+00 4.097458856802217042e+01
1.608615073209009427e+00 4.097991454139681622e+01
1.609809737206937097e+00 4.109413057650743184e+01
1.611004401204864989e+00 4.118546635801864397e+01
1.612199065202791104e+00 4.121116108106685516e+01
1.613393729200719218e+00 4.120640977572531227e+01
1.614588393198645111e+00 4.122228384494925990e+01
1.615783057196573225e+00 4.125512788671257880e+01
1.616977721194500672e+00 4.127287934626819776e+01
1.618172385192427232e+00 4.131179493965511540e+01
1.619367049190354901e+00 4.144567833505380605e+01
1.620561713188281461e+00 4.141240448425467946e+01
1.621756377186208908e+00 4.137200176249857009e+01
1.622951041184137022e+00 4.143740019800315366e+01
1.624145705182062915e+00 4.143549202723574609e+01
1.625340369179991029e+00 4.145066253273135715e+01
1.626535033177917144e+00 4.147622376109508480e+01
1.627729697175845036e+00 4.148367265395865644e+01
1.628924361173772706e+00 4.152159102501954635e+01
1.630119025171700597e+00 4.157123196637049034e+01
1.631313689169626713e+00 4.160684147539566879e+01
1.632508353167554827e+00 4.162782789821808649e+01
1.633703017165480720e+00 4.161944339758151301e+01
1.634897681163408834e+00 4.156025083888840044e+01
1.636092345161336281e+00 4.150355505036224457e+01
1.637287009159262841e+00 4.151291488523952466e+01
1.638481673157190510e+00 4.154242047557735162e+01
1.639676337155117070e+00 4.147688594636253612e+01
1.640871001153044517e+00 4.137943385510921956e+01
1.642065665150972631e+00 4.137000710155318473e+01
1.643260329148898524e+00 4.136041927789632666e+01
1.644454993146826638e+00 4.126553368691695312e+01
1.645649657144752753e+00 4.118527555023655395e+01
1.646844321142680645e+00 4.118317882719291845e+01
1.648038985140608315e+00 4.117653466561682052e+01
1.649233649138536206e+00 4.111102596125265052e+01
1.650428313136462322e+00 4.106656853074191105e+01
1.651622977134390435e+00 4.107777821682414299e+01
1.652817641132316329e+00 4.097933798678943873e+01
1.654012305130244442e+00 4.086676341512793442e+01
1.655206969128171890e+00 4.082256377937419956e+01
1.656401633126098449e+00 4.078401048944736118e+01
1.657596297124026119e+00 4.074456861144094688e+01
1.658790961121952678e+00 4.068302841932923286e+01
1.659985625119880126e+00 4.063137359511163282e+01
1.661180289117808240e+00 4.060181693739409070e+01
1.662374953115734133e+00 4.056204228011062440e+01
1.663569617113662247e+00 4.046906298777669519e+01
1.664764281111588362e+00 4.034067633481487292e+01
1.665958945109516254e+00 4.022097642073318013e+01
1.667153609107443923e+00 4.017977592603408965e+01
1.668348273105371815e+00 4.015723564361612574e+01
1.669542937103297930e+00 4.009126367121033496e+01
1.670737601101226044e+00 4.002030589168633412e+01
1.671932265099151937e+00 3.990872293678886251e+01
1.673126929097080051e+00 3.983479108097215260e+01
1.674321593095007499e+00 3.987813394195842420e+01
1.675516257092934058e+00 3.988748117016915984e+01
1.676710921090861728e+00 3.985354205702001451e+01
1.677905585088788287e+00 3.979457560265147009e+01
1.679100249086715735e+00 3.974755182887874128e+01
1.680294913084643849e+00 3.973415407603069838e+01
1.681489577082569742e+00 3.969205735785504885e+01
1.682684241080497856e+00 3.963565079578454942e+01
1.683878905078423971e+00 3.951267072714929895e+01
1.685073569076351863e+00 3.945944334648935836e+01
1.686268233074279532e+00 3.945294955528230929e+01
1.687462897072207424e+00 3.936005912548402108e+01
1.688657561070133539e+00 3.931037683429460827e+01
1.689852225068061653e+00 3.929813521433697332e+01
1.691046889065987546e+00 3.927644641325642993e+01
1.692241553063915660e+00 3.926752141688832154e+01
1.693436217061843108e+00 3.925569964441358195e+01
1.694630881059769667e+00 3.925361689718030789e+01
1.695825545057697337e+00 3.921587067951210059e+01
1.697020209055623896e+00 3.913589658812799144e+01
1.698214873053551344e+00 3.909554197965346134e+01
1.699409537051479457e+00 3.912433659911047101e+01
1.700604201049405351e+00 3.904679151870985976e+01
1.701798865047333464e+00 3.880463962342067674e+01
1.702993529045259580e+00 3.858969376744597923e+01
1.704188193043187471e+00 3.847706141698665760e+01
1.705382857041115141e+00 3.842546296561723551e+01
1.706577521039043033e+00 3.843921612116571396e+01
1.707772185036969148e+00 3.840588433865750773e+01
1.708966849034897262e+00 3.823072706312032665e+01
1.710161513032823155e+00 3.813803680594941881e+01
1.711356177030751269e+00 3.810070599190044760e+01
1.712550841028678716e+00 3.798858450660933528e+01
1.713745505026605276e+00 3.795346012490294640e+01
1.714940169024532945e+00 3.799252628413750443e+01
1.716134833022459505e+00 3.797931764447365310e+01
1.717329497020386952e+00 3.788152399678939020e+01
1.718524161018315066e+00 3.773557379122079425e+01
1.719718825016240960e+00 3.756963342965752872e+01
1.720913489014169073e+00 3.740330153899211041e+01
1.722108153012095189e+00 3.735672714722687715e+01
1.723302817010023080e+00 3.730495548976426079e+01
1.724497481007950750e+00 3.717645379743022005e+01
1.725692145005878642e+00 3.703984518287588656e+01
1.726886809003804757e+00 3.690008063586058995e+01
1.728081473001732871e+00 3.674823932874902255e+01
1.729276136999658764e+00 3.655604154890485802e+01
1.730470800997586878e+00 3.640103400290828262e+01
1.731665464995514325e+00 3.634518659097976467e+01
1.732860128993440885e+00 3.623011826338572661e+01
1.734054792991368554e+00 3.609603613807934863e+01
1.735249456989295114e+00 3.604693452102983287e+01
1.736444120987222561e+00 3.597667044510496481e+01
1.737638784985150675e+00 3.584942275282289614e+01
1.738833448983076568e+00 3.569255399148095620e+01
1.740028112981004682e+00 3.558459602324923310e+01
1.741222776978930797e+00 3.548221903462643922e+01
1.742417440976858689e+00 3.538930369572052825e+01
1.743612104974786359e+00 3.540713882137791302e+01
1.744806768972714250e+00 3.541199613374596566e+01
1.746001432970640366e+00 3.531041289778740833e+01
1.747196096968568479e+00 3.526283553509114199e+01
1.748390760966494373e+00 3.525597245055124063e+01
1.749585424964422486e+00 3.520952949620724581e+01
1.750780088962349934e+00 3.515949606615153300e+01
1.751974752960276493e+00 3.509766299734943118e+01
1.753169416958204163e+00 3.501446330662698614e+01
1.754364080956130723e+00 3.491252332336785003e+01
1.755558744954058170e+00 3.480152816094926749e+01
1.756753408951986284e+00 3.469491654713052498e+01
1.757948072949912177e+00 3.460850270431646436e+01
1.759142736947840291e+00 3.451906864897352989e+01
1.760337400945766406e+00 3.441123715793223425e+01
1.761532064943694298e+00 3.422852780534774553e+01
1.762726728941621968e+00 3.406718380996421303e+01
1.763921392939549859e+00 3.405967827290360361e+01
1.765116056937475975e+00 3.401235737697602701e+01
1.766310720935404088e+00 3.383073617104875552e+01
1.767505384933329982e+00 3.369208005526608218e+01
1.768700048931258095e+00 3.361585741801039262e+01
1.769894712929185543e+00 3.346923512741511786e+01
1.771089376927112102e+00 3.329163269486052457e+01
1.772284040925039772e+00 3.321009688130605753e+01
1.773478704922966331e+00 3.312938089922872820e+01
1.774673368920893779e+00 3.304238542088785380e+01
1.775868032918821893e+00 3.297210682068960352e+01
1.777062696916747786e+00 3.290392010388745803e+01
1.778257360914675900e+00 3.281692337186118635e+01
1.779452024912601571e+00 3.271997809806365609e+01
1.780646688910529907e+00 3.259522597648450670e+01
1.781841352908457576e+00 3.241296737200107003e+01
1.783036016906385912e+00 3.226188642655629479e+01
1.784230680904311583e+00 3.213860189129649569e+01
1.785425344902239475e+00 3.203133560260508972e+01
1.786620008900165590e+00 3.193789509417069183e+01
1.787814672898093704e+00 3.187969629977731501e+01
1.789009336896021596e+00 3.180946673976674788e+01
1.790204000893947933e+00 3.171658174053060719e+01
1.791398664891875159e+00 3.167952946208518838e+01
1.792593328889801496e+00 3.160822792039379792e+01
1.793787992887729388e+00 3.145578735413719329e+01
1.794982656885657502e+00 3.134215207717206297e+01
1.796177320883583617e+00 3.130463687964967079e+01
1.797371984881511509e+00 3.130891402719356975e+01
1.798566648879437180e+00 3.129587373154967977e+01
1.799761312877365516e+00 3.126684867175670135e+01
1.800955976875293185e+00 3.124398629704735342e+01
1.802150640873221521e+00 3.115970264661824629e+01
1.803345304871147192e+00 3.111503188973123457e+01
1.804539968869075084e+00 3.107795721899337238e+01
1.805734632867001199e+00 3.101649694751079522e+01
1.806929296864929313e+00 3.099367883113261968e+01
1.808123960862857205e+00 3.092771150832254889e+01
1.809318624860783542e+00 3.085559546307664291e+01
1.810513288858710768e+00 3.083062625201274543e+01
1.811707952856637105e+00 3.076257732753249030e+01
1.812902616854564997e+00 3.067167673275781681e+01
1.814097280852493110e+00 3.061326355516261444e+01
1.815291944850419226e+00 3.053903285185046101e+01
1.816486608848347117e+00 3.039885692135005613e+01
1.817681272846272789e+00 3.028612277052394575e+01
1.818875936844201124e+00 3.020521331598378012e+01
1.820070600842128794e+00 3.016291948864752470e+01
1.821265264840057130e+00 3.020174807462385758e+01
1.822459928837982801e+00 3.019291867491596904e+01
1.823654592835910693e+00 3.009218210631763668e+01
1.824849256833836808e+00 2.994678311648442559e+01
1.826043920831764922e+00 2.976030813443350098e+01
1.827238584829692813e+00 2.962947991552843519e+01
1.828433248827619151e+00 2.953741537209830170e+01
1.829627912825546376e+00 2.946595250960896095e+01
1.830822576823472714e+00 2.941515103777779672e+01
1.832017240821400605e+00 2.936660925028821723e+01
1.833211904819328719e+00 2.923942579228227245e+01
1.834406568817254835e+00 2.905417381629574081e+01
1.835601232815182726e+00 2.893393959063132215e+01
1.836795896813108397e+00 2.886531495606032038e+01
1.837990560811036733e+00 2.876024172055364048e+01
1.839185224808964403e+00 2.866201888860678793e+01
1.840379888806892739e+00 2.857398198004056766e+01
1.841574552804818410e+00 2.846771770040724192e+01
1.842769216802746302e+00 2.838138972667859150e+01
1.843963880800672417e+00 2.835008816070804016e+01
1.845158544798600531e+00 2.827760521108450931e+01
1.846353208796528422e+00 2.820274638365105702e+01
1.847547872794454760e+00 2.813578556932358410e+01
1.848742536792381985e+00 2.803943471822465483e+01
1.849937200790308323e+00 2.798390145958815367e+01
1.851131864788236214e+00 2.790527425700545550e+01
1.852326528786164328e+00 2.784165368718540634e+01
1.853521192784090443e+00 2.780086526809287051e+01
1.854715856782018335e+00 2.773449665362031169e+01
1.855910520779944006e+00 2.768639735725320961e+01
1.857105184777872342e+00 2.765534436617697978e+01
1.858299848775800012e+00 2.762294226555106391e+01
1.859494512773728347e+00 2.762115850806231165e+01
1.860689176771654019e+00 2.764612764268158784e+01
1.861883840769581910e+00 2.764403512699714227e+01
1.863078504767508026e+00 2.757466232136239981e+01
1.864273168765436139e+00 2.748464429034417122e+01
1.865467832763364031e+00 2.745511368472912750e+01
1.866662496761290368e+00 2.739349840112482681e+01
1.867857160759217594e+00 2.732173346651476464e+01
1.869051824757143931e+00 2.727690885384204122e+01
1.870246488755071823e+00 2.722094574304931314e+01
1.871441152752999937e+00 2.717079463221893576e+01
1.872635816750926052e+00 2.714616685555661846e+01
1.873830480748853944e+00 2.703597274239153592e+01
1.875025144746779615e+00 2.688432238262262430e+01
1.876219808744707951e+00 2.674935620413218373e+01
1.877414472742635621e+00 2.656111421770977188e+01
1.878609136740563956e+00 2.642383096992694647e+01
1.879803800738489628e+00 2.635392307124443434e+01
1.880998464736417519e+00 2.634135217004774887e+01
1.882193128734343635e+00 2.632103860967070474e+01
1.883387792732271748e+00 2.618573595581425195e+01
1.884582456730199640e+00 2.609522468959306352e+01
1.885777120728125977e+00 2.612863672739420551e+01
1.886971784726053203e+00 2.613704493517422733e+01
1.888166448723979540e+00 2.609661548358383953e+01
1.889361112721907432e+00 2.607021190784018572e+01
1.890555776719835546e+00 2.607940183872633710e+01
1.891750440717761661e+00 2.607494007062032892e+01
1.892945104715690219e+00 2.605462083577427990e+01
1.894139768713615224e+00 2.600656116719489575e+01
1.895334432711543560e+00 2.593156719842128766e+01
1.896529096709471229e+00 2.588472355245337653e+01
1.897723760707399565e+00 2.585720047661050458e+01
1.898918424705325902e+00 2.578079701898085929e+01
1.900113088703253128e+00 2.576097952716306594e+01
1.901307752701179243e+00 2.584155841564873413e+01
1.902502416699107357e+00 2.592052955079876497e+01
1.903697080697035249e+00 2.605151385579986112e+01
1.904891744694961586e+00 2.607231880128514234e+01
1.906086408692888812e+00 2.597604327763754384e+01
1.907281072690815149e+00 2.593502594026060493e+01
1.908475736688743041e+00 2.589169759433904616e+01
1.909670400686671154e+00 2.582029662797919656e+01
1.910865064684597270e+00 2.577841510320924456e+01
1.912059728682524495e+00 2.576168681059144916e+01
1.913254392680450833e+00 2.574597782622227626e+01
1.914449056678379169e+00 2.579144637926935602e+01
1.915643720676306838e+00 2.586218838880380133e+01
1.916838384674235174e+00 2.583406260072753469e+01
1.918033048672160179e+00 2.577699673599352082e+01
1.919227712670088737e+00 2.582383275281918955e+01
1.920422376668014852e+00 2.593585215083402318e+01
1.921617040665942966e+00 2.604568987070680564e+01
1.922811704663870858e+00 2.614666052264012563e+01
1.924006368661797195e+00 2.623313381041299763e+01
1.925201032659724421e+00 2.626987619100454552e+01
1.926395696657650758e+00 2.626552401010222226e+01
1.927590360655578650e+00 2.630283983955439453e+01
1.928785024653506763e+00 2.634557316515478931e+01
1.929979688651432879e+00 2.631870761653110691e+01
1.931174352649361436e+00 2.633953856388475856e+01
1.932369016647286442e+00 2.638021707609698652e+01
1.933563680645214777e+00 2.638483119894269535e+01
1.934758344643142447e+00 2.639075684811190214e+01
1.935953008641070783e+00 2.644319442242501239e+01
1.937147672638997120e+00 2.645275259653137923e+01
1.938342336636924346e+00 2.635111682539317357e+01
1.939537000634850461e+00 2.624019215065896304e+01
1.940731664632778575e+00 2.617259479337016614e+01
1.941926328630706466e+00 2.619944216646512558e+01
1.943120992628632804e+00 2.629137039597801007e+01
1.944315656626560029e+00 2.636393793585127199e+01
1.945510320624486367e+00 2.643834007278302778e+01
1.946704984622414258e+00 2.650713636739693868e+01
1.947899648620342372e+00 2.660775694510291700e+01
1.949094312618268487e+00 2.669983373163115203e+01
1.950288976616195713e+00 2.671265654661869604e+01
1.951483640614122050e+00 2.668937078253597051e+01
1.952678304612050386e+00 2.670165106887777640e+01
1.953872968609978056e+00 2.670648987961444121e+01
1.955067632607906392e+00 2.664091023504991540e+01
1.956262296605831397e+00 2.654101177897749864e+01
1.957456960603759955e+00 2.651210672526008594e+01
1.958651624601686070e+00 2.652287266893712214e+01
1.959846288599614184e+00 2.653274613039291907e+01
1.961040952597542075e+00 2.657483417641054757e+01
1.962235616595468413e+00 2.661115539193506407e+01
1.963430280593395638e+00 2.654783420845059183e+01
1.964624944591321976e+00 2.651669271380796289e+01
1.965819608589249867e+00 2.655959496356134153e+01
1.967014272587177981e+00 2.660713199081914837e+01
1.968208936585104096e+00 2.664799130535917016e+01
1.969403600583032654e+00 2.665412835347840925e+01
1.970598264580957659e+00 2.664658643669854143e+01
1.971792928578885995e+00 2.666883464555914784e+01
1.972987592576813665e+00 2.669535864838237416e+01
1.974182256574742000e+00 2.668720544430918551e+01
1.975376920572668338e+00 2.667121467048533745e+01
1.976571584570595563e+00 2.664687268693289468e+01
1.977766248568521679e+00 2.666390490236682353e+01
1.978960912566449792e+00 2.671350099714339521e+01
1.980155576564377684e+00 2.676894923026619466e+01
1.981350240562304021e+00 2.679571484602919185e+01
1.982544904560231247e+00 2.677690187498863850e+01
1.983739568558157584e+00 2.677772850279414740e+01
1.984934232556085476e+00 2.678767188135893917e+01
1.986128896554013590e+00 2.679677563667992857e+01
1.987323560551939705e+00 2.681784755583135649e+01
1.988518224549866931e+00 2.685148342485095085e+01
1.989712888547793268e+00 2.684421793326299266e+01
1.990907552545721604e+00 2.676424522069501322e+01
1.992102216543649273e+00 2.662446940128166517e+01
1.993296880541577609e+00 2.661407220265979134e+01
1.994491544539502614e+00 2.671091986598389667e+01
1.995686208537431172e+00 2.671763566700342807e+01
1.996880872535357287e+00 2.671771837517270143e+01
1.998075536533285401e+00 2.676848673917660903e+01
1.999270200531213293e+00 2.681492652288562084e+01
2.000464864529139852e+00 2.684468090150224029e+01
2.001659528527066634e+00 2.688788845931865268e+01
2.002854192524993415e+00 2.694877418167041228e+01
2.004048856522921085e+00 2.697452405403635467e+01
2.005243520520849199e+00 2.696237443780078280e+01
2.006438184518775536e+00 2.697091364351595999e+01
2.007632848516704094e+00 2.699453991722724311e+01
2.008827512514629099e+00 2.707191143407915490e+01
2.010022176512557213e+00 2.714737473383603827e+01
2.011216840510484882e+00 2.715928975494326281e+01
2.012411504508412996e+00 2.713202184448563514e+01
2.013606168506339777e+00 2.711129296593279747e+01
2.014800832504266559e+00 2.709783305631691874e+01
2.015995496502192896e+00 2.703162915363588326e+01
2.017190160500121010e+00 2.699462003342162930e+01
2.018384824498048680e+00 2.702406718849678668e+01
2.019579488495975461e+00 2.704403449670768467e+01
2.020774152493902243e+00 2.703208834156825446e+01
2.021968816491829024e+00 2.699068077977037916e+01
2.023163480489756694e+00 2.688257063913428269e+01
2.024358144487684807e+00 2.688017760110527021e+01
2.025552808485611145e+00 2.688617991764353121e+01
2.026747472483537926e+00 2.674404160331071978e+01
2.027942136481464708e+00 2.669484941313522697e+01
2.029136800479392821e+00 2.679413027452801543e+01
2.030331464477320491e+00 2.688839514837308897e+01
2.031526128475248605e+00 2.695863798218201524e+01
2.032720792473173610e+00 2.702980076486475625e+01
2.033915456471102168e+00 2.704130446255933151e+01
2.035110120469028505e+00 2.699212707656732491e+01
2.036304784466956619e+00 2.700922255176603670e+01
2.037499448464884289e+00 2.707740287674052837e+01
2.038694112462811070e+00 2.708181599706099263e+01
2.039888776460737851e+00 2.701715439760980075e+01
2.041083440458664633e+00 2.696268417386336935e+01
2.042278104456592303e+00 2.695437570041603692e+01
2.043472768454520416e+00 2.690255809357528349e+01
2.044667432452446754e+00 2.685381645183442956e+01
2.045862096450375311e+00 2.690986087712770214e+01
2.047056760448300317e+00 2.697636742982707148e+01
2.048251424446228430e+00 2.697655156305540558e+01
2.049446088444156100e+00 2.694448593081594012e+01
2.050640752442084214e+00 2.694897048825830410e+01
2.051835416440010995e+00 2.698370360010557434e+01
2.053030080437937777e+00 2.697449886521423679e+01
2.054224744435864114e+00 2.698906520796427344e+01
2.055419408433792228e+00 2.695988137445924693e+01
2.056614072431719897e+00 2.689081100852190787e+01
2.057808736429646679e+00 2.688916531035934909e+01
2.059003400427573460e+00 2.692120776710278562e+01
2.060198064425500242e+00 2.693360563771739891e+01
2.061392728423427911e+00 2.687129856615421275e+01
2.062587392421356025e+00 2.678440156519872062e+01
2.063782056419282362e+00 2.675991987427944707e+01
2.064976720417209144e+00 2.673936640721375824e+01
2.066171384415135925e+00 2.666894847222826215e+01
2.067366048413064039e+00 2.658201996197134775e+01
2.068560712410991709e+00 2.651532855329147864e+01
2.069755376408919822e+00 2.644654032494381468e+01
2.070950040406844828e+00 2.638438624875440297e+01
2.072144704404773385e+00 2.631782369039713387e+01
2.073339368402699723e+00 2.627009859480332210e+01
2.074534032400627837e+00 2.627703005654850088e+01
2.075728696398555506e+00 2.631396758291581151e+01
2.076923360396482288e+00 2.634862114192285176e+01
2.078118024394409069e+00 2.638141218630907758e+01
2.079312688392335851e+00 2.640754831688962412e+01
2.080507352390263520e+00 2.639128114945434689e+01
2.081702016388191634e+00 2.637299237991843626e+01
2.082896680386117971e+00 2.642426329913300265e+01
2.084091344384046529e+00 2.649852746025718986e+01
2.085286008381971534e+00 2.648038206209250589e+01
2.086480672379899648e+00 2.638808960062835141e+01
2.087675336377827318e+00 2.634378446570782373e+01
2.088870000375755431e+00 2.632989843718436163e+01
2.090064664373682213e+00 2.631061588301669119e+01
2.091259328371608994e+00 2.631324099129187744e+01
2.092453992369535332e+00 2.632233199046428851e+01
2.093648656367463445e+00 2.630414214455031541e+01
2.094843320365391115e+00 2.629302220529999090e+01
2.096037984363317896e+00 2.637293541384061157e+01
2.097232648361244678e+00 2.645933570229887621e+01
2.098427312359171459e+00 2.643115855824226657e+01
2.099621976357099129e+00 2.632543802682533851e+01
2.100816640355027243e+00 2.626157551681654923e+01
2.102011304352953580e+00 2.624100062330200345e+01
2.103205968350880362e+00 2.620202533621723617e+01
2.104400632348807143e+00 2.618166991953511058e+01
2.105595296346735257e+00 2.617318992501827069e+01
2.106789960344662926e+00 2.614170995129896014e+01
2.107984624342591040e+00 2.607841922783592636e+01
2.109179288340516045e+00 2.604178564657042116e+01
2.110373952338444603e+00 2.605001198472477952e+01
2.111568616336370940e+00 2.605962330768860724e+01
2.112763280334299054e+00 2.601808233160873485e+01
2.113957944332226724e+00 2.594119640077264677e+01
2.115152608330153505e+00 2.594853890220145942e+01
2.116347272328080287e+00 2.600559689485001158e+01
2.117541936326007068e+00 2.603282215056444571e+01
2.118736600323934738e+00 2.601712266034009602e+01
2.119931264321862852e+00 2.593517842925599837e+01
2.121125928319789189e+00 2.586622041926973736e+01
2.122320592317717747e+00 2.581712247566033724e+01
2.123515256315642752e+00 2.579913725808581404e+01
2.124709920313570866e+00 2.588146504191544039e+01
2.125904584311498535e+00 2.590252035412675369e+01
2.127099248309426649e+00 2.587154382157148902e+01
2.128293912307353430e+00 2.583963565786249816e+01
2.129488576305280212e+00 2.577067649294670559e+01
2.130683240303206549e+00 2.573370972491510145e+01
2.131877904301134663e+00 2.572522054896043642e+01
2.133072568299062333e+00 2.568730247108722153e+01
2.134267232296989114e+00 2.566811601738750070e+01
2.135461896294915896e+00 2.570680207844262810e+01
2.136656560292842677e+00 2.575279958526302337e+01
2.137851224290770347e+00 2.570776650725724011e+01
2.139045888288698460e+00 2.565090734628096314e+01
2.140240552286624798e+00 2.563082700831438032e+01
2.141435216284551579e+00 2.559524636410766263e+01
2.142629880282478361e+00 2.558548098524917691e+01
2.143824544280406474e+00 2.557206950260423284e+01
2.145019208278334144e+00 2.557943960953313223e+01
2.146213872276262258e+00 2.565995340860800056e+01
2.147408536274187263e+00 2.569753173316794204e+01
2.148603200272115821e+00 2.567625927323600266e+01
2.149797864270042158e+00 2.572597794130376414e+01
2.150992528267970272e+00 2.575671359881316747e+01
2.152187192265897941e+00 2.573769388176548745e+01
2.153381856263824723e+00 2.578619586494137295e+01
2.154576520261751504e+00 2.581628201071634976e+01
2.155771184259678286e+00 2.576519116752268701e+01
2.156965848257605955e+00 2.570129833349711745e+01
2.158160512255534069e+00 2.567858251098021682e+01
2.159355176253460407e+00 2.573321303691513151e+01
2.160549840251388964e+00 2.577213436402255553e+01
2.161744504249313970e+00 2.572100078507137866e+01
2.162939168247242083e+00 2.568572691813532671e+01
2.164133832245169753e+00 2.566134140389013041e+01
2.165328496243097867e+00 2.558466455202019318e+01
2.166523160241024648e+00 2.554100655238122641e+01
2.167717824238951430e+00 2.552152794549106574e+01
2.168912488236877767e+00 2.550950376066593250e+01
2.170107152234805881e+00 2.545451632826539878e+01
2.171301816232733550e+00 2.537371667930711894e+01
2.172496480230660332e+00 2.535172929997342095e+01
2.173691144228587113e+00 2.531398560082606863e+01
2.174885808226513895e+00 2.524999826584742735e+01
2.176080472224441564e+00 2.523306511818682907e+01
2.177275136222369678e+00 2.525929559665671675e+01
2.178469800220296015e+00 2.522941855035480785e+01
2.179664464218222797e+00 2.513610113232665810e+01
2.180859128216149578e+00 2.506210531862362245e+01
2.182053792214077692e+00 2.506042462224598921e+01
2.183248456212005362e+00 2.508167555258591008e+01
2.184443120209933475e+00 2.508548940673599148e+01
2.185637784207858481e+00 2.507657064937809821e+01
2.186832448205787038e+00 2.505928473371324117e+01
2.188027112203713376e+00 2.502657041023532258e+01
2.189221776201641489e+00 2.499220588713254187e+01
2.190416440199569159e+00 2.497740748524002541e+01
2.191611104197495941e+00 2.495166860002470699e+01
2.192805768195422722e+00 2.492668855607916001e+01
2.194000432193349504e+00 2.490742387715184236e+01
2.195195096191277173e+00 2.486138094750462812e+01
2.196389760189205287e+00 2.481630655565251686e+01
2.197584424187131624e+00 2.478076365907748624e+01
2.198779088185060182e+00 2.475877232366501701e+01
2.199973752182985187e+00 2.478673476433396061e+01
2.201168416180913301e+00 2.482171101025264548e+01
2.202363080178840971e+00 2.479555086277640896e+01
2.203557744176769084e+00 2.477193459121243890e+01
2.204752408174695866e+00 2.479957697908714209e+01
2.205947072172622647e+00 2.483835450679693224e+01
2.207141736170548985e+00 2.485625267095086244e+01
2.208336400168477098e+00 2.483773758932336406e+01
2.209531064166404768e+00 2.480439220558639235e+01
2.210725728164331549e+00 2.475966415121223463e+01
2.211920392162258331e+00 2.470291576039760173e+01
2.213115056160185112e+00 2.466234903158277092e+01
2.214309720158112782e+00 2.459537161773361902e+01
2.215504384156040896e+00 2.450482599538586470e+01
2.216699048153967233e+00 2.439152286052165053e+01
2.217893712151894015e+00 2.435043556041561530e+01
2.219088376149820796e+00 2.436924712861550546e+01
2.220283040147748910e+00 2.436451676478677086e+01
2.221477704145676579e+00 2.437331210856473263e+01
2.222672368143604693e+00 2.435466211756489585e+01
2.223867032141529698e+00 2.430506112066557378e+01
2.225061696139458256e+00 2.428501624687287475e+01
2.226256360137384593e+00 2.428502341469537029e+01
2.227451024135312707e+00 2.431510101130866985e+01
2.228645688133240377e+00 2.423789382858889851e+01
2.229840352131167158e+00 2.409592268362239054e+01
2.231035016129093940e+00 2.405091699557041807e+01
2.232229680127020721e+00 2.404482094417030424e+01
2.233424344124948391e+00 2.402191279468258500e+01
2.234619008122876505e+00 2.400533222522192034e+01
2.235813672120802842e+00 2.399058149468678636e+01
2.237008336118731400e+00 2.394332738926076232e+01
2.238203000116656405e+00 2.390243039252949586e+01
2.239397664114584519e+00 2.391973195982204103e+01
2.240592328112512188e+00 2.394608532745159479e+01
2.241786992110440302e+00 2.396559725922915263e+01
2.242981656108367083e+00 2.398192114843087097e+01
2.244176320106293865e+00 2.395242740686797234e+01
2.245370984104220202e+00 2.393821251376800419e+01
2.246565648102148316e+00 2.392680092738707387e+01
2.247760312100075986e+00 2.390310777477364823e+01
2.248954976098002767e+00 2.391091424610164395e+01
2.250149640095929549e+00 2.389262105932572311e+01
2.251344304093856330e+00 2.384466810749310639e+01
2.252538968091784000e+00 2.382320751939510828e+01
2.253733632089712113e+00 2.380027395990547490e+01
2.254928296087638451e+00 2.380559860990381083e+01
2.256122960085565232e+00 2.378621320936662897e+01
2.257317624083492014e+00 2.378772174827527763e+01
2.258512288081420127e+00 2.381419106831587129e+01
2.259706952079347797e+00 2.379075295357063524e+01
2.260901616077275911e+00 2.377544003738760026e+01
2.262096280075200916e+00 2.378306351524309648e+01
2.263290944073129474e+00 2.378378032392243924e+01
2.264485608071055811e+00 2.377463310471382485e+01
2.265680272068983925e+00 2.376627964992832887e+01
2.266874936066911594e+00 2.379206940086505284e+01
2.268069600064838376e+00 2.377170061409630364e+01
2.269264264062765157e+00 2.363397037479489526e+01
2.270458928060691939e+00 2.354393545347679861e+01
2.271653592058619608e+00 2.350401159575313770e+01
2.272848256056547722e+00 2.337133217100340943e+01
2.274042920054474060e+00 2.327391888922565144e+01
2.275237584052402617e+00 2.329014176906244060e+01
2.276432248050327622e+00 2.329622952076419651e+01
2.277626912048255736e+00 2.321616723599507282e+01
2.278821576046183406e+00 2.308261464076142744e+01
2.280016240044111520e+00 2.300588401755051038e+01
2.281210904042038301e+00 2.295303112948460367e+01
2.282405568039965083e+00 2.288145023763590302e+01
2.283600232037891420e+00 2.285289082229245139e+01
2.284794896035819534e+00 2.280732688365013061e+01
2.285989560033747203e+00 2.270612662835865692e+01
2.287184224031674429e+00 2.266935027488288767e+01
2.288378888029600322e+00 2.267119693485941312e+01
2.289573552027527548e+00 2.264423562502311782e+01
2.290768216025455217e+00 2.259023537937905601e+01
2.291962880023383331e+00 2.250338814174871160e+01
2.293157544021310112e+00 2.238571540573324370e+01
2.294352208019236450e+00 2.231606232376447352e+01
2.295546872017163231e+00 2.226039632752604192e+01
2.296741536015091345e+00 2.212756078236230906e+01
2.297936200013019015e+00 2.204863568885059877e+01
2.299130864010947128e+00 2.204401988838408855e+01
2.300325528008872134e+00 2.203024375188076789e+01
2.301520192006800247e+00 2.196654220103575028e+01
2.302714856004727029e+00 2.187626938058527770e+01
2.303909520002655142e+00 2.179090747976593079e+01
2.305104184000582812e+00 2.173200983196127112e+01
2.306298847998510038e+00 2.169509766696398501e+01
2.307493511996435931e+00 2.165405937904409939e+01
2.308688175994363156e+00 2.165209611205995444e+01
2.309882839992290826e+00 2.167945369965116953e+01
2.311077503990218940e+00 2.170057026408532153e+01
2.312272167988145721e+00 2.170855026755946682e+01
2.313466831986073835e+00 2.172877681293077146e+01
2.314661495983998840e+00 2.175932478978032947e+01
2.315856159981926954e+00 2.178136942690708366e+01
2.317050823979854624e+00 2.182527545876006769e+01
2.318245487977782737e+00 2.180654414533275443e+01
2.319440151975709519e+00 2.169925289114148370e+01
2.320634815973635856e+00 2.158400039757630751e+01
2.321829479971562638e+00 2.149000257523097446e+01
2.323024143969490751e+00 2.138455176627677901e+01
2.324218807967418421e+00 2.128506099562723719e+01
2.325413471965345646e+00 2.122264195130641085e+01
2.326608135963271540e+00 2.117499914033607666e+01
2.327802799961198765e+00 2.113471693471253232e+01
2.328997463959126435e+00 2.105838461372445281e+01
2.330192127957054549e+00 2.100954002667296194e+01
2.331386791954981330e+00 2.101792659843399136e+01
2.332581455952907667e+00 2.102397099859355478e+01
2.333776119950834449e+00 2.102302069788739658e+01
2.334970783948762563e+00 2.098300650170194004e+01
2.336165447946690232e+00 2.098610483608997157e+01
2.337360111944618346e+00 2.101278173217935219e+01
2.338554775942543351e+00 2.101632162514160740e+01
2.339749439940471465e+00 2.099704423307035128e+01
2.340944103938398246e+00 2.098282522124790006e+01
2.342138767936326360e+00 2.100656579382341604e+01
2.343333431934254030e+00 2.106473126910961824e+01
2.344528095932181255e+00 2.111428269825472981e+01
2.345722759930107149e+00 2.108477515396693391e+01
2.346917423928034374e+00 2.100018162519244669e+01
2.348112087925962044e+00 2.101742568667444644e+01
2.349306751923890157e+00 2.109302296101052221e+01
2.350501415921816939e+00 2.111809552186331729e+01
2.351696079919745053e+00 2.114056214127227662e+01
2.352890743917670058e+00 2.115018500996377426e+01
2.354085407915598172e+00 2.114031338725630249e+01
2.355280071913525841e+00 2.112850695808786128e+01
2.356474735911453955e+00 2.109439072242609114e+01
2.357669399909380736e+00 2.105643273751556777e+01
2.358864063907307074e+00 2.103257976865790368e+01
2.360058727905233855e+00 2.100394727490361291e+01
2.361253391903161969e+00 2.098330195065649662e+01
2.362448055901089639e+00 2.102390736022310236e+01
2.363642719899016864e+00 2.103920882418297467e+01
2.364837383896942757e+00 2.101858733110081801e+01
2.366032047894869983e+00 2.104618753382982987e+01
2.367226711892797653e+00 2.106249869271639952e+01
2.368421375890725766e+00 2.104677187165126995e+01
2.369616039888652548e+00 2.105419448952828176e+01
2.370810703886578885e+00 2.107452007670196892e+01
2.372005367884505667e+00 2.111744049358178543e+01
2.373200031882433780e+00 2.122053540342970379e+01
2.374394695880361450e+00 2.122607073383962728e+01
2.375589359878289564e+00 2.119978491068732396e+01
2.376784023876214569e+00 2.124868531252838366e+01
2.377978687874142683e+00 2.126048550509085899e+01
2.379173351872069464e+00 2.123661953749271092e+01
2.380368015869997578e+00 2.120211173259322379e+01
2.381562679867925247e+00 2.112825671468043254e+01
2.382757343865852473e+00 2.107472485007567542e+01
2.383952007863778366e+00 2.107048525300706032e+01
2.385146671861705592e+00 2.109010524838174661e+01
2.386341335859633261e+00 2.106953360349972826e+01
2.387535999857561375e+00 2.106681151765619830e+01
2.388730663855488157e+00 2.106144437960547577e+01
2.389925327853416270e+00 2.105617995306918289e+01
2.391119991851341275e+00 2.105101823804733030e+01
2.392314655849269389e+00 2.104595923453990736e+01
2.393509319847197059e+00 2.104100294254692471e+01
2.394703983845125173e+00 2.103614936206837172e+01
2.395898647843051954e+00 2.103139849310425902e+01
2.397093311840978291e+00 2.102675033565457596e+01
2.398287975838905073e+00 2.102220488971933321e+01
2.399482639836833187e+00 2.101776215529852010e+01
2.400677303834760856e+00 2.101342213239214374e+01
2.401871967832688082e+00 2.100918482100020412e+01
2.403066631830613975e+00 2.100505022112269771e+01
2.404261295828541201e+00 2.100101833275962804e+01
2.405455959826468870e+00 2.099708915591099156e+01
2.406650623824396984e+00 2.099326269057679184e+01
2.407845287822323765e+00 2.098953893675702531e+01
2.409039951820250103e+00 2.098591789445169198e+01
2.410234615818176884e+00 2.098239956366079539e+01
2.411429279816104998e+00 2.097898394438433556e+01
2.412623943814032668e+00 2.097567103662230892e+01
2.413818607811960781e+00 2.097246084037471547e+01
2.415013271809885786e+00 2.096935335564155878e+01
2.416207935807813900e+00 2.096634858242283883e+01
2.417402599805740682e+00 2.096344652071855208e+01
2.418597263803668795e+00 2.096064717052869852e+01
2.419791927801596465e+00 2.095795053185328172e+01
2.420986591799523691e+00 2.095535660469229811e+01
2.422181255797449584e+00 2.095286538904575124e+01
2.423375919795376809e+00 2.095047688491364113e+01
2.424570583793304479e+00 2.094819109229596066e+01
2.425765247791232593e+00 2.094600801119272049e+01
2.426959911789159374e+00 2.094392764160390996e+01
2.428154575787087488e+00 2.094194998352953974e+01
2.429349239785012493e+00 2.094007503696960271e+01
2.430543903782940607e+00 2.093830280192409887e+01
2.431738567780868276e+00 2.093663327839303179e+01
2.432933231778796390e+00 2.093506646637639790e+01
2.434127895776723172e+00 2.093360236587419720e+01
2.435322559774649509e+00 2.093224097688643681e+01
2.436517223772576290e+00 2.093098229941310606e+01
2.437711887770504404e+00 2.092982633345421206e+01
2.438906551768432074e+00 2.092877307900975481e+01
2.440101215766359299e+00 2.092782253607973075e+01
2.441295879764285193e+00 2.092697470466414345e+01
2.442490543762212418e+00 2.092622958476298933e+01
2.443685207760140088e+00 2.092558717637626842e+01
2.444879871758068202e+00 2.092504747950398425e+01
2.446074535755995427e+00 2.092461049414613683e+01
