-3.189448570386979931e+00 -3.524839540933158864e-75
-3.187890807319752273e+00 1.343236621715147774e-74
-3.186333044252524616e+00 -5.032116188900800420e-74
-3.184775281185296514e+00 1.883017988409369812e-73
-3.183217518118068856e+00 -7.046174225031931847e-73
-3.181659755050841198e+00 2.636820090653144345e-72
-3.180101991983613541e+00 -9.868160790221950389e-72
-3.178544228916385439e+00 3.693333978707119710e-71
-3.176986465849157781e+00 -1.382373793217657108e-70
-3.175428702781930124e+00 5.174338735216456575e-70
-3.173870939714702466e+00 -1.936888418225211626e-69
-3.172313176647474364e+00 7.250578855244023525e-69
-3.170755413580246707e+00 -2.714295098480736824e-68
-3.169197650513019049e+00 1.016145141224511553e-67
-3.167639887445791391e+00 -3.804229833974212840e-67
-3.166082124378563289e+00 1.424256181099559609e-66
-3.164524361311335632e+00 -5.332340951404429654e-66
-3.162966598244107974e+00 1.996430669554020918e-65
-3.161408835176880316e+00 -7.474724632516026366e-65
-3.159851072109652659e+00 2.798587874946294430e-64
-3.158293309042424557e+00 -1.047812683363961040e-63
-3.156735545975196899e+00 3.923083021045230803e-63
-3.155177782907969242e+00 -1.468820441780969778e-62
-3.153620019840741584e+00 5.499276034266646955e-62
-3.152062256773513482e+00 -2.058904476671899605e-61
-3.150504493706285825e+00 7.708307503120759400e-61
-3.148946730639058167e+00 -2.885840546932645846e-60
-3.147388967571830509e+00 1.080374762543920075e-59
-3.145831204504602407e+00 -4.044489248033686992e-59
-3.144273441437374750e+00 1.514043913671112598e-58
-3.142715678370147092e+00 -5.667573842784841951e-58
-3.141157915302919434e+00 2.121476614431280141e-57
-3.139600152235691333e+00 -7.940723836089521894e-57
-3.138042389168463675e+00 2.972084631337902315e-56
-3.136484626101236017e+00 -1.112346158377945394e-55
-3.134926863034008360e+00 4.162890064760403013e-55
-3.133369099966780702e+00 -1.557846358871515543e-54
-3.131811336899552600e+00 5.829449194864095425e-54
-3.130253573832324943e+00 -2.181233542382738235e-53
-3.128695810765097285e+00 8.161070033032860342e-53
-3.127138047697869627e+00 -3.053239611247490626e-52
-3.125580284630641525e+00 1.142199807460963152e-51
-3.124022521563413868e+00 -4.272571439773022631e-51
-3.122464758496186210e+00 1.598095128839297747e-50
-3.120906995428958552e+00 -5.976998397210539904e-50
-3.119349232361730451e+00 2.235280684421979901e-49
-3.117791469294502793e+00 -8.358928028478323328e-49
-3.116233706227275135e+00 3.125646546495353427e-48
-3.114675943160047478e+00 -1.168694644709039368e-47
-3.113118180092819820e+00 4.369535638340653925e-47
-3.111560417025591718e+00 -1.633592319158273760e-46
-3.110002653958364061e+00 6.106992033562243984e-46
-3.108444890891136403e+00 -2.282902661719816381e-45
-3.106887127823908745e+00 8.533454767405051366e-45
-3.105329364756680643e+00 -3.189634474389217515e-44
-3.103771601689452986e+00 1.192165462083065561e-43
-3.102213838622225328e+00 -4.455667786293293043e-43
-3.100656075554997670e+00 1.665216714012471032e-42
-3.099098312487769569e+00 -6.223166898046340660e-42
-3.097540549420541911e+00 2.325604673095806151e-41
-3.095982786353314253e+00 -8.690506928796213455e-41
-3.094425023286086596e+00 3.247432380789491226e-40
-3.092867260218858494e+00 -1.213450084998591312e-39
-3.091309497151630836e+00 4.534104311399101751e-39
-3.089751734084403179e+00 -1.694142279704680560e-38
-3.088193971017175521e+00 6.329917112632486551e-38
-3.086636207949947419e+00 -2.365031411155353712e-37
-3.085078444882719761e+00 8.836240440846907634e-37
-3.083520681815492104e+00 -3.301344350984703690e-36
-3.081962918748264446e+00 1.233410895622489196e-35
-3.080405155681036788e+00 -4.608072943833955741e-35
-3.078847392613808687e+00 1.721577082973390980e-34
-3.077289629546581029e+00 -6.431764160393478382e-34
-3.075731866479353371e+00 2.402875136248871752e-33
-3.074174103412125714e+00 -8.976988890911988886e-33
-3.072616340344897612e+00 3.353740823376681428e-32
-3.071058577277669954e+00 -1.252935058010138249e-31
-3.069500814210442297e+00 4.680893970110495474e-31
-3.067943051143214639e+00 -1.748763758800574711e-30
-3.066385288075986537e+00 6.533358630612288227e-30
-3.064827525008758879e+00 -2.440876327521573066e-29
-3.063269761941531222e+00 9.119265954110989231e-29
-3.061711998874303564e+00 -3.407059495539829063e-28
-3.060154235807075906e+00 1.272934856090585754e-27
-3.058596472739847805e+00 -4.755981494021080925e-27
-3.057038709672620147e+00 1.776979980775840570e-26
-3.055480946605392489e+00 -6.639481973583616119e-26
-3.053923183538164832e+00 2.480824337499404859e-25
-3.052365420470936730e+00 -9.269767835415185761e-25
-3.050807657403709072e+00 3.463806235173426113e-24
-3.049249894336481415e+00 -1.294348033516609147e-23
-3.047692131269253757e+00 4.836844704346803178e-23
-3.046134368202025655e+00 -1.807538934040014614e-22
-3.044576605134797997e+00 6.755048264820759094e-22
-3.043018842067570340e+00 -2.524558050242379837e-21
-3.041461079000342682e+00 9.435375724719568389e-21
-3.039903315933114580e+00 -3.526555995984015836e-20
-3.038345552865886923e+00 1.318138135309977409e-19
-3.036787789798659265e+00 -4.927089149384148443e-19
-3.035230026731431607e+00 1.841789770762372683e-18
-3.033672263664203506e+00 -6.885096160536883607e-18
-3.032114500596975848e+00 2.573945051435359644e-17
-3.030556737529748190e+00 -9.622916044063370660e-17
-3.028998974462520533e+00 3.597751387317294769e-16
-3.027441211395292875e+00 -1.345152423509121652e-15
-3.025883448328064773e+00 5.029520937322551219e-15
-3.024325685260837115e+00 -1.880595527551552461e-14
-3.022767922193609458e+00 7.031965401291527764e-14
-3.021210159126381800e+00 -2.629477739522905152e-13
-3.019652396059153698e+00 9.832696315887166262e-13
-3.018094632991926041e+00 -3.676927136027281789e-12
-3.016536869924698383e+00 1.375009237101888814e-11
-3.014979106857470725e+00 -5.142014951183269677e-11
-3.013421343790242624e+00 1.922946156240616027e-10
-3.011863580723014966e+00 -7.191275599963334858e-10
-3.010305817655787308e+00 2.689358647555151781e-09
-3.008748054588559651e+00 -1.005760238071925913e-08
-3.007190291521331993e+00 3.761335991573517352e-08
-3.005632528454103891e+00 -1.406665101519034155e-07
-3.004074765386876233e+00 5.260647583529938752e-07
-3.002517002319648576e+00 -1.967372621409198757e-06
-3.000959239252420918e+00 7.357528807784639932e-06
-2.999401476185192816e+00 -2.751530154119927741e-05
-2.997843713117965159e+00 1.028993360206308946e-04
-2.996285950050737501e+00 -3.848096019010498431e-04
-2.994728186983509843e+00 1.439041472108907802e-03
-2.993170423916281742e+00 -5.381382487141006879e-03
-2.991612660849054084e+00 2.012364372205834376e-02
-2.990054897781826426e+00 -7.525072029160030651e-02
-2.988497134714598769e+00 2.813876732933986435e-01
-2.986939371647370667e+00 -1.052177308825799296e+00
-2.985381608580143009e+00 5.152125128650160590e+00
-2.983823845512915351e+00 1.429406370531016179e+01
-2.982266082445687694e+00 1.290260079201334342e+01
-2.980708319378459592e+00 1.234589745704041341e+01
-2.979150556311231934e+00 1.432883112648325508e+01
-2.977592793244004277e+00 1.526234484167661343e+01
-2.976035030176776619e+00 1.441429825582661373e+01
-2.974477267109548961e+00 1.287897772175626265e+01
-2.972919504042320860e+00 1.465277687848629284e+01
-2.971361740975093202e+00 1.414223956235115409e+01
-2.969803977907865544e+00 1.100276987853479937e+01
-2.968246214840637887e+00 1.335756411304242697e+01
-2.966688451773409785e+00 1.445060337446903098e+01
-2.965130688706182127e+00 1.264017288470825129e+01
-2.963572925638954469e+00 1.268735544747174870e+01
-2.962015162571726812e+00 1.396048251489083647e+01
-2.960457399504498710e+00 1.479667760414675648e+01
-2.958899636437271052e+00 1.505596760886023411e+01
-2.957341873370043395e+00 1.353478740194715435e+01
-2.955784110302815737e+00 1.182693361040273139e+01
-2.954226347235588079e+00 1.182565672657344535e+01
-2.952668584168359978e+00 1.092118665167914138e+01
-2.951110821101132320e+00 1.129364817993894299e+01
-2.949553058033904662e+00 1.282835415508793808e+01
-2.947995294966677005e+00 1.195816799529783481e+01
-2.946437531899448903e+00 1.095773201520254503e+01
-2.944879768832221245e+00 1.219452103151239264e+01
-2.943322005764993587e+00 1.417273676792905768e+01
-2.941764242697765930e+00 1.231016769410572209e+01
-2.940206479630537828e+00 1.040739839937950428e+01
-2.938648716563310170e+00 1.263414342816433944e+01
-2.937090953496082513e+00 1.436228375593034912e+01
-2.935533190428854855e+00 1.462567805823138478e+01
-2.933975427361627197e+00 1.284707511039012751e+01
-2.932417664294399096e+00 1.113703053007100685e+01
-2.930859901227171438e+00 1.121799077044035720e+01
-2.929302138159943780e+00 1.283769440755928137e+01
-2.927744375092715678e+00 1.322336946490997178e+01
-2.926186612025488021e+00 1.120132301225350346e+01
-2.924628848958260363e+00 1.357597820551699641e+01
-2.923071085891032705e+00 1.696278698750962022e+01
-2.921513322823805048e+00 1.446672571862406542e+01
-2.919955559756576946e+00 9.776862813067218383e+00
-2.918397796689349288e+00 7.292295782385269654e+00
-2.916840033622121631e+00 8.306436855171039468e+00
-2.915282270554893973e+00 1.240380392761935369e+01
-2.913724507487665871e+00 1.511214733621539530e+01
-2.912166744420438214e+00 1.422502605170370416e+01
-2.910608981353210556e+00 1.542451279163968891e+01
-2.909051218285982898e+00 1.793695577482974457e+01
-2.907493455218754796e+00 1.521414081085461056e+01
-2.905935692151527139e+00 1.232970757181853294e+01
-2.904377929084299481e+00 1.343655050010077723e+01
-2.902820166017071823e+00 1.329914278469174604e+01
-2.901262402949844166e+00 1.181760189013370166e+01
-2.899704639882616064e+00 1.186071345337317240e+01
-2.898146876815388406e+00 1.468231201523999907e+01
-2.896589113748160749e+00 1.514521947422500858e+01
-2.895031350680933091e+00 1.580469900019273233e+01
-2.893473587613704989e+00 1.574405902540036273e+01
-2.891915824546477332e+00 1.341917242786744424e+01
-2.890358061479249674e+00 1.453319032623831930e+01
-2.888800298412022016e+00 1.116909597998915693e+01
-2.887242535344793914e+00 9.020349454835766778e+00
-2.885684772277566257e+00 1.269566941271591176e+01
-2.884127009210338599e+00 1.084395595280560265e+01
-2.882569246143110941e+00 1.025479152847207587e+01
-2.881011483075883284e+00 9.691461140542561026e+00
-2.879453720008655182e+00 4.416533743405670620e+00
-2.877895956941427524e+00 6.549311443400787525e+00
-2.876338193874199867e+00 9.962204058150829766e+00
-2.874780430806971765e+00 1.309562654029098105e+01
-2.873222667739744107e+00 1.341010452542656139e+01
-2.871664904672516450e+00 1.018240622369545179e+01
-2.870107141605288792e+00 1.010115408394707615e+01
-2.868549378538061134e+00 1.303179710179063910e+01
-2.866991615470833032e+00 1.216718103522854300e+01
-2.865433852403605375e+00 8.767690398680265673e+00
-2.863876089336377717e+00 9.416848545084624433e+00
-2.862318326269150059e+00 1.135223416199175794e+01
-2.860760563201922402e+00 1.170836452545849227e+01
-2.859202800134694300e+00 1.121328188657706626e+01
-2.857645037067466642e+00 1.216908126606801410e+01
-2.856087274000238985e+00 1.418722508454032827e+01
-2.854529510933010883e+00 1.609062390004032750e+01
-2.852971747865783225e+00 1.677908616650505991e+01
-2.851413984798555568e+00 1.458317688786586253e+01
-2.849856221731327910e+00 1.195148720337104997e+01
-2.848298458664100252e+00 1.195344977821774535e+01
-2.846740695596872150e+00 1.364056378613839726e+01
-2.845182932529644493e+00 1.349046423055271049e+01
-2.843625169462416835e+00 1.145851836785622702e+01
-2.842067406395189177e+00 1.206413003493054781e+01
-2.840509643327961076e+00 1.347186175983959089e+01
-2.838951880260733418e+00 1.326984756846571223e+01
-2.837394117193505760e+00 1.153694489455859085e+01
-2.835836354126278103e+00 1.266825168813769587e+01
-2.834278591059050001e+00 1.345541246653319867e+01
-2.832720827991822343e+00 1.086258028841770340e+01
-2.831163064924594686e+00 1.238689275115772581e+01
-2.829605301857367028e+00 1.369976190911111935e+01
-2.828047538790139370e+00 1.349750867139786514e+01
-2.826489775722911268e+00 1.230480801768192300e+01
-2.824932012655683611e+00 1.174769445970791359e+01
-2.823374249588455953e+00 1.224376198309404451e+01
-2.821816486521228295e+00 1.219278499657574599e+01
-2.820258723454000194e+00 1.244692858021554116e+01
-2.818700960386772536e+00 1.124543821479656991e+01
-2.817143197319544878e+00 8.853053392607188599e+00
-2.815585434252317221e+00 7.127338894654326573e+00
-2.814027671185089119e+00 1.031572581641351150e+01
-2.812469908117861461e+00 1.707612378844972412e+01
-2.810912145050633804e+00 1.681757809187858754e+01
-2.809354381983406146e+00 1.331741281208574534e+01
-2.807796618916178488e+00 1.049249888039463308e+01
-2.806238855848950386e+00 9.329557382906211060e+00
-2.804681092781722729e+00 1.076381691730771806e+01
-2.803123329714495071e+00 1.100825527135510384e+01
-2.801565566647266969e+00 9.532075921265406038e+00
-2.800007803580039312e+00 1.196179958356062301e+01
-2.798450040512811654e+00 1.461848774919112870e+01
-2.796892277445583996e+00 1.337384754495138139e+01
-2.795334514378356339e+00 1.439817225173434601e+01
-2.793776751311128237e+00 1.564397172512842005e+01
-2.792218988243900579e+00 1.404309235894766772e+01
-2.790661225176672922e+00 1.223492526866223251e+01
-2.789103462109445264e+00 1.354026952847542020e+01
-2.787545699042217162e+00 1.438228832614909791e+01
-2.785987935974989504e+00 1.478229343898175507e+01
-2.784430172907761847e+00 1.322822158755041677e+01
-2.782872409840534189e+00 1.090657100880251029e+01
-2.781314646773306087e+00 1.432772223541413403e+01
-2.779756883706078430e+00 1.409249190943485353e+01
-2.778199120638850772e+00 1.086273925406366558e+01
-2.776641357571623114e+00 1.108280685529701515e+01
-2.775083594504395457e+00 1.188879836391947897e+01
-2.773525831437167355e+00 1.349993138312897045e+01
-2.771968068369939697e+00 1.591300646384121009e+01
-2.770410305302712040e+00 1.471468370769673939e+01
-2.768852542235484382e+00 1.324306123623499332e+01
-2.767294779168256280e+00 1.493032518005899867e+01
-2.765737016101028622e+00 1.307848945805507235e+01
-2.764179253033800965e+00 1.049987495457076214e+01
-2.762621489966573307e+00 1.427090127557756816e+01
-2.761063726899345205e+00 1.565614153237392969e+01
-2.759505963832117548e+00 1.134481421493490672e+01
-2.757948200764889890e+00 1.130564396358568935e+01
-2.756390437697662232e+00 1.365721353208420652e+01
-2.754832674630434575e+00 1.299961559546589562e+01
-2.753274911563206473e+00 1.373518780431808040e+01
-2.751717148495978815e+00 1.425139006043147738e+01
-2.750159385428751158e+00 1.307799097723047232e+01
-2.748601622361523056e+00 1.232756490516953995e+01
-2.747043859294295398e+00 1.118945408633733507e+01
-2.745486096227067740e+00 8.980868864716072153e+00
-2.743928333159840083e+00 7.166947751015827706e+00
-2.742370570092612425e+00 9.494166177040712640e+00
-2.740812807025384323e+00 1.181182365462544936e+01
-2.739255043958156666e+00 1.295995697346395303e+01
-2.737697280890929008e+00 1.339358707187570019e+01
-2.736139517823701350e+00 1.291805652611379607e+01
-2.734581754756473249e+00 1.345698211580631387e+01
-2.733023991689245591e+00 1.486250605810227832e+01
-2.731466228622017933e+00 1.487643114982313719e+01
-2.729908465554790276e+00 1.273555761309020085e+01
-2.728350702487562174e+00 1.117667948537273936e+01
-2.726792939420334516e+00 1.122066984811722712e+01
-2.725235176353106858e+00 1.252878926782342184e+01
-2.723677413285879201e+00 1.377652784264729746e+01
-2.722119650218651543e+00 1.567901283490427744e+01
-2.720561887151423441e+00 1.579498078262762739e+01
-2.719004124084195784e+00 1.343592788543771377e+01
-2.717446361016968126e+00 1.628814268101896445e+01
-2.715888597949740468e+00 1.451709167264182376e+01
-2.714330834882512367e+00 8.815532536984626688e+00
-2.712773071815284709e+00 1.304976244682445774e+01
-2.711215308748057051e+00 1.498259549774163624e+01
-2.709657545680829394e+00 1.381281907014043497e+01
-2.708099782613601292e+00 1.271738312687291028e+01
-2.706542019546373634e+00 1.372806520216608739e+01
-2.704984256479145976e+00 1.369934950069306723e+01
-2.703426493411918319e+00 1.184270657991025644e+01
-2.701868730344690661e+00 1.134629511857856521e+01
-2.700310967277462559e+00 8.079120533814585059e+00
-2.698753204210234902e+00 8.089138725962822463e+00
-2.697195441143007244e+00 1.630423537852820459e+01
-2.695637678075779142e+00 1.759231091519011514e+01
-2.694079915008551485e+00 1.318933511764284994e+01
-2.692522151941323827e+00 1.199492853868583353e+01
-2.690964388874096169e+00 1.265308404996630287e+01
-2.689406625806868512e+00 1.413096544701611812e+01
-2.687848862739640410e+00 1.414499865182860816e+01
-2.686291099672412752e+00 1.081548609118719106e+01
-2.684733336605185094e+00 9.277207261644951686e+00
-2.683175573537957437e+00 9.554923165789723782e+00
-2.681617810470729779e+00 1.200543499020619009e+01
-2.680060047403501677e+00 1.659672645831397375e+01
-2.678502284336274020e+00 1.613129943666519139e+01
-2.676944521269046362e+00 1.392674781123608163e+01
-2.675386758201818260e+00 1.288172781102150743e+01
-2.673828995134590603e+00 1.169475582459035756e+01
-2.672271232067362945e+00 1.237450345822448661e+01
-2.670713469000135287e+00 1.428882120481875262e+01
-2.669155705932907630e+00 1.386624584623157830e+01
-2.667597942865679528e+00 1.279476282820308164e+01
-2.666040179798451870e+00 1.433308192124576053e+01
-2.664482416731224212e+00 1.357776449873970037e+01
-2.662924653663996111e+00 1.051455964092523843e+01
-2.661366890596768897e+00 1.353346674440797592e+01
-2.659809127529540795e+00 1.516331865339901341e+01
-2.658251364462313138e+00 1.148307119177458091e+01
-2.656693601395085480e+00 1.092440528930475807e+01
-2.655135838327857378e+00 1.007492390537933780e+01
-2.653578075260629721e+00 1.011218054345901152e+01
-2.652020312193402063e+00 1.357889466617443475e+01
-2.650462549126174405e+00 1.461862817837506157e+01
-2.648904786058946748e+00 1.348244040107362274e+01
-2.647347022991718646e+00 1.403037395320185965e+01
-2.645789259924490988e+00 1.406575104409212429e+01
-2.644231496857263330e+00 1.204540277242265667e+01
-2.642673733790035229e+00 1.173473499297163691e+01
-2.641115970722807571e+00 1.057297075701687561e+01
-2.639558207655579913e+00 9.735355427997850697e+00
-2.638000444588352256e+00 1.319836915866229354e+01
-2.636442681521124598e+00 1.444468482092338846e+01
-2.634884918453896496e+00 1.194298365588590016e+01
-2.633327155386668839e+00 1.319754984679398646e+01
-2.631769392319441181e+00 1.504082164719440584e+01
-2.630211629252213523e+00 1.257152973276746799e+01
-2.628653866184985866e+00 1.028705225283964708e+01
-2.627096103117757764e+00 1.075968160534254636e+01
-2.625538340050530106e+00 1.345092193055507046e+01
-2.623980576983302448e+00 1.423180599671140989e+01
-2.622422813916074347e+00 9.620603140648542606e+00
-2.620865050848846689e+00 9.498136640504037942e+00
-2.619307287781619031e+00 1.325395614133682543e+01
-2.617749524714391374e+00 1.285243128277376989e+01
-2.616191761647163716e+00 1.182165391198504523e+01
-2.614633998579935614e+00 1.209739977489176077e+01
-2.613076235512707957e+00 1.356677427739058395e+01
-2.611518472445480299e+00 1.373380109834092622e+01
-2.609960709378252641e+00 1.184192273493165537e+01
-2.608402946311024984e+00 1.125104008973365843e+01
-2.606845183243796882e+00 1.232583070731108243e+01
-2.605287420176569224e+00 1.197466177030170620e+01
-2.603729657109341566e+00 1.352233248517198660e+01
-2.602171894042113465e+00 1.424572415246967161e+01
-2.600614130974885807e+00 1.045223748443246059e+01
-2.599056367907658149e+00 1.127552842099614416e+01
-2.597498604840430492e+00 1.382796250487991685e+01
-2.595940841773202834e+00 1.310682488949244551e+01
-2.594383078705974732e+00 1.425963854119289387e+01
-2.592825315638747075e+00 1.712046207527422581e+01
-2.591267552571519417e+00 1.798201624569982826e+01
-2.589709789504291315e+00 1.553896334184818784e+01
-2.588152026437063657e+00 1.305078790000317213e+01
-2.586594263369836000e+00 1.405101578847597210e+01
-2.585036500302608342e+00 1.255724616601256294e+01
-2.583478737235380684e+00 1.119502523509764558e+01
-2.581920974168152583e+00 1.305111647778763739e+01
-2.580363211100924925e+00 1.419971524160102483e+01
-2.578805448033697267e+00 1.617832614938111746e+01
-2.577247684966469610e+00 1.476188151677177984e+01
-2.575689921899241952e+00 1.236946798202548337e+01
-2.574132158832013850e+00 1.224758653568454214e+01
-2.572574395764786193e+00 1.265691659201787189e+01
-2.571016632697558535e+00 1.221864288770478524e+01
-2.569458869630330433e+00 1.164475082480892354e+01
-2.567901106563102775e+00 1.186106553712313705e+01
-2.566343343495875118e+00 1.103005692046286335e+01
-2.564785580428647460e+00 1.050940972050248412e+01
-2.563227817361419802e+00 1.149992115781009439e+01
-2.561670054294191701e+00 1.254134988817314245e+01
-2.560112291226964043e+00 1.175212440214690623e+01
-2.558554528159736385e+00 1.047567790402223764e+01
-2.556996765092508728e+00 1.288982520267118304e+01
-2.555439002025281070e+00 1.386395114176488796e+01
-2.553881238958052968e+00 1.344804756409041779e+01
-2.552323475890825311e+00 1.368626971706945739e+01
-2.550765712823597653e+00 1.202134597439523489e+01
-2.549207949756369551e+00 1.176042603613576532e+01
-2.547650186689141893e+00 1.400678634695884561e+01
-2.546092423621914236e+00 1.353460588145731514e+01
-2.544534660554686578e+00 1.318457372456841803e+01
-2.542976897487458920e+00 1.488917203624619745e+01
-2.541419134420230819e+00 1.433705283764669502e+01
-2.539861371353003161e+00 1.188596217688613876e+01
-2.538303608285775503e+00 1.015639757795609732e+01
-2.536745845218547402e+00 1.100708795786355765e+01
-2.535188082151319744e+00 1.123826679117846616e+01
-2.533630319084092086e+00 9.541545895508006581e+00
-2.532072556016864429e+00 9.178013289328424307e+00
-2.530514792949636771e+00 9.891561407194545907e+00
-2.528957029882408669e+00 1.313789946379100826e+01
-2.527399266815181011e+00 1.750734947600613012e+01
-2.525841503747953354e+00 1.511091959393118955e+01
-2.524283740680725696e+00 1.057600423352806551e+01
-2.522725977613498038e+00 1.274467542345801796e+01
-2.521168214546269937e+00 1.247325915068109303e+01
-2.519610451479042279e+00 1.129945177804806988e+01
-2.518052688411814621e+00 1.299466710751447707e+01
-2.516494925344586520e+00 1.176313850151921692e+01
-2.514937162277358862e+00 1.159513322344066388e+01
-2.513379399210131204e+00 1.415583795461615857e+01
-2.511821636142903547e+00 1.482094370262266381e+01
-2.510263873075675889e+00 1.439152279995944106e+01
-2.508706110008447787e+00 1.324586182109748655e+01
-2.507148346941220129e+00 1.184005736752380500e+01
-2.505590583873992472e+00 1.081820305348637312e+01
-2.504032820806764814e+00 1.148982565161142766e+01
-2.502475057739537156e+00 1.353713583804467646e+01
-2.500917294672309055e+00 1.108892924059934337e+01
-2.499359531605081397e+00 1.137689923622747301e+01
-2.497801768537853739e+00 1.121496160900543160e+01
-2.496244005470625638e+00 1.146638156327592029e+01
-2.494686242403397980e+00 1.397781261518940532e+01
-2.493128479336170322e+00 1.433594355042077417e+01
-2.491570716268942665e+00 1.273854742055078404e+01
-2.490012953201715007e+00 1.203027387387095892e+01
-2.488455190134486905e+00 1.404452404688754363e+01
-2.486897427067259247e+00 1.513242439730730382e+01
-2.485339664000031590e+00 1.225603549900867684e+01
-2.483781900932803488e+00 1.103059012591696941e+01
-2.482224137865575830e+00 1.226268131703897524e+01
-2.480666374798348173e+00 1.006295944469727210e+01
-2.479108611731120515e+00 1.019539378678464558e+01
-2.477550848663892857e+00 1.111092295887220160e+01
-2.475993085596664756e+00 1.154813478909325397e+01
-2.474435322529437098e+00 1.002128152560551122e+01
-2.472877559462209440e+00 9.835776478808593737e+00
-2.471319796394981783e+00 1.360867497743378962e+01
-2.469762033327754125e+00 1.529806870661238527e+01
-2.468204270260526023e+00 1.577977580329513962e+01
-2.466646507193298365e+00 1.634241493278828372e+01
-2.465088744126070708e+00 1.354191953482456334e+01
-2.463530981058842606e+00 1.008247095241572922e+01
-2.461973217991614948e+00 1.073797913172255214e+01
-2.460415454924387291e+00 1.281628125000196583e+01
-2.458857691857159633e+00 1.096771835725459709e+01
-2.457299928789931975e+00 1.404975518009045921e+01
-2.455742165722703874e+00 1.609671194469612843e+01
-2.454184402655476216e+00 1.292372371093111916e+01
-2.452626639588248558e+00 1.170079497604795193e+01
-2.451068876521020901e+00 1.300217889512874514e+01
-2.449511113453793243e+00 1.234691133164020371e+01
-2.447953350386565141e+00 1.150330405828870717e+01
-2.446395587319337483e+00 1.424160426283991931e+01
-2.444837824252109826e+00 1.515621024588124222e+01
-2.443280061184881724e+00 1.609003444933573235e+01
-2.441722298117654066e+00 1.654414356842250555e+01
-2.440164535050426409e+00 1.353314920957322620e+01
-2.438606771983198751e+00 1.427257087967229232e+01
-2.437049008915971093e+00 1.489854816111700408e+01
-2.435491245848742992e+00 1.316936620197785324e+01
-2.433933482781515334e+00 1.198389049373856885e+01
-2.432375719714287676e+00 1.234890115637900010e+01
-2.430817956647059574e+00 1.531139549369594377e+01
-2.429260193579832361e+00 1.714573112904896135e+01
-2.427702430512604259e+00 1.319928483452024537e+01
-2.426144667445376601e+00 9.819933080244370061e+00
-2.424586904378148944e+00 1.262102463061664537e+01
-2.423029141310920842e+00 1.264832833269825052e+01
-2.421471378243693184e+00 1.052116551054987603e+01
-2.419913615176465527e+00 1.229853553401012967e+01
-2.418355852109237869e+00 1.091549036693709596e+01
-2.416798089042010211e+00 1.061280646314659570e+01
-2.415240325974782110e+00 1.354987190373037720e+01
-2.413682562907554452e+00 1.221393609954782455e+01
-2.412124799840326794e+00 1.094304594599665492e+01
-2.410567036773098692e+00 9.712594058769338901e+00
-2.409009273705871035e+00 8.345477505307439259e+00
-2.407451510638643377e+00 1.282831888269915055e+01
-2.405893747571415719e+00 1.408384894175831192e+01
-2.404335984504188062e+00 1.400414972273984127e+01
-2.402778221436959960e+00 1.600791308191580953e+01
-2.401220458369732302e+00 1.326542315059117350e+01
-2.399662695302504645e+00 1.175426228495497405e+01
-2.398104932235276987e+00 9.816626582889689701e+00
-2.396547169168049329e+00 1.339012485489548610e+01
-2.394989406100821228e+00 1.512020457313170851e+01
-2.393431643033593570e+00 1.296458365690101466e+01
-2.391873879966365912e+00 1.229035783190939668e+01
-2.390316116899137810e+00 1.229126798660211151e+01
-2.388758353831910153e+00 1.264920691428162769e+01
-2.387200590764682495e+00 1.200611341864297188e+01
-2.385642827697454837e+00 1.253835311587513601e+01
-2.384085064630227180e+00 1.349045182194873682e+01
-2.382527301562999078e+00 1.196919703933428814e+01
-2.380969538495771420e+00 1.240559971043814080e+01
-2.379411775428543763e+00 1.242938767495262553e+01
-2.377854012361316105e+00 1.347289315762800221e+01
-2.376296249294088447e+00 1.567276621955891791e+01
-2.374738486226860346e+00 1.408032827398097808e+01
-2.373180723159632688e+00 1.174637312660117239e+01
-2.371622960092405030e+00 1.352307917698340844e+01
-2.370065197025176928e+00 1.661132727144200771e+01
-2.368507433957949271e+00 1.506157772568831810e+01
-2.366949670890721613e+00 1.151330195794755440e+01
-2.365391907823493955e+00 1.194756091231372253e+01
-2.363834144756266298e+00 1.169695713905226953e+01
-2.362276381689038196e+00 8.308333006068226112e+00
-2.360718618621810538e+00 1.213810511022396632e+01
-2.359160855554582881e+00 1.573190819441345667e+01
-2.357603092487354779e+00 1.335309688258911009e+01
-2.356045329420127121e+00 1.389861816111130643e+01
-2.354487566352899464e+00 1.422990062844902859e+01
-2.352929803285671806e+00 1.360436169229452119e+01
-2.351372040218444148e+00 1.276453701027408805e+01
-2.349814277151216046e+00 1.112451268782216651e+01
-2.348256514083988389e+00 1.006231907367679668e+01
-2.346698751016760731e+00 1.086933917694555873e+01
-2.345140987949533073e+00 1.358341344426581188e+01
-2.343583224882305416e+00 1.338316874235453291e+01
-2.342025461815077314e+00 1.040082665741130441e+01
-2.340467698747849656e+00 1.010437593517417554e+01
-2.338909935680621999e+00 1.191798348716995193e+01
-2.337352172613393897e+00 1.180736655386206557e+01
-2.335794409546166239e+00 9.754969277742691958e+00
-2.334236646478938582e+00 9.940329766354208729e+00
-2.332678883411710924e+00 1.056573221736778301e+01
-2.331121120344483266e+00 1.387936205392426814e+01
-2.329563357277255164e+00 1.512992823759782368e+01
-2.328005594210027507e+00 1.168532055242395273e+01
-2.326447831142799849e+00 1.050094369670669536e+01
-2.324890068075572191e+00 1.403680015030814587e+01
-2.323332305008344534e+00 1.090868183697590688e+01
-2.321774541941116432e+00 9.919368551167025316e+00
-2.320216778873888774e+00 1.490725295229127845e+01
-2.318659015806661117e+00 1.200193273675735561e+01
-2.317101252739433015e+00 1.328123412103866663e+01
-2.315543489672205357e+00 1.288579022902908733e+01
-2.313985726604977700e+00 1.081741668384620070e+01
-2.312427963537750042e+00 1.274577371840846318e+01
-2.310870200470522384e+00 1.351208177323582937e+01
-2.309312437403294282e+00 1.297908141758291123e+01
-2.307754674336066625e+00 1.335967168860344501e+01
-2.306196911268838967e+00 1.224675308953749031e+01
-2.304639148201610865e+00 8.470301317785848383e+00
-2.303081385134383208e+00 1.087662563964707196e+01
-2.301523622067155550e+00 1.535552817243992507e+01
-2.299965858999927892e+00 1.123276911542415668e+01
-2.298408095932700235e+00 9.817179742808958665e+00
-2.296850332865472133e+00 1.170228995004480232e+01
-2.295292569798244475e+00 9.920738849246749425e+00
-2.293734806731016818e+00 1.194179129121300420e+01
-2.292177043663789160e+00 1.518910281424113506e+01
-2.290619280596561502e+00 1.519698982326490366e+01
-2.289061517529333400e+00 1.178098732851659847e+01
-2.287503754462105743e+00 9.727776795203432414e+00
-2.285945991394878085e+00 1.268820041528710441e+01
-2.284388228327649983e+00 1.417203731638833730e+01
-2.282830465260422326e+00 1.287116309000343861e+01
-2.281272702193194668e+00 1.118977488625987782e+01
-2.279714939125967010e+00 1.062078157847016691e+01
-2.278157176058739353e+00 1.131956609975242145e+01
-2.276599412991511251e+00 1.030179162362052381e+01
-2.275041649924283593e+00 1.368534399466904006e+01
-2.273483886857055936e+00 1.428218952838254729e+01
-2.271926123789828278e+00 1.179246700027319150e+01
-2.270368360722600620e+00 1.241474381275267369e+01
-2.268810597655372518e+00 1.318943621982504055e+01
-2.267252834588144861e+00 1.219262009433246341e+01
-2.265695071520917203e+00 1.240256542944052320e+01
-2.264137308453689101e+00 1.445465460269906721e+01
-2.262579545386461444e+00 1.502628042821912224e+01
-2.261021782319233786e+00 1.342665917970253808e+01
-2.259464019252006128e+00 1.049207389217572306e+01
-2.257906256184778471e+00 1.143986369754228249e+01
-2.256348493117550369e+00 1.479776312100558755e+01
-2.254790730050322711e+00 1.251706683803724118e+01
-2.253232966983095054e+00 1.331027995777507833e+01
-2.251675203915866952e+00 1.454412113490121250e+01
-2.250117440848639738e+00 1.366667004136787789e+01
-2.248559677781411636e+00 1.341541734976319411e+01
-2.247001914714183979e+00 1.268791158774966732e+01
-2.245444151646956321e+00 1.421629907187547204e+01
-2.243886388579728219e+00 1.467843839927634164e+01
-2.242328625512500562e+00 1.444999230988552164e+01
-2.240770862445272904e+00 1.639797490705034022e+01
-2.239213099378045246e+00 1.389554455151688828e+01
-2.237655336310817589e+00 1.396887570876176810e+01
-2.236097573243589487e+00 1.689760361003415312e+01
-2.234539810176361829e+00 1.273854434904206911e+01
-2.232982047109134172e+00 1.162193801729526754e+01
-2.231424284041906070e+00 1.329601847649500002e+01
-2.229866520974678412e+00 1.394508229756896078e+01
-2.228308757907450754e+00 1.384818295597924376e+01
-2.226750994840223097e+00 1.212767670343718152e+01
-2.225193231772995439e+00 1.158858938981702558e+01
-2.223635468705767337e+00 1.319925071767225333e+01
-2.222077705638539680e+00 1.384592493100065091e+01
-2.220519942571312022e+00 1.268345620320846123e+01
-2.218962179504084364e+00 1.204333370341973009e+01
-2.217404416436856707e+00 1.073314927357631632e+01
-2.215846653369628605e+00 1.228556765321718025e+01
-2.214288890302400947e+00 1.354075737965382054e+01
-2.212731127235173290e+00 1.183338845834218844e+01
-2.211173364167945188e+00 1.471638838693920270e+01
-2.209615601100717530e+00 1.281833155030606264e+01
-2.208057838033489872e+00 1.106272134658070883e+01
-2.206500074966262215e+00 1.378043388075471753e+01
-2.204942311899034557e+00 1.346643188450792827e+01
-2.203384548831806455e+00 1.290053816832809019e+01
-2.201826785764578798e+00 1.517354980080656901e+01
-2.200269022697351140e+00 1.439115773948593535e+01
-2.198711259630123482e+00 9.852843634982878740e+00
-2.197153496562895825e+00 1.129456958769876529e+01
-2.195595733495667723e+00 1.332774023564442345e+01
-2.194037970428440065e+00 1.168874013310342086e+01
-2.192480207361212408e+00 1.220330873454967957e+01
-2.190922444293984306e+00 1.191734522076703051e+01
-2.189364681226756648e+00 1.157332678718103836e+01
-2.187806918159528990e+00 1.088949622333914746e+01
-2.186249155092300889e+00 1.026236014915391159e+01
-2.184691392025073675e+00 1.144689649311509427e+01
-2.183133628957845573e+00 1.149321012568437261e+01
-2.181575865890617916e+00 1.219308352805044926e+01
-2.180018102823390258e+00 1.538429272360142086e+01
-2.178460339756162156e+00 1.276642744624311732e+01
-2.176902576688934943e+00 1.178496431864286365e+01
-2.175344813621706841e+00 1.280319709243981663e+01
-2.173787050554479183e+00 1.011947850040765040e+01
-2.172229287487251526e+00 1.375838382026116058e+01
-2.170671524420023424e+00 1.313761690103031832e+01
-2.169113761352795766e+00 1.180445852567491194e+01
-2.167555998285568108e+00 1.399665916164851076e+01
-2.165998235218340007e+00 1.511865537152119110e+01
-2.164440472151112793e+00 1.523000134864491173e+01
-2.162882709083884691e+00 1.242108823727039635e+01
-2.161324946016657034e+00 1.008540092605611171e+01
-2.159767182949429376e+00 1.248859106766969340e+01
-2.158209419882201274e+00 1.277684610988174185e+01
-2.156651656814974061e+00 1.126165284811616729e+01
-2.155093893747745959e+00 1.264742075985544467e+01
-2.153536130680518301e+00 1.375032656497909578e+01
-2.151978367613290644e+00 1.312835885589863949e+01
-2.150420604546062542e+00 1.255560298593891311e+01
-2.148862841478834884e+00 1.242980005186780801e+01
-2.147305078411607226e+00 1.360339218439860964e+01
-2.145747315344379125e+00 1.327157424629553617e+01
-2.144189552277151911e+00 1.164092577150693408e+01
-2.142631789209923809e+00 1.136251341851439811e+01
-2.141074026142696152e+00 1.419052192605225216e+01
-2.139516263075468494e+00 1.213929064143272463e+01
-2.137958500008240392e+00 1.138432294220262087e+01
-2.136400736941012735e+00 1.474906502806465980e+01
-2.134842973873785077e+00 1.056202872467114240e+01
-2.133285210806557419e+00 1.066623666456140995e+01
-2.131727447739329762e+00 1.179277770874810827e+01
-2.130169684672101660e+00 1.302200880823663809e+01
-2.128611921604874002e+00 1.396220659232021788e+01
-2.127054158537646344e+00 1.276759147005883932e+01
-2.125496395470418243e+00 1.149251525848457511e+01
-2.123938632403191029e+00 1.193331066189592526e+01
-2.122380869335962927e+00 1.285900990163407442e+01
-2.120823106268735270e+00 1.293916469900376143e+01
-2.119265343201507612e+00 1.436016428198032457e+01
-2.117707580134279510e+00 1.303168434518619101e+01
-2.116149817067051853e+00 1.353002944464382651e+01
-2.114592053999824195e+00 1.564272509742513684e+01
-2.113034290932596093e+00 1.535002398932989998e+01
-2.111476527865368880e+00 1.458281154516057221e+01
-2.109918764798140778e+00 1.123328426827193915e+01
-2.108361001730913120e+00 1.184044058363547691e+01
-2.106803238663685462e+00 1.531667965757216976e+01
-2.105245475596457361e+00 1.633472736832616334e+01
-2.103687712529230147e+00 1.505776300877706220e+01
-2.102129949462002045e+00 1.348322208708867898e+01
-2.100572186394774388e+00 1.458201284918879104e+01
-2.099014423327546730e+00 1.589426594188756425e+01
-2.097456660260318628e+00 1.447612368443352615e+01
-2.095898897193090971e+00 1.370915788843699445e+01
-2.094341134125863313e+00 1.313351534879044280e+01
-2.092783371058635211e+00 1.209999885980401579e+01
-2.091225607991407998e+00 1.395807289006236473e+01
-2.089667844924179896e+00 1.621116400398963719e+01
-2.088110081856952238e+00 1.580155643856524783e+01
-2.086552318789724580e+00 1.472823957173858211e+01
-2.084994555722496479e+00 1.325917264740257195e+01
-2.083436792655268821e+00 1.143866712309599265e+01
-2.081879029588041163e+00 1.025303204561967974e+01
-2.080321266520813506e+00 1.005581834776856098e+01
-2.078763503453585848e+00 1.214515739805598571e+01
-2.077205740386357746e+00 1.333473226843415915e+01
-2.075647977319130089e+00 1.235025074623558972e+01
-2.074090214251902431e+00 7.929525374243824309e+00
-2.072532451184674329e+00 9.517328423149118422e+00
-2.070974688117447116e+00 1.292679166419434544e+01
-2.069416925050219014e+00 1.276293875120294885e+01
-2.067859161982991356e+00 1.340066118158811115e+01
-2.066301398915763698e+00 1.379849283104391588e+01
-2.064743635848535597e+00 1.351440181060204537e+01
-2.063185872781307939e+00 1.302594030089817245e+01
-2.061628109714080281e+00 1.186175856856744915e+01
-2.060070346646852180e+00 1.184964362842771024e+01
-2.058512583579624966e+00 1.104773931633806505e+01
-2.056954820512396864e+00 1.191683162127718987e+01
-2.055397057445169207e+00 1.312277023332186232e+01
-2.053839294377941549e+00 1.597343000035003691e+01
-2.052281531310713447e+00 1.441440234657503972e+01
-2.050723768243486234e+00 1.178349414054750532e+01
-2.049166005176258132e+00 1.105927833436494367e+01
-2.047608242109030474e+00 1.220331421968474928e+01
-2.046050479041802816e+00 1.418355138173827257e+01
-2.044492715974574715e+00 1.427830125447949428e+01
-2.042934952907347057e+00 1.439824290490586556e+01
-2.041377189840119399e+00 1.543977033154603262e+01
-2.039819426772891298e+00 1.478960020327369840e+01
-2.038261663705664084e+00 1.055386639754064149e+01
-2.036703900638435982e+00 1.057489255508425785e+01
-2.035146137571208325e+00 1.357587350236646273e+01
-2.033588374503980667e+00 1.243530472708110679e+01
-2.032030611436752565e+00 9.524657801237676580e+00
-2.030472848369525352e+00 1.236016725388470405e+01
-2.028915085302297250e+00 1.633587212511584852e+01
-2.027357322235069592e+00 1.517463063411059387e+01
-2.025799559167841934e+00 1.236622001360533574e+01
-2.024241796100613833e+00 9.198384667875485476e+00
-2.022684033033386175e+00 1.075020803455378093e+01
-2.021126269966158517e+00 1.273013526742440149e+01
-2.019568506898930416e+00 1.433585411818893895e+01
-2.018010743831703202e+00 1.796393878172360559e+01
-2.016452980764475100e+00 1.524870597765628055e+01
-2.014895217697247443e+00 1.409924143325325829e+01
-2.013337454630019785e+00 1.330665346845420416e+01
-2.011779691562791683e+00 1.110700779388969117e+01
-2.010221928495564025e+00 1.169220877398795366e+01
-2.008664165428336368e+00 1.329324341836353796e+01
-2.007106402361108266e+00 1.459167547893692785e+01
-2.005548639293881052e+00 1.361373763322752062e+01
-2.003990876226652951e+00 1.530477136860253040e+01
-2.002433113159425293e+00 1.846231198337500956e+01
-2.000875350092197635e+00 1.425480224275802321e+01
-1.999317587024969756e+00 1.366291982165529717e+01
-1.997759823957742098e+00 1.613082309358517819e+01
-1.996202060890514218e+00 1.451006108589935195e+01
-1.994644297823286561e+00 1.340347168010576517e+01
-1.993086534756058681e+00 1.208349404557167261e+01
-1.991528771688831023e+00 1.162236916191792879e+01
-1.989971008621603143e+00 1.239643748065069850e+01
-1.988413245554375486e+00 1.165722464746252740e+01
-1.986855482487147606e+00 1.112846101036021906e+01
-1.985297719419919948e+00 1.215236262570399184e+01
-1.983739956352692069e+00 1.543666974225151378e+01
-1.982182193285464411e+00 1.619358752028524862e+01
-1.980624430218236531e+00 1.259652305842625530e+01
-1.979066667151008874e+00 1.138064605133223317e+01
-1.977508904083781216e+00 1.457706558929731422e+01
-1.975951141016553336e+00 1.482144244269131406e+01
-1.974393377949325679e+00 1.401321801654809818e+01
-1.972835614882097799e+00 1.475247375655248661e+01
-1.971277851814870141e+00 1.295738367358296728e+01
-1.969720088747642261e+00 1.099836329303525773e+01
-1.968162325680414604e+00 1.207647263104759361e+01
-1.966604562613186724e+00 1.280536522694567481e+01
-1.965046799545959066e+00 1.121972812769758931e+01
-1.963489036478731187e+00 1.110356297839703288e+01
-1.961931273411503529e+00 1.093885208157788291e+01
-1.960373510344275649e+00 1.151039468408278310e+01
-1.958815747277047992e+00 1.349735674903349647e+01
-1.957257984209820112e+00 1.134612032824062489e+01
-1.955700221142592454e+00 1.110930390221915687e+01
-1.954142458075364797e+00 1.305362175488841103e+01
-1.952584695008136917e+00 1.333237812290406055e+01
-1.951026931940909259e+00 1.331881292809163497e+01
-1.949469168873681379e+00 1.186671386491572555e+01
-1.947911405806453722e+00 1.317433103843269926e+01
-1.946353642739225842e+00 1.506899706294617225e+01
-1.944795879671998184e+00 1.395261787778721008e+01
-1.943238116604770305e+00 1.278888732508483628e+01
-1.941680353537542647e+00 1.254543785332862882e+01
-1.940122590470314767e+00 1.312866964813267678e+01
-1.938564827403087110e+00 1.364297747072722089e+01
-1.937007064335859230e+00 1.263109101551802382e+01
-1.935449301268631572e+00 1.516368193818293975e+01
-1.933891538201403693e+00 1.600305744037552458e+01
-1.932333775134176035e+00 1.116683402867974984e+01
-1.930776012066948155e+00 1.443180665149133013e+01
-1.929218248999720497e+00 1.672120240289349624e+01
-1.927660485932492840e+00 1.167103224453027721e+01
-1.926102722865264960e+00 1.139935874133633043e+01
-1.924544959798037302e+00 1.182497603460033453e+01
-1.922987196730809423e+00 1.252583074649435879e+01
-1.921429433663581765e+00 1.417712962525425979e+01
-1.919871670596353885e+00 1.506179464816634628e+01
-1.918313907529126228e+00 1.546921819478047766e+01
-1.916756144461898348e+00 1.269559470340804275e+01
-1.915198381394670690e+00 1.257130760952147241e+01
-1.913640618327442811e+00 1.484699925927838393e+01
-1.912082855260215153e+00 1.220699572038852132e+01
-1.910525092192987273e+00 1.318781033551252513e+01
-1.908967329125759615e+00 1.348126465640940452e+01
-1.907409566058531736e+00 9.926908729379894325e+00
-1.905851802991304078e+00 1.190499690473853533e+01
-1.904294039924076198e+00 1.579906423871629251e+01
-1.902736276856848541e+00 1.547185198528188899e+01
-1.901178513789620883e+00 1.478695157887998768e+01
-1.899620750722393003e+00 1.682631520140056125e+01
-1.898062987655165346e+00 1.524571955924123046e+01
-1.896505224587937466e+00 1.326170657418328247e+01
-1.894947461520709808e+00 1.389699526228556081e+01
-1.893389698453481929e+00 1.169108396030470054e+01
-1.891831935386254271e+00 1.159307205034758148e+01
-1.890274172319026391e+00 8.850432328300415818e+00
-1.888716409251798733e+00 1.060633937485502543e+01
-1.887158646184570854e+00 1.097385069412065128e+01
-1.885600883117343196e+00 9.861793305926461528e+00
-1.884043120050115316e+00 1.043448237544493296e+01
-1.882485356982887659e+00 1.209998804506177095e+01
-1.880927593915659779e+00 1.502381932467450198e+01
-1.879369830848432121e+00 1.368634905625294529e+01
-1.877812067781204242e+00 1.171272411678791769e+01
-1.876254304713976584e+00 1.205672885208370460e+01
-1.874696541646748926e+00 1.072034277014008197e+01
-1.873138778579521047e+00 1.443049986190963629e+01
-1.871581015512293389e+00 1.695590235663174639e+01
-1.870023252445065509e+00 1.716548757305466921e+01
-1.868465489377837851e+00 1.788359368275581573e+01
-1.866907726310609972e+00 1.445378097313280463e+01
-1.865349963243382314e+00 1.163333198097929611e+01
-1.863792200176154434e+00 1.314877051261710861e+01
-1.862234437108926777e+00 1.439713392312793161e+01
-1.860676674041698897e+00 1.291568179242170444e+01
-1.859118910974471239e+00 1.497679652311545695e+01
-1.857561147907243360e+00 1.803758387581546430e+01
-1.856003384840015702e+00 1.547064856585659598e+01
-1.854445621772787822e+00 1.560893851645602659e+01
-1.852887858705560165e+00 1.731971874356283436e+01
-1.851330095638332507e+00 1.552167847401583067e+01
-1.849772332571104627e+00 1.572156390137562809e+01
-1.848214569503876969e+00 1.475603258680725816e+01
-1.846656806436649090e+00 1.177805891531815519e+01
-1.845099043369421432e+00 1.248165708884797098e+01
-1.843541280302193552e+00 1.339394900481527273e+01
-1.841983517234965895e+00 1.282896664212164595e+01
-1.840425754167738015e+00 1.340622882643704905e+01
-1.838867991100510357e+00 1.339087258446487283e+01
-1.837310228033282478e+00 1.295990728584928320e+01
-1.835752464966054820e+00 1.253317396347360457e+01
-1.834194701898826940e+00 1.359464803991353854e+01
-1.832636938831599283e+00 1.424478277675101978e+01
-1.831079175764371403e+00 1.165431704695075332e+01
-1.829521412697143745e+00 1.064869183033102829e+01
-1.827963649629915865e+00 1.294387524506739595e+01
-1.826405886562688208e+00 1.445596288945819197e+01
-1.824848123495460550e+00 1.569823502224151746e+01
-1.823290360428232670e+00 1.554811207939385120e+01
-1.821732597361005013e+00 1.236955583042086104e+01
-1.820174834293777133e+00 1.332363965253546034e+01
-1.818617071226549475e+00 1.382777786938308040e+01
-1.817059308159321596e+00 1.310556937361319463e+01
-1.815501545092093938e+00 1.379622065519875562e+01
-1.813943782024866058e+00 1.287802152487125262e+01
-1.812386018957638401e+00 1.102212633377754969e+01
-1.810828255890410521e+00 9.970608364540204605e+00
-1.809270492823182863e+00 1.124674326662567125e+01
-1.807712729755954983e+00 1.358657537769378720e+01
-1.806154966688727326e+00 1.312775813164952865e+01
-1.804597203621499446e+00 1.151355401236525466e+01
-1.803039440554271788e+00 1.105066621389229553e+01
-1.801481677487043909e+00 1.005166157247329117e+01
-1.799923914419816251e+00 9.906181552959131054e+00
-1.798366151352588593e+00 1.101073708104271276e+01
-1.796808388285360714e+00 1.239655744887131306e+01
-1.795250625218133056e+00 1.321558272409002655e+01
-1.793692862150905176e+00 1.504189332350679997e+01
-1.792135099083677519e+00 1.752601326867306142e+01
-1.790577336016449639e+00 1.512639279323345320e+01
-1.789019572949221981e+00 1.108870270556012017e+01
-1.787461809881994101e+00 1.113844274041814941e+01
-1.785904046814766444e+00 1.063359660434693943e+01
-1.784346283747538564e+00 9.668135199902049948e+00
-1.782788520680310906e+00 1.261804574475786289e+01
-1.781230757613083027e+00 1.366104670355287354e+01
-1.779672994545855369e+00 1.313427346584023248e+01
-1.778115231478627489e+00 1.058972442625128707e+01
-1.776557468411399832e+00 1.266540753427507404e+01
-1.774999705344171952e+00 1.589579395842615206e+01
-1.773441942276944294e+00 1.121323211388161312e+01
-1.771884179209716637e+00 1.401153122755522773e+01
-1.770326416142488757e+00 1.461329958608228097e+01
-1.768768653075261099e+00 1.268769097861281203e+01
-1.767210890008033219e+00 1.475931916439323111e+01
-1.765653126940805562e+00 1.587572311639333833e+01
-1.764095363873577682e+00 1.371449305356946091e+01
-1.762537600806350024e+00 1.024260147401385979e+01
-1.760979837739122145e+00 9.985845996031558869e+00
-1.759422074671894487e+00 1.138979674995564118e+01
-1.757864311604666607e+00 1.265586287075264593e+01
-1.756306548537438950e+00 1.411702925848936196e+01
-1.754748785470211070e+00 1.439863334806204875e+01
-1.753191022402983412e+00 1.583163752245638811e+01
-1.751633259335755533e+00 1.415515901330230975e+01
-1.750075496268527875e+00 1.170177279268176207e+01
-1.748517733201300217e+00 1.275170104872486476e+01
-1.746959970134072337e+00 1.426774055329271462e+01
-1.745402207066844680e+00 1.409540391550369343e+01
-1.743844443999616800e+00 1.217549750035339606e+01
-1.742286680932389142e+00 1.377606819666062776e+01
-1.740728917865161263e+00 1.671933901115077603e+01
-1.739171154797933605e+00 1.456100257298207445e+01
-1.737613391730705725e+00 1.315766197713646335e+01
-1.736055628663478068e+00 1.295487116196851218e+01
-1.734497865596250188e+00 1.379770114940896697e+01
-1.732940102529022530e+00 1.335615894066330611e+01
-1.731382339461794651e+00 1.372079710796125163e+01
-1.729824576394566993e+00 1.387349047792994838e+01
-1.728266813327339113e+00 1.259134688862353002e+01
-1.726709050260111455e+00 1.220528145495929095e+01
-1.725151287192883576e+00 1.319337349587335062e+01
-1.723593524125655918e+00 1.336367055084130051e+01
-1.722035761058428260e+00 1.024177100578800470e+01
-1.720477997991200381e+00 1.149095627166070699e+01
-1.718920234923972723e+00 1.386215899815822894e+01
-1.717362471856744843e+00 1.471323463107675522e+01
-1.715804708789517186e+00 1.272039028088456725e+01
-1.714246945722289306e+00 1.097868111872170083e+01
-1.712689182655061648e+00 1.329807710019268185e+01
-1.711131419587833769e+00 1.656199729144364952e+01
-1.709573656520606111e+00 1.512067466145047234e+01
-1.708015893453378231e+00 9.992896908568406289e+00
-1.706458130386150573e+00 1.085114219538044544e+01
-1.704900367318922694e+00 1.493603827835152487e+01
-1.703342604251695036e+00 1.211026060071008814e+01
-1.701784841184467156e+00 1.326557252109203588e+01
-1.700227078117239499e+00 1.416064375658243080e+01
-1.698669315050011619e+00 1.223641750402404149e+01
-1.697111551982783961e+00 1.168213550063907924e+01
-1.695553788915556304e+00 1.133724511488557596e+01
-1.693996025848328424e+00 1.349509090672540346e+01
-1.692438262781100766e+00 1.332578927265987367e+01
-1.690880499713872887e+00 1.214203471269961732e+01
-1.689322736646645229e+00 1.421472067535776951e+01
-1.687764973579417349e+00 1.525567364867193021e+01
-1.686207210512189691e+00 1.534485478448853435e+01
-1.684649447444961812e+00 1.490567492900536273e+01
-1.683091684377734154e+00 1.133983241354856730e+01
-1.681533921310506274e+00 1.034529641246199461e+01
-1.679976158243278617e+00 1.283689010107934614e+01
-1.678418395176050737e+00 1.287727485698859731e+01
-1.676860632108823079e+00 1.145573077484542779e+01
-1.675302869041595200e+00 1.272187240220730153e+01
-1.673745105974367542e+00 1.390815358904290022e+01
-1.672187342907139662e+00 1.188336483418563283e+01
-1.670629579839912005e+00 1.023515443045067030e+01
-1.669071816772684347e+00 1.061929984072860655e+01
-1.667514053705456467e+00 1.221857112456796735e+01
-1.665956290638228809e+00 1.397955724947255973e+01
-1.664398527571000930e+00 1.449629597848307760e+01
-1.662840764503773272e+00 1.309885070369363902e+01
-1.661283001436545392e+00 9.108896344649712873e+00
-1.659725238369317735e+00 1.061823176223961340e+01
-1.658167475302089855e+00 1.190633228356532314e+01
-1.656609712234862197e+00 9.471610564568072377e+00
-1.655051949167634318e+00 1.138518765676448474e+01
-1.653494186100406660e+00 1.270004100487839516e+01
-1.651936423033178780e+00 1.264130277081822484e+01
-1.650378659965951123e+00 1.185656308028273642e+01
-1.648820896898723243e+00 1.296598300870334874e+01
-1.647263133831495585e+00 1.547271750327909601e+01
-1.645705370764267927e+00 1.145238823820420748e+01
-1.644147607697040048e+00 1.047390750132289305e+01
-1.642589844629812390e+00 1.070887080279984360e+01
-1.641032081562584510e+00 8.866836037349333566e+00
-1.639474318495356853e+00 8.838720533255774114e+00
-1.637916555428128973e+00 9.081257686278792818e+00
-1.636358792360901315e+00 9.763648107327567160e+00
-1.634801029293673436e+00 1.176377665532498540e+01
-1.633243266226445778e+00 1.354040331842041311e+01
-1.631685503159217898e+00 1.319029187504902900e+01
-1.630127740091990241e+00 1.329510026963958680e+01
-1.628569977024762361e+00 1.267136123468856290e+01
-1.627012213957534703e+00 1.197863534667899188e+01
-1.625454450890306823e+00 1.344468801014582482e+01
-1.623896687823079166e+00 1.613307170155253445e+01
-1.622338924755851286e+00 1.697752003109389207e+01
-1.620781161688623628e+00 1.583820375835164818e+01
-1.619223398621395971e+00 1.351061265469936679e+01
-1.617665635554168091e+00 1.360246877918923225e+01
-1.616107872486940433e+00 1.588485248021315321e+01
-1.614550109419712554e+00 1.433846463572996832e+01
-1.612992346352484896e+00 1.572334544725933725e+01
-1.611434583285257016e+00 1.300796800510080153e+01
-1.609876820218029359e+00 1.053672727546595311e+01
-1.608319057150801479e+00 1.024597885289797894e+01
-1.606761294083573821e+00 1.092448252500237338e+01
-1.605203531016345941e+00 1.281971165275775526e+01
-1.603645767949118284e+00 1.418169168139594483e+01
-1.602088004881890404e+00 1.442702539071253831e+01
-1.600530241814662746e+00 1.449720680955379137e+01
-1.598972478747434867e+00 1.554975901678654715e+01
-1.597414715680207209e+00 1.204374757111841454e+01
-1.595856952612979329e+00 1.284643216899131524e+01
-1.594299189545751672e+00 1.315657962153478522e+01
-1.592741426478524014e+00 1.250741649003103184e+01
-1.591183663411296134e+00 1.215166611916777484e+01
-1.589625900344068476e+00 1.231910183863380759e+01
-1.588068137276840597e+00 1.409197973994429631e+01
-1.586510374209612939e+00 1.299839742770137896e+01
-1.584952611142385059e+00 1.253279999313424220e+01
-1.583394848075157402e+00 1.387188923867356927e+01
-1.581837085007929522e+00 1.678514947939595814e+01
-1.580279321940701864e+00 1.532272881352339944e+01
-1.578721558873473985e+00 1.529806779800542316e+01
-1.577163795806246327e+00 1.465558683520266392e+01
-1.575606032739018447e+00 1.401498728806174121e+01
-1.574048269671790790e+00 1.517961286605149418e+01
-1.572490506604562910e+00 1.327358895211232159e+01
-1.570932743537335252e+00 1.058683174370290025e+01
-1.569374980470107372e+00 1.337203284242112389e+01
-1.567817217402879715e+00 1.727764171698141382e+01
-1.566259454335652057e+00 1.706891860528766003e+01
-1.564701691268424177e+00 1.515352211688724360e+01
-1.563143928201196520e+00 1.200515132061770274e+01
-1.561586165133968640e+00 1.027556070667518284e+01
-1.560028402066740982e+00 1.226614368487476447e+01
-1.558470638999513103e+00 1.342916894143694684e+01
-1.556912875932285445e+00 1.107641648341942187e+01
-1.555355112865057565e+00 1.293025766987089042e+01
-1.553797349797829908e+00 1.792389819921363170e+01
-1.552239586730602028e+00 1.593045873861946049e+01
-1.550681823663374370e+00 1.064779233033809724e+01
-1.549124060596146490e+00 1.078785231541590406e+01
-1.547566297528918833e+00 1.088155750759537810e+01
-1.546008534461690953e+00 1.191624498346301131e+01
-1.544450771394463295e+00 1.566014561901815050e+01
-1.542893008327235416e+00 1.391626160639915710e+01
-1.541335245260007758e+00 1.087894153227403038e+01
-1.539777482192780100e+00 1.134481961800103811e+01
-1.538219719125552221e+00 9.656529608834450329e+00
-1.536661956058324563e+00 1.036974470292993722e+01
-1.535104192991096683e+00 1.140242343776930056e+01
-1.533546429923869026e+00 1.087678061363501136e+01
-1.531988666856641146e+00 1.070216381611950140e+01
-1.530430903789413488e+00 1.120763043679886195e+01
-1.528873140722185608e+00 1.402459806590391089e+01
-1.527315377654957951e+00 1.427911841760034939e+01
-1.525757614587730071e+00 1.077795136361946149e+01
-1.524199851520502413e+00 1.172879955498038740e+01
-1.522642088453274534e+00 1.615921728080027364e+01
-1.521084325386046876e+00 1.866343497839526222e+01
-1.519526562318818996e+00 1.632930397857592197e+01
-1.517968799251591339e+00 1.499851992833851533e+01
-1.516411036184363681e+00 1.596068345413065259e+01
-1.514853273117135801e+00 1.532269412832003042e+01
-1.513295510049908144e+00 1.522209659216590616e+01
-1.511737746982680264e+00 1.405154008490887918e+01
-1.510179983915452606e+00 1.266212958733814986e+01
-1.508622220848224726e+00 1.523375353119565645e+01
-1.507064457780997069e+00 1.474314443696628096e+01
-1.505506694713769189e+00 1.342452307017787305e+01
-1.503948931646541531e+00 1.329580433833727326e+01
-1.502391168579313652e+00 1.392561476449783697e+01
-1.500833405512085994e+00 1.486939106542401845e+01
-1.499275642444858114e+00 1.583394362925413645e+01
-1.497717879377630457e+00 1.912079884335389224e+01
-1.496160116310402577e+00 1.566935423005552863e+01
-1.494602353243174919e+00 1.589430607994710343e+01
-1.493044590175947040e+00 1.368170094928526481e+01
-1.491486827108719382e+00 1.082150751817169976e+01
-1.489929064041491724e+00 1.320811851555741079e+01
-1.488371300974263844e+00 1.252170034146003452e+01
-1.486813537907036187e+00 1.068319098108248433e+01
-1.485255774839808307e+00 1.045658931240842371e+01
-1.483698011772580649e+00 9.803304568080378090e+00
-1.482140248705352770e+00 1.071224258469593416e+01
-1.480582485638125112e+00 1.197667128518315316e+01
-1.479024722570897232e+00 1.184335390232838847e+01
-1.477466959503669575e+00 1.239505010839932453e+01
-1.475909196436441695e+00 1.488475796180342670e+01
-1.474351433369214037e+00 1.338126048064085261e+01
-1.472793670301986158e+00 1.118952529525780015e+01
-1.471235907234758500e+00 1.560170329978858561e+01
-1.469678144167530620e+00 1.595638059663239794e+01
-1.468120381100302962e+00 1.558240276839326555e+01
-1.466562618033075083e+00 1.516026655896022923e+01
-1.465004854965847425e+00 1.470447350976009027e+01
-1.463447091898619767e+00 1.558899518088760416e+01
-1.461889328831391888e+00 1.443874924269421101e+01
-1.460331565764164230e+00 1.140078097428673765e+01
-1.458773802696936350e+00 1.084332874154740445e+01
-1.457216039629708693e+00 1.253333377111403024e+01
-1.455658276562480813e+00 1.329825585433330026e+01
-1.454100513495253155e+00 1.289434415629688502e+01
-1.452542750428025276e+00 1.313921434501979135e+01
-1.450984987360797618e+00 1.420601479466630046e+01
-1.449427224293569738e+00 1.474551923433635281e+01
-1.447869461226342080e+00 1.202582160210953255e+01
-1.446311698159114201e+00 9.804101239261681755e+00
-1.444753935091886543e+00 1.239766176157689870e+01
-1.443196172024658663e+00 1.423059696427380771e+01
-1.441638408957431006e+00 1.489171119403675547e+01
-1.440080645890203126e+00 1.346551206623549923e+01
-1.438522882822975468e+00 1.190290080977291787e+01
-1.436965119755747811e+00 1.110100000416993993e+01
-1.435407356688519931e+00 1.205398857083702957e+01
-1.433849593621292273e+00 1.580766187594514705e+01
-1.432291830554064394e+00 1.590170691281584148e+01
-1.430734067486836736e+00 1.147971752910059884e+01
-1.429176304419608856e+00 1.068851957172901557e+01
-1.427618541352381198e+00 1.217592160200502782e+01
-1.426060778285153319e+00 1.378870796869216697e+01
-1.424503015217925661e+00 1.425619376082060619e+01
-1.422945252150697781e+00 1.307412484087371674e+01
-1.421387489083470124e+00 1.182732619804469998e+01
-1.419829726016242244e+00 1.297899705704331019e+01
-1.418271962949014586e+00 1.407410689084254152e+01
-1.416714199881786707e+00 1.194311629198040237e+01
-1.415156436814559049e+00 1.357875718655902730e+01
-1.413598673747331391e+00 1.444515703176960919e+01
-1.412040910680103512e+00 1.197002073514172515e+01
-1.410483147612875854e+00 1.332895670486826845e+01
-1.408925384545647974e+00 1.540053829651773931e+01
-1.407367621478420316e+00 1.502291564840428428e+01
-1.405809858411192437e+00 1.640596568739815808e+01
-1.404252095343964779e+00 1.408262899670876500e+01
-1.402694332276736899e+00 1.436147110555540074e+01
-1.401136569209509242e+00 1.703515208575276674e+01
-1.399578806142281362e+00 1.516683076549553100e+01
-1.398021043075053704e+00 1.364391741969946814e+01
-1.396463280007825825e+00 1.331423165923482088e+01
-1.394905516940598167e+00 1.094099050202268764e+01
-1.393347753873370287e+00 1.137958318460684204e+01
-1.391789990806142630e+00 1.128487976173262908e+01
-1.390232227738914750e+00 7.454756789823422380e+00
-1.388674464671687092e+00 1.571768100787069855e+01
-1.387116701604459434e+00 1.880026608715654746e+01
-1.385558938537231555e+00 1.460291996474334120e+01
-1.384001175470003897e+00 1.095440211520505791e+01
-1.382443412402776017e+00 1.285682566861437870e+01
-1.380885649335548360e+00 1.847585212687175726e+01
-1.379327886268320480e+00 1.499505224524111568e+01
-1.377770123201092822e+00 1.525871897967063262e+01
-1.376212360133864943e+00 1.708333263841415572e+01
-1.374654597066637285e+00 1.516254586127510429e+01
-1.373096833999409405e+00 1.194329033263748840e+01
-1.371539070932181748e+00 1.071993101353977984e+01
-1.369981307864953868e+00 1.458273906966670275e+01
-1.368423544797726210e+00 1.600629820142006920e+01
-1.366865781730498330e+00 1.550647636556717757e+01
-1.365308018663270673e+00 1.495758709060363678e+01
-1.363750255596042793e+00 1.015550284599394537e+01
-1.362192492528815135e+00 8.779849206420669461e+00
-1.360634729461587478e+00 1.235111649261790845e+01
-1.359076966394359598e+00 1.420056287044028132e+01
-1.357519203327131940e+00 1.656378890519042457e+01
-1.355961440259904061e+00 1.883143524343172714e+01
-1.354403677192676403e+00 1.867350712993663109e+01
-1.352845914125448523e+00 1.752267634958385045e+01
-1.351288151058220866e+00 1.728713779455674526e+01
-1.349730387990992986e+00 1.092680381664749056e+01
-1.348172624923765328e+00 7.593334739450874338e+00
-1.346614861856537448e+00 1.187130665296722931e+01
-1.345057098789309791e+00 1.363260171002356813e+01
-1.343499335722081911e+00 1.176869140987556150e+01
-1.341941572654854253e+00 1.214176924362316079e+01
-1.340383809587626374e+00 1.172801989731027206e+01
-1.338826046520398716e+00 1.406787960434920493e+01
-1.337268283453170836e+00 1.438061618451430590e+01
-1.335710520385943179e+00 1.366422921090796727e+01
-1.334152757318715521e+00 1.342611162454841711e+01
-1.332594994251487641e+00 1.133432225239302582e+01
-1.331037231184259984e+00 1.315154878153387763e+01
-1.329479468117032104e+00 1.489430946643070186e+01
-1.327921705049804446e+00 1.274967253311065463e+01
-1.326363941982576566e+00 1.290687996956602746e+01
-1.324806178915348909e+00 1.384618415452094276e+01
-1.323248415848121029e+00 1.643400422620732115e+01
-1.321690652780893371e+00 1.357674569724412095e+01
-1.320132889713665492e+00 1.249785078266556759e+01
-1.318575126646437834e+00 1.326662504072331039e+01
-1.317017363579209954e+00 1.081585663796780139e+01
-1.315459600511982297e+00 1.488692078830749210e+01
-1.313901837444754417e+00 1.751524835096644495e+01
-1.312344074377526759e+00 1.112381994541753194e+01
-1.310786311310299102e+00 9.215875346191474193e+00
-1.309228548243071222e+00 1.298029899227612560e+01
-1.307670785175843564e+00 1.475682738144873341e+01
-1.306113022108615684e+00 1.508267769142253911e+01
-1.304555259041388027e+00 1.486253517553085324e+01
-1.302997495974160147e+00 1.429304498338506946e+01
-1.301439732906932489e+00 1.686416396726732003e+01
-1.299881969839704610e+00 1.836562707561026997e+01
-1.298324206772476952e+00 1.612596366439568030e+01
-1.296766443705249072e+00 1.289763048610252305e+01
-1.295208680638021415e+00 1.172519858248327118e+01
-1.293650917570793535e+00 1.232419870178723897e+01
-1.292093154503565877e+00 1.349294715315521920e+01
-1.290535391436337997e+00 1.444202695513143020e+01
-1.288977628369110340e+00 1.560186510896952150e+01
-1.287419865301882460e+00 1.609553482847763206e+01
-1.285862102234654802e+00 1.267082205579102627e+01
-1.284304339167427145e+00 1.121708520225683792e+01
-1.282746576100199265e+00 1.171612263323761205e+01
-1.281188813032971607e+00 1.356634483429739468e+01
-1.279631049965743728e+00 1.448262708527238729e+01
-1.278073286898516070e+00 1.384233131159216157e+01
-1.276515523831288190e+00 1.189493519277556111e+01
-1.274957760764060533e+00 1.333941954130210306e+01
-1.273399997696832653e+00 1.605308884232115574e+01
-1.271842234629604995e+00 1.485156435076133796e+01
-1.270284471562377115e+00 1.572055846717866601e+01
-1.268726708495149458e+00 1.168050391113916930e+01
-1.267168945427921578e+00 1.170795338577541855e+01
-1.265611182360693920e+00 1.454901819848589639e+01
-1.264053419293466041e+00 1.135526573881662671e+01
-1.262495656226238383e+00 1.253634220759892592e+01
-1.260937893159010503e+00 1.520335814925949869e+01
-1.259380130091782846e+00 1.425062705874984204e+01
-1.257822367024555188e+00 1.172810951974924798e+01
-1.256264603957327308e+00 1.036712800123229350e+01
-1.254706840890099651e+00 1.347216891812806239e+01
-1.253149077822871771e+00 1.319122638083660704e+01
-1.251591314755644113e+00 1.410706415700754945e+01
-1.250033551688416233e+00 1.936884006704519479e+01
-1.248475788621188576e+00 1.679014302113516877e+01
-1.246918025553960696e+00 1.155596204727755172e+01
-1.245360262486733038e+00 1.214089420315760393e+01
-1.243802499419505159e+00 1.391272847391415546e+01
-1.242244736352277501e+00 1.291747639074391962e+01
-1.240686973285049621e+00 1.563817529956676289e+01
-1.239129210217821964e+00 1.821487999833099991e+01
-1.237571447150594084e+00 1.281916673172907650e+01
-1.236013684083366426e+00 1.388504859000815905e+01
-1.234455921016138547e+00 1.517365933118727561e+01
-1.232898157948910889e+00 1.250071646490238919e+01
-1.231340394881683231e+00 1.414519504045892795e+01
-1.229782631814455351e+00 1.507649192808790062e+01
-1.228224868747227694e+00 1.371465993685444218e+01
-1.226667105679999814e+00 1.482836377183937593e+01
-1.225109342612772156e+00 1.516326302675905957e+01
-1.223551579545544277e+00 1.480811841216621971e+01
-1.221993816478316619e+00 1.526276360467942617e+01
-1.220436053411088739e+00 1.562969354360506635e+01
-1.218878290343861082e+00 1.243185079862118769e+01
-1.217320527276633202e+00 1.222544727010451382e+01
-1.215762764209405544e+00 1.414484446991278155e+01
-1.214205001142177665e+00 1.340424944615563518e+01
-1.212647238074950007e+00 1.339449880864410680e+01
-1.211089475007722127e+00 1.447788636334049173e+01
-1.209531711940494469e+00 1.409836751044217529e+01
-1.207973948873266812e+00 1.280015261342034805e+01
-1.206416185806038932e+00 1.234043784467637117e+01
-1.204858422738811274e+00 1.248124654138069722e+01
-1.203300659671583395e+00 1.420488136306141236e+01
-1.201742896604355737e+00 1.736174180167775916e+01
-1.200185133537127857e+00 1.447741261837799343e+01
-1.198627370469900200e+00 1.262473866201040629e+01
-1.197069607402672320e+00 1.624385069281929361e+01
-1.195511844335444662e+00 1.736509583629328191e+01
-1.193954081268216783e+00 1.475068315020676124e+01
-1.192396318200989125e+00 1.277501744145361329e+01
-1.190838555133761245e+00 1.181410591104184604e+01
-1.189280792066533365e+00 1.217729944801629749e+01
-1.187723028999305708e+00 1.226785494363152829e+01
-1.186165265932078050e+00 1.217497482963491073e+01
-1.184607502864850392e+00 1.362238142166953914e+01
-1.183049739797622291e+00 1.403558705377793459e+01
-1.181491976730394633e+00 1.292303356023310812e+01
-1.179934213663166975e+00 1.373253229140527942e+01
-1.178376450595939318e+00 1.774216512610918883e+01
-1.176818687528711660e+00 1.830566354862157752e+01
-1.175260924461483558e+00 1.308903392277164279e+01
-1.173703161394255901e+00 1.391812027371204863e+01
-1.172145398327028243e+00 1.190674957070695683e+01
-1.170587635259800585e+00 1.192049378114210256e+01
-1.169029872192572483e+00 1.414205396428496897e+01
-1.167472109125344826e+00 1.036546988129185998e+01
-1.165914346058117168e+00 1.091585768885521013e+01
-1.164356582990889510e+00 1.710635309040711860e+01
-1.162798819923661409e+00 1.586490917001742140e+01
-1.161241056856433751e+00 1.159397604822004801e+01
-1.159683293789206093e+00 1.279127937045972629e+01
-1.158125530721978436e+00 1.483026212176905112e+01
-1.156567767654750778e+00 1.131027653765183949e+01
-1.155010004587522676e+00 1.523180235362253221e+01
-1.153452241520295019e+00 1.491459992036684667e+01
-1.151894478453067361e+00 1.446608652611566548e+01
-1.150336715385839703e+00 1.696553240853497257e+01
-1.148778952318611601e+00 1.263211955145608023e+01
-1.147221189251383944e+00 9.434181321725297664e+00
-1.145663426184156286e+00 1.290502711443074979e+01
-1.144105663116928628e+00 1.538746000110656098e+01
-1.142547900049700527e+00 1.521599967891589067e+01
-1.140990136982472869e+00 1.406305807800129593e+01
-1.139432373915245211e+00 1.273398100041599257e+01
-1.137874610848017554e+00 1.279697435955318063e+01
-1.136316847780789452e+00 1.762483013621440975e+01
-1.134759084713561794e+00 1.481955555272421066e+01
-1.133201321646334137e+00 1.019541155098461083e+01
-1.131643558579106479e+00 1.266283962976054234e+01
-1.130085795511878821e+00 1.496768431014441170e+01
-1.128528032444650719e+00 1.441637673996829072e+01
-1.126970269377423062e+00 1.398465553520503413e+01
-1.125412506310195404e+00 1.266546896507153086e+01
-1.123854743242967746e+00 1.349312625204239957e+01
-1.122296980175739645e+00 1.240020361538815230e+01
-1.120739217108511987e+00 1.723808922116841558e+01
-1.119181454041284329e+00 1.644859896429406021e+01
-1.117623690974056672e+00 1.536639698425266687e+01
-1.116065927906828570e+00 1.651139480275846338e+01
-1.114508164839600912e+00 1.387222408735916623e+01
-1.112950401772373255e+00 1.389482784741130672e+01
-1.111392638705145597e+00 1.536794915535606876e+01
-1.109834875637917495e+00 1.428221795364555469e+01
-1.108277112570689837e+00 1.269010520059469016e+01
-1.106719349503462180e+00 1.096326367202803453e+01
-1.105161586436234522e+00 1.270964837050972029e+01
-1.103603823369006864e+00 1.427640212778458739e+01
-1.102046060301778763e+00 1.452241761524968666e+01
-1.100488297234551105e+00 1.433959913113565854e+01
-1.098930534167323447e+00 1.403665339478090957e+01
-1.097372771100095790e+00 1.264686642002472183e+01
-1.095815008032867688e+00 1.132549235267568299e+01
-1.094257244965640030e+00 1.109698426687747386e+01
-1.092699481898412373e+00 1.061097672110274104e+01
-1.091141718831184715e+00 1.274502234476373275e+01
-1.089583955763956613e+00 1.624539116947385153e+01
-1.088026192696728955e+00 1.520759372112246233e+01
-1.086468429629501298e+00 1.558928038146131634e+01
-1.084910666562273640e+00 1.470983612587586897e+01
-1.083352903495045538e+00 1.240991538445739728e+01
-1.081795140427817881e+00 1.381422779102624787e+01
-1.080237377360590223e+00 1.597690597717008387e+01
-1.078679614293362565e+00 1.677260855576144394e+01
-1.077121851226134908e+00 1.710692030040680933e+01
-1.075564088158906806e+00 1.678980815282124439e+01
-1.074006325091679148e+00 1.544767453644171162e+01
-1.072448562024451491e+00 1.635949622646433710e+01
-1.070890798957223833e+00 1.740221592685786689e+01
-1.069333035889995731e+00 1.779698206173544150e+01
-1.067775272822768073e+00 1.394284951211652590e+01
-1.066217509755540416e+00 1.168186614758414166e+01
-1.064659746688312758e+00 1.174492057208690632e+01
-1.063101983621084656e+00 1.072056039545276640e+01
-1.061544220553856999e+00 1.186464418524662356e+01
-1.059986457486629341e+00 1.146795103216934919e+01
-1.058428694419401683e+00 1.140403063339656242e+01
-1.056870931352173582e+00 1.520912710875657758e+01
-1.055313168284945924e+00 1.495327235639150132e+01
-1.053755405217718266e+00 1.474855153474586977e+01
-1.052197642150490609e+00 1.744945454420504660e+01
-1.050639879083262951e+00 1.432367535598401354e+01
-1.049082116016034849e+00 1.595207784466456324e+01
-1.047524352948807191e+00 1.873298170275760910e+01
-1.045966589881579534e+00 1.498497857450137083e+01
-1.044408826814351876e+00 1.470095173599430538e+01
-1.042851063747123774e+00 1.459999028141964317e+01
-1.041293300679896117e+00 1.451607924945372119e+01
-1.039735537612668459e+00 1.604653302405270310e+01
-1.038177774545440801e+00 1.690632379149657538e+01
-1.036620011478212700e+00 1.534628023943347230e+01
-1.035062248410985042e+00 1.313301151784886045e+01
-1.033504485343757384e+00 1.784608092218877218e+01
-1.031946722276529727e+00 1.559558963963434941e+01
-1.030388959209301625e+00 1.331707322506110458e+01
-1.028831196142073967e+00 1.436144502808861034e+01
-1.027273433074846309e+00 1.807344052919696509e+01
-1.025715670007618652e+00 1.479738431844083735e+01
-1.024157906940390994e+00 1.489118103277755090e+01
-1.022600143873162892e+00 1.793940424588942051e+01
-1.021042380805935235e+00 1.628724337810058032e+01
-1.019484617738707577e+00 1.552087352057154490e+01
-1.017926854671479919e+00 1.512802488359040076e+01
-1.016369091604251818e+00 1.380429477656071668e+01
-1.014811328537024160e+00 1.638703024188722068e+01
-1.013253565469796502e+00 1.783498057042045204e+01
-1.011695802402568845e+00 1.554816494850699016e+01
-1.010138039335340743e+00 1.470536555015366176e+01
-1.008580276268113085e+00 1.285862105849544257e+01
-1.007022513200885427e+00 1.078737225341759753e+01
-1.005464750133657770e+00 1.287370599803887927e+01
-1.003906987066429668e+00 1.303282971101495136e+01
-1.002349223999202010e+00 1.154250586460598882e+01
-1.000791460931974353e+00 1.209260820997788066e+01
-9.992336978647466950e-01 1.356946239988937464e+01
-9.976759347975190373e-01 1.378757717884258227e+01
-9.961181717302909355e-01 1.559870693984886003e+01
-9.945604086630632779e-01 1.808699401051519828e+01
-9.930026455958356202e-01 1.939561262718873280e+01
-9.914448825286079625e-01 1.402324820093770086e+01
-9.898871194613798608e-01 1.365817781377924867e+01
-9.883293563941522031e-01 1.759799225359432029e+01
-9.867715933269245454e-01 1.393178172951768445e+01
-9.852138302596968877e-01 1.255692606241753850e+01
-9.836560671924687860e-01 1.408818516963369660e+01
-9.820983041252411283e-01 1.497271628422273082e+01
-9.805405410580134706e-01 1.510150516509209773e+01
-9.789827779907858130e-01 1.512678920153618911e+01
-9.774250149235577112e-01 1.667399886115991592e+01
-9.758672518563300535e-01 1.786520521416269602e+01
-9.743094887891023959e-01 1.765443238378050950e+01
-9.727517257218747382e-01 1.606651083631274801e+01
-9.711939626546470805e-01 1.310389041303576718e+01
-9.696361995874189788e-01 1.340732428602521509e+01
-9.680784365201913211e-01 1.460816022967587813e+01
-9.665206734529636634e-01 1.250156686540754691e+01
-9.649629103857360057e-01 1.354281303294523653e+01
-9.634051473185079040e-01 1.575354634477106508e+01
-9.618473842512802463e-01 1.634504585055655568e+01
-9.602896211840525886e-01 1.561723693689650361e+01
-9.587318581168249310e-01 1.498402481783103468e+01
-9.571740950495968292e-01 1.578777719669994717e+01
-9.556163319823691715e-01 1.653702010016489510e+01
-9.540585689151415139e-01 1.685693138915341294e+01
-9.525008058479138562e-01 1.538323984687266233e+01
-9.509430427806861985e-01 1.498695601408516964e+01
-9.493852797134580968e-01 1.360912396049306672e+01
-9.478275166462304391e-01 1.496816249056971770e+01
-9.462697535790027814e-01 1.751868599614221722e+01
-9.447119905117751237e-01 1.502013740165111066e+01
-9.431542274445470220e-01 1.364384061492726907e+01
-9.415964643773193643e-01 1.490310983099718456e+01
-9.400387013100917066e-01 1.537906955524464792e+01
-9.384809382428640490e-01 1.361919455462866146e+01
-9.369231751756359472e-01 1.373451815864633474e+01
-9.353654121084082895e-01 1.855880173272159084e+01
-9.338076490411806319e-01 1.768595997124431207e+01
-9.322498859739529742e-01 1.496020785728655689e+01
-9.306921229067248724e-01 1.757255848138147769e+01
-9.291343598394972148e-01 1.819623808266835496e+01
-9.275765967722695571e-01 1.928885762996034714e+01
-9.260188337050418994e-01 1.372708234498927382e+01
-9.244610706378142417e-01 1.414783206008331717e+01
-9.229033075705861400e-01 1.858615296952617157e+01
-9.213455445033584823e-01 1.835699106482114118e+01
-9.197877814361308246e-01 1.764459753454529078e+01
-9.182300183689031670e-01 1.567914398484511906e+01
-9.166722553016750652e-01 1.169442581188176078e+01
-9.151144922344474075e-01 1.250885069758960633e+01
-9.135567291672197499e-01 1.389048634127688153e+01
-9.119989660999920922e-01 1.242673262615806706e+01
-9.104412030327639904e-01 1.699922082964463499e+01
-9.088834399655363327e-01 2.030269193653449022e+01
-9.073256768983086751e-01 1.684701733132567369e+01
-9.057679138310810174e-01 1.474888733690416842e+01
-9.042101507638529156e-01 1.946625346040790561e+01
-9.026523876966252580e-01 2.280609460625350238e+01
-9.010946246293976003e-01 2.022294968238652046e+01
-8.995368615621699426e-01 1.737829881534119281e+01
-8.979790984949422850e-01 1.777898755998519675e+01
-8.964213354277141832e-01 1.720083107572204639e+01
-8.948635723604865255e-01 1.597674773373380219e+01
-8.933058092932588679e-01 1.868066896774372765e+01
-8.917480462260312102e-01 1.993844169980543057e+01
-8.901902831588031084e-01 1.574984699901726337e+01
-8.886325200915754507e-01 1.459074791156299256e+01
-8.870747570243477931e-01 1.489326027102723060e+01
-8.855169939571201354e-01 1.694678261216974136e+01
-8.839592308898920336e-01 2.072095355053588150e+01
-8.824014678226643760e-01 1.815026329420052420e+01
-8.808437047554367183e-01 1.522914916213343339e+01
-8.792859416882090606e-01 1.619892635432233874e+01
-8.777281786209809589e-01 1.704303105586038924e+01
-8.761704155537533012e-01 1.673603002262591133e+01
-8.746126524865256435e-01 1.789913939810288213e+01
-8.730548894192979859e-01 2.089922931141005691e+01
-8.714971263520703282e-01 2.089661103258710995e+01
-8.699393632848422264e-01 1.876019388143954103e+01
-8.683816002176145687e-01 1.626189381628741870e+01
-8.668238371503869111e-01 1.610395121514163819e+01
-8.652660740831592534e-01 1.977458496992307246e+01
-8.637083110159311516e-01 1.497302296431289470e+01
-8.621505479487034940e-01 1.511718130169550989e+01
-8.605927848814758363e-01 2.004787128647160088e+01
-8.590350218142481786e-01 1.899842615739690999e+01
-8.574772587470200769e-01 1.645418738069996323e+01
-8.559194956797924192e-01 1.731572813141890066e+01
-8.543617326125647615e-01 2.094193529563410294e+01
-8.528039695453371039e-01 2.299779753871094101e+01
-8.512462064781090021e-01 1.996264962099627382e+01
-8.496884434108813444e-01 1.959259072075420249e+01
-8.481306803436536867e-01 1.955192702309421904e+01
-8.465729172764260291e-01 1.726687700864005492e+01
-8.450151542091983714e-01 2.286651245552793554e+01
-8.434573911419702696e-01 2.002329081967150515e+01
-8.418996280747426120e-01 1.349776275583490381e+01
-8.403418650075149543e-01 1.762711880691088595e+01
-8.387841019402872966e-01 1.930926556603222721e+01
-8.372263388730591949e-01 1.675906479614883082e+01
-8.356685758058315372e-01 1.682390702065712063e+01
-8.341108127386038795e-01 1.778258325720924660e+01
-8.325530496713762219e-01 1.848328977840812115e+01
-8.309952866041481201e-01 1.992068199354094560e+01
-8.294375235369204624e-01 1.888978534564943601e+01
-8.278797604696928047e-01 1.785963389284248137e+01
-8.263219974024651471e-01 1.355216484150161982e+01
-8.247642343352370453e-01 1.493035331950230926e+01
-8.232064712680093876e-01 1.686353040630198663e+01
-8.216487082007817300e-01 1.575403477337969704e+01
-8.200909451335540723e-01 1.814004259638507577e+01
-8.185331820663264146e-01 1.966755062453350789e+01
-8.169754189990983129e-01 1.907805395699562823e+01
-8.154176559318706552e-01 2.002585080180972810e+01
-8.138598928646429975e-01 2.083965897160319614e+01
-8.123021297974153399e-01 2.044620395931948309e+01
-8.107443667301872381e-01 1.897046632950585732e+01
-8.091866036629595804e-01 1.654458654394351669e+01
-8.076288405957319227e-01 1.925931381748700488e+01
-8.060710775285042651e-01 1.675396107723527450e+01
-8.045133144612761633e-01 1.230767873749628372e+01
-8.029555513940485056e-01 1.513207091633409185e+01
-8.013977883268208480e-01 1.648369144608733095e+01
-7.998400252595931903e-01 1.762988254030059920e+01
-7.982822621923650885e-01 1.750019987702192026e+01
-7.967244991251374309e-01 1.778929209014245671e+01
-7.951667360579097732e-01 1.890792790619099151e+01
-7.936089729906821155e-01 1.825276373542084229e+01
-7.920512099234544579e-01 1.747070883952170561e+01
-7.904934468562263561e-01 1.812124626472703781e+01
-7.889356837889986984e-01 1.808884273560844136e+01
-7.873779207217710407e-01 1.881524288499991471e+01
-7.858201576545433831e-01 2.106053642257523606e+01
-7.842623945873152813e-01 1.997120903587047280e+01
-7.827046315200876236e-01 1.997749002392477990e+01
-7.811468684528599660e-01 1.945516870821894884e+01
-7.795891053856323083e-01 1.585933485239147345e+01
-7.780313423184042065e-01 1.504809182272754065e+01
-7.764735792511765489e-01 1.835096054184830194e+01
-7.749158161839488912e-01 1.992952950111936161e+01
-7.733580531167212335e-01 2.040631951997898952e+01
-7.718002900494931318e-01 1.941135305988534654e+01
-7.702425269822654741e-01 1.886454580102664735e+01
-7.686847639150378164e-01 2.031190929585878280e+01
-7.671270008478101587e-01 1.821174927050296688e+01
-7.655692377805825011e-01 1.797865636525105515e+01
-7.640114747133543993e-01 1.739372707714223409e+01
-7.624537116461267416e-01 1.385135609848214955e+01
-7.608959485788990840e-01 1.545593240790954681e+01
-7.593381855116714263e-01 1.755566225424402660e+01
-7.577804224444433245e-01 1.748156004119985241e+01
-7.562226593772156669e-01 1.692252755062145653e+01
-7.546648963099880092e-01 1.601881975358266175e+01
-7.531071332427603515e-01 1.660412383442932338e+01
-7.515493701755322498e-01 1.830141040409511533e+01
-7.499916071083045921e-01 1.924361389765238073e+01
-7.484338440410769344e-01 1.909848232386763556e+01
-7.468760809738492767e-01 1.975104913945115470e+01
-7.453183179066211750e-01 1.907926029097334464e+01
-7.437605548393935173e-01 1.709844172470365464e+01
-7.422027917721658596e-01 1.860616814109267381e+01
-7.406450287049382020e-01 1.812716820262722450e+01
-7.390872656377105443e-01 1.939146469610722079e+01
-7.375295025704824425e-01 1.881214884724644421e+01
-7.359717395032547849e-01 2.060873343021073012e+01
-7.344139764360271272e-01 2.151892079496548860e+01
-7.328562133687994695e-01 2.022682705798653302e+01
-7.312984503015713678e-01 2.081084265786907395e+01
-7.297406872343437101e-01 2.009876046057590671e+01
-7.281829241671160524e-01 2.024386184799276833e+01
-7.266251610998883947e-01 2.208335155967954577e+01
-7.250673980326602930e-01 2.099295658911870177e+01
-7.235096349654326353e-01 2.006318647575433900e+01
-7.219518718982049776e-01 2.222405162680006896e+01
-7.203941088309773200e-01 2.086807817344887184e+01
-7.188363457637496623e-01 2.211334420961808078e+01
-7.172785826965215605e-01 2.084105827036940539e+01
-7.157208196292939029e-01 1.961587938849955037e+01
-7.141630565620662452e-01 2.005519882137643251e+01
-7.126052934948385875e-01 1.965626304452630180e+01
-7.110475304276104858e-01 1.992858066344899370e+01
-7.094897673603828281e-01 1.903826287578291243e+01
-7.079320042931551704e-01 1.558916462666791958e+01
-7.063742412259275127e-01 1.741788771761468269e+01
-7.048164781586994110e-01 2.269449060147060848e+01
-7.032587150914717533e-01 2.161477237681646812e+01
-7.017009520242440956e-01 1.856013036268731753e+01
-7.001431889570164380e-01 1.967612467163443313e+01
-6.985854258897883362e-01 2.041056434433971845e+01
-6.970276628225606785e-01 2.009660700404786127e+01
-6.954698997553330209e-01 1.978426570118785932e+01
-6.939121366881053632e-01 1.978898253266259033e+01
-6.923543736208777055e-01 1.785084904480022061e+01
-6.907966105536496038e-01 1.755247932247130649e+01
-6.892388474864219461e-01 1.984570628618272892e+01
-6.876810844191942884e-01 2.216599816739964623e+01
-6.861233213519666307e-01 2.172230885723005045e+01
-6.845655582847385290e-01 2.168065219950179312e+01
-6.830077952175108713e-01 2.334932551433780645e+01
-6.814500321502832136e-01 2.236596741405721289e+01
-6.798922690830555560e-01 2.144009872431438879e+01
-6.783345060158274542e-01 2.431988705768391412e+01
-6.767767429485997965e-01 2.371450129096299619e+01
-6.752189798813721389e-01 1.939771038941079695e+01
-6.736612168141444812e-01 2.069132595750160419e+01
-6.721034537469163794e-01 2.191785789407781593e+01
-6.705456906796887218e-01 2.115090893705757580e+01
-6.689879276124610641e-01 2.609134979616086980e+01
-6.674301645452334064e-01 2.273840543296655170e+01
-6.658724014780057487e-01 1.940902051821396057e+01
-6.643146384107776470e-01 2.008199161577469738e+01
-6.627568753435499893e-01 1.904692638928037951e+01
-6.611991122763223316e-01 1.859667583031782812e+01
-6.596413492090946740e-01 2.013866851907143740e+01
-6.580835861418665722e-01 2.055641413948887219e+01
-6.565258230746389145e-01 1.989002610746117483e+01
-6.549680600074112569e-01 2.160699069171554854e+01
-6.534102969401835992e-01 1.981561963377886926e+01
-6.518525338729554974e-01 1.787466906666818645e+01
-6.502947708057278398e-01 2.277222581274055102e+01
-6.487370077385001821e-01 2.315696172799833974e+01
-6.471792446712725244e-01 2.163573621534618141e+01
-6.456214816040444227e-01 2.029870332972783231e+01
-6.440637185368167650e-01 1.963034916379207573e+01
-6.425059554695891073e-01 1.817836487182212934e+01
-6.409481924023614496e-01 1.781986019526359399e+01
-6.393904293351337920e-01 1.970155076556641305e+01
-6.378326662679056902e-01 2.106804962886531030e+01
-6.362749032006780325e-01 2.197003920509201436e+01
-6.347171401334503749e-01 2.200367255611660511e+01
-6.331593770662227172e-01 1.936411797367726351e+01
-6.316016139989946154e-01 1.814022358879216412e+01
-6.300438509317669578e-01 2.032780096440903961e+01
-6.284860878645393001e-01 1.973380423926188953e+01
-6.269283247973116424e-01 2.210892045322380284e+01
-6.253705617300835407e-01 2.096147085106700914e+01
-6.238127986628558830e-01 2.221033831983768536e+01
-6.222550355956282253e-01 2.473581079648934633e+01
-6.206972725284005676e-01 2.183769095807036109e+01
-6.191395094611724659e-01 2.420112440244930241e+01
-6.175817463939448082e-01 2.461465183798548750e+01
-6.160239833267171505e-01 2.223109709694922387e+01
-6.144662202594894929e-01 2.321412748066543585e+01
-6.129084571922618352e-01 2.550379647148838913e+01
-6.113506941250337334e-01 2.660980265460809235e+01
-6.097929310578060758e-01 2.490773445566541611e+01
-6.082351679905784181e-01 2.911469487083497043e+01
-6.066774049233507604e-01 2.771677907535567087e+01
-6.051196418561226587e-01 2.199154254929137409e+01
-6.035618787888950010e-01 2.062204481560709013e+01
-6.020041157216673433e-01 2.255146537270398710e+01
-6.004463526544396856e-01 2.137993543688674691e+01
-5.988885895872115839e-01 2.051990748223511929e+01
-5.973308265199839262e-01 2.260128980103863583e+01
-5.957730634527562685e-01 2.246978574950618679e+01
-5.942153003855286109e-01 2.083547263221526080e+01
-5.926575373183005091e-01 2.035977253756950489e+01
-5.910997742510728514e-01 2.035043364421876433e+01
-5.895420111838451938e-01 2.046756616886825597e+01
-5.879842481166175361e-01 2.011741373648300524e+01
-5.864264850493898784e-01 2.093514585051131149e+01
-5.848687219821617767e-01 2.448622304752280243e+01
-5.833109589149341190e-01 2.336872183483882992e+01
-5.817531958477064613e-01 2.190309832850584115e+01
-5.801954327804788036e-01 2.425937315989522602e+01
-5.786376697132507019e-01 2.630689189516824200e+01
-5.770799066460230442e-01 2.263036537454991048e+01
-5.755221435787953865e-01 2.307541650986625115e+01
-5.739643805115677289e-01 2.679955504460958693e+01
-5.724066174443396271e-01 2.654264650349734112e+01
-5.708488543771119694e-01 2.445756809021240841e+01
-5.692910913098843118e-01 2.112810999808414181e+01
-5.677333282426566541e-01 2.319164653084151340e+01
-5.661755651754285523e-01 2.526106719914250576e+01
-5.646178021082008947e-01 2.349754092375625447e+01
-5.630600390409732370e-01 2.237204264622274152e+01
-5.615022759737455793e-01 2.221028043971445243e+01
-5.599445129065179216e-01 2.323550614905497724e+01
-5.583867498392898199e-01 2.598651231666533334e+01
-5.568289867720621622e-01 2.435552603820767459e+01
-5.552712237048345045e-01 2.438107176453218727e+01
-5.537134606376068469e-01 2.418920348750150495e+01
-5.521556975703787451e-01 2.161188178463523357e+01
-5.505979345031510874e-01 2.280346463281777858e+01
-5.490401714359234298e-01 2.477353063580797965e+01
-5.474824083686957721e-01 2.434461216437463449e+01
-5.459246453014676703e-01 2.487173481193025992e+01
-5.443668822342400127e-01 2.580478359500411401e+01
-5.428091191670123550e-01 2.429375633204396578e+01
-5.412513560997846973e-01 2.647775111607239751e+01
-5.396935930325565955e-01 2.878962203568889677e+01
-5.381358299653289379e-01 2.413555793345363298e+01
-5.365780668981012802e-01 2.582731942673326131e+01
-5.350203038308736225e-01 2.667819358681129671e+01
-5.334625407636459649e-01 2.502788005503821367e+01
-5.319047776964178631e-01 2.654750916259994398e+01
-5.303470146291902054e-01 2.891377496463483965e+01
-5.287892515619625478e-01 3.086659176291603401e+01
-5.272314884947348901e-01 2.857335010781170936e+01
-5.256737254275067883e-01 2.551542871473253271e+01
-5.241159623602791306e-01 2.448216739003959574e+01
-5.225581992930514730e-01 2.528414994712268182e+01
-5.210004362258238153e-01 2.486927372394498903e+01
-5.194426731585957135e-01 1.880106340194227599e+01
-5.178849100913680559e-01 2.052420031960103586e+01
-5.163271470241403982e-01 2.090740216674473118e+01
-5.147693839569127405e-01 2.557534257416357448e+01
-5.132116208896850829e-01 2.585593671920808845e+01
-5.116538578224569811e-01 2.451341065929367602e+01
-5.100960947552293234e-01 2.902331177351545577e+01
-5.085383316880016658e-01 3.023017971894443789e+01
-5.069805686207740081e-01 2.879505217188329880e+01
-5.054228055535459063e-01 2.752231800904893078e+01
-5.038650424863182486e-01 2.583051894527737957e+01
-5.023072794190905910e-01 2.557407837481574120e+01
-5.007495163518629333e-01 2.828026824506383718e+01
-4.991917532846348315e-01 2.765173184725508548e+01
-4.976339902174071739e-01 2.655416979085508089e+01
-4.960762271501795162e-01 3.175189906639412030e+01
-4.945184640829518585e-01 2.828413779845120857e+01
-4.929607010157237568e-01 2.701055370244407783e+01
-4.914029379484960991e-01 3.001433908060007383e+01
-4.898451748812684414e-01 2.802161690828415530e+01
-4.882874118140407838e-01 2.922751905340271605e+01
-4.867296487468131261e-01 3.048614641829689376e+01
-4.851718856795850243e-01 2.594652259331948230e+01
-4.836141226123573666e-01 2.321722973556269309e+01
-4.820563595451297090e-01 2.361508372884645723e+01
-4.804985964779020513e-01 2.695089218590613456e+01
-4.789408334106739495e-01 2.719860528341250827e+01
-4.773830703434462919e-01 3.134052903616139929e+01
-4.758253072762186342e-01 2.983106819473015747e+01
-4.742675442089909765e-01 2.652066377629515159e+01
-4.727097811417628748e-01 2.804805448403119783e+01
-4.711520180745352171e-01 2.733523326510461260e+01
-4.695942550073075594e-01 2.934906631357823770e+01
-4.680364919400799018e-01 3.108172843312197386e+01
-4.664787288728518000e-01 3.139275985678258607e+01
-4.649209658056241423e-01 3.269645442233997557e+01
-4.633632027383964846e-01 3.126512048643132857e+01
-4.618054396711688270e-01 2.769621589062462164e+01
-4.602476766039411693e-01 2.651785633911967821e+01
-4.586899135367130675e-01 2.591323270581251492e+01
-4.571321504694854099e-01 3.181426908958050959e+01
-4.555743874022577522e-01 2.808023051210176035e+01
-4.540166243350300945e-01 2.973846706553229424e+01
-4.524588612678019928e-01 3.016242308162230756e+01
-4.509010982005743351e-01 2.765841951760059203e+01
-4.493433351333466774e-01 2.981142407902244784e+01
-4.477855720661190198e-01 2.854657644730873045e+01
-4.462278089988909180e-01 2.609298415135355143e+01
-4.446700459316632603e-01 2.747833978706186286e+01
-4.431122828644356026e-01 3.230231602640309063e+01
-4.415545197972079450e-01 3.432451607138180094e+01
-4.399967567299798432e-01 3.282976970129706729e+01
-4.384389936627521855e-01 3.008091721869037016e+01
-4.368812305955245279e-01 2.751305229720951928e+01
-4.353234675282968702e-01 2.971253989822468355e+01
-4.337657044610692125e-01 3.012523089768831852e+01
-4.322079413938411108e-01 3.190832433785260847e+01
-4.306501783266134531e-01 3.212470567293277668e+01
-4.290924152593857954e-01 2.848620623671490648e+01
-4.275346521921581378e-01 2.735205154666642002e+01
-4.259768891249300360e-01 2.983100122478668581e+01
-4.244191260577023783e-01 3.007600073596534784e+01
-4.228613629904747206e-01 2.703062420861637349e+01
-4.213035999232470630e-01 3.021937999665261998e+01
-4.197458368560189612e-01 3.339433790561832183e+01
-4.181880737887913035e-01 3.121392797744251268e+01
-4.166303107215636459e-01 3.651535762261798368e+01
-4.150725476543359882e-01 3.093727792650993180e+01
-4.135147845871078864e-01 2.885805798408624057e+01
-4.119570215198802288e-01 3.288608902633365716e+01
-4.103992584526525711e-01 3.015432735161081368e+01
-4.088414953854249134e-01 2.789147504032956348e+01
-4.072837323181972558e-01 2.858289786157189738e+01
-4.057259692509691540e-01 3.126888472967613808e+01
-4.041682061837414963e-01 3.337137176827588547e+01
-4.026104431165138386e-01 3.254003039676762654e+01
-4.010526800492861810e-01 3.116116840265007326e+01
-3.994949169820580792e-01 2.823731995363289826e+01
-3.979371539148304215e-01 2.963697663331018006e+01
-3.963793908476027639e-01 2.918158683941951281e+01
-3.948216277803751062e-01 2.876080077692531844e+01
-3.932638647131470044e-01 3.239993475671893464e+01
-3.917061016459193468e-01 3.293605236064377095e+01
-3.901483385786916891e-01 3.139306472349365862e+01
-3.885905755114640314e-01 2.893894204086224420e+01
-3.870328124442359297e-01 2.748348066700469516e+01
-3.854750493770082720e-01 2.767711236736674607e+01
-3.839172863097806143e-01 3.078649557248238366e+01
-3.823595232425529566e-01 3.356697911676176460e+01
-3.808017601753252990e-01 2.962488564053470697e+01
-3.792439971080971972e-01 2.853615916052388002e+01
-3.776862340408695395e-01 3.067750639235267229e+01
-3.761284709736418819e-01 3.175913611736914532e+01
-3.745707079064142242e-01 3.080796493358991128e+01
-3.730129448391861224e-01 3.428626071030427624e+01
-3.714551817719584648e-01 3.700188792934302739e+01
-3.698974187047308071e-01 3.510563458355550637e+01
-3.683396556375031494e-01 3.294585405951035284e+01
-3.667818925702750477e-01 3.286864057347850121e+01
-3.652241295030473900e-01 3.359978160581142248e+01
-3.636663664358197323e-01 3.419038619584568295e+01
-3.621086033685920746e-01 3.785585259528149038e+01
-3.605508403013639729e-01 3.537064073630882888e+01
-3.589930772341363152e-01 3.860466276646317141e+01
-3.574353141669086575e-01 3.601125785380946809e+01
-3.558775510996809999e-01 2.862623038373687478e+01
-3.543197880324533422e-01 2.949570613882229964e+01
-3.527620249652252404e-01 3.101983998985494395e+01
-3.512042618979975828e-01 3.568324847105495223e+01
-3.496464988307699251e-01 3.702790919225703448e+01
-3.480887357635422674e-01 3.357471292474265567e+01
-3.465309726963141657e-01 3.319902605777218696e+01
-3.449732096290865080e-01 3.475669974142181218e+01
-3.434154465618588503e-01 3.438871712142128700e+01
-3.418576834946311926e-01 3.210262870229357191e+01
-3.402999204274030909e-01 3.504136924776116757e+01
-3.387421573601754332e-01 3.431431270162674707e+01
-3.371843942929477755e-01 3.070214012342337995e+01
-3.356266312257201179e-01 3.127249399802188634e+01
-3.340688681584920161e-01 2.939680271674679801e+01
-3.325111050912643584e-01 3.103482091837382484e+01
-3.309533420240367008e-01 3.464814081323920902e+01
-3.293955789568090431e-01 3.510220206996098824e+01
-3.278378158895813854e-01 3.519221343443213357e+01
-3.262800528223532837e-01 3.544790849229744367e+01
-3.247222897551256260e-01 3.458567326835007805e+01
-3.231645266878979683e-01 3.447964693694162008e+01
-3.216067636206703106e-01 3.512072622721807846e+01
-3.200490005534422089e-01 3.602686075277766520e+01
-3.184912374862145512e-01 3.943147077385908972e+01
-3.169334744189868935e-01 3.935230768538651347e+01
-3.153757113517592359e-01 3.593935524882940058e+01
-3.138179482845311341e-01 3.618262009683534330e+01
-3.122601852173034764e-01 3.859306622378244356e+01
-3.107024221500758188e-01 3.773759422219188053e+01
-3.091446590828481611e-01 3.516819080210535731e+01
-3.075868960156205034e-01 3.470069013494092758e+01
-3.060291329483924017e-01 3.624884921214208333e+01
-3.044713698811647440e-01 3.326797958241365905e+01
-3.029136068139370863e-01 3.277696718900379835e+01
-3.013558437467094286e-01 4.028259409515686684e+01
-2.997980806794813269e-01 4.204918340496739404e+01
-2.982403176122536692e-01 3.820646486810562692e+01
-2.966825545450260115e-01 3.533753188152505231e+01
-2.951247914777983539e-01 3.601794996233549995e+01
-2.935670284105702521e-01 4.091139963953488490e+01
-2.920092653433425944e-01 4.211177929895107042e+01
-2.904515022761149368e-01 4.181323438223179068e+01
-2.888937392088872791e-01 4.014492229069175266e+01
-2.873359761416591773e-01 3.746781766981368378e+01
-2.857782130744315197e-01 4.012640154728292430e+01
-2.842204500072038620e-01 3.898345285155726714e+01
-2.826626869399762043e-01 3.693071039148843937e+01
-2.811049238727485466e-01 3.473007252279231238e+01
-2.795471608055204449e-01 3.792053226769350971e+01
-2.779893977382927872e-01 3.897406034189627633e+01
-2.764316346710651295e-01 3.548031089750727318e+01
-2.748738716038374719e-01 3.722951502156298886e+01
-2.733161085366093701e-01 3.978362888092293304e+01
-2.717583454693817124e-01 4.252665786068880038e+01
-2.702005824021540548e-01 4.417572981886090133e+01
-2.686428193349263971e-01 3.986277569330581372e+01
-2.670850562676982953e-01 4.048556390738348654e+01
-2.655272932004706377e-01 4.356350550185256054e+01
-2.639695301332429800e-01 3.791046754290977816e+01
-2.624117670660153223e-01 4.203821829722993897e+01
-2.608540039987872206e-01 4.152481037106063866e+01
-2.592962409315595629e-01 4.270191008258744603e+01
-2.577384778643319052e-01 4.139186355136435225e+01
-2.561807147971042475e-01 3.664901042725190194e+01
-2.546229517298765899e-01 3.849547118013690294e+01
-2.530651886626484881e-01 4.365667834687520354e+01
-2.515074255954208304e-01 4.597414591916803062e+01
-2.499496625281931728e-01 4.414493570670486378e+01
-2.483918994609655151e-01 4.259447349610152855e+01
-2.468341363937374133e-01 4.058505655770219533e+01
-2.452763733265097557e-01 4.336917986465405050e+01
-2.437186102592820980e-01 4.657001102515587121e+01
-2.421608471920544403e-01 5.007182250846614124e+01
-2.406030841248263386e-01 4.951033598579971340e+01
-2.390453210575986809e-01 4.519203147318036429e+01
-2.374875579903710232e-01 4.469314043884843812e+01
-2.359297949231433655e-01 4.397574585003231107e+01
-2.343720318559152638e-01 4.066421806229087110e+01
-2.328142687886876061e-01 4.188069117787867413e+01
-2.312565057214599484e-01 4.822317362118567985e+01
-2.296987426542322908e-01 4.507430462381415026e+01
-2.281409795870046331e-01 4.299919137369351319e+01
-2.265832165197765313e-01 4.291494385332667605e+01
-2.250254534525488737e-01 4.440304726426725779e+01
-2.234676903853212160e-01 4.320070356749616280e+01
-2.219099273180935583e-01 4.085848094790735274e+01
-2.203521642508654566e-01 4.160643086457287154e+01
-2.187944011836377989e-01 4.236621213623424609e+01
-2.172366381164101412e-01 4.174763736435716766e+01
-2.156788750491824835e-01 4.158820442774109694e+01
-2.141211119819543818e-01 4.762991986903907105e+01
-2.125633489147267241e-01 4.594703115910381541e+01
-2.110055858474990664e-01 4.492873854590749261e+01
-2.094478227802714088e-01 4.810509983987787308e+01
-2.078900597130433070e-01 4.802821988652365093e+01
-2.063322966458156493e-01 4.986593416830478986e+01
-2.047745335785879917e-01 4.964632259991793717e+01
-2.032167705113603340e-01 4.856987344653372674e+01
-2.016590074441326763e-01 4.773318906084735858e+01
-2.001012443769045746e-01 4.713882396338843961e+01
-1.985434813096769169e-01 4.526896131761652953e+01
-1.969857182424492592e-01 4.553348979320809775e+01
-1.954279551752216015e-01 4.907876012396414467e+01
-1.938701921079934998e-01 4.107234869414382672e+01
-1.923124290407658421e-01 4.480643113992265114e+01
-1.907546659735381844e-01 5.099863394739733735e+01
-1.891969029063105268e-01 4.694769975149665697e+01
-1.876391398390824250e-01 4.832664210506466418e+01
-1.860813767718547673e-01 4.701973326191887281e+01
-1.845236137046271097e-01 4.396631428569389755e+01
-1.829658506373994520e-01 4.388392782976836060e+01
-1.814080875701713502e-01 4.323733157117310100e+01
-1.798503245029436926e-01 4.458547562803602204e+01
-1.782925614357160349e-01 4.212221258318550809e+01
-1.767347983684883772e-01 3.870043522389396173e+01
-1.751770353012607195e-01 4.251033528431721464e+01
-1.736192722340326178e-01 5.145058875247535468e+01
-1.720615091668049601e-01 5.355936346316081398e+01
-1.705037460995773024e-01 5.290236468252103919e+01
-1.689459830323496448e-01 5.270261724194762110e+01
-1.673882199651215430e-01 5.005079585977885159e+01
-1.658304568978938853e-01 4.929629200284507107e+01
-1.642726938306662277e-01 5.015169596452466294e+01
-1.627149307634385700e-01 4.866399394893047514e+01
-1.611571676962104682e-01 5.050500064918336562e+01
-1.595994046289828106e-01 4.517691725039169626e+01
-1.580416415617551529e-01 4.694601783450458754e+01
-1.564838784945274952e-01 4.951911293201897024e+01
-1.549261154272993934e-01 5.540201201582910073e+01
-1.533683523600717358e-01 5.618417334272881192e+01
-1.518105892928440781e-01 4.901431547133435629e+01
-1.502528262256164204e-01 4.919512961468133483e+01
-1.486950631583887628e-01 5.788899383826638001e+01
-1.471373000911606610e-01 6.089076444500788199e+01
-1.455795370239330033e-01 5.433063986710741489e+01
-1.440217739567053457e-01 5.502174023691296867e+01
-1.424640108894776880e-01 6.312026763503044435e+01
-1.409062478222495862e-01 6.950704945193106710e+01
-1.393484847550219285e-01 7.265915378232749333e+01
-1.377907216877942709e-01 6.231040376621216836e+01
-1.362329586205666132e-01 6.244823545500089068e+01
-1.346751955533385114e-01 6.414332801608608747e+01
-1.331174324861108538e-01 6.385934778237994891e+01
-1.315596694188831961e-01 7.284801077441274231e+01
-1.300019063516555384e-01 7.822902774128282033e+01
-1.284441432844274367e-01 7.877359923637659733e+01
-1.268863802171997790e-01 8.128052211811663597e+01
-1.253286171499721213e-01 8.901818802801609820e+01
-1.237708540827444637e-01 9.063518884131519826e+01
-1.222130910155168060e-01 8.710713849953438626e+01
-1.206553279482887042e-01 9.048653122507957391e+01
-1.190975648810610465e-01 9.894000612521230664e+01
-1.175398018138333889e-01 1.006701579586467972e+02
-1.159820387466057312e-01 9.489290961310450712e+01
-1.144242756793776294e-01 9.225515890866797974e+01
-1.128665126121499718e-01 9.431072386855599632e+01
-1.113087495449223141e-01 1.039312212150291828e+02
-1.097509864776946564e-01 1.127282214202186026e+02
-1.081932234104665547e-01 1.142789398030959518e+02
-1.066354603432388970e-01 1.090280481594675877e+02
-1.050776972760112393e-01 1.050348789754708321e+02
-1.035199342087835817e-01 1.086817832500367160e+02
-1.019621711415559240e-01 1.185766366752367134e+02
-1.004044080743278222e-01 1.247311384699906824e+02
-9.884664500710016455e-02 1.198669179158923868e+02
-9.728888193987250688e-02 1.223394735314367807e+02
-9.573111887264484920e-02 1.301281767459719561e+02
-9.417335580541674744e-02 1.289114821673217932e+02
-9.261559273818908977e-02 1.282260782005505746e+02
-9.105782967096143210e-02 1.329909974357290139e+02
-8.950006660373377443e-02 1.397332264232873626e+02
-8.794230353650567267e-02 1.397257570838028755e+02
-8.638454046927801500e-02 1.338445885739542405e+02
-8.482677740205035732e-02 1.292834768719677925e+02
-8.326901433482269965e-02 1.280357888954859220e+02
-8.171125126759459789e-02 1.335048741848796681e+02
-8.015348820036694022e-02 1.413409753344160436e+02
-7.859572513313928255e-02 1.485762906720433136e+02
-7.703796206591162488e-02 1.434765840549414975e+02
-7.548019899868396720e-02 1.416290131443485620e+02
-7.392243593145586544e-02 1.435107016975281340e+02
-7.236467286422820777e-02 1.389330110642623879e+02
-7.080690979700055010e-02 1.418257950789280244e+02
-6.924914672977289243e-02 1.542616408352691337e+02
-6.769138366254479067e-02 1.638908118443282262e+02
-6.613362059531713300e-02 1.679903962796613826e+02
-6.457585752808947532e-02 1.594078271993403746e+02
-6.301809446086181765e-02 1.488045314027226027e+02
-6.146033139363371589e-02 1.554279389957557669e+02
-5.990256832640605822e-02 1.560792804187174738e+02
-5.834480525917840055e-02 1.590432579835114666e+02
-5.678704219195074288e-02 1.598901526574589695e+02
-5.522927912472264111e-02 1.561108243600821766e+02
-5.367151605749498344e-02 1.580622739954436895e+02
-5.211375299026732577e-02 1.578035294043796455e+02
-5.055598992303966810e-02 1.568564227473217159e+02
-4.899822685581201043e-02 1.609524463584465650e+02
-4.744046378858390867e-02 1.652773334751346965e+02
-4.588270072135625099e-02 1.645466555022550494e+02
-4.432493765412859332e-02 1.654033215961789551e+02
-4.276717458690093565e-02 1.706000805320884695e+02
-4.120941151967283389e-02 1.660150977508189385e+02
-3.965164845244517622e-02 1.591155890554009318e+02
-3.809388538521751855e-02 1.629859348892747448e+02
-3.653612231798986087e-02 1.703878513409342759e+02
-3.497835925076175911e-02 1.719141277603451954e+02
-3.342059618353410144e-02 1.710143239799797925e+02
-3.186283311630644377e-02 1.822528545812328957e+02
-3.030507004907878610e-02 1.789057142614329905e+02
-2.874730698185068434e-02 1.804089855203209822e+02
-2.718954391462302667e-02 1.817663971498803335e+02
-2.563178084739536899e-02 1.774910234711434498e+02
-2.407401778016771132e-02 1.840146579171745032e+02
-2.251625471294005365e-02 1.861502819109906000e+02
-2.095849164571195189e-02 1.751352772792134544e+02
-1.940072857848429422e-02 1.814615107021062386e+02
-1.784296551125663655e-02 1.908435389563345268e+02
-1.628520244402897887e-02 1.950396888967242432e+02
-1.472743937680087711e-02 1.968442331269634451e+02
-1.316967630957321944e-02 2.000998746999278524e+02
-1.161191324234556177e-02 1.975180813671381088e+02
-1.005415017511790410e-02 1.927432994127964889e+02
-8.496387107889802337e-03 1.966379265848735542e+02
-6.938624040662144665e-03 2.054596014372114041e+02
-5.380860973434486993e-03 1.999716422342644933e+02
-3.823097906206829322e-03 1.963357810918599284e+02
-2.265334838978727561e-03 1.869946997487989790e+02
-7.075717717510698890e-04 1.876311902114832151e+02
8.501912954765877828e-04 1.982789263538776368e+02
2.407954362704245455e-03 2.005505694170626043e+02
3.965717429931903126e-03 2.024609478621972016e+02
5.523480497160004887e-03 2.151151366518981547e+02
7.081243564387662559e-03 2.226709645189415596e+02
8.639006631615320231e-03 2.118480932372209509e+02
1.019676969884297790e-02 2.244279505242791402e+02
1.175453276607107966e-02 2.280548579032856935e+02
1.331229583329873734e-02 2.103322063176867971e+02
1.487005890052639501e-02 2.050403115324872942e+02
1.642782196775405268e-02 2.143003821343149014e+02
1.798558503498215444e-02 2.230462248799169060e+02
1.954334810220981211e-02 2.262709308502940360e+02
2.110111116943746978e-02 2.355180694176326881e+02
2.265887423666512746e-02 2.334012568946027670e+02
2.421663730389322922e-02 2.297885478444723617e+02
2.577440037112088689e-02 2.296404233606986907e+02
2.733216343834854456e-02 2.240292964415641848e+02
2.888992650557620223e-02 2.208295948927600136e+02
3.044768957280385990e-02 2.282297430727226981e+02
3.200545264003196166e-02 2.424559611442462028e+02
3.356321570725961934e-02 2.477802084575374408e+02
3.512097877448727701e-02 2.417188966231121867e+02
3.667874184171493468e-02 2.325766572864798718e+02
3.823650490894303644e-02 2.418746803630555178e+02
3.979426797617069411e-02 2.567102736406958456e+02
4.135203104339835178e-02 2.598596535131168821e+02
4.290979411062600946e-02 2.608492956855922671e+02
4.446755717785411122e-02 2.622165157392595916e+02
4.602532024508176889e-02 2.640335965364527624e+02
4.758308331230942656e-02 2.785300335379980083e+02
4.914084637953708423e-02 2.671848762518023932e+02
5.069860944676518599e-02 2.747495392272380741e+02
5.225637251399284366e-02 2.789763099952965604e+02
5.381413558122050134e-02 2.795637218021022363e+02
5.537189864844815901e-02 2.892559966680342427e+02
5.692966171567581668e-02 2.906024747060330355e+02
5.848742478290391844e-02 2.901875506426117681e+02
6.004518785013157611e-02 2.890383728344916108e+02
6.160295091735923378e-02 2.996924495760119953e+02
6.316071398458689146e-02 3.036250908897382033e+02
6.471847705181499322e-02 3.167857726304725361e+02
6.627624011904265089e-02 3.271089424319290515e+02
6.783400318627030856e-02 3.243422999469930232e+02
6.939176625349796623e-02 3.159394756157200845e+02
7.094952932072606799e-02 3.058420044634877968e+02
7.250729238795372567e-02 3.151792842411642255e+02
7.406505545518138334e-02 3.225591514899454637e+02
7.562281852240904101e-02 3.287325264456047762e+02
7.718058158963714277e-02 3.260565201695386577e+02
7.873834465686480044e-02 3.394002195259467385e+02
8.029610772409245811e-02 3.533791775174944405e+02
8.185387079132011579e-02 3.575249537193612923e+02
8.341163385854777346e-02 3.715132786197842165e+02
8.496939692577587522e-02 3.847511898619515591e+02
8.652715999300353289e-02 3.878789104109579853e+02
8.808492306023119056e-02 3.824524322467924549e+02
8.964268612745884823e-02 3.881213552417803498e+02
9.120044919468694999e-02 3.883740548677095035e+02
9.275821226191460767e-02 3.982454117506891862e+02
9.431597532914226534e-02 4.138127688906775461e+02
9.587373839636992301e-02 4.260263996091268268e+02
9.743150146359802477e-02 4.401737504495250164e+02
9.898926453082568244e-02 4.462064919580409423e+02
1.005470275980533401e-01 4.558865115400277546e+02
1.021047906652809978e-01 4.695294218624626410e+02
1.036625537325090995e-01 4.813123879784829455e+02
1.052203167997367572e-01 4.920445286640730842e+02
1.067780798669644149e-01 5.009893104667012267e+02
1.083358429341920726e-01 5.242889780008504204e+02
1.098936060014197302e-01 5.582042470439507724e+02
1.114513690686478320e-01 5.546199854525148112e+02
1.130091321358754897e-01 6.023389398716155938e+02
1.145668952031031473e-01 6.552901672935465740e+02
1.161246582703308050e-01 6.575661561925149954e+02
1.176824213375589068e-01 6.813266824679586762e+02
1.192401844047865644e-01 7.392034017837667079e+02
1.207979474720142221e-01 8.047997185075682864e+02
1.223557105392418798e-01 8.563230383658565188e+02
1.239134736064699815e-01 9.040716464082272523e+02
1.254712366736976392e-01 9.878227951245569329e+02
1.270289997409252969e-01 1.094999996779619323e+03
1.285867628081529546e-01 1.217988723562510131e+03
1.301445258753806122e-01 1.321331518437603563e+03
1.317022889426087140e-01 1.441094355037439300e+03
1.332600520098363717e-01 1.639359745996338688e+03
1.348178150770640293e-01 1.862681660871030317e+03
1.363755781442916870e-01 1.916364604852540424e+03
1.379333412115197888e-01 1.935194234332865335e+03
1.394911042787474464e-01 2.042622827335060492e+03
1.410488673459751041e-01 2.148444517955722404e+03
1.426066304132027618e-01 2.247884768585441179e+03
1.441643934804308635e-01 2.360679874510080481e+03
1.457221565476585212e-01 2.472354529291681956e+03
1.472799196148861789e-01 2.573744857634058917e+03
1.488376826821138366e-01 2.706569639917145196e+03
1.503954457493419383e-01 2.844510272830493705e+03
1.519532088165695960e-01 3.050359598236825150e+03
1.535109718837972537e-01 3.273099357840076209e+03
1.550687349510249113e-01 3.452030452575988420e+03
1.566264980182525690e-01 3.626103886278314803e+03
1.581842610854806708e-01 3.830639414549239973e+03
1.597420241527083284e-01 4.055436323051595991e+03
1.612997872199359861e-01 4.309947254915150552e+03
1.628575502871636438e-01 4.568952427707793504e+03
1.644153133543917455e-01 4.889740505357251095e+03
1.659730764216194032e-01 5.198274135436280631e+03
1.675308394888470609e-01 5.460523222772799272e+03
1.690886025560747186e-01 5.741825798836824106e+03
1.706463656233028203e-01 6.004207533128675095e+03
1.722041286905304780e-01 6.354680431246754779e+03
1.737618917577581357e-01 6.753923133582633454e+03
1.753196548249857933e-01 7.134098078246368459e+03
1.768774178922138951e-01 7.551869343926729016e+03
1.784351809594415528e-01 7.928120204344428203e+03
1.799929440266692104e-01 8.256677171848903527e+03
1.815507070938968681e-01 8.615577824145186241e+03
1.831084701611245258e-01 9.062090193371201167e+03
1.846662332283526275e-01 9.665289277727666558e+03
1.862239962955802852e-01 1.009897892302739820e+04
1.877817593628079429e-01 1.061828281712016906e+04
1.893395224300356006e-01 1.106702972306000083e+04
1.908972854972637023e-01 1.148661125205249482e+04
1.924550485644913600e-01 1.208864431321382472e+04
1.940128116317190177e-01 1.258001841334993151e+04
1.955705746989466753e-01 1.279944628410888981e+04
1.971283377661747771e-01 1.328605566721113064e+04
1.986861008334024348e-01 1.383527938179233752e+04
2.002438639006300924e-01 1.437718100070217224e+04
2.018016269678577501e-01 1.499546446244796243e+04
2.033593900350858519e-01 1.542265185311793357e+04
2.049171531023135095e-01 1.677988155454941807e+04
2.064749161695411672e-01 1.872917512092086690e+04
2.080326792367688249e-01 1.970068554798535479e+04
2.095904423039964826e-01 2.025298074185326550e+04
2.111482053712245843e-01 2.092055535323046934e+04
2.127059684384522420e-01 2.171768221036634350e+04
2.142637315056798997e-01 2.225422884676913964e+04
2.158214945729075573e-01 2.313544404478471915e+04
2.173792576401356591e-01 2.402624477145054334e+04
2.189370207073633168e-01 2.483863388429443512e+04
2.204947837745909744e-01 2.588663149664517186e+04
2.220525468418186321e-01 2.708444937844175365e+04
2.236103099090467339e-01 2.837260058271743765e+04
2.251680729762743916e-01 2.971415182182357603e+04
2.267258360435020492e-01 3.130090635900872803e+04
2.282835991107297069e-01 3.294260008880541136e+04
2.298413621779578087e-01 3.472997141129587544e+04
2.313991252451854663e-01 3.676536893418938416e+04
2.329568883124131240e-01 3.975110313928774849e+04
2.345146513796407817e-01 4.463729573315580637e+04
2.360724144468684393e-01 5.170397753384873067e+04
2.376301775140965411e-01 5.954117774194244703e+04
2.391879405813241988e-01 6.331413798153494281e+04
2.407457036485518564e-01 6.331622381871234393e+04
2.423034667157795141e-01 6.294271467764339468e+04
2.438612297830076159e-01 6.289659978477235563e+04
2.454189928502352736e-01 6.146788920461745147e+04
2.469767559174629312e-01 6.083553243813997688e+04
2.485345189846905889e-01 6.192483381569819903e+04
2.500922820519186907e-01 6.165602690445149346e+04
2.516500451191463483e-01 5.881442452228006732e+04
2.532078081863740060e-01 5.703859355507169676e+04
2.547655712536016637e-01 5.633460658882539428e+04
2.563233343208297654e-01 5.390717440252030065e+04
2.578810973880574231e-01 5.078478214176957408e+04
2.594388604552850808e-01 4.889597600755015446e+04
2.609966235225127384e-01 4.818772273728404252e+04
2.625543865897403961e-01 4.729365966708860651e+04
2.641121496569684979e-01 4.475583049994914472e+04
2.656699127241961556e-01 4.159223846201413107e+04
2.672276757914238132e-01 3.981592032315288816e+04
2.687854388586514709e-01 3.850624201124913088e+04
2.703432019258795727e-01 3.687988210254778096e+04
2.719009649931072303e-01 3.437477497760701954e+04
2.734587280603348880e-01 3.139518665503447119e+04
2.750164911275625457e-01 2.933282377098671350e+04
2.765742541947906474e-01 2.888488528734231659e+04
2.781320172620183051e-01 2.825582934894488790e+04
2.796897803292459628e-01 2.603815837756280962e+04
2.812475433964736204e-01 2.336079630506144895e+04
2.828053064637017222e-01 2.122928333436122193e+04
2.843630695309293799e-01 2.015192952398787384e+04
2.859208325981570376e-01 1.975467354198118846e+04
2.874785956653846952e-01 1.909687153799406951e+04
2.890363587326123529e-01 1.782393647512432653e+04
2.905941217998404547e-01 1.642933921011986604e+04
2.921518848670681123e-01 1.544638293570908536e+04
2.937096479342957700e-01 1.537868306420238696e+04
2.952674110015234277e-01 1.578824184398959733e+04
2.968251740687515294e-01 1.587407212916401295e+04
2.983829371359791871e-01 1.551888354252829231e+04
2.999407002032068448e-01 1.497351928874465921e+04
3.014984632704345024e-01 1.448174202429843172e+04
3.030562263376626042e-01 1.407141472457049713e+04
3.046139894048902619e-01 1.405600347648116076e+04
3.061717524721179196e-01 1.425258238833242467e+04
3.077295155393455772e-01 1.451580669738956021e+04
3.092872786065736790e-01 1.447764967637994778e+04
3.108450416738013367e-01 1.416507173343721479e+04
3.124028047410289943e-01 1.384860869687331251e+04
3.139605678082566520e-01 1.361571873090106601e+04
3.155183308754843097e-01 1.354705028822653003e+04
3.170760939427124114e-01 1.357579565386211470e+04
3.186338570099400691e-01 1.373071615056973860e+04
3.201916200771677268e-01 1.388726867734769985e+04
3.217493831443953844e-01 1.380585790857669417e+04
3.233071462116234862e-01 1.345554820041604398e+04
3.248649092788511439e-01 1.310293406079405759e+04
3.264226723460788016e-01 1.290179771572840218e+04
3.279804354133064592e-01 1.278479521408203982e+04
3.295381984805345610e-01 1.269106219681470793e+04
3.310959615477622187e-01 1.265808398260987087e+04
3.326537246149898763e-01 1.266052568882033484e+04
3.342114876822175340e-01 1.250700431969459169e+04
3.357692507494451917e-01 1.216213881059043342e+04
3.373270138166732934e-01 1.175750035958067747e+04
3.388847768839009511e-01 1.143814843099656173e+04
3.404425399511286088e-01 1.120377916746176015e+04
3.420003030183562664e-01 1.097248403828038681e+04
3.435580660855843682e-01 1.078883494084819540e+04
3.451158291528120259e-01 1.070770246360438978e+04
3.466735922200396836e-01 1.036765132824294960e+04
3.482313552872673412e-01 9.987769734493271244e+03
3.497891183544954430e-01 9.597342546406836846e+03
3.513468814217231007e-01 9.273409381963183478e+03
3.529046444889507583e-01 8.996429129409587404e+03
3.544624075561784160e-01 8.704262679172981734e+03
3.560201706234065178e-01 8.599514744381513083e+03
3.575779336906341754e-01 8.410582727384906320e+03
3.591356967578618331e-01 7.995394510007021381e+03
3.606934598250894908e-01 7.702750571114081140e+03
3.622512228923171484e-01 7.484845486398530738e+03
3.638089859595452502e-01 7.257901469616742361e+03
3.653667490267729079e-01 6.979125944803997299e+03
3.669245120940005656e-01 6.674952621945353712e+03
3.684822751612282232e-01 6.482319107391970647e+03
3.700400382284563250e-01 6.394816078010342608e+03
3.715978012956839827e-01 6.330944586386636729e+03
3.731555643629116403e-01 6.067751896265274809e+03
3.747133274301392980e-01 5.779625799056791038e+03
3.762710904973673998e-01 5.662170906509715678e+03
3.778288535645950574e-01 5.617477016698793705e+03
3.793866166318227151e-01 5.511458840374788451e+03
3.809443796990503728e-01 5.371081027068129515e+03
3.825021427662784745e-01 5.315870390524698450e+03
3.840599058335061322e-01 5.289656053098718985e+03
3.856176689007337899e-01 5.224275100828142968e+03
3.871754319679614476e-01 5.119420956993876644e+03
3.887331950351891052e-01 4.916811584060279529e+03
3.902909581024172070e-01 4.866462036540991903e+03
3.918487211696448647e-01 4.838985549976410766e+03
3.934064842368725223e-01 4.761596001762224660e+03
3.949642473041001800e-01 4.767720943598821577e+03
3.965220103713282818e-01 4.752574579402705240e+03
3.980797734385559394e-01 4.754899628397783999e+03
3.996375365057835971e-01 4.661154456673513778e+03
4.011952995730112548e-01 4.599631777517000046e+03
4.027530626402393565e-01 4.606307296134402350e+03
4.043108257074670142e-01 4.571722919070029093e+03
4.058685887746946719e-01 4.565458856752136853e+03
4.074263518419223296e-01 4.604677493175378913e+03
4.089841149091504313e-01 4.628243283335034903e+03
4.105418779763780890e-01 4.630059344641514144e+03
4.120996410436057467e-01 4.648437642955462252e+03
4.136574041108334043e-01 4.589450829117596186e+03
4.152151671780610620e-01 4.519146433129812976e+03
4.167729302452891638e-01 4.529715533239766955e+03
4.183306933125168214e-01 4.522253542501558513e+03
4.198884563797444791e-01 4.542156893686827971e+03
4.214462194469721368e-01 4.548725195401646488e+03
4.230039825142002385e-01 4.489538071813414717e+03
4.245617455814278962e-01 4.427470952351230153e+03
4.261195086486555539e-01 4.395190565364388931e+03
4.276772717158832116e-01 4.420832922539041647e+03
4.292350347831113133e-01 4.436775750191016414e+03
4.307927978503389710e-01 4.427172988032622015e+03
4.323505609175666287e-01 4.369859567324439013e+03
4.339083239847942863e-01 4.337428097030791832e+03
4.354660870520223881e-01 4.364917981638787751e+03
4.370238501192500458e-01 4.406309398211097687e+03
4.385816131864777034e-01 4.415886390086276151e+03
4.401393762537053611e-01 4.372322832340492823e+03
4.416971393209330188e-01 4.350730485390101421e+03
4.432549023881611205e-01 4.308307722640008251e+03
4.448126654553887782e-01 4.295376706813892270e+03
4.463704285226164359e-01 4.308985589670515765e+03
4.479281915898440936e-01 4.326069703444341030e+03
4.494859546570721953e-01 4.276467238684038421e+03
4.510437177242998530e-01 4.202606164262256243e+03
4.526014807915275107e-01 4.172030888508796124e+03
4.541592438587551683e-01 4.145785741298663197e+03
4.557170069259832701e-01 4.152910971437574517e+03
4.572747699932109278e-01 4.216600252199293209e+03
4.588325330604385854e-01 4.157309340059316128e+03
4.603902961276662431e-01 4.153612713889026963e+03
4.619480591948943449e-01 4.162332262858574722e+03
4.635058222621220025e-01 4.138312357835708099e+03
4.650635853293496602e-01 4.132488269906285495e+03
4.666213483965773179e-01 4.115617851274087116e+03
4.681791114638049756e-01 4.102779859032929380e+03
4.697368745310330773e-01 4.100235262006366611e+03
4.712946375982607350e-01 4.057164964969995708e+03
4.728524006654883927e-01 4.045496421688313148e+03
4.744101637327160503e-01 4.013335828091160693e+03
4.759679267999441521e-01 3.981482295395839174e+03
4.775256898671718098e-01 3.986106994865893739e+03
4.790834529343994674e-01 4.006388138141714535e+03
4.806412160016271251e-01 4.016404609890105348e+03
4.821989790688552269e-01 3.973753503795697725e+03
4.837567421360828845e-01 3.921655953464508002e+03
4.853145052033105422e-01 3.964250567152857911e+03
4.868722682705381999e-01 3.979600139850284449e+03
4.884300313377663016e-01 3.947774582029489920e+03
4.899877944049939593e-01 3.963896790612565837e+03
4.915455574722216170e-01 3.922680652490125794e+03
4.931033205394492747e-01 3.878555502293399513e+03
4.946610836066769323e-01 3.860841416881265104e+03
4.962188466739050341e-01 3.860071330601618229e+03
4.977766097411326918e-01 3.883148637039921596e+03
4.993343728083603494e-01 3.889348393660322472e+03
5.008921358755880071e-01 3.886952410247751232e+03
5.024498989428161089e-01 3.812810098623780959e+03
5.040076620100437665e-01 3.759149470127050336e+03
5.055654250772714242e-01 3.746261059284610383e+03
5.071231881444990819e-01 3.714041957290691244e+03
5.086809512117271836e-01 3.728623980222223508e+03
5.102387142789548413e-01 3.719403001846902043e+03
5.117964773461824990e-01 3.649743533884156932e+03
5.133542404134101567e-01 3.605479674417813385e+03
5.149120034806382584e-01 3.621382576080304261e+03
5.164697665478659161e-01 3.642793303151611326e+03
5.180275296150935738e-01 3.592929822244434035e+03
5.195852926823212314e-01 3.580647043770110486e+03
5.211430557495488891e-01 3.570424469317597413e+03
5.227008188167769909e-01 3.542531710425826532e+03
5.242585818840046485e-01 3.494088823444762966e+03
5.258163449512323062e-01 3.469822303260487843e+03
5.273741080184599639e-01 3.509170179209663274e+03
5.289318710856880656e-01 3.531739069393375757e+03
5.304896341529157233e-01 3.504950395103105620e+03
5.320473972201433810e-01 3.495176735466364789e+03
5.336051602873710387e-01 3.491943731813234081e+03
5.351629233545991404e-01 3.443511923510719043e+03
5.367206864218267981e-01 3.443496029938634365e+03
5.382784494890544558e-01 3.454621324780246141e+03
5.398362125562821134e-01 3.408222485424741080e+03
5.413939756235097711e-01 3.367653535860245483e+03
5.429517386907378729e-01 3.380555961565197322e+03
5.445095017579655305e-01 3.404870763119746698e+03
5.460672648251931882e-01 3.374878616053211772e+03
5.476250278924208459e-01 3.342786313976934707e+03
5.491827909596489476e-01 3.309472392396111900e+03
5.507405540268766053e-01 3.257531553389098917e+03
5.522983170941042630e-01 3.300510359012533627e+03
5.538560801613319207e-01 3.303005856154324647e+03
5.554138432285600224e-01 3.266771947245429146e+03
5.569716062957876801e-01 3.243764896435439823e+03
5.585293693630153378e-01 3.203199245421311389e+03
5.600871324302429954e-01 3.169357442075937797e+03
5.616448954974710972e-01 3.171527661553351663e+03
5.632026585646987549e-01 3.207209137214985276e+03
5.647604216319264125e-01 3.185875743101689750e+03
5.663181846991540702e-01 3.175241875035966132e+03
5.678759477663817279e-01 3.113688498592305223e+03
5.694337108336098296e-01 3.116390171369419477e+03
5.709914739008374873e-01 3.117861605535542822e+03
5.725492369680651450e-01 3.099382770618155064e+03
5.741070000352928027e-01 3.087283207378010502e+03
5.756647631025209044e-01 3.068583079241898758e+03
5.772225261697485621e-01 3.066856443835823029e+03
5.787802892369762198e-01 3.058137089370628928e+03
5.803380523042038774e-01 3.055680706503807414e+03
5.818958153714319792e-01 3.009500800393072950e+03
5.834535784386596369e-01 2.983403446872247969e+03
5.850113415058872945e-01 2.978453023643455253e+03
5.865691045731149522e-01 2.932092255756150735e+03
5.881268676403430540e-01 2.898521807779300616e+03
5.896846307075707116e-01 2.900450013821229732e+03
5.912423937747983693e-01 2.906088029423102398e+03
5.928001568420260270e-01 2.896134090121780901e+03
5.943579199092536847e-01 2.882694959831470896e+03
5.959156829764817864e-01 2.886150369454117026e+03
5.974734460437094441e-01 2.899964646574332164e+03
5.990312091109371018e-01 2.897859235652274947e+03
6.005889721781647594e-01 2.871760195184359418e+03
6.021467352453928612e-01 2.846564423115125919e+03
6.037044983126205189e-01 2.831976374010724612e+03
6.052622613798481765e-01 2.810249820384175564e+03
6.068200244470758342e-01 2.781445626670627917e+03
6.083777875143039360e-01 2.765340445058314344e+03
6.099355505815315937e-01 2.759902493845865592e+03
6.114933136487592513e-01 2.751270751968057084e+03
6.130510767159869090e-01 2.754366269333722357e+03
6.146088397832150108e-01 2.706645543690762224e+03
6.161666028504426684e-01 2.769537962228441756e+03
6.177243659176703261e-01 2.778150571957853117e+03
6.192821289848979838e-01 2.708959680191299412e+03
6.208398920521256414e-01 2.736402027771357552e+03
6.223976551193537432e-01 2.740563077649647767e+03
6.239554181865814009e-01 2.705251339774561529e+03
6.255131812538090585e-01 2.713556391383849132e+03
6.270709443210367162e-01 2.726645135050016506e+03
6.286287073882648180e-01 2.741744301270205597e+03
6.301864704554924757e-01 2.647057978362583071e+03
6.317442335227201333e-01 2.644017452335613598e+03
6.333019965899477910e-01 2.699224603416049376e+03
6.348597596571758928e-01 2.681737229324024611e+03
6.364175227244035504e-01 2.614646396799759259e+03
6.379752857916312081e-01 2.612919375817362834e+03
6.395330488588588658e-01 2.632973025168604636e+03
6.410908119260869675e-01 2.609884839261982961e+03
6.426485749933146252e-01 2.601269940698678511e+03
6.442063380605422829e-01 2.593225711853655866e+03
6.457641011277699405e-01 2.570370055003609650e+03
6.473218641949975982e-01 2.564798080207175190e+03
6.488796272622257000e-01 2.559427893610754836e+03
6.504373903294533577e-01 2.581961930547786778e+03
6.519951533966810153e-01 2.547964986262277762e+03
6.535529164639086730e-01 2.478564279597649147e+03
6.551106795311367748e-01 2.459695056725077848e+03
6.566684425983644324e-01 2.484434186339041844e+03
6.582262056655920901e-01 2.501353379671376388e+03
6.597839687328197478e-01 2.486519466528748580e+03
6.613417318000478495e-01 2.465563283440363193e+03
6.628994948672755072e-01 2.444163763757998822e+03
6.644572579345031649e-01 2.433732552596138703e+03
6.660150210017308225e-01 2.390905260089595231e+03
6.675727840689589243e-01 2.421737611920777908e+03
6.691305471361865820e-01 2.427703677130523374e+03
6.706883102034142397e-01 2.372884582157141267e+03
6.722460732706418973e-01 2.363155148940545132e+03
6.738038363378695550e-01 2.362845865807661085e+03
6.753615994050976568e-01 2.349484752790623588e+03
6.769193624723253144e-01 2.345371612458505297e+03
6.784771255395529721e-01 2.348160488186083512e+03
6.800348886067806298e-01 2.343968153755510684e+03
6.815926516740087315e-01 2.276438518995507820e+03
6.831504147412363892e-01 2.230988978861405030e+03
6.847081778084640469e-01 2.284344403114580018e+03
6.862659408756917045e-01 2.308158310180011995e+03
6.878237039429198063e-01 2.266559099274850269e+03
6.893814670101474640e-01 2.253679021080447910e+03
6.909392300773751217e-01 2.291286400666350346e+03
6.924969931446027793e-01 2.309234960800274621e+03
6.940547562118308811e-01 2.271346729764193242e+03
6.956125192790585388e-01 2.231053136006135446e+03
6.971702823462861964e-01 2.232469267569732892e+03
6.987280454135138541e-01 2.217488662726989787e+03
7.002858084807415118e-01 2.186429107605462832e+03
7.018435715479696135e-01 2.177211218162837667e+03
7.034013346151972712e-01 2.177940368180807582e+03
7.049590976824249289e-01 2.175530947433058373e+03
7.065168607496525865e-01 2.149506578563856237e+03
7.080746238168806883e-01 2.130933853554430698e+03
7.096323868841083460e-01 2.138790489484841601e+03
7.111901499513360037e-01 2.130086517823644954e+03
7.127479130185636613e-01 2.095454752304161957e+03
7.143056760857917631e-01 2.077988564692337604e+03
7.158634391530194208e-01 2.064409081995746419e+03
7.174212022202470784e-01 2.004396176984740123e+03
7.189789652874747361e-01 2.054173708528026054e+03
7.205367283547028379e-01 2.060060075631850850e+03
7.220944914219304955e-01 2.051059111144496910e+03
7.236522544891581532e-01 2.056792565330601064e+03
7.252100175563858109e-01 2.050751981140911539e+03
7.267677806236134685e-01 2.035101847729289148e+03
7.283255436908415703e-01 1.999054042432400593e+03
7.298833067580692280e-01 1.985556391678312593e+03
7.314410698252968857e-01 1.989029031819938155e+03
7.329988328925245433e-01 1.977180503723796164e+03
7.345565959597526451e-01 1.942906956856362740e+03
7.361143590269803028e-01 1.946473855300439254e+03
7.376721220942079604e-01 1.922508815118011853e+03
7.392298851614356181e-01 1.926782516887725933e+03
7.407876482286637199e-01 1.937303377461804530e+03
7.423454112958913775e-01 1.921954584919981016e+03
7.439031743631190352e-01 1.905735508869116757e+03
7.454609374303466929e-01 1.891913784025304949e+03
7.470187004975743505e-01 1.878526533118858424e+03
7.485764635648024523e-01 1.852390398791775169e+03
7.501342266320301100e-01 1.834348057786378376e+03
7.516919896992577677e-01 1.855882747151918920e+03
7.532497527664854253e-01 1.856313497889790824e+03
7.548075158337135271e-01 1.867581278400323754e+03
7.563652789009411848e-01 1.839349468694313600e+03
7.579230419681688424e-01 1.816298758008643290e+03
7.594808050353965001e-01 1.814806691554005283e+03
7.610385681026246019e-01 1.805738198388241244e+03
7.625963311698522595e-01 1.806083906613560430e+03
7.641540942370799172e-01 1.792569013475906786e+03
7.657118573043075749e-01 1.766969820753972272e+03
7.672696203715356766e-01 1.779537576736713163e+03
7.688273834387633343e-01 1.780633246508354659e+03
7.703851465059909920e-01 1.751129039568141934e+03
7.719429095732186497e-01 1.735610341800755805e+03
7.735006726404463073e-01 1.702679574816531840e+03
7.750584357076744091e-01 1.725118345186534953e+03
7.766161987749020668e-01 1.740926331593511350e+03
7.781739618421297244e-01 1.734081808757658337e+03
7.797317249093573821e-01 1.740862387955989107e+03
7.812894879765854839e-01 1.715458690041783711e+03
7.828472510438131415e-01 1.656360417342017854e+03
7.844050141110407992e-01 1.625799728644850575e+03
7.859627771782684569e-01 1.627377524038786305e+03
7.875205402454965586e-01 1.657199636813871166e+03
7.890783033127242163e-01 1.676707463347962403e+03
7.906360663799518740e-01 1.629591645144315180e+03
7.921938294471795317e-01 1.599998918556059152e+03
7.937515925144076334e-01 1.643645822542159067e+03
7.953093555816352911e-01 1.663274153291911261e+03
7.968671186488629488e-01 1.637567203962416897e+03
7.984248817160906064e-01 1.605878118577573559e+03
7.999826447833182641e-01 1.588945124246907199e+03
8.015404078505463659e-01 1.590638724846915466e+03
8.030981709177740235e-01 1.586640665169409431e+03
8.046559339850016812e-01 1.569628050699261166e+03
8.062136970522293389e-01 1.549848759512951347e+03
8.077714601194574406e-01 1.576885777249802686e+03
8.093292231866850983e-01 1.582433364984933633e+03
8.108869862539132001e-01 1.545054274465395338e+03
8.124447493211404137e-01 1.535187796282307545e+03
8.140025123883685154e-01 1.526715424856430445e+03
8.155602754555957290e-01 1.519821979420729349e+03
8.171180385228238308e-01 1.515829501975326139e+03
8.186758015900519325e-01 1.506057933851864163e+03
8.202335646572791461e-01 1.508489903772842126e+03
8.217913277245072479e-01 1.499979795780991935e+03
8.233490907917353496e-01 1.498733618128818307e+03
8.249068538589625632e-01 1.476710520881321372e+03
8.264646169261906650e-01 1.435244222050441749e+03
8.280223799934178786e-01 1.469090501905881638e+03
8.295801430606459803e-01 1.483546316936938865e+03
8.311379061278740821e-01 1.454470916120656739e+03
8.326956691951012957e-01 1.440350334316721501e+03
8.342534322623293974e-01 1.430071312991555715e+03
8.358111953295566110e-01 1.427534007193024081e+03
8.373689583967847128e-01 1.435371608518019912e+03
8.389267214640128145e-01 1.411862854418622192e+03
8.404844845312400281e-01 1.365988821325926438e+03
8.420422475984681299e-01 1.402081855871479547e+03
8.436000106656962316e-01 1.412693653903305176e+03
8.451577737329234452e-01 1.389459530351080502e+03
8.467155368001515470e-01 1.359569231144544574e+03
8.482732998673787606e-01 1.366112529925484978e+03
8.498310629346068623e-01 1.361717304955241389e+03
8.513888260018349641e-01 1.345945046837723112e+03
8.529465890690621777e-01 1.342508420480965242e+03
8.545043521362902794e-01 1.340867996512969967e+03
8.560621152035174930e-01 1.354370300259341320e+03
8.576198782707455948e-01 1.354668369886064738e+03
8.591776413379736965e-01 1.351784268411674248e+03
8.607354044052009101e-01 1.342923984757105018e+03
8.622931674724290119e-01 1.303553716012761242e+03
8.638509305396571136e-01 1.271459951999961504e+03
8.654086936068843272e-01 1.281488788750982167e+03
8.669664566741124290e-01 1.274429391561116745e+03
8.685242197413396426e-01 1.275423503184907759e+03
8.700819828085677443e-01 1.270741465870104321e+03
8.716397458757958461e-01 1.231606862790501509e+03
8.731975089430230597e-01 1.214301911400179506e+03
8.747552720102511614e-01 1.247439970781002103e+03
8.763130350774783750e-01 1.300987044032733820e+03
8.778707981447064768e-01 1.251490892784403513e+03
8.794285612119345785e-01 1.224234178151553806e+03
8.809863242791617921e-01 1.260315521400372518e+03
8.825440873463898939e-01 1.250651199699933159e+03
8.841018504136179956e-01 1.263310324542481339e+03
8.856596134808452092e-01 1.244904307868275964e+03
8.872173765480733110e-01 1.190776141608313765e+03
8.887751396153005246e-01 1.159289282888728849e+03
8.903329026825286263e-01 1.160261453153299499e+03
8.918906657497567281e-01 1.178949308391750719e+03
8.934484288169839417e-01 1.175025476553942326e+03
8.950061918842120434e-01 1.137251595562781176e+03
8.965639549514401452e-01 1.148159384514785643e+03
8.981217180186673588e-01 1.158252474513881680e+03
8.996794810858954605e-01 1.122791171737963396e+03
9.012372441531226741e-01 1.106854394171065678e+03
9.027950072203507759e-01 1.163433934487399256e+03
9.043527702875788776e-01 1.142208096454176030e+03
9.059105333548060912e-01 1.116679911679201950e+03
9.074682964220341930e-01 1.129265493630959099e+03
9.090260594892614066e-01 1.120157245598820282e+03
9.105838225564895083e-01 1.117476499202640980e+03
9.121415856237176101e-01 1.122234317289006185e+03
9.136993486909448237e-01 1.111801257524215316e+03
9.152571117581729254e-01 1.088583599585219872e+03
9.168148748254010272e-01 1.084040699156078972e+03
9.183726378926282408e-01 1.097485871913590927e+03
9.199304009598563425e-01 1.080334105681708479e+03
9.214881640270835561e-01 1.050589684222892856e+03
9.230459270943116579e-01 1.032705097800561134e+03
9.246036901615397596e-01 1.014096960910059579e+03
9.261614532287669732e-01 1.023565583493222221e+03
9.277192162959950750e-01 1.043394983345437140e+03
9.292769793632222886e-01 1.036682004271983487e+03
9.308347424304503903e-01 1.029642738588617931e+03
9.323925054976784921e-01 1.049099969917562476e+03
9.339502685649057057e-01 1.046056801149704825e+03
9.355080316321338074e-01 1.005056614305118046e+03
9.370657946993619092e-01 9.992966672557147376e+02
9.386235577665891228e-01 9.800397402077217066e+02
9.401813208338172245e-01 9.607567427892872729e+02
9.417390839010444381e-01 9.782971702891186396e+02
9.432968469682725399e-01 9.831619472322298634e+02
9.448546100355006416e-01 9.664996187388209137e+02
9.464123731027278552e-01 9.395285140654929137e+02
9.479701361699559570e-01 9.556290788162287981e+02
9.495278992371840587e-01 9.724818298802433674e+02
9.510856623044112723e-01 9.310466694378580996e+02
9.526434253716393741e-01 9.276311990807098482e+02
9.542011884388665877e-01 9.165911042767987738e+02
9.557589515060946894e-01 9.487123185496815267e+02
9.573167145733227912e-01 9.473125476297710748e+02
9.588744776405500048e-01 9.331906398252441477e+02
9.604322407077781065e-01 9.347090322285541788e+02
9.619900037750053201e-01 8.930711428529448312e+02
9.635477668422334219e-01 8.767148280482164182e+02
9.651055299094615236e-01 8.918174492363028776e+02
9.666632929766887372e-01 8.884167066352742950e+02
9.682210560439168390e-01 8.861309631464027916e+02
9.697788191111449407e-01 9.080371528346221339e+02
9.713365821783721543e-01 9.073692563430039399e+02
9.728943452456002561e-01 8.880843297317065890e+02
9.744521083128274697e-01 8.545744935331409806e+02
9.760098713800555714e-01 8.540814849661724111e+02
9.775676344472836732e-01 8.614781796238629568e+02
9.791253975145108868e-01 8.694993093783002678e+02
9.806831605817389885e-01 8.545595374952050634e+02
9.822409236489662021e-01 8.480259021629771041e+02
9.837986867161943039e-01 8.361438159164649733e+02
9.853564497834224056e-01 8.286984062984042794e+02
9.869142128506496192e-01 8.396227648458381054e+02
9.884719759178777210e-01 8.290384675916500328e+02
9.900297389851058227e-01 8.008079872191470940e+02
9.915875020523330363e-01 7.867366922217870524e+02
9.931452651195611381e-01 8.056686315801571254e+02
9.947030281867883517e-01 8.109785913828669663e+02
9.962607912540164534e-01 7.935521531934184623e+02
9.978185543212445552e-01 7.986360746985940295e+02
9.993763173884717688e-01 7.985083503497027095e+02
1.000934080455699871e+00 7.735082986261647875e+02
1.002491843522927972e+00 7.656308745486938960e+02
1.004049606590155186e+00 7.758871817197340306e+02
1.005607369657383288e+00 7.831848154690794672e+02
1.007165132724610501e+00 7.653852580397898464e+02
1.008722895791838603e+00 7.353664386913482076e+02
1.010280658859066705e+00 7.574760479936852562e+02
1.011838421926293918e+00 7.649993793939408988e+02
1.013396184993522020e+00 7.743118969285450248e+02
1.014953948060749234e+00 7.671406599495312548e+02
1.016511711127977335e+00 7.788587762097049563e+02
1.018069474195205437e+00 7.625959431615248150e+02
1.019627237262432651e+00 7.323276357559414009e+02
1.021185000329660753e+00 7.221748063409986571e+02
1.022742763396888854e+00 7.123042303155185664e+02
1.024300526464116068e+00 7.155158215729435369e+02
1.025858289531344170e+00 7.229805132965080929e+02
1.027416052598571383e+00 7.241512095138735958e+02
1.028973815665799485e+00 7.397423043406956822e+02
1.030531578733027587e+00 7.283669569185757382e+02
1.032089341800254800e+00 7.107203464476471027e+02
1.033647104867482902e+00 7.009316418030849718e+02
1.035204867934710116e+00 6.967023316509726101e+02
1.036762631001938217e+00 6.825150941142144347e+02
1.038320394069166319e+00 6.891943698423547175e+02
1.039878157136393533e+00 6.971675377647362666e+02
1.041435920203621635e+00 6.873725189014259058e+02
1.042993683270849736e+00 6.795576418585844749e+02
1.044551446338076950e+00 6.776561913593698137e+02
1.046109209405305052e+00 6.726632670614764038e+02
1.047666972472532265e+00 6.557945960895884809e+02
1.049224735539760367e+00 6.559492868027908798e+02
1.050782498606988469e+00 6.551029580163576611e+02
1.052340261674215682e+00 6.485672407154021357e+02
1.053898024741443784e+00 6.697641083645391973e+02
1.055455787808671886e+00 6.734178171989741486e+02
1.057013550875899099e+00 6.612798436506284361e+02
1.058571313943127201e+00 6.597077056545523419e+02
1.060129077010354415e+00 6.367630844871395084e+02
1.061686840077582517e+00 6.189766407976563869e+02
1.063244603144810618e+00 6.270273186162947923e+02
1.064802366212037832e+00 6.340053321834311646e+02
1.066360129279265934e+00 6.222118266307352314e+02
1.067917892346493147e+00 6.022316719683952897e+02
1.069475655413721249e+00 6.014732427062277793e+02
1.071033418480949351e+00 6.217959300641517757e+02
1.072591181548176564e+00 5.946546367079616857e+02
1.074148944615404666e+00 6.107076349131841653e+02
1.075706707682632768e+00 6.057650393673446843e+02
1.077264470749859981e+00 5.995739421477848055e+02
1.078822233817088083e+00 6.030552386525606607e+02
1.080379996884315297e+00 5.958994552268054576e+02
1.081937759951543399e+00 6.040247832677321185e+02
1.083495523018771500e+00 6.063321504999165654e+02
1.085053286085998714e+00 5.901664169255356001e+02
1.086611049153226816e+00 5.743662781603211442e+02
1.088168812220454029e+00 5.643679887723802722e+02
1.089726575287682131e+00 5.441970747978185727e+02
1.091284338354910233e+00 5.654303279773723716e+02
1.092842101422137446e+00 5.712878740397280808e+02
1.094399864489365548e+00 5.573026097031475956e+02
1.095957627556593650e+00 5.636846821567218058e+02
1.097515390623820863e+00 5.737885424767330278e+02
1.099073153691048965e+00 5.645803948148891322e+02
1.100630916758276179e+00 5.496310261071938612e+02
1.102188679825504281e+00 5.428122973892600385e+02
1.103746442892732382e+00 5.361541965654625983e+02
1.105304205959959596e+00 5.322511393134612945e+02
1.106861969027187698e+00 5.197736420082634368e+02
1.108419732094414911e+00 5.264265148193051118e+02
1.109977495161643013e+00 5.228076559993937735e+02
1.111535258228871115e+00 5.335784036800383774e+02
1.113093021296098328e+00 5.303491811657655717e+02
1.114650784363326430e+00 4.988444848276379844e+02
1.116208547430554532e+00 5.038366524046215318e+02
1.117766310497781745e+00 5.113015196260071775e+02
1.119324073565009847e+00 5.042927186727835078e+02
1.120881836632237061e+00 5.073578916018489622e+02
1.122439599699465163e+00 5.110128925074538415e+02
1.123997362766693264e+00 5.040808260051637717e+02
1.125555125833920478e+00 5.048156374645083702e+02
1.127112888901148580e+00 5.087526156907169934e+02
1.128670651968376681e+00 4.954918257780457793e+02
1.130228415035603895e+00 4.869879200139783961e+02
1.131786178102831997e+00 5.075928314566918402e+02
1.133343941170059210e+00 5.164429462220909954e+02
1.134901704237287312e+00 4.954447796800815240e+02
1.136459467304515414e+00 4.793146478120812617e+02
1.138017230371742627e+00 4.674964033552192291e+02
1.139574993438970729e+00 4.649437580206214307e+02
1.141132756506197943e+00 4.822599337177873622e+02
1.142690519573426045e+00 4.952284236379197182e+02
1.144248282640654146e+00 4.870691937245210852e+02
1.145806045707881360e+00 4.747969763247822925e+02
1.147363808775109462e+00 4.676549728925623981e+02
1.148921571842337563e+00 4.568116465881832369e+02
1.150479334909564777e+00 4.573813592063830811e+02
1.152037097976792879e+00 4.476102262495323885e+02
1.153594861044020092e+00 4.657282936491780561e+02
1.155152624111248194e+00 4.724889306961622424e+02
1.156710387178476296e+00 4.535116734099833025e+02
1.158268150245703509e+00 4.450377514233744023e+02
1.159825913312931611e+00 4.343672209618732154e+02
1.161383676380158825e+00 4.274536140239591759e+02
1.162941439447386927e+00 4.344903258015161214e+02
1.164499202514615028e+00 4.371676170939815051e+02
1.166056965581842242e+00 4.489546946668618830e+02
1.167614728649070344e+00 4.571101215491572702e+02
1.169172491716298445e+00 4.197759273423736204e+02
1.170730254783525659e+00 4.196524812541780989e+02
1.172288017850753761e+00 4.190891068049014621e+02
1.173845780917980974e+00 4.312476957662522068e+02
1.175403543985209076e+00 4.545766718665145163e+02
1.176961307052437178e+00 4.421087401131911747e+02
1.178519070119664391e+00 4.309664950441986662e+02
1.180076833186892493e+00 4.325115993146259825e+02
1.181634596254120595e+00 4.180438934830158928e+02
1.183192359321347809e+00 3.990851212202707075e+02
1.184750122388575910e+00 4.121718311841311788e+02
1.186307885455803124e+00 4.221350258532048088e+02
1.187865648523031226e+00 4.110136283740783369e+02
1.189423411590259327e+00 4.028416773785078249e+02
1.190981174657486541e+00 4.246651033444646259e+02
1.192538937724714643e+00 4.012666824557936138e+02
1.194096700791941856e+00 3.939274820404807542e+02
1.195654463859169958e+00 4.022187494783076431e+02
1.197212226926398060e+00 3.870555159348246548e+02
1.198769989993625273e+00 3.825830214328848342e+02
1.200327753060853375e+00 3.902442415065408454e+02
1.201885516128081477e+00 3.931522169619044575e+02
1.203443279195308691e+00 3.930190077653006711e+02
1.205001042262536792e+00 4.037623498268227991e+02
1.206558805329764006e+00 3.914003163484342736e+02
1.208116568396992108e+00 3.837057376074242825e+02
1.209674331464220209e+00 3.901061455266283815e+02
1.211232094531447423e+00 3.804494511367308860e+02
1.212789857598675525e+00 3.596354788357600683e+02
1.214347620665902738e+00 3.438037673489704957e+02
1.215905383733130840e+00 3.495822754427996983e+02
1.217463146800358942e+00 3.643653155129991319e+02
1.219020909867586155e+00 3.698941999693737444e+02
1.220578672934814257e+00 3.650269634739508433e+02
1.222136436002042359e+00 3.554084571502730228e+02
1.223694199069269573e+00 3.636542538679959762e+02
1.225251962136497674e+00 3.796583972492259704e+02
1.226809725203724888e+00 3.693854660661280036e+02
1.228367488270952990e+00 3.562291614556908144e+02
1.229925251338181091e+00 3.477648654823314587e+02
1.231483014405408305e+00 3.488237048666202895e+02
1.233040777472636407e+00 3.528580383255117567e+02
1.234598540539864509e+00 3.280901630247731759e+02
1.236156303607091722e+00 3.236648723284242806e+02
1.237714066674319824e+00 3.387845765004118448e+02
1.239271829741547037e+00 3.362391846484698590e+02
1.240829592808775139e+00 3.357951073271990481e+02
1.242387355876003241e+00 3.487584584652063313e+02
1.243945118943230455e+00 3.416035339410490224e+02
1.245502882010458556e+00 3.409886267590214288e+02
1.247060645077685770e+00 3.315212696676153996e+02
1.248618408144913872e+00 3.248630103688871600e+02
1.250176171212141973e+00 3.304657360768062517e+02
1.251733934279369187e+00 3.338885592866048455e+02
1.253291697346597289e+00 3.303903389033147278e+02
1.254849460413825391e+00 3.181838366288337738e+02
1.256407223481052604e+00 3.145349148655187719e+02
1.257964986548280706e+00 3.147318027743414746e+02
1.259522749615507919e+00 3.064900420250216371e+02
1.261080512682736021e+00 3.000772786649515638e+02
1.262638275749964123e+00 3.073562320240069994e+02
1.264196038817191337e+00 3.059713084983302451e+02
1.265753801884419438e+00 3.073832658518082326e+02
1.267311564951646652e+00 3.145232912549590196e+02
1.268869328018874754e+00 3.022442162092800118e+02
1.270427091086102855e+00 2.918011389554620791e+02
1.271984854153330069e+00 3.008660538107884008e+02
1.273542617220558171e+00 3.058746465995133121e+02
1.275100380287786273e+00 3.083250580645034802e+02
1.276658143355013486e+00 3.095547441691393828e+02
1.278215906422241588e+00 3.084371922571351092e+02
1.279773669489468801e+00 3.088784585992475513e+02
1.281331432556696903e+00 2.959936626059619016e+02
1.282889195623925005e+00 3.001429133798864655e+02
1.284446958691152219e+00 3.191277572085254519e+02
1.286004721758380320e+00 3.100965682589647372e+02
1.287562484825607534e+00 3.004457462171917541e+02
1.289120247892835636e+00 2.972596562199084929e+02
1.290678010960063737e+00 3.112335001471403189e+02
1.292235774027290951e+00 3.084706445020391357e+02
1.293793537094519053e+00 2.897020823378361456e+02
1.295351300161747155e+00 2.901187938334221599e+02
1.296909063228974368e+00 2.966827051357579990e+02
1.298466826296202470e+00 2.929776345359530865e+02
1.300024589363429683e+00 2.906346885515069971e+02
1.301582352430657785e+00 2.844328010195048932e+02
1.303140115497885887e+00 2.870725228178840780e+02
1.304697878565113101e+00 2.721780941758960353e+02
1.306255641632341202e+00 2.718138056384410106e+02
1.307813404699569304e+00 2.786218485312334678e+02
1.309371167766796518e+00 2.689463039462690404e+02
1.310928930834024619e+00 2.714299899141572610e+02
1.312486693901251833e+00 2.814557681801786657e+02
1.314044456968479935e+00 2.731226991227797498e+02
1.315602220035708037e+00 2.689938161936391907e+02
1.317159983102935250e+00 2.803845612305574377e+02
1.318717746170163352e+00 2.790763330948666407e+02
1.320275509237390565e+00 2.708367341631616796e+02
1.321833272304618667e+00 2.773266259228424246e+02
1.323391035371846769e+00 2.733691161834440777e+02
1.324948798439073983e+00 2.688760882726968475e+02
1.326506561506302084e+00 2.631621457751778621e+02
1.328064324573530186e+00 2.552707205860877764e+02
1.329622087640757400e+00 2.504647012825977583e+02
1.331179850707985501e+00 2.600922682945982274e+02
1.332737613775212715e+00 2.693211808250954391e+02
1.334295376842440817e+00 2.612561985040134118e+02
1.335853139909668919e+00 2.493876228848079961e+02
1.337410902976896132e+00 2.443157162700761660e+02
1.338968666044124234e+00 2.505563000196926851e+02
1.340526429111351447e+00 2.703889329901540464e+02
1.342084192178579549e+00 2.662725464708895515e+02
1.343641955245807651e+00 2.449580067814604547e+02
1.345199718313034865e+00 2.315321078922554534e+02
1.346757481380262966e+00 2.207838318726999773e+02
1.348315244447491068e+00 2.329015053426081465e+02
1.349873007514718282e+00 2.327268688933898204e+02
1.351430770581946383e+00 2.375471416335208232e+02
1.352988533649173597e+00 2.618345412287895897e+02
1.354546296716401699e+00 2.665455379875185713e+02
1.356104059783629801e+00 2.528616249792139286e+02
1.357661822850857014e+00 2.516937437717729438e+02
1.359219585918085116e+00 2.531499744741994391e+02
1.360777348985313218e+00 2.319216412988932063e+02
1.362335112052540431e+00 2.326687213375499823e+02
1.363892875119768533e+00 2.436307202287681832e+02
1.365450638186995747e+00 2.465704754255069986e+02
1.367008401254223848e+00 2.465155852784668866e+02
1.368566164321451950e+00 2.348874696903607173e+02
1.370123927388679164e+00 2.232022482224087412e+02
1.371681690455907265e+00 2.225160538306423632e+02
1.373239453523134479e+00 2.261481218465559095e+02
1.374797216590362581e+00 2.331678491758412974e+02
1.376354979657590683e+00 2.362596318633352155e+02
1.377912742724817896e+00 2.344789292355052055e+02
1.379470505792045998e+00 2.321272999525795626e+02
1.381028268859274100e+00 2.254015243666822812e+02
1.382586031926501313e+00 2.224610252610036980e+02
1.384143794993729415e+00 2.209257795778402169e+02
1.385701558060956629e+00 2.242223085356062313e+02
1.387259321128184730e+00 2.309451076852231779e+02
1.388817084195412832e+00 2.321625564740153607e+02
1.390374847262640046e+00 2.307931468542046503e+02
1.391932610329868147e+00 2.275703469015054452e+02
1.393490373397095361e+00 2.236927609408326134e+02
1.395048136464323463e+00 2.207271648011903551e+02
1.396605899531551565e+00 2.122475364308184282e+02
1.398163662598778778e+00 2.042139618806701549e+02
1.399721425666006880e+00 2.026834492448021194e+02
1.401279188733234982e+00 2.122447805407660439e+02
1.402836951800462195e+00 2.231541946381093453e+02
1.404394714867690297e+00 2.230119072609138016e+02
1.405952477934917511e+00 2.200021071747102326e+02
1.407510241002145612e+00 2.194318308126248098e+02
1.409068004069373714e+00 2.130844154918671052e+02
1.410625767136600928e+00 1.993951918757769306e+02
1.412183530203829029e+00 1.962011630554414694e+02
1.413741293271057131e+00 1.975369797296751244e+02
1.415299056338284345e+00 2.072931063165128194e+02
1.416856819405512447e+00 1.980321894811241350e+02
1.418414582472739660e+00 2.011564466259229391e+02
1.419972345539967762e+00 2.183040179167272186e+02
1.421530108607195864e+00 2.088867053478114713e+02
1.423087871674423077e+00 1.979354168826424711e+02
1.424645634741651179e+00 2.005873497489899080e+02
1.426203397808878393e+00 2.096601366842335494e+02
1.427761160876106494e+00 2.145019538752557935e+02
1.429318923943334596e+00 2.050133141655142595e+02
1.430876687010561810e+00 1.940130214258843466e+02
1.432434450077789911e+00 1.969857751688111307e+02
1.433992213145018013e+00 2.130979202911902064e+02
1.435549976212245227e+00 2.006982166487514689e+02
1.437107739279473329e+00 1.923439234369194253e+02
1.438665502346700542e+00 1.961615208366536365e+02
1.440223265413928644e+00 1.913013458454041427e+02
1.441781028481156746e+00 1.899141566939676977e+02
1.443338791548383959e+00 1.920229554263351304e+02
1.444896554615612061e+00 1.885106473227016011e+02
1.446454317682839275e+00 1.862858269680154706e+02
1.448012080750067376e+00 1.947531697115284146e+02
1.449569843817295478e+00 2.018515947898462173e+02
1.451127606884522692e+00 2.012742837607043782e+02
1.452685369951750793e+00 1.911930980230133628e+02
1.454243133018978895e+00 1.960301193663763399e+02
1.455800896086206109e+00 1.938443555129845208e+02
1.457358659153434211e+00 1.813683247949684869e+02
1.458916422220661424e+00 1.839824347819527759e+02
1.460474185287889526e+00 1.900098152711891260e+02
1.462031948355117628e+00 1.856926455342224074e+02
1.463589711422344841e+00 1.811276048789814013e+02
1.465147474489572943e+00 1.813085948599396886e+02
1.466705237556801045e+00 1.783721294758657905e+02
1.468263000624028258e+00 1.733653572365865898e+02
1.469820763691256360e+00 1.880998538725739877e+02
1.471378526758483574e+00 1.890413809611330294e+02
1.472936289825711675e+00 1.852380212555886771e+02
1.474494052892939777e+00 1.819966309370782369e+02
1.476051815960166991e+00 1.775276347957155281e+02
1.477609579027395093e+00 1.739755941464414946e+02
1.479167342094622306e+00 1.685542877202563545e+02
1.480725105161850408e+00 1.677965116023933945e+02
1.482282868229078510e+00 1.746047815759403932e+02
1.483840631296305723e+00 1.852098084251645957e+02
1.485398394363533825e+00 1.847536025988097492e+02
1.486956157430761927e+00 1.777953891505058550e+02
1.488513920497989140e+00 1.839117947568424256e+02
1.490071683565217242e+00 1.863207143059431417e+02
1.491629446632444456e+00 1.792954551670274839e+02
1.493187209699672557e+00 1.722039720426831195e+02
1.494744972766900659e+00 1.691974298728751478e+02
1.496302735834127873e+00 1.692908338650357507e+02
1.497860498901355975e+00 1.712812065545329858e+02
1.499418261968583188e+00 1.734047912504346129e+02
1.500976025035811290e+00 1.769189476496613622e+02
1.502533788103039392e+00 1.795062777456568881e+02
1.504091551170266605e+00 1.919660879820892490e+02
1.505649314237494707e+00 1.906363445234731273e+02
1.507207077304722809e+00 1.760434605648396769e+02
1.508764840371950022e+00 1.736971563292978828e+02
1.510322603439178124e+00 1.668374168884494111e+02
1.511880366506405338e+00 1.699571927537301974e+02
1.513438129573633439e+00 1.774331341808517095e+02
1.514995892640861541e+00 1.737320462268451422e+02
1.516553655708088755e+00 1.700660420838395908e+02
1.518111418775316857e+00 1.652862105196666391e+02
1.519669181842544070e+00 1.586109771666466770e+02
1.521226944909772172e+00 1.649718992549343852e+02
1.522784707977000274e+00 1.748796585886934167e+02
1.524342471044227487e+00 1.726292763124841088e+02
1.525900234111455589e+00 1.642380837256427810e+02
1.527457997178683691e+00 1.611027975006810209e+02
1.529015760245910904e+00 1.620865018532827548e+02
1.530573523313139006e+00 1.576308936923119006e+02
1.532131286380366220e+00 1.570966538140595787e+02
1.533689049447594321e+00 1.581699835514178574e+02
1.535246812514822423e+00 1.560383522036762258e+02
1.536804575582049637e+00 1.635034611128521078e+02
1.538362338649277739e+00 1.699609977000889103e+02
1.539920101716505840e+00 1.601959763424790140e+02
1.541477864783733054e+00 1.646253050864373506e+02
1.543035627850961156e+00 1.620708048717549445e+02
1.544593390918188369e+00 1.565970041210229056e+02
1.546151153985416471e+00 1.633678197430758701e+02
1.547708917052644573e+00 1.626728795667749239e+02
1.549266680119871786e+00 1.600012024088894407e+02
1.550824443187099888e+00 1.602320127129790990e+02
1.552382206254327102e+00 1.603958756932393328e+02
1.553939969321555203e+00 1.643600618271383382e+02
1.555497732388783305e+00 1.678626159604712598e+02
1.557055495456010519e+00 1.647646870704572848e+02
1.558613258523238621e+00 1.619386289331600324e+02
1.560171021590466722e+00 1.571778667646063923e+02
1.561728784657693936e+00 1.559112314084404147e+02
1.563286547724922038e+00 1.541263465449055161e+02
1.564844310792149251e+00 1.504591783379374021e+02
1.566402073859377353e+00 1.549018570833355852e+02
1.567959836926605455e+00 1.604063494660720721e+02
1.569517599993832668e+00 1.578929917860184275e+02
1.571075363061060770e+00 1.459329524385272805e+02
1.572633126128287984e+00 1.458457394790352737e+02
1.574190889195516085e+00 1.486295987057482932e+02
1.575748652262744187e+00 1.532128949813453289e+02
1.577306415329971401e+00 1.507790727109119189e+02
1.578864178397199503e+00 1.576872053377861107e+02
1.580421941464427604e+00 1.562153816633506551e+02
1.581979704531654818e+00 1.529052337473993646e+02
1.583537467598882920e+00 1.514377153273008219e+02
1.585095230666110133e+00 1.448157463117684358e+02
1.586652993733338235e+00 1.458182685685144122e+02
1.588210756800566337e+00 1.480176217657111408e+02
1.589768519867793550e+00 1.475662567125966120e+02
1.591326282935021652e+00 1.442346386521273871e+02
1.592884046002249754e+00 1.376680471345312071e+02
1.594441809069476967e+00 1.344967438790798440e+02
1.595999572136705069e+00 1.446113607311371538e+02
1.597557335203932283e+00 1.500298527230308139e+02
1.599115098271160385e+00 1.494268116872474934e+02
1.600672861338388486e+00 1.480831537230008053e+02
1.602230624405615700e+00 1.462967438527931279e+02
1.603788387472843802e+00 1.452756550439456191e+02
1.605346150540071015e+00 1.453725374011582403e+02
1.606903913607299117e+00 1.448311846296992655e+02
1.608461676674527219e+00 1.483902027102342061e+02
1.610019439741754432e+00 1.392521743524707745e+02
1.611577202808982534e+00 1.321149034617714619e+02
1.613134965876210636e+00 1.379761266805809612e+02
1.614692728943437849e+00 1.398759660123650121e+02
1.616250492010665951e+00 1.345548952674899397e+02
1.617808255077893165e+00 1.331362580641070963e+02
1.619366018145121267e+00 1.396968497436175767e+02
1.620923781212349368e+00 1.379498828899107821e+02
1.622481544279576582e+00 1.419063384619159365e+02
1.624039307346804684e+00 1.455003471392029439e+02
1.625597070414031897e+00 1.423121621285422975e+02
1.627154833481259999e+00 1.447835230423090991e+02
1.628712596548488101e+00 1.451496256374777545e+02
1.630270359615715314e+00 1.419314636254516984e+02
1.631828122682943416e+00 1.382033271800941066e+02
1.633385885750171518e+00 1.381106584847071588e+02
1.634943648817398731e+00 1.396647308839565369e+02
1.636501411884626833e+00 1.407839524933094424e+02
1.638059174951854047e+00 1.427538776829485130e+02
1.639616938019082149e+00 1.446397518864349649e+02
1.641174701086310250e+00 1.336747620336272178e+02
1.642732464153537464e+00 1.308867659980738836e+02
1.644290227220765566e+00 1.315619973178076236e+02
1.645847990287993667e+00 1.299629569072350819e+02
1.647405753355220881e+00 1.323905281657947342e+02
1.648963516422448983e+00 1.315953186030898792e+02
1.650521279489676196e+00 1.276494738090362375e+02
1.652079042556904298e+00 1.308404852524068076e+02
1.653636805624132400e+00 1.325933281934104002e+02
1.655194568691359613e+00 1.433146414936585415e+02
1.656752331758587715e+00 1.350243271224042019e+02
1.658310094825814929e+00 1.252411266427527892e+02
1.659867857893043031e+00 1.317244520029771593e+02
1.661425620960271132e+00 1.377729688739348717e+02
1.662983384027498346e+00 1.379645662684574177e+02
1.664541147094726448e+00 1.349132953682632206e+02
1.666098910161954549e+00 1.312140198041009285e+02
1.667656673229181763e+00 1.262549653031608443e+02
1.669214436296409865e+00 1.296165880175813641e+02
1.670772199363637078e+00 1.267043790346612724e+02
1.672329962430865180e+00 1.349782627944949240e+02
1.673887725498093282e+00 1.327783483199746684e+02
1.675445488565320495e+00 1.278461498821389739e+02
1.677003251632548597e+00 1.299300600257270730e+02
1.678561014699775811e+00 1.298784899298499056e+02
1.680118777767003913e+00 1.328570244012827857e+02
1.681676540834232014e+00 1.360185537268042992e+02
1.683234303901459228e+00 1.302664113780328421e+02
1.684792066968687330e+00 1.309173240983898268e+02
1.686349830035915431e+00 1.308915202012312307e+02
1.687907593103142645e+00 1.226139459741860236e+02
1.689465356170370747e+00 1.266866406688321121e+02
1.691023119237597960e+00 1.266387907095464413e+02
1.692580882304826062e+00 1.213088040803629184e+02
1.694138645372054164e+00 1.216773643904897000e+02
1.695696408439281377e+00 1.219525335367657988e+02
1.697254171506509479e+00 1.237994783829653898e+02
1.698811934573737581e+00 1.276143734259020448e+02
1.700369697640964795e+00 1.228582246237879474e+02
1.701927460708192896e+00 1.239179571612375668e+02
1.703485223775420110e+00 1.239497024392910731e+02
1.705042986842648212e+00 1.184633924823550757e+02
1.706600749909876313e+00 1.224693704456440599e+02
1.708158512977103527e+00 1.253450533222717524e+02
1.709716276044331629e+00 1.246288006108277386e+02
1.711274039111558842e+00 1.264330737659098673e+02
1.712831802178786944e+00 1.275333849179879877e+02
1.714389565246015046e+00 1.264727064876088178e+02
1.715947328313242259e+00 1.259429602065935541e+02
1.717505091380470361e+00 1.280235311928396413e+02
1.719062854447698463e+00 1.287043875282575698e+02
1.720620617514925677e+00 1.249595295824451711e+02
1.722178380582153778e+00 1.263093675059907923e+02
1.723736143649380992e+00 1.228086633249433248e+02
1.725293906716609094e+00 1.155911869824950458e+02
1.726851669783837195e+00 1.192198001135404439e+02
1.728409432851064409e+00 1.209413597629903308e+02
1.729967195918292511e+00 1.207086248554571029e+02
1.731524958985519724e+00 1.219078770797884914e+02
1.733082722052747826e+00 1.209663293988305526e+02
1.734640485119975928e+00 1.224859956451814895e+02
1.736198248187203141e+00 1.205807217604001096e+02
1.737756011254431243e+00 1.186063562359212682e+02
1.739313774321659345e+00 1.208496784145228276e+02
1.740871537388886559e+00 1.231656714939751822e+02
1.742429300456114660e+00 1.188721051312569728e+02
1.743987063523341874e+00 1.156122356880487558e+02
1.745544826590569976e+00 1.226712005186610668e+02
1.747102589657798077e+00 1.197974858292405713e+02
1.748660352725025291e+00 1.149078169960247067e+02
1.750218115792253393e+00 1.161198909606810048e+02
1.751775878859480606e+00 1.126599243775704622e+02
1.753333641926708708e+00 1.115196341534871038e+02
1.754891404993936810e+00 1.148964795579604186e+02
1.756449168061164023e+00 1.141681549572634395e+02
1.758006931128392125e+00 1.221600018852393958e+02
1.759564694195620227e+00 1.151935737951235126e+02
1.761122457262847441e+00 1.149875695415635022e+02
1.762680220330075542e+00 1.141693895676154398e+02
1.764237983397302756e+00 1.103236018814169341e+02
1.765795746464530858e+00 1.210713702266998695e+02
1.767353509531758959e+00 1.255011747557879289e+02
1.768911272598986173e+00 1.207059749951986021e+02
1.770469035666214275e+00 1.185811567519083951e+02
1.772026798733442376e+00 1.204673570819541055e+02
1.773584561800669590e+00 1.148940491347115653e+02
1.775142324867897692e+00 1.120348687464479696e+02
1.776700087935124905e+00 1.179508024219182545e+02
1.778257851002353007e+00 1.227867939125505643e+02
1.779815614069581109e+00 1.203647034849964115e+02
1.781373377136808323e+00 1.188112709303064918e+02
1.782931140204036424e+00 1.180799949315647410e+02
1.784488903271263638e+00 1.152189908078738227e+02
1.786046666338491740e+00 1.082477388207320388e+02
1.787604429405719841e+00 1.132013962356212744e+02
1.789162192472947055e+00 1.074930794393230400e+02
1.790719955540175157e+00 1.078540793358775147e+02
1.792277718607403258e+00 1.100961596086382599e+02
1.793835481674630472e+00 1.019037020266065809e+02
1.795393244741858574e+00 1.003833756197697795e+02
1.796951007809085787e+00 1.103163246893662404e+02
1.798508770876313889e+00 1.136041644009673917e+02
1.800066533943541991e+00 1.031807735594933604e+02
1.801624297010769205e+00 1.066233269643523016e+02
1.803182060077997306e+00 1.104883238057561101e+02
1.804739823145224520e+00 1.129987911707355011e+02
1.806297586212452622e+00 1.153186339630584598e+02
1.807855349279680723e+00 1.147707441815647798e+02
1.809413112346907937e+00 1.100592648247477428e+02
1.810970875414136039e+00 1.060668522092145452e+02
1.812528638481364140e+00 1.070157081168090656e+02
1.814086401548591354e+00 1.042983650693415711e+02
1.815644164615819456e+00 1.020969704419698019e+02
1.817201927683046669e+00 1.118435360312350610e+02
1.818759690750274771e+00 1.080115695956911992e+02
1.820317453817502873e+00 1.086077452047955916e+02
1.821875216884730087e+00 1.023473272269414736e+02
1.823432979951958188e+00 9.578661430513695052e+01
1.824990743019186290e+00 1.054467786524749897e+02
1.826548506086413504e+00 1.097732694913492253e+02
1.828106269153641605e+00 1.100127275805078284e+02
1.829664032220868819e+00 1.085569074928167908e+02
1.831221795288096921e+00 1.075018128617114996e+02
1.832779558355325022e+00 1.112687598521978600e+02
1.834337321422552236e+00 1.054637465177358848e+02
1.835895084489780338e+00 1.038649078477358074e+02
1.837452847557007551e+00 1.081497816730422841e+02
1.839010610624235653e+00 9.982175255027783578e+01
1.840568373691463755e+00 1.006587096837031083e+02
1.842126136758690969e+00 1.086641529887588433e+02
1.843683899825919070e+00 1.085586009394403959e+02
1.845241662893147172e+00 1.060666930159255941e+02
1.846799425960374386e+00 1.022571653220952470e+02
1.848357189027602487e+00 9.751029162019611363e+01
1.849914952094829701e+00 1.020892845433434672e+02
1.851472715162057803e+00 1.034750875824414749e+02
1.853030478229285904e+00 1.104194959618780274e+02
1.854588241296513118e+00 1.112588375466456085e+02
1.856146004363741220e+00 9.711841460884866706e+01
1.857703767430968433e+00 9.942217565526351564e+01
1.859261530498196535e+00 1.020479001258449188e+02
1.860819293565424637e+00 9.780938704507620685e+01
1.862377056632651851e+00 9.375291091867562443e+01
1.863934819699879952e+00 9.213764498996611962e+01
1.865492582767108054e+00 1.069384069778732709e+02
1.867050345834335268e+00 1.043793923815552063e+02
1.868608108901563369e+00 9.698219507629144687e+01
1.870165871968790583e+00 9.909921025770850633e+01
1.871723635036018685e+00 9.796712671306342202e+01
1.873281398103246786e+00 9.976393060406277868e+01
1.874839161170474000e+00 1.015041472829654481e+02
1.876396924237702102e+00 1.050430459109341541e+02
1.877954687304930204e+00 1.085210445628311220e+02
1.879512450372157417e+00 1.072292646788208970e+02
1.881070213439385519e+00 1.039501546339465961e+02
1.882627976506612733e+00 9.820028595132690441e+01
1.884185739573840834e+00 9.711855601694676920e+01
1.885743502641068936e+00 1.026464491077277472e+02
1.887301265708296150e+00 1.043366411100357851e+02
1.888859028775524251e+00 1.033218859661637765e+02
1.890416791842751465e+00 9.485114005246836655e+01
1.891974554909979567e+00 9.103469099697306888e+01
1.893532317977207668e+00 9.262005000384650089e+01
1.895090081044434882e+00 9.470438372110021419e+01
1.896647844111662984e+00 9.868093948584981945e+01
1.898205607178891086e+00 9.303330115763100139e+01
1.899763370246118299e+00 1.005453870234330083e+02
1.901321133313346401e+00 9.587873395376001895e+01
1.902878896380573615e+00 9.310405920849132144e+01
1.904436659447801716e+00 9.891288694101261569e+01
1.905994422515029818e+00 9.578174057647527206e+01
1.907552185582257032e+00 9.504000789902751478e+01
1.909109948649485133e+00 9.319844184111769891e+01
1.910667711716712347e+00 8.825605627073811377e+01
1.912225474783940449e+00 8.948056673354754764e+01
1.913783237851168550e+00 9.375197092777632690e+01
1.915341000918395764e+00 9.279501321312280027e+01
1.916898763985623866e+00 8.994717591030213555e+01
1.918456527052851968e+00 8.952978105409042087e+01
1.920014290120079181e+00 8.940658711551785132e+01
1.921572053187307283e+00 8.655262254685581524e+01
1.923129816254534497e+00 9.285665915953535432e+01
1.924687579321762598e+00 9.326147743207738472e+01
1.926245342388990700e+00 8.948070760385174083e+01
1.927803105456217914e+00 9.129264403759169966e+01
1.929360868523446015e+00 9.028383238086489371e+01
1.930918631590673229e+00 9.222778817310737054e+01
1.932476394657901331e+00 8.280106954775439476e+01
1.934034157725129432e+00 8.776182331408659820e+01
1.935591920792356646e+00 9.382581325017433471e+01
1.937149683859584748e+00 9.017980652546958709e+01
1.938707446926812850e+00 9.279652878348305478e+01
1.940265209994040063e+00 8.784661898447272677e+01
1.941822973061268165e+00 8.719952360272250758e+01
1.943380736128495379e+00 9.163267102812791620e+01
1.944938499195723480e+00 9.143403624986127909e+01
1.946496262262951582e+00 9.110993301453522974e+01
1.948054025330178796e+00 8.947580651150754250e+01
1.949611788397406897e+00 9.211850985251183488e+01
1.951169551464634999e+00 9.415038508695759845e+01
1.952727314531862213e+00 9.085443113831479423e+01
1.954285077599090314e+00 8.362110047927455980e+01
1.955842840666317528e+00 8.485772617518635741e+01
1.957400603733545630e+00 9.117227664540955345e+01
1.958958366800773732e+00 8.603161221108015866e+01
1.960516129868000945e+00 8.174413353949667282e+01
1.962073892935229047e+00 8.694612973786033194e+01
1.963631656002456261e+00 9.014937824633315699e+01
1.965189419069684362e+00 8.887067292661168949e+01
1.966747182136912464e+00 8.412901518766950915e+01
1.968304945204139678e+00 8.594500259581680268e+01
1.969862708271367779e+00 8.996655822420107995e+01
1.971420471338595881e+00 1.002209885642795513e+02
1.972978234405823095e+00 1.014056375716698142e+02
1.974535997473051196e+00 9.506037477521169876e+01
1.976093760540278410e+00 9.066210672205193077e+01
1.977651523607506512e+00 8.944314728285695537e+01
1.979209286674734614e+00 8.990382838384452668e+01
1.980767049741961827e+00 8.670632487118749054e+01
1.982324812809189929e+00 8.646533462600140751e+01
1.983882575876417143e+00 9.097281813636620029e+01
1.985440338943645244e+00 9.849546689392958854e+01
1.986998102010873346e+00 8.749680299064782218e+01
1.988555865078100560e+00 9.007285997370111374e+01
1.990113628145328661e+00 8.993162963665494658e+01
1.991671391212556763e+00 8.381110990467827548e+01
1.993229154279783977e+00 8.784698295506814247e+01
1.994786917347012078e+00 8.883262150727664164e+01
1.996344680414239292e+00 8.730034876020825152e+01
1.997902443481467394e+00 9.227176261528391876e+01
1.999460206548695496e+00 9.369885183161308362e+01
2.001017969615922709e+00 8.423495619694334380e+01
2.002575732683150811e+00 8.639711033034615184e+01
2.004133495750378913e+00 8.910382591607785230e+01
2.005691258817606126e+00 8.433078293784797097e+01
2.007249021884834228e+00 8.054446503888027564e+01
2.008806784952061442e+00 8.169095553862889858e+01
2.010364548019289543e+00 8.098588597430556035e+01
2.011922311086517645e+00 7.989426071005847518e+01
2.013480074153744859e+00 7.938329994335553863e+01
2.015037837220972960e+00 7.637225432065088171e+01
2.016595600288200174e+00 7.485849745606019212e+01
2.018153363355428276e+00 7.947202182427831474e+01
2.019711126422656378e+00 8.052069400961808299e+01
2.021268889489883591e+00 8.473933810404379585e+01
2.022826652557111693e+00 8.675832639555123649e+01
2.024384415624339795e+00 8.239387237775048334e+01
2.025942178691567008e+00 8.397111929934548868e+01
2.027499941758795110e+00 8.203596051161230207e+01
2.029057704826022324e+00 8.201912235078998492e+01
2.030615467893250425e+00 8.625794304976089677e+01
2.032173230960478527e+00 8.773672937307934205e+01
2.033730994027705741e+00 8.502293784112741548e+01
2.035288757094933842e+00 7.885774801883721352e+01
2.036846520162161056e+00 8.544224822058663449e+01
2.038404283229389158e+00 8.323570207495417606e+01
2.039962046296617260e+00 8.817908932158319146e+01
2.041519809363844473e+00 8.900772687117571991e+01
2.043077572431072575e+00 8.887393240701446473e+01
2.044635335498300677e+00 8.513132734033001725e+01
2.046193098565527890e+00 7.986012580832216656e+01
2.047750861632755992e+00 8.038210774610843146e+01
2.049308624699983206e+00 8.238381955452007332e+01
2.050866387767211307e+00 8.253542803619903623e+01
2.052424150834439409e+00 7.749366316744705330e+01
2.053981913901666623e+00 7.759367758776672019e+01
2.055539676968894724e+00 8.049337398352368211e+01
2.057097440036122826e+00 7.756086852206213678e+01
2.058655203103350040e+00 8.430172495042830860e+01
2.060212966170578142e+00 7.801299733037026840e+01
2.061770729237805355e+00 8.466291182301104357e+01
2.063328492305033457e+00 8.641392507205637230e+01
2.064886255372261559e+00 7.784956685592587178e+01
2.066444018439488772e+00 7.443600595456700830e+01
2.068001781506716874e+00 7.349818212684131424e+01
2.069559544573944088e+00 7.460026967676185450e+01
2.071117307641172189e+00 7.298874931395629062e+01
2.072675070708400291e+00 7.955400450921231936e+01
2.074232833775627505e+00 7.566335570616318762e+01
2.075790596842855606e+00 7.212700977636097832e+01
2.077348359910083708e+00 8.332718407722293819e+01
2.078906122977310922e+00 8.179846519503411173e+01
2.080463886044539024e+00 7.876825758650784337e+01
2.082021649111766237e+00 8.040756127651003737e+01
2.083579412178994339e+00 7.881611150993754222e+01
2.085137175246222441e+00 7.635582099151064028e+01
2.086694938313449654e+00 7.965168222025496902e+01
2.088252701380677756e+00 7.988638324410776193e+01
2.089810464447904970e+00 7.233457489986034261e+01
2.091368227515133071e+00 8.063677662602665919e+01
2.092925990582361173e+00 8.239696878796362967e+01
2.094483753649588387e+00 7.735920771820161690e+01
2.096041516716816488e+00 7.692049199336905474e+01
2.097599279784044590e+00 7.378686350687668494e+01
2.099157042851271804e+00 7.318615689731151974e+01
2.100714805918499906e+00 7.632669899981935657e+01
2.102272568985727119e+00 7.953704942949089229e+01
2.103830332052955221e+00 7.848136837991509651e+01
2.105388095120183323e+00 7.913933408937602110e+01
2.106945858187410536e+00 8.358134400429642596e+01
2.108503621254638638e+00 7.305222026559572157e+01
2.110061384321866740e+00 7.099917372146593664e+01
2.111619147389093953e+00 6.946249395405072846e+01
2.113176910456322055e+00 7.178194260096248058e+01
2.114734673523549269e+00 8.061887110594328476e+01
2.116292436590777370e+00 7.647780542842079399e+01
2.117850199658005472e+00 7.908572716133527081e+01
2.119407962725232686e+00 8.007283012064328886e+01
2.120965725792460788e+00 7.541598278196114791e+01
2.122523488859688001e+00 7.230141376425292776e+01
2.124081251926916103e+00 6.979632404824076275e+01
2.125639014994144205e+00 7.148442617213738970e+01
2.127196778061371418e+00 6.671803488895230316e+01
2.128754541128599520e+00 7.152364444757063211e+01
2.130312304195827622e+00 6.771905909225604603e+01
2.131870067263054835e+00 7.021754156412984571e+01
2.133427830330282937e+00 7.373457303971910903e+01
2.134985593397510151e+00 7.400259039482153867e+01
2.136543356464738252e+00 7.428039322605354755e+01
2.138101119531966354e+00 7.474916868496374889e+01
2.139658882599193568e+00 7.351363035151084091e+01
2.141216645666421670e+00 7.011836948143300674e+01
2.142774408733648883e+00 7.086747097235642912e+01
2.144332171800876985e+00 7.615316414371146436e+01
2.145889934868105087e+00 7.736429552989865499e+01
2.147447697935332300e+00 7.183286447709403433e+01
2.149005461002560402e+00 6.879493039509958408e+01
2.150563224069788504e+00 6.923727691992156963e+01
2.152120987137015717e+00 7.487375417410899558e+01
2.153678750204243819e+00 7.360727886862477476e+01
2.155236513271471033e+00 7.047835267914028634e+01
2.156794276338699134e+00 7.261855451511293325e+01
2.158352039405927236e+00 7.302341814433809475e+01
2.159909802473154450e+00 7.212984324098464128e+01
2.161467565540382552e+00 7.045072016769157131e+01
2.163025328607609765e+00 7.252488692529503567e+01
2.164583091674837867e+00 7.623050559254993175e+01
2.166140854742065969e+00 7.317001195657947221e+01
2.167698617809293182e+00 7.153702283145081253e+01
2.169256380876521284e+00 6.807538438538105652e+01
2.170814143943749386e+00 6.367942459331327143e+01
2.172371907010976599e+00 6.767061053850984820e+01
2.173929670078204701e+00 7.233705199811319630e+01
2.175487433145431915e+00 6.833093295600328076e+01
2.177045196212660016e+00 6.462920241516046360e+01
2.178602959279888118e+00 6.789497491897317616e+01
2.180160722347115332e+00 6.988766991808526541e+01
2.181718485414343434e+00 6.620659923156840421e+01
2.183276248481571535e+00 6.688472183312022423e+01
2.184834011548798749e+00 6.945494441069165248e+01
2.186391774616026851e+00 7.268572130832474443e+01
2.187949537683254064e+00 6.559254962615941054e+01
2.189507300750482166e+00 6.320222967875908893e+01
2.191065063817710268e+00 6.714044322090545336e+01
2.192622826884937481e+00 7.261827464221060779e+01
2.194180589952165583e+00 7.108386563787274781e+01
2.195738353019392797e+00 6.649763070455576042e+01
2.197296116086620898e+00 6.745658176493061831e+01
2.198853879153849000e+00 6.864018230651861074e+01
2.200411642221076214e+00 6.898700052538458749e+01
2.201969405288304316e+00 7.481952708457535550e+01
2.203527168355532417e+00 6.761245632850824450e+01
2.205084931422759631e+00 6.620392921094627070e+01
2.206642694489987733e+00 6.924410502730833628e+01
2.208200457557214946e+00 6.661111952974120243e+01
2.209758220624443048e+00 7.270703852210480989e+01
2.211315983691671150e+00 7.179258283116378436e+01
2.212873746758898363e+00 6.848956514529935191e+01
2.214431509826126465e+00 6.747228049674843930e+01
2.215989272893353679e+00 6.248140175364122229e+01
2.217547035960581781e+00 5.999768027712012497e+01
2.219104799027809882e+00 6.272328697082108562e+01
2.220662562095037096e+00 6.742410729727629359e+01
2.222220325162265198e+00 7.594642774692499643e+01
2.223778088229493299e+00 7.910832159386703211e+01
2.225335851296720513e+00 6.390078998529990884e+01
2.226893614363948615e+00 6.075001948844714406e+01
2.228451377431175828e+00 6.575839926169693683e+01
2.230009140498403930e+00 6.226119531348885516e+01
2.231566903565632032e+00 6.161793380825587008e+01
2.233124666632859245e+00 6.451214928233773094e+01
2.234682429700087347e+00 6.476414781900466267e+01
2.236240192767315449e+00 6.289188789265537594e+01
2.237797955834542663e+00 6.353705560575472333e+01
2.239355718901770764e+00 6.686776039657156900e+01
2.240913481968997978e+00 6.568804098147408865e+01
2.242471245036226080e+00 6.501483281689206706e+01
2.244029008103454181e+00 5.932309365538169033e+01
2.245586771170681395e+00 5.978061824555005188e+01
2.247144534237909497e+00 6.698536622169388011e+01
2.248702297305136710e+00 6.881855980231064507e+01
2.250260060372364812e+00 6.873416844266617431e+01
2.251817823439592914e+00 6.709272146766980427e+01
2.253375586506820127e+00 6.496214929230725943e+01
2.254933349574048229e+00 6.565496169452366360e+01
2.256491112641276331e+00 6.252287940149068390e+01
2.258048875708503545e+00 6.461719765599691812e+01
2.259606638775731646e+00 6.025986968139494593e+01
2.261164401842958860e+00 4.960310165465489973e+01
2.262722164910186962e+00 5.482881798063285572e+01
2.264279927977415063e+00 6.327690854751651983e+01
2.265837691044642277e+00 7.017494892093743886e+01
2.267395454111870379e+00 6.353188459279819966e+01
2.268953217179097592e+00 5.988587347557843543e+01
2.270510980246325694e+00 6.408743986897727041e+01
2.272068743313553796e+00 6.259824401262081750e+01
2.273626506380781009e+00 6.123680782514911414e+01
2.275184269448009111e+00 6.239340321910475495e+01
2.276742032515237213e+00 6.404731546017146115e+01
2.278299795582464427e+00 6.264919881098006726e+01
2.279857558649692528e+00 6.338362148672676710e+01
2.281415321716919742e+00 6.458994735564556322e+01
2.282973084784147844e+00 6.275885359362250426e+01
2.284530847851375945e+00 6.490904653853230855e+01
2.286088610918603159e+00 6.550597402893625087e+01
2.287646373985831261e+00 6.035396715502050569e+01
2.289204137053059362e+00 6.125017585067118375e+01
2.290761900120286576e+00 6.113700208865859054e+01
2.292319663187514678e+00 5.346086195694311982e+01
2.293877426254741891e+00 5.065544682674293142e+01
2.295435189321969993e+00 5.366766793988033868e+01
2.296992952389198095e+00 5.437557825405370693e+01
2.298550715456425309e+00 6.634901227795128875e+01
2.300108478523653410e+00 7.157088963459699471e+01
2.301666241590880624e+00 6.353561652850120112e+01
2.303224004658108726e+00 5.703718450337574097e+01
2.304781767725336827e+00 5.609566878276204704e+01
2.306339530792564041e+00 6.110246184915155965e+01
2.307897293859792143e+00 6.150152789244697971e+01
2.309455056927020244e+00 6.446284260585650827e+01
2.311012819994247458e+00 6.456155593984503582e+01
2.312570583061475560e+00 5.912913177336181292e+01
2.314128346128702773e+00 5.891209205985760633e+01
2.315686109195930875e+00 6.030208394529282145e+01
2.317243872263158977e+00 5.441472874841493024e+01
2.318801635330386191e+00 4.891095523322967153e+01
2.320359398397614292e+00 5.500652753208703416e+01
2.321917161464841506e+00 5.348820201197198543e+01
2.323474924532069608e+00 5.201895088056980399e+01
2.325032687599297709e+00 6.157564772252545282e+01
2.326590450666524923e+00 5.828962767988056015e+01
2.328148213733753025e+00 5.396083152414423978e+01
2.329705976800981126e+00 5.618555630588840444e+01
2.331263739868208340e+00 5.206440758196754359e+01
2.332821502935436442e+00 4.885981031580671896e+01
2.334379266002663655e+00 5.651682296519066995e+01
2.335937029069891757e+00 6.532363101310748732e+01
2.337494792137119859e+00 6.568895427289649547e+01
2.339052555204347073e+00 6.074370115345630694e+01
2.340610318271575174e+00 5.793859784382116374e+01
2.342168081338802388e+00 5.494321812550218453e+01
2.343725844406030490e+00 5.892117095405414773e+01
2.345283607473258591e+00 6.060371883884869249e+01
2.346841370540485805e+00 6.059393939528153794e+01
2.348399133607713907e+00 5.671612294730065429e+01
2.349956896674942008e+00 5.254534462908233650e+01
2.351514659742169222e+00 5.747061779603561860e+01
2.353072422809397324e+00 6.000397003007838492e+01
2.354630185876624537e+00 5.385217516788139136e+01
2.356187948943852639e+00 4.837859352562374227e+01
2.357745712011080741e+00 5.210502084853099092e+01
2.359303475078307955e+00 5.647282290770957758e+01
2.360861238145536056e+00 5.126287965284381443e+01
2.362419001212764158e+00 5.249657184786896380e+01
2.363976764279991372e+00 5.838758488839699368e+01
2.365534527347219473e+00 5.817614301537152954e+01
2.367092290414446687e+00 5.281244105554804946e+01
2.368650053481674789e+00 4.887674198545528270e+01
2.370207816548902890e+00 4.765645633188298547e+01
2.371765579616130104e+00 5.068005624196069903e+01
2.373323342683358206e+00 5.217002320922880898e+01
2.374881105750585419e+00 4.869596583131713885e+01
2.376438868817813521e+00 4.883072784226629182e+01
2.377996631885041623e+00 5.071258284398048488e+01
2.379554394952268837e+00 5.143047030744390469e+01
2.381112158019496938e+00 5.474489621936101003e+01
2.382669921086725040e+00 5.426240999064674497e+01
2.384227684153952254e+00 5.883943073650520006e+01
2.385785447221180355e+00 5.299791267273209172e+01
2.387343210288407569e+00 4.952205978162579214e+01
2.388900973355635671e+00 5.282234063829359627e+01
2.390458736422863772e+00 5.308319577069507744e+01
2.392016499490090986e+00 5.384015730208219708e+01
2.393574262557319088e+00 5.374385719447016641e+01
2.395132025624546301e+00 5.323678154106148952e+01
2.396689788691774403e+00 5.376591881943269868e+01
2.398247551759002505e+00 5.520306278828194735e+01
2.399805314826229719e+00 5.183828900602833301e+01
2.401363077893457820e+00 5.467772975929741364e+01
2.402920840960685922e+00 5.875727538077396161e+01
2.404478604027913136e+00 5.179459667364955777e+01
2.406036367095141237e+00 5.272579073674044992e+01
2.407594130162368451e+00 5.478022847449166477e+01
2.409151893229596553e+00 5.387112471939352787e+01
2.410709656296824654e+00 5.333134131375641829e+01
2.412267419364051868e+00 5.307601679083189339e+01
2.413825182431279970e+00 5.412305314352228436e+01
2.415382945498508072e+00 5.394826320683441168e+01
2.416940708565735285e+00 5.295178814233599951e+01
2.418498471632963387e+00 5.278707528105044844e+01
2.420056234700190601e+00 5.461960755931083611e+01
2.421613997767418702e+00 5.486444805183536744e+01
2.423171760834646804e+00 5.655667253447246168e+01
2.424729523901874018e+00 4.994368329224030845e+01
2.426287286969102119e+00 4.796441359617901412e+01
2.427845050036329333e+00 4.930632445232765804e+01
2.429402813103557435e+00 4.874695822423436908e+01
2.430960576170785536e+00 4.566558144271113662e+01
2.432518339238012750e+00 4.354120906151436543e+01
2.434076102305240852e+00 5.046087522906041301e+01
2.435633865372468954e+00 5.784044413632251036e+01
2.437191628439696167e+00 5.539316517459194955e+01
2.438749391506924269e+00 4.493142048654109999e+01
2.440307154574151483e+00 4.348464680979024877e+01
2.441864917641379584e+00 4.835628404321125373e+01
2.443422680708607686e+00 5.447068401073214261e+01
2.444980443775834900e+00 4.730533396033499827e+01
2.446538206843063001e+00 4.521083994912485338e+01
2.448095969910290215e+00 4.914179525559924144e+01
2.449653732977518317e+00 4.915180980655758702e+01
2.451211496044746418e+00 5.170542979658929283e+01
2.452769259111973632e+00 5.208784956367549057e+01
2.454327022179201734e+00 5.244179564618468703e+01
2.455884785246429836e+00 5.585791822038499532e+01
2.457442548313657049e+00 4.817833764481822811e+01
2.459000311380885151e+00 4.525122448258438368e+01
2.460558074448112365e+00 4.833400583361329694e+01
2.462115837515340466e+00 4.841711340961710164e+01
2.463673600582568568e+00 5.098177600264418885e+01
2.465231363649795782e+00 5.252955379018278137e+01
2.466789126717023883e+00 4.960426224026436870e+01
2.468346889784251985e+00 4.721200335772885381e+01
2.469904652851479199e+00 4.887302536452919810e+01
2.471462415918707300e+00 5.005272848178275069e+01
2.473020178985934514e+00 4.992978426091715249e+01
2.474577942053162616e+00 4.759929147195866506e+01
2.476135705120390718e+00 5.153222574608046358e+01
2.477693468187617931e+00 5.214615555055073060e+01
2.479251231254846033e+00 4.796647183813131932e+01
2.480808994322073247e+00 4.668240201887211782e+01
2.482366757389301348e+00 4.994558797904542757e+01
2.483924520456529450e+00 4.872505020575696477e+01
2.485482283523756664e+00 4.694234251788888201e+01
2.487040046590984765e+00 4.858868397351037061e+01
2.488597809658212867e+00 5.102203845876244515e+01
2.490155572725440081e+00 5.151660050311442518e+01
2.491713335792668182e+00 4.673229488575906032e+01
2.493271098859895396e+00 4.524896838960574996e+01
2.494828861927123498e+00 4.355620079157957747e+01
2.496386624994351600e+00 5.190106522352581209e+01
2.497944388061578813e+00 5.176920782869912330e+01
2.499502151128806915e+00 5.306350209576527988e+01
2.501059914196034129e+00 4.978688114672618781e+01
2.502617677263262230e+00 4.744211729543512490e+01
2.504175440330490332e+00 4.812194115375805126e+01
2.505733203397717546e+00 4.321332398918339379e+01
2.507290966464945647e+00 4.061410169034373041e+01
2.508848729532173749e+00 4.238990950350540743e+01
2.510406492599400963e+00 4.089258290931109485e+01
2.511964255666629064e+00 3.862532536173775100e+01
2.513522018733856278e+00 4.272587316911610600e+01
2.515079781801084380e+00 4.700983523145593068e+01
2.516637544868312482e+00 4.696675640474226299e+01
2.518195307935539695e+00 4.433876945580767881e+01
2.519753071002767797e+00 4.266635753354643157e+01
2.521310834069995899e+00 4.232276335311427573e+01
2.522868597137223112e+00 4.261366304441779107e+01
2.524426360204451214e+00 4.033626927668478857e+01
2.525984123271678428e+00 3.966538147494022581e+01
2.527541886338906529e+00 4.206322934781954359e+01
2.529099649406134631e+00 4.600594394321014136e+01
2.530657412473361845e+00 4.744003985337143803e+01
2.532215175540589946e+00 4.511624817321894909e+01
2.533772938607817160e+00 4.405761685366876179e+01
2.535330701675045262e+00 4.586970292841348851e+01
2.536888464742273364e+00 4.484854252604171876e+01
2.538446227809500577e+00 4.142257531467844700e+01
2.540003990876728679e+00 4.499478769731831562e+01
2.541561753943956781e+00 4.245496092956920364e+01
2.543119517011183994e+00 4.180643785447501415e+01
2.544677280078412096e+00 4.564503964342874553e+01
2.546235043145639310e+00 4.777272499611421352e+01
2.547792806212867411e+00 4.887759360336002601e+01
2.549350569280095513e+00 4.725367657732301296e+01
2.550908332347322727e+00 4.406098918692373445e+01
2.552466095414550828e+00 4.515522167489740468e+01
2.554023858481778042e+00 4.827463663630308588e+01
2.555581621549006144e+00 4.495817308643395904e+01
2.557139384616234246e+00 4.153096184591428397e+01
2.558697147683461459e+00 4.167507592681763384e+01
2.560254910750689561e+00 4.464419822803123594e+01
2.561812673817917663e+00 4.473519514757258264e+01
2.563370436885144876e+00 4.195655570863999628e+01
2.564928199952372978e+00 3.923084311322454454e+01
2.566485963019600192e+00 3.877384831239341878e+01
2.568043726086828293e+00 4.246974778847113186e+01
2.569601489154056395e+00 4.620406478082772850e+01
2.571159252221283609e+00 4.322809566357059197e+01
2.572717015288511710e+00 4.129110865893888871e+01
2.574274778355738924e+00 3.935684490738869812e+01
2.575832541422967026e+00 4.347111093719610864e+01
2.577390304490195128e+00 4.250035351641491843e+01
2.578948067557422341e+00 3.877197996385894641e+01
2.580505830624650443e+00 4.303716076301841298e+01
2.582063593691878545e+00 4.126388803822364792e+01
2.583621356759105758e+00 3.850627560219324153e+01
2.585179119826333860e+00 4.315887361506618447e+01
2.586736882893561074e+00 4.532329183117398941e+01
2.588294645960789175e+00 4.515560183326954302e+01
2.589852409028017277e+00 4.711121058357721125e+01
2.591410172095244491e+00 4.408340610907052337e+01
2.592967935162472592e+00 4.176199764230069178e+01
2.594525698229700694e+00 4.596768830684491292e+01
2.596083461296927908e+00 4.439443802364421998e+01
2.597641224364156010e+00 4.808542537680600759e+01
2.599198987431383223e+00 4.400042397671938232e+01
2.600756750498611325e+00 4.158645178533205922e+01
2.602314513565839427e+00 4.005802196369513268e+01
2.603872276633066640e+00 3.703295265991990703e+01
2.605430039700294742e+00 4.033995782657844131e+01
2.606987802767521956e+00 4.240651070205307605e+01
2.608545565834750057e+00 4.009753035081001116e+01
2.610103328901978159e+00 4.358070923782559447e+01
2.611661091969205373e+00 4.339939060409988514e+01
2.613218855036433474e+00 4.154225489029581553e+01
2.614776618103661576e+00 4.943958839508420056e+01
2.616334381170888790e+00 4.932582328628750901e+01
2.617892144238116892e+00 3.894458441535837778e+01
2.619449907305344105e+00 4.076937757566582121e+01
2.621007670372572207e+00 4.373187483199253478e+01
2.622565433439800309e+00 4.150071951835212047e+01
2.624123196507027522e+00 3.936879560857293825e+01
2.625680959574255624e+00 3.831139846009605776e+01
2.627238722641482838e+00 4.184365790622481285e+01
2.628796485708710939e+00 4.647467478694269261e+01
2.630354248775939041e+00 4.639453833315938169e+01
2.631912011843166255e+00 3.702852503930881056e+01
2.633469774910394356e+00 4.214681569827335039e+01
2.635027537977622458e+00 4.536631454866183333e+01
2.636585301044849672e+00 5.044301050835699129e+01
2.638143064112077774e+00 4.637180350469000700e+01
2.639700827179304987e+00 3.935740072700130554e+01
2.641258590246533089e+00 4.107157547293403610e+01
2.642816353313761191e+00 4.137339291759175808e+01
2.644374116380988404e+00 3.775115628133148959e+01
2.645931879448216506e+00 3.439234184992360355e+01
2.647489642515444608e+00 3.830376281911313896e+01
2.649047405582671821e+00 3.983547032315919978e+01
2.650605168649899923e+00 4.113284455675934481e+01
2.652162931717127137e+00 3.645821508266972444e+01
2.653720694784355238e+00 3.549965405055721845e+01
2.655278457851583340e+00 4.031560399529591621e+01
2.656836220918810554e+00 3.848419925422098231e+01
2.658393983986038656e+00 4.352309442893282210e+01
2.659951747053265869e+00 4.861964283792131880e+01
2.661509510120493971e+00 4.376035300827111030e+01
2.663067273187722073e+00 3.864414210942616990e+01
2.664625036254949286e+00 4.037755737179654858e+01
2.666182799322177388e+00 4.687254236638699467e+01
2.667740562389405490e+00 4.452717182792044071e+01
2.669298325456632703e+00 3.970073142801152244e+01
2.670856088523860805e+00 3.953071536704816680e+01
2.672413851591088019e+00 4.034481404229966728e+01
2.673971614658316120e+00 3.828366073090958110e+01
2.675529377725544222e+00 4.009076233914327503e+01
2.677087140792771436e+00 3.947122181336073510e+01
2.678644903859999538e+00 3.857111778289059600e+01
2.680202666927226751e+00 4.231502524244647390e+01
2.681760429994454853e+00 4.255456150600967646e+01
2.683318193061682955e+00 4.221302435340960102e+01
2.684875956128910168e+00 4.016110539993993456e+01
2.686433719196138270e+00 3.417963724163304562e+01
2.687991482263366372e+00 3.620290176636002855e+01
2.689549245330593585e+00 4.423682471678483097e+01
2.691107008397821687e+00 4.505873783013906575e+01
2.692664771465048901e+00 3.892998098622859260e+01
2.694222534532277002e+00 3.923696875703478781e+01
2.695780297599505104e+00 4.111881298809718288e+01
2.697338060666732318e+00 3.854740907626317181e+01
2.698895823733960420e+00 3.775446731945601186e+01
2.700453586801188521e+00 4.135875708883187940e+01
2.702011349868415735e+00 4.019622147269620882e+01
2.703569112935643837e+00 3.997482965588022097e+01
2.705126876002871050e+00 4.060316417361831043e+01
2.706684639070099152e+00 3.621372045586149824e+01
2.708242402137327254e+00 3.810117116852521946e+01
2.709800165204554467e+00 3.862297788013772504e+01
2.711357928271782569e+00 3.733515579393966277e+01
2.712915691339009783e+00 3.823823241574012144e+01
2.714473454406237884e+00 3.907208160688747967e+01
2.716031217473465986e+00 3.927642709548521793e+01
2.717588980540693200e+00 3.841121892598909682e+01
2.719146743607921302e+00 3.827053039426751013e+01
2.720704506675149403e+00 3.861961698646118890e+01
2.722262269742376617e+00 3.664507848553588332e+01
2.723820032809604719e+00 3.523827454858705011e+01
2.725377795876831932e+00 3.519504956741083390e+01
2.726935558944060034e+00 3.802026352408576315e+01
2.728493322011288136e+00 3.834382433596037743e+01
2.730051085078515349e+00 3.734324543916256545e+01
2.731608848145743451e+00 3.735074177370411519e+01
2.733166611212970665e+00 3.944068907395715939e+01
2.734724374280198766e+00 3.848402534315916057e+01
2.736282137347426868e+00 3.458404523993442581e+01
2.737839900414654082e+00 3.365865701770293583e+01
2.739397663481882184e+00 3.443294798204039608e+01
2.740955426549110285e+00 3.548569907506065846e+01
2.742513189616337499e+00 3.597290046982536893e+01
2.744070952683565601e+00 3.412759274957194577e+01
2.745628715750792814e+00 3.514604034330169924e+01
2.747186478818020916e+00 3.709392172001271604e+01
2.748744241885249018e+00 3.797806885896893903e+01
2.750302004952476231e+00 3.781181931597863866e+01
2.751859768019704333e+00 3.427190793552987458e+01
2.753417531086932435e+00 3.327783697412072428e+01
2.754975294154159648e+00 3.819211482921528500e+01
2.756533057221387750e+00 4.027859710267767213e+01
2.758090820288614964e+00 3.649662681916970541e+01
2.759648583355843066e+00 3.555937067708519805e+01
2.761206346423071167e+00 4.205472242926218485e+01
2.762764109490298381e+00 4.297808965333256026e+01
2.764321872557526483e+00 3.893365210920812558e+01
2.765879635624753696e+00 3.467130417714530211e+01
2.767437398691981798e+00 3.152637330258186665e+01
2.768995161759209900e+00 3.418492502600601313e+01
2.770552924826437113e+00 3.966168019216512164e+01
2.772110687893665215e+00 4.114322732438673569e+01
2.773668450960893317e+00 3.966093958276437803e+01
2.775226214028120530e+00 4.239210764082142191e+01
2.776783977095348632e+00 3.847085880630339005e+01
2.778341740162575846e+00 3.800176702115648197e+01
2.779899503229803948e+00 3.547314137722808880e+01
2.781457266297032049e+00 3.277483097613588114e+01
2.783015029364259263e+00 3.356133861439653288e+01
2.784572792431487365e+00 3.226635302777977188e+01
2.786130555498714578e+00 3.411927452580362541e+01
2.787688318565942680e+00 3.674026842108861501e+01
2.789246081633170782e+00 3.738497981140989879e+01
2.790803844700397995e+00 3.728742157131853219e+01
2.792361607767626097e+00 3.734048918522418603e+01
2.793919370834854199e+00 3.499534822430175751e+01
2.795477133902081412e+00 2.971086153012350550e+01
2.797034896969309514e+00 2.506684643658826062e+01
2.798592660036536728e+00 3.129289746903087277e+01
2.800150423103764830e+00 3.997580810794350015e+01
2.801708186170992931e+00 3.619991069861933397e+01
2.803265949238220145e+00 3.475714928680310578e+01
2.804823712305448247e+00 3.710648392288260311e+01
2.806381475372675460e+00 3.595232069423745713e+01
2.807939238439903562e+00 3.586497603790695621e+01
2.809497001507131664e+00 3.711313665933958106e+01
2.811054764574358877e+00 4.004208179257301481e+01
2.812612527641586979e+00 3.648126329623286068e+01
2.814170290708815081e+00 3.731155626728546082e+01
2.815728053776042294e+00 3.693313820245997192e+01
2.817285816843270396e+00 3.305361108156382244e+01
2.818843579910497610e+00 3.263929402259213930e+01
2.820401342977725712e+00 3.375486794731926210e+01
2.821959106044953813e+00 3.369228445140452521e+01
2.823516869112181027e+00 3.504810424703349270e+01
2.825074632179409129e+00 3.887870836330353086e+01
2.826632395246637230e+00 3.859695014899727283e+01
2.828190158313864444e+00 3.461431124310773555e+01
2.829747921381092546e+00 3.535670170605616391e+01
2.831305684448319759e+00 3.535341672177410999e+01
2.832863447515547861e+00 3.770956448918958159e+01
2.834421210582775963e+00 3.704953162032362002e+01
2.835978973650003176e+00 3.266901147421037876e+01
2.837536736717231278e+00 3.375744639854779194e+01
2.839094499784458492e+00 3.403592809936455410e+01
2.840652262851686594e+00 3.318783998545697500e+01
2.842210025918914695e+00 3.575629590483285369e+01
2.843767788986141909e+00 3.683143997633637667e+01
2.845325552053370011e+00 3.544628238995093739e+01
2.846883315120598112e+00 3.842135128787182907e+01
2.848441078187825326e+00 3.300780744827801527e+01
2.849998841255053428e+00 3.800313954522726334e+01
2.851556604322280641e+00 3.613401110002124028e+01
2.853114367389508743e+00 3.283420692595361601e+01
2.854672130456736845e+00 3.263426669923244106e+01
2.856229893523964058e+00 3.372712920314339868e+01
2.857787656591192160e+00 3.729546258965714856e+01
2.859345419658419374e+00 3.760007148588513815e+01
2.860903182725647476e+00 3.257924764161864317e+01
2.862460945792875577e+00 3.188832605905984252e+01
2.864018708860102791e+00 3.858659551435332702e+01
2.865576471927330893e+00 3.697659000605176516e+01
2.867134234994558994e+00 3.881511390722343435e+01
2.868691998061786208e+00 3.970442838078795944e+01
2.870249761129014310e+00 3.581971583705441731e+01
2.871807524196241523e+00 3.221723537765321765e+01
2.873365287263469625e+00 3.153314744392700675e+01
2.874923050330697727e+00 3.298952555578534174e+01
2.876480813397924940e+00 3.512280413983579308e+01
2.878038576465153042e+00 3.355055274324723769e+01
2.879596339532381144e+00 3.240845787265628530e+01
2.881154102599608358e+00 3.615475186370352390e+01
2.882711865666836459e+00 3.521714642184708310e+01
2.884269628734063673e+00 3.138090782828459879e+01
2.885827391801291775e+00 3.000445610801587293e+01
2.887385154868519876e+00 2.961890153442757168e+01
2.888942917935747090e+00 3.328063814612736593e+01
2.890500681002975192e+00 3.304055674651005603e+01
2.892058444070202405e+00 3.039632911826688400e+01
2.893616207137430507e+00 3.326767651257999603e+01
2.895173970204658609e+00 3.346465110897631945e+01
2.896731733271885822e+00 3.257166813983155862e+01
2.898289496339113924e+00 2.907923991045534606e+01
2.899847259406342026e+00 3.243580395065325206e+01
2.901405022473569240e+00 3.756111761509062319e+01
2.902962785540797341e+00 3.635109637933753390e+01
2.904520548608024555e+00 3.660145705119140302e+01
2.906078311675252657e+00 3.513958962081588311e+01
2.907636074742480758e+00 3.294811375491203620e+01
2.909193837809707972e+00 3.377675575369155325e+01
2.910751600876936074e+00 3.212347839698455232e+01
2.912309363944163287e+00 3.133759522172059775e+01
2.913867127011391389e+00 2.533642402326847787e+01
2.915424890078619491e+00 2.909981441993146589e+01
2.916982653145846704e+00 3.443742253931340969e+01
2.918540416213074806e+00 3.351706215095833130e+01
2.920098179280302908e+00 3.206040355473797376e+01
2.921655942347530122e+00 3.291134849268853912e+01
2.923213705414758223e+00 3.692485448393259162e+01
2.924771468481985437e+00 3.606621286417571071e+01
2.926329231549213539e+00 3.176012870300896296e+01
2.927886994616441640e+00 3.063766105161793263e+01
2.929444757683668854e+00 3.031451920206671602e+01
2.931002520750896956e+00 3.208034137108469253e+01
2.932560283818125058e+00 2.831135574723200676e+01
2.934118046885352271e+00 2.833554433291791597e+01
2.935675809952580373e+00 3.018801727608530783e+01
2.937233573019807586e+00 2.806158329759993819e+01
2.938791336087035688e+00 3.031793996511417433e+01
2.940349099154263790e+00 3.582557477623969078e+01
2.941906862221491004e+00 3.573105862430626445e+01
2.943464625288719105e+00 2.929844730550254539e+01
2.945022388355946319e+00 2.717916392944720272e+01
2.946580151423174421e+00 3.503869465348323331e+01
2.948137914490402522e+00 3.524198060825798251e+01
2.949695677557629736e+00 3.780692313036596630e+01
2.951253440624857838e+00 3.541171106633361632e+01
2.952811203692085940e+00 3.292888724820107171e+01
2.954368966759313153e+00 3.343767350383797776e+01
2.955926729826541255e+00 3.255204097763657245e+01
2.957484492893768468e+00 3.172652439717725414e+01
2.959042255960996570e+00 3.118052621690491577e+01
2.960600019028224672e+00 3.005847961498088949e+01
2.962157782095451886e+00 3.053952523549489584e+01
2.963715545162679987e+00 3.335045436665370033e+01
2.965273308229907201e+00 3.503959849987091957e+01
2.966831071297135303e+00 3.536001646386623776e+01
2.968388834364363404e+00 2.759812305912293340e+01
2.969946597431590618e+00 2.895273771969166177e+01
2.971504360498818720e+00 3.295951471695128987e+01
2.973062123566046822e+00 2.985377126197371211e+01
2.974619886633274035e+00 3.009419190758347540e+01
2.976177649700502137e+00 3.316389290158470260e+01
2.977735412767729350e+00 3.154918785251102875e+01
2.979293175834957452e+00 3.214640608694512025e+01
2.980850938902185554e+00 3.402127176617822357e+01
2.982408701969412768e+00 3.376037423033725560e+01
2.983966465036640869e+00 3.408813508732050224e+01
2.985524228103868083e+00 3.235087285461354867e+01
2.987081991171096185e+00 3.039474575945258650e+01
2.988639754238324286e+00 3.244913961816189385e+01
2.990197517305551500e+00 3.256351415397718796e+01
2.991755280372779602e+00 3.033278869839418235e+01
2.993313043440007704e+00 3.216694598139436323e+01
2.994870806507234917e+00 3.620889655201486335e+01
2.996428569574463019e+00 3.440880784993694164e+01
2.997986332641690232e+00 3.124702085773521887e+01
2.999544095708918334e+00 2.897336454337655098e+01
3.001101858776146436e+00 2.844355044409711297e+01
3.002659621843373650e+00 2.710040000871235577e+01
3.004217384910601751e+00 2.853937132519005715e+01
3.005775147977829853e+00 3.178861404310013583e+01
3.007332911045057067e+00 3.429207371703547835e+01
3.008890674112285168e+00 3.443240376230880884e+01
3.010448437179512382e+00 2.842330499191962900e+01
3.012006200246740484e+00 2.902982177986774914e+01
3.013563963313968586e+00 3.193649970230817559e+01
3.015121726381195799e+00 3.355140153904571321e+01
3.016679489448423901e+00 3.489708541378358575e+01
3.018237252515651114e+00 3.555067414216857458e+01
3.019795015582879216e+00 3.308369788190526606e+01
3.021352778650107318e+00 3.037423606109055996e+01
3.022910541717334532e+00 3.313455604306653157e+01
3.024468304784562633e+00 3.493119472010965865e+01
3.026026067851790735e+00 3.163829190248909740e+01
3.027583830919017949e+00 3.211116711596717721e+01
3.029141593986246050e+00 3.130259864745584153e+01
3.030699357053473264e+00 3.276410070090478399e+01
3.032257120120701366e+00 3.000487747894545620e+01
3.033814883187929468e+00 2.940969396378309852e+01
3.035372646255156681e+00 3.207690212481536207e+01
3.036930409322384783e+00 3.206203588345511690e+01
3.038488172389611996e+00 2.965621505486390674e+01
3.040045935456840098e+00 2.768685125400649838e+01
3.041603698524068200e+00 2.890795996761214681e+01
3.043161461591295414e+00 3.005486448586690784e+01
3.044719224658523515e+00 2.997457631279854695e+01
3.046276987725751617e+00 3.041168849533593388e+01
3.047834750792978831e+00 2.823324364508989959e+01
3.049392513860206932e+00 2.860634959013413692e+01
3.050950276927434146e+00 3.047422550954195231e+01
3.052508039994662248e+00 3.077318958547271421e+01
3.054065803061890350e+00 3.058759909214582251e+01
3.055623566129117563e+00 2.840606314578298708e+01
3.057181329196345665e+00 2.978742794109258796e+01
3.058739092263573767e+00 2.980884615821835126e+01
3.060296855330800980e+00 2.993678281699808252e+01
3.061854618398029082e+00 3.322654363710859826e+01
3.063412381465256296e+00 3.298597484630594323e+01
3.064970144532484397e+00 3.160749507649456191e+01
3.066527907599712499e+00 3.158261637418637591e+01
3.068085670666939713e+00 3.020395889649461907e+01
3.069643433734167814e+00 2.903812437130618918e+01
3.071201196801395028e+00 2.849178377726300226e+01
3.072758959868623130e+00 3.027148908526924131e+01
3.074316722935851232e+00 3.174814506046989848e+01
3.075874486003078445e+00 2.722338824342228847e+01
3.077432249070306547e+00 3.136187620213694771e+01
3.078990012137534649e+00 2.799079043259675004e+01
3.080547775204761862e+00 2.339498960047743381e+01
3.082105538271989964e+00 2.780020842196177355e+01
3.083663301339217178e+00 2.990664424063747617e+01
3.085221064406445279e+00 3.290454968895051024e+01
3.086778827473673381e+00 3.907080921209497149e+01
3.088336590540900595e+00 3.982571165075909647e+01
3.089894353608128696e+00 3.440374464012477773e+01
3.091452116675355910e+00 3.032785449016132162e+01
3.093009879742584012e+00 3.047340742472943376e+01
3.094567642809812114e+00 2.798557580587856464e+01
3.096125405877039327e+00 2.986887392543135888e+01
3.097683168944267429e+00 3.317331347677081510e+01
3.099240932011495531e+00 3.116141333086087783e+01
3.100798695078722744e+00 2.751427161599056248e+01
3.102356458145950846e+00 2.498926007370522484e+01
3.103914221213178060e+00 2.388810872610160629e+01
3.105471984280406161e+00 2.806400252667503281e+01
3.107029747347634263e+00 3.440500286178476586e+01
3.108587510414861477e+00 3.012536049462611487e+01
3.110145273482089578e+00 2.594126310747133246e+01
3.111703036549317680e+00 3.158159945264385016e+01
3.113260799616544894e+00 3.451369821412725969e+01
3.114818562683772996e+00 3.117483909543963350e+01
3.116376325751000209e+00 2.992042728846647748e+01
3.117934088818228311e+00 2.982000775494032752e+01
3.119491851885456413e+00 3.073249307425660248e+01
3.121049614952683626e+00 2.706738407705840288e+01
3.122607378019911728e+00 2.531006283565081105e+01
3.124165141087138942e+00 2.846913832077506257e+01
3.125722904154367043e+00 2.771404769469147666e+01
3.127280667221595145e+00 2.456548042812570642e+01
3.128838430288822359e+00 2.419284570826397740e+01
3.130396193356050460e+00 2.324348009960522887e+01
3.131953956423278562e+00 2.441111375306232034e+01
3.133511719490505776e+00 2.692575487509806464e+01
3.135069482557733878e+00 2.593854787574220566e+01
3.136627245624961091e+00 2.467534334130492368e+01
3.138185008692189193e+00 2.779005015906988874e+01
3.139742771759417295e+00 3.368287140965529858e+01
3.141300534826644508e+00 3.317723078283875537e+01
3.142858297893872610e+00 2.776103107809170112e+01
3.144416060961099824e+00 2.716878146123421089e+01
3.145973824028327925e+00 2.626164010749774747e+01
3.147531587095556027e+00 3.153226736098174854e+01
3.149089350162783241e+00 2.800603350169588879e+01
3.150647113230011342e+00 2.579229096299937041e+01
3.152204876297239444e+00 2.723245413467315146e+01
3.153762639364466658e+00 2.737252872565312956e+01
3.155320402431694760e+00 3.030445083515776616e+01
3.156878165498921973e+00 3.344941687869994240e+01
3.158435928566150075e+00 3.387377875178484032e+01
3.159993691633378177e+00 3.273930562679203859e+01
3.161551454700605390e+00 3.628165144424935562e+01
3.163109217767833492e+00 2.967267296478057759e+01
3.164666980835061594e+00 2.733339933959523904e+01
3.166224743902288807e+00 3.015821117033049248e+01
3.167782506969516909e+00 2.669121137244642483e+01
3.169340270036744123e+00 2.374043347307081220e+01
3.170898033103972224e+00 2.408270568577510318e+01
3.172455796171200326e+00 2.478796402863631343e+01
3.174013559238427540e+00 2.756510040687684793e+01
3.175571322305655642e+00 2.341067628837864589e+01
3.177129085372882855e+00 2.724529661457117058e+01
3.178686848440110957e+00 2.720120605265750413e+01
3.180244611507339059e+00 2.611181755952251748e+01
3.181802374574566272e+00 2.988116589395717781e+01
3.183360137641794374e+00 2.840625112864155000e+01
3.184917900709022476e+00 2.408262868982367166e+01
3.186475663776249689e+00 2.306613359472079949e+01
3.188033426843477791e+00 2.440630741892609379e+01
3.189591189910705449e+00 0.000000000000000000e+00
