-3.189520074465516331e+00 0.000000000000000000e+00
-3.187962311303384144e+00 0.000000000000000000e+00
-3.186404548141251958e+00 0.000000000000000000e+00
-3.184846784979119771e+00 1.836030018919690932e+01
-3.183289021816988029e+00 1.673340885838967296e+01
-3.181731258654855843e+00 1.822224609060788225e+01
-3.180173495492723656e+00 1.875641930259520151e+01
-3.178615732330591470e+00 2.193576445485965820e+01
-3.177057969168459284e+00 1.671348562938226223e+01
-3.175500206006327097e+00 1.602702470473152019e+01
-3.173942442844194911e+00 2.091824342566535577e+01
-3.172384679682063169e+00 2.049610418749216834e+01
-3.170826916519930982e+00 1.788036686808536047e+01
-3.169269153357798796e+00 1.667094893933884592e+01
-3.167711390195666610e+00 1.569580814004677194e+01
-3.166153627033534423e+00 1.770606952414937041e+01
-3.164595863871402237e+00 1.592136095461790646e+01
-3.163038100709270495e+00 2.000155018834377429e+01
-3.161480337547138308e+00 1.989790619312029563e+01
-3.159922574385006122e+00 1.842329988104950189e+01
-3.158364811222873936e+00 2.139664992973224855e+01
-3.156807048060741749e+00 1.899176148940009767e+01
-3.155249284898609563e+00 1.597710825576700522e+01
-3.153691521736477377e+00 1.780310804710099148e+01
-3.152133758574345634e+00 1.806174139977342818e+01
-3.150575995412213448e+00 1.601540328173051009e+01
-3.149018232250081262e+00 1.510804147935029995e+01
-3.147460469087949075e+00 1.580938887437073781e+01
-3.145902705925816889e+00 1.879590976501385668e+01
-3.144344942763684703e+00 2.046624224592412133e+01
-3.142787179601552516e+00 1.837677494185598803e+01
-3.141229416439420774e+00 1.819856504693109756e+01
-3.139671653277288588e+00 2.032069388478376126e+01
-3.138113890115156401e+00 2.061965556271918132e+01
-3.136556126953024215e+00 1.946840141826511328e+01
-3.134998363790892029e+00 2.200604224594448155e+01
-3.133440600628759842e+00 2.055611581596781434e+01
-3.131882837466628100e+00 1.806875589220503642e+01
-3.130325074304495914e+00 1.865324320444794637e+01
-3.128767311142363727e+00 1.920925417810587987e+01
-3.127209547980231541e+00 1.705039390861442428e+01
-3.125651784818099355e+00 1.561524493470114727e+01
-3.124094021655967168e+00 1.643470231138952187e+01
-3.122536258493834982e+00 2.284820382163116292e+01
-3.120978495331703240e+00 2.040603095055861615e+01
-3.119420732169571053e+00 1.802378763350608892e+01
-3.117862969007438867e+00 1.838705319601775301e+01
-3.116305205845306681e+00 1.744586431832089701e+01
-3.114747442683174494e+00 1.805009924872907945e+01
-3.113189679521042308e+00 1.909009965951842602e+01
-3.111631916358910122e+00 1.747555885668392861e+01
-3.110074153196778379e+00 1.512889435019669193e+01
-3.108516390034646193e+00 1.621574498432046241e+01
-3.106958626872514007e+00 1.661472371859712638e+01
-3.105400863710381820e+00 1.667004910930265993e+01
-3.103843100548249634e+00 1.549514357597733216e+01
-3.102285337386117448e+00 1.701632004333878356e+01
-3.100727574223985705e+00 2.011514520213690815e+01
-3.099169811061853519e+00 2.079005376710717456e+01
-3.097612047899721333e+00 1.794570779049649190e+01
-3.096054284737589146e+00 1.793184369566824898e+01
-3.094496521575456960e+00 1.677067907312022754e+01
-3.092938758413324773e+00 2.033087980633578340e+01
-3.091380995251192587e+00 2.127021603815624573e+01
-3.089823232089060845e+00 1.690881357080250780e+01
-3.088265468926928659e+00 1.795522336553989717e+01
-3.086707705764796472e+00 1.865585080780976668e+01
-3.085149942602664286e+00 1.759701235075494807e+01
-3.083592179440532099e+00 1.839877037487701017e+01
-3.082034416278399913e+00 1.936966173007586178e+01
-3.080476653116267727e+00 1.907328955420534200e+01
-3.078918889954135985e+00 1.985379286478791627e+01
-3.077361126792003798e+00 1.564573192260141887e+01
-3.075803363629871612e+00 1.547395769724931291e+01
-3.074245600467739425e+00 1.878039173929054684e+01
-3.072687837305607239e+00 1.955157627492416239e+01
-3.071130074143475053e+00 1.850928000587447286e+01
-3.069572310981342866e+00 1.667708053495811171e+01
-3.068014547819211124e+00 1.576181675346248312e+01
-3.066456784657078938e+00 1.511066339232369948e+01
-3.064899021494946751e+00 1.796924969631565006e+01
-3.063341258332814565e+00 1.690320621135015244e+01
-3.061783495170682379e+00 1.931733105505095693e+01
-3.060225732008550192e+00 2.036749733392251471e+01
-3.058667968846418006e+00 1.739787947612921926e+01
-3.057110205684286264e+00 1.541477528829625498e+01
-3.055552442522154077e+00 1.763260684068572814e+01
-3.053994679360021891e+00 2.002581275089317359e+01
-3.052436916197889705e+00 1.860937736032236245e+01
-3.050879153035757518e+00 2.039019623496065492e+01
-3.049321389873625332e+00 1.913364035085799841e+01
-3.047763626711493590e+00 1.664660128425748908e+01
-3.046205863549361403e+00 1.883450367726997854e+01
-3.044648100387229217e+00 1.847274491542785313e+01
-3.043090337225097031e+00 2.171812065087082999e+01
-3.041532574062964844e+00 2.224860389431870544e+01
-3.039974810900832658e+00 1.994507021350271003e+01
-3.038417047738700472e+00 1.839582714846920197e+01
-3.036859284576568729e+00 1.864419691747673724e+01
-3.035301521414436543e+00 1.913072433101994818e+01
-3.033743758252304357e+00 1.984435253488823037e+01
-3.032185995090172170e+00 1.955665964603804241e+01
-3.030628231928039984e+00 2.015025809499524101e+01
-3.029070468765907798e+00 1.557955981351915931e+01
-3.027512705603776055e+00 1.593587563936112339e+01
-3.025954942441643869e+00 1.685811285367768875e+01
-3.024397179279511683e+00 1.393157375472813975e+01
-3.022839416117379496e+00 1.512698080143779755e+01
-3.021281652955247310e+00 1.953940786352974612e+01
-3.019723889793115124e+00 1.785876463198305331e+01
-3.018166126630982937e+00 1.666435401978911912e+01
-3.016608363468851195e+00 1.591213255215645539e+01
-3.015050600306719009e+00 1.653752256628102302e+01
-3.013492837144586822e+00 1.852981770790262672e+01
-3.011935073982454636e+00 1.680836653637623357e+01
-3.010377310820322450e+00 1.634265194479616312e+01
-3.008819547658190263e+00 1.674959312710014814e+01
-3.007261784496058077e+00 1.543849745084539116e+01
-3.005704021333926335e+00 1.582836028453723642e+01
-3.004146258171794148e+00 1.522952373092774181e+01
-3.002588495009661962e+00 1.551787337773100894e+01
-3.001030731847529776e+00 2.290291870604048441e+01
-2.999472968685397589e+00 1.954416702243423742e+01
-2.997915205523265403e+00 1.657361102506582284e+01
-2.996357442361133216e+00 1.972448260568985390e+01
-2.994799679199001474e+00 2.046252658823718207e+01
-2.993241916036869288e+00 1.905826364769466608e+01
-2.991684152874737102e+00 1.758075788633498604e+01
-2.990126389712604915e+00 1.992983357261101318e+01
-2.988568626550472729e+00 2.183169299204061176e+01
-2.987010863388340542e+00 1.976989503413264515e+01
-2.985453100226208356e+00 2.069582261851520144e+01
-2.983895337064076614e+00 1.662463278768452923e+01
-2.982337573901944427e+00 1.432690031960033217e+01
-2.980779810739812241e+00 1.848771875269534704e+01
-2.979222047577680055e+00 1.982148588921106480e+01
-2.977664284415547868e+00 1.983521055409861589e+01
-2.976106521253415682e+00 1.907217651541241921e+01
-2.974548758091283940e+00 1.846143196185620639e+01
-2.972990994929151753e+00 2.007478178337321850e+01
-2.971433231767019567e+00 2.135438457883810770e+01
-2.969875468604887381e+00 1.965725864112378574e+01
-2.968317705442755194e+00 1.973645605195069308e+01
-2.966759942280623008e+00 1.830539976718535655e+01
-2.965202179118490822e+00 1.789744372129410976e+01
-2.963644415956359079e+00 1.933587625713883895e+01
-2.962086652794226893e+00 1.893541940353461683e+01
-2.960528889632094707e+00 1.848838861534524369e+01
-2.958971126469962520e+00 2.105007661173043587e+01
-2.957413363307830334e+00 2.348703998663372516e+01
-2.955855600145698148e+00 2.021381611502398457e+01
-2.954297836983566405e+00 1.615804680379114444e+01
-2.952740073821434219e+00 1.647006165748054585e+01
-2.951182310659302033e+00 1.938528592262842309e+01
-2.949624547497169846e+00 1.835499750845993461e+01
-2.948066784335037660e+00 1.755076717011531784e+01
-2.946509021172905474e+00 1.977989098601467788e+01
-2.944951258010773287e+00 1.741113283203343798e+01
-2.943393494848641545e+00 1.469365158635334545e+01
-2.941835731686509359e+00 1.563213957128894194e+01
-2.940277968524377172e+00 1.797366709083898684e+01
-2.938720205362244986e+00 2.057609371421120414e+01
-2.937162442200112800e+00 1.999011069981498423e+01
-2.935604679037980613e+00 1.746485030673424532e+01
-2.934046915875848427e+00 1.917910356670277139e+01
-2.932489152713716685e+00 1.753897766049625417e+01
-2.930931389551584498e+00 1.985077782058561979e+01
-2.929373626389452312e+00 2.144825977404827455e+01
-2.927815863227320126e+00 1.995247626376793448e+01
-2.926258100065187939e+00 1.908864205013323456e+01
-2.924700336903055753e+00 1.682949827207460203e+01
-2.923142573740923567e+00 1.690995370768575867e+01
-2.921584810578791824e+00 2.009164757253282119e+01
-2.920027047416659638e+00 1.885231650433926731e+01
-2.918469284254527452e+00 1.809447978950620950e+01
-2.916911521092395265e+00 1.682731746886623014e+01
-2.915353757930263079e+00 1.840015544446934825e+01
-2.913795994768130893e+00 1.657395736798701691e+01
-2.912238231605998706e+00 1.660838803288789123e+01
-2.910680468443866964e+00 1.772403757481280095e+01
-2.909122705281734778e+00 1.707525926311291187e+01
-2.907564942119602591e+00 2.025245407712724344e+01
-2.906007178957470405e+00 2.122617519999175428e+01
-2.904449415795338219e+00 1.795930027918883098e+01
-2.902891652633206032e+00 1.816948384068156486e+01
-2.901333889471073846e+00 1.772111082601336207e+01
-2.899776126308942104e+00 1.731318485580930044e+01
-2.898218363146809917e+00 1.911908901136283490e+01
-2.896660599984677731e+00 1.724395777144952646e+01
-2.895102836822545544e+00 1.621345541171266902e+01
-2.893545073660413358e+00 1.637248418446129605e+01
-2.891987310498281616e+00 1.664026292982714850e+01
-2.890429547336149430e+00 1.819020647381434586e+01
-2.888871784174017243e+00 1.726922044233223374e+01
-2.887314021011885057e+00 1.732631365290823311e+01
-2.885756257849752870e+00 1.805773214354636735e+01
-2.884198494687620684e+00 1.799214559484537546e+01
-2.882640731525488498e+00 1.736989535686733888e+01
-2.881082968363356756e+00 2.160043653469848479e+01
-2.879525205201224569e+00 2.156760253973921593e+01
-2.877967442039092383e+00 2.029714595919790554e+01
-2.876409678876960196e+00 2.206929840321589609e+01
-2.874851915714828010e+00 2.071042896170749259e+01
-2.873294152552695824e+00 2.011893903138851059e+01
-2.871736389390563637e+00 1.972200987700701802e+01
-2.870178626228431895e+00 1.714773351487347597e+01
-2.868620863066299709e+00 1.998039075721008828e+01
-2.867063099904167522e+00 2.070920622486508478e+01
-2.865505336742035336e+00 1.600368414847206466e+01
-2.863947573579903150e+00 1.825071542161547455e+01
-2.862389810417770963e+00 1.791114700606508237e+01
-2.860832047255638777e+00 1.694550187043491007e+01
-2.859274284093507035e+00 1.986094307415936555e+01
-2.857716520931374848e+00 1.888495857362784491e+01
-2.856158757769242662e+00 1.754437235035591769e+01
-2.854600994607110476e+00 1.934755199865063346e+01
-2.853043231444978289e+00 1.937938208024669251e+01
-2.851485468282846103e+00 1.764842580289649021e+01
-2.849927705120713917e+00 1.923865918967532807e+01
-2.848369941958582174e+00 2.233360731397674215e+01
-2.846812178796449988e+00 1.967042599129632663e+01
-2.845254415634317802e+00 2.051477575878564608e+01
-2.843696652472185615e+00 1.939572370488289366e+01
-2.842138889310053429e+00 1.657511201447071514e+01
-2.840581126147921243e+00 1.965373532651710775e+01
-2.839023362985789056e+00 2.050738518289578494e+01
-2.837465599823657314e+00 1.909292490983685653e+01
-2.835907836661525128e+00 1.803241718239418390e+01
-2.834350073499392941e+00 1.635322308097429911e+01
-2.832792310337260755e+00 1.900627589758002145e+01
-2.831234547175128569e+00 1.951773177341219778e+01
-2.829676784012996382e+00 2.181303173417787633e+01
-2.828119020850864196e+00 2.387224965008467237e+01
-2.826561257688732454e+00 2.206202693103906753e+01
-2.825003494526600267e+00 1.886261337661292004e+01
-2.823445731364468081e+00 1.908801852956415601e+01
-2.821887968202335895e+00 1.920869174751295461e+01
-2.820330205040203708e+00 1.754162801289000839e+01
-2.818772441878071966e+00 2.028252065319053443e+01
-2.817214678715939780e+00 2.357673988935640352e+01
-2.815656915553807593e+00 2.428411332988165938e+01
-2.814099152391675407e+00 1.872846029738894558e+01
-2.812541389229543221e+00 1.586048130209948148e+01
-2.810983626067411034e+00 2.061042057322227450e+01
-2.809425862905278848e+00 2.005718954184553127e+01
-2.807868099743147106e+00 1.731185251791950463e+01
-2.806310336581014919e+00 1.787870759940540211e+01
-2.804752573418882733e+00 1.899258836874188461e+01
-2.803194810256750547e+00 1.936108840352125071e+01
-2.801637047094618360e+00 1.818948994241591066e+01
-2.800079283932486174e+00 1.649640892806248615e+01
-2.798521520770353987e+00 1.773123078051061796e+01
-2.796963757608222245e+00 1.666732914014533762e+01
-2.795405994446090059e+00 1.734632999560157884e+01
-2.793848231283957873e+00 1.915946758750898482e+01
-2.792290468121825686e+00 2.227868448751746655e+01
-2.790732704959693500e+00 2.086143618281892387e+01
-2.789174941797561313e+00 1.845007540607716123e+01
-2.787617178635429127e+00 1.800955336642405769e+01
-2.786059415473297385e+00 1.480293025081313374e+01
-2.784501652311165198e+00 1.374993103252997351e+01
-2.782943889149033012e+00 1.664182423767939056e+01
-2.781386125986900826e+00 1.947292008166385102e+01
-2.779828362824768639e+00 2.165961338824213556e+01
-2.778270599662636453e+00 2.023033172748253250e+01
-2.776712836500504267e+00 2.124080900829066110e+01
-2.775155073338372524e+00 2.363687750048874747e+01
-2.773597310176240338e+00 2.227998003743540067e+01
-2.772039547014108152e+00 1.992616486178425461e+01
-2.770481783851975965e+00 1.808007704989913833e+01
-2.768924020689843779e+00 1.675730241137732435e+01
-2.767366257527711593e+00 1.540710024343330353e+01
-2.765808494365579406e+00 1.561290636020878253e+01
-2.764250731203447664e+00 1.746134120896858022e+01
-2.762692968041315478e+00 1.702752948859752280e+01
-2.761135204879183291e+00 1.855835970816439584e+01
-2.759577441717051105e+00 1.725007584815115891e+01
-2.758019678554918919e+00 1.949842038887485884e+01
-2.756461915392786732e+00 1.754843688386823430e+01
-2.754904152230654546e+00 1.677775451968555842e+01
-2.753346389068522804e+00 1.931903968575091213e+01
-2.751788625906390617e+00 2.004397243885469493e+01
-2.750230862744258431e+00 2.054709763500206776e+01
-2.748673099582126245e+00 1.902497080319836442e+01
-2.747115336419994058e+00 1.833189190171705363e+01
-2.745557573257862316e+00 1.871696437461586981e+01
-2.743999810095730130e+00 1.881715379394316656e+01
-2.742442046933597943e+00 1.717390639210603354e+01
-2.740884283771465757e+00 1.994396972646816124e+01
-2.739326520609333571e+00 2.024862619403434749e+01
-2.737768757447201384e+00 1.940313956343361212e+01
-2.736210994285069198e+00 1.618298288631493520e+01
-2.734653231122937456e+00 1.454893665240974165e+01
-2.733095467960805269e+00 1.697990247882784587e+01
-2.731537704798673083e+00 1.791204075630982828e+01
-2.729979941636540897e+00 1.874014025360358815e+01
-2.728422178474408710e+00 1.920156769443112310e+01
-2.726864415312276524e+00 1.711631199830870287e+01
-2.725306652150144338e+00 1.910831598470962334e+01
-2.723748888988012595e+00 1.759243009867508079e+01
-2.722191125825880409e+00 2.022958353585829983e+01
-2.720633362663748223e+00 1.934072478155715658e+01
-2.719075599501616036e+00 1.664283359057339595e+01
-2.717517836339483850e+00 2.168490399034514482e+01
-2.715960073177351664e+00 2.192693081063460525e+01
-2.714402310015219477e+00 1.865949423855356670e+01
-2.712844546853087735e+00 1.603125259110669276e+01
-2.711286783690955549e+00 1.556832076861912029e+01
-2.709729020528823362e+00 1.690554703627543631e+01
-2.708171257366691176e+00 1.872061123163187091e+01
-2.706613494204558990e+00 1.764290476264253726e+01
-2.705055731042426803e+00 1.821554758059017232e+01
-2.703497967880294617e+00 1.853149367490389565e+01
-2.701940204718162875e+00 2.003203432445275212e+01
-2.700382441556030688e+00 2.072881791661726325e+01
-2.698824678393898502e+00 1.998933511236963412e+01
-2.697266915231766315e+00 2.069430939128976021e+01
-2.695709152069634129e+00 2.226884298975550180e+01
-2.694151388907501943e+00 2.183128911401787065e+01
-2.692593625745369756e+00 1.974901248530114728e+01
-2.691035862583238014e+00 2.082315521519098311e+01
-2.689478099421105828e+00 2.628367328306257988e+01
-2.687920336258973641e+00 2.687760008663568456e+01
-2.686362573096841455e+00 2.298314432767442028e+01
-2.684804809934709269e+00 1.709627861686896821e+01
-2.683247046772577526e+00 1.851166586505364720e+01
-2.681689283610444896e+00 2.084146710365703115e+01
-2.680131520448313154e+00 1.869387843949279215e+01
-2.678573757286180967e+00 1.984329959223176587e+01
-2.677015994124048781e+00 2.143470371227544291e+01
-2.675458230961916595e+00 2.107209014609080100e+01
-2.673900467799784408e+00 1.923946723652299085e+01
-2.672342704637652666e+00 1.789840107147575310e+01
-2.670784941475520036e+00 1.935210483933673231e+01
-2.669227178313388293e+00 2.039575080317967704e+01
-2.667669415151256107e+00 2.014746828581528604e+01
-2.666111651989123921e+00 2.326761618530956000e+01
-2.664553888826991734e+00 1.900494300815735471e+01
-2.662996125664859548e+00 1.595326547856329924e+01
-2.661438362502727806e+00 1.916499792700097871e+01
-2.659880599340595619e+00 1.984526703524198510e+01
-2.658322836178463433e+00 2.033724263739015115e+01
-2.656765073016331247e+00 2.098791029292017285e+01
-2.655207309854199060e+00 2.080971998302586812e+01
-2.653649546692066874e+00 2.115715672458945917e+01
-2.652091783529934688e+00 2.314325621404761435e+01
-2.650534020367802945e+00 1.633901084585593466e+01
-2.648976257205670759e+00 1.758924486986180824e+01
-2.647418494043538573e+00 2.486120421495515131e+01
-2.645860730881406386e+00 2.440558160193562287e+01
-2.644302967719274200e+00 2.309599492763310380e+01
-2.642745204557142014e+00 2.240527700736661743e+01
-2.641187441395009827e+00 1.809953211934783468e+01
-2.639629678232878085e+00 1.504460447783194255e+01
-2.638071915070745899e+00 1.693694228574000249e+01
-2.636514151908613712e+00 1.772035578932596067e+01
-2.634956388746481526e+00 1.720825503361411890e+01
-2.633398625584349340e+00 1.823456319448607132e+01
-2.631840862422217153e+00 2.110386208575990352e+01
-2.630283099260084967e+00 2.099421027942010554e+01
-2.628725336097953225e+00 2.067204993843624550e+01
-2.627167572935821038e+00 1.996331246160236006e+01
-2.625609809773688852e+00 1.699138370273553988e+01
-2.624052046611556666e+00 1.965676397977490453e+01
-2.622494283449424479e+00 1.886338927553959266e+01
-2.620936520287292293e+00 1.561049173456109962e+01
-2.619378757125160107e+00 2.058238126140675561e+01
-2.617820993963028364e+00 2.254702298051448750e+01
-2.616263230800896178e+00 2.162670401570769485e+01
-2.614705467638763992e+00 2.176206428553325267e+01
-2.613147704476631805e+00 1.908166568474003455e+01
-2.611589941314499619e+00 1.746754585010555871e+01
-2.610032178152367877e+00 1.667101761978934604e+01
-2.608474414990235246e+00 1.818886453263767322e+01
-2.606916651828103504e+00 2.041778774212162517e+01
-2.605358888665971318e+00 1.956725500246600191e+01
-2.603801125503839131e+00 1.957043583679214649e+01
-2.602243362341706945e+00 2.015843965958107376e+01
-2.600685599179574758e+00 2.076983573825051366e+01
-2.599127836017443016e+00 2.062434213393832394e+01
-2.597570072855310386e+00 1.865502925845645521e+01
-2.596012309693178643e+00 1.939684361544779989e+01
-2.594454546531046457e+00 2.220805906976731237e+01
-2.592896783368914271e+00 2.143981965290784686e+01
-2.591339020206782084e+00 1.966884227695073051e+01
-2.589781257044649898e+00 1.975382937502273606e+01
-2.588223493882518156e+00 1.906371344184235994e+01
-2.586665730720385969e+00 2.146718203775045453e+01
-2.585107967558253783e+00 2.204298111074949418e+01
-2.583550204396121597e+00 2.116317675328662418e+01
-2.581992441233989410e+00 1.973961702309600241e+01
-2.580434678071857224e+00 1.928455743065652683e+01
-2.578876914909725038e+00 2.079717782421374039e+01
-2.577319151747593295e+00 1.899988390605379962e+01
-2.575761388585461109e+00 2.010176279002939381e+01
-2.574203625423328923e+00 2.198671066150467013e+01
-2.572645862261196736e+00 2.081920465557450584e+01
-2.571088099099064550e+00 1.891059027563536432e+01
-2.569530335936932364e+00 2.071155831572232486e+01
-2.567972572774800177e+00 1.859589466900713006e+01
-2.566414809612668435e+00 1.668256774465193359e+01
-2.564857046450536249e+00 2.011434595806855796e+01
-2.563299283288404062e+00 2.162668693794303110e+01
-2.561741520126271876e+00 2.061821956546545920e+01
-2.560183756964139690e+00 1.845345204017279883e+01
-2.558625993802007503e+00 1.922516379007949539e+01
-2.557068230639875317e+00 2.042565299823324665e+01
-2.555510467477743575e+00 1.985547976108792767e+01
-2.553952704315611388e+00 2.111670210953239391e+01
-2.552394941153479202e+00 2.087804891695603615e+01
-2.550837177991347016e+00 1.834486491779533779e+01
-2.549279414829214829e+00 1.697439466535498553e+01
-2.547721651667082643e+00 1.828620008172431355e+01
-2.546163888504950457e+00 2.266696102649308386e+01
-2.544606125342818714e+00 2.135501003401532572e+01
-2.543048362180686528e+00 1.891816299111870947e+01
-2.541490599018554342e+00 1.837480434783536509e+01
-2.539932835856422155e+00 1.574935359550522485e+01
-2.538375072694289969e+00 1.765432471325131658e+01
-2.536817309532158227e+00 2.234607448447312450e+01
-2.535259546370025596e+00 2.294828254164168868e+01
-2.533701783207893854e+00 1.978289267546788111e+01
-2.532144020045761668e+00 1.815352205386699325e+01
-2.530586256883629481e+00 1.890934491551561081e+01
-2.529028493721497295e+00 1.698872119389173818e+01
-2.527470730559365109e+00 1.960006453300691831e+01
-2.525912967397233366e+00 2.489295368361949912e+01
-2.524355204235100736e+00 1.975895839880722349e+01
-2.522797441072968994e+00 2.162775170083929410e+01
-2.521239677910836807e+00 2.295899149138720574e+01
-2.519681914748704621e+00 2.066879434797045434e+01
-2.518124151586572435e+00 1.987733627317162544e+01
-2.516566388424440248e+00 1.612227280805574026e+01
-2.515008625262308506e+00 1.589633921388933402e+01
-2.513450862100176320e+00 1.884709454723233790e+01
-2.511893098938044133e+00 2.229431771999783152e+01
-2.510335335775911947e+00 2.065826984494183094e+01
-2.508777572613779761e+00 1.836990703243115419e+01
-2.507219809451647574e+00 1.878518841891548163e+01
-2.505662046289515388e+00 1.792168290110250695e+01
-2.504104283127383646e+00 1.675742628658482403e+01
-2.502546519965251459e+00 1.676127616253699415e+01
-2.500988756803119273e+00 2.020200359732228890e+01
-2.499430993640987086e+00 1.954943326330301900e+01
-2.497873230478854900e+00 1.735145835505008449e+01
-2.496315467316722714e+00 1.898081758141814035e+01
-2.494757704154590527e+00 2.154244086342409759e+01
-2.493199940992458785e+00 2.517738187548309625e+01
-2.491642177830326599e+00 2.551428547608425035e+01
-2.490084414668194412e+00 2.135578305151216583e+01
-2.488526651506062226e+00 1.799558093905051592e+01
-2.486968888343930040e+00 1.994365438525623091e+01
-2.485411125181797853e+00 2.045726559072882367e+01
-2.483853362019665667e+00 2.405974816504905078e+01
-2.482295598857533925e+00 2.511328983647327817e+01
-2.480737835695401738e+00 2.319092062748692129e+01
-2.479180072533269552e+00 2.133328484237268796e+01
-2.477622309371137366e+00 1.975932765298512450e+01
-2.476064546209005179e+00 2.119905219548684627e+01
-2.474506783046872993e+00 2.147909708078907798e+01
-2.472949019884740807e+00 1.966876076987644595e+01
-2.471391256722609064e+00 1.856360494976312836e+01
-2.469833493560476878e+00 1.978754017112710883e+01
-2.468275730398344692e+00 1.927971844807692747e+01
-2.466717967236212505e+00 2.236241229395538710e+01
-2.465160204074080319e+00 2.237265566369276115e+01
-2.463602440911948577e+00 1.785435566628498094e+01
-2.462044677749815946e+00 1.881620941387984658e+01
-2.460486914587684204e+00 1.843241880848137981e+01
-2.458929151425552018e+00 1.733573575341810979e+01
-2.457371388263419831e+00 1.833799120608379951e+01
-2.455813625101287645e+00 1.980843895729116610e+01
-2.454255861939155459e+00 2.011212750422936679e+01
-2.452698098777023716e+00 2.027868370464310033e+01
-2.451140335614891086e+00 2.344524524257416331e+01
-2.449582572452759344e+00 2.419411578637268789e+01
-2.448024809290627157e+00 2.243356889592747905e+01
-2.446467046128494971e+00 2.008664368897285613e+01
-2.444909282966362785e+00 2.132818112718955916e+01
-2.443351519804230598e+00 2.248576963962901587e+01
-2.441793756642098856e+00 1.902325561889731986e+01
-2.440235993479966670e+00 1.695561101839770757e+01
-2.438678230317834483e+00 1.987651464320669348e+01
-2.437120467155702297e+00 2.367970285538824626e+01
-2.435562703993570111e+00 2.388471761419949857e+01
-2.434004940831437924e+00 2.115192619982358124e+01
-2.432447177669305738e+00 2.066868726233019515e+01
-2.430889414507173996e+00 2.226555962421968715e+01
-2.429331651345041809e+00 2.223882141911445132e+01
-2.427773888182909623e+00 2.251340401655717827e+01
-2.426216125020777437e+00 2.438406938662436119e+01
-2.424658361858645250e+00 2.566085193682662435e+01
-2.423100598696513064e+00 1.959058645002590282e+01
-2.421542835534380878e+00 2.029097196619355259e+01
-2.419985072372249135e+00 2.359351224241137146e+01
-2.418427309210116949e+00 2.003161260598665905e+01
-2.416869546047984763e+00 1.831178049766579718e+01
-2.415311782885852576e+00 1.720210091698809052e+01
-2.413754019723720390e+00 1.691217796186933242e+01
-2.412196256561588203e+00 1.921637670608827975e+01
-2.410638493399456017e+00 1.929705746092265528e+01
-2.409080730237324275e+00 1.839714554052480011e+01
-2.407522967075192089e+00 1.913123741209472328e+01
-2.405965203913059902e+00 2.097982144070762089e+01
-2.404407440750927716e+00 2.061612753808769227e+01
-2.402849677588795529e+00 2.098004228303133090e+01
-2.401291914426663343e+00 1.810691254086191648e+01
-2.399734151264531157e+00 2.050737486363605910e+01
-2.398176388102399414e+00 2.393027608336476675e+01
-2.396618624940267228e+00 2.080516759030577489e+01
-2.395060861778135042e+00 1.845270335158417652e+01
-2.393503098616002855e+00 1.905818616863005133e+01
-2.391945335453870669e+00 2.212823712062159132e+01
-2.390387572291738927e+00 2.311531725675236970e+01
-2.388829809129606296e+00 2.291905659084693170e+01
-2.387272045967474554e+00 2.003678984968216525e+01
-2.385714282805342368e+00 1.881877835046572756e+01
-2.384156519643210181e+00 1.786443261727727361e+01
-2.382598756481077995e+00 2.150186152969810394e+01
-2.381040993318945809e+00 2.095117715245338630e+01
-2.379483230156814066e+00 2.135599519833318993e+01
-2.377925466994681436e+00 2.461959827700401604e+01
-2.376367703832549694e+00 2.382372038238329282e+01
-2.374809940670417507e+00 2.122957142074435311e+01
-2.373252177508285321e+00 1.746836131853810059e+01
-2.371694414346153135e+00 1.719389757433086885e+01
-2.370136651184020948e+00 1.924717596815707310e+01
-2.368578888021889206e+00 1.992843985992654510e+01
-2.367021124859757020e+00 1.809216173611612888e+01
-2.365463361697624833e+00 1.965566697740030477e+01
-2.363905598535492647e+00 2.194118170614430596e+01
-2.362347835373360461e+00 2.049272151088030824e+01
-2.360790072211228274e+00 1.637978597073547604e+01
-2.359232309049096088e+00 1.783189596188521975e+01
-2.357674545886964346e+00 2.135327647119969185e+01
-2.356116782724832159e+00 2.043935014923933480e+01
-2.354559019562699973e+00 2.012225447378081000e+01
-2.353001256400567787e+00 2.005982125196238997e+01
-2.351443493238435600e+00 1.966757803921376890e+01
-2.349885730076303414e+00 2.041474541704165802e+01
-2.348327966914171228e+00 1.968600737815197732e+01
-2.346770203752039485e+00 1.710713067897481210e+01
-2.345212440589907299e+00 1.994323828548097310e+01
-2.343654677427775113e+00 1.964919554893882392e+01
-2.342096914265642926e+00 2.176124726926550323e+01
-2.340539151103510740e+00 2.277986554280185061e+01
-2.338981387941378554e+00 2.036496841499930355e+01
-2.337423624779246367e+00 2.030609967880169364e+01
-2.335865861617114625e+00 2.109417005097856190e+01
-2.334308098454982439e+00 2.263665051164375086e+01
-2.332750335292850252e+00 2.149750394699008993e+01
-2.331192572130718066e+00 2.112832875978240565e+01
-2.329634808968585880e+00 2.178113700876344438e+01
-2.328077045806453693e+00 2.228855787508826580e+01
-2.326519282644321507e+00 2.415944717409140452e+01
-2.324961519482189765e+00 2.324344338078323702e+01
-2.323403756320057578e+00 2.099367500166052736e+01
-2.321845993157925392e+00 1.903869538441377784e+01
-2.320288229995793206e+00 1.972752554685780169e+01
-2.318730466833661019e+00 2.180377933430962401e+01
-2.317172703671529277e+00 2.334266275575800975e+01
-2.315614940509396646e+00 2.382647038817520624e+01
-2.314057177347264904e+00 2.458634292269015020e+01
-2.312499414185132718e+00 2.607986962209364634e+01
-2.310941651023000531e+00 2.434993989557181848e+01
-2.309383887860868345e+00 2.251334868622004493e+01
-2.307826124698736159e+00 1.989863862965503216e+01
-2.306268361536604417e+00 2.047940116009383615e+01
-2.304710598374471786e+00 2.088500903916688856e+01
-2.303152835212340044e+00 2.369284695876185509e+01
-2.301595072050207857e+00 2.112551124240340883e+01
-2.300037308888075671e+00 1.608268750361168031e+01
-2.298479545725943485e+00 1.950734318291890901e+01
-2.296921782563811298e+00 2.434949395156627716e+01
-2.295364019401679556e+00 2.436260586132680572e+01
-2.293806256239547370e+00 2.027634257787707739e+01
-2.292248493077415183e+00 1.929565256774662174e+01
-2.290690729915282997e+00 2.078008614238260776e+01
-2.289132966753150811e+00 2.042747808862362291e+01
-2.287575203591018624e+00 1.910965691669130351e+01
-2.286017440428886438e+00 1.882088779641683729e+01
-2.284459677266754696e+00 2.111536714688194039e+01
-2.282901914104622509e+00 1.802966737636547023e+01
-2.281344150942490323e+00 1.955404464222672090e+01
-2.279786387780358137e+00 2.483561770623268217e+01
-2.278228624618225950e+00 2.203073268082487601e+01
-2.276670861456093764e+00 1.970524427834947900e+01
-2.275113098293961578e+00 1.920315211891760043e+01
-2.273555335131829835e+00 1.930152556303292144e+01
-2.271997571969697649e+00 1.846817937561338852e+01
-2.270439808807565463e+00 1.805776637663925044e+01
-2.268882045645433276e+00 2.084932160633487186e+01
-2.267324282483301090e+00 2.100301901396490223e+01
-2.265766519321168904e+00 2.092877023247058688e+01
-2.264208756159036717e+00 2.003577973131952561e+01
-2.262650992996904975e+00 2.344962951549811692e+01
-2.261093229834772789e+00 2.529873907553669810e+01
-2.259535466672640602e+00 2.017728127627638912e+01
-2.257977703510508416e+00 2.099505375987603983e+01
-2.256419940348376230e+00 2.069599620844971355e+01
-2.254862177186244043e+00 1.959680337334482658e+01
-2.253304414024111857e+00 2.223974860414732291e+01
-2.251746650861980115e+00 2.220745900442264542e+01
-2.250188887699847928e+00 2.164185983083687503e+01
-2.248631124537715742e+00 2.076774827674487156e+01
-2.247073361375583556e+00 2.010722619589400750e+01
-2.245515598213451369e+00 2.248424414680814110e+01
-2.243957835051319627e+00 1.972743577197028131e+01
-2.242400071889186997e+00 1.687570910986675088e+01
-2.240842308727055254e+00 2.158578745792377518e+01
-2.239284545564923068e+00 2.185590474563754526e+01
-2.237726782402790882e+00 2.116906083898192392e+01
-2.236169019240658695e+00 2.027602109123919050e+01
-2.234611256078526509e+00 1.984544314407544263e+01
-2.233053492916394767e+00 2.172600117054961189e+01
-2.231495729754262136e+00 2.158156483490369126e+01
-2.229937966592130394e+00 1.979669403097072333e+01
-2.228380203429998208e+00 1.729845564413882286e+01
-2.226822440267866021e+00 2.151461469899527046e+01
-2.225264677105733835e+00 2.540636126917550897e+01
-2.223706913943601648e+00 2.244383405301540790e+01
-2.222149150781469906e+00 2.094626287435626111e+01
-2.220591387619337720e+00 2.100540879503755320e+01
-2.219033624457205534e+00 2.252154794266733262e+01
-2.217475861295073347e+00 2.043007535536235508e+01
-2.215918098132941161e+00 1.762691584961905988e+01
-2.214360334970808974e+00 1.916005138132486252e+01
-2.212802571808676788e+00 2.022405182472563823e+01
-2.211244808646545046e+00 2.336049034830357485e+01
-2.209687045484412860e+00 2.308278904131417519e+01
-2.208129282322280673e+00 1.824695119992793835e+01
-2.206571519160148487e+00 1.845109706815688000e+01
-2.205013755998016300e+00 2.198590095853223048e+01
-2.203455992835884114e+00 2.562240283651497919e+01
-2.201898229673751928e+00 2.438891800126788922e+01
-2.200340466511620185e+00 2.100171891531143231e+01
-2.198782703349487999e+00 2.226936769141733308e+01
-2.197224940187355813e+00 2.400656178927315310e+01
-2.195667177025223626e+00 2.341906751790145336e+01
-2.194109413863091440e+00 2.262674181494225323e+01
-2.192551650700959254e+00 2.009193735770056932e+01
-2.190993887538827067e+00 2.088348322501851229e+01
-2.189436124376695325e+00 2.447007348417661632e+01
-2.187878361214563139e+00 2.442332780933791270e+01
-2.186320598052430952e+00 2.264326322255285717e+01
-2.184762834890298766e+00 2.329506154885548597e+01
-2.183205071728166580e+00 2.738058332727030475e+01
-2.181647308566034837e+00 2.200984827283326339e+01
-2.180089545403902207e+00 2.224596873741536740e+01
-2.178531782241770465e+00 2.396909048168283718e+01
-2.176974019079638278e+00 2.234328608072912559e+01
-2.175416255917506092e+00 2.550461678409939026e+01
-2.173858492755373906e+00 2.354148447694161916e+01
-2.172300729593241719e+00 2.411749776293159186e+01
-2.170742966431109977e+00 2.734131928581687276e+01
-2.169185203268977347e+00 2.656854236438996253e+01
-2.167627440106845604e+00 2.272111223120985102e+01
-2.166069676944713418e+00 2.114291148903372886e+01
-2.164511913782581232e+00 2.049276455389396645e+01
-2.162954150620449045e+00 2.206368864064330637e+01
-2.161396387458316859e+00 2.038282774818533127e+01
-2.159838624296185117e+00 1.861447236593851784e+01
-2.158280861134052486e+00 2.586764809989781000e+01
-2.156723097971920744e+00 3.039786578838696229e+01
-2.155165334809788558e+00 2.588127812843000797e+01
-2.153607571647656371e+00 1.944626464319526704e+01
-2.152049808485524185e+00 1.927715740225317731e+01
-2.150492045323391999e+00 2.234350825491694081e+01
-2.148934282161260256e+00 2.286169828861827114e+01
-2.147376518999127626e+00 2.224654130006365449e+01
-2.145818755836995884e+00 2.427051113030927709e+01
-2.144260992674863697e+00 2.188359127960199757e+01
-2.142703229512731511e+00 2.011558795856537429e+01
-2.141145466350599325e+00 2.254470130349733736e+01
-2.139587703188467138e+00 2.085274629400707624e+01
-2.138029940026335396e+00 2.011686920185962890e+01
-2.136472176864202766e+00 2.158460523500593098e+01
-2.134914413702071023e+00 2.262761410887494051e+01
-2.133356650539938837e+00 2.157843297497803192e+01
-2.131798887377806651e+00 2.352897911245053919e+01
-2.130241124215674908e+00 2.278813618639360428e+01
-2.128683361053542278e+00 2.075395628722224473e+01
-2.127125597891410536e+00 2.235707580319717280e+01
-2.125567834729277905e+00 2.674652903081765487e+01
-2.124010071567146163e+00 2.870531780242059483e+01
-2.122452308405013977e+00 2.478981588463106078e+01
-2.120894545242881790e+00 2.682871308767057528e+01
-2.119336782080750048e+00 2.350069688230832554e+01
-2.117779018918617417e+00 2.044332476651211650e+01
-2.116221255756485675e+00 2.367441489992695836e+01
-2.114663492594353489e+00 2.400232729284696020e+01
-2.113105729432221302e+00 2.156043572203358849e+01
-2.111547966270089116e+00 1.981082630233391839e+01
-2.109990203107956930e+00 1.985664369823438236e+01
-2.108432439945825188e+00 1.877814865913183695e+01
-2.106874676783692557e+00 2.219155957564979786e+01
-2.105316913621560815e+00 2.302267477448909361e+01
-2.103759150459428628e+00 2.193928673443690869e+01
-2.102201387297296442e+00 2.322869120388306996e+01
-2.100643624135164256e+00 2.588116874249982047e+01
-2.099085860973032069e+00 2.719155773170531987e+01
-2.097528097810900327e+00 2.372691898300411140e+01
-2.095970334648767697e+00 2.384466901228355340e+01
-2.094412571486635954e+00 2.571049871160125733e+01
-2.092854808324503768e+00 2.228685989230348241e+01
-2.091297045162371582e+00 2.527943744759981115e+01
-2.089739282000239395e+00 2.853992254743766566e+01
-2.088181518838107209e+00 2.611558272649533308e+01
-2.086623755675975467e+00 2.373981644775556887e+01
-2.085065992513842836e+00 2.170783308862628402e+01
-2.083508229351711094e+00 2.213076786872488810e+01
-2.081950466189578908e+00 2.163792303714511078e+01
-2.080392703027446721e+00 2.069424843705731476e+01
-2.078834939865314535e+00 2.254421428371107794e+01
-2.077277176703182349e+00 2.200769073568748979e+01
-2.075719413541050606e+00 2.274980514486711414e+01
-2.074161650378917976e+00 2.770732361943248634e+01
-2.072603887216786234e+00 2.609515806746739131e+01
-2.071046124054654047e+00 2.612551870422150913e+01
-2.069488360892521861e+00 2.979248030564999894e+01
-2.067930597730389675e+00 3.484641669791179908e+01
-2.066372834568257488e+00 2.763891800078222971e+01
-2.064815071406125746e+00 2.235117371748624748e+01
-2.063257308243993116e+00 2.930602004876749689e+01
-2.061699545081861373e+00 3.109483024223797187e+01
-2.060141781919729187e+00 2.649403503172894503e+01
-2.058584018757597001e+00 2.439472426687656892e+01
-2.057026255595465258e+00 3.035810929256698287e+01
-2.055468492433332628e+00 2.579744778344160849e+01
-2.053910729271200886e+00 2.253479177176675563e+01
-2.052352966109068255e+00 2.373310837068930468e+01
-2.050795202946936513e+00 2.478606442856296610e+01
-2.049237439784804327e+00 2.557818441777987672e+01
-2.047679676622672140e+00 2.208455946321879182e+01
-2.046121913460540398e+00 2.003115428611889115e+01
-2.044564150298407768e+00 2.532976695235569764e+01
-2.043006387136276025e+00 2.717167582290119299e+01
-2.041448623974143839e+00 2.504340761252521830e+01
-2.039890860812011653e+00 2.180126519496012705e+01
-2.038333097649879466e+00 2.077931443084473173e+01
-2.036775334487747280e+00 1.980003312791015802e+01
-2.035217571325615538e+00 1.769707912929165872e+01
-2.033659808163482907e+00 2.114597193645337825e+01
-2.032102045001351165e+00 2.406252467735655642e+01
-2.030544281839218979e+00 2.657186744846804061e+01
-2.028986518677086792e+00 1.977367804991008526e+01
-2.027428755514954606e+00 2.473739872410663665e+01
-2.025870992352822419e+00 2.605169982480726176e+01
-2.024313229190690677e+00 3.057184332689084272e+01
-2.022755466028558047e+00 2.933752944984771105e+01
-2.021197702866426305e+00 1.827710907349223746e+01
-2.019639939704294118e+00 3.037405484292046509e+01
-2.018082176542161932e+00 3.236239890080219794e+01
-2.016524413380029745e+00 2.635715289011491436e+01
-2.014966650217897559e+00 2.708134418620437955e+01
-2.013408887055765817e+00 2.407074557483983313e+01
-2.011851123893633186e+00 2.368702529081376440e+01
-2.010293360731501444e+00 2.759007604490206589e+01
-2.008735597569369258e+00 2.601079675748964704e+01
-2.007177834407237071e+00 2.408408586371750459e+01
-2.005620071245104885e+00 2.555959190590863273e+01
-2.004062308082972699e+00 2.801218102309795555e+01
-2.002504544920840956e+00 2.221897198491822323e+01
-2.000946781758708326e+00 1.939785731288220560e+01
-1.999389018596576584e+00 2.201414603324725405e+01
-1.997831255434444397e+00 2.089691874397322735e+01
-1.996273492272312211e+00 2.119086091337942079e+01
-1.994715729110180025e+00 2.037699974097298750e+01
-1.993157965948048060e+00 1.998347609574389949e+01
-1.991600202785915874e+00 2.018196879780875364e+01
-1.990042439623783688e+00 2.146050896757339288e+01
-1.988484676461651723e+00 2.015329699878765268e+01
-1.986926913299519537e+00 2.722212063522217207e+01
-1.985369150137387351e+00 3.059465087621120460e+01
-1.983811386975255386e+00 2.053052175324186024e+01
-1.982253623813123200e+00 2.146277238595222414e+01
-1.980695860650991014e+00 2.789611502251391784e+01
-1.979138097488858827e+00 2.665341761890642402e+01
-1.977580334326726863e+00 2.282189465881723578e+01
-1.976022571164594677e+00 2.224345810652160083e+01
-1.974464808002462490e+00 2.449401048302620154e+01
-1.972907044840330526e+00 2.754616759654888725e+01
-1.971349281678198340e+00 3.243190009123414086e+01
-1.969791518516066153e+00 2.463702042363989264e+01
-1.968233755353934189e+00 2.265851178957113632e+01
-1.966675992191802003e+00 2.442337042368135158e+01
-1.965118229029669816e+00 2.195488775445667784e+01
-1.963560465867537630e+00 2.448311191740442538e+01
-1.962002702705405666e+00 2.115876409908413081e+01
-1.960444939543273479e+00 2.022051377809353667e+01
-1.958887176381141293e+00 2.331347785492986446e+01
-1.957329413219009329e+00 2.333125203652883783e+01
-1.955771650056877142e+00 2.502691125500718528e+01
-1.954213886894744956e+00 2.554140667976793111e+01
-1.952656123732612770e+00 2.323944385791233103e+01
-1.951098360570480805e+00 2.354967922656426538e+01
-1.949540597408348619e+00 2.532727258823749494e+01
-1.947982834246216433e+00 2.800049615573460216e+01
-1.946425071084084468e+00 2.809233520331869016e+01
-1.944867307921952282e+00 2.695480811867487958e+01
-1.943309544759820096e+00 2.910045639324587441e+01
-1.941751781597688131e+00 2.792794896417037975e+01
-1.940194018435555945e+00 2.833259493010739050e+01
-1.938636255273423759e+00 2.492962393047521985e+01
-1.937078492111291572e+00 2.174062121050582164e+01
-1.935520728949159608e+00 2.813448822385164050e+01
-1.933962965787027422e+00 2.928732241087832122e+01
-1.932405202624895235e+00 2.652453903430503956e+01
-1.930847439462763271e+00 2.424536144380369862e+01
-1.929289676300631085e+00 2.253625668156815820e+01
-1.927731913138498898e+00 2.202858034570410695e+01
-1.926174149976366934e+00 2.161396018792873264e+01
-1.924616386814234748e+00 1.935108150972703811e+01
-1.923058623652102561e+00 2.110537895592029756e+01
-1.921500860489970375e+00 2.419410210838142916e+01
-1.919943097327838410e+00 2.300055370963108103e+01
-1.918385334165706224e+00 2.075363586426468743e+01
-1.916827571003574038e+00 2.353649044418424197e+01
-1.915269807841442073e+00 2.760902961485086138e+01
-1.913712044679309887e+00 2.542983045074394965e+01
-1.912154281517177701e+00 2.523529084711243087e+01
-1.910596518355045736e+00 2.296983733089544799e+01
-1.909038755192913550e+00 2.367186963596010685e+01
-1.907480992030781364e+00 2.168436528519403694e+01
-1.905923228868649177e+00 2.177607744803472301e+01
-1.904365465706517213e+00 2.599973644731648648e+01
-1.902807702544385027e+00 2.299593963899349447e+01
-1.901249939382252840e+00 2.726453164233727477e+01
-1.899692176220120876e+00 3.061692281760089074e+01
-1.898134413057988690e+00 2.730418641261074697e+01
-1.896576649895856503e+00 2.683385711743148150e+01
-1.895018886733724539e+00 2.690262038104075515e+01
-1.893461123571592353e+00 2.568669696713790174e+01
-1.891903360409460166e+00 2.707884106804942093e+01
-1.890345597247327980e+00 2.399647440422674194e+01
-1.888787834085196016e+00 2.054763658803277337e+01
-1.887230070923063829e+00 2.138321523823793413e+01
-1.885672307760931643e+00 2.065618757359717250e+01
-1.884114544598799679e+00 2.400873080139603033e+01
-1.882556781436667492e+00 2.544837582457029157e+01
-1.880999018274535306e+00 2.218015089677374974e+01
-1.879441255112403120e+00 2.392871601137159843e+01
-1.877883491950271155e+00 3.001747210071140515e+01
-1.876325728788138969e+00 2.480530768129242247e+01
-1.874767965626006783e+00 2.400597417173021952e+01
-1.873210202463874818e+00 2.559665816539519057e+01
-1.871652439301742632e+00 2.428343291727882303e+01
-1.870094676139610446e+00 2.565504391241241677e+01
-1.868536912977478481e+00 2.438502691028568492e+01
-1.866979149815346295e+00 2.744541908810372277e+01
-1.865421386653214109e+00 2.832224870541525164e+01
-1.863863623491081922e+00 2.880831584940733592e+01
-1.862305860328949958e+00 2.840111545463393838e+01
-1.860748097166817772e+00 2.566008388821921926e+01
-1.859190334004685585e+00 2.194083274806401818e+01
-1.857632570842553621e+00 2.540944940970573995e+01
-1.856074807680421435e+00 2.946724116337742316e+01
-1.854517044518289248e+00 2.753603735376660566e+01
-1.852959281356157284e+00 2.868344838221377913e+01
-1.851401518194025098e+00 2.746788546636546258e+01
-1.849843755031892911e+00 2.789846711621946795e+01
-1.848285991869760725e+00 2.282843472144592312e+01
-1.846728228707628761e+00 2.398980882829753369e+01
-1.845170465545496574e+00 2.681765025446160422e+01
-1.843612702383364388e+00 2.445195546971433842e+01
-1.842054939221232424e+00 2.770665891285835158e+01
-1.840497176059100237e+00 2.737639055939540711e+01
-1.838939412896968051e+00 2.692318243907194741e+01
-1.837381649734836087e+00 2.403308901164030686e+01
-1.835823886572703900e+00 2.588517144273485471e+01
-1.834266123410571714e+00 3.040381475649862608e+01
-1.832708360248439527e+00 2.984003983940056060e+01
-1.831150597086307563e+00 2.720426298658390252e+01
-1.829592833924175377e+00 2.754229541638028778e+01
-1.828035070762043190e+00 2.730510122332366407e+01
-1.826477307599911226e+00 2.412617712066226616e+01
-1.824919544437779040e+00 2.483096190108906853e+01
-1.823361781275646853e+00 2.820909620707838528e+01
-1.821804018113514889e+00 2.889365579511471083e+01
-1.820246254951382703e+00 2.838446451054395325e+01
-1.818688491789250516e+00 2.657635654171765083e+01
-1.817130728627118330e+00 2.450623107184568994e+01
-1.815572965464986366e+00 2.391617740637522260e+01
-1.814015202302854179e+00 2.645513620839940927e+01
-1.812457439140721993e+00 2.917566173251574924e+01
-1.810899675978590029e+00 2.518634961051793653e+01
-1.809341912816457842e+00 2.187982854971831159e+01
-1.807784149654325656e+00 2.227034915805259985e+01
-1.806226386492193470e+00 2.752964472065134416e+01
-1.804668623330061505e+00 2.975861601839634929e+01
-1.803110860167929319e+00 2.761256093304757542e+01
-1.801553097005797133e+00 3.270160429372348432e+01
-1.799995333843665168e+00 3.124425447136696121e+01
-1.798437570681532982e+00 2.550656431982523387e+01
-1.796879807519400796e+00 2.865693508040822479e+01
-1.795322044357268831e+00 2.939352366998896926e+01
-1.793764281195136645e+00 2.681308326072018744e+01
-1.792206518033004459e+00 2.480054592951643500e+01
-1.790648754870872272e+00 2.247927624982757777e+01
-1.789090991708740308e+00 2.492234968654756599e+01
-1.787533228546608122e+00 2.749802538166387222e+01
-1.785975465384475935e+00 2.648018569968768077e+01
-1.784417702222343971e+00 2.574555790067033456e+01
-1.782859939060211785e+00 2.247860623456047335e+01
-1.781302175898079598e+00 2.081637638830338588e+01
-1.779744412735947634e+00 2.147942720920879367e+01
-1.778186649573815448e+00 2.468514121954358487e+01
-1.776628886411683261e+00 3.232669594925359036e+01
-1.775071123249551075e+00 3.071549968160073618e+01
-1.773513360087419111e+00 2.190201895900384699e+01
-1.771955596925286924e+00 2.293944721256902497e+01
-1.770397833763154738e+00 2.790588096232271198e+01
-1.768840070601022774e+00 2.922924937811295010e+01
-1.767282307438890587e+00 2.786428030668936984e+01
-1.765724544276758401e+00 3.013298324148151153e+01
-1.764166781114626437e+00 3.534905229955061401e+01
-1.762609017952494250e+00 3.085439801838120033e+01
-1.761051254790362064e+00 2.752533976179811148e+01
-1.759493491628229878e+00 2.584367987311441084e+01
-1.757935728466097913e+00 2.564181963593247460e+01
-1.756377965303965727e+00 3.103925992193255112e+01
-1.754820202141833541e+00 3.095056902261615761e+01
-1.753262438979701576e+00 3.015509024465444909e+01
-1.751704675817569390e+00 2.610520432532170432e+01
-1.750146912655437204e+00 2.525987849136165764e+01
-1.748589149493305239e+00 2.549389207810700952e+01
-1.747031386331173053e+00 2.608401274423914273e+01
-1.745473623169040867e+00 2.606202928943210040e+01
-1.743915860006908680e+00 2.228714656121215043e+01
-1.742358096844776716e+00 2.264891525853267851e+01
-1.740800333682644530e+00 2.495407819870661825e+01
-1.739242570520512343e+00 2.217113598337118319e+01
-1.737684807358380379e+00 2.463310211885325529e+01
-1.736127044196248193e+00 2.862011141609581699e+01
-1.734569281034116006e+00 2.319377014494702394e+01
-1.733011517871983820e+00 2.262320732312185356e+01
-1.731453754709851856e+00 2.408437028789253631e+01
-1.729895991547719669e+00 2.391990948673980455e+01
-1.728338228385587483e+00 2.520759429578044575e+01
-1.726780465223455518e+00 2.631583790152741642e+01
-1.725222702061323332e+00 2.586300532140002417e+01
-1.723664938899191146e+00 1.986942086807483321e+01
-1.722107175737059181e+00 1.843616427836433402e+01
-1.720549412574926995e+00 2.340297728798108423e+01
-1.718991649412794809e+00 2.449802601480315545e+01
-1.717433886250662622e+00 2.480145924997154694e+01
-1.715876123088530658e+00 2.536335206102855366e+01
-1.714318359926398472e+00 2.284023217366873482e+01
-1.712760596764266285e+00 2.604841013000099892e+01
-1.711202833602134321e+00 3.006548628940228696e+01
-1.709645070440002135e+00 2.737609387489645485e+01
-1.708087307277869948e+00 2.735911411356939382e+01
-1.706529544115737984e+00 2.647721391545440994e+01
-1.704971780953605798e+00 2.537448811747284694e+01
-1.703414017791473611e+00 2.933908474325713556e+01
-1.701856254629341425e+00 2.530375477833232978e+01
-1.700298491467209461e+00 2.547255065881165947e+01
-1.698740728305077274e+00 2.568384575213304899e+01
-1.697182965142945088e+00 2.287141092158061539e+01
-1.695625201980813124e+00 2.725601469672385235e+01
-1.694067438818680937e+00 2.511238652705058172e+01
-1.692509675656548751e+00 2.628852915474010388e+01
-1.690951912494416787e+00 2.193480580450643913e+01
-1.689394149332284600e+00 1.862084909152468271e+01
-1.687836386170152414e+00 2.014470979656677585e+01
-1.686278623008020228e+00 1.987169298096557313e+01
-1.684720859845888263e+00 2.671042481612575514e+01
-1.683163096683756077e+00 3.092715812520038909e+01
-1.681605333521623891e+00 2.899217964689172788e+01
-1.680047570359491926e+00 2.973345369306756325e+01
-1.678489807197359740e+00 2.936194534602054773e+01
-1.676932044035227554e+00 2.510675638343550986e+01
-1.675374280873095589e+00 2.984211924521558501e+01
-1.673816517710963403e+00 3.194711587902719785e+01
-1.672258754548831217e+00 2.569959872790456856e+01
-1.670700991386699030e+00 2.497777369762661337e+01
-1.669143228224567066e+00 2.692611887884718769e+01
-1.667585465062434880e+00 3.080454514899276575e+01
-1.666027701900302693e+00 2.762263729409302115e+01
-1.664469938738170729e+00 2.446467495691340943e+01
-1.662912175576038543e+00 3.106145563073220472e+01
-1.661354412413906356e+00 3.048804197834503071e+01
-1.659796649251774170e+00 2.536788956527216143e+01
-1.658238886089642206e+00 2.555597978178870378e+01
-1.656681122927510019e+00 2.560228795707524441e+01
-1.655123359765377833e+00 2.666951776528545182e+01
-1.653565596603245869e+00 2.891051419673654621e+01
-1.652007833441113682e+00 2.698511133073783341e+01
-1.650450070278981496e+00 2.574621736509682890e+01
-1.648892307116849532e+00 2.862602602178766276e+01
-1.647334543954717345e+00 2.878846880423088450e+01
-1.645776780792585159e+00 2.828549117401740176e+01
-1.644219017630452973e+00 3.213162005322157455e+01
-1.642661254468321008e+00 2.940767406003903517e+01
-1.641103491306188822e+00 2.384135059759339370e+01
-1.639545728144056636e+00 2.691385597123703732e+01
-1.637987964981924671e+00 3.038528162380058362e+01
-1.636430201819792485e+00 3.232631542198141261e+01
-1.634872438657660298e+00 3.066181395978351176e+01
-1.633314675495528334e+00 2.718429969475622343e+01
-1.631756912333396148e+00 2.871784604680492237e+01
-1.630199149171263961e+00 3.411317194965772615e+01
-1.628641386009131775e+00 3.226884949083702026e+01
-1.627083622846999811e+00 2.538218753287091900e+01
-1.625525859684867624e+00 2.721513115506889235e+01
-1.623968096522735438e+00 3.119612032234341825e+01
-1.622410333360603474e+00 2.835197019402191998e+01
-1.620852570198471287e+00 2.207383957024929799e+01
-1.619294807036339101e+00 1.955643254579407042e+01
-1.617737043874207137e+00 2.301117489430476226e+01
-1.616179280712074950e+00 2.804469198786538087e+01
-1.614621517549942764e+00 2.773933205304440008e+01
-1.613063754387810578e+00 2.368253283638543749e+01
-1.611505991225678613e+00 2.184509872772053640e+01
-1.609948228063546427e+00 2.441062074366030288e+01
-1.608390464901414241e+00 2.480853171557285464e+01
-1.606832701739282276e+00 2.402152358700316626e+01
-1.605274938577150090e+00 2.774197591635885018e+01
-1.603717175415017904e+00 2.689612735191578707e+01
-1.602159412252885939e+00 2.110281052354916298e+01
-1.600601649090753753e+00 2.136835148747062263e+01
-1.599043885928621567e+00 2.532943699931048798e+01
-1.597486122766489380e+00 2.636723911653360730e+01
-1.595928359604357416e+00 2.729295449418427211e+01
-1.594370596442225230e+00 2.430119983723897548e+01
-1.592812833280093043e+00 2.413917527447966549e+01
-1.591255070117961079e+00 2.487461355355917547e+01
-1.589697306955828893e+00 2.459403540407968691e+01
-1.588139543793696706e+00 3.066465662131920666e+01
-1.586581780631564520e+00 3.078564193490040779e+01
-1.585024017469432556e+00 2.960625311991834252e+01
-1.583466254307300369e+00 2.728553226939442311e+01
-1.581908491145168183e+00 2.339753660505581223e+01
-1.580350727983036219e+00 2.412095462194538342e+01
-1.578792964820904032e+00 2.670655994341115758e+01
-1.577235201658771846e+00 2.498811294616380607e+01
-1.575677438496639882e+00 2.621404165992527524e+01
-1.574119675334507695e+00 2.635550420601195398e+01
-1.572561912172375509e+00 2.380067522371010114e+01
-1.571004149010243323e+00 2.584099624157883213e+01
-1.569446385848111358e+00 2.896373359482408816e+01
-1.567888622685979172e+00 3.150551796493073553e+01
-1.566330859523846986e+00 2.327495030862501579e+01
-1.564773096361715021e+00 2.159523712550859642e+01
-1.563215333199582835e+00 2.861958551525311023e+01
-1.561657570037450649e+00 2.678301489000750379e+01
-1.560099806875318684e+00 2.671799550606629481e+01
-1.558542043713186498e+00 2.380179048977593581e+01
-1.556984280551054312e+00 2.618726737863489262e+01
-1.555426517388922125e+00 2.610992866865674600e+01
-1.553868754226790161e+00 2.440007106526431713e+01
-1.552310991064657975e+00 2.392852436772765756e+01
-1.550753227902525788e+00 2.412176900351544973e+01
-1.549195464740393824e+00 2.544575580971619644e+01
-1.547637701578261638e+00 2.410564063552305569e+01
-1.546079938416129451e+00 2.525610313737065127e+01
-1.544522175253997487e+00 2.754237989190925617e+01
-1.542964412091865301e+00 2.652183110806187116e+01
-1.541406648929733114e+00 2.640855429051846315e+01
-1.539848885767600928e+00 2.873403742160463281e+01
-1.538291122605468964e+00 2.801795797075671146e+01
-1.536733359443336777e+00 2.355917709679570748e+01
-1.535175596281204591e+00 2.283105406072823129e+01
-1.533617833119072627e+00 2.774032751780966066e+01
-1.532060069956940440e+00 2.990980167980961468e+01
-1.530502306794808254e+00 2.962487332574664833e+01
-1.528944543632676289e+00 2.748312940498413326e+01
-1.527386780470544103e+00 2.902595313838494206e+01
-1.525829017308411917e+00 3.148426685599279651e+01
-1.524271254146279730e+00 2.557407144709987534e+01
-1.522713490984147766e+00 2.306453364502842973e+01
-1.521155727822015580e+00 2.823375288473604172e+01
-1.519597964659883393e+00 2.973424857798089960e+01
-1.518040201497751429e+00 2.981639989894221543e+01
-1.516482438335619243e+00 2.975030529781383493e+01
-1.514924675173487056e+00 2.618130841129298148e+01
-1.513366912011354870e+00 2.222944454826712857e+01
-1.511809148849222906e+00 2.299235259801729114e+01
-1.510251385687090719e+00 2.386937024049029077e+01
-1.508693622524958533e+00 2.439018453420215593e+01
-1.507135859362826569e+00 2.648002693933408835e+01
-1.505578096200694382e+00 2.340805431978201057e+01
-1.504020333038562196e+00 2.238896835246925221e+01
-1.502462569876430232e+00 2.326325126299330748e+01
-1.500904806714298045e+00 2.295707981439284140e+01
-1.499347043552165859e+00 2.974159897714938339e+01
-1.497789280390033673e+00 2.969708436020343711e+01
-1.496231517227901708e+00 2.664798864532853884e+01
-1.494673754065769522e+00 2.777131939041094455e+01
-1.493115990903637336e+00 2.192304840245472519e+01
-1.491558227741505371e+00 2.456333068455183266e+01
-1.490000464579373185e+00 3.048112320685935117e+01
-1.488442701417240999e+00 2.845852283724422094e+01
-1.486884938255109034e+00 2.663938584726497893e+01
-1.485327175092976848e+00 2.824948172421364134e+01
-1.483769411930844662e+00 2.426229632126681324e+01
-1.482211648768712475e+00 2.573096606834591071e+01
-1.480653885606580511e+00 3.078034452459397841e+01
-1.479096122444448325e+00 2.417595047713404099e+01
-1.477538359282316138e+00 2.229930500049468023e+01
-1.475980596120184174e+00 2.434394240544037302e+01
-1.474422832958051988e+00 2.245815105986459059e+01
-1.472865069795919801e+00 2.221735403957216803e+01
-1.471307306633787837e+00 2.601095001536418749e+01
-1.469749543471655651e+00 2.577761609005748866e+01
-1.468191780309523464e+00 2.372314069417684124e+01
-1.466634017147391278e+00 2.375045445066441019e+01
-1.465076253985259314e+00 2.562326751894196164e+01
-1.463518490823127127e+00 2.880389878668663783e+01
-1.461960727660994941e+00 2.776025741754629195e+01
-1.460402964498862977e+00 2.448193662483613764e+01
-1.458845201336730790e+00 2.387153340753020458e+01
-1.457287438174598604e+00 2.462606902527598862e+01
-1.455729675012466640e+00 2.276235280897115842e+01
-1.454171911850334453e+00 2.577229479880877250e+01
-1.452614148688202267e+00 2.763793843942155348e+01
-1.451056385526070081e+00 2.699961300853000523e+01
-1.449498622363938116e+00 2.988300528399082268e+01
-1.447940859201805930e+00 2.899639036653927704e+01
-1.446383096039673744e+00 2.771631313838392785e+01
-1.444825332877541779e+00 2.642644967911022391e+01
-1.443267569715409593e+00 2.858289351247326238e+01
-1.441709806553277406e+00 2.783837304136318380e+01
-1.440152043391145220e+00 2.754539316245010028e+01
-1.438594280229013256e+00 3.080809876919696322e+01
-1.437036517066881069e+00 3.287149161865209379e+01
-1.435478753904748883e+00 3.042150090472877366e+01
-1.433920990742616919e+00 2.418112317529589106e+01
-1.432363227580484732e+00 2.186605378553177914e+01
-1.430805464418352546e+00 2.213696901271516637e+01
-1.429247701256220582e+00 2.504885666690000789e+01
-1.427689938094088395e+00 2.356119827180221549e+01
-1.426132174931956209e+00 2.434504582963986508e+01
-1.424574411769824023e+00 3.277803360296017132e+01
-1.423016648607692058e+00 3.249586102330436432e+01
-1.421458885445559872e+00 2.415792304122775036e+01
-1.419901122283427686e+00 2.498738023897177030e+01
-1.418343359121295721e+00 2.989724193433799471e+01
-1.416785595959163535e+00 2.959119120884813370e+01
-1.415227832797031349e+00 2.886205295933154957e+01
-1.413670069634899384e+00 2.871598353076658583e+01
-1.412112306472767198e+00 2.969153086841163969e+01
-1.410554543310635012e+00 2.745582811879892660e+01
-1.408996780148502825e+00 2.587114120631634506e+01
-1.407439016986370861e+00 2.636007042458324179e+01
-1.405881253824238675e+00 2.485720185671415550e+01
-1.404323490662106488e+00 2.886931943565307535e+01
-1.402765727499974524e+00 3.055589500243578627e+01
-1.401207964337842338e+00 2.820576402060008547e+01
-1.399650201175710151e+00 2.823919961377503540e+01
-1.398092438013578187e+00 3.019314998859657706e+01
-1.396534674851446001e+00 2.947632014324492289e+01
-1.394976911689313814e+00 2.997667188346582279e+01
-1.393419148527181628e+00 2.793546025424207713e+01
-1.391861385365049664e+00 2.774373527538858752e+01
-1.390303622202917477e+00 3.216979590070920381e+01
-1.388745859040785291e+00 2.827495846663788370e+01
-1.387188095878653327e+00 2.442375988740346315e+01
-1.385630332716521140e+00 2.660112990263423782e+01
-1.384072569554388954e+00 2.716858890780530800e+01
-1.382514806392256990e+00 2.832603496368925278e+01
-1.380957043230124803e+00 3.330414806104775494e+01
-1.379399280067992617e+00 2.860754969283299332e+01
-1.377841516905860431e+00 2.559152286062726134e+01
-1.376283753743728466e+00 2.702570539082010015e+01
-1.374725990581596280e+00 2.376029047436998809e+01
-1.373168227419464094e+00 2.494122222572240233e+01
-1.371610464257332129e+00 2.709397575580346995e+01
-1.370052701095199943e+00 2.600943517173200803e+01
-1.368494937933067757e+00 2.717312569768952102e+01
-1.366937174770935570e+00 2.588916218413707426e+01
-1.365379411608803606e+00 2.417665006753065171e+01
-1.363821648446671420e+00 2.750840194241927605e+01
-1.362263885284539233e+00 2.880373237266093156e+01
-1.360706122122407269e+00 2.922871902654304677e+01
-1.359148358960275083e+00 2.957085528592212498e+01
-1.357590595798142896e+00 2.858146613399357960e+01
-1.356032832636010932e+00 2.822579354967599130e+01
-1.354475069473878746e+00 2.392534768994577732e+01
-1.352917306311746559e+00 2.397574371108694891e+01
-1.351359543149614373e+00 2.828518884115614895e+01
-1.349801779987482409e+00 2.926081854806501070e+01
-1.348244016825350222e+00 3.281264104762367850e+01
-1.346686253663218036e+00 3.238551505297049005e+01
-1.345128490501086072e+00 3.022533225889105779e+01
-1.343570727338953885e+00 3.092851228596532565e+01
-1.342012964176821699e+00 3.473810512477171386e+01
-1.340455201014689735e+00 3.085722474536855131e+01
-1.338897437852557548e+00 2.743046180787302291e+01
-1.337339674690425362e+00 2.755638256079692638e+01
-1.335781911528293175e+00 2.659142917405886308e+01
-1.334224148366161211e+00 2.800302716199750108e+01
-1.332666385204029025e+00 2.660743177525376879e+01
-1.331108622041896838e+00 2.865151772249781814e+01
-1.329550858879764874e+00 2.755321508792438223e+01
-1.327993095717632688e+00 2.719373770027508641e+01
-1.326435332555500501e+00 2.953544935516478631e+01
-1.324877569393368537e+00 3.177804963493889190e+01
-1.323319806231236351e+00 2.950238164032142052e+01
-1.321762043069104164e+00 2.774211275298099011e+01
-1.320204279906971978e+00 2.900448304832293545e+01
-1.318646516744840014e+00 3.126266512070215597e+01
-1.317088753582707827e+00 3.492396902147297766e+01
-1.315530990420575641e+00 3.260733649943385615e+01
-1.313973227258443677e+00 3.133453113204828000e+01
-1.312415464096311490e+00 2.911995796137612302e+01
-1.310857700934179304e+00 2.764780619393694749e+01
-1.309299937772047340e+00 2.724922052994517330e+01
-1.307742174609915153e+00 2.516722126667762893e+01
-1.306184411447782967e+00 2.738018459551483730e+01
-1.304626648285650781e+00 2.765408471972727256e+01
-1.303068885123518816e+00 2.525020614656390094e+01
-1.301511121961386630e+00 2.702604544796374952e+01
-1.299953358799254444e+00 3.381501579812506719e+01
-1.298395595637122479e+00 2.955529989123604295e+01
-1.296837832474990293e+00 2.306581920736016755e+01
-1.295280069312858107e+00 2.385528718029901540e+01
-1.293722306150725920e+00 2.246455235479768575e+01
-1.292164542988593956e+00 2.380758347062270275e+01
-1.290606779826461770e+00 2.636867502319422840e+01
-1.289049016664329583e+00 2.852386334040606641e+01
-1.287491253502197619e+00 3.001347710588573392e+01
-1.285933490340065433e+00 2.627863495445884112e+01
-1.284375727177933246e+00 2.713312415389313514e+01
-1.282817964015801282e+00 2.883295661591976611e+01
-1.281260200853669096e+00 2.807243718095329044e+01
-1.279702437691536909e+00 2.499011357529703048e+01
-1.278144674529404723e+00 2.089168228121970117e+01
-1.276586911367272759e+00 2.177998544505446787e+01
-1.275029148205140572e+00 2.384290793295932787e+01
-1.273471385043008386e+00 2.715667749890685556e+01
-1.271913621880876422e+00 2.795650784869091865e+01
-1.270355858718744235e+00 2.629286806539051113e+01
-1.268798095556612049e+00 2.639124435591219253e+01
-1.267240332394480085e+00 2.424509952046471994e+01
-1.265682569232347898e+00 2.463616432964741421e+01
-1.264124806070215712e+00 2.668317115599989719e+01
-1.262567042908083526e+00 2.555824203881624967e+01
-1.261009279745951561e+00 2.621174778026690078e+01
-1.259451516583819375e+00 2.880461580390917220e+01
-1.257893753421687189e+00 2.981034144935097174e+01
-1.256335990259555224e+00 2.759012765759081276e+01
-1.254778227097423038e+00 2.935058282983691313e+01
-1.253220463935290852e+00 3.251448108483999277e+01
-1.251662700773158887e+00 2.739465906568843323e+01
-1.250104937611026701e+00 2.580639744722389395e+01
-1.248547174448894514e+00 2.748434818358681753e+01
-1.246989411286762328e+00 2.637027436681528059e+01
-1.245431648124630364e+00 2.880945024144534017e+01
-1.243873884962498177e+00 2.650417228546774240e+01
-1.242316121800365991e+00 2.701759190390118448e+01
-1.240758358638234027e+00 2.539276993578040020e+01
-1.239200595476101840e+00 2.508325806630161736e+01
-1.237642832313969654e+00 2.904626446745834301e+01
-1.236085069151837690e+00 3.139686834467745769e+01
-1.234527305989705503e+00 3.182815183349357824e+01
-1.232969542827573317e+00 2.948505952094687288e+01
-1.231411779665441131e+00 2.754606153656260048e+01
-1.229854016503309166e+00 2.920306070017677058e+01
-1.228296253341176980e+00 2.873239344170904985e+01
-1.226738490179044794e+00 2.825171886537232524e+01
-1.225180727016912829e+00 2.907699301296731775e+01
-1.223622963854780643e+00 2.537304896149899136e+01
-1.222065200692648457e+00 2.350673399884379933e+01
-1.220507437530516270e+00 2.728143625476333156e+01
-1.218949674368384306e+00 2.864479788156118545e+01
-1.217391911206252120e+00 3.232974407977120279e+01
-1.215834148044119933e+00 3.215084742919037097e+01
-1.214276384881987969e+00 2.884965999240707646e+01
-1.212718621719855783e+00 2.745947673758571739e+01
-1.211160858557723596e+00 2.690007438654208016e+01
-1.209603095395591632e+00 2.951464710864336993e+01
-1.208045332233459446e+00 2.954139127315600177e+01
-1.206487569071327259e+00 2.603379757466490929e+01
-1.204929805909195073e+00 2.743799208389431854e+01
-1.203372042747063109e+00 2.877417037560733704e+01
-1.201814279584930922e+00 2.586193582998779306e+01
-1.200256516422798736e+00 2.531154872904273390e+01
-1.198698753260666772e+00 2.636910633240247748e+01
-1.197140990098534585e+00 2.797354665180772670e+01
-1.195583226936402399e+00 3.205425055889988784e+01
-1.194025463774270435e+00 3.201304035389571823e+01
-1.192467700612138248e+00 2.961912839086859250e+01
-1.190909937450006062e+00 3.023886817769221835e+01
-1.189352174287873876e+00 3.070853184919894119e+01
-1.187794411125741689e+00 2.904979277086348333e+01
-1.186236647963609947e+00 2.691065424645240611e+01
-1.184678884801477761e+00 2.720297428213234525e+01
-1.183121121639345574e+00 2.941057745259860923e+01
-1.181563358477213388e+00 2.910028141883226738e+01
-1.180005595315081202e+00 2.549462113608565161e+01
-1.178447832152949015e+00 2.224953565750625373e+01
-1.176890068990816829e+00 2.576802398158896779e+01
-1.175332305828685087e+00 3.159904509257734517e+01
-1.173774542666552900e+00 2.968377264222367984e+01
-1.172216779504420714e+00 2.982201751676787893e+01
-1.170659016342288528e+00 3.119802403851472050e+01
-1.169101253180156341e+00 2.534579068189267659e+01
-1.167543490018024155e+00 2.463651455952425806e+01
-1.165985726855891969e+00 2.606074133382291080e+01
-1.164427963693760226e+00 2.782342174377319566e+01
-1.162870200531628040e+00 2.697245864357869394e+01
-1.161312437369495854e+00 2.887253678864331263e+01
-1.159754674207363667e+00 2.952224935828934349e+01
-1.158196911045231481e+00 2.187434873463132590e+01
-1.156639147883099294e+00 2.413813300653695748e+01
-1.155081384720967108e+00 2.757524477816584607e+01
-1.153523621558835366e+00 2.541667326992716269e+01
-1.151965858396703180e+00 2.415920229135502595e+01
-1.150408095234570993e+00 2.509153318887837258e+01
-1.148850332072438807e+00 3.070445216321207127e+01
-1.147292568910306620e+00 3.075933293032210614e+01
-1.145734805748174434e+00 2.576053804003407777e+01
-1.144177042586042692e+00 2.589095648364405733e+01
-1.142619279423910505e+00 2.428706118983328821e+01
-1.141061516261778319e+00 2.602755722921644477e+01
-1.139503753099646133e+00 2.877226516352669705e+01
-1.137945989937513946e+00 3.093974957536671866e+01
-1.136388226775381760e+00 2.953735362405381437e+01
-1.134830463613249574e+00 2.774310753623114678e+01
-1.133272700451117831e+00 2.738721550296801510e+01
-1.131714937288985645e+00 2.708810722075119415e+01
-1.130157174126853459e+00 2.473307189162854769e+01
-1.128599410964721272e+00 2.811427147378037006e+01
-1.127041647802589086e+00 3.293885852135409920e+01
-1.125483884640456900e+00 2.899321681588088850e+01
-1.123926121478324713e+00 2.888379036626539431e+01
-1.122368358316192971e+00 2.862954137800640453e+01
-1.120810595154060785e+00 2.974692554480995099e+01
-1.119252831991928598e+00 2.749359817960805685e+01
-1.117695068829796412e+00 2.323130653483719499e+01
-1.116137305667664226e+00 2.561323912461381980e+01
-1.114579542505532039e+00 2.776647374341600027e+01
-1.113021779343400297e+00 2.515272046260187722e+01
-1.111464016181268111e+00 2.639507602885770865e+01
-1.109906253019135924e+00 2.819282860316305062e+01
-1.108348489857003738e+00 2.645931793225667050e+01
-1.106790726694871552e+00 2.663556480446833064e+01
-1.105232963532739365e+00 2.890978341716170874e+01
-1.103675200370607179e+00 2.758764748507595144e+01
-1.102117437208475437e+00 2.764057460440094971e+01
-1.100559674046343250e+00 2.651892928920255343e+01
-1.099001910884211064e+00 2.642066267017785464e+01
-1.097444147722078878e+00 3.129492756271125131e+01
-1.095886384559946691e+00 3.071455612163318705e+01
-1.094328621397814505e+00 2.756981233999387371e+01
-1.092770858235682319e+00 2.507366213917790176e+01
-1.091213095073550576e+00 3.012046952178777914e+01
-1.089655331911418390e+00 3.415484977530580579e+01
-1.088097568749286204e+00 3.217403735124636910e+01
-1.086539805587154017e+00 2.956086344984250758e+01
-1.084982042425021831e+00 2.748595968612949036e+01
-1.083424279262889645e+00 2.869935817194701855e+01
-1.081866516100757458e+00 3.224420548560181743e+01
-1.080308752938625716e+00 3.432376564546196818e+01
-1.078750989776493530e+00 3.117555904150497526e+01
-1.077193226614361343e+00 2.985103304992416184e+01
-1.075635463452229157e+00 3.211436859278278888e+01
-1.074077700290096971e+00 3.264380232844499830e+01
-1.072519937127964784e+00 2.957063443865740737e+01
-1.070962173965833042e+00 3.029001603254734576e+01
-1.069404410803700856e+00 3.185709616192410465e+01
-1.067846647641568669e+00 3.341449611942198317e+01
-1.066288884479436483e+00 3.273086886156414010e+01
-1.064731121317304297e+00 2.996786692011628617e+01
-1.063173358155172110e+00 3.055185785885182170e+01
-1.061615594993039924e+00 2.855418203018663093e+01
-1.060057831830908182e+00 2.987923454604834816e+01
-1.058500068668775995e+00 3.162687045014322962e+01
-1.056942305506643809e+00 2.861229315244691662e+01
-1.055384542344511623e+00 2.823017118587748087e+01
-1.053826779182379436e+00 2.841044414176468536e+01
-1.052269016020247250e+00 2.930095182737585091e+01
-1.050711252858115063e+00 2.775456186564769823e+01
-1.049153489695983321e+00 2.560317411754925132e+01
-1.047595726533851135e+00 2.963789806043526198e+01
-1.046037963371718948e+00 3.064150497331120704e+01
-1.044480200209586762e+00 3.037244462279958768e+01
-1.042922437047454576e+00 3.073561187906546621e+01
-1.041364673885322389e+00 3.065172346082825428e+01
-1.039806910723190647e+00 3.358109409929872413e+01
-1.038249147561058461e+00 3.030579499233021679e+01
-1.036691384398926274e+00 2.468368936188279150e+01
-1.035133621236794088e+00 3.126696508287534826e+01
-1.033575858074661902e+00 3.212296204885488748e+01
-1.032018094912529715e+00 3.080052458634296642e+01
-1.030460331750397529e+00 2.676363480282697438e+01
-1.028902568588265787e+00 2.810849148723612956e+01
-1.027344805426133600e+00 3.423931774097231084e+01
-1.025787042264001414e+00 3.366105458521648330e+01
-1.024229279101869228e+00 2.936387024812512436e+01
-1.022671515939737041e+00 3.318116724693408059e+01
-1.021113752777604855e+00 3.260426746943282694e+01
-1.019555989615472669e+00 2.988476020499837560e+01
-1.017998226453340926e+00 2.947716909082537740e+01
-1.016440463291208740e+00 2.810989138159615308e+01
-1.014882700129076554e+00 3.289864002021412404e+01
-1.013324936966944367e+00 3.489430732548864000e+01
-1.011767173804812181e+00 3.501798140665390946e+01
-1.010209410642679995e+00 3.263171567200250678e+01
-1.008651647480547808e+00 3.289732904735603114e+01
-1.007093884318416066e+00 3.780295346778235199e+01
-1.005536121156283880e+00 3.290863513614448976e+01
-1.003978357994151693e+00 2.355099271439811304e+01
-1.002420594832019507e+00 2.573241647793622278e+01
-1.000862831669887321e+00 2.906924068896377378e+01
-9.993050685077551343e-01 3.177281345053729922e+01
-9.977473053456233920e-01 3.157867209483202586e+01
-9.961895421834912057e-01 2.752886432001651329e+01
-9.946317790213590193e-01 2.681360304179412779e+01
-9.930740158592268330e-01 2.638568816785107174e+01
-9.915162526970946466e-01 2.317249280456600857e+01
-9.899584895349624603e-01 2.740774424206670190e+01
-9.884007263728302739e-01 3.342690226722262992e+01
-9.868429632106985316e-01 3.159172267729528016e+01
-9.852852000485663453e-01 3.338993509791954040e+01
-9.837274368864341589e-01 3.259737834381262900e+01
-9.821696737243019726e-01 2.863973755973873025e+01
-9.806119105621697862e-01 3.219722593722730153e+01
-9.790541474000375999e-01 3.052743212906493397e+01
-9.774963842379054135e-01 2.931929093401888764e+01
-9.759386210757736713e-01 3.187593578507460634e+01
-9.743808579136414849e-01 3.419549257206569592e+01
-9.728230947515092986e-01 3.358346614008035402e+01
-9.712653315893771122e-01 2.843829814340997331e+01
-9.697075684272449259e-01 2.786678846173845514e+01
-9.681498052651127395e-01 2.514601655207101061e+01
-9.665920421029809972e-01 2.527178459438457025e+01
-9.650342789408488109e-01 2.825979753696485375e+01
-9.634765157787166245e-01 3.395843761155716578e+01
-9.619187526165844382e-01 3.744986376640432724e+01
-9.603609894544522518e-01 3.538378730596863875e+01
-9.588032262923200655e-01 3.000657702636670976e+01
-9.572454631301878791e-01 2.947449033207835356e+01
-9.556876999680561369e-01 3.112192134691144574e+01
-9.541299368059239505e-01 3.230929560244385357e+01
-9.525721736437917642e-01 3.542697831159970434e+01
-9.510144104816595778e-01 3.396562278982961658e+01
-9.494566473195273915e-01 2.808621999956370630e+01
-9.478988841573952051e-01 2.258922371591433631e+01
-9.463411209952630188e-01 2.443036553146654910e+01
-9.447833578331312765e-01 2.801169914778997239e+01
-9.432255946709990901e-01 3.051606636090612312e+01
-9.416678315088669038e-01 3.324678891355749499e+01
-9.401100683467347174e-01 3.123247175161198186e+01
-9.385523051846025311e-01 3.019998070070210971e+01
-9.369945420224703447e-01 3.278504075651817828e+01
-9.354367788603381584e-01 3.195487105873632316e+01
-9.338790156982064161e-01 3.194016559625482543e+01
-9.323212525360742298e-01 3.359807687260246922e+01
-9.307634893739420434e-01 3.237622640925513906e+01
-9.292057262118098571e-01 2.920112027407921929e+01
-9.276479630496776707e-01 2.994116112235780491e+01
-9.260901998875454844e-01 3.187657962902461151e+01
-9.245324367254137421e-01 3.283186894905043829e+01
-9.229746735632815557e-01 3.343432359942935506e+01
-9.214169104011493694e-01 3.333371229778393996e+01
-9.198591472390171830e-01 3.475795162767786195e+01
-9.183013840768849967e-01 3.384358215706132711e+01
-9.167436209147528103e-01 3.414644515382922663e+01
-9.151858577526206240e-01 3.559570335682141717e+01
-9.136280945904888817e-01 3.344313897824241621e+01
-9.120703314283566954e-01 3.143810129236417694e+01
-9.105125682662245090e-01 3.255122297208207982e+01
-9.089548051040923227e-01 3.227428357605231213e+01
-9.073970419419601363e-01 3.452706741882307995e+01
-9.058392787798279500e-01 3.822262714004620676e+01
-9.042815156176957636e-01 3.828052542839162697e+01
-9.027237524555640213e-01 3.668501070283554810e+01
-9.011659892934318350e-01 3.542543528679124876e+01
-8.996082261312996486e-01 3.535042572695426344e+01
-8.980504629691674623e-01 3.947078435248858597e+01
-8.964926998070352759e-01 3.573604358710132800e+01
-8.949349366449030896e-01 2.905273024521662251e+01
-8.933771734827713473e-01 3.187368499263168076e+01
-8.918194103206391610e-01 3.103791083618418511e+01
-8.902616471585069746e-01 3.292258365880960724e+01
-8.887038839963747883e-01 3.115254908738210204e+01
-8.871461208342426019e-01 3.143885438656883835e+01
-8.855883576721104156e-01 3.252372177898888594e+01
-8.840305945099782292e-01 3.394455927614519908e+01
-8.824728313478464869e-01 3.337088176081296353e+01
-8.809150681857143006e-01 3.164909221946664530e+01
-8.793573050235821142e-01 3.373009109165284514e+01
-8.777995418614499279e-01 3.240986165966841526e+01
-8.762417786993177415e-01 3.219909010288223072e+01
-8.746840155371855552e-01 3.186825097613899160e+01
-8.731262523750533688e-01 2.861625680991323506e+01
-8.715684892129216266e-01 2.566339900300919297e+01
-8.700107260507894402e-01 2.826591684971551288e+01
-8.684529628886572539e-01 3.771348584674316839e+01
-8.668951997265250675e-01 3.593129303340844416e+01
-8.653374365643928812e-01 2.984541599786495070e+01
-8.637796734022606948e-01 3.195170621803726263e+01
-8.622219102401285085e-01 2.951324180620810367e+01
-8.606641470779967662e-01 3.371443146786349843e+01
-8.591063839158645798e-01 3.835815664733254948e+01
-8.575486207537323935e-01 3.579478949942281218e+01
-8.559908575916002071e-01 3.371219330147756210e+01
-8.544330944294680208e-01 3.425402427261660421e+01
-8.528753312673358344e-01 3.235304989930255459e+01
-8.513175681052040922e-01 3.454958257442541480e+01
-8.497598049430719058e-01 3.217409131144614776e+01
-8.482020417809397195e-01 3.115418004361643511e+01
-8.466442786188075331e-01 3.760457364987850326e+01
-8.450865154566753468e-01 3.386016080863260669e+01
-8.435287522945431604e-01 3.246436726812365237e+01
-8.419709891324109741e-01 3.232377454838285047e+01
-8.404132259702792318e-01 3.303308931447620722e+01
-8.388554628081470455e-01 3.610316901489138530e+01
-8.372976996460148591e-01 3.100247757207505472e+01
-8.357399364838826727e-01 3.140619909640564700e+01
-8.341821733217504864e-01 3.581355173749894760e+01
-8.326244101596183000e-01 3.264136346839554648e+01
-8.310666469974861137e-01 4.123824927647596184e+01
-8.295088838353543714e-01 3.931226307060508418e+01
-8.279511206732221851e-01 4.017658565281421801e+01
-8.263933575110899987e-01 4.063925362519795215e+01
-8.248355943489578124e-01 3.877285099876031182e+01
-8.232778311868256260e-01 3.878962754311576333e+01
-8.217200680246934397e-01 4.239815960882219059e+01
-8.201623048625616974e-01 4.269402676907549221e+01
-8.186045417004295111e-01 3.657018908593081363e+01
-8.170467785382973247e-01 3.145801396480392498e+01
-8.154890153761651383e-01 3.503210036088068335e+01
-8.139312522140329520e-01 3.873231231763554661e+01
-8.123734890519007656e-01 3.807892996970007715e+01
-8.108157258897685793e-01 3.606777497070051908e+01
-8.092579627276368370e-01 3.985598950882698688e+01
-8.077001995655046507e-01 4.289666959785610345e+01
-8.061424364033724643e-01 3.811436939480616815e+01
-8.045846732412402780e-01 3.067220167767072425e+01
-8.030269100791080916e-01 3.395813661333564681e+01
-8.014691469169759053e-01 4.057007628297607482e+01
-7.999113837548437189e-01 3.921595157955434274e+01
-7.983536205927119767e-01 3.830289399237172177e+01
-7.967958574305797903e-01 3.662055397317040217e+01
-7.952380942684476040e-01 3.886515151126514667e+01
-7.936803311063154176e-01 3.938933719673503475e+01
-7.921225679441832312e-01 3.855747589983661072e+01
-7.905648047820510449e-01 4.255866386190373873e+01
-7.890070416199188585e-01 4.187157383388161236e+01
-7.874492784577871163e-01 3.592797456071551920e+01
-7.858915152956549299e-01 4.128294635534560797e+01
-7.843337521335227436e-01 4.208799075571818804e+01
-7.827759889713905572e-01 3.850980603363102261e+01
-7.812182258092583709e-01 3.664401258742377365e+01
-7.796604626471261845e-01 3.356249497298516360e+01
-7.781026994849944423e-01 3.761861054758959710e+01
-7.765449363228622559e-01 4.056475563132010365e+01
-7.749871731607300696e-01 4.022984388777926767e+01
-7.734294099985978832e-01 4.179401398884641594e+01
-7.718716468364656969e-01 4.510336919250773491e+01
-7.703138836743335105e-01 4.386249139558278642e+01
-7.687561205122013241e-01 3.791988070142967615e+01
-7.671983573500695819e-01 3.924077349847750185e+01
-7.656405941879373955e-01 4.255864640349970074e+01
-7.640828310258052092e-01 4.359944069213211293e+01
-7.625250678636730228e-01 4.144952645866744234e+01
-7.609673047015408365e-01 4.400621703942059071e+01
-7.594095415394086501e-01 4.047406511166445142e+01
-7.578517783772764638e-01 3.722386803555525603e+01
-7.562940152151447215e-01 4.194353469125722000e+01
-7.547362520530125352e-01 3.832322252959099984e+01
-7.531784888908803488e-01 3.962106012977915270e+01
-7.516207257287481625e-01 4.332069066053985296e+01
-7.500629625666159761e-01 3.900187644034769363e+01
-7.485051994044837897e-01 3.790493533402730719e+01
-7.469474362423520475e-01 4.011074607843654860e+01
-7.453896730802198611e-01 4.053393450958598976e+01
-7.438319099180876748e-01 3.834659154635154010e+01
-7.422741467559554884e-01 4.095155936632205140e+01
-7.407163835938233021e-01 4.230692977776739383e+01
-7.391586204316911157e-01 4.004168005954869614e+01
-7.376008572695589294e-01 4.007339247650586600e+01
-7.360430941074271871e-01 3.724625380127033480e+01
-7.344853309452950008e-01 4.239171502010460557e+01
-7.329275677831628144e-01 4.659964524802036578e+01
-7.313698046210306281e-01 4.949130615045630321e+01
-7.298120414588984417e-01 4.861949169745292920e+01
-7.282542782967662554e-01 4.760786877200207812e+01
-7.266965151346340690e-01 4.860736155228575228e+01
-7.251387519725023267e-01 4.982537733766574917e+01
-7.235809888103701404e-01 4.582618346954269839e+01
-7.220232256482379540e-01 4.585555603983362971e+01
-7.204654624861057677e-01 4.944391594836346826e+01
-7.189076993239735813e-01 4.667019400165982290e+01
-7.173499361618413950e-01 5.106463379871582475e+01
-7.157921729997092086e-01 5.086492156760287031e+01
-7.142344098375774664e-01 4.654583348728731806e+01
-7.126766466754452800e-01 4.251798685681971079e+01
-7.111188835133130937e-01 4.436369670730584147e+01
-7.095611203511809073e-01 4.655473380774328973e+01
-7.080033571890487210e-01 4.691124494663105082e+01
-7.064455940269165346e-01 5.065386859554377708e+01
-7.048878308647847923e-01 4.827521860939897635e+01
-7.033300677026526060e-01 4.480505715365527664e+01
-7.017723045405204196e-01 4.608545022676966596e+01
-7.002145413783882333e-01 4.478305689972422243e+01
-6.986567782162560469e-01 4.738561750634427483e+01
-6.970990150541238606e-01 4.848150857605901365e+01
-6.955412518919916742e-01 4.718722837031585726e+01
-6.939834887298599320e-01 4.470816927689537579e+01
-6.924257255677277456e-01 4.637253663442509577e+01
-6.908679624055955593e-01 5.143866110057601304e+01
-6.893101992434633729e-01 4.865853453956125918e+01
-6.877524360813311866e-01 4.360313802672472860e+01
-6.861946729191990002e-01 4.721204578819478570e+01
-6.846369097570668139e-01 5.134151825901727051e+01
-6.830791465949350716e-01 5.337438147085615014e+01
-6.815213834328028852e-01 4.979485941421136630e+01
-6.799636202706706989e-01 4.955228013984210378e+01
-6.784058571085385125e-01 4.760736753851832503e+01
-6.768480939464063262e-01 4.571587158629728975e+01
-6.752903307842741398e-01 4.959451779848338759e+01
-6.737325676221423976e-01 4.938303466520511620e+01
-6.721748044600102112e-01 5.000863024748167618e+01
-6.706170412978780249e-01 5.421312142125637479e+01
-6.690592781357458385e-01 5.140720505209704072e+01
-6.675015149736136522e-01 4.927492678053128827e+01
-6.659437518114814658e-01 5.007126862394240163e+01
-6.643859886493492795e-01 4.854035817542639819e+01
-6.628282254872175372e-01 4.830870218350924716e+01
-6.612704623250853508e-01 5.259997929796298166e+01
-6.597126991629531645e-01 5.212623703707325262e+01
-6.581549360008209781e-01 5.450245529908070807e+01
-6.565971728386887918e-01 5.478658704792271550e+01
-6.550394096765566054e-01 4.739209419041193883e+01
-6.534816465144244191e-01 4.923541956932580632e+01
-6.519238833522926768e-01 5.082708716704181029e+01
-6.503661201901604905e-01 5.551832932282516708e+01
-6.488083570280283041e-01 5.491191972250604181e+01
-6.472505938658961178e-01 5.347401982732449000e+01
-6.456928307037639314e-01 5.375932319285760741e+01
-6.441350675416317451e-01 5.719013850220716222e+01
-6.425773043794995587e-01 5.454586345743806675e+01
-6.410195412173678164e-01 4.681158687553474351e+01
-6.394617780552356301e-01 5.069785232436680644e+01
-6.379040148931034437e-01 5.316140698028461031e+01
-6.363462517309712574e-01 4.923739389482393847e+01
-6.347884885688390710e-01 4.830653899319295164e+01
-6.332307254067068847e-01 4.984300124160586165e+01
-6.316729622445751424e-01 5.633498240297126358e+01
-6.301151990824429561e-01 5.879057437879750125e+01
-6.285574359203107697e-01 5.474744503496322778e+01
-6.269996727581785834e-01 5.625301200371612964e+01
-6.254419095960463970e-01 5.477903470491236959e+01
-6.238841464339142107e-01 5.219015300518957190e+01
-6.223263832717820243e-01 5.618704519593524793e+01
-6.207686201096502820e-01 5.302983150448982741e+01
-6.192108569475180957e-01 5.203733041335539156e+01
-6.176530937853859093e-01 5.439945309133671003e+01
-6.160953306232537230e-01 5.853810919750625885e+01
-6.145375674611215366e-01 5.870033637255820480e+01
-6.129798042989893503e-01 5.602979761539459957e+01
-6.114220411368571639e-01 5.438762053753440284e+01
-6.098642779747254217e-01 5.309249686033083293e+01
-6.083065148125932353e-01 5.835283582091334154e+01
-6.067487516504610490e-01 6.595424058821193114e+01
-6.051909884883288626e-01 6.401744740676963374e+01
-6.036332253261966763e-01 5.822964331622923595e+01
-6.020754621640644899e-01 5.404887087282170199e+01
-6.005176990019327476e-01 5.735819009719145356e+01
-5.989599358398005613e-01 6.086614143899819851e+01
-5.974021726776683749e-01 5.828363212428845941e+01
-5.958444095155361886e-01 5.473977377357343244e+01
-5.942866463534040022e-01 5.466432934195160698e+01
-5.927288831912718159e-01 5.687746771078146679e+01
-5.911711200291396295e-01 5.607818942551658381e+01
-5.896133568670078873e-01 5.867026293551565175e+01
-5.880555937048757009e-01 6.663583810799322293e+01
-5.864978305427435146e-01 6.506614798049641024e+01
-5.849400673806113282e-01 6.331405682404965773e+01
-5.833823042184791419e-01 6.538189957212331649e+01
-5.818245410563469555e-01 6.958637706196657291e+01
-5.802667778942147692e-01 7.342311743120376377e+01
-5.787090147320830269e-01 6.824616267393301428e+01
-5.771512515699508405e-01 6.223565660503841457e+01
-5.755934884078186542e-01 6.653435259371931920e+01
-5.740357252456864678e-01 7.210530358881307222e+01
-5.724779620835542815e-01 7.710369748411841329e+01
-5.709201989214220951e-01 7.020672243513615740e+01
-5.693624357592899088e-01 6.881787464509623931e+01
-5.678046725971581665e-01 7.604392420534378516e+01
-5.662469094350259802e-01 7.726006550078756163e+01
-5.646891462728937938e-01 7.346477669947917377e+01
-5.631313831107616075e-01 7.677197874563805158e+01
-5.615736199486294211e-01 8.177274947105699709e+01
-5.600158567864972348e-01 8.651982789081095859e+01
-5.584580936243654925e-01 8.717666326979839653e+01
-5.569003304622333062e-01 7.957042929983479951e+01
-5.553425673001011198e-01 7.892837127343555892e+01
-5.537848041379689334e-01 8.221209355420043607e+01
-5.522270409758367471e-01 8.278400760109437329e+01
-5.506692778137045607e-01 8.019332439707216054e+01
-5.491115146515723744e-01 7.918519436592029592e+01
-5.475537514894406321e-01 7.979031373673940664e+01
-5.459959883273084458e-01 7.997597431738454077e+01
-5.444382251651762594e-01 7.792889105308437081e+01
-5.428804620030440731e-01 7.904528417478884705e+01
-5.413226988409118867e-01 8.238006460100261563e+01
-5.397649356787797004e-01 8.041004907172390404e+01
-5.382071725166475140e-01 8.248811473241696035e+01
-5.366494093545157718e-01 8.389998644275139839e+01
-5.350916461923835854e-01 8.838182299934878472e+01
-5.335338830302513990e-01 8.710838303795877380e+01
-5.319761198681192127e-01 8.528896167332001710e+01
-5.304183567059870263e-01 9.251739016344566835e+01
-5.288605935438548400e-01 9.461125161821448160e+01
-5.273028303817230977e-01 9.409453494627310022e+01
-5.257450672195909114e-01 9.456979048346940431e+01
-5.241873040574587250e-01 9.541457569016772311e+01
-5.226295408953265387e-01 1.002236321010076665e+02
-5.210717777331943523e-01 1.011505325049566153e+02
-5.195140145710621660e-01 9.680635865693662367e+01
-5.179562514089299796e-01 9.117814623666508567e+01
-5.163984882467982374e-01 9.036665947487750827e+01
-5.148407250846660510e-01 9.647115313555427463e+01
-5.132829619225338647e-01 9.230299105093203593e+01
-5.117251987604016783e-01 8.540974173391420265e+01
-5.101674355982694919e-01 9.483762618346652573e+01
-5.086096724361373056e-01 9.786326271453476977e+01
-5.070519092740051192e-01 9.429047407498501343e+01
-5.054941461118733770e-01 9.395745774895827651e+01
-5.039363829497411906e-01 9.532292698965758859e+01
-5.023786197876090043e-01 9.262683222925100779e+01
-5.008208566254768179e-01 9.246132980617869634e+01
-4.992630934633446316e-01 9.735556843351066902e+01
-4.977053303012124452e-01 9.815398382588386994e+01
-4.961475671390802589e-01 9.651917456640190096e+01
-4.945898039769485166e-01 9.304234494861235305e+01
-4.930320408148163303e-01 9.172707814508120805e+01
-4.914742776526841439e-01 9.600609644283609612e+01
-4.899165144905519576e-01 1.011515537113392611e+02
-4.883587513284197712e-01 1.013322066354700723e+02
-4.868009881662875848e-01 9.191648512176934105e+01
-4.852432250041558426e-01 9.232062112834006484e+01
-4.836854618420236562e-01 9.649636090351916096e+01
-4.821276986798914699e-01 1.028883463978552157e+02
-4.805699355177592835e-01 1.155070283152426924e+02
-4.790121723556270972e-01 1.097499171764347210e+02
-4.774544091934949108e-01 1.057431729049422557e+02
-4.758966460313627245e-01 1.043063402007030334e+02
-4.743388828692309822e-01 1.013727176165140378e+02
-4.727811197070987959e-01 9.611467267436384532e+01
-4.712233565449666095e-01 1.087800355917870263e+02
-4.696655933828344232e-01 1.155158469268513670e+02
-4.681078302207022368e-01 1.156094506567137188e+02
-4.665500670585700504e-01 1.191498661658375511e+02
-4.649923038964378641e-01 1.229841683870303797e+02
-4.634345407343061218e-01 1.264045435390726482e+02
-4.618767775721739355e-01 1.210015712465463906e+02
-4.603190144100417491e-01 1.211430757709843817e+02
-4.587612512479095628e-01 1.305311728204173676e+02
-4.572034880857773764e-01 1.299645422567114394e+02
-4.556457249236451901e-01 1.284144976850265323e+02
-4.540879617615134478e-01 1.395199249150600735e+02
-4.525301985993812615e-01 1.419335200021787387e+02
-4.509724354372490751e-01 1.310380871809321945e+02
-4.494146722751168888e-01 1.279025629171670886e+02
-4.478569091129847024e-01 1.390946363504113208e+02
-4.462991459508525161e-01 1.477668947734868254e+02
-4.447413827887203297e-01 1.563149545902575142e+02
-4.431836196265885874e-01 1.699371515686784448e+02
-4.416258564644564011e-01 1.575005153926341279e+02
-4.400680933023242147e-01 1.547481581023006640e+02
-4.385103301401920284e-01 1.544525091871255711e+02
-4.369525669780598420e-01 1.638074710961387837e+02
-4.353948038159276557e-01 1.726600374125370081e+02
-4.338370406537954693e-01 1.757036011670911648e+02
-4.322792774916637271e-01 1.763453402971455546e+02
-4.307215143295315407e-01 1.680380399741944473e+02
-4.291637511673993544e-01 1.708516362121009422e+02
-4.276059880052671680e-01 1.814690572604158092e+02
-4.260482248431349817e-01 1.861427823933938157e+02
-4.244904616810027953e-01 1.944556921065344568e+02
-4.229326985188706090e-01 1.981903545790266037e+02
-4.213749353567388667e-01 1.951995976195233027e+02
-4.198171721946066803e-01 2.012437361948546766e+02
-4.182594090324744940e-01 2.088761904418851429e+02
-4.167016458703423076e-01 2.025272357316264333e+02
-4.151438827082101213e-01 2.155501191865550652e+02
-4.135861195460779349e-01 2.304402079876710445e+02
-4.120283563839461927e-01 2.021899846326597867e+02
-4.104705932218140063e-01 2.036892197021411732e+02
-4.089128300596818200e-01 2.301675616839918064e+02
-4.073550668975496336e-01 2.423745851713384809e+02
-4.057973037354174473e-01 2.462293099111063555e+02
-4.042395405732852609e-01 2.541630907926219152e+02
-4.026817774111530746e-01 2.617412010167340100e+02
-4.011240142490213323e-01 2.597362088615120115e+02
-3.995662510868891459e-01 2.516767747846849375e+02
-3.980084879247569596e-01 2.499985775415389355e+02
-3.964507247626247732e-01 2.605563163411612777e+02
-3.948929616004925869e-01 2.647958661657247035e+02
-3.933351984383604005e-01 2.631844947312069962e+02
-3.917774352762282142e-01 2.676881607506101659e+02
-3.902196721140964719e-01 2.707459795083188396e+02
-3.886619089519642856e-01 2.743541622688334201e+02
-3.871041457898320992e-01 2.776786185949898140e+02
-3.855463826276999129e-01 2.881803734295610866e+02
-3.839886194655677265e-01 2.900467199773320885e+02
-3.824308563034355402e-01 2.792969652919101122e+02
-3.808730931413037979e-01 2.754874048364247869e+02
-3.793153299791716115e-01 2.684189294879945464e+02
-3.777575668170394252e-01 2.907210022495910948e+02
-3.761998036549072388e-01 3.101251255329495393e+02
-3.746420404927750525e-01 3.010491101320203029e+02
-3.730842773306428661e-01 2.943894400000454539e+02
-3.715265141685106798e-01 2.860253430346782579e+02
-3.699687510063789375e-01 2.800623970389203805e+02
-3.684109878442467512e-01 2.839720375416637808e+02
-3.668532246821145648e-01 2.867089717519061765e+02
-3.652954615199823785e-01 2.792596582712272948e+02
-3.637376983578501921e-01 2.778547269062786995e+02
-3.621799351957180058e-01 2.798177241113766058e+02
-3.606221720335858194e-01 2.828241054212978156e+02
-3.590644088714540771e-01 2.795514885919163817e+02
-3.575066457093218908e-01 2.786909532737413429e+02
-3.559488825471897044e-01 2.824458439787005659e+02
-3.543911193850575181e-01 2.848933388882180111e+02
-3.528333562229253317e-01 2.855604810299390692e+02
-3.512755930607931454e-01 2.860726981889437184e+02
-3.497178298986609590e-01 2.876541489366874202e+02
-3.481600667365292168e-01 2.889866439066821613e+02
-3.466023035743970304e-01 2.920781436845812777e+02
-3.450445404122648441e-01 2.893890661498228383e+02
-3.434867772501326577e-01 2.876440225765813921e+02
-3.419290140880004714e-01 2.948464072546159969e+02
-3.403712509258682850e-01 2.970275935051376450e+02
-3.388134877637365427e-01 2.976717337092502476e+02
-3.372557246016043564e-01 2.934360043892860404e+02
-3.356979614394721700e-01 2.901688509333184811e+02
-3.341401982773399837e-01 2.870343512650351272e+02
-3.325824351152077973e-01 2.962266606179804285e+02
-3.310246719530756110e-01 3.108509431972387915e+02
-3.294669087909434246e-01 3.043514039009635894e+02
-3.279091456288116824e-01 3.259921754702531302e+02
-3.263513824666794960e-01 3.401691797165506728e+02
-3.247936193045473097e-01 3.432040254289844938e+02
-3.232358561424151233e-01 3.472091003681894108e+02
-3.216780929802829370e-01 3.552346211779499185e+02
-3.201203298181507506e-01 3.727842434806728988e+02
-3.185625666560185643e-01 3.866474873740593807e+02
-3.170048034938868220e-01 3.866977831634575864e+02
-3.154470403317546356e-01 3.975680336915168596e+02
-3.138892771696224493e-01 4.208122971099951428e+02
-3.123315140074902629e-01 4.475842264921338369e+02
-3.107737508453580766e-01 4.638125567377223319e+02
-3.092159876832258902e-01 4.643929319178605510e+02
-3.076582245210941480e-01 4.922398215690009238e+02
-3.061004613589619616e-01 5.185271334463267294e+02
-3.045426981968297753e-01 5.420621875249777304e+02
-3.029849350346975889e-01 5.710917894290420236e+02
-3.014271718725654026e-01 5.987956713835213804e+02
-2.998694087104332162e-01 6.205286942819011529e+02
-2.983116455483010299e-01 6.366430504370097196e+02
-2.967538823861692876e-01 6.630429603110522976e+02
-2.951961192240371012e-01 6.962356940864052604e+02
-2.936383560619049149e-01 7.091877221006718628e+02
-2.920805928997727285e-01 7.522204431363766162e+02
-2.905228297376405422e-01 7.939744965515194508e+02
-2.889650665755083558e-01 8.185940539202482569e+02
-2.874073034133761695e-01 8.398216732726522196e+02
-2.858495402512444272e-01 8.807046192760193435e+02
-2.842917770891122409e-01 9.252350902669710422e+02
-2.827340139269800545e-01 9.734306247772744882e+02
-2.811762507648478682e-01 1.019557464554002877e+03
-2.796184876027156818e-01 1.028314651571718741e+03
-2.780607244405834955e-01 1.059945857439302927e+03
-2.765029612784513091e-01 1.095682784194736087e+03
-2.749451981163195669e-01 1.121668449121831827e+03
-2.733874349541873805e-01 1.146105228349709023e+03
-2.718296717920551941e-01 1.188307452568874851e+03
-2.702719086299230078e-01 1.243782370377211691e+03
-2.687141454677908214e-01 1.288128491029461202e+03
-2.671563823056586351e-01 1.316745955407246811e+03
-2.655986191435268928e-01 1.352926036495762219e+03
-2.640408559813947065e-01 1.398130712543823392e+03
-2.624830928192625201e-01 1.420975958399418005e+03
-2.609253296571303338e-01 1.438240147265850055e+03
-2.593675664949981474e-01 1.486425226222705760e+03
-2.578098033328659611e-01 1.563467420729873083e+03
-2.562520401707337747e-01 1.608861861822606443e+03
-2.546942770086020325e-01 1.618914235109538822e+03
-2.531365138464698461e-01 1.647435502372641849e+03
-2.515787506843376597e-01 1.693541658669278604e+03
-2.500209875222054734e-01 1.722025666468331565e+03
-2.484632243600732870e-01 1.755221511360179420e+03
-2.469054611979411007e-01 1.754174035908439237e+03
-2.453476980358089143e-01 1.748922612454354066e+03
-2.437899348736771721e-01 1.809109778037977321e+03
-2.422321717115449857e-01 1.845285132455342819e+03
-2.406744085494127994e-01 1.857558643165403510e+03
-2.391166453872806130e-01 1.875889434341652759e+03
-2.375588822251484267e-01 1.887733942983961470e+03
-2.360011190630162403e-01 1.877499188711965644e+03
-2.344433559008844981e-01 1.872509309428597135e+03
-2.328855927387523117e-01 1.846908316205851861e+03
-2.313278295766201254e-01 1.824289556389089739e+03
-2.297700664144879390e-01 1.827139512681891574e+03
-2.282123032523557526e-01 1.816562940562342192e+03
-2.266545400902235663e-01 1.785842383051767001e+03
-2.250967769280913799e-01 1.773392974355835349e+03
-2.235390137659596377e-01 1.782932836453235041e+03
-2.219812506038274513e-01 1.747941561926405029e+03
-2.204234874416952650e-01 1.687053014707516013e+03
-2.188657242795630786e-01 1.685718546115064328e+03
-2.173079611174308923e-01 1.705091951930721962e+03
-2.157501979552987059e-01 1.716664367617203879e+03
-2.141924347931665196e-01 1.718770917841796972e+03
-2.126346716310347773e-01 1.678101548740864018e+03
-2.110769084689025910e-01 1.604776408220831627e+03
-2.095191453067704046e-01 1.581324021728084062e+03
-2.079613821446382183e-01 1.557447169967625086e+03
-2.064036189825060319e-01 1.500373441229852233e+03
-2.048458558203738455e-01 1.454023783116467030e+03
-2.032880926582416592e-01 1.442566613448237831e+03
-2.017303294961099169e-01 1.442532490061192902e+03
-2.001725663339777306e-01 1.441385288614765841e+03
-1.986148031718455442e-01 1.419561265379500810e+03
-1.970570400097133579e-01 1.413186535861289258e+03
-1.954992768475811715e-01 1.421476097009709065e+03
-1.939415136854489852e-01 1.424150137158856751e+03
-1.923837505233172429e-01 1.437347750281168146e+03
-1.908259873611850566e-01 1.466019133813200369e+03
-1.892682241990528702e-01 1.510262522378713356e+03
-1.877104610369206839e-01 1.552234049064989449e+03
-1.861526978747884975e-01 1.622379452677144400e+03
-1.845949347126563111e-01 1.733174768396095487e+03
-1.830371715505241248e-01 1.783866927776745797e+03
-1.814794083883923825e-01 1.881333925183873816e+03
-1.799216452262601962e-01 2.050248049340726993e+03
-1.783638820641280098e-01 2.226297323623546617e+03
-1.768061189019958235e-01 2.363564137020393900e+03
-1.752483557398636371e-01 2.492349135800021941e+03
-1.736905925777314508e-01 2.679584363954064884e+03
-1.721328294155992644e-01 2.948261528068780990e+03
-1.705750662534675222e-01 3.233410031655810599e+03
-1.690173030913353358e-01 3.527168533162397580e+03
-1.674595399292031495e-01 3.832495613528053127e+03
-1.659017767670709631e-01 4.127304893421803172e+03
-1.643440136049387768e-01 4.571559433464396534e+03
-1.627862504428065904e-01 5.062238660475031793e+03
-1.612284872806748481e-01 5.509779607833195769e+03
-1.596707241185426618e-01 6.048574148060294647e+03
-1.581129609564104754e-01 6.785903958346952095e+03
-1.565551977942782891e-01 7.540093197728500854e+03
-1.549974346321461027e-01 8.329162262043453666e+03
-1.534396714700139164e-01 9.228609162413742524e+03
-1.518819083078817300e-01 1.031210928434330708e+04
-1.503241451457499878e-01 1.182138192428244838e+04
-1.487663819836178014e-01 1.316684295136470064e+04
-1.472086188214856151e-01 1.469769212652830174e+04
-1.456508556593534287e-01 1.635710695412098903e+04
-1.440930924972212424e-01 1.831191671623670118e+04
-1.425353293350890560e-01 2.068344157377082593e+04
-1.409775661729568697e-01 2.315301490800614920e+04
-1.394198030108251274e-01 2.581943195677421318e+04
-1.378620398486929410e-01 2.917054333721434523e+04
-1.363042766865607547e-01 3.274109162151124474e+04
-1.347465135244285683e-01 3.700163721969215112e+04
-1.331887503622963820e-01 4.174288047268181253e+04
-1.316309872001641956e-01 4.623585345513148786e+04
-1.300732240380320093e-01 5.092714465534775809e+04
-1.285154608759002670e-01 5.554023052996796469e+04
-1.269576977137680807e-01 6.021832243434111297e+04
-1.253999345516358943e-01 6.381056063803119469e+04
-1.238421713895037080e-01 6.517721442205017956e+04
-1.222844082273715216e-01 6.581297995846904814e+04
-1.207266450652393353e-01 6.582499714993753878e+04
-1.191688819031075930e-01 6.585965814524213783e+04
-1.176111187409754066e-01 6.582523185895440110e+04
-1.160533555788432203e-01 6.580778066538693383e+04
-1.144955924167110339e-01 6.581607464931833965e+04
-1.129378292545788476e-01 6.581857973187603056e+04
-1.113800660924466612e-01 6.595094839473741013e+04
-1.098223029303144749e-01 6.572169810565521766e+04
-1.082645397681827326e-01 6.350567019728416199e+04
-1.067067766060505463e-01 5.949572511000192753e+04
-1.051490134439183599e-01 5.548863991995804827e+04
-1.035912502817861736e-01 5.165092075620505784e+04
-1.020334871196539872e-01 4.713889028494347440e+04
-1.004757239575218009e-01 4.266908181642687850e+04
-9.891796079538961450e-02 3.898887320025690860e+04
-9.736019763325787224e-02 3.532362275908272568e+04
-9.580243447112568589e-02 3.160042945172050167e+04
-9.424467130899349954e-02 2.835410242436222688e+04
-9.268690814686131318e-02 2.552613635731883551e+04
-9.112914498472912683e-02 2.307890543607793370e+04
-8.957138182259694048e-02 2.097317284873569952e+04
-8.801361866046519822e-02 1.894797562275937526e+04
-8.645585549833301187e-02 1.728956771896488863e+04
-8.489809233620082551e-02 1.589266353102071116e+04
-8.334032917406863916e-02 1.467349178186521567e+04
-8.178256601193645281e-02 1.374315179449629613e+04
-8.022480284980426646e-02 1.286907979845820046e+04
-7.866703968767208011e-02 1.228697718286356030e+04
-7.710927652554033784e-02 1.167692531625686024e+04
-7.555151336340815149e-02 1.107712496843726876e+04
-7.399375020127596514e-02 1.059723876970469428e+04
-7.243598703914377879e-02 1.020414351900326255e+04
-7.087822387701159244e-02 9.966554255620354525e+03
-6.932046071487940608e-02 9.816228292570447593e+03
-6.776269755274721973e-02 9.702232317848205639e+03
-6.620493439061547747e-02 9.742081727632237744e+03
-6.464717122848329112e-02 9.668011936062248424e+03
-6.308940806635110476e-02 9.634524477227778334e+03
-6.153164490421891841e-02 9.734860198243562991e+03
-5.997388174208673206e-02 9.897432891745795132e+03
-5.841611857995454571e-02 1.013440517692522189e+04
-5.685835541782235936e-02 1.040533799486726093e+04
-5.530059225569061709e-02 1.067017242658891519e+04
-5.374282909355843074e-02 1.099334591397912482e+04
-5.218506593142624439e-02 1.128760127350963921e+04
-5.062730276929405804e-02 1.092596389150813047e+04
-4.906953960716187169e-02 9.546883040786991842e+03
-4.751177644502968533e-02 7.069130950377005320e+03
-4.595401328289794307e-02 3.987690182051556349e+03
-4.439625012076575672e-02 2.443364025178090742e+03
-4.283848695863357037e-02 1.876608965623713175e+03
-4.128072379650138402e-02 1.578119626122428372e+03
-3.972296063436919766e-02 1.351943296868075095e+03
-3.816519747223701131e-02 1.174092917962507727e+03
-3.660743431010482496e-02 1.068974370609410698e+03
-3.504967114797308270e-02 6.333812945071412059e+02
-3.349190798584089634e-02 -3.463356886789832600e+01
-3.193414482370870999e-02 5.827328675010483039e+01
-3.037638166157652364e-02 3.453563488398562242e+01
-2.881861849944433729e-02 4.141506296730017311e+01
-2.726085533731215094e-02 3.934094522753177614e+01
-2.570309217517996458e-02 3.774057389351870029e+01
-2.414532901304822232e-02 4.089353612747400746e+01
-2.258756585091603597e-02 4.089223543342534839e+01
-2.102980268878384962e-02 3.469955415368388429e+01
-1.947203952665166327e-02 3.652680952385581747e+01
-1.791427636451947691e-02 3.723840923346625686e+01
-1.635651320238729056e-02 3.782034461153116922e+01
-1.479875004025554830e-02 3.807629113277294408e+01
-1.324098687812336195e-02 3.700350107520222309e+01
-1.168322371599117560e-02 3.860670229463881498e+01
-1.012546055385898924e-02 4.046128895203378306e+01
-8.567697391726802891e-03 3.630630296671377266e+01
-7.009934229594616539e-03 3.832678853913311201e+01
-5.452171067462430187e-03 4.079404874955968552e+01
-3.894407905330687925e-03 4.357752249110407661e+01
-2.336644743198501573e-03 4.382355013795725540e+01
-7.788815810663152206e-04 3.984586267335821219e+01
7.788815810658711314e-04 4.259295593916283451e+01
2.336644743198057483e-03 4.977186607727495016e+01
3.894407905330243835e-03 4.836767709364075074e+01
5.452171067462430187e-03 4.978484462664312815e+01
7.009934229594172450e-03 5.414291580213193100e+01
8.567697391726358802e-03 5.689025150282081000e+01
1.012546055385854515e-02 5.387521174245623001e+01
1.168322371599073151e-02 5.862098480741389039e+01
1.324098687812291786e-02 6.714074340030518329e+01
1.479875004025510421e-02 6.484667338886146126e+01
1.635651320238729056e-02 6.677062848265693162e+01
1.791427636451903282e-02 7.232858922667169566e+01
1.947203952665121918e-02 7.826372818275906695e+01
2.102980268878340553e-02 7.943123137171879478e+01
2.258756585091559188e-02 8.203108526191005012e+01
2.414532901304777823e-02 9.412317076028924134e+01
2.570309217517996458e-02 1.087089362674191477e+02
2.726085533731170685e-02 1.242405995126479610e+02
2.881861849944389320e-02 1.308780506498356715e+02
3.037638166157607955e-02 1.461878849933161462e+02
3.193414482370826590e-02 1.740339071285010277e+02
3.349190798584045226e-02 2.032532504350845954e+02
3.504967114797263861e-02 2.292938771419480872e+02
3.660743431010482496e-02 2.616382214480725565e+02
3.816519747223656722e-02 3.057764273255007197e+02
3.972296063436875357e-02 3.789320120402375096e+02
4.128072379650093993e-02 4.524798697752969474e+02
4.283848695863312628e-02 5.291317634283980169e+02
4.439625012076531263e-02 6.366410908030370592e+02
4.595401328289749898e-02 7.889848951388132718e+02
4.751177644502968533e-02 1.010657565444161264e+03
4.906953960716142760e-02 1.277595507788264968e+03
5.062730276929361395e-02 2.091854370175612985e+03
5.218506593142580030e-02 4.387392705131354887e+03
5.374282909355798665e-02 7.200531959160430233e+03
5.530059225569017300e-02 8.822756555272668265e+03
5.685835541782235936e-02 9.059056746506726995e+03
5.841611857995410162e-02 9.005101513873343720e+03
5.997388174208628797e-02 9.143705123699641263e+03
6.153164490421847432e-02 9.290102118675873498e+03
6.308940806635066068e-02 9.219840318031865536e+03
6.464717122848284703e-02 9.289843496514349681e+03
6.620493439061503338e-02 9.398095387688530536e+03
6.776269755274721973e-02 9.570025687111588923e+03
6.932046071487896199e-02 9.810384406340528585e+03
7.087822387701114835e-02 1.016738318011373667e+04
7.243598703914333470e-02 1.063943588055660439e+04
7.399375020127552105e-02 1.101065850954614143e+04
7.555151336340770740e-02 1.151515651232500386e+04
7.710927652553989375e-02 1.224456989638071173e+04
7.866703968767208011e-02 1.299826952178539614e+04
8.022480284980382237e-02 1.380642441541529297e+04
8.178256601193600872e-02 1.487364167882367292e+04
8.334032917406819507e-02 1.621443860378827230e+04
8.489809233620038142e-02 1.779017144562905014e+04
8.645585549833256778e-02 1.950004755003710306e+04
8.801361866046475413e-02 2.144370393748780043e+04
8.957138182259694048e-02 2.372642684039180313e+04
9.112914498472868274e-02 2.635322887960399385e+04
9.268690814686086910e-02 2.930811420787515817e+04
9.424467130899305545e-02 3.273834874199730621e+04
9.580243447112524180e-02 3.631546493794666458e+04
9.736019763325742815e-02 4.037355378891867440e+04
9.891796079538961450e-02 4.527983174746325676e+04
1.004757239575213568e-01 4.959487023927218979e+04
1.020334871196535431e-01 5.487445088852455956e+04
1.035912502817857295e-01 5.932716855167165340e+04
1.051490134439179158e-01 6.331413798153494281e+04
1.067067766060501022e-01 6.593108621021684667e+04
1.082645397681822885e-01 6.585303084543248406e+04
1.098223029303144749e-01 6.563014632996921137e+04
1.113800660924462171e-01 6.551566716498690948e+04
1.129378292545784035e-01 6.550187372750060604e+04
1.144955924167105898e-01 6.552776837313232681e+04
1.160533555788427762e-01 6.554821674373190035e+04
1.176111187409749625e-01 6.562600918985059252e+04
1.191688819031071489e-01 6.574466972646275826e+04
1.207266450652393353e-01 6.592121363104115881e+04
1.222844082273710775e-01 6.614498993865447119e+04
1.238421713895032639e-01 6.642230890653312963e+04
1.253999345516354502e-01 6.482321264199745929e+04
1.269576977137676366e-01 6.027811013005873247e+04
1.285154608758998229e-01 5.560100639156460966e+04
1.300732240380320093e-01 5.016218216430130997e+04
1.316309872001637515e-01 4.482708734527686465e+04
1.331887503622959379e-01 4.025307650681890664e+04
1.347465135244281242e-01 3.590148464947519096e+04
1.363042766865603106e-01 3.160262566809104828e+04
1.378620398486924969e-01 2.797615195203618350e+04
1.394198030108246833e-01 2.465669291467106814e+04
1.409775661729568697e-01 2.186073262772064118e+04
1.425353293350886119e-01 1.951318720746027248e+04
1.440930924972207983e-01 1.744175392346363878e+04
1.456508556593529846e-01 1.547830408358282330e+04
1.472086188214851710e-01 1.366999590020346113e+04
1.487663819836173573e-01 1.217604765070227222e+04
1.503241451457495437e-01 1.079736638174242398e+04
1.518819083078817300e-01 9.573913300080504996e+03
1.534396714700134723e-01 8.724593083194624342e+03
1.549974346321456586e-01 7.879752197336386416e+03
1.565551977942778450e-01 7.151383557072657823e+03
1.581129609564100313e-01 6.502523049741384966e+03
1.596707241185422177e-01 5.910228078495999398e+03
1.612284872806744040e-01 5.369573390110782384e+03
1.627862504428065904e-01 4.849026479271406060e+03
1.643440136049383327e-01 4.380184974644573231e+03
1.659017767670705190e-01 3.988375193474003026e+03
1.674595399292027054e-01 3.665594797316984568e+03
1.690173030913348917e-01 3.368105499673409213e+03
1.705750662534670781e-01 3.115302355499095938e+03
1.721328294155992644e-01 2.885551184441327223e+03
1.736905925777310067e-01 2.695758802667223335e+03
1.752483557398631930e-01 2.528759874609459075e+03
1.768061189019953794e-01 2.309200970754834088e+03
1.783638820641275657e-01 2.168035425653125458e+03
1.799216452262597521e-01 2.049655868282594383e+03
1.814794083883919384e-01 1.915755670955413734e+03
1.830371715505241248e-01 1.811111978784471603e+03
1.845949347126558671e-01 1.728926154513132133e+03
1.861526978747880534e-01 1.653759512333672319e+03
1.877104610369202398e-01 1.597560442841702297e+03
1.892682241990524261e-01 1.575472665251598755e+03
1.908259873611846125e-01 1.545903631684147285e+03
1.923837505233167988e-01 1.514759150906172863e+03
1.939415136854489852e-01 1.490069909003409975e+03
1.954992768475807274e-01 1.487175955213996076e+03
1.970570400097129138e-01 1.484044133224970210e+03
1.986148031718451001e-01 1.486686573684304676e+03
2.001725663339772865e-01 1.497648259153920662e+03
2.017303294961094728e-01 1.504104053385823136e+03
2.032880926582416592e-01 1.548819304615748933e+03
2.048458558203734015e-01 1.606606223714651151e+03
2.064036189825055878e-01 1.604658048139383709e+03
2.079613821446377742e-01 1.674107600489259767e+03
2.095191453067699605e-01 1.719349342298649844e+03
2.110769084689021469e-01 1.743392107664113155e+03
2.126346716310343332e-01 1.769516331311353497e+03
2.141924347931665196e-01 1.818815309096610235e+03
2.157501979552982618e-01 1.841051585396959808e+03
2.173079611174304482e-01 1.839784419953324687e+03
2.188657242795626345e-01 1.905294580810011666e+03
2.204234874416948209e-01 1.908437742486260504e+03
2.219812506038270072e-01 1.912634996963484582e+03
2.235390137659591936e-01 1.960135572955924317e+03
2.250967769280913799e-01 1.986874392040922430e+03
2.266545400902231222e-01 2.009376315053363214e+03
2.282123032523553086e-01 2.038006844187186971e+03
2.297700664144874949e-01 2.053224656990362291e+03
2.313278295766196813e-01 2.059974771510645951e+03
2.328855927387518676e-01 2.085599347686317287e+03
2.344433559008840540e-01 2.043498679495761735e+03
2.360011190630162403e-01 1.992203045173491091e+03
2.375588822251479826e-01 2.049659565995576031e+03
2.391166453872801689e-01 2.055596093004014165e+03
2.406744085494123553e-01 2.051616576054471807e+03
2.422321717115445416e-01 2.055627087624028718e+03
2.437899348736767280e-01 2.025401584051553755e+03
2.453476980358089143e-01 1.970824860276652544e+03
2.469054611979406566e-01 1.970517231787870287e+03
2.484632243600728430e-01 1.978136936864218569e+03
2.500209875222050293e-01 1.916888908708094277e+03
2.515787506843372157e-01 1.839856905401191852e+03
2.531365138464694020e-01 1.823488205636020439e+03
2.546942770086015884e-01 1.798917096548017980e+03
2.562520401707337747e-01 1.739614369491021989e+03
2.578098033328655170e-01 1.682007860940046612e+03
2.593675664949977033e-01 1.675617043745318142e+03
2.609253296571298897e-01 1.643091417128366629e+03
2.624830928192620760e-01 1.567216369732175281e+03
2.640408559813942624e-01 1.552230245374118340e+03
2.655986191435264487e-01 1.491821630529520689e+03
2.671563823056586351e-01 1.453333935378247133e+03
2.687141454677903774e-01 1.401139360660014745e+03
2.702719086299225637e-01 1.369947036918537833e+03
2.718296717920547501e-01 1.329361623601953170e+03
2.733874349541869364e-01 1.288232568308099189e+03
2.749451981163191228e-01 1.224972637624484378e+03
2.765029612784513091e-01 1.158313694258527221e+03
2.780607244405830514e-01 1.129539739393388800e+03
2.796184876027152377e-01 1.100969945915188418e+03
2.811762507648474241e-01 1.077716270875805321e+03
2.827340139269796104e-01 1.028980815605481894e+03
2.842917770891117968e-01 1.002773122607412574e+03
2.858495402512439831e-01 9.548790889284279046e+02
2.874073034133761695e-01 8.905276433737039952e+02
2.889650665755079118e-01 8.655533563085245987e+02
2.905228297376400981e-01 8.589161637683116624e+02
2.920805928997722845e-01 8.289003814664803258e+02
2.936383560619044708e-01 7.966742163762352220e+02
2.951961192240366572e-01 7.633190821602396454e+02
2.967538823861688435e-01 7.308878099154092070e+02
2.983116455483010299e-01 6.793645622575371590e+02
2.998694087104327721e-01 6.448895636826126747e+02
3.014271718725649585e-01 6.212592302251433694e+02
3.029849350346971448e-01 6.015425087035127945e+02
3.045426981968293312e-01 5.761877551268538582e+02
3.061004613589615175e-01 5.410175736394077148e+02
3.076582245210937039e-01 5.049863223186899290e+02
3.092159876832258902e-01 4.932396692282153481e+02
3.107737508453576325e-01 4.977319920514867135e+02
3.123315140074898189e-01 4.640659748863710092e+02
3.138892771696220052e-01 4.591218707762458848e+02
3.154470403317541916e-01 4.565881661868941706e+02
3.170048034938863779e-01 4.341502222733057010e+02
3.185625666560185643e-01 4.213087601156817641e+02
3.201203298181503065e-01 4.153355175489259068e+02
3.216780929802824929e-01 4.029558200736280469e+02
3.232358561424146792e-01 3.943295124468784820e+02
3.247936193045468656e-01 3.806959447603206286e+02
3.263513824666790519e-01 3.616128075780036397e+02
3.279091456288112383e-01 3.622865666928907444e+02
3.294669087909434246e-01 3.530066932074728356e+02
3.310246719530751669e-01 3.473983241627926759e+02
3.325824351152073532e-01 3.419299939982120122e+02
3.341401982773395396e-01 3.319402316438761886e+02
3.356979614394717260e-01 3.156490004913471807e+02
3.372557246016039123e-01 3.152387351739160977e+02
3.388134877637360987e-01 3.252511573072707165e+02
3.403712509258682850e-01 3.253673838327422345e+02
3.419290140880000273e-01 3.297480448701612090e+02
3.434867772501322136e-01 3.073987089596030842e+02
3.450445404122644000e-01 3.154112293089189620e+02
3.466023035743965863e-01 3.203644882623715375e+02
3.481600667365287727e-01 3.156081956681015299e+02
3.497178298986609590e-01 3.081573647561154985e+02
3.512755930607927013e-01 3.107895233187948065e+02
3.528333562229248876e-01 3.195569747042727045e+02
3.543911193850570740e-01 3.225988712188171803e+02
3.559488825471892604e-01 3.149905023313322090e+02
3.575066457093214467e-01 3.117836060749567650e+02
3.590644088714536331e-01 3.209471814756277013e+02
3.606221720335858194e-01 3.122741865622751334e+02
3.621799351957175617e-01 2.988680929264006068e+02
3.637376983578497480e-01 3.020746135994640440e+02
3.652954615199819344e-01 3.038390323939540281e+02
3.668532246821141207e-01 3.043611509550655114e+02
3.684109878442463071e-01 3.029096676381936390e+02
3.699687510063784934e-01 3.097038632043538087e+02
3.715265141685106798e-01 3.197965360001201702e+02
3.730842773306424220e-01 3.133214148053358485e+02
3.746420404927746084e-01 3.163969486372147344e+02
3.761998036549067947e-01 3.245233944323426272e+02
3.777575668170389811e-01 3.207290294586330788e+02
3.793153299791711675e-01 3.204204042557921639e+02
3.808730931413033538e-01 3.280660000258591822e+02
3.824308563034355402e-01 3.255920769190460078e+02
3.839886194655672824e-01 3.232346388083293505e+02
3.855463826276994688e-01 3.228368232586307727e+02
3.871041457898316551e-01 3.087361277137958382e+02
3.886619089519638415e-01 3.189510711278487065e+02
3.902196721140960278e-01 3.174002964128475242e+02
3.917774352762282142e-01 2.928513262811798654e+02
3.933351984383599564e-01 2.968296156151077980e+02
3.948929616004921428e-01 2.953778004226705320e+02
3.964507247626243291e-01 2.928412985742959904e+02
3.980084879247565155e-01 2.925325339245292184e+02
3.995662510868887018e-01 2.957191776829143350e+02
4.011240142490208882e-01 3.022495098878405884e+02
4.026817774111530746e-01 2.991138100754155289e+02
4.042395405732848168e-01 2.886496177869267399e+02
4.057973037354170032e-01 2.860175201786130401e+02
4.073550668975491895e-01 2.790323105788343128e+02
4.089128300596813759e-01 2.645413113013851216e+02
4.104705932218135622e-01 2.527545856477776169e+02
4.120283563839457486e-01 2.522643047947132118e+02
4.135861195460779349e-01 2.508823704658900624e+02
4.151438827082096772e-01 2.406666913697143571e+02
4.167016458703418635e-01 2.300174603787017418e+02
4.182594090324740499e-01 2.360369812760142167e+02
4.198171721946062362e-01 2.462179168114061554e+02
4.213749353567384226e-01 2.300027817653716511e+02
4.229326985188706090e-01 2.291320517576330928e+02
4.244904616810023512e-01 2.283321581824659745e+02
4.260482248431345376e-01 2.326103121163182834e+02
4.276059880052667239e-01 2.297785323817475671e+02
4.291637511673989103e-01 2.250749416964604279e+02
4.307215143295310966e-01 2.202633710318463613e+02
4.322792774916632830e-01 2.090740321003871998e+02
4.338370406537954693e-01 2.027943661733959857e+02
4.353948038159272116e-01 2.058531911260443792e+02
4.369525669780593979e-01 2.040299563121357096e+02
4.385103301401915843e-01 2.055304016984193254e+02
4.400680933023237706e-01 2.019781971750092566e+02
4.416258564644559570e-01 1.934551722035115233e+02
4.431836196265881433e-01 1.863998863875543464e+02
4.447413827887203297e-01 1.834792484347743766e+02
4.462991459508520720e-01 1.775454768714839133e+02
4.478569091129842583e-01 1.671190295213395416e+02
4.494146722751164447e-01 1.639181625872484744e+02
4.509724354372486310e-01 1.635795331080011863e+02
4.525301985993808174e-01 1.596718199464373242e+02
4.540879617615130037e-01 1.565233267037851874e+02
4.556457249236451901e-01 1.656533708217562548e+02
4.572034880857769323e-01 1.565999173584042410e+02
4.587612512479091187e-01 1.529810477011231171e+02
4.603190144100413050e-01 1.518692921863757590e+02
4.618767775721734914e-01 1.525970942673131958e+02
4.634345407343056777e-01 1.512224881636424527e+02
4.649923038964378641e-01 1.475606781694703500e+02
4.665500670585696064e-01 1.480339192586129400e+02
4.681078302207017927e-01 1.511735118968658753e+02
4.696655933828339791e-01 1.457659579230880240e+02
4.712233565449661654e-01 1.450976831675523613e+02
4.727811197070983518e-01 1.367993630271148220e+02
4.743388828692305381e-01 1.319089153407357742e+02
4.758966460313627245e-01 1.357348714271196286e+02
4.774544091934944667e-01 1.379039958796127792e+02
4.790121723556266531e-01 1.371615605957873640e+02
4.805699355177588394e-01 1.339485421365389755e+02
4.821276986798910258e-01 1.354518440173884812e+02
4.836854618420232121e-01 1.382221535732679740e+02
4.852432250041553985e-01 1.327098345957525964e+02
4.868009881662875848e-01 1.372474167000490013e+02
4.883587513284193271e-01 1.354192882648510476e+02
4.899165144905515135e-01 1.328219041426184504e+02
4.914742776526836998e-01 1.316726560815478706e+02
4.930320408148158862e-01 1.317540170709476683e+02
4.945898039769480725e-01 1.250367094784719058e+02
4.961475671390802589e-01 1.214921876908400264e+02
4.977053303012120011e-01 1.237147879644526114e+02
4.992630934633441875e-01 1.258361986206140273e+02
5.008208566254763738e-01 1.287564221708313141e+02
5.023786197876085602e-01 1.288432401344397533e+02
5.039363829497407465e-01 1.151182189342518569e+02
5.054941461118729329e-01 1.294171011395320932e+02
5.070519092740051192e-01 1.258020050310659741e+02
5.086096724361368615e-01 1.248112590074466652e+02
5.101674355982690479e-01 1.248900603700272995e+02
5.117251987604012342e-01 1.246583842620208316e+02
5.132829619225334206e-01 1.193943486515070020e+02
5.148407250846656069e-01 1.207136158985543801e+02
5.163984882467977933e-01 1.253767922128965893e+02
5.179562514089299796e-01 1.168921620907979104e+02
5.195140145710617219e-01 1.205667275814844146e+02
5.210717777331939082e-01 1.140421481158141717e+02
5.226295408953260946e-01 1.054653043825235983e+02
5.241873040574582809e-01 1.069807112408017389e+02
5.257450672195904673e-01 1.068367093550480433e+02
5.273028303817226536e-01 1.144279897017831331e+02
5.288605935438548400e-01 1.150417255136229358e+02
5.304183567059865823e-01 1.159840860910396003e+02
5.319761198681187686e-01 1.186831261500712031e+02
5.335338830302509550e-01 1.075126531515735451e+02
5.350916461923831413e-01 9.797790559720567671e+01
5.366494093545153277e-01 9.932336450924900362e+01
5.382071725166475140e-01 9.780183419195253691e+01
5.397649356787792563e-01 9.428778151711357225e+01
5.413226988409114426e-01 1.046633250247619884e+02
5.428804620030436290e-01 1.124042658984983944e+02
5.444382251651758153e-01 1.146470680128708466e+02
5.459959883273080017e-01 1.090973007869089031e+02
5.475537514894401880e-01 9.672599179338220665e+01
5.491115146515723744e-01 8.803525747521061362e+01
5.506692778137041167e-01 9.333373418631366292e+01
5.522270409758363030e-01 1.026030459905904451e+02
5.537848041379684894e-01 1.026307824015702153e+02
5.553425673001006757e-01 1.118861141628737386e+02
5.569003304622328621e-01 1.118856673298950284e+02
5.584580936243650484e-01 9.974408951809181190e+01
5.600158567864972348e-01 9.446017673211167676e+01
5.615736199486289770e-01 9.925123221541802820e+01
5.631313831107611634e-01 1.015272067447093605e+02
5.646891462728933497e-01 9.802201780913314622e+01
5.662469094350255361e-01 9.549005496433822771e+01
5.678046725971577224e-01 8.963467048347882837e+01
5.693624357592899088e-01 9.019523622172251009e+01
5.709201989214216511e-01 9.692295860345068093e+01
5.724779620835538374e-01 9.721533973856514876e+01
5.740357252456860238e-01 8.711145071606580359e+01
5.755934884078182101e-01 8.501596113232808705e+01
5.771512515699503965e-01 8.509404258484023842e+01
5.787090147320825828e-01 7.884919174167293932e+01
5.802667778942147692e-01 7.521509075082288120e+01
5.818245410563465114e-01 7.615581736717824413e+01
5.833823042184786978e-01 7.966306743038171589e+01
5.849400673806108841e-01 8.339500233662941753e+01
5.864978305427430705e-01 8.109039019647241275e+01
5.880555937048752568e-01 7.832239363573157220e+01
5.896133568670074432e-01 7.921127548617809566e+01
5.911711200291396295e-01 8.107988230965115406e+01
5.927288831912713718e-01 7.925775114606024374e+01
5.942866463534035582e-01 7.751058008081572837e+01
5.958444095155357445e-01 7.976065164221701309e+01
5.974021726776679309e-01 8.177427169086010394e+01
5.989599358398001172e-01 8.245260534924592832e+01
6.005176990019323036e-01 8.197902009350761432e+01
6.020754621640644899e-01 7.849545956389148671e+01
6.036332253261962322e-01 7.414977964749670036e+01
6.051909884883284185e-01 7.022295347478728900e+01
6.067487516504606049e-01 6.854682614111685268e+01
6.083065148125927912e-01 7.154005950389654345e+01
6.098642779747249776e-01 6.831096303188284935e+01
6.114220411368571639e-01 6.255376070725889548e+01
6.129798042989889062e-01 6.709254663903895732e+01
6.145375674611210925e-01 6.958513786789978894e+01
6.160953306232532789e-01 6.713982687522197068e+01
6.176530937853854653e-01 7.129595726751013274e+01
6.192108569475176516e-01 7.239348717726340965e+01
6.207686201096498380e-01 7.008437546596314860e+01
6.223263832717820243e-01 7.017411141266507002e+01
6.238841464339137666e-01 7.019872291984464141e+01
6.254419095960459529e-01 6.596983749898555516e+01
6.269996727581781393e-01 6.623079226677889153e+01
6.285574359203103256e-01 6.377456139007193769e+01
6.301151990824425120e-01 6.311491137391111295e+01
6.316729622445746983e-01 6.165772693390448467e+01
6.332307254067068847e-01 6.152522629258579911e+01
6.347884885688386269e-01 6.432773009054466229e+01
6.363462517309708133e-01 6.350883191801702310e+01
6.379040148931029997e-01 6.334489623395170810e+01
6.394617780552351860e-01 6.194539727171574839e+01
6.410195412173673724e-01 6.283646129167563998e+01
6.425773043794995587e-01 6.202240904199965144e+01
6.441350675416313010e-01 6.534541002307842916e+01
6.456928307037634873e-01 6.642339782807172810e+01
6.472505938658956737e-01 6.419999011990148574e+01
6.488083570280278600e-01 6.067266722212966101e+01
6.503661201901600464e-01 5.943737527855717673e+01
6.519238833522922327e-01 6.311080159455871552e+01
6.534816465144244191e-01 6.605660250453037463e+01
6.550394096765561613e-01 6.364159888125342235e+01
6.565971728386883477e-01 6.539462889533280077e+01
6.581549360008205340e-01 6.341830744574571099e+01
6.597126991629527204e-01 6.161164394388615761e+01
6.612704623250849068e-01 5.917824859046734787e+01
6.628282254872170931e-01 5.813967844380771055e+01
6.643859886493492795e-01 5.710528591427861045e+01
6.659437518114810217e-01 5.890107179203437937e+01
6.675015149736132081e-01 6.281818842878242037e+01
6.690592781357453944e-01 6.001702331500717946e+01
6.706170412978775808e-01 5.816226453857930068e+01
6.721748044600097671e-01 6.537817557994999618e+01
6.737325676221419535e-01 5.514095503589990699e+01
6.752903307842741398e-01 6.175871682721607669e+01
6.768480939464058821e-01 6.530634952750082789e+01
6.784058571085380684e-01 6.378978905265866217e+01
6.799636202706702548e-01 5.738759165908965798e+01
6.815213834328024411e-01 5.265803425598004139e+01
6.830791465949346275e-01 5.320017189079305098e+01
6.846369097570668139e-01 5.141492687640082693e+01
6.861946729191985561e-01 4.942389232979885350e+01
6.877524360813307425e-01 6.112410384333800550e+01
6.893101992434629288e-01 6.482808449641962056e+01
6.908679624055951152e-01 5.558253322711974675e+01
6.924257255677273015e-01 5.244575052269673421e+01
6.939834887298594879e-01 5.392872467720312812e+01
6.955412518919916742e-01 5.836310476896465360e+01
6.970990150541234165e-01 5.641931532693822504e+01
6.986567782162556028e-01 5.351308377175180198e+01
7.002145413783877892e-01 5.443928136441636667e+01
7.017723045405199755e-01 5.337293420268463251e+01
7.033300677026521619e-01 5.334444478150779645e+01
7.048878308647843483e-01 6.135643176922629749e+01
7.064455940269165346e-01 5.632483317371292486e+01
7.080033571890482769e-01 4.772043983913494003e+01
7.095611203511804632e-01 4.252340054544119852e+01
7.111188835133126496e-01 5.621045688182502431e+01
7.126766466754448359e-01 5.649320858207146756e+01
7.142344098375770223e-01 4.998392361038775533e+01
7.157921729997092086e-01 4.670573612145135201e+01
7.173499361618409509e-01 4.784372228356401280e+01
7.189076993239731372e-01 5.058717482608015814e+01
7.204654624861053236e-01 5.549296257441920943e+01
7.220232256482375099e-01 5.827357140236340882e+01
7.235809888103696963e-01 5.590513681083876207e+01
7.251387519725018826e-01 5.527996735536100914e+01
7.266965151346340690e-01 5.181912190057101952e+01
7.282542782967658113e-01 4.939031978251521338e+01
7.298120414588979976e-01 5.124124745389212165e+01
7.313698046210301840e-01 5.030503459747856709e+01
7.329275677831623703e-01 4.894572161254879461e+01
7.344853309452945567e-01 5.216407893980331778e+01
7.360430941074267430e-01 5.407691649602102757e+01
7.376008572695589294e-01 5.140672637645229059e+01
7.391586204316906716e-01 5.413708307373165241e+01
7.407163835938228580e-01 5.330425099402464184e+01
7.422741467559550443e-01 4.565711453528611230e+01
7.438319099180872307e-01 4.885794095459427666e+01
7.453896730802194170e-01 5.064086589706690944e+01
7.469474362423516034e-01 5.136842764278005546e+01
7.485051994044837897e-01 4.988930054043328965e+01
7.500629625666155320e-01 4.759190132404217621e+01
7.516207257287477184e-01 4.597725350987493442e+01
7.531784888908799047e-01 4.843320625091519815e+01
7.547362520530120911e-01 4.998185686980904308e+01
7.562940152151442774e-01 4.981258079742635658e+01
7.578517783772764638e-01 5.381126564119749389e+01
7.594095415394082060e-01 4.481354370016184419e+01
7.609673047015403924e-01 4.471280503476731383e+01
7.625250678636725787e-01 4.574186029068141579e+01
7.640828310258047651e-01 5.184266042952190645e+01
7.656405941879369514e-01 4.494745965343685867e+01
7.671983573500691378e-01 4.007525103400477917e+01
7.687561205122013241e-01 3.932851590086795568e+01
7.703138836743330664e-01 4.035098295497850529e+01
7.718716468364652528e-01 4.486560567705485880e+01
7.734294099985974391e-01 4.357786696696300055e+01
7.749871731607296255e-01 3.667586412340479285e+01
7.765449363228618118e-01 4.502533781511782252e+01
7.781026994849939982e-01 4.588386314271465949e+01
7.796604626471261845e-01 4.254942756998537590e+01
7.812182258092579268e-01 4.098078254009416099e+01
7.827759889713901131e-01 4.195170185349432046e+01
7.843337521335222995e-01 4.374788154277703001e+01
7.858915152956544858e-01 4.199675973627528691e+01
7.874492784577866722e-01 4.349773175918824109e+01
7.890070416199188585e-01 4.334649547444377760e+01
7.905648047820506008e-01 3.745323119218241459e+01
7.921225679441827872e-01 4.321999904904150469e+01
7.936803311063149735e-01 5.175268157500624255e+01
7.952380942684471599e-01 4.532918582324975176e+01
7.967958574305793462e-01 3.723816207329864625e+01
7.983536205927115326e-01 3.969759116812645772e+01
7.999113837548437189e-01 4.225799546265670870e+01
8.014691469169754612e-01 4.098989313178321936e+01
8.030269100791076475e-01 4.591817995789381257e+01
8.045846732412398339e-01 4.938477202098869157e+01
8.061424364033720202e-01 4.499169736801036379e+01
8.077001995655042066e-01 4.082157557628381284e+01
8.092579627276363929e-01 3.716669925787001461e+01
8.108157258897685793e-01 3.657236730994983986e+01
8.123734890519003216e-01 3.842921641898350060e+01
8.139312522140329520e-01 4.425020791075748150e+01
8.154890153761646943e-01 4.878108624883298461e+01
8.170467785382964365e-01 4.983278336071338543e+01
8.186045417004290670e-01 4.738938318842884456e+01
8.201623048625608092e-01 4.294587054210461474e+01
8.217200680246934397e-01 4.171684712453583188e+01
8.232778311868251819e-01 4.078754738369662647e+01
8.248355943489578124e-01 3.947285499906034545e+01
8.263933575110895546e-01 4.059747083062194406e+01
8.279511206732212969e-01 3.778396734044959260e+01
8.295088838353539273e-01 3.701430722898033565e+01
8.310666469974856696e-01 4.161679882326115631e+01
8.326244101596183000e-01 4.035259226454028436e+01
8.341821733217500423e-01 4.456710015010849446e+01
8.357399364838826727e-01 4.241096565079696745e+01
8.372976996460144150e-01 4.049488005486256981e+01
8.388554628081461573e-01 4.232008366341080574e+01
8.404132259702787877e-01 3.990934053644679835e+01
8.419709891324105300e-01 3.687806699085145823e+01
8.435287522945431604e-01 3.919522812157487124e+01
8.450865154566749027e-01 4.298894642861001358e+01
8.466442786188075331e-01 4.200279626452543624e+01
8.482020417809392754e-01 3.532801601796598590e+01
8.497598049430710176e-01 3.998118730227118078e+01
8.513175681052036481e-01 4.342304397758215373e+01
8.528753312673353904e-01 3.940591086401961007e+01
8.544330944294680208e-01 3.615391081734443901e+01
8.559908575915997631e-01 3.733700138374852173e+01
8.575486207537323935e-01 3.737896539715835331e+01
8.591063839158641358e-01 3.755903158249428486e+01
8.606641470779958780e-01 3.803674769831586389e+01
8.622219102401285085e-01 3.899130439986650742e+01
8.637796734022602507e-01 3.979927352763715476e+01
8.653374365643928812e-01 4.065001581520865415e+01
8.668951997265246234e-01 4.384167002498346477e+01
8.684529628886572539e-01 4.252558764934013169e+01
8.700107260507889961e-01 3.733663847011590065e+01
8.715684892129207384e-01 4.054722472296572278e+01
8.731262523750533688e-01 4.427433723707746793e+01
8.746840155371851111e-01 4.066719899306905717e+01
8.762417786993177415e-01 3.869031684542799354e+01
8.777995418614494838e-01 4.366503671872628445e+01
8.793573050235821142e-01 3.642439904757998193e+01
8.809150681857138565e-01 3.129075546892976334e+01
8.824728313478455988e-01 4.183948503654979589e+01
8.840305945099782292e-01 4.256353577675884736e+01
8.855883576721099715e-01 3.885134924257072697e+01
8.871461208342426019e-01 3.413787044680801586e+01
8.887038839963743442e-01 3.423126003696127384e+01
8.902616471585060864e-01 3.483737293865775086e+01
8.918194103206387169e-01 3.758261266380053200e+01
8.933771734827704591e-01 4.445188349694483065e+01
8.949349366449030896e-01 4.320831898489817036e+01
8.964926998070348318e-01 4.511162153147633092e+01
8.980504629691674623e-01 3.946231216799913000e+01
8.996082261312992046e-01 3.898962491995008151e+01
9.011659892934309468e-01 4.203227591337380886e+01
9.027237524555635773e-01 3.610895180384937930e+01
9.042815156176953195e-01 3.887005503129514494e+01
9.058392787798279500e-01 3.882452442886536659e+01
9.073970419419596922e-01 3.629751674037417075e+01
9.089548051040923227e-01 3.566351418352805780e+01
9.105125682662240649e-01 3.537027633639393542e+01
9.120703314283558072e-01 3.852643702672430948e+01
9.136280945904884376e-01 3.742918565093005157e+01
9.151858577526201799e-01 3.314599273652147104e+01
9.167436209147528103e-01 3.467759701184410659e+01
9.183013840768845526e-01 3.135772430149022227e+01
9.198591472390171830e-01 3.798592991616472858e+01
9.214169104011489253e-01 3.728406157097614226e+01
9.229746735632806676e-01 3.504358563433208928e+01
9.245324367254132980e-01 3.787540373202072885e+01
9.260901998875450403e-01 3.988645416106731290e+01
9.276479630496776707e-01 3.870833445695581787e+01
9.292057262118094130e-01 3.779505402268623726e+01
9.307634893739420434e-01 3.496684692307324127e+01
9.323212525360737857e-01 3.414398182707618901e+01
9.338790156982055279e-01 3.649539994377992258e+01
9.354367788603381584e-01 3.829937749590621365e+01
9.369945420224699006e-01 3.166585873353865210e+01
9.385523051846025311e-01 3.206102870740089372e+01
9.401100683467342733e-01 3.216073335705975467e+01
9.416678315088669038e-01 3.520131572084623173e+01
9.432255946709986461e-01 3.723395237590339235e+01
9.447833578331303883e-01 3.821166137774149973e+01
9.463411209952630188e-01 3.732516116185767885e+01
9.478988841573947610e-01 3.733947504625642466e+01
9.494566473195273915e-01 4.428108897364774066e+01
9.510144104816591337e-01 4.001260599529302908e+01
9.525721736437917642e-01 3.424326615248222083e+01
9.541299368059235064e-01 2.920819007226674202e+01
9.556876999680552487e-01 3.352077431696208976e+01
9.572454631301878791e-01 3.867116240515384362e+01
9.588032262923196214e-01 3.743410585716682704e+01
9.603609894544522518e-01 3.454980035055577048e+01
9.619187526165839941e-01 3.395740163509932330e+01
9.634765157787157364e-01 3.520480913107270027e+01
9.650342789408483668e-01 3.627790669816975111e+01
9.665920421029801091e-01 3.550202297988924016e+01
9.681498052651127395e-01 3.401079363899471275e+01
9.697075684272444818e-01 3.490085513890311120e+01
9.712653315893771122e-01 3.493297608911709062e+01
9.728230947515088545e-01 3.614433085185893901e+01
9.743808579136405967e-01 3.761520308781883415e+01
9.759386210757732272e-01 3.294123466542131951e+01
9.774963842379049694e-01 3.261236178010004494e+01
9.790541474000375999e-01 3.639465326471959372e+01
9.806119105621693421e-01 3.622775675920639316e+01
9.821696737243019726e-01 3.710526169813412878e+01
9.837274368864337148e-01 3.560638256022073733e+01
9.852852000485654571e-01 3.669815631005248235e+01
9.868429632106980876e-01 3.430302169965898429e+01
9.884007263728298298e-01 3.454812337891480212e+01
9.899584895349624603e-01 3.676660573191913528e+01
9.915162526970942025e-01 3.701593700179952862e+01
9.930740158592268330e-01 3.649932491321751371e+01
9.946317790213585752e-01 3.669551652335808001e+01
9.961895421834903175e-01 3.571699928478028596e+01
9.977473053456229479e-01 3.579326792435216475e+01
9.993050685077546902e-01 3.709263416367713262e+01
1.000862831669887321e+00 3.291553256970315289e+01
1.002420594832019063e+00 3.141462715378684933e+01
1.003978357994151693e+00 3.768041060392273067e+01
1.005536121156283436e+00 3.603463577276576757e+01
1.007093884318415178e+00 3.743114126919310536e+01
1.008651647480547808e+00 3.743242097639823385e+01
1.010209410642679551e+00 3.706470750477992482e+01
1.011767173804812181e+00 3.628418186898645814e+01
1.013324936966943923e+00 3.193159513696963359e+01
1.014882700129076554e+00 2.963165384647964373e+01
1.016440463291208296e+00 3.446369376065701573e+01
1.017998226453340038e+00 3.198018139220515010e+01
1.019555989615472669e+00 3.135244484049998803e+01
1.021113752777604411e+00 3.197323944103140647e+01
1.022671515939737041e+00 3.267102112137290248e+01
1.024229279101868784e+00 2.948489568062890953e+01
1.025787042264001414e+00 3.387907732737528477e+01
1.027344805426133156e+00 3.709584329772438593e+01
1.028902568588264899e+00 3.646080398453506888e+01
1.030460331750397529e+00 3.657656443558288828e+01
1.032018094912529271e+00 3.803935513143875369e+01
1.033575858074661902e+00 3.712874688014762370e+01
1.035133621236793644e+00 4.126112804027225422e+01
1.036691384398925386e+00 3.231970796103436783e+01
1.038249147561058017e+00 3.045671604869061611e+01
1.039806910723189759e+00 3.328565588709748369e+01
1.041364673885322389e+00 3.337384879440407559e+01
1.042922437047454132e+00 3.780140999367878152e+01
1.044480200209586762e+00 4.080231875186253632e+01
1.046037963371718504e+00 3.775618042324901324e+01
1.047595726533850247e+00 3.320606425018652175e+01
1.049153489695982877e+00 3.108687180592378851e+01
1.050711252858114619e+00 3.063043478303206513e+01
1.052269016020247250e+00 2.831229876191066808e+01
1.053826779182378992e+00 3.342473930038508456e+01
1.055384542344511623e+00 3.867572642473128042e+01
1.056942305506643365e+00 3.723779533935693564e+01
1.058500068668775107e+00 3.276710675681436413e+01
1.060057831830907737e+00 3.298131661364931944e+01
1.061615594993039480e+00 3.602514858358031091e+01
1.063173358155172110e+00 3.625749659630481148e+01
1.064731121317303852e+00 3.721482267143782963e+01
1.066288884479436483e+00 3.864155475971381293e+01
1.067846647641568225e+00 3.506651376284290222e+01
1.069404410803699967e+00 3.338623742548155349e+01
1.070962173965832598e+00 3.440334455922204171e+01
1.072519937127964340e+00 3.771596038203719559e+01
1.074077700290096971e+00 3.143940650921478053e+01
1.075635463452228713e+00 3.360180617920894264e+01
1.077193226614361343e+00 3.754136741656798648e+01
1.078750989776493086e+00 3.400789467903979357e+01
1.080308752938624828e+00 3.037135132157281348e+01
1.081866516100757458e+00 3.449099701450113287e+01
1.083424279262889200e+00 3.329313800167089710e+01
1.084982042425021831e+00 3.011685273530285656e+01
1.086539805587153573e+00 3.627176461039992716e+01
1.088097568749286204e+00 3.884005230853560420e+01
1.089655331911417946e+00 3.023122619627870122e+01
1.091213095073549688e+00 3.090373441628188544e+01
1.092770858235682319e+00 3.136550202785067754e+01
1.094328621397814061e+00 2.931756204854368519e+01
1.095886384559946691e+00 2.702463041126773646e+01
1.097444147722078434e+00 3.067381601133163471e+01
1.099001910884211064e+00 3.572232744916197333e+01
1.100559674046342806e+00 3.344226998667790696e+01
1.102117437208474549e+00 3.436938809163965658e+01
1.103675200370607179e+00 3.294168085641340582e+01
1.105232963532738921e+00 3.190581524287346937e+01
1.106790726694871552e+00 2.985346123894361980e+01
1.108348489857003294e+00 3.109429018447714554e+01
1.109906253019135036e+00 2.886274140979349312e+01
1.111464016181267667e+00 2.959501445676834663e+01
1.113021779343399409e+00 3.104680658339569277e+01
1.114579542505532039e+00 3.259364027682020293e+01
1.116137305667663782e+00 3.610628458191551005e+01
1.117695068829796412e+00 3.601261318108830523e+01
1.119252831991928154e+00 3.383240589479844829e+01
1.120810595154059897e+00 3.004099403359490239e+01
1.122368358316192527e+00 3.256922818112517604e+01
1.123926121478324269e+00 3.155220677514522265e+01
1.125483884640456900e+00 3.316466126097176925e+01
1.127041647802588642e+00 3.109659071295940791e+01
1.128599410964721272e+00 3.085374525550101055e+01
1.130157174126853015e+00 3.355249047845648391e+01
1.131714937288984757e+00 3.369321753347497861e+01
1.133272700451117387e+00 3.201572354051991454e+01
1.134830463613249130e+00 2.796487947401768537e+01
1.136388226775381760e+00 3.120080639395801114e+01
1.137945989937513502e+00 3.072190587932147210e+01
1.139503753099646133e+00 3.327697984737573478e+01
1.141061516261777875e+00 3.376614635186047053e+01
1.142619279423909617e+00 3.381218945752224414e+01
1.144177042586042248e+00 3.087257009618151571e+01
1.145734805748173990e+00 2.863716183279651162e+01
1.147292568910306620e+00 2.934934031496171158e+01
1.148850332072438363e+00 3.149555478431422273e+01
1.150408095234570993e+00 3.012832394542436631e+01
1.151965858396702735e+00 3.101571667836606494e+01
1.153523621558834478e+00 3.435557038074444591e+01
1.155081384720967108e+00 3.002722759210641357e+01
1.156639147883098850e+00 2.933268787617160100e+01
1.158196911045231481e+00 3.003545466757636362e+01
1.159754674207363223e+00 2.908016696976875792e+01
1.161312437369495854e+00 2.818877836340871212e+01
1.162870200531627596e+00 3.036315251550311345e+01
1.164427963693759338e+00 3.051398907414467132e+01
1.165985726855891969e+00 2.982341980908759993e+01
1.167543490018023711e+00 3.229162670057100826e+01
1.169101253180156341e+00 2.803794367117084008e+01
1.170659016342288083e+00 2.938755254746146051e+01
1.172216779504420714e+00 3.005065427018183399e+01
1.173774542666552456e+00 3.312853492668397593e+01
1.175332305828684198e+00 3.017920497440962890e+01
1.176890068990816829e+00 3.093799652187416172e+01
1.178447832152948571e+00 3.196420685451039745e+01
1.180005595315081202e+00 3.111380887757876579e+01
1.181563358477212944e+00 3.173131336950398662e+01
1.183121121639344686e+00 3.136144915541125044e+01
1.184678884801477317e+00 3.414491992434420098e+01
1.186236647963609059e+00 3.534817964230461484e+01
1.187794411125741689e+00 3.618663542316313908e+01
1.189352174287873432e+00 3.048123088216713938e+01
1.190909937450006062e+00 3.129270549369305243e+01
1.192467700612137804e+00 3.052096899453032819e+01
1.194025463774269546e+00 3.015354748256021011e+01
1.195583226936402177e+00 3.180816753634888627e+01
1.197140990098533919e+00 3.108730219001535033e+01
1.198698753260666550e+00 2.992760932389747452e+01
1.200256516422798292e+00 2.701899685791723016e+01
1.201814279584930922e+00 2.595365002050685987e+01
1.203372042747062665e+00 2.855452859268682531e+01
1.204929805909194407e+00 2.928003407237944344e+01
1.206487569071327037e+00 2.661162044967128537e+01
1.208045332233458780e+00 2.819803491224297431e+01
1.209603095395591410e+00 2.987851000512127442e+01
1.211160858557723152e+00 2.885813853518452632e+01
1.212718621719855783e+00 2.833351484257806518e+01
1.214276384881987525e+00 2.940458929738847615e+01
1.215834148044119267e+00 3.181877069144966796e+01
1.217391911206251898e+00 2.902672253254927526e+01
1.218949674368383640e+00 2.580233686672391258e+01
1.220507437530516270e+00 3.306218494944744180e+01
1.222065200692648013e+00 2.708163236233302129e+01
1.223622963854780643e+00 2.695722442722302503e+01
1.225180727016912385e+00 2.802101542914123655e+01
1.226738490179044128e+00 2.728756982505726825e+01
1.228296253341176758e+00 2.767409434409449887e+01
1.229854016503308500e+00 2.862782798680967034e+01
1.231411779665441131e+00 2.786837504900489293e+01
1.232969542827572873e+00 3.095245471213598165e+01
1.234527305989705503e+00 2.960438075510991496e+01
1.236085069151837246e+00 2.245987818671649805e+01
1.237642832313968988e+00 2.952623998110979642e+01
1.239200595476101618e+00 3.537036251573932333e+01
1.240758358638233361e+00 2.910373866362155582e+01
1.242316121800365991e+00 2.965567709743191926e+01
1.243873884962497733e+00 3.580541163026956752e+01
1.245431648124630364e+00 3.900227682745857294e+01
1.246989411286762106e+00 3.423263108398123933e+01
1.248547174448893848e+00 3.017767145994268674e+01
1.250104937611026479e+00 3.122121057484351425e+01
1.251662700773158221e+00 2.835959822853486756e+01
1.253220463935290852e+00 2.874198131890516095e+01
1.254778227097422594e+00 3.558848375068016878e+01
1.256335990259554336e+00 3.371223366120990761e+01
1.257893753421686966e+00 2.763856721114878567e+01
1.259451516583818709e+00 2.724552087880621798e+01
1.261009279745951339e+00 2.945958552810421693e+01
1.262567042908083081e+00 2.954976186003173311e+01
1.264124806070215712e+00 2.635968731463201919e+01
1.265682569232347454e+00 2.929495646952476307e+01
1.267240332394479196e+00 3.383841135330649053e+01
1.268798095556611827e+00 2.965343383634750296e+01
1.270355858718743569e+00 3.165404720236222502e+01
1.271913621880876200e+00 3.231268677066762507e+01
1.273471385043007942e+00 3.305098169617451731e+01
1.275029148205140572e+00 3.195792531122634728e+01
1.276586911367272315e+00 2.904039621457968678e+01
1.278144674529404057e+00 2.966844788964322532e+01
1.279702437691536687e+00 3.313578529450452237e+01
1.281260200853668429e+00 3.329840914063133539e+01
1.282817964015801060e+00 3.178819708445706382e+01
1.284375727177932802e+00 3.225155120979182044e+01
1.285933490340065433e+00 3.288270651566166691e+01
1.287491253502197175e+00 2.869847619237858893e+01
1.289049016664328917e+00 2.624738927279018696e+01
1.290606779826461548e+00 2.971848081587740964e+01
1.292164542988593290e+00 3.629561220964641421e+01
1.293722306150725920e+00 3.308416523207089455e+01
1.295280069312857663e+00 2.557287904448712368e+01
1.296837832474990293e+00 2.906934088783144787e+01
1.298395595637122035e+00 3.059194785711255804e+01
1.299953358799253778e+00 3.582926873390001532e+01
1.301511121961386408e+00 3.269164583988664674e+01
1.303068885123518150e+00 3.204681257048954990e+01
1.304626648285650781e+00 2.818466710191346181e+01
1.306184411447782523e+00 2.786481460722987791e+01
1.307742174609915153e+00 2.937079311843900697e+01
1.309299937772046896e+00 2.962113755599995102e+01
1.310857700934178638e+00 2.855097766195865105e+01
1.312415464096311268e+00 2.818051934051712948e+01
1.313973227258443011e+00 2.807945894862366742e+01
1.315530990420575641e+00 2.417923920566078877e+01
1.317088753582707383e+00 3.347013496289650192e+01
1.318646516744840014e+00 2.592499746442109299e+01
1.320204279906971756e+00 3.015531628970325428e+01
1.321762043069103498e+00 3.518292282251897518e+01
1.323319806231236129e+00 3.468517966136279540e+01
1.324877569393367871e+00 3.193213369955542902e+01
1.326435332555500501e+00 3.290256255591659595e+01
1.327993095717632244e+00 3.230129154636891542e+01
1.329550858879763986e+00 2.885868833913474774e+01
1.331108622041896616e+00 3.026717298809233725e+01
1.332666385204028359e+00 2.920084791665851398e+01
1.334224148366160989e+00 2.976349439691859899e+01
1.335781911528292731e+00 2.860692594161390190e+01
1.337339674690425362e+00 3.375182831165847830e+01
1.338897437852557104e+00 3.203682579023897858e+01
1.340455201014688846e+00 2.939513658427626197e+01
1.342012964176821477e+00 2.865869809046623473e+01
1.343570727338953219e+00 2.806409638007257001e+01
1.345128490501085849e+00 3.015161313371610419e+01
1.346686253663217592e+00 3.000652542501097741e+01
1.348244016825350222e+00 2.562873321676833527e+01
1.349801779987481964e+00 3.012410848905363991e+01
1.351359543149613707e+00 2.797307378021432811e+01
1.352917306311746337e+00 2.403455726808648407e+01
1.354475069473878079e+00 2.508215054131931865e+01
1.356032832636010710e+00 2.730842799433606771e+01
1.357590595798142452e+00 2.816099246596023065e+01
1.359148358960275083e+00 2.895419392789976598e+01
1.360706122122406825e+00 3.088116919274408190e+01
1.362263885284538567e+00 3.014399962769224928e+01
1.363821648446671198e+00 3.070780619100604980e+01
1.365379411608802940e+00 2.707455375619844418e+01
1.366937174770935570e+00 2.744181364989157146e+01
1.368494937933067312e+00 2.925644319305510521e+01
1.370052701095199943e+00 2.836003435882726720e+01
1.371610464257331685e+00 3.045434801203729336e+01
1.373168227419463427e+00 3.210048522250863101e+01
1.374725990581596058e+00 2.973574036207454796e+01
1.376283753743727800e+00 2.662508365806173316e+01
1.377841516905860431e+00 2.632445789579683648e+01
1.379399280067992173e+00 3.122188054616228570e+01
1.380957043230124803e+00 3.145813701717959887e+01
1.382514806392256546e+00 3.159599161067495032e+01
1.384072569554388288e+00 3.319971730031704737e+01
1.385630332716520918e+00 3.180281328458111290e+01
1.387188095878652661e+00 3.146480342046260859e+01
1.388745859040785291e+00 3.130080370442992432e+01
1.390303622202917033e+00 2.954786770612654578e+01
1.391861385365049664e+00 3.142383162953892040e+01
1.393419148527181406e+00 3.290845830976575570e+01
1.394976911689313148e+00 2.796821258683198153e+01
1.396534674851445779e+00 3.012424346062584490e+01
1.398092438013577521e+00 3.245920703763844273e+01
1.399650201175710151e+00 3.157547764383118150e+01
1.401207964337841894e+00 3.224845831724952916e+01
1.402765727499973636e+00 3.360763582793954640e+01
1.404323490662106266e+00 3.198626619941195059e+01
1.405881253824238009e+00 3.118121026188076428e+01
1.407439016986370639e+00 3.306980362342337543e+01
1.408996780148502381e+00 2.910725132887541022e+01
1.410554543310635012e+00 3.091187546349471660e+01
1.412112306472766754e+00 3.136392438507681035e+01
1.413670069634898496e+00 2.642697402363160819e+01
1.415227832797031127e+00 2.745316345760132748e+01
1.416785595959162869e+00 3.012100967373366345e+01
1.418343359121295499e+00 3.073356711090954718e+01
1.419901122283427242e+00 3.436259186093680995e+01
1.421458885445559872e+00 3.161919111913353220e+01
1.423016648607691614e+00 2.895961699977884507e+01
1.424574411769823357e+00 3.288612837497557706e+01
1.426132174931955987e+00 2.962060438938715734e+01
1.427689938094087729e+00 2.680543641279356848e+01
1.429247701256220360e+00 2.680411038308347926e+01
1.430805464418352102e+00 2.755612837758738820e+01
1.432363227580484732e+00 2.349602107946428475e+01
1.433920990742616475e+00 2.507415588469096335e+01
1.435478753904748217e+00 2.751463347425859496e+01
1.437036517066880847e+00 2.991829395898136923e+01
1.438594280229012590e+00 3.065434594264559465e+01
1.440152043391145220e+00 2.614207875785866975e+01
1.441709806553276962e+00 2.750681915778095643e+01
1.443267569715409593e+00 3.055381146975530626e+01
1.444825332877541335e+00 3.071799985310425996e+01
1.446383096039673077e+00 2.912568211696959253e+01
1.447940859201805708e+00 2.976025979705095281e+01
1.449498622363937450e+00 2.760766456404613578e+01
1.451056385526070081e+00 2.947750537664030190e+01
1.452614148688201823e+00 2.963297890829742087e+01
1.454171911850334453e+00 2.987160749318955055e+01
1.455729675012466195e+00 2.892689762019625732e+01
1.457287438174597938e+00 2.979677313093528568e+01
1.458845201336730568e+00 3.267044572191801421e+01
1.460402964498862310e+00 3.289437513885435038e+01
1.461960727660994941e+00 2.986048004013115786e+01
1.463518490823126683e+00 3.171083419701487216e+01
1.465076253985259314e+00 3.526550724849506935e+01
1.466634017147391056e+00 3.161002240613025194e+01
1.468191780309522798e+00 2.743935717693038967e+01
1.469749543471655429e+00 2.647276970736362856e+01
1.471307306633787171e+00 2.788550345976828382e+01
1.472865069795919801e+00 2.956278206908335804e+01
1.474422832958051544e+00 2.925809286545319310e+01
1.475980596120183286e+00 2.736087009571486206e+01
1.477538359282315916e+00 2.795695681606824223e+01
1.479096122444447658e+00 3.209628607495718455e+01
1.480653885606580289e+00 2.639729871054697341e+01
1.482211648768712031e+00 3.019623807674208393e+01
1.483769411930844662e+00 2.822460692683109684e+01
1.485327175092976404e+00 2.606497677257017642e+01
1.486884938255108146e+00 2.669210243533410321e+01
1.488442701417240777e+00 2.892464609759425187e+01
1.490000464579372519e+00 3.139871213964799423e+01
1.491558227741505149e+00 2.747911493575754349e+01
1.493115990903636892e+00 2.176480569317485347e+01
1.494673754065769522e+00 2.989199586543819720e+01
1.496231517227901264e+00 3.236819347076895781e+01
1.497789280390033007e+00 2.892943525376783498e+01
1.499347043552165637e+00 2.917450795210861969e+01
1.500904806714297379e+00 3.177894878243743193e+01
1.502462569876430010e+00 2.938690322046345216e+01
1.504020333038561752e+00 2.712287754327898881e+01
1.505578096200694382e+00 3.585133686619256110e+01
1.507135859362826125e+00 2.737273619344032483e+01
1.508693622524957867e+00 2.795911160188261135e+01
1.510251385687090497e+00 2.865939743774920601e+01
1.511809148849222240e+00 2.778561909126995388e+01
1.513366912011354870e+00 2.695827829949745080e+01
1.514924675173486612e+00 2.782480291482074364e+01
1.516482438335619243e+00 2.957077481246657058e+01
1.518040201497750985e+00 2.804464696476858521e+01
1.519597964659882727e+00 2.598036833026355552e+01
1.521155727822015358e+00 3.006577162392195035e+01
1.522713490984147100e+00 2.845248791936084487e+01
1.524271254146279730e+00 2.718967316103532283e+01
1.525829017308411473e+00 2.713476092678403262e+01
1.527386780470544103e+00 2.656121110605283775e+01
1.528944543632675845e+00 2.807814558800454563e+01
1.530502306794807588e+00 3.164101809703591073e+01
1.532060069956940218e+00 3.328544852991424818e+01
1.533617833119071960e+00 2.648263361465384946e+01
1.535175596281204591e+00 2.599485257615475575e+01
1.536733359443336333e+00 2.918057071177798889e+01
1.538291122605468964e+00 3.085935743481237026e+01
1.539848885767600706e+00 2.928089520407777968e+01
1.541406648929732448e+00 2.782054083956576918e+01
1.542964412091865078e+00 2.955809573316014749e+01
1.544522175253996821e+00 2.881259571578025813e+01
1.546079938416129451e+00 2.847380303288530001e+01
1.547637701578261193e+00 2.948780580953316033e+01
1.549195464740392936e+00 3.057500013148099072e+01
1.550753227902525566e+00 3.333471835122591642e+01
1.552310991064657308e+00 3.242102303223030191e+01
1.553868754226789939e+00 2.431951278470760158e+01
1.555426517388921681e+00 2.486981843818096749e+01
1.556984280551054312e+00 3.072405626405030077e+01
1.558542043713186054e+00 2.895942107766728313e+01
1.560099806875317796e+00 2.726486013192845448e+01
1.561657570037450427e+00 2.694578275897729469e+01
1.563215333199582169e+00 2.472333275472315961e+01
1.564773096361714799e+00 2.179602992004989304e+01
1.566330859523846541e+00 2.622745427081506620e+01
1.567888622685979172e+00 2.676956128905827015e+01
1.569446385848110914e+00 3.136504823293962829e+01
1.571004149010242656e+00 3.267223867844321461e+01
1.572561912172375287e+00 2.961763812992669642e+01
1.574119675334507029e+00 2.605584163826572919e+01
1.575677438496639660e+00 2.343825600624417405e+01
1.577235201658771402e+00 2.628114328172528147e+01
1.578792964820904032e+00 2.470782767072939023e+01
1.580350727983035775e+00 2.458826312866712271e+01
1.581908491145167517e+00 2.972337061499760580e+01
1.583466254307300147e+00 3.190933924629196383e+01
1.585024017469431890e+00 3.164282578328824869e+01
1.586581780631564520e+00 2.806557150246143806e+01
1.588139543793696262e+00 2.670756963168923548e+01
1.589697306955828893e+00 3.086833580701406632e+01
1.591255070117960635e+00 2.660280995615158872e+01
1.592812833280092377e+00 3.175107980103155469e+01
1.594370596442225008e+00 3.475140429260839880e+01
1.595928359604356750e+00 3.319141761107022148e+01
1.597486122766489380e+00 2.814069156985293674e+01
1.599043885928621123e+00 2.586993375154974828e+01
1.600601649090753753e+00 2.701132881408080877e+01
1.602159412252885495e+00 2.742628896788930604e+01
1.603717175415017238e+00 2.826507139196351304e+01
1.605274938577149868e+00 1.986484705638792292e+01
1.606832701739281610e+00 2.448668602053493615e+01
1.608390464901414241e+00 2.696698547451747174e+01
1.609948228063545983e+00 2.928058110506877298e+01
1.611505991225678613e+00 2.793673271880859943e+01
1.613063754387810356e+00 2.891237987923975794e+01
1.614621517549942098e+00 3.596457884485139544e+01
1.616179280712074728e+00 2.933445527260554186e+01
1.617737043874206471e+00 2.313478814499982406e+01
1.619294807036339101e+00 3.008834798024569324e+01
1.620852570198470843e+00 3.283951690752122232e+01
1.622410333360602586e+00 3.139035702859841948e+01
1.623968096522735216e+00 2.830492264505337374e+01
1.625525859684866958e+00 2.736631608819472561e+01
1.627083622846999589e+00 2.871743339496567771e+01
1.628641386009131331e+00 2.714908557054349814e+01
1.630199149171263961e+00 2.884514220775261251e+01
1.631756912333395704e+00 3.196408511498171734e+01
1.633314675495527446e+00 3.219315557519871618e+01
1.634872438657660076e+00 3.023335647704415052e+01
1.636430201819791819e+00 2.972174300352006071e+01
1.637987964981924449e+00 3.128336128401378602e+01
1.639545728144056191e+00 3.542247335807432052e+01
1.641103491306188822e+00 2.993315968514569647e+01
1.642661254468320564e+00 2.908875664807640504e+01
1.644219017630452306e+00 2.491798660759943118e+01
1.645776780792584937e+00 2.734284966920480286e+01
1.647334543954716679e+00 2.621060639705222428e+01
1.648892307116849310e+00 2.749167229660857359e+01
1.650450070278981052e+00 3.178683898824703391e+01
1.652007833441113682e+00 3.285939776482458541e+01
1.653565596603245424e+00 3.422297739552164586e+01
1.655123359765377167e+00 3.301798656403328636e+01
1.656681122927509797e+00 3.512762063620930775e+01
1.658238886089641539e+00 3.501230736722292392e+01
1.659796649251774170e+00 3.468122048569472327e+01
1.661354412413905912e+00 3.555112412295057567e+01
1.662912175576038543e+00 3.431286691770174002e+01
1.664469938738170285e+00 2.902693096994723021e+01
1.666027701900302027e+00 3.042133225821514841e+01
1.667585465062434658e+00 2.864431114692414937e+01
1.669143228224566400e+00 2.780173409890607061e+01
1.670700991386699030e+00 2.929703124976238016e+01
1.672258754548830773e+00 3.032780656871227976e+01
1.673816517710963403e+00 3.100903870635803017e+01
1.675374280873095145e+00 3.114164876371423674e+01
1.676932044035226888e+00 3.028779120919938705e+01
1.678489807197359518e+00 3.177074166294611857e+01
1.680047570359491260e+00 2.469490275891902442e+01
1.681605333521623891e+00 2.738564923906844228e+01
1.683163096683755633e+00 3.132605592026370189e+01
1.684720859845888263e+00 3.565313092967728181e+01
1.686278623008020006e+00 3.428387665651132465e+01
1.687836386170151748e+00 3.397449179937630959e+01
1.689394149332284378e+00 3.233191860597306544e+01
1.690951912494416121e+00 2.791235170121576914e+01
1.692509675656548751e+00 2.765298217148234983e+01
1.694067438818680493e+00 2.898369048600062214e+01
1.695625201980812236e+00 3.259945319892715787e+01
1.697182965142944866e+00 2.770069784941026114e+01
1.698740728305076608e+00 2.788106158130326051e+01
1.700298491467209239e+00 2.973488073086574346e+01
1.701856254629340981e+00 2.807244257553532307e+01
1.703414017791473611e+00 2.545102914715080544e+01
1.704971780953605354e+00 2.517129368429905512e+01
1.706529544115737096e+00 2.803392143856948948e+01
1.708087307277869726e+00 2.087558962218941616e+01
1.709645070440001469e+00 2.236706348205840911e+01
1.711202833602134099e+00 2.955636212142651686e+01
1.712760596764265841e+00 2.443642442471606202e+01
1.714318359926398472e+00 2.784500036610680951e+01
1.715876123088530214e+00 2.879695734481563463e+01
1.717433886250661956e+00 2.571062525116598962e+01
1.718991649412794587e+00 2.607002889260784428e+01
1.720549412574926329e+00 3.256395950391986105e+01
1.722107175737058959e+00 3.183542402344484756e+01
1.723664938899190702e+00 2.571193640390355384e+01
1.725222702061323332e+00 3.550518517627180870e+01
1.726780465223455074e+00 3.559626520354052559e+01
1.728338228385586817e+00 3.030164150012555879e+01
1.729895991547719447e+00 3.123324300986658031e+01
1.731453754709851189e+00 2.804294433556108856e+01
1.733011517871983820e+00 2.868699416722405005e+01
1.734569281034115562e+00 3.179977202914721701e+01
1.736127044196248193e+00 3.065670196695294791e+01
1.737684807358379935e+00 2.940505014982402798e+01
1.739242570520511677e+00 3.035853216536270693e+01
1.740800333682644307e+00 3.796688761449350835e+01
1.742358096844776050e+00 3.114370432006506206e+01
1.743915860006908680e+00 3.158364227827348003e+01
1.745473623169040422e+00 3.348748515174091978e+01
1.747031386331173053e+00 3.173989950569838925e+01
1.748589149493304795e+00 2.869662458066324007e+01
1.750146912655436537e+00 2.692318113448503070e+01
1.751704675817569168e+00 2.488486644164029116e+01
1.753262438979700910e+00 2.897326299706875474e+01
1.754820202141833541e+00 2.981599856780337632e+01
1.756377965303965283e+00 3.236509539383649781e+01
1.757935728466097913e+00 2.998389789947925266e+01
1.759493491628229656e+00 2.809862792291629674e+01
1.761051254790361398e+00 2.817732954619208385e+01
1.762609017952494028e+00 2.702849361123227112e+01
1.764166781114625770e+00 2.640252224321899632e+01
1.765724544276758401e+00 3.130756979985466870e+01
1.767282307438890143e+00 3.005461955974877597e+01
1.768840070601021885e+00 2.895448344549513564e+01
1.770397833763154516e+00 2.787394801093779151e+01
1.771955596925286258e+00 2.459730716678213014e+01
1.773513360087418889e+00 2.120550097240220566e+01
1.775071123249550631e+00 2.411862766895779231e+01
1.776628886411683261e+00 2.660736728664309325e+01
1.778186649573815004e+00 2.518586939544549708e+01
1.779744412735946746e+00 2.727697764466810071e+01
1.781302175898079376e+00 2.662442079521160920e+01
1.782859939060211119e+00 3.095389073235957866e+01
1.784417702222343749e+00 3.369785901546916307e+01
1.785975465384475491e+00 3.174698261241177732e+01
1.787533228546608122e+00 2.689344117681995172e+01
1.789090991708739864e+00 2.409126873309273975e+01
1.790648754870871606e+00 2.685653554278133726e+01
1.792206518033004237e+00 2.864710371973930236e+01
1.793764281195135979e+00 2.883911172009349499e+01
1.795322044357268609e+00 2.878097317634951935e+01
1.796879807519400352e+00 2.902668965910833521e+01
1.798437570681532982e+00 2.722663964419359672e+01
1.799995333843664724e+00 2.429362156045761978e+01
1.801553097005796467e+00 2.888959769018212143e+01
1.803110860167929097e+00 3.101436883220098295e+01
1.804668623330060839e+00 2.916640960450726183e+01
1.806226386492193470e+00 2.520755536027654387e+01
1.807784149654325212e+00 2.467178938183957726e+01
1.809341912816457842e+00 2.894131823937608772e+01
1.810899675978589585e+00 2.991517931374020733e+01
1.812457439140721327e+00 2.558428484399219371e+01
1.814015202302853957e+00 2.733513278008785008e+01
1.815572965464985700e+00 2.776845068462547772e+01
1.817130728627118330e+00 2.695559915527315908e+01
1.818688491789250072e+00 2.909892396849511442e+01
1.820246254951382703e+00 3.195651334833672053e+01
1.821804018113514445e+00 3.265022233636802440e+01
1.823361781275646187e+00 2.865614028820898440e+01
1.824919544437778818e+00 2.187416535925177286e+01
1.826477307599910560e+00 2.574259022041068690e+01
1.828035070762043190e+00 3.360472327351484978e+01
1.829592833924174933e+00 3.139723309943001084e+01
1.831150597086307563e+00 2.592051088540696568e+01
1.832708360248439305e+00 2.645230058163379283e+01
1.834266123410571048e+00 2.707578403031375913e+01
1.835823886572703678e+00 2.484324639056535133e+01
1.837381649734835420e+00 2.681491654837893179e+01
1.838939412896968051e+00 2.975047786218999590e+01
1.840497176059099793e+00 2.636564273837398886e+01
1.842054939221231535e+00 2.598530089964543777e+01
1.843612702383364166e+00 2.643253981687574239e+01
1.845170465545495908e+00 2.487552590296736099e+01
1.846728228707628539e+00 2.738726447689874988e+01
1.848285991869760281e+00 2.774591873529566399e+01
1.849843755031892911e+00 2.936002575507970391e+01
1.851401518194024653e+00 2.699265835532202829e+01
1.852959281356156396e+00 2.814982483770418753e+01
1.854517044518289026e+00 2.911492463897195293e+01
1.856074807680420768e+00 2.664404431694566711e+01
1.857632570842553399e+00 2.788969508285441989e+01
1.859190334004685141e+00 3.002528108287489772e+01
1.860748097166817772e+00 2.765625424414867695e+01
1.862305860328949514e+00 2.491226109204461281e+01
1.863863623491081256e+00 3.378393707232798704e+01
1.865421386653213887e+00 2.717294926031308933e+01
1.866979149815345629e+00 3.099442751989553457e+01
1.868536912977478259e+00 2.955045493576977833e+01
1.870094676139610002e+00 2.670893651234536037e+01
1.871652439301742632e+00 2.632199417260106955e+01
1.873210202463874374e+00 2.540694897960409548e+01
1.874767965626006117e+00 2.715588084868157637e+01
1.876325728788138747e+00 2.870401476843315081e+01
1.877883491950270489e+00 2.333566999086668758e+01
1.879441255112403120e+00 2.427014698256205705e+01
1.880999018274534862e+00 2.690134662303426794e+01
1.882556781436667492e+00 2.692434184198026514e+01
1.884114544598799235e+00 2.649113133282933674e+01
1.885672307760930977e+00 2.383771895599781487e+01
1.887230070923063607e+00 2.519054405551718290e+01
1.888787834085195350e+00 3.079300167490447038e+01
1.890345597247327980e+00 3.129020205227164197e+01
1.891903360409459722e+00 3.006696255511311477e+01
1.893461123571592353e+00 2.676797564286535192e+01
1.895018886733724095e+00 3.128813693120649475e+01
1.896576649895855837e+00 2.709091621393653426e+01
1.898134413057988468e+00 2.825787687494235811e+01
1.899692176220120210e+00 2.854649916032285972e+01
1.901249939382252840e+00 3.078258606537071174e+01
1.902807702544384583e+00 3.099405959834439273e+01
1.904365465706517213e+00 2.934335318110942836e+01
1.905923228868648955e+00 3.029680941039132591e+01
1.907480992030780698e+00 2.844688301463414604e+01
1.909038755192913328e+00 3.660921235873163937e+01
1.910596518355045070e+00 2.601158066963828830e+01
1.912154281517177701e+00 2.333465787951168124e+01
1.913712044679309443e+00 2.558775729365892104e+01
1.915269807841441185e+00 2.420655119512061049e+01
1.916827571003573816e+00 2.476006034672175105e+01
1.918385334165705558e+00 2.778456142223232206e+01
1.919943097327838188e+00 2.940395733837081949e+01
1.921500860489969931e+00 3.063234714833126304e+01
1.923058623652102561e+00 2.537829575896315148e+01
1.924616386814234303e+00 2.155725319464011491e+01
1.926174149976366046e+00 1.988801563124262728e+01
1.927731913138498676e+00 2.595084094327494739e+01
1.929289676300630418e+00 3.516316010927828017e+01
1.930847439462763049e+00 3.108849265108682047e+01
1.932405202624894791e+00 3.334191601040056696e+01
1.933962965787027422e+00 3.114608132247006012e+01
1.935520728949159164e+00 2.822468645034633639e+01
1.937078492111290906e+00 2.807999676342194562e+01
1.938636255273423536e+00 2.722857540253832198e+01
1.940194018435555279e+00 3.082298299018516730e+01
1.941751781597687909e+00 2.711884626854407543e+01
1.943309544759819651e+00 2.749293003954368331e+01
1.944867307921952282e+00 3.068112230385566264e+01
1.946425071084084024e+00 3.122184685021712269e+01
1.947982834246215766e+00 2.869292423965860550e+01
1.949540597408348397e+00 2.836322150454810398e+01
1.951098360570480139e+00 2.743668577236963912e+01
1.952656123732612770e+00 2.448515606548657075e+01
1.954213886894744512e+00 2.296775517506488384e+01
1.955771650056877142e+00 2.596674679049757017e+01
1.957329413219008885e+00 2.578658002789972059e+01
1.958887176381140627e+00 2.910322976914417481e+01
1.960444939543273257e+00 3.148431030896902172e+01
1.962002702705405000e+00 2.649615737608548471e+01
1.963560465867537630e+00 3.050935622420496074e+01
1.965118229029669372e+00 2.786634226582557616e+01
1.966675992191802003e+00 2.384416437593555926e+01
1.968233755353933745e+00 2.283984052405630649e+01
1.969791518516065487e+00 2.658512746273953553e+01
1.971349281678198118e+00 2.971780932966264999e+01
1.972907044840329860e+00 2.730605039057780914e+01
1.974464808002462490e+00 2.824001421002400392e+01
1.976022571164594233e+00 2.509332655517884447e+01
1.977580334326726863e+00 2.732974446939727997e+01
1.979138097488858605e+00 2.774602698725261973e+01
1.980695860650990348e+00 3.044743724600200352e+01
1.982253623813122978e+00 2.738629841654613273e+01
1.983811386975254720e+00 2.444333082263108636e+01
1.985369150137387351e+00 2.457529184212033257e+01
1.986926913299519093e+00 2.407683018624407367e+01
1.988484676461650835e+00 2.613663639122912485e+01
1.990042439623783466e+00 2.953022043240542516e+01
1.991600202785915208e+00 3.003269334324350837e+01
1.993157965948047838e+00 2.590442590447812421e+01
1.994715729110179581e+00 2.665498646345314882e+01
1.996273492272312211e+00 2.506664735553862045e+01
1.997831255434443953e+00 2.235231188477564146e+01
1.999389018596575696e+00 2.301064536084155066e+01
2.000946781758708326e+00 2.611067824963413742e+01
2.002504544920840068e+00 2.719109544101723586e+01
2.004062308082972699e+00 2.929824439883347154e+01
2.005620071245104441e+00 2.820803237723652046e+01
2.007177834407237071e+00 2.510015320969772645e+01
2.008735597569368814e+00 2.849230322779841273e+01
2.010293360731500556e+00 2.558688504444137735e+01
2.011851123893633186e+00 2.646556007291409784e+01
2.013408887055764929e+00 2.465299727308120481e+01
2.014966650217897559e+00 2.561110187039039587e+01
2.016524413380029301e+00 2.852738992012781338e+01
2.018082176542161932e+00 2.848750439066787621e+01
2.019639939704293674e+00 2.618582202559003491e+01
2.021197702866425416e+00 2.907746342715410393e+01
2.022755466028558047e+00 3.409446654684404621e+01
2.024313229190689789e+00 2.210233028182886628e+01
2.025870992352822419e+00 2.783483267591580912e+01
2.027428755514954162e+00 3.429758121229509982e+01
2.028986518677086792e+00 3.118218815479033879e+01
2.030544281839218534e+00 2.859389032690327070e+01
2.032102045001350277e+00 2.468358203016163444e+01
2.033659808163482907e+00 2.482432115939952411e+01
2.035217571325614649e+00 2.980666798948217178e+01
2.036775334487747280e+00 2.815433859103625025e+01
2.038333097649879022e+00 2.531455279707973105e+01
2.039890860812011653e+00 2.863911901689995787e+01
2.041448623974143395e+00 3.227242134920354744e+01
2.043006387136275137e+00 2.364055245957789353e+01
2.044564150298407768e+00 3.153739288229754223e+01
2.046121913460539510e+00 2.631303212381989809e+01
2.047679676622672140e+00 2.535807175829143389e+01
2.049237439784803883e+00 2.432214245949607445e+01
2.050795202946936513e+00 2.373712013849798197e+01
2.052352966109068255e+00 2.727626376981372047e+01
2.053910729271199997e+00 2.770581692359743897e+01
2.055468492433332628e+00 2.536441065255887750e+01
2.057026255595464370e+00 2.787568473256680335e+01
2.058584018757597001e+00 3.095631478361892874e+01
2.060141781919728743e+00 3.049010504413748990e+01
2.061699545081860485e+00 3.169055197102087718e+01
2.063257308243993116e+00 2.767771018025802476e+01
2.064815071406124858e+00 2.761113723374911189e+01
2.066372834568257488e+00 2.433249771293903763e+01
2.067930597730389231e+00 2.534506162054886502e+01
2.069488360892521861e+00 2.679515156889586436e+01
2.071046124054653603e+00 2.869944712678313792e+01
2.072603887216785346e+00 2.957674807379076398e+01
2.074161650378917976e+00 2.708103868088770128e+01
2.075719413541049718e+00 2.072205965765547475e+01
2.077277176703182349e+00 2.604566731415363634e+01
2.078834939865314091e+00 2.907129178288424853e+01
2.080392703027446721e+00 2.264423166232753104e+01
2.081950466189578464e+00 2.388449514289734310e+01
2.083508229351710206e+00 2.441958296492986946e+01
2.085065992513842836e+00 2.528745383941209113e+01
2.086623755675974579e+00 2.381205297462572901e+01
2.088181518838107209e+00 2.546016013611582451e+01
2.089739282000238951e+00 2.708895297353670628e+01
2.091297045162371582e+00 2.626174322357861968e+01
2.092854808324503324e+00 3.005291147720772926e+01
2.094412571486635066e+00 2.624325790825211513e+01
2.095970334648767697e+00 3.006739044315479958e+01
2.097528097810899439e+00 3.092133486513299445e+01
2.099085860973032069e+00 2.945675784645277062e+01
2.100643624135163812e+00 2.641369011392670529e+01
2.102201387297296442e+00 2.683344409828576360e+01
2.103759150459428184e+00 2.672472613276330478e+01
2.105316913621559927e+00 2.865997378483727687e+01
2.106874676783692557e+00 2.974510858993720674e+01
2.108432439945824299e+00 2.748292451697125216e+01
2.109990203107956930e+00 2.878413988522342493e+01
2.111547966270088672e+00 2.608203572523861524e+01
2.113105729432221302e+00 2.596306605987492233e+01
2.114663492594353045e+00 3.368489111485843779e+01
2.116221255756484787e+00 2.723739885734866562e+01
2.117779018918617417e+00 2.572610296695292220e+01
2.119336782080749160e+00 2.468709823529625069e+01
2.120894545242881790e+00 2.833269970880590094e+01
2.122452308405013532e+00 2.832149546312460231e+01
2.124010071567146163e+00 2.492062238002657892e+01
2.125567834729277905e+00 2.353161329884996533e+01
2.127125597891409647e+00 2.468727848114704670e+01
2.128683361053542278e+00 2.964106983623559799e+01
2.130241124215674020e+00 2.583903324051732042e+01
2.131798887377806651e+00 2.036531816973220543e+01
2.133356650539938393e+00 2.615400040462532516e+01
2.134914413702070135e+00 2.545175494415039452e+01
2.136472176864202766e+00 2.454254776270519045e+01
2.138029940026334508e+00 2.697716479572927639e+01
2.139587703188467138e+00 2.699682501214804020e+01
2.141145466350598880e+00 2.303469341507855717e+01
2.142703229512731511e+00 2.356114998123751647e+01
2.144260992674863253e+00 2.621639349222189708e+01
2.145818755836994995e+00 2.529787095041696077e+01
2.147376518999127626e+00 2.529487359411518455e+01
2.148934282161259368e+00 2.228351869362763082e+01
2.150492045323391999e+00 2.228518825926787628e+01
2.152049808485523741e+00 2.678886964426768458e+01
2.153607571647656371e+00 3.037877792037943436e+01
2.155165334809788114e+00 2.802006326115726509e+01
2.156723097971919856e+00 2.293583133442805178e+01
2.158280861134052486e+00 2.559506236959729719e+01
2.159838624296184229e+00 2.839662642275010285e+01
2.161396387458316859e+00 2.379553367596702174e+01
2.162954150620448601e+00 2.497535545479084007e+01
2.164511913782581232e+00 2.762144131619179888e+01
2.166069676944712974e+00 2.854823170597557791e+01
2.167627440106844716e+00 2.667300519950305571e+01
2.169185203268977347e+00 3.109402857357344274e+01
2.170742966431109089e+00 2.680431799354506595e+01
2.172300729593241719e+00 2.516239016642897752e+01
2.173858492755373462e+00 2.395539641076988246e+01
2.175416255917506092e+00 2.570665354230562727e+01
2.176974019079637834e+00 2.638349456596160181e+01
2.178531782241769577e+00 2.216574759832295172e+01
2.180089545403902207e+00 2.745290385498005747e+01
2.181647308566033949e+00 3.050604182290869915e+01
2.183205071728166580e+00 2.474415896199465337e+01
2.184762834890298322e+00 2.580909347632905337e+01
2.186320598052430952e+00 2.692524068351228905e+01
2.187878361214562695e+00 2.808567176624537964e+01
2.189436124376694437e+00 2.349713405163270608e+01
2.190993887538827067e+00 2.290334448015035207e+01
2.192551650700958810e+00 2.709806435797800361e+01
2.194109413863091440e+00 2.574029026034702383e+01
2.195667177025223182e+00 2.087463257546141193e+01
2.197224940187355813e+00 2.306720826117663492e+01
2.198782703349487555e+00 2.423351779979925169e+01
2.200340466511619297e+00 2.153165682028648220e+01
2.201898229673751928e+00 3.170412839075272160e+01
2.203455992835883670e+00 2.351700377347819781e+01
2.205013755998016300e+00 2.435685667912631303e+01
2.206571519160148043e+00 2.645466296357774993e+01
2.208129282322279785e+00 2.589074073313896207e+01
2.209687045484412415e+00 2.490772632927670927e+01
2.211244808646544158e+00 2.808495417473811173e+01
2.212802571808676788e+00 3.010795204593157592e+01
2.214360334970808530e+00 2.342395986857996704e+01
2.215918098132941161e+00 2.743011939132347621e+01
2.217475861295072903e+00 1.804778428242811827e+01
2.219033624457204645e+00 2.559330781205031613e+01
2.220591387619337276e+00 2.591491662906314275e+01
2.222149150781469018e+00 2.957813574473504659e+01
2.223706913943601648e+00 2.654936813298739651e+01
2.225264677105733391e+00 2.428830265405660782e+01
2.226822440267866021e+00 2.258053365772838106e+01
2.228380203429997763e+00 2.493941315773001932e+01
2.229937966592129506e+00 2.409512672769672292e+01
2.231495729754262136e+00 2.424468737971248800e+01
2.233053492916393878e+00 3.376937991606984468e+01
2.234611256078526509e+00 2.899025784849733611e+01
2.236169019240658251e+00 3.055837435328239593e+01
2.237726782402790882e+00 2.225776420170281611e+01
2.239284545564922624e+00 2.642595453485442647e+01
2.240842308727054366e+00 2.721594105497490190e+01
2.242400071889186997e+00 2.476040748861395357e+01
2.243957835051318739e+00 2.451304430603843088e+01
2.245515598213451369e+00 2.394383581219448232e+01
2.247073361375583112e+00 2.218399368491307655e+01
2.248631124537715742e+00 2.252755548585135514e+01
2.250188887699847484e+00 2.476481585351960746e+01
2.251746650861979226e+00 2.926960246317474557e+01
2.253304414024111857e+00 2.463678009086755338e+01
2.254862177186243599e+00 2.494445787896719580e+01
2.256419940348376230e+00 2.560155063218699567e+01
2.257977703510507972e+00 2.945698238313382333e+01
2.259535466672640602e+00 2.667289743645224931e+01
2.261093229834772345e+00 2.339796091089745644e+01
2.262650992996904087e+00 2.144309334693418378e+01
2.264208756159036717e+00 2.326951870892392193e+01
2.265766519321168460e+00 2.914546816960883291e+01
2.267324282483301090e+00 2.732766028696507021e+01
2.268882045645432832e+00 2.527455573628389374e+01
2.270439808807565463e+00 2.925841280911968667e+01
2.271997571969697205e+00 2.836337291708838748e+01
2.273555335131828947e+00 2.662897002157265902e+01
2.275113098293961578e+00 2.447587911144485773e+01
2.276670861456093320e+00 2.368767877004468758e+01
2.278228624618225950e+00 2.591386927934724582e+01
2.279786387780357693e+00 2.788706409395175001e+01
2.281344150942489435e+00 2.554700979703722297e+01
2.282901914104622065e+00 2.463925699849837869e+01
2.284459677266753808e+00 3.106724827280395829e+01
2.286017440428886438e+00 2.875708412888385723e+01
2.287575203591018180e+00 3.423417578606530043e+01
2.289132966753150811e+00 3.035131563466617521e+01
2.290690729915282553e+00 2.334681197936421881e+01
2.292248493077414295e+00 2.935739912228517312e+01
2.293806256239546926e+00 2.544164385916087667e+01
2.295364019401678668e+00 2.287357284615659125e+01
2.296921782563811298e+00 2.483163210971876467e+01
2.298479545725943041e+00 2.593121171190463770e+01
2.300037308888075671e+00 2.672205218198325838e+01
2.301595072050207413e+00 2.823593060218224338e+01
2.303152835212339156e+00 2.801704043461178983e+01
2.304710598374471786e+00 2.638540625583129184e+01
2.306268361536603528e+00 2.141625283819241332e+01
2.307826124698736159e+00 2.757346730725971895e+01
2.309383887860867901e+00 2.376144160542391859e+01
2.310941651023000531e+00 2.361367735210504648e+01
2.312499414185132274e+00 2.718027948947647943e+01
2.314057177347264016e+00 2.662119829484695899e+01
2.315614940509396646e+00 2.706761953221454675e+01
2.317172703671528389e+00 2.861585178177179500e+01
2.318730466833661019e+00 2.801217857329884353e+01
2.320288229995792761e+00 2.758981042607828016e+01
2.321845993157925392e+00 2.868210093929069515e+01
2.323403756320057134e+00 3.099593490913547811e+01
2.324961519482188876e+00 1.902623260209145428e+01
2.326519282644321507e+00 2.424594585454111950e+01
2.328077045806453249e+00 2.479753627177559849e+01
2.329634808968585880e+00 2.464240347649887042e+01
2.331192572130717622e+00 2.104674778337715679e+01
2.332750335292850252e+00 2.164488334402681957e+01
2.334308098454981995e+00 2.436884497213278422e+01
2.335865861617113737e+00 2.252896811218577255e+01
2.337423624779246367e+00 2.683136619511220644e+01
2.338981387941378109e+00 2.498905088183277456e+01
2.340539151103510740e+00 2.511808873516165974e+01
2.342096914265642482e+00 2.502758277056300784e+01
2.343654677427775113e+00 2.050346221190483220e+01
2.345212440589906855e+00 2.468650598630959436e+01
2.346770203752038597e+00 2.622337098529495236e+01
2.348327966914171228e+00 2.916804983398550277e+01
2.349885730076302970e+00 2.746828499232714194e+01
2.351443493238435600e+00 2.518083949778303321e+01
2.353001256400567343e+00 2.551228993014668589e+01
2.354559019562699085e+00 2.490282429047396207e+01
2.356116782724831715e+00 2.331274657862284627e+01
2.357674545886963458e+00 3.115508287964242840e+01
2.359232309049096088e+00 3.264623738727787128e+01
2.360790072211227830e+00 2.417381914565698864e+01
2.362347835373360461e+00 2.581583150973393614e+01
2.363905598535492203e+00 2.490570524738128455e+01
2.365463361697623945e+00 2.396882914533863840e+01
2.367021124859756576e+00 2.397195886025973621e+01
2.368578888021888318e+00 2.368382734276945811e+01
2.370136651184020948e+00 2.524619538221795523e+01
2.371694414346152691e+00 2.724832255410607473e+01
2.373252177508285321e+00 2.868554795394569368e+01
2.374809940670417063e+00 2.500600121993866409e+01
2.376367703832548806e+00 2.302359529704963492e+01
2.377925466994681436e+00 2.813155735381804590e+01
2.379483230156813178e+00 2.114054546489758124e+01
2.381040993318945809e+00 2.123645669136122649e+01
2.382598756481077551e+00 2.356893069512723216e+01
2.384156519643210181e+00 2.733484342833914837e+01
2.385714282805341924e+00 2.818510098426238741e+01
2.387272045967473666e+00 2.733129728597840113e+01
2.388829809129606296e+00 2.678495275300220513e+01
2.390387572291738039e+00 2.522231212290525804e+01
2.391945335453870669e+00 2.624093653340742094e+01
2.393503098616002411e+00 2.714413326179314012e+01
2.395060861778135042e+00 2.746935929478685523e+01
2.396618624940266784e+00 2.402053778158639830e+01
2.398176388102398526e+00 2.496623268335839896e+01
2.399734151264531157e+00 2.930839075916393455e+01
2.401291914426662899e+00 2.864309150507918389e+01
2.402849677588795529e+00 2.740328463696959460e+01
2.404407440750927272e+00 2.416328894803933025e+01
2.405965203913059902e+00 2.143150794328282771e+01
2.407522967075191644e+00 2.291570594620667833e+01
2.409080730237323387e+00 2.205583523310593108e+01
2.410638493399456017e+00 2.395405200942107271e+01
2.412196256561587759e+00 2.413328880917792674e+01
2.413754019723720390e+00 2.209524164830360959e+01
2.415311782885852132e+00 2.302410902659121206e+01
2.416869546047984763e+00 2.241211603435297661e+01
2.418427309210116505e+00 2.580221210782181984e+01
2.419985072372248247e+00 2.591995849805300267e+01
2.421542835534380878e+00 2.240327193459120281e+01
2.423100598696512620e+00 2.326574877841935418e+01
2.424658361858645250e+00 2.606994517866052519e+01
2.426216125020776992e+00 2.654950462683478563e+01
2.427773888182908735e+00 2.412147534775915503e+01
2.429331651345041365e+00 2.027993533925423719e+01
2.430889414507173107e+00 2.607511758526797863e+01
2.432447177669305738e+00 2.712434317469589118e+01
2.434004940831437480e+00 2.267782812155326866e+01
2.435562703993570111e+00 2.379685207097501021e+01
2.437120467155701853e+00 2.610006595745906921e+01
2.438678230317833595e+00 2.496041067155437432e+01
2.440235993479966226e+00 2.407491216509443177e+01
2.441793756642097968e+00 2.621992518979478959e+01
2.443351519804230598e+00 2.297051861651855376e+01
2.444909282966362341e+00 2.121960798074696086e+01
2.446467046128494971e+00 2.296998010781679156e+01
2.448024809290626713e+00 2.419592737977513863e+01
2.449582572452758455e+00 2.477931297124930410e+01
2.451140335614891086e+00 2.526027671968697419e+01
2.452698098777022828e+00 2.337891312386791753e+01
2.454255861939155459e+00 2.366068076220516048e+01
2.455813625101287201e+00 2.714602856525429786e+01
2.457371388263419831e+00 2.604662707910847175e+01
2.458929151425551574e+00 2.134155082056733121e+01
2.460486914587683316e+00 2.608414773634726558e+01
2.462044677749815946e+00 2.526394636139929162e+01
2.463602440911947689e+00 2.247952035598196119e+01
2.465160204074080319e+00 2.661403688530809220e+01
2.466717967236212061e+00 2.609557601150834572e+01
2.468275730398344692e+00 2.643999218063031975e+01
2.469833493560476434e+00 2.653064256500521267e+01
2.471391256722608176e+00 2.445380556239697256e+01
2.472949019884740807e+00 2.315885340972046791e+01
2.474506783046872549e+00 2.350016731606398324e+01
2.476064546209005179e+00 2.246800291542400529e+01
2.477622309371136922e+00 2.030761605052812868e+01
2.479180072533269552e+00 2.183008675299296897e+01
2.480737835695401294e+00 2.516054619477590037e+01
2.482295598857533037e+00 2.426200813835709269e+01
2.483853362019665667e+00 2.495587184147346349e+01
2.485411125181797409e+00 2.406551151536427824e+01
2.486968888343930040e+00 2.147386267658390224e+01
2.488526651506061782e+00 2.040720719649436887e+01
2.490084414668194412e+00 2.421323727657404845e+01
2.491642177830326155e+00 2.483899080127936188e+01
2.493199940992457897e+00 2.762230490389784521e+01
2.494757704154590527e+00 3.078810883460664982e+01
2.496315467316722270e+00 2.530193191187944990e+01
2.497873230478854900e+00 2.538481260347656487e+01
2.499430993640986642e+00 2.872845856481005811e+01
2.500988756803118385e+00 2.274501007932677865e+01
2.502546519965251015e+00 2.388239458787959890e+01
2.504104283127382757e+00 2.078473202895636618e+01
2.505662046289515388e+00 2.558975130931834485e+01
2.507219809451647130e+00 2.615084368878715892e+01
2.508777572613779761e+00 2.481120134961713575e+01
2.510335335775911503e+00 2.738256466420270030e+01
2.511893098938043245e+00 2.905014313864542785e+01
2.513450862100175875e+00 2.342493007171674435e+01
2.515008625262307618e+00 2.252583791432859783e+01
2.516566388424440248e+00 2.929003366871770098e+01
2.518124151586571990e+00 2.210469576205143127e+01
2.519681914748704621e+00 2.315847621131738165e+01
2.521239677910836363e+00 2.521350703224728562e+01
2.522797441072968105e+00 2.160176631526628199e+01
2.524355204235100736e+00 2.368935292168441364e+01
2.525912967397232478e+00 2.608936841356087299e+01
2.527470730559365109e+00 2.420362262112480067e+01
2.529028493721496851e+00 2.018332300000399115e+01
2.530586256883629481e+00 2.178600926270488358e+01
2.532144020045761224e+00 2.239157529540275604e+01
2.533701783207892966e+00 2.693461178098257847e+01
2.535259546370025596e+00 2.802756361678738273e+01
2.536817309532157338e+00 2.345839047952352630e+01
2.538375072694289969e+00 2.142432579813965887e+01
2.539932835856421711e+00 2.396597579678792300e+01
2.541490599018554342e+00 2.383792515441276549e+01
2.543048362180686084e+00 2.582562322985866388e+01
2.544606125342817826e+00 2.540313439124311401e+01
2.546163888504950457e+00 2.176654515100613096e+01
2.547721651667082199e+00 2.141501874124954696e+01
2.549279414829214829e+00 2.347266297585057870e+01
2.550837177991346572e+00 2.240875560277982004e+01
2.552394941153479202e+00 2.428896739057565313e+01
2.553952704315610944e+00 2.260416847867702828e+01
2.555510467477742687e+00 2.436041980581508426e+01
2.557068230639875317e+00 2.387630744946294570e+01
2.558625993802007059e+00 2.639984354267027200e+01
2.560183756964139690e+00 2.690464562861235009e+01
2.561741520126271432e+00 2.446758362284908728e+01
2.563299283288404062e+00 2.351514484777090530e+01
2.564857046450535805e+00 2.426477251618699071e+01
2.566414809612667547e+00 1.846110555624306926e+01
2.567972572774800177e+00 2.225729500427358687e+01
2.569530335936931920e+00 3.077783347756039234e+01
2.571088099099064550e+00 2.405113308502920688e+01
2.572645862261196292e+00 2.459613175293154796e+01
2.574203625423328035e+00 2.261816356859682742e+01
2.575761388585460665e+00 2.146670948989281769e+01
2.577319151747592407e+00 2.500995280011660071e+01
2.578876914909725038e+00 2.990794218860435549e+01
2.580434678071856780e+00 3.052231274098475922e+01
2.581992441233989410e+00 2.399610606123707868e+01
2.583550204396121153e+00 2.709991335945350244e+01
2.585107967558252895e+00 3.111990326914903449e+01
2.586665730720385525e+00 2.322226214755841056e+01
2.588223493882517268e+00 1.799000631381941417e+01
2.589781257044649898e+00 1.944672424680047129e+01
2.591339020206781640e+00 2.092818239655261081e+01
2.592896783368914271e+00 2.122074309907661416e+01
2.594454546531046013e+00 1.868424225110410930e+01
2.596012309693177755e+00 1.890723028156280350e+01
2.597570072855310386e+00 2.321438836968532016e+01
2.599127836017442128e+00 2.289549923763107842e+01
2.600685599179574758e+00 2.400397739288464294e+01
2.602243362341706501e+00 2.786088671333962807e+01
2.603801125503839131e+00 2.494362503767958117e+01
2.605358888665970873e+00 2.130102577068729985e+01
2.606916651828102616e+00 2.459966223258171780e+01
2.608474414990235246e+00 2.271523770342485804e+01
2.610032178152366988e+00 2.350933324490963017e+01
2.611589941314499619e+00 2.062981005340555640e+01
2.613147704476631361e+00 2.199518496582754423e+01
2.614705467638763992e+00 2.750624071878239363e+01
2.616263230800895734e+00 2.440707293937198585e+01
2.617820993963027476e+00 2.531004189389427594e+01
2.619378757125160107e+00 1.932130394461325196e+01
2.620936520287291849e+00 2.503215622286693787e+01
2.622494283449424479e+00 2.359471655075508068e+01
2.624052046611556221e+00 2.418155592767671180e+01
2.625609809773688852e+00 2.454665896284845772e+01
2.627167572935820594e+00 2.419144127889050466e+01
2.628725336097952336e+00 2.118660517150578215e+01
2.630283099260084967e+00 2.358303191229268592e+01
2.631840862422216709e+00 2.831207257709218794e+01
2.633398625584349340e+00 2.600644570831949309e+01
2.634956388746481082e+00 2.330910461284661039e+01
2.636514151908613712e+00 2.383927036116979892e+01
2.638071915070745455e+00 2.492307314799961659e+01
2.639629678232877197e+00 2.133900233531267432e+01
2.641187441395009827e+00 2.503285721416310494e+01
2.642745204557141570e+00 2.183087371359944484e+01
2.644302967719274200e+00 2.214147998980035936e+01
2.645860730881405942e+00 2.404806793410664056e+01
2.647418494043537684e+00 2.632725116756548900e+01
2.648976257205670315e+00 2.668484822330333373e+01
2.650534020367802057e+00 2.310121493271656590e+01
2.652091783529934688e+00 2.056403347490210365e+01
2.653649546692066430e+00 1.950912435749529905e+01
2.655207309854199060e+00 2.489353962020801347e+01
2.656765073016330803e+00 2.376001210926352059e+01
2.658322836178462545e+00 2.149318787737700021e+01
2.659880599340595175e+00 2.190316236395209870e+01
2.661438362502726918e+00 2.358563747001330313e+01
2.662996125664859548e+00 2.382436232969160272e+01
2.664553888826991290e+00 2.440050425802024137e+01
2.666111651989123921e+00 2.388845652650961426e+01
2.667669415151255663e+00 2.376917653076542081e+01
2.669227178313387405e+00 2.323323945931850787e+01
2.670784941475520036e+00 2.056236131246805954e+01
2.672342704637651778e+00 1.511624396023288242e+01
2.673900467799784408e+00 2.359226142161993067e+01
2.675458230961916151e+00 2.486450468482657428e+01
2.677015994124048781e+00 2.205514082365260364e+01
2.678573757286180523e+00 1.797353853302258386e+01
2.680131520448312266e+00 2.060172485528761754e+01
2.681689283610444896e+00 2.542827289808342073e+01
2.683247046772576638e+00 2.512320243666011876e+01
2.684804809934709269e+00 2.568767814010933392e+01
2.686362573096841011e+00 2.179598499866544969e+01
2.687920336258973641e+00 2.518020175203009003e+01
2.689478099421105384e+00 2.596464385774597261e+01
2.691035862583237126e+00 2.306639604000567445e+01
2.692593625745369756e+00 2.129818265470727212e+01
2.694151388907501499e+00 2.321211951548211871e+01
2.695709152069634129e+00 2.359909923486822692e+01
2.697266915231765871e+00 2.450670454734036952e+01
2.698824678393898502e+00 2.131951269658947012e+01
2.700382441556030244e+00 1.883408248756409975e+01
2.701940204718161986e+00 2.212175124177609931e+01
2.703497967880294617e+00 2.040562847423647597e+01
2.705055731042426359e+00 2.486614604410042872e+01
2.706613494204558990e+00 2.376025932380335348e+01
2.708171257366690732e+00 2.281457829087657174e+01
2.709729020528823362e+00 2.317467689798369079e+01
2.711286783690955104e+00 2.476761353531955123e+01
2.712844546853086847e+00 2.535265842161551220e+01
2.714402310015219477e+00 2.453504088120094906e+01
2.715960073177351219e+00 2.269762088796254318e+01
2.717517836339483850e+00 2.336511164348640435e+01
2.719075599501615592e+00 2.449915590516006958e+01
2.720633362663747334e+00 2.530480343289186251e+01
2.722191125825879965e+00 2.468014587075856525e+01
2.723748888988011707e+00 2.324339883155421305e+01
2.725306652150144338e+00 2.457097447275660329e+01
2.726864415312276080e+00 2.625174081329166853e+01
2.728422178474408710e+00 2.643125396276141714e+01
2.729979941636540453e+00 2.673104588409039195e+01
2.731537704798672195e+00 2.675765916594723848e+01
2.733095467960804825e+00 2.438865588941486351e+01
2.734653231122936567e+00 2.098549006238924974e+01
2.736210994285069198e+00 2.150596929545243796e+01
2.737768757447200940e+00 2.266181129626689028e+01
2.739326520609333571e+00 2.521329598250963855e+01
2.740884283771465313e+00 2.105272361768711420e+01
2.742442046933597055e+00 2.291219112354744780e+01
2.743999810095729686e+00 2.160317646913932776e+01
2.745557573257861428e+00 2.208586868781624091e+01
2.747115336419994058e+00 2.377449028568842593e+01
2.748673099582125801e+00 2.183156678385792659e+01
2.750230862744258431e+00 1.995245294751786602e+01
2.751788625906390173e+00 2.441120637871326693e+01
2.753346389068521916e+00 2.487977026150717208e+01
2.754904152230654546e+00 2.200443894470758011e+01
2.756461915392786288e+00 2.196506978106344476e+01
2.758019678554918919e+00 1.985767331702685468e+01
2.759577441717050661e+00 2.360169885734839923e+01
2.761135204879183291e+00 2.212578924432167682e+01
2.762692968041315034e+00 1.711422085557406092e+01
2.764250731203446776e+00 1.847424636508687357e+01
2.765808494365579406e+00 2.399634364506660589e+01
2.767366257527711149e+00 2.447872377777451547e+01
2.768924020689843779e+00 2.655118745694222326e+01
2.770481783851975521e+00 1.987018953717828040e+01
2.772039547014108152e+00 2.618994365430581439e+01
2.773597310176239894e+00 2.624525062820099564e+01
2.775155073338371636e+00 2.246256373759205260e+01
2.776712836500504267e+00 2.013877376879355197e+01
2.778270599662636009e+00 2.124443314811182759e+01
2.779828362824768639e+00 2.408816439991727520e+01
2.781386125986900382e+00 2.544356260815075998e+01
2.782943889149033012e+00 2.354386849288228234e+01
2.784501652311164754e+00 2.171515756015340060e+01
2.786059415473296497e+00 2.402447642101628489e+01
2.787617178635429127e+00 2.389607419492842055e+01
2.789174941797560869e+00 2.065943646959859237e+01
2.790732704959693500e+00 2.543431231047098606e+01
2.792290468121825242e+00 2.442681288774491577e+01
2.793848231283956984e+00 2.150536439909853570e+01
2.795405994446089615e+00 2.166138057438334030e+01
2.796963757608221357e+00 2.383380363733584772e+01
2.798521520770353987e+00 2.369431298751524295e+01
2.800079283932485730e+00 2.361237145891448463e+01
2.801637047094618360e+00 2.610933590816599192e+01
2.803194810256750102e+00 2.226060287590405196e+01
2.804752573418881845e+00 2.560435799535570922e+01
2.806310336581014475e+00 2.409219678587427893e+01
2.807868099743146217e+00 2.191369663341045637e+01
2.809425862905278848e+00 2.401753794935168429e+01
2.810983626067410590e+00 2.271099415230586516e+01
2.812541389229543221e+00 2.279652121175521629e+01
2.814099152391674963e+00 2.485684115882096989e+01
2.815656915553806705e+00 2.446229591536474501e+01
2.817214678715939336e+00 2.519090773653568505e+01
2.818772441878071078e+00 2.804299143602955979e+01
2.820330205040203708e+00 2.206065156104590841e+01
2.821887968202335450e+00 2.021340802094335842e+01
2.823445731364468081e+00 1.992086281024619510e+01
2.825003494526599823e+00 2.313692311941673907e+01
2.826561257688731565e+00 2.384680338360860574e+01
2.828119020850864196e+00 2.486734512915722206e+01
2.829676784012995938e+00 2.413843188131215811e+01
2.831234547175128569e+00 2.055836430000870507e+01
2.832792310337260311e+00 2.146380944661820322e+01
2.834350073499392941e+00 2.407003637375325411e+01
2.835907836661524684e+00 2.355380162525981902e+01
2.837465599823656426e+00 2.312137392696412519e+01
2.839023362985789056e+00 2.241358170547835726e+01
2.840581126147920799e+00 2.043484091446686080e+01
2.842138889310053429e+00 2.425855394379420460e+01
2.843696652472185171e+00 2.692544328286508915e+01
2.845254415634317802e+00 2.440465619120518781e+01
2.846812178796449544e+00 2.108462750197170621e+01
2.848369941958581286e+00 2.306827263937087125e+01
2.849927705120713917e+00 2.965898068854032843e+01
2.851485468282845659e+00 2.705673999357632553e+01
2.853043231444978289e+00 2.593937556531517075e+01
2.854600994607110032e+00 2.255535670077906119e+01
2.856158757769242662e+00 2.467280891507914120e+01
2.857716520931374404e+00 2.385524458880499665e+01
2.859274284093506147e+00 2.296205912422911055e+01
2.860832047255638777e+00 2.266937340295197956e+01
2.862389810417770519e+00 2.011463115140172420e+01
2.863947573579903150e+00 2.195315606736923542e+01
2.865505336742034892e+00 2.044001607024361533e+01
2.867063099904166634e+00 1.954813041642514193e+01
2.868620863066299265e+00 2.504185921754336164e+01
2.870178626228431007e+00 2.382522078811341970e+01
2.871736389390563637e+00 2.425342248284754731e+01
2.873294152552695380e+00 2.376877991581602956e+01
2.874851915714828010e+00 2.346178095322104795e+01
2.876409678876959752e+00 2.495450899892654206e+01
2.877967442039091495e+00 2.450070684267382504e+01
2.879525205201224125e+00 2.295184339319181177e+01
2.881082968363355867e+00 2.405191855394896550e+01
2.882640731525488498e+00 2.425751712707397090e+01
2.884198494687620240e+00 1.813561838270095805e+01
2.885756257849752870e+00 2.502181375907281691e+01
2.887314021011884613e+00 2.121977206936794147e+01
2.888871784174016355e+00 1.919202938403892489e+01
2.890429547336148985e+00 2.225771589257890781e+01
2.891987310498280728e+00 2.542675982324661987e+01
2.893545073660413358e+00 2.484975191242838122e+01
2.895102836822545100e+00 2.589179361843509142e+01
2.896660599984677731e+00 2.770091326619550642e+01
2.898218363146809473e+00 2.288707368297887257e+01
2.899776126308941215e+00 2.343805476610579319e+01
2.901333889471073846e+00 2.336654584782206712e+01
2.902891652633205588e+00 2.302269006239734850e+01
2.904449415795338219e+00 2.368137919073218356e+01
2.906007178957469961e+00 2.086200995994879648e+01
2.907564942119602591e+00 1.962050085930478360e+01
2.909122705281734333e+00 2.489669650266667134e+01
2.910680468443866076e+00 2.426816195080350980e+01
2.912238231605998706e+00 2.241247054885714718e+01
2.913795994768130448e+00 2.234200061708153129e+01
2.915353757930263079e+00 2.716965229656162961e+01
2.916911521092394821e+00 2.366426013892620261e+01
2.918469284254527452e+00 2.106522249361044885e+01
2.920027047416659194e+00 1.969760088068269255e+01
2.921584810578790936e+00 2.122210415184556354e+01
2.923142573740923567e+00 2.264356144340376531e+01
2.924700336903055309e+00 2.120400310749103312e+01
2.926258100065187939e+00 1.982586314666308880e+01
2.927815863227319682e+00 2.235953438842802399e+01
2.929373626389452312e+00 2.664604900733170112e+01
2.930931389551584054e+00 2.326519633969828504e+01
2.932489152713715796e+00 2.729183146974928675e+01
2.934046915875848427e+00 2.614895359883289316e+01
2.935604679037980169e+00 2.278364201440760084e+01
2.937162442200112800e+00 2.229252950365844654e+01
2.938720205362244542e+00 2.309135350276032028e+01
2.940277968524376284e+00 2.560072850325239457e+01
2.941835731686508915e+00 2.365815156854936063e+01
2.943393494848640657e+00 2.573456191285522365e+01
2.944951258010773287e+00 2.018369017176663505e+01
2.946509021172905030e+00 2.691578643353441791e+01
2.948066784335037660e+00 2.179156147393135967e+01
2.949624547497169402e+00 2.351281940804583215e+01
2.951182310659301145e+00 2.772073968392454191e+01
2.952740073821433775e+00 2.635808284543053759e+01
2.954297836983565517e+00 1.937855762764588974e+01
2.955855600145698148e+00 1.987036204320216370e+01
2.957413363307829890e+00 2.414004040521701455e+01
2.958971126469962520e+00 2.761824954063997595e+01
2.960528889632094263e+00 2.542344094530737308e+01
2.962086652794226005e+00 2.234865205553678535e+01
2.963644415956358635e+00 2.083967891562209829e+01
2.965202179118490378e+00 2.213477065564998369e+01
2.966759942280623008e+00 2.459869334233620464e+01
2.968317705442754750e+00 2.425143885620319395e+01
2.969875468604887381e+00 2.639033133237388640e+01
2.971433231767019123e+00 2.174807735987336343e+01
2.972990994929150865e+00 2.469265182307263728e+01
2.974548758091283496e+00 2.231568603660791084e+01
2.976106521253415238e+00 2.473120289249619219e+01
2.977664284415547868e+00 2.079206928242902919e+01
2.979222047577679611e+00 1.951958219554077800e+01
2.980779810739812241e+00 2.055962968451038719e+01
2.982337573901943983e+00 1.984897825001370464e+01
2.983895337064075726e+00 2.531879077702762615e+01
2.985453100226208356e+00 2.558097174996805023e+01
2.987010863388340098e+00 2.458726264388656446e+01
2.988568626550472729e+00 2.276369173212921027e+01
2.990126389712604471e+00 2.424832941880987036e+01
2.991684152874737102e+00 2.434035902885187497e+01
2.993241916036868844e+00 2.390176863696335374e+01
2.994799679199000586e+00 2.494467671438281542e+01
2.996357442361133216e+00 2.822233346129646492e+01
2.997915205523264959e+00 2.720866985997581011e+01
2.999472968685397589e+00 2.490231836020098299e+01
3.001030731847529331e+00 1.961643734522536064e+01
3.002588495009661962e+00 2.302197981457826614e+01
3.004146258171793704e+00 2.303306203560815391e+01
3.005704021333925446e+00 2.191852127638391678e+01
3.007261784496058077e+00 2.285392649473443072e+01
3.008819547658189819e+00 2.530404894696155438e+01
3.010377310820322450e+00 2.449008594854905851e+01
3.011935073982454192e+00 1.882241844333400849e+01
3.013492837144585934e+00 2.533710576276474313e+01
3.015050600306718565e+00 2.340134379853394364e+01
3.016608363468850307e+00 2.119108228907240843e+01
3.018166126630982937e+00 2.270231831691793190e+01
3.019723889793114679e+00 2.407369833721734764e+01
3.021281652955247310e+00 2.395730536655858245e+01
3.022839416117379052e+00 2.187284125045492900e+01
3.024397179279510794e+00 2.185653738276038638e+01
3.025954942441643425e+00 1.736804386033335135e+01
3.027512705603775167e+00 2.409662097105193013e+01
3.029070468765907798e+00 2.374972368051895089e+01
3.030628231928039540e+00 2.195263544097644370e+01
3.032185995090172170e+00 2.367552671996054414e+01
3.033743758252303913e+00 2.323992094613418047e+01
3.035301521414435655e+00 2.184389537558281802e+01
3.036859284576568285e+00 1.830590150295913787e+01
3.038417047738700028e+00 1.863993392739013899e+01
3.039974810900832658e+00 2.499751309533382937e+01
3.041532574062964400e+00 2.196533335381553798e+01
3.043090337225097031e+00 1.895094922715868080e+01
3.044648100387228773e+00 2.219769315218009353e+01
3.046205863549360515e+00 2.544409696621250561e+01
3.047763626711493146e+00 2.523679437037197104e+01
3.049321389873624888e+00 2.481594782735698956e+01
3.050879153035757518e+00 2.727711718141173236e+01
3.052436916197889261e+00 2.672680711937902132e+01
3.053994679360021891e+00 2.165934497844039441e+01
3.055552442522153633e+00 2.369598685046396014e+01
3.057110205684285376e+00 2.733718445369254724e+01
3.058667968846418006e+00 2.545050720581226145e+01
3.060225732008549748e+00 2.377712061354527151e+01
3.061783495170682379e+00 2.244611757822174170e+01
3.063341258332814121e+00 2.128307480448896882e+01
3.064899021494946751e+00 2.284905856352159148e+01
3.066456784657078494e+00 2.244906791741018637e+01
3.068014547819210236e+00 2.374957422446876976e+01
3.069572310981342866e+00 2.427751077624681031e+01
3.071130074143474609e+00 2.448283845274719894e+01
3.072687837305607239e+00 2.503494186430607726e+01
3.074245600467738981e+00 2.315815653286869846e+01
3.075803363629871612e+00 2.279284454648374236e+01
3.077361126792003354e+00 2.256299034678318804e+01
3.078918889954135096e+00 2.041886731596725468e+01
3.080476653116267727e+00 2.282610172664868742e+01
3.082034416278399469e+00 2.878023156862905552e+01
3.083592179440532099e+00 2.427498527780355531e+01
3.085149942602663842e+00 2.650845359341190033e+01
3.086707705764795584e+00 2.516123385327098561e+01
3.088265468926928214e+00 2.425062907270589818e+01
3.089823232089059957e+00 2.603697155104266869e+01
3.091380995251192587e+00 2.453971766702762380e+01
3.092938758413324329e+00 2.318851018110087026e+01
3.094496521575456960e+00 2.088922467564482588e+01
3.096054284737588702e+00 2.047923152900277088e+01
3.097612047899720444e+00 2.125280313621406947e+01
3.099169811061853075e+00 2.259223543406565682e+01
3.100727574223984817e+00 2.184283188310019952e+01
3.102285337386117448e+00 2.058925706316204796e+01
3.103843100548249190e+00 2.265033184591967341e+01
3.105400863710381820e+00 2.141211043695015093e+01
3.106958626872513562e+00 2.083396402914611301e+01
3.108516390034645305e+00 2.534932745087158423e+01
3.110074153196777935e+00 2.133299787973669126e+01
3.111631916358909677e+00 2.134393302814257964e+01
3.113189679521042308e+00 2.397435454568384117e+01
3.114747442683174050e+00 2.618764025173229726e+01
3.116305205845306681e+00 2.544308702600309147e+01
3.117862969007438423e+00 1.924188016984804506e+01
3.119420732169570165e+00 2.782800705651913376e+01
3.120978495331702796e+00 2.594656250655143026e+01
3.122536258493834538e+00 2.303088351446513471e+01
3.124094021655967168e+00 2.240875576551052006e+01
3.125651784818098911e+00 2.350910056205306375e+01
3.127209547980231541e+00 2.322552802922221815e+01
3.128767311142363283e+00 1.932938833574460702e+01
3.130325074304495026e+00 2.351741126601629972e+01
3.131882837466627656e+00 1.741091940345326350e+01
3.133440600628759398e+00 2.373986043503449039e+01
3.134998363790892029e+00 2.801147047649976685e+01
3.136556126953023771e+00 2.982177098168598306e+01
3.138113890115156401e+00 2.957521419652794847e+01
3.139671653277288144e+00 2.532753333664708606e+01
3.141229416439419886e+00 2.191186019255562556e+01
3.142787179601552516e+00 2.351215260551872888e+01
3.144344942763684259e+00 2.214187326374301179e+01
3.145902705925816889e+00 2.048847687988043731e+01
3.147460469087948631e+00 2.449060463427951362e+01
3.149018232250081262e+00 2.237498713505654635e+01
3.150575995412213004e+00 1.157538850233644290e+01
3.152133758574344746e+00 -7.275278587355422932e-02
3.153691521736477377e+00 1.923673684290041347e-02
3.155249284898609119e+00 -5.084643665083275581e-03
3.156807048060741749e+00 1.343503616647411317e-03
3.158364811222873492e+00 -3.548690552906578555e-04
3.159922574385005234e+00 9.370226585629800025e-05
3.161480337547137864e+00 -2.473354419689217498e-05
3.163038100709269607e+00 6.526471817928270867e-06
3.164595863871402237e+00 -1.721582832293355188e-06
3.166153627033533979e+00 4.539793987140813649e-07
3.167711390195666610e+00 -1.196752914015717439e-07
3.169269153357798352e+00 3.153800853053792529e-08
3.170826916519930094e+00 -8.308577980120473854e-09
3.172384679682062725e+00 2.188179632900471173e-09
3.173942442844194467e+00 -5.761083824770882037e-10
3.175500206006327097e+00 1.516321949384743363e-10
3.177057969168458840e+00 -3.989749623912601275e-11
3.178615732330591470e+00 1.049464568018371456e-11
3.180173495492723212e+00 -2.759679779558461576e-12
3.181731258654854955e+00 7.254695005740705665e-13
3.183289021816987585e+00 -1.906557413429551662e-13
3.184846784979119327e+00 5.009004902716412400e-14
3.186404548141251958e+00 -1.315599566447803597e-14
3.187962311303383700e+00 3.454280499016618325e-15
3.189520074465516331e+00 -9.064017970292933718e-16
