-3.189231726438654047e+00 -3.020613626460671193e-75
-3.187673964794991210e+00 1.157161127832834948e-74
-3.186116203151328818e+00 -4.357107503209535149e-74
-3.184558441507665982e+00 1.638435896268699728e-73
-3.183000679864003590e+00 -6.159948732243896539e-73
-3.181442918220340754e+00 2.315659272101089828e-72
-3.179885156576678362e+00 -8.704080364287018020e-72
-3.178327394933015526e+00 3.271299137862895091e-71
-3.176769633289353134e+00 -1.229320412413640363e-70
-3.175211871645690298e+00 4.619082928870412314e-70
-3.173654110002027906e+00 -1.735364319501830642e-69
-3.172096348358365070e+00 6.518808874990850128e-69
-3.170538586714702678e+00 -2.448426034350353856e-68
-3.168980825071039842e+00 9.194865749248680252e-68
-3.167423063427377450e+00 -3.452566043377376918e-67
-3.165865301783714614e+00 1.296209963202406509e-66
-3.164307540140052222e+00 -4.865685742287778246e-66
-3.162749778496389386e+00 1.826193101218764697e-65
-3.161192016852726994e+00 -6.853018406036125779e-65
-3.159634255209064158e+00 2.571273582892660309e-64
-3.158076493565401766e+00 -9.645938931321846955e-64
-3.156518731921738929e+00 3.618005374332374874e-63
-3.154960970278076537e+00 -1.356816263356620386e-62
-3.153403208634413701e+00 5.087432533537137988e-62
-3.151845446990751309e+00 -1.907219726732552434e-61
-3.150287685347088473e+00 7.148680609345686781e-61
-3.148729923703425637e+00 -2.679000534711781576e-60
-3.147172162059763245e+00 1.003783576324971602e-59
-3.145614400416100409e+00 -3.760333592419369008e-59
-3.144056638772438017e+00 1.408413815649982245e-58
-3.142498877128775181e+00 -5.274124578986907055e-58
-3.140941115485112789e+00 1.974627894434128335e-57
-3.139383353841449953e+00 -7.391515216727881086e-57
-3.137825592197787561e+00 2.766263376983851465e-56
-3.136267830554124725e+00 -1.035056157761419755e-55
-3.134710068910462333e+00 3.872069030862293072e-55
-3.133152307266799497e+00 -1.448203126968182706e-54
-3.131594545623137105e+00 5.415286799261123463e-54
-3.130036783979474269e+00 -2.024498091086386199e-53
-3.128479022335811877e+00 7.566856492510128722e-53
-3.126921260692149040e+00 -2.827574635481130892e-52
-3.125363499048486648e+00 1.056358405242371409e-51
-3.123805737404823812e+00 -3.945530376290804927e-51
-3.122247975761161420e+00 1.473319566195746712e-50
-3.120690214117498584e+00 -5.500328617734464379e-50
-3.119132452473836192e+00 2.052972269368658168e-49
-3.117574690830173356e+00 -7.660954345563662985e-49
-3.116016929186510964e+00 2.858186256962142405e-48
-3.114459167542848128e+00 -1.066125910464840673e-47
-3.112901405899185736e+00 3.975934248421839342e-47
-3.111343644255522900e+00 -1.482466775964259280e-46
-3.109785882611860064e+00 5.526474072590292229e-46
-3.108228120968197672e+00 -2.059828062406669901e-45
-3.106670359324534836e+00 7.676013120601552730e-45
-3.105112597680872444e+00 -2.859990286143334551e-44
-3.103554836037209608e+00 1.065417191438294001e-43
-3.101997074393547216e+00 -3.968288994306489280e-43
-3.100439312749884380e+00 1.477806162399246311e-42
-3.098881551106221988e+00 -5.502554651675409235e-42
-3.097323789462559152e+00 2.048547681228573559e-41
-3.095766027818896760e+00 -7.625436531288854374e-41
-3.094208266175233923e+00 2.838065151287620391e-40
-3.092650504531571531e+00 -1.056139097245102699e-39
-3.091092742887908695e+00 3.929733330297234466e-39
-3.089534981244246303e+00 -1.462009981201120785e-38
-3.087977219600583467e+00 5.438573390796825872e-38
-3.086419457956921075e+00 -2.022875520189974207e-37
-3.084861696313258239e+00 7.523240681535485027e-37
-3.083303934669595847e+00 -2.797657344545390395e-36
-3.081746173025933011e+00 1.040255470846995507e-35
-3.080188411382270619e+00 -3.867618156493329712e-35
-3.078630649738607783e+00 1.437829737565008801e-34
-3.077072888094945391e+00 -5.344829317753763064e-34
-3.075515126451282555e+00 1.986666524570324001e-33
-3.073957364807620163e+00 -7.383854574318165457e-33
-3.072399603163957327e+00 2.744167572247188761e-32
-3.070841841520294491e+00 -1.019787752737120127e-31
-3.069284079876632099e+00 3.789509493749512543e-31
-3.067726318232969263e+00 -1.408097281881701624e-30
-3.066168556589306871e+00 5.231921539893440789e-30
-3.064610794945644034e+00 -1.943887715497941796e-29
-3.063053033301981642e+00 7.222125800408168626e-29
-3.061495271658318806e+00 -2.683152877176996881e-28
-3.059937510014656414e+00 9.968157726486866470e-28
-3.058379748370993578e+00 -3.703191437260677361e-27
-3.056821986727331186e+00 1.375725911559710669e-26
-3.055264225083668350e+00 -5.110753354592587530e-26
-3.053706463440005958e+00 1.898619723342548508e-25
-3.052148701796343122e+00 -7.053326258849633727e-25
-3.050590940152680730e+00 2.620328772551709516e-24
-3.049033178509017894e+00 -9.734785456554382955e-24
-3.047475416865355502e+00 3.616669126338070930e-23
-3.045917655221692666e+00 -1.343711478921818051e-22
-3.044359893578030274e+00 4.992536382171213937e-22
-3.042802131934367438e+00 -1.855058329509163529e-21
-3.041244370290705046e+00 6.893157908474244062e-21
-3.039686608647042210e+00 -2.561571387627849320e-20
-3.038128847003379818e+00 9.519750725642975756e-20
-3.036571085359716982e+00 -3.538171730264590739e-19
-3.035013323716054146e+00 1.315133499285400887e-18
-3.033455562072391754e+00 -4.888791890176563365e-18
-3.031897800428729361e+00 1.817509819936863697e-17
-3.030340038785066525e+00 -6.757688712086795052e-17
-3.028782277141403689e+00 2.512861282104109503e-16
-3.027224515497741297e+00 -9.345240792655047288e-16
-3.025666753854078461e+00 3.475896800399855965e-15
-3.024108992210416069e+00 -1.293005604190037464e-14
-3.022551230566753233e+00 4.810540375953056820e-14
-3.020993468923090841e+00 -1.789987577338433072e-13
-3.019435707279428005e+00 6.661493972560622760e-13
-3.017877945635765613e+00 -2.479485094662337165e-12
-3.016320183992102777e+00 9.230439257489268999e-12
-3.014762422348440385e+00 -3.436821625309228810e-11
-3.013204660704777549e+00 1.279876632568220968e-10
-3.011646899061115157e+00 -4.767145838380339106e-10
-3.010089137417452321e+00 1.775949731360761418e-09
-3.008531375773789929e+00 -6.617401162360088684e-09
-3.006973614130127093e+00 2.466217917079442007e-08
-3.005415852486464701e+00 -9.193168299151723680e-08
-3.003858090842801865e+00 3.427609130789457569e-07
-3.002300329199139473e+00 -1.278239340135022430e-06
-3.000742567555476636e+00 4.767934829159137738e-06
-2.999184805911814244e+00 -1.778885752043737236e-05
-2.997627044268151408e+00 6.638465821880223732e-05
-2.996069282624488572e+00 -2.477944329600953129e-04
-2.994511520980826180e+00 9.251702887861179645e-04
-2.992953759337163788e+00 -3.455096593447933104e-03
-2.991395997693500952e+00 1.290651763061680633e-02
-2.989838236049838116e+00 -4.822477686413711995e-02
-2.988280474406175724e+00 1.802376150000920552e-01
-2.986722712762512888e+00 -6.738083476284066897e-01
-2.985164951118850496e+00 3.318385764356121648e+00
-2.983607189475187660e+00 9.779901442644577614e+00
-2.982049427831525268e+00 1.279868689421568284e+01
-2.980491666187862432e+00 1.467879444702986191e+01
-2.978933904544200040e+00 1.334870935717043849e+01
-2.977376142900537204e+00 1.363495744041922464e+01
-2.975818381256874812e+00 1.314296767855521608e+01
-2.974260619613211976e+00 1.075925203713924283e+01
-2.972702857969549584e+00 1.149875784598606465e+01
-2.971145096325886747e+00 1.331214100016887159e+01
-2.969587334682224355e+00 1.264880097923026625e+01
-2.968029573038561519e+00 1.143202405670271382e+01
-2.966471811394899127e+00 1.151138567435118354e+01
-2.964914049751236291e+00 1.258707568792886811e+01
-2.963356288107573899e+00 1.358457330896693982e+01
-2.961798526463911063e+00 1.322749941555629682e+01
-2.960240764820248671e+00 1.151797846486660326e+01
-2.958683003176585835e+00 1.529985807341494031e+01
-2.957125241532922999e+00 1.657549589218060859e+01
-2.955567479889260607e+00 1.297673215293050397e+01
-2.954009718245598215e+00 1.427479918505201439e+01
-2.952451956601935379e+00 1.152178354375903524e+01
-2.950894194958272543e+00 8.249799441488953278e+00
-2.949336433314610151e+00 9.875936438379753213e+00
-2.947778671670947315e+00 1.000378977478412068e+01
-2.946220910027284923e+00 1.032994849300409612e+01
-2.944663148383622087e+00 1.184137287970569119e+01
-2.943105386739959695e+00 1.464207675176339407e+01
-2.941547625096296859e+00 1.616221274328643176e+01
-2.939989863452634467e+00 1.149237125479878330e+01
-2.938432101808971630e+00 8.995804108884149386e+00
-2.936874340165309238e+00 1.216614698857690158e+01
-2.935316578521646402e+00 1.372991471104945482e+01
-2.933758816877984010e+00 1.157137649854650441e+01
-2.932201055234321174e+00 9.728588938518861085e+00
-2.930643293590658782e+00 1.092969086472265694e+01
-2.929085531946995946e+00 1.291096567628354208e+01
-2.927527770303333554e+00 1.175031842059859422e+01
-2.925970008659670718e+00 1.106744057335735398e+01
-2.924412247016008326e+00 1.365123601394145503e+01
-2.922854485372345490e+00 1.486234546657134281e+01
-2.921296723728683098e+00 1.412985545138240973e+01
-2.919738962085020262e+00 1.240640845908534118e+01
-2.918181200441357426e+00 1.068053540324771511e+01
-2.916623438797695034e+00 7.823020725270581011e+00
-2.915065677154032642e+00 8.545389488195089811e+00
-2.913507915510369806e+00 1.233327808833665351e+01
-2.911950153866706970e+00 1.381403338655564816e+01
-2.910392392223044578e+00 1.646801405235571991e+01
-2.908834630579381741e+00 1.520633068550826117e+01
-2.907276868935719349e+00 1.208899365924810709e+01
-2.905719107292056513e+00 1.252948806296522299e+01
-2.904161345648394121e+00 1.195902847257267787e+01
-2.902603584004731285e+00 1.015583677109761140e+01
-2.901045822361068893e+00 1.033965719811578587e+01
-2.899488060717406057e+00 1.052136615477039783e+01
-2.897930299073743665e+00 1.085547766884168297e+01
-2.896372537430080829e+00 1.114770351046130337e+01
-2.894814775786418437e+00 1.302980500198529334e+01
-2.893257014142755601e+00 1.462745758728436662e+01
-2.891699252499093209e+00 1.168450906520522281e+01
-2.890141490855430373e+00 1.204357595481017462e+01
-2.888583729211767981e+00 1.276241052375161189e+01
-2.887025967568105145e+00 1.242831550687995268e+01
-2.885468205924442753e+00 1.297902281415176873e+01
-2.883910444280779917e+00 9.604611984905375266e+00
-2.882352682637117525e+00 8.478169556046504240e+00
-2.880794920993454689e+00 7.454688630944059646e+00
-2.879237159349791852e+00 4.948676645089260084e+00
-2.877679397706129460e+00 9.279992376657077102e+00
-2.876121636062467068e+00 1.204459025462057298e+01
-2.874563874418804232e+00 1.182139386544663928e+01
-2.873006112775141396e+00 1.046320598552907732e+01
-2.871448351131479004e+00 8.535347175430640476e+00
-2.869890589487816168e+00 7.594255006165516519e+00
-2.868332827844153776e+00 9.551669175742073747e+00
-2.866775066200490940e+00 1.192727193344692971e+01
-2.865217304556828548e+00 1.242758180150719838e+01
-2.863659542913165712e+00 1.141193942686376239e+01
-2.862101781269503320e+00 1.053723444186389990e+01
-2.860544019625840484e+00 1.163024706240846839e+01
-2.858986257982178092e+00 1.113499291926845203e+01
-2.857428496338515256e+00 1.115905012846233824e+01
-2.855870734694852864e+00 1.209047170275362326e+01
-2.854312973051190028e+00 1.082795796599391558e+01
-2.852755211407527636e+00 1.059111895642647205e+01
-2.851197449763864800e+00 1.075070960782273310e+01
-2.849639688120202408e+00 1.100640150356960412e+01
-2.848081926476539572e+00 1.130234003583901625e+01
-2.846524164832877180e+00 1.095166651626660048e+01
-2.844966403189214343e+00 1.240678808549011514e+01
-2.843408641545551951e+00 1.160456171933153868e+01
-2.841850879901889115e+00 1.167219107323768412e+01
-2.840293118258226279e+00 1.228144734610981992e+01
-2.838735356614563887e+00 1.089297228820634267e+01
-2.837177594970901495e+00 1.214118311187872656e+01
-2.835619833327238659e+00 1.541966507474124093e+01
-2.834062071683575823e+00 1.354319412600002082e+01
-2.832504310039913431e+00 1.228603565248715590e+01
-2.830946548396250595e+00 1.375454127001975912e+01
-2.829388786752588203e+00 1.359538109861350108e+01
-2.827831025108925367e+00 1.383543749574948833e+01
-2.826273263465262975e+00 1.106855106454063176e+01
-2.824715501821600139e+00 1.122966797746555301e+01
-2.823157740177937747e+00 1.291570002917349136e+01
-2.821599978534274911e+00 1.311256884798581623e+01
-2.820042216890612519e+00 1.348704749168110517e+01
-2.818484455246949683e+00 1.167297588872883196e+01
-2.816926693603287291e+00 9.339257362838178977e+00
-2.815368931959624454e+00 8.155388141610652397e+00
-2.813811170315962062e+00 1.152917216333693773e+01
-2.812253408672299226e+00 1.519427859309299578e+01
-2.810695647028636834e+00 1.344563870647627013e+01
-2.809137885384973998e+00 1.203621849961563939e+01
-2.807580123741311606e+00 1.130271322201711648e+01
-2.806022362097648770e+00 1.048323951991548597e+01
-2.804464600453986378e+00 1.030966955376243632e+01
-2.802906838810323542e+00 1.073893199116960240e+01
-2.801349077166660706e+00 1.098225541883988043e+01
-2.799791315522998314e+00 1.087360995062635816e+01
-2.798233553879335922e+00 1.360616753257229306e+01
-2.796675792235673086e+00 1.613371570828303803e+01
-2.795118030592010250e+00 1.371179276740516784e+01
-2.793560268948347858e+00 1.164661826509495590e+01
-2.792002507304685022e+00 1.234607848576224143e+01
-2.790444745661022630e+00 1.259395607276890949e+01
-2.788886984017359794e+00 1.282916875662394496e+01
-2.787329222373697402e+00 1.431449746343394303e+01
-2.785771460730034566e+00 1.618060870920504613e+01
-2.784213699086372173e+00 1.609955350063649249e+01
-2.782655937442709337e+00 1.313690866931257517e+01
-2.781098175799046945e+00 1.270953876513466874e+01
-2.779540414155384109e+00 1.251732897955424484e+01
-2.777982652511721717e+00 1.125407684555232635e+01
-2.776424890868058881e+00 1.176897041818646805e+01
-2.774867129224396489e+00 1.132993652366923065e+01
-2.773309367580733653e+00 1.252845420560531586e+01
-2.771751605937071261e+00 1.354510125340518378e+01
-2.770193844293408425e+00 1.242987207801967386e+01
-2.768636082649746033e+00 9.884733796444534093e+00
-2.767078321006083197e+00 1.175772506901378200e+01
-2.765520559362420805e+00 1.391378799977122860e+01
-2.763962797718757969e+00 1.127677434457887884e+01
-2.762405036075095133e+00 1.259598356644845829e+01
-2.760847274431432741e+00 1.004859940688348452e+01
-2.759289512787770349e+00 8.107498674514101111e+00
-2.757731751144107513e+00 1.022718687909193669e+01
-2.756173989500444677e+00 1.130266005782270256e+01
-2.754616227856782285e+00 1.199454271006085371e+01
-2.753058466213119448e+00 1.502467145268630766e+01
-2.751500704569457056e+00 1.358510691860005437e+01
-2.749942942925794220e+00 1.038077256866475295e+01
-2.748385181282131828e+00 1.311925864853136225e+01
-2.746827419638468992e+00 1.242570501668035376e+01
-2.745269657994806600e+00 1.153747653195997280e+01
-2.743711896351143764e+00 1.089402137424951178e+01
-2.742154134707481372e+00 1.009702632163275915e+01
-2.740596373063818536e+00 1.187934081344658033e+01
-2.739038611420156144e+00 1.200224700475521544e+01
-2.737480849776493308e+00 9.269878674590044554e+00
-2.735923088132830916e+00 1.074924448154996703e+01
-2.734365326489168080e+00 1.276988539759485164e+01
-2.732807564845505688e+00 9.632518723883720213e+00
-2.731249803201842852e+00 1.164317934677554156e+01
-2.729692041558180460e+00 1.560445640975321346e+01
-2.728134279914517624e+00 1.372761706037750251e+01
-2.726576518270855232e+00 1.296185526292264889e+01
-2.725018756627192396e+00 1.493838031792980026e+01
-2.723460994983529559e+00 1.361379576411693293e+01
-2.721903233339867167e+00 1.009401478577136402e+01
-2.720345471696204775e+00 1.046765139654206145e+01
-2.718787710052541939e+00 9.789366824319568394e+00
-2.717229948408879103e+00 1.299316055018893934e+01
-2.715672186765216711e+00 1.531459572693386306e+01
-2.714114425121553875e+00 1.090583456833270048e+01
-2.712556663477891483e+00 1.208145999083480504e+01
-2.710998901834228647e+00 1.330460020922748221e+01
-2.709441140190566255e+00 1.430791886588955997e+01
-2.707883378546903419e+00 1.199336986945158934e+01
-2.706325616903241027e+00 1.093100621093281966e+01
-2.704767855259578191e+00 1.168256683398372964e+01
-2.703210093615915799e+00 1.104312448511447542e+01
-2.701652331972252963e+00 1.248835933584679481e+01
-2.700094570328590571e+00 1.280037932856379257e+01
-2.698536808684927735e+00 1.218380926242508266e+01
-2.696979047041265343e+00 1.243969601101824551e+01
-2.695421285397602507e+00 1.099086545553771188e+01
-2.693863523753940115e+00 1.244532587856832073e+01
-2.692305762110277279e+00 1.199432953690791592e+01
-2.690748000466614887e+00 1.103827678205483309e+01
-2.689190238822952050e+00 1.351488734404923875e+01
-2.687632477179289658e+00 1.279485119305704721e+01
-2.686074715535626822e+00 1.010148139634170761e+01
-2.684516953891963986e+00 1.043075801201302966e+01
-2.682959192248301594e+00 1.032838072468356749e+01
-2.681401430604639202e+00 1.237522771972661673e+01
-2.679843668960976366e+00 1.586847398665227793e+01
-2.678285907317313530e+00 1.368288137221903789e+01
-2.676728145673651138e+00 1.249308972266519646e+01
-2.675170384029988746e+00 1.348669110055434039e+01
-2.673612622386325910e+00 1.421963758144599410e+01
-2.672054860742663074e+00 1.153014935385825979e+01
-2.670497099099000682e+00 8.788027420789696009e+00
-2.668939337455337846e+00 1.112760809486988300e+01
-2.667381575811675454e+00 1.168625229364204721e+01
-2.665823814168012618e+00 9.829407927377395993e+00
-2.664266052524350226e+00 1.310256794109943357e+01
-2.662708290880687390e+00 1.166385747708525500e+01
-2.661150529237024998e+00 1.039433719319468530e+01
-2.659592767593362161e+00 1.163299188791960859e+01
-2.658035005949699769e+00 1.060966023908772904e+01
-2.656477244306036933e+00 1.260764199228581539e+01
-2.654919482662374541e+00 1.129428285048127201e+01
-2.653361721018711705e+00 1.105258831026435118e+01
-2.651803959375048869e+00 1.116500486899789912e+01
-2.650246197731386477e+00 1.052426991723851657e+01
-2.648688436087724085e+00 1.014417759302408939e+01
-2.647130674444061249e+00 9.869690653671325364e+00
-2.645572912800398413e+00 1.184855693249688890e+01
-2.644015151156736021e+00 1.375867972473233003e+01
-2.642457389513073629e+00 1.253237701815267968e+01
-2.640899627869410793e+00 1.331550279655923141e+01
-2.639341866225747957e+00 1.318167877570974156e+01
-2.637784104582085565e+00 1.210619624527327076e+01
-2.636226342938423173e+00 1.507696426208174501e+01
-2.634668581294760337e+00 1.302828201052056123e+01
-2.633110819651097501e+00 1.197093433981653376e+01
-2.631553058007435109e+00 1.327937593494333690e+01
-2.629995296363772272e+00 1.112175652917125568e+01
-2.628437534720109880e+00 1.018886743235414905e+01
-2.626879773076447044e+00 1.352121898104869757e+01
-2.625322011432784652e+00 1.563826686585540848e+01
-2.623764249789121816e+00 1.374260325557557749e+01
-2.622206488145459424e+00 1.443254883746586259e+01
-2.620648726501796588e+00 1.674338617542746022e+01
-2.619090964858134196e+00 1.349751590526420841e+01
-2.617533203214471360e+00 1.075001691671137216e+01
-2.615975441570808968e+00 1.148178833866950832e+01
-2.614417679927146132e+00 1.118566209507424070e+01
-2.612859918283483296e+00 9.663568107819489938e+00
-2.611302156639820904e+00 1.161739233604448351e+01
-2.609744394996158512e+00 1.242694372891302734e+01
-2.608186633352495676e+00 1.099867478606780580e+01
-2.606628871708832840e+00 1.470467174501037100e+01
-2.605071110065170448e+00 1.634194625268246881e+01
-2.603513348421508056e+00 1.376372985982628450e+01
-2.601955586777845220e+00 1.197044461296747109e+01
-2.600397825134182384e+00 1.141489522958601555e+01
-2.598840063490519992e+00 1.257767223838614079e+01
-2.597282301846857600e+00 1.348124539401768018e+01
-2.595724540203194763e+00 1.354262582454974506e+01
-2.594166778559531927e+00 1.351773808150751321e+01
-2.592609016915869535e+00 1.468219273452818463e+01
-2.591051255272206699e+00 1.407031326173808239e+01
-2.589493493628544307e+00 1.295590969968738726e+01
-2.587935731984881471e+00 1.301177808900758137e+01
-2.586377970341219079e+00 1.325163955078347122e+01
-2.584820208697556243e+00 1.204178007147758578e+01
-2.583262447053893851e+00 1.152160588262150220e+01
-2.581704685410231015e+00 1.220045098140253614e+01
-2.580146923766568623e+00 1.108577185922561448e+01
-2.578589162122905787e+00 1.178619643003933781e+01
-2.577031400479243395e+00 1.261876568934354026e+01
-2.575473638835580559e+00 1.273807772254238913e+01
-2.573915877191917723e+00 1.310785619580440198e+01
-2.572358115548255331e+00 1.338272179993162503e+01
-2.570800353904592939e+00 1.279249051203482601e+01
-2.569242592260930103e+00 1.044950369681737179e+01
-2.567684830617267266e+00 1.043811779191127975e+01
-2.566127068973604874e+00 1.235038424608179497e+01
-2.564569307329942482e+00 1.129925716981190398e+01
-2.563011545686279646e+00 1.079953163805955718e+01
-2.561453784042616810e+00 1.107567010200407331e+01
-2.559896022398954418e+00 1.018869112107799424e+01
-2.558338260755292026e+00 1.110590865700666008e+01
-2.556780499111629190e+00 1.281284577372496614e+01
-2.555222737467966354e+00 1.339562803385260459e+01
-2.553664975824303962e+00 1.293395315737589790e+01
-2.552107214180641126e+00 1.281230089796183336e+01
-2.550549452536978734e+00 1.206290804146680884e+01
-2.548991690893315898e+00 1.143050978931112382e+01
-2.547433929249653506e+00 1.206511856076313727e+01
-2.545876167605990670e+00 1.039080307262264924e+01
-2.544318405962328278e+00 1.196044535273303033e+01
-2.542760644318665442e+00 1.453531728020993263e+01
-2.541202882675003050e+00 1.169482520311830598e+01
-2.539645121031340214e+00 1.266348933176198166e+01
-2.538087359387677822e+00 1.208409482671520152e+01
-2.536529597744014985e+00 1.047628521599376406e+01
-2.534971836100352149e+00 1.248879744639575939e+01
-2.533414074456689757e+00 1.349003748559403348e+01
-2.531856312813027365e+00 1.275190578245150519e+01
-2.530298551169364529e+00 1.067982875184649671e+01
-2.528740789525701693e+00 1.188615511935715929e+01
-2.527183027882039301e+00 1.415112316152872829e+01
-2.525625266238376909e+00 9.672850738256157044e+00
-2.524067504594714073e+00 7.491656515936757188e+00
-2.522509742951051237e+00 1.076799314999661661e+01
-2.520951981307388845e+00 1.142215372652498750e+01
-2.519394219663726453e+00 1.206418203254850496e+01
-2.517836458020063617e+00 1.287685877492636699e+01
-2.516278696376400781e+00 1.132344047800491893e+01
-2.514720934732738389e+00 9.883416470271024323e+00
-2.513163173089075553e+00 1.219984900615549961e+01
-2.511605411445413161e+00 1.402607922778100225e+01
-2.510047649801750325e+00 1.188931670302833510e+01
-2.508489888158087933e+00 1.111872219402297901e+01
-2.506932126514425097e+00 1.156934293111518386e+01
-2.505374364870762705e+00 8.995489004316320703e+00
-2.503816603227099868e+00 1.070928222246628181e+01
-2.502258841583437476e+00 1.435890938843398779e+01
-2.500701079939774640e+00 1.236767418355882242e+01
-2.499143318296112248e+00 1.193203983303950366e+01
-2.497585556652449412e+00 1.190329122026068909e+01
-2.496027795008786576e+00 1.168273690120346053e+01
-2.494470033365124184e+00 1.375056803840996800e+01
-2.492912271721461792e+00 1.306523822635018739e+01
-2.491354510077798956e+00 1.097939143339215562e+01
-2.489796748434136120e+00 1.131075433976098665e+01
-2.488238986790473728e+00 1.129846330378380692e+01
-2.486681225146811336e+00 1.223589952380499035e+01
-2.485123463503148500e+00 1.381022601066670141e+01
-2.483565701859485664e+00 1.445848655229820068e+01
-2.482007940215823272e+00 1.337255431201623068e+01
-2.480450178572160880e+00 1.062468183078250306e+01
-2.478892416928498044e+00 1.310018055972023454e+01
-2.477334655284835208e+00 1.237128323927636409e+01
-2.475776893641172816e+00 1.045437121216210841e+01
-2.474219131997509979e+00 9.131414133852238990e+00
-2.472661370353847587e+00 8.971534056442907357e+00
-2.471103608710184751e+00 1.176445182821267288e+01
-2.469545847066522359e+00 1.376745774452976079e+01
-2.467988085422859523e+00 1.409111569079586879e+01
-2.466430323779197131e+00 1.389300995411372952e+01
-2.464872562135534295e+00 1.007977811546453673e+01
-2.463314800491871903e+00 8.137440038467644854e+00
-2.461757038848209067e+00 1.077256081058359349e+01
-2.460199277204546675e+00 1.167311875291822432e+01
-2.458641515560883839e+00 1.226927200485111769e+01
-2.457083753917221003e+00 1.378499818505361318e+01
-2.455525992273558611e+00 1.282535755807955447e+01
-2.453968230629896219e+00 1.257974405688039887e+01
-2.452410468986233383e+00 1.333728609210390204e+01
-2.450852707342570547e+00 1.229246138012117129e+01
-2.449294945698908155e+00 1.231808484968238915e+01
-2.447737184055245763e+00 1.224384837468646658e+01
-2.446179422411582927e+00 1.159883030099326184e+01
-2.444621660767920091e+00 1.177152077736569957e+01
-2.443063899124257699e+00 1.442876379309236512e+01
-2.441506137480595306e+00 1.509220608069320413e+01
-2.439948375836932470e+00 1.197732551412292956e+01
-2.438390614193269634e+00 1.272403542046457581e+01
-2.436832852549607242e+00 1.386956747059294237e+01
-2.435275090905944406e+00 1.289032278671498943e+01
-2.433717329262282014e+00 1.137533473987661026e+01
-2.432159567618619178e+00 1.116586807923590285e+01
-2.430601805974956786e+00 1.290572920192330564e+01
-2.429044044331293950e+00 1.351917919152666592e+01
-2.427486282687631558e+00 1.333138961793494559e+01
-2.425928521043968722e+00 1.458809427854857432e+01
-2.424370759400306330e+00 1.284685512424532128e+01
-2.422812997756643494e+00 9.519085104076639325e+00
-2.421255236112981102e+00 9.790419538356587736e+00
-2.419697474469318266e+00 1.065502193529477282e+01
-2.418139712825655430e+00 1.025215028006528151e+01
-2.416581951181993038e+00 1.102313874978610286e+01
-2.415024189538330646e+00 1.208438552956269341e+01
-2.413466427894667810e+00 1.188516884003219864e+01
-2.411908666251004973e+00 1.103138986783855024e+01
-2.410350904607342581e+00 1.110269679567225332e+01
-2.408793142963680189e+00 1.216785957674854579e+01
-2.407235381320017353e+00 1.435922259683568569e+01
-2.405677619676354517e+00 1.317362691580799883e+01
-2.404119858032692125e+00 1.252288133884633403e+01
-2.402562096389029733e+00 1.519834240458000352e+01
-2.401004334745366897e+00 1.520087254536191423e+01
-2.399446573101704061e+00 1.393379443456804978e+01
-2.397888811458041669e+00 1.239961852978099266e+01
-2.396331049814378833e+00 1.577426493505802796e+01
-2.394773288170716441e+00 1.560402656604735228e+01
-2.393215526527053605e+00 1.366481088296811386e+01
-2.391657764883391213e+00 1.382551876210105313e+01
-2.390100003239728377e+00 1.293337262560064183e+01
-2.388542241596065985e+00 1.298481567776448031e+01
-2.386984479952403149e+00 1.317678958585330307e+01
-2.385426718308740757e+00 1.204637662264659070e+01
-2.383868956665077921e+00 1.292335425847436348e+01
-2.382311195021415529e+00 1.397881367151417464e+01
-2.380753433377752692e+00 1.349765423271828446e+01
-2.379195671734089856e+00 1.344362611991471645e+01
-2.377637910090427464e+00 1.596068644155381477e+01
-2.376080148446765072e+00 1.483696229412045398e+01
-2.374522386803102236e+00 1.104530086039579295e+01
-2.372964625159439400e+00 9.962695163877857141e+00
-2.371406863515777008e+00 1.095988461876463305e+01
-2.369849101872114616e+00 1.249730681953913880e+01
-2.368291340228451780e+00 1.286551659883878251e+01
-2.366733578584788944e+00 1.070638149376698678e+01
-2.365175816941126552e+00 1.062610777006314144e+01
-2.363618055297464160e+00 1.122074217134589524e+01
-2.362060293653801324e+00 9.063596820403940768e+00
-2.360502532010138488e+00 1.227828974618386404e+01
-2.358944770366476096e+00 1.272225154832785421e+01
-2.357387008722813260e+00 9.679136742466756260e+00
-2.355829247079150868e+00 9.689522703642085233e+00
-2.354271485435488032e+00 1.102198917488194319e+01
-2.352713723791825640e+00 1.136221603635834398e+01
-2.351155962148162804e+00 1.259188318773744619e+01
-2.349598200504500412e+00 1.288398999621492180e+01
-2.348040438860837575e+00 1.336202332538468696e+01
-2.346482677217175183e+00 1.459428964834499887e+01
-2.344924915573512347e+00 1.137623819704552020e+01
-2.343367153929849955e+00 1.017007012940358557e+01
-2.341809392286187119e+00 1.310244589879370736e+01
-2.340251630642524283e+00 1.149533300336566377e+01
-2.338693868998861891e+00 1.110159270607142012e+01
-2.337136107355199499e+00 1.205131099909574743e+01
-2.335578345711536663e+00 1.303768353355394893e+01
-2.334020584067873827e+00 1.271791510697271121e+01
-2.332462822424211435e+00 1.121167163321563365e+01
-2.330905060780549043e+00 1.307369166369676527e+01
-2.329347299136886207e+00 1.408697122929445378e+01
-2.327789537493223371e+00 1.309860669259736277e+01
-2.326231775849560979e+00 1.428285856309527091e+01
-2.324674014205898587e+00 1.339410115272145774e+01
-2.323116252562235751e+00 9.313968659119295168e+00
-2.321558490918572915e+00 1.132854424281718053e+01
-2.320000729274910523e+00 1.332389407049659269e+01
-2.318442967631247686e+00 1.338098171412369197e+01
-2.316885205987585294e+00 1.616408804250011144e+01
-2.315327444343922458e+00 1.405111214121245311e+01
-2.313769682700260066e+00 1.197656517002491583e+01
-2.312211921056597230e+00 1.155215121300391523e+01
-2.310654159412934838e+00 1.161137115169512413e+01
-2.309096397769272002e+00 1.242103599564601168e+01
-2.307538636125609610e+00 1.308348838910266743e+01
-2.305980874481946774e+00 1.192590803145352396e+01
-2.304423112838284382e+00 9.388462419517354718e+00
-2.302865351194621546e+00 9.554307998023134019e+00
-2.301307589550958710e+00 1.116669924259718449e+01
-2.299749827907296318e+00 8.921423520869863566e+00
-2.298192066263633926e+00 8.296720472513882783e+00
-2.296634304619971090e+00 1.227206241873053472e+01
-2.295076542976308254e+00 1.159973318084107419e+01
-2.293518781332645862e+00 9.200466832329444955e+00
-2.291961019688983470e+00 1.264614050651758426e+01
-2.290403258045320634e+00 1.539645102766679585e+01
-2.288845496401657797e+00 1.278897113997379087e+01
-2.287287734757995405e+00 8.551152662391331205e+00
-2.285729973114333013e+00 1.014504589325320083e+01
-2.284172211470670177e+00 1.173786754311915281e+01
-2.282614449827007341e+00 1.053767574252699646e+01
-2.281056688183344949e+00 1.139974383211573539e+01
-2.279498926539682113e+00 1.162045866279418327e+01
-2.277941164896019721e+00 1.084732354482101080e+01
-2.276383403252356885e+00 1.015095215838369747e+01
-2.274825641608694493e+00 1.155603360773133659e+01
-2.273267879965031657e+00 1.071995270649893151e+01
-2.271710118321369265e+00 1.065797259928525875e+01
-2.270152356677706429e+00 1.243409988954507561e+01
-2.268594595034044037e+00 1.312481336180931812e+01
-2.267036833390381201e+00 1.384707286708581364e+01
-2.265479071746718809e+00 1.467497306398879076e+01
-2.263921310103055973e+00 1.432018015828153423e+01
-2.262363548459393137e+00 1.364232006312328593e+01
-2.260805786815730745e+00 1.438059326180411723e+01
-2.259248025172068353e+00 1.357797650370455678e+01
-2.257690263528405517e+00 1.388015991113671710e+01
-2.256132501884742680e+00 1.560424538977848918e+01
-2.254574740241080288e+00 1.478626390169302951e+01
-2.253016978597417896e+00 1.585255162512594040e+01
-2.251459216953755060e+00 1.377829386282429525e+01
-2.249901455310092224e+00 1.294549357536971712e+01
-2.248343693666429832e+00 1.540268322792402600e+01
-2.246785932022767440e+00 1.342485521131590254e+01
-2.245228170379104604e+00 1.250675371083232257e+01
-2.243670408735441768e+00 1.236461239271864088e+01
-2.242112647091779376e+00 1.290137828710218493e+01
-2.240554885448116540e+00 1.555525274337341912e+01
-2.238997123804454148e+00 1.382778662951769455e+01
-2.237439362160791312e+00 1.244546807179224146e+01
-2.235881600517128920e+00 8.894234155730455171e+00
-2.234323838873466084e+00 7.423901585184119689e+00
-2.232766077229803692e+00 1.304619889459179483e+01
-2.231208315586140856e+00 1.488444804708397662e+01
-2.229650553942478464e+00 1.360607488123213393e+01
-2.228092792298815628e+00 1.585496401814878098e+01
-2.226535030655153236e+00 1.522967945424526448e+01
-2.224977269011490399e+00 1.216846706785599963e+01
-2.223419507367827563e+00 1.114689599397873643e+01
-2.221861745724165171e+00 1.261344861379910576e+01
-2.220303984080502779e+00 1.258731935603556806e+01
-2.218746222436839943e+00 8.417813476015247431e+00
-2.217188460793177107e+00 6.391871686817233389e+00
-2.215630699149514715e+00 1.119240158003038310e+01
-2.214072937505852323e+00 1.207105595088940397e+01
-2.212515175862189487e+00 9.072706090197277362e+00
-2.210957414218526651e+00 1.493203696303399042e+01
-2.209399652574864259e+00 1.388169655687956805e+01
-2.207841890931201867e+00 1.004081676023910852e+01
-2.206284129287539031e+00 1.163080385523974414e+01
-2.204726367643876195e+00 1.261818042988233834e+01
-2.203168606000213803e+00 1.321827452702322603e+01
-2.201610844356550967e+00 1.370807339750340859e+01
-2.200053082712888575e+00 1.411913455295952602e+01
-2.198495321069225739e+00 1.509950195487470914e+01
-2.196937559425563347e+00 1.367998895625576772e+01
-2.195379797781900511e+00 1.222830552285689087e+01
-2.193822036138238118e+00 1.195903884226620306e+01
-2.192264274494575282e+00 1.010684456383203766e+01
-2.190706512850912890e+00 1.016757103563643660e+01
-2.189148751207250054e+00 1.167989169067908506e+01
-2.187590989563587662e+00 1.250775969086844519e+01
-2.186033227919924826e+00 1.101518169716246298e+01
-2.184475466276261990e+00 1.018273980077106522e+01
-2.182917704632599598e+00 1.178694428393293059e+01
-2.181359942988937206e+00 1.349422507682673711e+01
-2.179802181345274370e+00 1.419995667308345944e+01
-2.178244419701611534e+00 1.224494904708872411e+01
-2.176686658057949142e+00 9.509382806154077272e+00
-2.175128896414286750e+00 1.035680071521931644e+01
-2.173571134770623914e+00 1.134473557227302720e+01
-2.172013373126961078e+00 1.124012663046785043e+01
-2.170455611483298686e+00 1.364148752589026614e+01
-2.168897849839636294e+00 1.328215255465120315e+01
-2.167340088195973458e+00 1.377948836023359647e+01
-2.165782326552310622e+00 1.496707556509732662e+01
-2.164224564908648230e+00 1.359226615129592375e+01
-2.162666803264985838e+00 1.279005609712898739e+01
-2.161109041621323001e+00 1.413604021867629790e+01
-2.159551279977660165e+00 1.418321776583019478e+01
-2.157993518333997329e+00 1.280812624685125201e+01
-2.156435756690334937e+00 1.145033798070704911e+01
-2.154877995046672545e+00 1.150364622619521171e+01
-2.153320233403009709e+00 1.236844915087642072e+01
-2.151762471759346873e+00 1.438652375584322840e+01
-2.150204710115684481e+00 1.186676525100337543e+01
-2.148646948472022089e+00 9.274979698785330129e+00
-2.147089186828359253e+00 1.164313776206528139e+01
-2.145531425184696417e+00 1.217759541490952735e+01
-2.143973663541034025e+00 1.082591203202715313e+01
-2.142415901897371633e+00 1.120375911169879402e+01
-2.140858140253708797e+00 1.405815204245232408e+01
-2.139300378610045961e+00 1.437760547284142554e+01
-2.137742616966383569e+00 1.480196213530741467e+01
-2.136184855322721177e+00 1.425915892108290173e+01
-2.134627093679058341e+00 1.015058056129222308e+01
-2.133069332035395504e+00 1.187327251139195461e+01
-2.131511570391733112e+00 1.257843849888643462e+01
-2.129953808748070720e+00 1.305835994650318632e+01
-2.128396047104407884e+00 1.330881193845015176e+01
-2.126838285460745048e+00 1.267842342710363290e+01
-2.125280523817082656e+00 1.366545770483644695e+01
-2.123722762173420264e+00 1.463281754598542861e+01
-2.122165000529757428e+00 1.337618200661329837e+01
-2.120607238886094592e+00 1.187647163380493964e+01
-2.119049477242431756e+00 1.082293317742308325e+01
-2.117491715598769364e+00 1.130554853393223880e+01
-2.115933953955106972e+00 1.078577375430743857e+01
-2.114376192311444136e+00 1.022203880186975589e+01
-2.112818430667781300e+00 1.342196161866382909e+01
-2.111260669024118908e+00 1.546297150617339078e+01
-2.109702907380456516e+00 1.361575526019356097e+01
-2.108145145736793680e+00 9.666837767982251250e+00
-2.106587384093130844e+00 1.016092476508341669e+01
-2.105029622449468452e+00 1.317625881816626432e+01
-2.103471860805806060e+00 1.316697577164685917e+01
-2.101914099162143224e+00 1.281433992408246780e+01
-2.100356337518480387e+00 1.414612551622014713e+01
-2.098798575874817995e+00 1.275280989452850555e+01
-2.097240814231155603e+00 1.173632104132153486e+01
-2.095683052587492767e+00 1.239592627087301047e+01
-2.094125290943829931e+00 1.055533140952836746e+01
-2.092567529300167539e+00 1.211341007408766579e+01
-2.091009767656505147e+00 1.342188285022019123e+01
-2.089452006012842311e+00 1.194132215084253623e+01
-2.087894244369179475e+00 1.108657549660772190e+01
-2.086336482725517083e+00 1.247787338146750180e+01
-2.084778721081854691e+00 1.273920061782950341e+01
-2.083220959438191855e+00 1.055265415972943188e+01
-2.081663197794529019e+00 9.614448612403235117e+00
-2.080105436150866183e+00 9.913108952978404886e+00
-2.078547674507203791e+00 1.138418353304436970e+01
-2.076989912863541399e+00 1.325066655264442339e+01
-2.075432151219878563e+00 1.276237312794992462e+01
-2.073874389576215727e+00 1.139162761815982527e+01
-2.072316627932553335e+00 1.048075115667027113e+01
-2.070758866288890943e+00 8.588197067975984922e+00
-2.069201104645228106e+00 9.794342611549911481e+00
-2.067643343001565270e+00 1.126345664395886992e+01
-2.066085581357902878e+00 1.119938678363521589e+01
-2.064527819714240486e+00 1.362892172529474877e+01
-2.062970058070577650e+00 1.520124682707122332e+01
-2.061412296426914814e+00 1.144193791468116217e+01
-2.059854534783252422e+00 9.722554468306485731e+00
-2.058296773139590030e+00 8.908005503978309036e+00
-2.056739011495927194e+00 9.502414924638406646e+00
-2.055181249852264358e+00 1.232769884204899746e+01
-2.053623488208601966e+00 1.361161400834678581e+01
-2.052065726564939574e+00 1.643488194116380896e+01
-2.050507964921276738e+00 1.437124373986839210e+01
-2.048950203277613902e+00 1.036278904928838429e+01
-2.047392441633951510e+00 1.059430280298635907e+01
-2.045834679990289118e+00 1.132221768718117971e+01
-2.044276918346626282e+00 1.223415064892756554e+01
-2.042719156702963446e+00 1.331353240663473159e+01
-2.041161395059300609e+00 1.411613797757660471e+01
-2.039603633415638217e+00 1.390319779567447611e+01
-2.038045871771975825e+00 1.287159184927532074e+01
-2.036488110128312989e+00 1.285422622915053203e+01
-2.034930348484650153e+00 1.267401062120979738e+01
-2.033372586840987761e+00 1.218546862432228650e+01
-2.031814825197325369e+00 1.122621690205193978e+01
-2.030257063553662533e+00 1.252443903303739425e+01
-2.028699301909999697e+00 1.430205151157294452e+01
-2.027141540266337305e+00 1.347840148555877349e+01
-2.025583778622674913e+00 1.250162208304426770e+01
-2.024026016979012077e+00 8.593881567191033355e+00
-2.022468255335349241e+00 9.321783508975492794e+00
-2.020910493691686849e+00 1.663044215366403833e+01
-2.019352732048024457e+00 1.519530273770106454e+01
-2.017794970404361621e+00 1.317041356862249479e+01
-2.016237208760698785e+00 1.394879278162091474e+01
-2.014679447117036393e+00 1.239608934278516017e+01
-2.013121685473374001e+00 9.902890886136191284e+00
-2.011563923829711165e+00 1.028532417021375345e+01
-2.010006162186048329e+00 1.213219331802617873e+01
-2.008448400542385937e+00 1.132000962087723650e+01
-2.006890638898723545e+00 1.112070791205100662e+01
-2.005332877255060708e+00 1.097389177136082061e+01
-2.003775115611397872e+00 1.259570498467261501e+01
-2.002217353967735036e+00 1.541851789676317885e+01
-2.000659592324072644e+00 1.246455879386175702e+01
-1.999101830680410030e+00 1.269853309853679235e+01
-1.997544069036747416e+00 1.324562315405101742e+01
-1.995986307393084802e+00 1.150185699072835455e+01
-1.994428545749422188e+00 1.228392049919852269e+01
-1.992870784105759574e+00 1.089116363798960130e+01
-1.991313022462096960e+00 9.330782141619319958e+00
-1.989755260818434346e+00 1.207843374640633805e+01
-1.988197499174771732e+00 1.392982128074223525e+01
-1.986639737531109118e+00 1.029517446007237957e+01
-1.985081975887446504e+00 1.218128488353183947e+01
-1.983524214243783890e+00 1.639433814293631642e+01
-1.981966452600121276e+00 1.346816953310377762e+01
-1.980408690956458662e+00 1.278471628862893539e+01
-1.978850929312796048e+00 9.554362688312327379e+00
-1.977293167669133434e+00 1.107056312450805180e+01
-1.975735406025470819e+00 1.295283425219981233e+01
-1.974177644381808205e+00 1.163023050756251386e+01
-1.972619882738145591e+00 1.181805717264207622e+01
-1.971062121094482977e+00 1.203735928207180983e+01
-1.969504359450820363e+00 1.314577407253447383e+01
-1.967946597807157749e+00 1.373716208580749765e+01
-1.966388836163495135e+00 1.334603397075302311e+01
-1.964831074519832521e+00 1.374295218834726384e+01
-1.963273312876169685e+00 1.102367173573259507e+01
-1.961715551232507071e+00 9.231708564966348618e+00
-1.960157789588844457e+00 1.149699519564252803e+01
-1.958600027945181843e+00 1.229132390669038344e+01
-1.957042266301519229e+00 1.372286392571983349e+01
-1.955484504657856615e+00 1.608646848839613597e+01
-1.953926743014194001e+00 1.451806089981986325e+01
-1.952368981370531387e+00 1.206365872272397866e+01
-1.950811219726868773e+00 1.175954645080344463e+01
-1.949253458083206159e+00 9.927755551710463422e+00
-1.947695696439543545e+00 9.388335640072808630e+00
-1.946137934795880930e+00 1.015354320082219886e+01
-1.944580173152218316e+00 1.205373630650659500e+01
-1.943022411508555702e+00 1.132593456542237220e+01
-1.941464649864893088e+00 1.181329294080589776e+01
-1.939906888221230474e+00 1.293969703486667022e+01
-1.938349126577567860e+00 1.317930106639615495e+01
-1.936791364933905246e+00 1.172946770648245263e+01
-1.935233603290242632e+00 1.148902811637743149e+01
-1.933675841646580018e+00 1.272138559170502248e+01
-1.932118080002917404e+00 1.051669954442925636e+01
-1.930560318359254790e+00 1.212358869334086009e+01
-1.929002556715592176e+00 1.447806471646852522e+01
-1.927444795071929562e+00 9.721223768270935039e+00
-1.925887033428266948e+00 1.098903492282540206e+01
-1.924329271784604112e+00 1.085343264053326173e+01
-1.922771510140941498e+00 1.071044057218170664e+01
-1.921213748497278884e+00 1.394801327189058604e+01
-1.919655986853616270e+00 1.537816371249669878e+01
-1.918098225209953656e+00 1.431956883513004541e+01
-1.916540463566291042e+00 1.326298963096510519e+01
-1.914982701922628427e+00 1.220988947151154314e+01
-1.913424940278965813e+00 9.632161438978958046e+00
-1.911867178635303199e+00 1.147539640238754899e+01
-1.910309416991640585e+00 1.445197600220469525e+01
-1.908751655347977971e+00 1.288646707705647998e+01
-1.907193893704315357e+00 1.187806381037960612e+01
-1.905636132060652743e+00 1.176162732155517787e+01
-1.904078370416990129e+00 1.145868051398912790e+01
-1.902520608773327515e+00 1.176116320027005457e+01
-1.900962847129664901e+00 1.270365080476838138e+01
-1.899405085486002287e+00 1.324113604013789214e+01
-1.897847323842339673e+00 1.189582095701392461e+01
-1.896289562198677059e+00 1.238128320598807086e+01
-1.894731800555014445e+00 1.594521253808385097e+01
-1.893174038911351831e+00 1.282837745849841227e+01
-1.891616277267689217e+00 7.544277344050389189e+00
-1.890058515624026603e+00 8.182522722403852811e+00
-1.888500753980363989e+00 9.272971833618004922e+00
-1.886942992336701375e+00 1.055319986795595710e+01
-1.885385230693038539e+00 1.270719591544778915e+01
-1.883827469049375924e+00 1.218069006548945588e+01
-1.882269707405713310e+00 1.193293334073183054e+01
-1.880711945762050696e+00 1.439454171508034719e+01
-1.879154184118388082e+00 1.325974717415420656e+01
-1.877596422474725468e+00 1.127562233977068828e+01
-1.876038660831062854e+00 1.360489755538769252e+01
-1.874480899187400240e+00 1.104763211407305867e+01
-1.872923137543737626e+00 1.237347288170874116e+01
-1.871365375900075012e+00 1.288035883780534796e+01
-1.869807614256412398e+00 1.008348890174832846e+01
-1.868249852612749784e+00 1.040770039243470890e+01
-1.866692090969087170e+00 1.007804104286816482e+01
-1.865134329325424556e+00 1.116627252558273575e+01
-1.863576567681761942e+00 1.347423684934209298e+01
-1.862018806038099328e+00 1.322465524195563447e+01
-1.860461044394436714e+00 1.140805773361163666e+01
-1.858903282750774100e+00 1.273751387352730369e+01
-1.857345521107111486e+00 1.433427811223029025e+01
-1.855787759463448872e+00 1.095987832691147901e+01
-1.854229997819786258e+00 1.503004058487103656e+01
-1.852672236176123644e+00 1.581430215941713868e+01
-1.851114474532461029e+00 1.186072057559338155e+01
-1.849556712888798415e+00 1.234263633395780424e+01
-1.847998951245135801e+00 1.140786908634659369e+01
-1.846441189601472965e+00 1.079443875227127236e+01
-1.844883427957810351e+00 1.300379337624202947e+01
-1.843325666314147737e+00 1.439492600685781198e+01
-1.841767904670485123e+00 1.367088987884810436e+01
-1.840210143026822509e+00 1.229030085735766420e+01
-1.838652381383159895e+00 1.383219523573866283e+01
-1.837094619739497281e+00 1.289725142614832265e+01
-1.835536858095834667e+00 1.141481906856778572e+01
-1.833979096452172053e+00 1.142142737697651533e+01
-1.832421334808509439e+00 1.241605917934850645e+01
-1.830863573164846825e+00 1.191183422597945807e+01
-1.829305811521184211e+00 1.051579157266432318e+01
-1.827748049877521597e+00 1.205169895757522092e+01
-1.826190288233858983e+00 1.272112859313659783e+01
-1.824632526590196369e+00 1.291689111259205980e+01
-1.823074764946533755e+00 1.627986495880099582e+01
-1.821517003302871140e+00 1.404664875014269221e+01
-1.819959241659208526e+00 1.065341844564787976e+01
-1.818401480015545912e+00 1.165376811144026981e+01
-1.816843718371883298e+00 1.308882831215031572e+01
-1.815285956728220684e+00 1.211968435551874990e+01
-1.813728195084558070e+00 1.262768317333214441e+01
-1.812170433440895456e+00 1.232356162300111002e+01
-1.810612671797232842e+00 9.114653887444184477e+00
-1.809054910153570228e+00 9.706451697731854011e+00
-1.807497148509907392e+00 1.269388105797425936e+01
-1.805939386866244778e+00 1.274498360887016268e+01
-1.804381625222582164e+00 1.043402636905425496e+01
-1.802823863578919550e+00 1.163700135921337875e+01
-1.801266101935256936e+00 1.337329862668513236e+01
-1.799708340291594322e+00 1.446923915852369014e+01
-1.798150578647931708e+00 1.298623458051821622e+01
-1.796592817004269094e+00 1.216657521715940504e+01
-1.795035055360606480e+00 1.269500171934540589e+01
-1.793477293716943866e+00 1.464389453951706521e+01
-1.791919532073281252e+00 1.914518580786077351e+01
-1.790361770429618637e+00 1.753996014175942619e+01
-1.788804008785956023e+00 1.478114773206311305e+01
-1.787246247142293409e+00 1.410045828060163053e+01
-1.785688485498630795e+00 1.415926834741561358e+01
-1.784130723854968181e+00 1.391127540870070156e+01
-1.782572962211305567e+00 1.145715708701664326e+01
-1.781015200567642953e+00 1.174501886278140894e+01
-1.779457438923980339e+00 1.270834452336034737e+01
-1.777899677280317725e+00 1.074350738637942193e+01
-1.776341915636655111e+00 1.271326579749212904e+01
-1.774784153992992497e+00 1.709895740057905300e+01
-1.773226392349329883e+00 1.334344501253528037e+01
-1.771668630705667269e+00 9.407786847152840082e+00
-1.770110869062004655e+00 8.803025286463906696e+00
-1.768553107418341819e+00 9.250906241157975884e+00
-1.766995345774679205e+00 1.372634570712425095e+01
-1.765437584131016591e+00 1.574287325043992070e+01
-1.763879822487353977e+00 1.529829890252589841e+01
-1.762322060843691363e+00 1.353307132070412955e+01
-1.760764299200028749e+00 1.164850387138529442e+01
-1.759206537556366134e+00 1.221191689270065872e+01
-1.757648775912703520e+00 1.235114741339295286e+01
-1.756091014269040906e+00 1.403987318459097722e+01
-1.754533252625378292e+00 1.511010010375673218e+01
-1.752975490981715678e+00 1.337012359934646355e+01
-1.751417729338053064e+00 1.089586769124981736e+01
-1.749859967694390450e+00 9.963553609553363444e+00
-1.748302206050727836e+00 1.211212077308743140e+01
-1.746744444407065222e+00 1.305499528161756473e+01
-1.745186682763402608e+00 1.270235958006709431e+01
-1.743628921119739994e+00 1.275284951587051729e+01
-1.742071159476077380e+00 1.351663617808446638e+01
-1.740513397832414766e+00 1.446662333171779480e+01
-1.738955636188752152e+00 1.183178205632930968e+01
-1.737397874545089538e+00 9.459313177891370827e+00
-1.735840112901426924e+00 9.961843570118814384e+00
-1.734282351257764310e+00 1.069277956534274487e+01
-1.732724589614101696e+00 1.216175620371852162e+01
-1.731166827970439082e+00 1.453628273729098375e+01
-1.729609066326776246e+00 1.593743141037228384e+01
-1.728051304683113631e+00 1.456670434025194361e+01
-1.726493543039451017e+00 1.315277595459005511e+01
-1.724935781395788403e+00 1.176512611087007620e+01
-1.723378019752125789e+00 1.124688742182677359e+01
-1.721820258108463175e+00 1.167209477069071433e+01
-1.720262496464800561e+00 9.587068717682003083e+00
-1.718704734821137947e+00 1.130853843455128072e+01
-1.717146973177475333e+00 1.406352607306901703e+01
-1.715589211533812719e+00 1.279614565873629850e+01
-1.714031449890150105e+00 1.190907240459351435e+01
-1.712473688246487491e+00 1.482159885739600824e+01
-1.710915926602824877e+00 1.616534875817400163e+01
-1.709358164959162263e+00 1.282360225349728644e+01
-1.707800403315499649e+00 1.204381386551358979e+01
-1.706242641671837035e+00 9.108606834337804159e+00
-1.704684880028174421e+00 1.309654265857830424e+01
-1.703127118384511807e+00 1.393682045709635098e+01
-1.701569356740849193e+00 1.253360564934863675e+01
-1.700011595097186579e+00 1.210773609067066658e+01
-1.698453833453523965e+00 1.005662601938310807e+01
-1.696896071809861350e+00 1.096407304800408333e+01
-1.695338310166198736e+00 1.368586017154389367e+01
-1.693780548522536122e+00 1.266817312090598691e+01
-1.692222786878873508e+00 9.275592369946682680e+00
-1.690665025235210672e+00 1.210167646379376372e+01
-1.689107263591548058e+00 1.563519994722670781e+01
-1.687549501947885444e+00 1.217683485414659827e+01
-1.685991740304222830e+00 9.756615978620406082e+00
-1.684433978660560216e+00 1.020013526637497669e+01
-1.682876217016897602e+00 1.015535099996706769e+01
-1.681318455373234988e+00 9.211312129985749664e+00
-1.679760693729572374e+00 9.669646098140438184e+00
-1.678202932085909760e+00 1.180864512568857094e+01
-1.676645170442247146e+00 1.124183187646019455e+01
-1.675087408798584532e+00 1.227610654999011075e+01
-1.673529647154921918e+00 1.396010439544316739e+01
-1.671971885511259304e+00 1.127280768538007116e+01
-1.670414123867596690e+00 1.188812687157026815e+01
-1.668856362223934076e+00 1.370182857781558994e+01
-1.667298600580271462e+00 1.305032506211880516e+01
-1.665740838936608847e+00 1.065569738123994448e+01
-1.664183077292946233e+00 8.984418792613897864e+00
-1.662625315649283619e+00 1.041602846659041504e+01
-1.661067554005621005e+00 1.197176064353143055e+01
-1.659509792361958391e+00 1.278330730250826974e+01
-1.657952030718295777e+00 1.189210183639711715e+01
-1.656394269074633163e+00 1.156148959589184244e+01
-1.654836507430970549e+00 1.176992947905012343e+01
-1.653278745787307935e+00 9.702637569196177481e+00
-1.651720984143645099e+00 8.619319535907282059e+00
-1.650163222499982485e+00 1.120572858979463682e+01
-1.648605460856319871e+00 1.267448416862906235e+01
-1.647047699212657257e+00 1.071577695406507758e+01
-1.645489937568994643e+00 1.095069413181344409e+01
-1.643932175925332029e+00 1.197642342624524403e+01
-1.642374414281669415e+00 1.236262768364809794e+01
-1.640816652638006801e+00 1.277444980799514518e+01
-1.639258890994344187e+00 1.360076187815882598e+01
-1.637701129350681573e+00 1.295211533511334778e+01
-1.636143367707018959e+00 1.079755829538341061e+01
-1.634585606063356344e+00 1.170292719915303081e+01
-1.633027844419693730e+00 1.440975342925268698e+01
-1.631470082776031116e+00 1.493399378343469763e+01
-1.629912321132368502e+00 1.258844086675840401e+01
-1.628354559488705888e+00 8.940352379625133850e+00
-1.626796797845043274e+00 9.953544983302482052e+00
-1.625239036201380660e+00 1.126799329607776201e+01
-1.623681274557718046e+00 1.271599288288870966e+01
-1.622123512914055432e+00 1.319324148329470958e+01
-1.620565751270392818e+00 1.477297777464477591e+01
-1.619007989626730204e+00 1.565553650122733131e+01
-1.617450227983067590e+00 1.115511382806728236e+01
-1.615892466339404976e+00 1.110848853699985561e+01
-1.614334704695742362e+00 1.601590200741817682e+01
-1.612776943052079526e+00 1.450340217798444620e+01
-1.611219181408416912e+00 1.405329551909628627e+01
-1.609661419764754298e+00 1.666740169785840919e+01
-1.608103658121091684e+00 1.432838307312093562e+01
-1.606545896477429070e+00 1.313695430292529842e+01
-1.604988134833766456e+00 1.357682189924534555e+01
-1.603430373190103841e+00 1.109980272761939801e+01
-1.601872611546441227e+00 1.186917502611045983e+01
-1.600314849902778613e+00 1.251132908835137414e+01
-1.598757088259115999e+00 1.087400274473753115e+01
-1.597199326615453385e+00 1.454437573636714021e+01
-1.595641564971790771e+00 1.617343076619295061e+01
-1.594083803328128157e+00 1.356942060765051039e+01
-1.592526041684465543e+00 1.401365038235127791e+01
-1.590968280040802929e+00 1.359751638144800268e+01
-1.589410518397140315e+00 1.195274821829352341e+01
-1.587852756753477701e+00 1.144949653093285846e+01
-1.586294995109815087e+00 1.040398789303338489e+01
-1.584737233466152473e+00 9.368639135890848735e+00
-1.583179471822489859e+00 1.021295403468947427e+01
-1.581621710178827245e+00 1.183601083667893761e+01
-1.580063948535164631e+00 1.161913800779215222e+01
-1.578506186891502017e+00 1.294447231410090815e+01
-1.576948425247839403e+00 1.152835257293987681e+01
-1.575390663604176789e+00 1.067575808159023154e+01
-1.573832901960513952e+00 1.284128701028827813e+01
-1.572275140316851338e+00 1.099752589708924866e+01
-1.570717378673188724e+00 1.144060034726338948e+01
-1.569159617029526110e+00 1.245617578795294556e+01
-1.567601855385863496e+00 1.316253706867855122e+01
-1.566044093742200882e+00 1.545193865423457780e+01
-1.564486332098538268e+00 1.192422072847672965e+01
-1.562928570454875654e+00 1.032172359472203382e+01
-1.561370808811213040e+00 1.292941783212474327e+01
-1.559813047167550426e+00 1.225021622260248577e+01
-1.558255285523887812e+00 1.155040742100757711e+01
-1.556697523880225198e+00 1.223043417603986427e+01
-1.555139762236562584e+00 1.388887280328768625e+01
-1.553582000592899970e+00 1.577919656970443718e+01
-1.552024238949237356e+00 1.398846804165090951e+01
-1.550466477305574742e+00 1.307566841840560734e+01
-1.548908715661912128e+00 1.072862501976130822e+01
-1.547350954018249514e+00 9.580507034873505745e+00
-1.545793192374586900e+00 1.162585444538515844e+01
-1.544235430730924286e+00 1.163993338321527382e+01
-1.542677669087261672e+00 9.998002555244562828e+00
-1.541119907443599057e+00 1.226235822613470461e+01
-1.539562145799936443e+00 1.209152303991145061e+01
-1.538004384156273829e+00 7.773534537767989860e+00
-1.536446622512611215e+00 9.056212525204495378e+00
-1.534888860868948379e+00 1.196974366984838589e+01
-1.533331099225285765e+00 1.031574982873735458e+01
-1.531773337581623151e+00 1.031090212757449009e+01
-1.530215575937960537e+00 1.252916133892631301e+01
-1.528657814294297923e+00 1.425280045424388042e+01
-1.527100052650635309e+00 1.456237248718008814e+01
-1.525542291006972695e+00 1.337548009929751203e+01
-1.523984529363310081e+00 1.480558424271494289e+01
-1.522426767719647467e+00 1.506694075423166801e+01
-1.520869006075984853e+00 1.307740285810134928e+01
-1.519311244432322239e+00 1.298045538046854652e+01
-1.517753482788659625e+00 1.509538715018929267e+01
-1.516195721144997011e+00 1.373508077797775861e+01
-1.514637959501334397e+00 1.188393859008212239e+01
-1.513080197857671783e+00 1.395397120930520174e+01
-1.511522436214009169e+00 1.331732454646523145e+01
-1.509964674570346554e+00 1.498008513240916173e+01
-1.508406912926683940e+00 1.249663348908751814e+01
-1.506849151283021326e+00 1.044660830051942035e+01
-1.505291389639358712e+00 1.228333239186858172e+01
-1.503733627995696098e+00 1.201588456272983052e+01
-1.502175866352033484e+00 1.145312608778007046e+01
-1.500618104708370870e+00 1.248089439359170605e+01
-1.499060343064708256e+00 1.208213615045288769e+01
-1.497502581421045642e+00 1.204142606196479193e+01
-1.495944819777382806e+00 9.419959057279141845e+00
-1.494387058133720192e+00 1.059788049423515233e+01
-1.492829296490057578e+00 1.213319582082490911e+01
-1.491271534846394964e+00 1.281016854590938614e+01
-1.489713773202732350e+00 1.511472420406918182e+01
-1.488156011559069736e+00 1.465071465466229839e+01
-1.486598249915407122e+00 1.091849546061347986e+01
-1.485040488271744508e+00 9.527810618893351347e+00
-1.483482726628081894e+00 1.133464751216878241e+01
-1.481924964984419280e+00 1.251012028302439738e+01
-1.480367203340756665e+00 1.340438066081626012e+01
-1.478809441697094051e+00 1.446269029590333943e+01
-1.477251680053431437e+00 1.347053998774781824e+01
-1.475693918409768823e+00 1.315558425634817041e+01
-1.474136156766106209e+00 1.281057654952646629e+01
-1.472578395122443595e+00 1.214807736541530758e+01
-1.471020633478780981e+00 1.202382868044491815e+01
-1.469462871835118367e+00 1.148365329671896795e+01
-1.467905110191455753e+00 1.492803123988776548e+01
-1.466347348547793139e+00 1.631259840919985038e+01
-1.464789586904130525e+00 1.466574628671239999e+01
-1.463231825260467911e+00 1.374925818200336103e+01
-1.461674063616805297e+00 1.202413531725404461e+01
-1.460116301973142683e+00 1.008422407312039404e+01
-1.458558540329480069e+00 8.801153254932584602e+00
-1.457000778685817233e+00 1.007892403362299838e+01
-1.455443017042154619e+00 1.290835560828311124e+01
-1.453885255398492005e+00 1.360270302274618004e+01
-1.452327493754829391e+00 1.398680494101859928e+01
-1.450769732111166777e+00 1.251030684490726408e+01
-1.449211970467504162e+00 1.160904284990181878e+01
-1.447654208823841548e+00 1.304683313327179306e+01
-1.446096447180178934e+00 1.308868487832065597e+01
-1.444538685536516320e+00 1.220063023255856649e+01
-1.442980923892853706e+00 1.442346871163010036e+01
-1.441423162249191092e+00 1.525788598865439027e+01
-1.439865400605528478e+00 1.333016648158495876e+01
-1.438307638961865864e+00 1.136830364671214610e+01
-1.436749877318203250e+00 1.093837310652005002e+01
-1.435192115674540636e+00 1.206077750618513278e+01
-1.433634354030878022e+00 1.284931223927339872e+01
-1.432076592387215408e+00 1.004374164448064732e+01
-1.430518830743552794e+00 9.353118351765010274e+00
-1.428961069099890180e+00 1.316570342744572919e+01
-1.427403307456227566e+00 1.363000190732556050e+01
-1.425845545812564952e+00 1.453896197704813176e+01
-1.424287784168902338e+00 1.433559340672516313e+01
-1.422730022525239724e+00 1.278703968339304708e+01
-1.421172260881577110e+00 1.135979544724962231e+01
-1.419614499237914496e+00 1.141763918047522708e+01
-1.418056737594251659e+00 1.258612794616787411e+01
-1.416498975950589045e+00 1.155117570228316026e+01
-1.414941214306926431e+00 1.313670858246710438e+01
-1.413383452663263817e+00 1.455155000849337021e+01
-1.411825691019601203e+00 1.248521143041467951e+01
-1.410267929375938589e+00 1.175890242933356333e+01
-1.408710167732275975e+00 1.333074697712806156e+01
-1.407152406088613361e+00 1.290594882273422428e+01
-1.405594644444950747e+00 1.438985600476060966e+01
-1.404036882801288133e+00 1.317488274782822266e+01
-1.402479121157625519e+00 7.738505409793319245e+00
-1.400921359513962905e+00 1.023194854065101289e+01
-1.399363597870300291e+00 1.156484143715730184e+01
-1.397805836226637677e+00 1.233646890275079500e+01
-1.396248074582975063e+00 1.467139462489218360e+01
-1.394690312939312449e+00 1.469240696847121974e+01
-1.393132551295649835e+00 1.713145568966646337e+01
-1.391574789651987221e+00 1.597348371277462142e+01
-1.390017028008324607e+00 8.511693221098992623e+00
-1.388459266364661993e+00 1.577080593812939568e+01
-1.386901504720999379e+00 1.743318694350195841e+01
-1.385343743077336764e+00 1.369398228344853763e+01
-1.383785981433674150e+00 1.276608248553936242e+01
-1.382228219790011536e+00 1.074469996188609500e+01
-1.380670458146348922e+00 1.161260861791982890e+01
-1.379112696502686086e+00 1.372514027424684535e+01
-1.377554934859023472e+00 1.530098242693953559e+01
-1.375997173215360858e+00 1.613129777796758546e+01
-1.374439411571698244e+00 1.281504102083019170e+01
-1.372881649928035630e+00 1.042289378892299290e+01
-1.371323888284373016e+00 1.167756797597526663e+01
-1.369766126640710402e+00 1.276241217102699110e+01
-1.368208364997047788e+00 1.177631923395002644e+01
-1.366650603353385174e+00 1.077335355309882381e+01
-1.365092841709722560e+00 1.376354993039089614e+01
-1.363535080066059946e+00 1.534417183494859316e+01
-1.361977318422397332e+00 1.364646338150943450e+01
-1.360419556778734718e+00 1.589489570294395548e+01
-1.358861795135072104e+00 1.849919172544652213e+01
-1.357304033491409490e+00 1.810942128499453219e+01
-1.355746271847746875e+00 1.485560156940618448e+01
-1.354188510204084261e+00 1.295920861245649824e+01
-1.352630748560421647e+00 1.539713782459588032e+01
-1.351072986916759033e+00 1.386348147732171654e+01
-1.349515225273096419e+00 1.170397357232666202e+01
-1.347957463629433805e+00 1.107825219088693913e+01
-1.346399701985771191e+00 1.279902089480188287e+01
-1.344841940342108577e+00 1.381657735375274143e+01
-1.343284178698445963e+00 1.239058160901417160e+01
-1.341726417054783349e+00 1.253716125100660861e+01
-1.340168655411120513e+00 1.342719405711889991e+01
-1.338610893767457899e+00 1.467305567797738597e+01
-1.337053132123795285e+00 1.177721695695687743e+01
-1.335495370480132671e+00 9.680885676321953071e+00
-1.333937608836470057e+00 1.073850658752982135e+01
-1.332379847192807443e+00 1.197365448130812027e+01
-1.330822085549144829e+00 1.385214055138198574e+01
-1.329264323905482215e+00 1.426884679550291146e+01
-1.327706562261819601e+00 1.117178619690938390e+01
-1.326148800618156987e+00 9.619615768050254090e+00
-1.324591038974494372e+00 1.121156450566861196e+01
-1.323033277330831758e+00 1.211902132422229705e+01
-1.321475515687169144e+00 1.452749751791929889e+01
-1.319917754043506530e+00 1.658874256264354230e+01
-1.318359992399843916e+00 1.376172248636274631e+01
-1.316802230756181302e+00 7.715132565583122215e+00
-1.315244469112518688e+00 6.216068321117394824e+00
-1.313686707468856074e+00 1.330873526656055184e+01
-1.312128945825193460e+00 1.431656334757220961e+01
-1.310571184181530846e+00 1.184826867655266192e+01
-1.309013422537868232e+00 1.249196284495616638e+01
-1.307455660894205618e+00 1.139791779892046009e+01
-1.305897899250543004e+00 1.216544260009538547e+01
-1.304340137606880390e+00 1.486374358262502327e+01
-1.302782375963217776e+00 1.484151399638440338e+01
-1.301224614319554940e+00 1.349740164894605954e+01
-1.299666852675892326e+00 1.481488918352732220e+01
-1.298109091032229712e+00 1.673290857461469372e+01
-1.296551329388567098e+00 1.264122937490593834e+01
-1.294993567744904484e+00 1.271984966882121348e+01
-1.293435806101241869e+00 1.261656474890846624e+01
-1.291878044457579255e+00 1.143560021319917475e+01
-1.290320282813916641e+00 1.232816624514288684e+01
-1.288762521170254027e+00 1.255819285283765119e+01
-1.287204759526591413e+00 1.383791353634004118e+01
-1.285646997882928799e+00 1.394437832776901942e+01
-1.284089236239266185e+00 1.214058985245521960e+01
-1.282531474595603571e+00 9.037768352854000042e+00
-1.280973712951940957e+00 1.195441300106375593e+01
-1.279415951308278343e+00 1.426200679515036818e+01
-1.277858189664615729e+00 1.301113294821266742e+01
-1.276300428020953115e+00 1.250177885841366532e+01
-1.274742666377290501e+00 1.240470310722519542e+01
-1.273184904733627887e+00 1.110167687526308278e+01
-1.271627143089965273e+00 1.209738918175307631e+01
-1.270069381446302659e+00 1.342067680872716728e+01
-1.268511619802640045e+00 1.381919813544353026e+01
-1.266953858158977431e+00 1.530227561487914834e+01
-1.265396096515314817e+00 1.405436946465136394e+01
-1.263838334871652203e+00 1.141882674137317721e+01
-1.262280573227989366e+00 1.158696228984263854e+01
-1.260722811584326752e+00 1.024159947606206877e+01
-1.259165049940664138e+00 1.080109534283029582e+01
-1.257607288297001524e+00 1.170886919260627757e+01
-1.256049526653338910e+00 9.297061606947494283e+00
-1.254491765009676296e+00 1.177129235914808447e+01
-1.252934003366013682e+00 1.258997949407255668e+01
-1.251376241722351068e+00 9.858137245985364672e+00
-1.249818480078688454e+00 1.576905327464347373e+01
-1.248260718435025840e+00 1.674561660534856600e+01
-1.246702956791363226e+00 1.236820328684129855e+01
-1.245145195147700612e+00 1.270309926541130352e+01
-1.243587433504037998e+00 1.491400088092687781e+01
-1.242029671860375384e+00 1.457774494388982589e+01
-1.240471910216712770e+00 1.346567394562586983e+01
-1.238914148573050156e+00 1.683513586984105359e+01
-1.237356386929387542e+00 1.617584511576541573e+01
-1.235798625285724928e+00 1.434272657799080619e+01
-1.234240863642062314e+00 1.505202898583666027e+01
-1.232683101998399700e+00 1.261547061097146738e+01
-1.231125340354737085e+00 1.618410412421463818e+01
-1.229567578711074471e+00 1.791915017994985959e+01
-1.228009817067411857e+00 1.482425287426086769e+01
-1.226452055423749243e+00 1.339696030003501370e+01
-1.224894293780086629e+00 1.311578538634503666e+01
-1.223336532136423793e+00 1.401537580497055657e+01
-1.221778770492761179e+00 1.221554867913181397e+01
-1.220221008849098565e+00 1.456190465433763670e+01
-1.218663247205435951e+00 1.369315304148438983e+01
-1.217105485561773337e+00 1.115277714907042750e+01
-1.215547723918110723e+00 1.178215747621107212e+01
-1.213989962274448109e+00 1.167531033687591702e+01
-1.212432200630785495e+00 1.333904095979035986e+01
-1.210874438987122881e+00 1.584736978859712941e+01
-1.209316677343460267e+00 1.511649215938005675e+01
-1.207758915699797653e+00 1.169790684379509571e+01
-1.206201154056135039e+00 1.068399295118755354e+01
-1.204643392412472425e+00 1.162809674478280897e+01
-1.203085630768809811e+00 1.406630185625378893e+01
-1.201527869125147197e+00 1.398917244328150034e+01
-1.199970107481484582e+00 1.235332148269128183e+01
-1.198412345837821968e+00 1.266022487176503297e+01
-1.196854584194159354e+00 1.360078038293573144e+01
-1.195296822550496740e+00 1.474814804227573006e+01
-1.193739060906834126e+00 1.399754795859523249e+01
-1.192181299263171512e+00 1.380633725093200681e+01
-1.190623537619508898e+00 1.319001956623853822e+01
-1.189065775975846062e+00 1.141275986447912594e+01
-1.187508014332183670e+00 1.289028021604795171e+01
-1.185950252688520834e+00 1.301875781912157848e+01
-1.184392491044858442e+00 1.149496293774256905e+01
-1.182834729401195606e+00 1.196997144110389399e+01
-1.181276967757533214e+00 1.362928339612434669e+01
-1.179719206113870378e+00 1.424103224499216758e+01
-1.178161444470207986e+00 1.473688583184424061e+01
-1.176603682826545150e+00 1.421077679529630799e+01
-1.175045921182882758e+00 1.089355242619149422e+01
-1.173488159539219922e+00 1.109478442020670030e+01
-1.171930397895557530e+00 1.329017411567689244e+01
-1.170372636251894694e+00 1.356856280954615812e+01
-1.168814874608232302e+00 1.619783291353825305e+01
-1.167257112964569465e+00 1.443585989981253626e+01
-1.165699351320906629e+00 1.497280685777866793e+01
-1.164141589677244237e+00 1.919462939551944913e+01
-1.162583828033581401e+00 1.411371483554997930e+01
-1.161026066389919009e+00 1.260353052599614898e+01
-1.159468304746256173e+00 1.502195078641000414e+01
-1.157910543102593781e+00 1.266539770743867699e+01
-1.156352781458930945e+00 1.186788126189888359e+01
-1.154795019815268553e+00 1.205489927095507241e+01
-1.153237258171605717e+00 1.075471384565484101e+01
-1.151679496527943325e+00 1.153608869518152247e+01
-1.150121734884280489e+00 1.362510299565840022e+01
-1.148563973240618097e+00 1.300756693765893424e+01
-1.147006211596955261e+00 1.314390464318920770e+01
-1.145448449953292869e+00 1.590682288501928632e+01
-1.143890688309630033e+00 1.677358221109105685e+01
-1.142332926665967641e+00 1.578457054151714267e+01
-1.140775165022304805e+00 1.412701680467636933e+01
-1.139217403378642413e+00 1.342507519323425136e+01
-1.137659641734979576e+00 1.274325720031028553e+01
-1.136101880091317184e+00 1.480792108475375990e+01
-1.134544118447654348e+00 1.626493076180242525e+01
-1.132986356803991956e+00 1.398762619241330540e+01
-1.131428595160329120e+00 1.225915905021895469e+01
-1.129870833516666728e+00 1.270142600950812195e+01
-1.128313071873003892e+00 1.366805930153499382e+01
-1.126755310229341056e+00 1.499591710702568648e+01
-1.125197548585678664e+00 1.265755375293792895e+01
-1.123639786942015828e+00 1.127032427230045464e+01
-1.122082025298353436e+00 1.264758520487536408e+01
-1.120524263654690600e+00 1.686752017103339440e+01
-1.118966502011028208e+00 1.462340886924476990e+01
-1.117408740367365372e+00 1.294931540284198768e+01
-1.115850978723702980e+00 1.336356847188277364e+01
-1.114293217080040144e+00 1.428474692934217138e+01
-1.112735455436377752e+00 1.474606816485911231e+01
-1.111177693792714916e+00 1.446560618697469813e+01
-1.109619932149052524e+00 1.632813513007000239e+01
-1.108062170505389687e+00 1.481545897450117444e+01
-1.106504408861727295e+00 1.416682712010620726e+01
-1.104946647218064459e+00 1.548569130497472202e+01
-1.103388885574402067e+00 1.589881529434789798e+01
-1.101831123930739231e+00 1.515186156428202935e+01
-1.100273362287076839e+00 1.150109300235757637e+01
-1.098715600643414003e+00 1.065138025607955541e+01
-1.097157838999751611e+00 1.393480361160530023e+01
-1.095600077356088775e+00 1.426715085389569992e+01
-1.094042315712426383e+00 1.192166041966637025e+01
-1.092484554068763547e+00 1.153954417294741752e+01
-1.090926792425101155e+00 1.398219797009944010e+01
-1.089369030781438319e+00 1.711470776388916093e+01
-1.087811269137775483e+00 1.590561363013389595e+01
-1.086253507494113091e+00 1.547334352583505357e+01
-1.084695745850450255e+00 1.257700042891956649e+01
-1.083137984206787863e+00 1.108585688991355944e+01
-1.081580222563125027e+00 1.361922972577869828e+01
-1.080022460919462635e+00 1.301655900355425999e+01
-1.078464699275799799e+00 1.366574053265292754e+01
-1.076906937632137407e+00 1.866770886980615174e+01
-1.075349175988474570e+00 1.806765467685274018e+01
-1.073791414344812178e+00 1.195622618685474059e+01
-1.072233652701149342e+00 1.209254852107323508e+01
-1.070675891057486950e+00 1.425509877987438045e+01
-1.069118129413824114e+00 1.739317087448736388e+01
-1.067560367770161722e+00 1.548057261206811752e+01
-1.066002606126498886e+00 1.028394621155070965e+01
-1.064444844482836494e+00 1.165786539870486571e+01
-1.062887082839173658e+00 1.440425775375321749e+01
-1.061329321195511266e+00 1.203138883999275066e+01
-1.059771559551848430e+00 8.974788157214256046e+00
-1.058213797908186038e+00 9.618217201985585163e+00
-1.056656036264523202e+00 1.408541518481883692e+01
-1.055098274620860810e+00 1.576651697534461682e+01
-1.053540512977197974e+00 1.352526221611023338e+01
-1.051982751333535582e+00 1.761376422830770494e+01
-1.050424989689872746e+00 1.681920112346473317e+01
-1.048867228046209910e+00 1.301114368305279179e+01
-1.047309466402547518e+00 1.388869643226284900e+01
-1.045751704758884681e+00 1.488400572399240396e+01
-1.044193943115222289e+00 1.668467150487256134e+01
-1.042636181471559453e+00 1.694078458150191224e+01
-1.041078419827897061e+00 1.421222753366535940e+01
-1.039520658184234225e+00 1.209926523121858111e+01
-1.037962896540571833e+00 1.269550077523806308e+01
-1.036405134896908997e+00 1.528280853160029551e+01
-1.034847373253246605e+00 1.492720234230724508e+01
-1.033289611609583769e+00 1.336189990125327576e+01
-1.031731849965921377e+00 1.595219204446676997e+01
-1.030174088322258541e+00 1.713280731768593057e+01
-1.028616326678596149e+00 1.416997270416357324e+01
-1.027058565034933313e+00 1.380418626481621835e+01
-1.025500803391270921e+00 1.365150324763789769e+01
-1.023943041747608085e+00 1.526269041731825205e+01
-1.022385280103945693e+00 1.513069550545824349e+01
-1.020827518460282857e+00 1.420944703728909531e+01
-1.019269756816620465e+00 1.471438778363862454e+01
-1.017711995172957629e+00 1.483613963312035722e+01
-1.016154233529295237e+00 1.506945557032217309e+01
-1.014596471885632401e+00 1.575155859658722690e+01
-1.013038710241970008e+00 1.502346699903755756e+01
-1.011480948598307172e+00 1.557563346937267568e+01
-1.009923186954644336e+00 1.574031831743200449e+01
-1.008365425310981944e+00 1.425081910415811315e+01
-1.006807663667319108e+00 1.467070699604765949e+01
-1.005249902023656716e+00 1.577985562653186413e+01
-1.003692140379993880e+00 1.424960297856304692e+01
-1.002134378736331488e+00 1.288979541230198045e+01
-1.000576617092668652e+00 1.303556349869991315e+01
-9.990188554490062600e-01 1.461948063307087864e+01
-9.974610938053434239e-01 1.658529406529788375e+01
-9.959033321616810319e-01 1.683488012412558987e+01
-9.943455705180181958e-01 1.459473177690170154e+01
-9.927878088743558038e-01 1.426692807187280998e+01
-9.912300472306929677e-01 1.194582656636427664e+01
-9.896722855870305757e-01 1.405721210183508596e+01
-9.881145239433677396e-01 1.445985328529702585e+01
-9.865567622997053476e-01 1.204164926987659712e+01
-9.849990006560425115e-01 1.371453427645606382e+01
-9.834412390123801195e-01 1.593472287884505789e+01
-9.818834773687172834e-01 1.523847676110423066e+01
-9.803257157250548914e-01 1.315904493545252407e+01
-9.787679540813920553e-01 1.412092166349470546e+01
-9.772101924377296633e-01 1.448021330034314325e+01
-9.756524307940668272e-01 1.178158849670702502e+01
-9.740946691504044352e-01 1.622385279946612968e+01
-9.725369075067415991e-01 1.671976329775812431e+01
-9.709791458630787631e-01 1.289352132617269220e+01
-9.694213842194163711e-01 1.572284207486472596e+01
-9.678636225757535350e-01 1.682847660705481729e+01
-9.663058609320911430e-01 1.239754505534138573e+01
-9.647480992884283069e-01 1.206118617332875331e+01
-9.631903376447659149e-01 1.422197169953615337e+01
-9.616325760011030788e-01 1.274474553552237666e+01
-9.600748143574406868e-01 1.275673232250863620e+01
-9.585170527137778507e-01 1.383857889428557364e+01
-9.569592910701154587e-01 1.403996021238759440e+01
-9.554015294264526226e-01 1.514849411181444339e+01
-9.538437677827902306e-01 1.343543550529156150e+01
-9.522860061391273945e-01 1.368631849928488720e+01
-9.507282444954650025e-01 1.618859055110107903e+01
-9.491704828518021664e-01 1.648908285212755231e+01
-9.476127212081397744e-01 1.429930652829479953e+01
-9.460549595644769383e-01 1.576528066771282255e+01
-9.444971979208145463e-01 1.605299685747421989e+01
-9.429394362771517102e-01 1.305801848939417020e+01
-9.413816746334893182e-01 1.294499223699915369e+01
-9.398239129898264821e-01 1.402856995287501540e+01
-9.382661513461640901e-01 1.427118005990624461e+01
-9.367083897025012540e-01 1.638298807300428095e+01
-9.351506280588388620e-01 1.987290405259152237e+01
-9.335928664151760259e-01 1.720986402445946695e+01
-9.320351047715131898e-01 1.370820605098688816e+01
-9.304773431278507978e-01 1.387725823812237280e+01
-9.289195814841879617e-01 1.121571333455800712e+01
-9.273618198405255697e-01 1.286023216519613577e+01
-9.258040581968627336e-01 1.176033009468624790e+01
-9.242462965532003416e-01 1.288083495710842818e+01
-9.226885349095375055e-01 1.447181034902576435e+01
-9.211307732658751135e-01 1.389842055503029172e+01
-9.195730116222122774e-01 1.441547010314695143e+01
-9.180152499785498854e-01 1.337871854918601677e+01
-9.164574883348870493e-01 1.082520365673650886e+01
-9.148997266912246573e-01 1.107047935214466605e+01
-9.133419650475618212e-01 1.234405147730448249e+01
-9.117842034038994292e-01 1.341128373911094940e+01
-9.102264417602365931e-01 1.510181007987260671e+01
-9.086686801165742011e-01 1.635301649089698373e+01
-9.071109184729113650e-01 1.425748033173833917e+01
-9.055531568292489730e-01 1.459986067266209986e+01
-9.039953951855861369e-01 1.717893134354598672e+01
-9.024376335419237449e-01 1.831620419477748740e+01
-9.008798718982609088e-01 2.037486083598989239e+01
-8.993221102545985168e-01 1.758409436456080499e+01
-8.977643486109356807e-01 1.517279980226920877e+01
-8.962065869672732887e-01 1.642396417827297128e+01
-8.946488253236104526e-01 1.477729600312702019e+01
-8.930910636799476165e-01 1.770665394394189462e+01
-8.915333020362852245e-01 2.153422852933742604e+01
-8.899755403926223885e-01 2.118180416881180150e+01
-8.884177787489599964e-01 1.450453566213949230e+01
-8.868600171052971604e-01 1.612738276887684918e+01
-8.853022554616347684e-01 1.801889166453730340e+01
-8.837444938179719323e-01 1.531629204260085686e+01
-8.821867321743095403e-01 1.597174309637870593e+01
-8.806289705306467042e-01 1.688662229645969859e+01
-8.790712088869843122e-01 1.724553281715251174e+01
-8.775134472433214761e-01 1.693119445166165704e+01
-8.759556855996590841e-01 1.577320288794722103e+01
-8.743979239559962480e-01 1.702952669633245364e+01
-8.728401623123338560e-01 1.798420738295936872e+01
-8.712824006686710199e-01 1.588089340732738464e+01
-8.697246390250086279e-01 1.658376090712907214e+01
-8.681668773813457918e-01 1.688503137501608720e+01
-8.666091157376833998e-01 1.659450390335311454e+01
-8.650513540940205637e-01 2.081913312738167221e+01
-8.634935924503581717e-01 1.502820864176385740e+01
-8.619358308066953356e-01 1.355659938281094057e+01
-8.603780691630329436e-01 1.740184552417438724e+01
-8.588203075193701075e-01 1.695756985095534120e+01
-8.572625458757077155e-01 1.675293478384854851e+01
-8.557047842320448794e-01 1.712259694889926109e+01
-8.541470225883820433e-01 1.739291699149358195e+01
-8.525892609447196513e-01 2.025358038811386763e+01
-8.510314993010568152e-01 2.005156809972141474e+01
-8.494737376573944232e-01 1.706906722403038401e+01
-8.479159760137315871e-01 1.925791257072412321e+01
-8.463582143700691951e-01 1.876803366821519603e+01
-8.448004527264063590e-01 1.717776885744138227e+01
-8.432426910827439670e-01 1.668830925274760091e+01
-8.416849294390811309e-01 1.581850003269513572e+01
-8.401271677954187389e-01 1.378735393218101102e+01
-8.385694061517559028e-01 1.266321777081378208e+01
-8.370116445080935108e-01 1.425063553262938676e+01
-8.354538828644306747e-01 1.589460207024036897e+01
-8.338961212207682827e-01 1.656182751428142552e+01
-8.323383595771054466e-01 1.615464310825117522e+01
-8.307805979334430546e-01 1.548770808555728173e+01
-8.292228362897802185e-01 1.625609937075912370e+01
-8.276650746461178265e-01 1.375407355144828081e+01
-8.261073130024549904e-01 1.419714042855992631e+01
-8.245495513587925984e-01 1.501397937469124955e+01
-8.229917897151297623e-01 1.292660557878932615e+01
-8.214340280714673703e-01 1.541134036529849283e+01
-8.198762664278045342e-01 1.612325852945648919e+01
-8.183185047841421422e-01 1.396888139151020702e+01
-8.167607431404793061e-01 1.151025481632896508e+01
-8.152029814968164700e-01 1.280042928839763228e+01
-8.136452198531540780e-01 1.834303875574914855e+01
-8.120874582094912419e-01 2.108356692058457682e+01
-8.105296965658288499e-01 1.759633285252467516e+01
-8.089719349221660138e-01 1.232701075069807040e+01
-8.074141732785036218e-01 1.372001255950568854e+01
-8.058564116348407858e-01 1.741864748212810454e+01
-8.042986499911783937e-01 1.493091920254608951e+01
-8.027408883475155577e-01 1.600410627665498353e+01
-8.011831267038531657e-01 1.704912367772554305e+01
-7.996253650601903296e-01 1.681201751650068843e+01
-7.980676034165279376e-01 1.967022047559056475e+01
-7.965098417728651015e-01 2.036494188949571438e+01
-7.949520801292027095e-01 1.885060300209407558e+01
-7.933943184855398734e-01 1.499291403956343949e+01
-7.918365568418774814e-01 1.289290871716180220e+01
-7.902787951982146453e-01 1.548705861716441845e+01
-7.887210335545522533e-01 1.541084008496671309e+01
-7.871632719108894172e-01 1.561510279726623196e+01
-7.856055102672270252e-01 1.781893577856055089e+01
-7.840477486235641891e-01 1.659759704599188979e+01
-7.824899869799017971e-01 1.625450423070503092e+01
-7.809322253362389610e-01 1.931303327970588413e+01
-7.793744636925765690e-01 1.798577084901150513e+01
-7.778167020489137329e-01 1.387333431824316321e+01
-7.762589404052508968e-01 1.696451300936088202e+01
-7.747011787615885048e-01 2.085952350639512076e+01
-7.731434171179256687e-01 1.870246478005407553e+01
-7.715856554742632767e-01 1.725509180338093884e+01
-7.700278938306004406e-01 1.777836684056008565e+01
-7.684701321869380486e-01 1.555880053680784236e+01
-7.669123705432752125e-01 1.391342384906437779e+01
-7.653546088996128205e-01 1.757695581018345621e+01
-7.637968472559499844e-01 1.787032571077507370e+01
-7.622390856122875924e-01 1.586179644343508954e+01
-7.606813239686247563e-01 1.768171160170334488e+01
-7.591235623249623643e-01 2.322569588278754082e+01
-7.575658006812995282e-01 1.716740466516461794e+01
-7.560080390376371362e-01 1.431667113204387398e+01
-7.544502773939743001e-01 1.368300766911734634e+01
-7.528925157503119081e-01 1.368604389671871679e+01
-7.513347541066490720e-01 1.645534722119001714e+01
-7.497769924629866800e-01 1.652916338571224131e+01
-7.482192308193238439e-01 1.593039128771045121e+01
-7.466614691756614519e-01 1.629236130434824048e+01
-7.451037075319986158e-01 1.712796476978451210e+01
-7.435459458883362238e-01 1.853663562897896711e+01
-7.419881842446733877e-01 1.821624570907707863e+01
-7.404304226010109957e-01 1.748105798215226159e+01
-7.388726609573481596e-01 1.681167301818495474e+01
-7.373148993136853235e-01 1.940573052409365218e+01
-7.357571376700229315e-01 1.958671816662483067e+01
-7.341993760263600954e-01 1.885840569799475119e+01
-7.326416143826977034e-01 2.004847771624949360e+01
-7.310838527390348673e-01 2.085950793065319786e+01
-7.295260910953724753e-01 2.005033335888798263e+01
-7.279683294517096392e-01 1.912688030430610198e+01
-7.264105678080472472e-01 1.833373714299693091e+01
-7.248528061643844111e-01 1.801596702482962442e+01
-7.232950445207220191e-01 1.970190353219684454e+01
-7.217372828770591831e-01 2.099850172468442011e+01
-7.201795212333967910e-01 1.839393758083389940e+01
-7.186217595897339550e-01 1.724091885759317222e+01
-7.170639979460715630e-01 1.922368898838093898e+01
-7.155062363024087269e-01 1.706902803304542360e+01
-7.139484746587463349e-01 2.045388563974388774e+01
-7.123907130150834988e-01 2.009348131778788371e+01
-7.108329513714211068e-01 1.771178602055912776e+01
-7.092751897277582707e-01 1.650306873257277118e+01
-7.077174280840958787e-01 1.484854571565585779e+01
-7.061596664404330426e-01 1.479913247708001123e+01
-7.046019047967706506e-01 1.498245371297148587e+01
-7.030441431531078145e-01 1.543080111613937078e+01
-7.014863815094454225e-01 1.621593328507058729e+01
-6.999286198657825864e-01 1.642550701600120888e+01
-6.983708582221197503e-01 1.877660621362256066e+01
-6.968130965784573583e-01 1.853678700444479688e+01
-6.952553349347945222e-01 1.858679539654993462e+01
-6.936975732911321302e-01 1.832252099630272113e+01
-6.921398116474692941e-01 1.655425461428281153e+01
-6.905820500038069021e-01 1.669802028160081875e+01
-6.890242883601440660e-01 1.617144761072106363e+01
-6.874665267164816740e-01 2.039785789054177911e+01
-6.859087650728188379e-01 2.152402853953146789e+01
-6.843510034291564459e-01 2.067408363574847030e+01
-6.827932417854936098e-01 2.043419044705261101e+01
-6.812354801418312178e-01 1.806603583829213022e+01
-6.796777184981683817e-01 1.844104488273562126e+01
-6.781199568545059897e-01 2.088516416825360977e+01
-6.765621952108431536e-01 1.685821617645227022e+01
-6.750044335671807616e-01 1.404909563301115760e+01
-6.734466719235179255e-01 1.984397299255315161e+01
-6.718889102798555335e-01 1.911448052614909443e+01
-6.703311486361926974e-01 2.089533303129941544e+01
-6.687733869925303054e-01 2.145829594920387251e+01
-6.672156253488674693e-01 1.882953480430995086e+01
-6.656578637052050773e-01 2.101446848818797619e+01
-6.641001020615422412e-01 2.128335851203075890e+01
-6.625423404178798492e-01 1.997827104940830978e+01
-6.609845787742170131e-01 1.790858198393438983e+01
-6.594268171305541770e-01 1.619807083163990669e+01
-6.578690554868917850e-01 2.028668808784188471e+01
-6.563112938432289489e-01 2.220922990209468040e+01
-6.547535321995665569e-01 1.896227263329087620e+01
-6.531957705559037208e-01 1.683132343623754679e+01
-6.516380089122413288e-01 1.683443658304104318e+01
-6.500802472685784927e-01 1.885294397328940974e+01
-6.485224856249161007e-01 1.963123737705594252e+01
-6.469647239812532646e-01 1.940219418190035583e+01
-6.454069623375908726e-01 2.097985573199014908e+01
-6.438492006939280365e-01 1.884624132800007246e+01
-6.422914390502656445e-01 1.670800381317686600e+01
-6.407336774066028084e-01 1.944029469716760516e+01
-6.391759157629404164e-01 2.106044097494749678e+01
-6.376181541192775803e-01 2.025303332239183973e+01
-6.360603924756151883e-01 1.925069978448943075e+01
-6.345026308319523523e-01 1.815062694068341997e+01
-6.329448691882899602e-01 1.905752547139933384e+01
-6.313871075446271242e-01 1.972295698042984924e+01
-6.298293459009647322e-01 1.602347727339851247e+01
-6.282715842573018961e-01 1.784804680000069155e+01
-6.267138226136395041e-01 1.949877957565952968e+01
-6.251560609699766680e-01 2.047536230848217187e+01
-6.235982993263142760e-01 2.017379584712696783e+01
-6.220405376826514399e-01 1.910316247854125038e+01
-6.204827760389886038e-01 2.090249237062853638e+01
-6.189250143953262118e-01 2.226303623223025951e+01
-6.173672527516633757e-01 2.216997991531606260e+01
-6.158094911080009837e-01 2.071438387797368463e+01
-6.142517294643381476e-01 1.878189589795631420e+01
-6.126939678206757556e-01 1.894506333291594302e+01
-6.111362061770129195e-01 1.947653552877901717e+01
-6.095784445333505275e-01 1.811348788471832805e+01
-6.080206828896876914e-01 1.973618682725186702e+01
-6.064629212460252994e-01 1.911355654767330847e+01
-6.049051596023624633e-01 1.822108395036326201e+01
-6.033473979587000713e-01 2.061215590086801086e+01
-6.017896363150372352e-01 1.800562692655727304e+01
-6.002318746713748432e-01 1.655449336487286516e+01
-5.986741130277120071e-01 1.699175320438851244e+01
-5.971163513840496151e-01 2.194974761939024077e+01
-5.955585897403867790e-01 2.491511364592948041e+01
-5.940008280967243870e-01 2.110786456853826110e+01
-5.924430664530615509e-01 1.931013807584131570e+01
-5.908853048093991589e-01 1.990523675330882014e+01
-5.893275431657363228e-01 1.815997138201669259e+01
-5.877697815220739308e-01 2.036410679113697242e+01
-5.862120198784110947e-01 2.175349603725683068e+01
-5.846542582347487027e-01 2.145843613663805982e+01
-5.830964965910858666e-01 2.228165702354480970e+01
-5.815387349474230305e-01 1.947752794667426102e+01
-5.799809733037606385e-01 1.768389072888281888e+01
-5.784232116600978024e-01 2.117060256071528457e+01
-5.768654500164354104e-01 2.116269659712795104e+01
-5.753076883727725743e-01 1.983306016939785010e+01
-5.737499267291101823e-01 2.260765341537703321e+01
-5.721921650854473462e-01 2.394827533417321419e+01
-5.706344034417849542e-01 2.298279636535643178e+01
-5.690766417981221181e-01 2.306443867351362798e+01
-5.675188801544597261e-01 2.303293377615469240e+01
-5.659611185107968900e-01 2.327672043103326871e+01
-5.644033568671344980e-01 2.214672748840207461e+01
-5.628455952234716619e-01 2.137997329029659355e+01
-5.612878335798092699e-01 1.840117938276487308e+01
-5.597300719361464338e-01 2.219208733493458396e+01
-5.581723102924840418e-01 2.127666496619265857e+01
-5.566145486488212057e-01 1.930984456445790087e+01
-5.550567870051588137e-01 2.156473336851774647e+01
-5.534990253614959776e-01 2.400314589861587677e+01
-5.519412637178335856e-01 2.321924470600159296e+01
-5.503835020741707496e-01 2.465958534269343971e+01
-5.488257404305083575e-01 2.649135923936614034e+01
-5.472679787868455215e-01 2.350768132441935521e+01
-5.457102171431831295e-01 2.028880704635230359e+01
-5.441524554995202934e-01 2.428811014240064736e+01
-5.425946938558574573e-01 2.443912299152917456e+01
-5.410369322121950653e-01 1.728273238232871023e+01
-5.394791705685322292e-01 1.786504155434891672e+01
-5.379214089248698372e-01 1.864019239007287254e+01
-5.363636472812070011e-01 2.023691369604705770e+01
-5.348058856375446091e-01 2.201753151686140697e+01
-5.332481239938817730e-01 2.222613064350561274e+01
-5.316903623502193810e-01 2.387524077923587029e+01
-5.301326007065565449e-01 2.169433886568104342e+01
-5.285748390628941529e-01 1.844743990768220598e+01
-5.270170774192313168e-01 1.989079883064699672e+01
-5.254593157755689248e-01 2.312167604825845402e+01
-5.239015541319060887e-01 2.109586072249514999e+01
-5.223437924882436967e-01 1.692401829152701609e+01
-5.207860308445808606e-01 2.039720558930438798e+01
-5.192282692009184686e-01 2.280056588929015149e+01
-5.176705075572556325e-01 2.087640906920020711e+01
-5.161127459135932405e-01 2.280551122284563093e+01
-5.145549842699304044e-01 2.473062996012854597e+01
-5.129972226262680124e-01 2.149095735571419041e+01
-5.114394609826051763e-01 2.308237565573841721e+01
-5.098816993389427843e-01 2.524029131430067352e+01
-5.083239376952799482e-01 2.108841250946134238e+01
-5.067661760516175562e-01 1.881051264413489221e+01
-5.052084144079547201e-01 2.098553630554270555e+01
-5.036506527642918840e-01 2.305622360663666726e+01
-5.020928911206294920e-01 2.436249283954171929e+01
-5.005351294769666559e-01 2.323558299937176841e+01
-4.989773678333042639e-01 2.361226851352024170e+01
-4.974196061896414278e-01 2.455469123312600033e+01
-4.958618445459790358e-01 2.478401504333320560e+01
-4.943040829023161997e-01 2.373118187948101010e+01
-4.927463212586538077e-01 2.459033471212775268e+01
-4.911885596149909716e-01 2.387514386482913764e+01
-4.896307979713285796e-01 2.106591190538322778e+01
-4.880730363276657435e-01 2.218878046403528970e+01
-4.865152746840033515e-01 2.631630050527867581e+01
-4.849575130403405154e-01 2.625628614209349010e+01
-4.833997513966781234e-01 2.359003210886794122e+01
-4.818419897530152873e-01 2.532125065210615489e+01
-4.802842281093528953e-01 2.611191615378671571e+01
-4.787264664656900592e-01 2.174592980825790889e+01
-4.771687048220276672e-01 2.196321283169017491e+01
-4.756109431783648311e-01 2.454413297299739227e+01
-4.740531815347024391e-01 2.136481770753833587e+01
-4.724954198910396030e-01 2.024381145971612739e+01
-4.709376582473772110e-01 2.198244968427919233e+01
-4.693798966037143749e-01 2.328519709528674042e+01
-4.678221349600519829e-01 2.394187604570836214e+01
-4.662643733163891469e-01 2.565735262269799932e+01
-4.647066116727263108e-01 2.471405582848466764e+01
-4.631488500290639188e-01 2.214432054125787275e+01
-4.615910883854010827e-01 2.420746610497569407e+01
-4.600333267417386907e-01 2.315947422013978851e+01
-4.584755650980758546e-01 2.416138242435828687e+01
-4.569178034544134626e-01 2.875408008490482459e+01
-4.553600418107506265e-01 2.676992887516254882e+01
-4.538022801670882345e-01 2.404394191568638917e+01
-4.522445185234253984e-01 2.394728409449115958e+01
-4.506867568797630064e-01 2.316309571163908032e+01
-4.491289952361001703e-01 2.288962123024560213e+01
-4.475712335924377783e-01 2.386167652257033112e+01
-4.460134719487749422e-01 2.498241789457342676e+01
-4.444557103051125502e-01 2.423871012237961864e+01
-4.428979486614497141e-01 2.306131869636883280e+01
-4.413401870177873221e-01 2.385638617247791871e+01
-4.397824253741244860e-01 2.596158369247120135e+01
-4.382246637304620940e-01 2.704163686400223554e+01
-4.366669020867992579e-01 2.334064729886271650e+01
-4.351091404431368659e-01 1.873630012453254423e+01
-4.335513787994740298e-01 2.068717328185971382e+01
-4.319936171558116378e-01 2.120704446845518376e+01
-4.304358555121488017e-01 2.288922048233307294e+01
-4.288780938684864097e-01 2.280267370430703622e+01
-4.273203322248235736e-01 2.111289095325345855e+01
-4.257625705811607375e-01 2.240287073420373076e+01
-4.242048089374983455e-01 2.417918761816449091e+01
-4.226470472938355094e-01 2.377641419653056687e+01
-4.210892856501731174e-01 2.869998842012049067e+01
-4.195315240065102813e-01 3.130233041645616865e+01
-4.179737623628478893e-01 2.724701166154223131e+01
-4.164160007191850532e-01 2.831608670954025087e+01
-4.148582390755226612e-01 2.823191868227794288e+01
-4.133004774318598251e-01 3.109548417833368816e+01
-4.117427157881974331e-01 3.268645112369161865e+01
-4.101849541445345970e-01 3.117171642116009167e+01
-4.086271925008722050e-01 2.907125927588179692e+01
-4.070694308572093689e-01 2.837475045729593148e+01
-4.055116692135469769e-01 3.035785869361427203e+01
-4.039539075698841408e-01 2.865702656074767418e+01
-4.023961459262217488e-01 2.586947371374453297e+01
-4.008383842825589127e-01 2.913871542023759531e+01
-3.992806226388965207e-01 2.885818510688376648e+01
-3.977228609952336846e-01 2.588122885268606765e+01
-3.961650993515712926e-01 2.591871768618577576e+01
-3.946073377079084565e-01 2.543195855796508198e+01
-3.930495760642460645e-01 2.457953656267844167e+01
-3.914918144205832284e-01 2.486624963911940966e+01
-3.899340527769208364e-01 2.787949890460267000e+01
-3.883762911332580003e-01 2.820794887371035031e+01
-3.868185294895951643e-01 2.613631491205685720e+01
-3.852607678459327722e-01 2.579774750598874888e+01
-3.837030062022699362e-01 2.475898186543804869e+01
-3.821452445586075441e-01 2.491190315352589835e+01
-3.805874829149447081e-01 2.483411926565416650e+01
-3.790297212712823161e-01 2.859028196719050285e+01
-3.774719596276194800e-01 3.092924848499937340e+01
-3.759141979839570880e-01 2.557783984705035607e+01
-3.743564363402942519e-01 2.544418459881374872e+01
-3.727986746966318599e-01 2.692167397166623033e+01
-3.712409130529690238e-01 2.780558199030613409e+01
-3.696831514093066318e-01 3.015318010468670806e+01
-3.681253897656437957e-01 2.788337233418924654e+01
-3.665676281219814037e-01 2.330385471541870146e+01
-3.650098664783185676e-01 2.358227333488412114e+01
-3.634521048346561756e-01 2.722803197324112290e+01
-3.618943431909933395e-01 2.674084027357844917e+01
-3.603365815473309475e-01 2.815085032047645441e+01
-3.587788199036681114e-01 2.607783897495732361e+01
-3.572210582600057194e-01 2.592467704185233046e+01
-3.556632966163428833e-01 2.829918781289170937e+01
-3.541055349726804913e-01 2.909185084357661921e+01
-3.525477733290176552e-01 2.575439363850160390e+01
-3.509900116853552632e-01 2.547226554504017670e+01
-3.494322500416924271e-01 2.480594470240967908e+01
-3.478744883980295910e-01 2.462573240791533635e+01
-3.463167267543671990e-01 2.682080475256753971e+01
-3.447589651107043629e-01 2.927843132295257433e+01
-3.432012034670419709e-01 3.193653457934979656e+01
-3.416434418233791348e-01 3.017353114722230600e+01
-3.400856801797167428e-01 2.315258362554919458e+01
-3.385279185360539067e-01 2.611999234668756031e+01
-3.369701568923915147e-01 2.906719375960124552e+01
-3.354123952487286786e-01 2.638698722185969459e+01
-3.338546336050662866e-01 2.993356475507298242e+01
-3.322968719614034505e-01 3.024930257606980888e+01
-3.307391103177410585e-01 2.691287226841163616e+01
-3.291813486740782224e-01 2.864570923760631160e+01
-3.276235870304158304e-01 3.144078656020229801e+01
-3.260658253867529943e-01 2.966306666622334376e+01
-3.245080637430906023e-01 2.808202127284492988e+01
-3.229503020994277662e-01 2.581583013950035621e+01
-3.213925404557653742e-01 2.384603365031395228e+01
-3.198347788121025381e-01 2.803804005375026520e+01
-3.182770171684401461e-01 3.266867927016242135e+01
-3.167192555247773100e-01 3.295259954358483157e+01
-3.151614938811149180e-01 3.298405802413078192e+01
-3.136037322374520819e-01 3.250251241396367874e+01
-3.120459705937896899e-01 3.002455170930737438e+01
-3.104882089501268538e-01 3.118212363740062898e+01
-3.089304473064640177e-01 3.231535525637325890e+01
-3.073726856628016257e-01 3.001450447727508219e+01
-3.058149240191387896e-01 3.044071982097443652e+01
-3.042571623754763976e-01 2.973181405569802394e+01
-3.026994007318135615e-01 2.581068426746556099e+01
-3.011416390881511695e-01 2.584949636875381529e+01
-2.995838774444883335e-01 3.177822558752732718e+01
-2.980261158008259414e-01 3.186644572871777825e+01
-2.964683541571631054e-01 2.815898412602421530e+01
-2.949105925135007134e-01 2.712806184413383193e+01
-2.933528308698378773e-01 3.080081775987310522e+01
-2.917950692261754853e-01 3.498806204500341011e+01
-2.902373075825126492e-01 3.447341905771949655e+01
-2.886795459388502572e-01 3.191562159998435533e+01
-2.871217842951874211e-01 3.234960296727913942e+01
-2.855640226515250291e-01 3.562011208569789034e+01
-2.840062610078621930e-01 3.016135403815923866e+01
-2.824484993641998010e-01 2.636252275991843064e+01
-2.808907377205369649e-01 2.782552036758707459e+01
-2.793329760768745729e-01 2.795325068719112949e+01
-2.777752144332117368e-01 3.052111117112263017e+01
-2.762174527895493448e-01 2.947982262416530475e+01
-2.746596911458865087e-01 3.021843337892318004e+01
-2.731019295022241167e-01 3.857880782183604396e+01
-2.715441678585612806e-01 4.072267301983822563e+01
-2.699864062148984445e-01 3.421049612216324931e+01
-2.684286445712360525e-01 3.083815145125108259e+01
-2.668708829275732164e-01 3.336931423735754976e+01
-2.653131212839108244e-01 3.647713070636304167e+01
-2.637553596402479883e-01 3.374572728771578056e+01
-2.621975979965855963e-01 3.344360737195140132e+01
-2.606398363529227602e-01 3.100921872529872658e+01
-2.590820747092603682e-01 3.398829718498289765e+01
-2.575243130655975321e-01 3.333900136040288942e+01
-2.559665514219351401e-01 3.312893640077248136e+01
-2.544087897782723040e-01 3.312927562090687417e+01
-2.528510281346099120e-01 3.223624015769361506e+01
-2.512932664909470759e-01 3.395635062472148036e+01
-2.497355048472846839e-01 3.252959324162656429e+01
-2.481777432036218478e-01 3.093195065444010083e+01
-2.466199815599594558e-01 3.236680995062317123e+01
-2.450622199162966197e-01 3.413100748691216779e+01
-2.435044582726342277e-01 3.894377731218100536e+01
-2.419466966289713916e-01 4.056952193490423042e+01
-2.403889349853089996e-01 3.709086483147514457e+01
-2.388311733416461635e-01 3.337664047557574776e+01
-2.372734116979837715e-01 3.380470185199161648e+01
-2.357156500543209354e-01 3.296952533849642464e+01
-2.341578884106585434e-01 3.249383289419211707e+01
-2.326001267669957073e-01 3.488835968047595770e+01
-2.310423651233328712e-01 3.650215688717859308e+01
-2.294846034796704792e-01 3.668546119223838531e+01
-2.279268418360076431e-01 3.371216646225943236e+01
-2.263690801923452511e-01 3.164091510887042347e+01
-2.248113185486824150e-01 3.657243982174949792e+01
-2.232535569050200230e-01 3.555048630008606381e+01
-2.216957952613571869e-01 3.364895918637166972e+01
-2.201380336176947949e-01 3.467259949788402906e+01
-2.185802719740319588e-01 3.604646628979359235e+01
-2.170225103303695668e-01 3.616984291478804181e+01
-2.154647486867067308e-01 3.490637924435354478e+01
-2.139069870430443387e-01 3.444719381834654115e+01
-2.123492253993815027e-01 3.178645032825323824e+01
-2.107914637557191107e-01 3.153860496322884188e+01
-2.092337021120562746e-01 3.511880886630901699e+01
-2.076759404683938826e-01 3.744245718021410596e+01
-2.061181788247310465e-01 4.089927967754115912e+01
-2.045604171810686545e-01 3.879440548952392476e+01
-2.030026555374058184e-01 3.707681792818232935e+01
-2.014448938937434264e-01 3.597012643691608957e+01
-1.998871322500805903e-01 3.355842638362976516e+01
-1.983293706064181983e-01 3.306279737033371902e+01
-1.967716089627553622e-01 3.262844746136920548e+01
-1.952138473190929702e-01 3.465529525954460155e+01
-1.936560856754301341e-01 3.463589122897789707e+01
-1.920983240317672980e-01 3.305095283837570008e+01
-1.905405623881049060e-01 3.655328651739750967e+01
-1.889828007444420699e-01 3.887890222239301607e+01
-1.874250391007796779e-01 3.944624222824747761e+01
-1.858672774571168418e-01 3.748201495137751493e+01
-1.843095158134544498e-01 3.510776491222635798e+01
-1.827517541697916137e-01 3.330000507824670564e+01
-1.811939925261292217e-01 3.050870276937205006e+01
-1.796362308824663856e-01 3.149004731806684987e+01
-1.780784692388039936e-01 3.232511159601035189e+01
-1.765207075951411575e-01 3.277453893492152304e+01
-1.749629459514787655e-01 3.594562326049515377e+01
-1.734051843078159294e-01 3.854595408363268660e+01
-1.718474226641535374e-01 3.515888196726140791e+01
-1.702896610204907013e-01 3.385626564020415685e+01
-1.687318993768283093e-01 3.377185141093841025e+01
-1.671741377331654732e-01 3.434066376612322102e+01
-1.656163760895030812e-01 3.572969021982856930e+01
-1.640586144458402451e-01 3.495759429289951470e+01
-1.625008528021778531e-01 3.726612655078760383e+01
-1.609430911585150170e-01 3.947379567491675800e+01
-1.593853295148526250e-01 3.632741615455077522e+01
-1.578275678711897889e-01 4.039561193476615131e+01
-1.562698062275273969e-01 3.764630402850517754e+01
-1.547120445838645608e-01 3.963268414607585299e+01
-1.531542829402017247e-01 4.220322662639082267e+01
-1.515965212965393327e-01 3.994956927782020273e+01
-1.500387596528764966e-01 4.218442098817566688e+01
-1.484809980092141046e-01 4.441729398426411279e+01
-1.469232363655512685e-01 4.278273928651475444e+01
-1.453654747218888765e-01 4.631301677196281474e+01
-1.438077130782260404e-01 5.313912287190255057e+01
-1.422499514345636484e-01 5.708358424377956197e+01
-1.406921897909008123e-01 5.425482845749930050e+01
-1.391344281472384203e-01 5.441081113935453573e+01
-1.375766665035755842e-01 4.916282168608944403e+01
-1.360189048599131922e-01 5.233688867749805951e+01
-1.344611432162503561e-01 6.151123916992371932e+01
-1.329033815725879641e-01 6.345762401475468550e+01
-1.313456199289251281e-01 6.292759770920628881e+01
-1.297878582852627360e-01 6.139853476415121492e+01
-1.282300966415999000e-01 6.100182639550985186e+01
-1.266723349979375079e-01 6.762536560521932927e+01
-1.251145733542746719e-01 7.071635846704727157e+01
-1.235568117106122799e-01 7.197386415065138010e+01
-1.219990500669494438e-01 7.447047241468590073e+01
-1.204412884232870518e-01 7.774526036623200298e+01
-1.188835267796242157e-01 7.787868872818822297e+01
-1.173257651359618237e-01 7.740073339226242410e+01
-1.157680034922989876e-01 7.907364192557552940e+01
-1.142102418486361515e-01 8.037262489084814376e+01
-1.126524802049737595e-01 9.293737728169243439e+01
-1.110947185613109234e-01 9.557984276731416173e+01
-1.095369569176485314e-01 8.778423985759060599e+01
-1.079791952739856953e-01 9.684052520753590443e+01
-1.064214336303233033e-01 1.013381603669512288e+02
-1.048636719866604672e-01 1.040615869626915782e+02
-1.033059103429980752e-01 1.151620310709370614e+02
-1.017481486993352391e-01 1.179891565064697971e+02
-1.001903870556728471e-01 1.132617596473790798e+02
-9.863262541201001099e-02 1.134289518780615538e+02
-9.707486376834761899e-02 1.081859018136374431e+02
-9.551710212468478289e-02 1.083484190479922660e+02
-9.395934048102239089e-02 1.233322238741540957e+02
-9.240157883735955480e-02 1.239137989046788135e+02
-9.084381719369716279e-02 1.187747417553634079e+02
-8.928605555003432670e-02 1.191011280873028682e+02
-8.772829390637193470e-02 1.164230854503631747e+02
-8.617053226270909860e-02 1.139020974677313660e+02
-8.461277061904670660e-02 1.157599711054253646e+02
-8.305500897538387051e-02 1.156899483973128611e+02
-8.149724733172147850e-02 1.177364868808667637e+02
-7.993948568805864241e-02 1.247887800397268876e+02
-7.838172404439625041e-02 1.339185771299446799e+02
-7.682396240073341431e-02 1.394502333964445882e+02
-7.526620075707057822e-02 1.297698216121570169e+02
-7.370843911340818622e-02 1.239062551172087723e+02
-7.215067746974535012e-02 1.302614019881591219e+02
-7.059291582608295812e-02 1.360816172711498666e+02
-6.903515418242012203e-02 1.385047100300028262e+02
-6.747739253875773002e-02 1.403882812223668850e+02
-6.591963089509489393e-02 1.376199521535050394e+02
-6.436186925143250193e-02 1.341184979468887946e+02
-6.280410760776966583e-02 1.298806771712480099e+02
-6.124634596410727383e-02 1.357644930902183376e+02
-5.968858432044443774e-02 1.375225963744905755e+02
-5.813082267678204573e-02 1.420933613001570563e+02
-5.657306103311920964e-02 1.501094733370968299e+02
-5.501529938945681764e-02 1.543808470889602518e+02
-5.345753774579398154e-02 1.577042142593920460e+02
-5.189977610213158954e-02 1.552038722273182145e+02
-5.034201445846875345e-02 1.494968616027699682e+02
-4.878425281480636144e-02 1.423617462752396818e+02
-4.722649117114352535e-02 1.418868395533312992e+02
-4.566872952748113335e-02 1.453899469762973240e+02
-4.411096788381829725e-02 1.438416823974009162e+02
-4.255320624015590525e-02 1.404976296765542543e+02
-4.099544459649306916e-02 1.384130548969719143e+02
-3.943768295283067715e-02 1.405688082469285689e+02
-3.787992130916784106e-02 1.430201015550948682e+02
-3.632215966550500497e-02 1.438786380541913559e+02
-3.476439802184261296e-02 1.543922285246553656e+02
-3.320663637817977687e-02 1.408219484545101636e+02
-3.164887473451738487e-02 1.296390007765439236e+02
-3.009111309085454877e-02 1.439760333635035181e+02
-2.853335144719215677e-02 1.464512821012816346e+02
-2.697558980352932068e-02 1.464610486725376575e+02
-2.541782815986692867e-02 1.539489907764316285e+02
-2.386006651620409258e-02 1.578439495987793464e+02
-2.230230487254170058e-02 1.538614395434271671e+02
-2.074454322887886448e-02 1.488424673358491361e+02
-1.918678158521647248e-02 1.475261902984283040e+02
-1.762901994155363639e-02 1.448141906406202679e+02
-1.607125829789124438e-02 1.470705698804123358e+02
-1.451349665422840829e-02 1.514430433207663498e+02
-1.295573501056601629e-02 1.502595837882991816e+02
-1.139797336690318019e-02 1.442123175371229991e+02
-9.840211723240788189e-03 1.401039841993167840e+02
-8.282450079577952096e-03 1.413228933669718401e+02
-6.724688435915560092e-03 1.466206559151655711e+02
-5.166926792252723999e-03 1.494239659817542361e+02
-3.609165148590331995e-03 1.339023311778817344e+02
-2.051403504927495902e-03 1.337252744192117575e+02
-4.936418612651038984e-04 1.401008514318927496e+02
1.064119782397732195e-03 1.456933504872551737e+02
2.621881426060568288e-03 1.481938566505509698e+02
4.179643069722960291e-03 1.395823586239584984e+02
5.737404713385796384e-03 1.367256363723995776e+02
7.295166357048188388e-03 1.427051295461244251e+02
8.852928000711024481e-03 1.523929413228398460e+02
1.041068964437341648e-02 1.499389164550744624e+02
1.196845128803625258e-02 1.459803924919130225e+02
1.352621293169864458e-02 1.522140005591310796e+02
1.508397457536148067e-02 1.551797232494515413e+02
1.664173621902387268e-02 1.553222972109712430e+02
1.819949786268670877e-02 1.580793340877987703e+02
1.975725950634910077e-02 1.574476079873607262e+02
2.131502115001193687e-02 1.503277051860375479e+02
2.287278279367432887e-02 1.481340392496507263e+02
2.443054443733716496e-02 1.588877386353741201e+02
2.598830608099955697e-02 1.578363980662916219e+02
2.754606772466239306e-02 1.534898623342348856e+02
2.910382936832478507e-02 1.518904659626099090e+02
3.066159101198762116e-02 1.507264457399824664e+02
3.221935265565001316e-02 1.569368089523619005e+02
3.377711429931284925e-02 1.551312342352694884e+02
3.533487594297524126e-02 1.474955640008140278e+02
3.689263758663807735e-02 1.504268303030403899e+02
3.845039923030046936e-02 1.515077884163680437e+02
4.000816087396330545e-02 1.481779979593765972e+02
4.156592251762614154e-02 1.504911393951257708e+02
4.312368416128853355e-02 1.544855581915372511e+02
4.468144580495136964e-02 1.566329125561374269e+02
4.623920744861376164e-02 1.622304074165908787e+02
4.779696909227659773e-02 1.546543147086318015e+02
4.935473073593898974e-02 1.482252332680931488e+02
5.091249237960182583e-02 1.519627446687757697e+02
5.247025402326421784e-02 1.547790258589616315e+02
5.402801566692705393e-02 1.579599988021191450e+02
5.558577731058944593e-02 1.586579177718569440e+02
5.714353895425228202e-02 1.576928712550405294e+02
5.870130059791467403e-02 1.629150662363338711e+02
6.025906224157751012e-02 1.724461958403957738e+02
6.181682388523990213e-02 1.710274077025385964e+02
6.337458552890273822e-02 1.635534946211975580e+02
6.493234717256513022e-02 1.737180716315355369e+02
6.649010881622796632e-02 1.758909605614032614e+02
6.804787045989035832e-02 1.706768590294060459e+02
6.960563210355319441e-02 1.717543904164059256e+02
7.116339374721558642e-02 1.693641018627596395e+02
7.272115539087842251e-02 1.675886393471431290e+02
7.427891703454081451e-02 1.631303387070707061e+02
7.583667867820365061e-02 1.682077613439158483e+02
7.739444032186604261e-02 1.699274718478442026e+02
7.895220196552887870e-02 1.703044312108006864e+02
8.050996360919171480e-02 1.759131931203539523e+02
8.206772525285410680e-02 1.742167656082041844e+02
8.362548689651694289e-02 1.724806403562845105e+02
8.518324854017933490e-02 1.817428429134249939e+02
8.674101018384217099e-02 1.858436684669561600e+02
8.829877182750456299e-02 1.794480893707942641e+02
8.985653347116739909e-02 1.774658693553033686e+02
9.141429511482979109e-02 1.887091099087437271e+02
9.297205675849262718e-02 1.845360963433837185e+02
9.452981840215501919e-02 1.762792023217467090e+02
9.608758004581785528e-02 1.839919346974631083e+02
9.764534168948024728e-02 1.917380430787173395e+02
9.920310333314308338e-02 1.825883165044316740e+02
1.007608649768054754e-01 1.791072499297613092e+02
1.023186266204683115e-01 1.818056439477770709e+02
1.038763882641307035e-01 1.933261322547167822e+02
1.054341499077935396e-01 1.902866104437153467e+02
1.069919115514559316e-01 1.839062547204289046e+02
1.085496731951187677e-01 1.896025500019519825e+02
1.101074348387811597e-01 1.956201589388192872e+02
1.116651964824439958e-01 1.994404273912161898e+02
1.132229581261063878e-01 2.032906531116136080e+02
1.147807197697692239e-01 2.012974164744547636e+02
1.163384814134316159e-01 1.983805220427276197e+02
1.178962430570944520e-01 1.984632749607200992e+02
1.194540047007572880e-01 1.978182916282052020e+02
1.210117663444196801e-01 1.944078539562762842e+02
1.225695279880825161e-01 1.903615105203603548e+02
1.241272896317449081e-01 1.963746830615147587e+02
1.256850512754077442e-01 2.037830494217196247e+02
1.272428129190701362e-01 1.860809575217803058e+02
1.288005745627329723e-01 1.761996617860167191e+02
1.303583362063953643e-01 1.859288192356030152e+02
1.319160978500582004e-01 1.941529529333617745e+02
1.334738594937205924e-01 1.940934743791887342e+02
1.350316211373834285e-01 1.957244001587944240e+02
1.365893827810458205e-01 1.939250775880578601e+02
1.381471444247086566e-01 1.830207528341523755e+02
1.397049060683710486e-01 1.853481432207355226e+02
1.412626677120338847e-01 1.881912725217309799e+02
1.428204293556962767e-01 1.807846538976035333e+02
1.443781909993591128e-01 1.753381416908830772e+02
1.459359526430215048e-01 1.850863111886370973e+02
1.474937142866843409e-01 1.973441175906303897e+02
1.490514759303467329e-01 1.920114358358080722e+02
1.506092375740095690e-01 1.704944619975189823e+02
1.521669992176719610e-01 1.796661638845861830e+02
1.537247608613347971e-01 1.910239843439415495e+02
1.552825225049971891e-01 1.886338213429214363e+02
1.568402841486600252e-01 1.914064951124131539e+02
1.583980457923228613e-01 1.948884446102546235e+02
1.599558074359852533e-01 1.887945455022598651e+02
1.615135690796480894e-01 2.065982596536567257e+02
1.630713307233104814e-01 2.147017124442818385e+02
1.646290923669733175e-01 2.218300146077535828e+02
1.661868540106357095e-01 2.325184263307045853e+02
1.677446156542985456e-01 2.338698906374562227e+02
1.693023772979609376e-01 2.386457555766214682e+02
1.708601389416237737e-01 2.528691175260273099e+02
1.724179005852861657e-01 2.827352509175933619e+02
1.739756622289490018e-01 3.070783922155487176e+02
1.755334238726113938e-01 3.384342728755177632e+02
1.770911855162742299e-01 3.776659585688432799e+02
1.786489471599366219e-01 4.119974421032405871e+02
1.802067088035994580e-01 4.577281492130144898e+02
1.817644704472618500e-01 5.192567886049187109e+02
1.833222320909246861e-01 5.824316786361993081e+02
1.848799937345870781e-01 7.663799635780545714e+02
1.864377553782499142e-01 8.829038050782787650e+02
1.879955170219123062e-01 9.040404906750048895e+02
1.895532786655751423e-01 9.317121317925186759e+02
1.911110403092375343e-01 9.479051631387134194e+02
1.926688019529003704e-01 9.626160516452088132e+02
1.942265635965627624e-01 9.906156949618583667e+02
1.957843252402255985e-01 1.013972875072671854e+03
1.973420868838884346e-01 1.064131827770585232e+03
1.988998485275508266e-01 1.096630172515887125e+03
2.004576101712136627e-01 1.145988596078810815e+03
2.020153718148760547e-01 1.217698109554587063e+03
2.035731334585388907e-01 1.269469509874529194e+03
2.051308951022012828e-01 1.430105691945397894e+03
2.066886567458641188e-01 1.639724746440909939e+03
2.082464183895265109e-01 1.727610922218291535e+03
2.098041800331893469e-01 1.771851912121048372e+03
2.113619416768517389e-01 1.851358474266016856e+03
2.129197033205145750e-01 1.961495686982700818e+03
2.144774649641769670e-01 2.035361269881201679e+03
2.160352266078398031e-01 2.153801381102906817e+03
2.175929882515021951e-01 2.255802554324868652e+03
2.191507498951650312e-01 2.351600132238907008e+03
2.207085115388274232e-01 2.464821500542518606e+03
2.222662731824902593e-01 2.567715890104430400e+03
2.238240348261526513e-01 2.694009873119248823e+03
2.253817964698154874e-01 2.852487544656471073e+03
2.269395581134778794e-01 3.004773394793054649e+03
2.284973197571407155e-01 3.176729426267806957e+03
2.300550814008031075e-01 3.295787402176664273e+03
2.316128430444659436e-01 3.457306339619344271e+03
2.331706046881283356e-01 3.626641792647083093e+03
2.347283663317911717e-01 3.773839641215978645e+03
2.362861279754540078e-01 3.921064739425414700e+03
2.378438896191163998e-01 4.050561831149354020e+03
2.394016512627792359e-01 4.241785497477670106e+03
2.409594129064416279e-01 4.468780537510959221e+03
2.425171745501044640e-01 4.610900449290705183e+03
2.440749361937668560e-01 4.829266352926901163e+03
2.456326978374296921e-01 5.062332579574225747e+03
2.471904594810920841e-01 5.237414490662558819e+03
2.487482211247549202e-01 5.438122184980858037e+03
2.503059827684173122e-01 5.668722538304864429e+03
2.518637444120801483e-01 5.843706551182111980e+03
2.534215060557425403e-01 6.095450993450931492e+03
2.549792676994053764e-01 6.344892042546799530e+03
2.565370293430677684e-01 6.461036455452317568e+03
2.580947909867306045e-01 6.622131240935466849e+03
2.596525526303929965e-01 6.898893698403722738e+03
2.612103142740558326e-01 7.206660954268524620e+03
2.627680759177182246e-01 7.484058751418931934e+03
2.643258375613810607e-01 7.826314099380799234e+03
2.658835992050434527e-01 8.124686272477229977e+03
2.674413608487062888e-01 8.328454505916915878e+03
2.689991224923686808e-01 8.469414550202372993e+03
2.705568841360315169e-01 8.780327803148824387e+03
2.721146457796939089e-01 9.153140322822277085e+03
2.736724074233567450e-01 9.416396048079624961e+03
2.752301690670195811e-01 9.664851711461356899e+03
2.767879307106819731e-01 9.989887853878601163e+03
2.783456923543448092e-01 1.029213207960173531e+04
2.799034539980072012e-01 1.073022175820868688e+04
2.814612156416700373e-01 1.120008189297434728e+04
2.830189772853324293e-01 1.153224121344542618e+04
2.845767389289952654e-01 1.214034983121630466e+04
2.861345005726576574e-01 1.337524532085242208e+04
2.876922622163204935e-01 1.576149990268782130e+04
2.892500238599828855e-01 1.937223358072184783e+04
2.908077855036457215e-01 2.180800234627844839e+04
2.923655471473081136e-01 2.163893053749918909e+04
2.939233087909709496e-01 1.934034610001854162e+04
2.954810704346333416e-01 1.823439445216702006e+04
2.970388320782961777e-01 1.752039005664745855e+04
2.985965937219585697e-01 1.608974193746449782e+04
3.001543553656214058e-01 1.499400749888948849e+04
3.017121170092837978e-01 1.460133048525933737e+04
3.032698786529466339e-01 1.448275905460375179e+04
3.048276402966090259e-01 1.391473417662828615e+04
3.063854019402718620e-01 1.278708476395651087e+04
3.079431635839342540e-01 1.205817600427848629e+04
3.095009252275970901e-01 1.225433231634098956e+04
3.110586868712594821e-01 1.254392760045339492e+04
3.126164485149223182e-01 1.229041928647468012e+04
3.141742101585851543e-01 1.148807846625131788e+04
3.157319718022475463e-01 1.058885757854469739e+04
3.172897334459103824e-01 1.053948326438076947e+04
3.188474950895727744e-01 1.151332953538755464e+04
3.204052567332356105e-01 1.180328740756311345e+04
3.219630183768980025e-01 1.093491941805034185e+04
3.235207800205608386e-01 9.818587425047418947e+03
3.250785416642232306e-01 9.373631412623581127e+03
3.266363033078860667e-01 9.821933996439174734e+03
3.281940649515484587e-01 1.050016958193537721e+04
3.297518265952112948e-01 1.051408901644556863e+04
3.313095882388736868e-01 9.445234171958589286e+03
3.328673498825365229e-01 7.703171035731334086e+03
3.344251115261989149e-01 6.903964387201386671e+03
3.359828731698617510e-01 6.955748647398488174e+03
3.375406348135241430e-01 6.937607357421831694e+03
3.390983964571869791e-01 6.571102172044227700e+03
3.406561581008493711e-01 5.770066350249689094e+03
3.422139197445122072e-01 4.777592569947031734e+03
3.437716813881745992e-01 4.122622063491594417e+03
3.453294430318374353e-01 4.044004492488730193e+03
3.468872046754998273e-01 4.371505199052046919e+03
3.484449663191626634e-01 4.620058810393084059e+03
3.500027279628250554e-01 4.529642146929106275e+03
3.515604896064878915e-01 4.226205855714261816e+03
3.531182512501507276e-01 3.836291795165655003e+03
3.546760128938131196e-01 3.504186435359528332e+03
3.562337745374759557e-01 3.404972683051626973e+03
3.577915361811383477e-01 3.552663060953400418e+03
3.593492978248011838e-01 3.679836387328039109e+03
3.609070594684635758e-01 3.669544859160179385e+03
3.624648211121264119e-01 3.585060475401317035e+03
3.640225827557888039e-01 3.359561241489304848e+03
3.655803443994516400e-01 3.098302376069889760e+03
3.671381060431140320e-01 2.982047836961669418e+03
3.686958676867768681e-01 3.035010422388822462e+03
3.702536293304392601e-01 3.153487286279325872e+03
3.718113909741020962e-01 3.236487300271243384e+03
3.733691526177644882e-01 3.295174380078447484e+03
3.749269142614273242e-01 3.172510974413923577e+03
3.764846759050897163e-01 2.972713402386320922e+03
3.780424375487525523e-01 2.856963686279171270e+03
3.796001991924149443e-01 2.795839195513359755e+03
3.811579608360777804e-01 2.811532612953698390e+03
3.827157224797401724e-01 2.937211583588517897e+03
3.842734841234030085e-01 2.997495724035416970e+03
3.858312457670654005e-01 2.998822469860063848e+03
3.873890074107282366e-01 2.900815381462326513e+03
3.889467690543906286e-01 2.709309848782931113e+03
3.905045306980534647e-01 2.599703413335957976e+03
3.920622923417163008e-01 2.558621607289766416e+03
3.936200539853786928e-01 2.568776509210264066e+03
3.951778156290415289e-01 2.637577518706307274e+03
3.967355772727039209e-01 2.698117203594199964e+03
3.982933389163667570e-01 2.728490807896510432e+03
3.998511005600291490e-01 2.701256827517572219e+03
4.014088622036919851e-01 2.582801457900216974e+03
4.029666238473543771e-01 2.522303734928323138e+03
4.045243854910172132e-01 2.503717306061152158e+03
4.060821471346796052e-01 2.502723841708812415e+03
4.076399087783424413e-01 2.516700480843048808e+03
4.091976704220048333e-01 2.522173741760596386e+03
4.107554320656676694e-01 2.545497544077198199e+03
4.123131937093300614e-01 2.541403973243998735e+03
4.138709553529928975e-01 2.493479908097040607e+03
4.154287169966552895e-01 2.390773149452015787e+03
4.169864786403181256e-01 2.364700647979177575e+03
4.185442402839805176e-01 2.346195373806341649e+03
4.201020019276433537e-01 2.343368368582398034e+03
4.216597635713057457e-01 2.391140805656898010e+03
4.232175252149685818e-01 2.404178932277486183e+03
4.247752868586309738e-01 2.364584270731887500e+03
4.263330485022938099e-01 2.326778812826228659e+03
4.278908101459562019e-01 2.285139400989678052e+03
4.294485717896190380e-01 2.261942002238503846e+03
4.310063334332818741e-01 2.260315222404220549e+03
4.325640950769442661e-01 2.222641545268217214e+03
4.341218567206071022e-01 2.235941065237369912e+03
4.356796183642694942e-01 2.273075192265364421e+03
4.372373800079323303e-01 2.265242394462734865e+03
4.387951416515947223e-01 2.236042571940451126e+03
4.403529032952575584e-01 2.213123138030928658e+03
4.419106649389199504e-01 2.182115094905379465e+03
4.434684265825827865e-01 2.121470093550840829e+03
4.450261882262451785e-01 2.099464488633051587e+03
4.465839498699080146e-01 2.107369869705144538e+03
4.481417115135704066e-01 2.110172758707154571e+03
4.496994731572332427e-01 2.117491128826578006e+03
4.512572348008956347e-01 2.111586863206431644e+03
4.528149964445584708e-01 2.084294820736469319e+03
4.543727580882208628e-01 2.051623859349650502e+03
4.559305197318836989e-01 2.039095661518120778e+03
4.574882813755460909e-01 2.020396902757727275e+03
4.590460430192089269e-01 1.938832319438405420e+03
4.606038046628713190e-01 1.963239500828818791e+03
4.621615663065341550e-01 1.990176096122530453e+03
4.637193279501965471e-01 1.983641709109823751e+03
4.652770895938593831e-01 1.971002560068686989e+03
4.668348512375217751e-01 1.951828928217551720e+03
4.683926128811846112e-01 1.961945569661785612e+03
4.699503745248474473e-01 1.959760125710354714e+03
4.715081361685098393e-01 1.881908820867897475e+03
4.730658978121726754e-01 1.845161036390516301e+03
4.746236594558350674e-01 1.872573361433639320e+03
4.761814210994979035e-01 1.888409680321240785e+03
4.777391827431602955e-01 1.894632279355777200e+03
4.792969443868231316e-01 1.880506466078998983e+03
4.808547060304855236e-01 1.856397437820801088e+03
4.824124676741483597e-01 1.828427083188916640e+03
4.839702293178107517e-01 1.802766597486694764e+03
4.855279909614735878e-01 1.820631794684330544e+03
4.870857526051359798e-01 1.822900783398673639e+03
4.886435142487988159e-01 1.814074558993864230e+03
4.902012758924612079e-01 1.807350370010763982e+03
4.917590375361240440e-01 1.784916862466362545e+03
4.933167991797864360e-01 1.773799950727354826e+03
4.948745608234492721e-01 1.774446524870004168e+03
4.964323224671116641e-01 1.764999792421580651e+03
4.979900841107745002e-01 1.753751159145469501e+03
4.995478457544368922e-01 1.768052414063209653e+03
5.011056073980997283e-01 1.765151405317362560e+03
5.026633690417621203e-01 1.748387267983244556e+03
5.042211306854249564e-01 1.748891248287649205e+03
5.057788923290873484e-01 1.704395491850173130e+03
5.073366539727501845e-01 1.682455935951127003e+03
5.088944156164130206e-01 1.703195713915184797e+03
5.104521772600754126e-01 1.697614868889537092e+03
5.120099389037382487e-01 1.671598522091827135e+03
5.135677005474006407e-01 1.661619738668047148e+03
5.151254621910634768e-01 1.650365418417015462e+03
5.166832238347258688e-01 1.623392734007187528e+03
5.182409854783887049e-01 1.594217923683859681e+03
5.197987471220510969e-01 1.622513830450330488e+03
5.213565087657139330e-01 1.641518003483581651e+03
5.229142704093763250e-01 1.642586123350920616e+03
5.244720320530391611e-01 1.633989807983956325e+03
5.260297936967015531e-01 1.633024354111385719e+03
5.275875553403643892e-01 1.639655959844763402e+03
5.291453169840267812e-01 1.611791301661042780e+03
5.307030786276896173e-01 1.569804626253560173e+03
5.322608402713520093e-01 1.569056554398313892e+03
5.338186019150148454e-01 1.558952999683437838e+03
5.353763635586772374e-01 1.527571994273071368e+03
5.369341252023400735e-01 1.538556893506365441e+03
5.384918868460024655e-01 1.587531046722999235e+03
5.400496484896653016e-01 1.573795881199412634e+03
5.416074101333276936e-01 1.534314745492730708e+03
5.431651717769905297e-01 1.537137636382065693e+03
5.447229334206529217e-01 1.552343006344164451e+03
5.462806950643157577e-01 1.537625400642484237e+03
5.478384567079785938e-01 1.472072999861088192e+03
5.493962183516409858e-01 1.487655259085215903e+03
5.509539799953038219e-01 1.530318332401124053e+03
5.525117416389662139e-01 1.527816280994693898e+03
5.540695032826290500e-01 1.487602242627260694e+03
5.556272649262914420e-01 1.489177168637769682e+03
5.571850265699542781e-01 1.482175247120313315e+03
5.587427882136166701e-01 1.459984312358036959e+03
5.603005498572795062e-01 1.459813913580360577e+03
5.618583115009418982e-01 1.444417454516178623e+03
5.634160731446047343e-01 1.439103583907647817e+03
5.649738347882671263e-01 1.435985006185951761e+03
5.665315964319299624e-01 1.428420238576626843e+03
5.680893580755923544e-01 1.433605521328546274e+03
5.696471197192551905e-01 1.459242868776967043e+03
5.712048813629175825e-01 1.468214693864191304e+03
5.727626430065804186e-01 1.432304652093509503e+03
5.743204046502428106e-01 1.408376574513338255e+03
5.758781662939056467e-01 1.410369641699825934e+03
5.774359279375680387e-01 1.405385643890624578e+03
5.789936895812308748e-01 1.397826945772077579e+03
5.805514512248932668e-01 1.384243678201422426e+03
5.821092128685561029e-01 1.369820877335994737e+03
5.836669745122184949e-01 1.374856235306736608e+03
5.852247361558813310e-01 1.385072245235727905e+03
5.867824977995441671e-01 1.371931475785695739e+03
5.883402594432065591e-01 1.361968362619646769e+03
5.898980210868693952e-01 1.349514876997336614e+03
5.914557827305317872e-01 1.333206102933748298e+03
5.930135443741946233e-01 1.323351317854402168e+03
5.945713060178570153e-01 1.311408414498414004e+03
5.961290676615198514e-01 1.317372913961416089e+03
5.976868293051822434e-01 1.322161810179819668e+03
5.992445909488450795e-01 1.298238470184716789e+03
6.008023525925074715e-01 1.292465907378017619e+03
6.023601142361703076e-01 1.284085887430526100e+03
6.039178758798326996e-01 1.267067712139581090e+03
6.054756375234955357e-01 1.249852482921159890e+03
6.070333991671579277e-01 1.243060021418958968e+03
6.085911608108207638e-01 1.248281505717063510e+03
6.101489224544831558e-01 1.239930563088851386e+03
6.117066840981459919e-01 1.231711867783369598e+03
6.132644457418083839e-01 1.254556896431497307e+03
6.148222073854712200e-01 1.225087458038041859e+03
6.163799690291336120e-01 1.236067476402956345e+03
6.179377306727964481e-01 1.228869704590142874e+03
6.194954923164588401e-01 1.246520115781346021e+03
6.210532539601216762e-01 1.255087340263510214e+03
6.226110156037840682e-01 1.227068548572942518e+03
6.241687772474469043e-01 1.220149917736350744e+03
6.257265388911097403e-01 1.215839989057426237e+03
6.272843005347721324e-01 1.198167799040779755e+03
6.288420621784349684e-01 1.188965179525994245e+03
6.303998238220973604e-01 1.181942175854070456e+03
6.319575854657601965e-01 1.154005987490536427e+03
6.335153471094225885e-01 1.201223008783848400e+03
6.350731087530854246e-01 1.201306087930795229e+03
6.366308703967478166e-01 1.158698851755502574e+03
6.381886320404106527e-01 1.157064952397332263e+03
6.397463936840730447e-01 1.162799632214142775e+03
6.413041553277358808e-01 1.155986886484158958e+03
6.428619169713982728e-01 1.153676875165091133e+03
6.444196786150611089e-01 1.170670613850899827e+03
6.459774402587235009e-01 1.164228587309048862e+03
6.475352019023863370e-01 1.159951270676278682e+03
6.490929635460487290e-01 1.155445504071802361e+03
6.506507251897115651e-01 1.143809675447871541e+03
6.522084868333739571e-01 1.121524079539561626e+03
6.537662484770367932e-01 1.099740010463127646e+03
6.553240101206991852e-01 1.088374559991894785e+03
6.568817717643620213e-01 1.089725621523880818e+03
6.584395334080244133e-01 1.105880689947653764e+03
6.599972950516872494e-01 1.110315758237259843e+03
6.615550566953496414e-01 1.083265712496145397e+03
6.631128183390124775e-01 1.069437804376049371e+03
6.646705799826753136e-01 1.095839352722745389e+03
6.662283416263377056e-01 1.074517033826245097e+03
6.677861032700005417e-01 1.080481013659034261e+03
6.693438649136629337e-01 1.113792114493509644e+03
6.709016265573257698e-01 1.088268021691907734e+03
6.724593882009881618e-01 1.066808735974422461e+03
6.740171498446509979e-01 1.068888548216400523e+03
6.755749114883133899e-01 1.068659714297531991e+03
6.771326731319762260e-01 1.069328400843218333e+03
6.786904347756386180e-01 1.072603278127371595e+03
6.802481964193014541e-01 1.054131629893467789e+03
6.818059580629638461e-01 1.046269499517779195e+03
6.833637197066266822e-01 1.043969615818647071e+03
6.849214813502890742e-01 1.037877262910697709e+03
6.864792429939519103e-01 1.027521480132964825e+03
6.880370046376143023e-01 1.017329223562196944e+03
6.895947662812771384e-01 1.020871125986402717e+03
6.911525279249395304e-01 1.018587233659418303e+03
6.927102895686023665e-01 1.011200078114245798e+03
6.942680512122647585e-01 1.010999409761427387e+03
6.958258128559275946e-01 9.977738556042983191e+02
6.973835744995899866e-01 9.679737901114201577e+02
6.989413361432528227e-01 9.742102555857190964e+02
7.004990977869152147e-01 9.881716971531640183e+02
7.020568594305780508e-01 9.731802925363596160e+02
7.036146210742408869e-01 9.804822865298682473e+02
7.051723827179032789e-01 9.628308210688923054e+02
7.067301443615661150e-01 9.726961712394567030e+02
7.082879060052285070e-01 9.922567742453434221e+02
7.098456676488913430e-01 9.696968092888673709e+02
7.114034292925537351e-01 9.468986634349942051e+02
7.129611909362165711e-01 9.478847698385524154e+02
7.145189525798789631e-01 9.528269072910647992e+02
7.160767142235417992e-01 9.616386826582023559e+02
7.176344758672041912e-01 9.474617851986503183e+02
7.191922375108670273e-01 9.382657992369911426e+02
7.207499991545294193e-01 9.245401749980958357e+02
7.223077607981922554e-01 9.171859335335510650e+02
7.238655224418546474e-01 9.108441184030533577e+02
7.254232840855174835e-01 9.142655348941790407e+02
7.269810457291798755e-01 9.203043612988535642e+02
7.285388073728427116e-01 9.099354378431114583e+02
7.300965690165051036e-01 9.078427267909205511e+02
7.316543306601679397e-01 9.139975554151542383e+02
7.332120923038303317e-01 8.786708153337790463e+02
7.347698539474931678e-01 9.105335237545048130e+02
7.363276155911555598e-01 8.905738501801786242e+02
7.378853772348183959e-01 8.726783812737885455e+02
7.394431388784807879e-01 8.834450663760503630e+02
7.410009005221436240e-01 8.758057258835581251e+02
7.425586621658064601e-01 8.788382480917563271e+02
7.441164238094688521e-01 8.783557277037775748e+02
7.456741854531316882e-01 8.616829389517968139e+02
7.472319470967940802e-01 8.437963589869308407e+02
7.487897087404569163e-01 8.541087917318187692e+02
7.503474703841193083e-01 8.844431687291012167e+02
7.519052320277821444e-01 8.808456305271466817e+02
7.534629936714445364e-01 8.714280734538029947e+02
7.550207553151073725e-01 8.709361734835907782e+02
7.565785169587697645e-01 8.493657592203986724e+02
7.581362786024326006e-01 8.403101287868122427e+02
7.596940402460949926e-01 8.300629008172228396e+02
7.612518018897578287e-01 8.146366568135586022e+02
7.628095635334202207e-01 8.145371986413221066e+02
7.643673251770830568e-01 8.198548851097003762e+02
7.659250868207454488e-01 8.206542508072610644e+02
7.674828484644082849e-01 8.263003493452159773e+02
7.690406101080706769e-01 8.224486882560663616e+02
7.705983717517335130e-01 8.119891407121843940e+02
7.721561333953959050e-01 8.208217241944564648e+02
7.737138950390587411e-01 8.013394665996233925e+02
7.752716566827211331e-01 7.822504380600943250e+02
7.768294183263839692e-01 7.929991684827924701e+02
7.783871799700463612e-01 7.984689047091634393e+02
7.799449416137091973e-01 7.965375115124508056e+02
7.815027032573720334e-01 7.944947629470041193e+02
7.830604649010344254e-01 7.911174700087685778e+02
7.846182265446972615e-01 7.855473208302075818e+02
7.861759881883596535e-01 7.762239003410505802e+02
7.877337498320224896e-01 7.766328910364651392e+02
7.892915114756848816e-01 7.889251413778154074e+02
7.908492731193477177e-01 7.815446261558784045e+02
7.924070347630101097e-01 7.670207814223958849e+02
7.939647964066729457e-01 7.571580858756022963e+02
7.955225580503353378e-01 7.615263053964673645e+02
7.970803196939981738e-01 7.598965794557055915e+02
7.986380813376605659e-01 7.525605664017739400e+02
8.001958429813234019e-01 7.438680445426922461e+02
8.017536046249857939e-01 7.246468965637952806e+02
8.033113662686486300e-01 7.280610742652891076e+02
8.048691279123110220e-01 7.292396553994826718e+02
8.064268895559738581e-01 7.462073941380442648e+02
8.079846511996362501e-01 7.330572557914825893e+02
8.095424128432990862e-01 7.199954111053392580e+02
8.111001744869619223e-01 7.174508005882971702e+02
8.126579361306238702e-01 6.967105150962529478e+02
8.142156977742867063e-01 7.009809332570699780e+02
8.157734594179495424e-01 7.000792477241648157e+02
8.173312210616123785e-01 6.978378861045719077e+02
8.188889827052752146e-01 7.264775627568056962e+02
8.204467443489371625e-01 7.413093241644917271e+02
8.220045059925999986e-01 6.981140319787522230e+02
8.235622676362628347e-01 6.906414608421794128e+02
8.251200292799256708e-01 7.069386270414410092e+02
8.266777909235876187e-01 6.880009935125117408e+02
8.282355525672504548e-01 6.689848226180582742e+02
8.297933142109132909e-01 6.652954235066148385e+02
8.313510758545761270e-01 6.771253857725777152e+02
8.329088374982380749e-01 6.640661980160622306e+02
8.344665991419009110e-01 6.419384463110880006e+02
8.360243607855637471e-01 6.378502990189666662e+02
8.375821224292265832e-01 6.430764671776380510e+02
8.391398840728885311e-01 6.580665283447599450e+02
8.406976457165513672e-01 6.525952542810031218e+02
8.422554073602142033e-01 6.632432594023633783e+02
8.438131690038770394e-01 6.852162815122932216e+02
8.453709306475389873e-01 6.520638653473527029e+02
8.469286922912018234e-01 6.236578816838447210e+02
8.484864539348646595e-01 6.245764106081014688e+02
8.500442155785274956e-01 6.203093653043447375e+02
8.516019772221894435e-01 6.088076586244661712e+02
8.531597388658522796e-01 6.102432183578459899e+02
8.547175005095151157e-01 6.216897103130331743e+02
8.562752621531779518e-01 6.218168625789134012e+02
8.578330237968407879e-01 6.233068734426415176e+02
8.593907854405027358e-01 6.119222969811592066e+02
8.609485470841655719e-01 5.937293077478453824e+02
8.625063087278284080e-01 5.998996626762515234e+02
8.640640703714912441e-01 6.115241687940199427e+02
8.656218320151531920e-01 6.008287332405574261e+02
8.671795936588160281e-01 5.950293903739345751e+02
8.687373553024788642e-01 6.120719704777725383e+02
8.702951169461417003e-01 6.121560431421278281e+02
8.718528785898036482e-01 6.004587123003784654e+02
8.734106402334664843e-01 5.940365922144037540e+02
8.749684018771293204e-01 5.783208731382028418e+02
8.765261635207921564e-01 5.750531957705852619e+02
8.780839251644541044e-01 5.607204623116231232e+02
8.796416868081169405e-01 5.383758381516405507e+02
8.811994484517797765e-01 5.886336839928006839e+02
8.827572100954426126e-01 5.800018068964460554e+02
8.843149717391045606e-01 5.469470915335870131e+02
8.858727333827673966e-01 5.613755414682226501e+02
8.874304950264302327e-01 5.682690271235890123e+02
8.889882566700930688e-01 5.631414084041664410e+02
8.905460183137550167e-01 5.601856120462725812e+02
8.921037799574178528e-01 5.580439541005234787e+02
8.936615416010806889e-01 5.430158130393576812e+02
8.952193032447435250e-01 5.233258939000171495e+02
8.967770648884063611e-01 5.237439828086040734e+02
8.983348265320683090e-01 5.482480613771455182e+02
8.998925881757311451e-01 5.523505047078953112e+02
9.014503498193939812e-01 5.292460935094734396e+02
9.030081114630568173e-01 5.549813025169944467e+02
9.045658731067187652e-01 5.477955981809602690e+02
9.061236347503816013e-01 5.198158531929610717e+02
9.076813963940444374e-01 5.121967757432279313e+02
9.092391580377072735e-01 5.075905271758540493e+02
9.107969196813692214e-01 5.086126072807008995e+02
9.123546813250320575e-01 5.125811416375688623e+02
9.139124429686948936e-01 5.193916609678856275e+02
9.154702046123577297e-01 5.155362839030059376e+02
9.170279662560196776e-01 5.085575182602352129e+02
9.185857278996825137e-01 5.380871125541456195e+02
9.201434895433453498e-01 5.240812490760198443e+02
9.217012511870081859e-01 5.179976977445285229e+02
9.232590128306701338e-01 5.271188908613295325e+02
9.248167744743329699e-01 5.105690137479385271e+02
9.263745361179958060e-01 5.061500470351297167e+02
9.279322977616586421e-01 5.092700463483477051e+02
9.294900594053205900e-01 5.067398118441216752e+02
9.310478210489834261e-01 5.066997639898631292e+02
9.326055826926462622e-01 5.082933639167785600e+02
9.341633443363090983e-01 5.045054529717935452e+02
9.357211059799719344e-01 5.108849450630715410e+02
9.372788676236338823e-01 4.945220603991240296e+02
9.388366292672967184e-01 4.621474984601264850e+02
9.403943909109595545e-01 4.601883581524533042e+02
9.419521525546223906e-01 4.753554934048077030e+02
9.435099141982843385e-01 4.695510306801585330e+02
9.450676758419471746e-01 4.609667564849372070e+02
9.466254374856100107e-01 4.658687555464398429e+02
9.481831991292728468e-01 4.811038851844337501e+02
9.497409607729347947e-01 4.879871579878379180e+02
9.512987224165976308e-01 4.664638134557192757e+02
9.528564840602604669e-01 4.480124971791205439e+02
9.544142457039233030e-01 4.578603022258300257e+02
9.559720073475852509e-01 4.530875808120961210e+02
9.575297689912480870e-01 4.465672161228453092e+02
9.590875306349109231e-01 4.524455584702714646e+02
9.606452922785737591e-01 4.595076744526671746e+02
9.622030539222357071e-01 4.586756933679701547e+02
9.637608155658985432e-01 4.398366990476594651e+02
9.653185772095613792e-01 4.272801486717000898e+02
9.668763388532242153e-01 4.230915891229378758e+02
9.684341004968861633e-01 4.295649879275121634e+02
9.699918621405489993e-01 4.416084025836298679e+02
9.715496237842118354e-01 4.328589182405237921e+02
9.731073854278746715e-01 4.274938391501714250e+02
9.746651470715375076e-01 4.249966520884222518e+02
9.762229087151994555e-01 4.430774913563501514e+02
9.777806703588622916e-01 4.284994654735014024e+02
9.793384320025251277e-01 4.167768088979249228e+02
9.808961936461879638e-01 4.135654331293908399e+02
9.824539552898499117e-01 4.141721934611334177e+02
9.840117169335127478e-01 4.116146023869818578e+02
9.855694785771755839e-01 3.995560076141092054e+02
9.871272402208384200e-01 3.959220808522832158e+02
9.886850018645003679e-01 3.973110013352281271e+02
9.902427635081632040e-01 3.928586537417233444e+02
9.918005251518260401e-01 3.979514303779084230e+02
9.933582867954888762e-01 3.989928332213542035e+02
9.949160484391508241e-01 3.959067129069906059e+02
9.964738100828136602e-01 3.875844642269759674e+02
9.980315717264764963e-01 3.939079688287101817e+02
9.995893333701393324e-01 4.224725232992985866e+02
1.001147095013801280e+00 3.989601546283890343e+02
1.002704856657464116e+00 3.885694201869558810e+02
1.004262618301126953e+00 3.906386066706239717e+02
1.005820379944789789e+00 3.702864092981066051e+02
1.007378141588451737e+00 3.688387144418172738e+02
1.008935903232114573e+00 3.886563154346105762e+02
1.010493664875777409e+00 3.896145028846638638e+02
1.012051426519440245e+00 3.783594831642155896e+02
1.013609188163103081e+00 3.667830198748868611e+02
1.015166949806765029e+00 3.666921387218869768e+02
1.016724711450427865e+00 3.782248379922033337e+02
1.018282473094090701e+00 3.722958131156432842e+02
1.019840234737753537e+00 3.688602611695820883e+02
1.021397996381415485e+00 3.830980001648145503e+02
1.022955758025078321e+00 3.828684352553900681e+02
1.024513519668741157e+00 3.675280357603205061e+02
1.026071281312403993e+00 3.566382734963595453e+02
1.027629042956065941e+00 3.471288517796597262e+02
1.029186804599728777e+00 3.430122674812625974e+02
1.030744566243391613e+00 3.605126099499786392e+02
1.032302327887054449e+00 3.680335253547548291e+02
1.033860089530716397e+00 3.609265919596354024e+02
1.035417851174379233e+00 3.754582458359245152e+02
1.036975612818042070e+00 3.539928587760780943e+02
1.038533374461704906e+00 3.269148367691487920e+02
1.040091136105366854e+00 3.299956456377537961e+02
1.041648897749029690e+00 3.352687719246003439e+02
1.043206659392692526e+00 3.349578827596395740e+02
1.044764421036355362e+00 3.363622890898705577e+02
1.046322182680017310e+00 3.352727767978881843e+02
1.047879944323680146e+00 3.280883898047796947e+02
1.049437705967342982e+00 3.366755581880003660e+02
1.050995467611005818e+00 3.334512884871290339e+02
1.052553229254668654e+00 3.306172170726886179e+02
1.054110990898330602e+00 3.407319570116881096e+02
1.055668752541993438e+00 3.476295592225631594e+02
1.057226514185656274e+00 3.311784612966036434e+02
1.058784275829319110e+00 3.165397424509823736e+02
1.060342037472981058e+00 3.212736830844682459e+02
1.061899799116643894e+00 3.256240621364627259e+02
1.063457560760306730e+00 3.245229534273762511e+02
1.065015322403969567e+00 3.291516365785286098e+02
1.066573084047631514e+00 3.317118577313792116e+02
1.068130845691294351e+00 3.148049426137961291e+02
1.069688607334957187e+00 3.169931172720445147e+02
1.071246368978620023e+00 2.974220604355900264e+02
1.072804130622281971e+00 2.922345546623822656e+02
1.074361892265944807e+00 3.035336632788603310e+02
1.075919653909607643e+00 3.034620331475529724e+02
1.077477415553270479e+00 2.969489365726971073e+02
1.079035177196932427e+00 2.950673666170038132e+02
1.080592938840595263e+00 2.982747480160974192e+02
1.082150700484258099e+00 2.993812570754675448e+02
1.083708462127920935e+00 2.968891614004105008e+02
1.085266223771582883e+00 2.906827966604422500e+02
1.086823985415245719e+00 2.880872375584519318e+02
1.088381747058908555e+00 2.889327822277407449e+02
1.089939508702571391e+00 3.050786616174294750e+02
1.091497270346234227e+00 2.969696039265193690e+02
1.093055031989896175e+00 2.984663578849256282e+02
1.094612793633559011e+00 2.976268191756247461e+02
1.096170555277221847e+00 2.947335108835864617e+02
1.097728316920884684e+00 2.905210446659930881e+02
1.099286078564546631e+00 2.797672077917765705e+02
1.100843840208209468e+00 2.775063856669293614e+02
1.102401601851872304e+00 2.778035462712783215e+02
1.103959363495535140e+00 2.745666003452353152e+02
1.105517125139197088e+00 2.761942387609478828e+02
1.107074886782859924e+00 2.758386496206092033e+02
1.108632648426522760e+00 2.655845858756387088e+02
1.110190410070185596e+00 2.815009745520737283e+02
1.111748171713847544e+00 2.824420272456221142e+02
1.113305933357510380e+00 2.657464962439314604e+02
1.114863695001173216e+00 2.578273695790680335e+02
1.116421456644836052e+00 2.633762224942216790e+02
1.117979218288498000e+00 2.779430429545541301e+02
1.119536979932160836e+00 2.794460022775760990e+02
1.121094741575823672e+00 2.673493172005672704e+02
1.122652503219486508e+00 2.612130233366443122e+02
1.124210264863148456e+00 2.614194402434894187e+02
1.125768026506811292e+00 2.570651465745604582e+02
1.127325788150474128e+00 2.576602801306998458e+02
1.128883549794136965e+00 2.594571717850191703e+02
1.130441311437799801e+00 2.638300715856884722e+02
1.131999073081461749e+00 2.518002773686498301e+02
1.133556834725124585e+00 2.486979408818484956e+02
1.135114596368787421e+00 2.592077950376033755e+02
1.136672358012450257e+00 2.655426393937745502e+02
1.138230119656112205e+00 2.658659966114443591e+02
1.139787881299775041e+00 2.575693431409083018e+02
1.141345642943437877e+00 2.446782075984357618e+02
1.142903404587100713e+00 2.402736077859731836e+02
1.144461166230762661e+00 2.491519510382678675e+02
1.146018927874425497e+00 2.457672531651409429e+02
1.147576689518088333e+00 2.336061134425217176e+02
1.149134451161751169e+00 2.295842302535035913e+02
1.150692212805413117e+00 2.284708514293272117e+02
1.152249974449075953e+00 2.302003973546444797e+02
1.153807736092738789e+00 2.323562090974371017e+02
1.155365497736401625e+00 2.440414580343117734e+02
1.156923259380063573e+00 2.500797509090291726e+02
1.158481021023726409e+00 2.461222459687672881e+02
1.160038782667389246e+00 2.487543122268190530e+02
1.161596544311052082e+00 2.475648641618931549e+02
1.163154305954714030e+00 2.325292293596969841e+02
1.164712067598376866e+00 2.272392064943724677e+02
1.166269829242039702e+00 2.307217049820129660e+02
1.167827590885702538e+00 2.414095466650886408e+02
1.169385352529365374e+00 2.307413254092853094e+02
1.170943114173027322e+00 2.335787514375313947e+02
1.172500875816690158e+00 2.301582097965417120e+02
1.174058637460352994e+00 2.363745135623966007e+02
1.175616399104015830e+00 2.420568676050178851e+02
1.177174160747677778e+00 2.304240716158163309e+02
1.178731922391340614e+00 2.179281273550649018e+02
1.180289684035003450e+00 2.107256090765667693e+02
1.181847445678666286e+00 2.167263114895875447e+02
1.183405207322328234e+00 2.329726842547042338e+02
1.184962968965991070e+00 2.493711569171300937e+02
1.186520730609653906e+00 2.373004887670433050e+02
1.188078492253316742e+00 2.318333327568281845e+02
1.189636253896978690e+00 2.316006440813693246e+02
1.191194015540641526e+00 2.211056011440566635e+02
1.192751777184304363e+00 2.265315914795555159e+02
1.194309538827967199e+00 2.243838500008263566e+02
1.195867300471629147e+00 2.250733944191272826e+02
1.197425062115291983e+00 2.324857698523923659e+02
1.198982823758954819e+00 2.343379418553186326e+02
1.200540585402617655e+00 2.306843148972851054e+02
1.202098347046279603e+00 2.196747144855704903e+02
1.203656108689942439e+00 2.137330554856237086e+02
1.205213870333605275e+00 2.165872311625453790e+02
1.206771631977268111e+00 2.087716662190184707e+02
1.208329393620930947e+00 2.118829231919099243e+02
1.209887155264592895e+00 2.077543539860120916e+02
1.211444916908255731e+00 2.088449768066682850e+02
1.213002678551918567e+00 2.114269788887531831e+02
1.214560440195581403e+00 2.145242933425130616e+02
1.216118201839243351e+00 2.124929393739730017e+02
1.217675963482906187e+00 2.041167894610070732e+02
1.219233725126569023e+00 1.977824557832700236e+02
1.220791486770231860e+00 1.962674626330563683e+02
1.222349248413893807e+00 2.016105801048677790e+02
1.223907010057556644e+00 2.041276861020687932e+02
1.225464771701219480e+00 2.003382771738422434e+02
1.227022533344882316e+00 1.933458795114069630e+02
1.228580294988544264e+00 1.895658084893350406e+02
1.230138056632207100e+00 1.939627849124725572e+02
1.231695818275869936e+00 2.007650343326452855e+02
1.233253579919532772e+00 2.029253924279020396e+02
1.234811341563194720e+00 1.975035365124219027e+02
1.236369103206857556e+00 1.926712894327450840e+02
1.237926864850520392e+00 1.872875940260043137e+02
1.239484626494183228e+00 1.892668221257809478e+02
1.241042388137845176e+00 2.008337357872686653e+02
1.242600149781508012e+00 2.035324357563862065e+02
1.244157911425170848e+00 1.930916959425241828e+02
1.245715673068833684e+00 1.831788392107803247e+02
1.247273434712496520e+00 1.954376631200268832e+02
1.248831196356158468e+00 1.984591934946899414e+02
1.250388957999821304e+00 2.003510005452189944e+02
1.251946719643484141e+00 1.975425525913852027e+02
1.253504481287146977e+00 1.970843235568321461e+02
1.255062242930808925e+00 1.957717366042684262e+02
1.256620004574471761e+00 1.851193700320770574e+02
1.258177766218134597e+00 1.791210144366640407e+02
1.259735527861797433e+00 1.804461006745355576e+02
1.261293289505459381e+00 1.815179126699508458e+02
1.262851051149122217e+00 1.808635785476765818e+02
1.264408812792785053e+00 1.896171169618237116e+02
1.265966574436447889e+00 1.821314928457198334e+02
1.267524336080109837e+00 1.696174690112860048e+02
1.269082097723772673e+00 1.696308954543101493e+02
1.270639859367435509e+00 1.757509597286227461e+02
1.272197621011098345e+00 1.767180816330518667e+02
1.273755382654760293e+00 1.768316286880168491e+02
1.275313144298423129e+00 1.743617844177188658e+02
1.276870905942085965e+00 1.651386652483441821e+02
1.278428667585748801e+00 1.634123167354113377e+02
1.279986429229410749e+00 1.750093529495460132e+02
1.281544190873073585e+00 1.863070076545055258e+02
1.283101952516736421e+00 1.892654210642224655e+02
1.284659714160399258e+00 1.893029522697122502e+02
1.286217475804062094e+00 1.722341500186332439e+02
1.287775237447724042e+00 1.742500963326055796e+02
1.289332999091386878e+00 1.754297643008825389e+02
1.290890760735049714e+00 1.676740788828816164e+02
1.292448522378712550e+00 1.682432862546051240e+02
1.294006284022374498e+00 1.666933619463085847e+02
1.295564045666037334e+00 1.623989961567354783e+02
1.297121807309700170e+00 1.594467725650034993e+02
1.298679568953363006e+00 1.599210394740786114e+02
1.300237330597024954e+00 1.652097916493135301e+02
1.301795092240687790e+00 1.652733811356024773e+02
1.303352853884350626e+00 1.672931355358751375e+02
1.304910615528013462e+00 1.678453177719946439e+02
1.306468377171675410e+00 1.664170675574755478e+02
1.308026138815338246e+00 1.686291482634900376e+02
1.309583900459001082e+00 1.712731594372025938e+02
1.311141662102663918e+00 1.687831234938181524e+02
1.312699423746325866e+00 1.657703388671701816e+02
1.314257185389988702e+00 1.641278969341219920e+02
1.315814947033651539e+00 1.661811515817642828e+02
1.317372708677314375e+00 1.690109856772399723e+02
1.318930470320976323e+00 1.617512913025271359e+02
1.320488231964639159e+00 1.569636967329964250e+02
1.322045993608301995e+00 1.536393700430080855e+02
1.323603755251964831e+00 1.564545123990137938e+02
1.325161516895627667e+00 1.610367955086016991e+02
1.326719278539289615e+00 1.537165403293016084e+02
1.328277040182952451e+00 1.497100337491928599e+02
1.329834801826615287e+00 1.500133783904615541e+02
1.331392563470278123e+00 1.491072592234023659e+02
1.332950325113940071e+00 1.497752755054218312e+02
1.334508086757602907e+00 1.570484386842181266e+02
1.336065848401265743e+00 1.630682095530707727e+02
1.337623610044928579e+00 1.539917149961817131e+02
1.339181371688590527e+00 1.457269874611441765e+02
1.340739133332253363e+00 1.434140482068001461e+02
1.342296894975916199e+00 1.550600796133447261e+02
1.343854656619579035e+00 1.600405228537335063e+02
1.345412418263240983e+00 1.469541884291552378e+02
1.346970179906903820e+00 1.468985204716256590e+02
1.348527941550566656e+00 1.553148776564171669e+02
1.350085703194229492e+00 1.612800502579207489e+02
1.351643464837891440e+00 1.610506253918775883e+02
1.353201226481554276e+00 1.569057306739943556e+02
1.354758988125217112e+00 1.527881819149247349e+02
1.356316749768879948e+00 1.484299354608582178e+02
1.357874511412541896e+00 1.520839084769211240e+02
1.359432273056204732e+00 1.405904639033438457e+02
1.360990034699867568e+00 1.569108440731140490e+02
1.362547796343530404e+00 1.603574300184282322e+02
1.364105557987193240e+00 1.577922836916822575e+02
1.365663319630855188e+00 1.473028091526648780e+02
1.367221081274518024e+00 1.454348096595384163e+02
1.368778842918180860e+00 1.548631992845534739e+02
1.370336604561843696e+00 1.490394233072819077e+02
1.371894366205505644e+00 1.391829795872239401e+02
1.373452127849168480e+00 1.350012304832042105e+02
1.375009889492831316e+00 1.327036696445533721e+02
1.376567651136494153e+00 1.434510290141672328e+02
1.378125412780156100e+00 1.443032139713534150e+02
1.379683174423818937e+00 1.478867419286767699e+02
1.381240936067481773e+00 1.407400144122987058e+02
1.382798697711144609e+00 1.336146045852073314e+02
1.384356459354806557e+00 1.387593740815704280e+02
1.385914220998469393e+00 1.449868111387754936e+02
1.387471982642132229e+00 1.441051420934730061e+02
1.389029744285795065e+00 1.389531601404270020e+02
1.390587505929457013e+00 1.383044955176797544e+02
1.392145267573119849e+00 1.394147663024301380e+02
1.393703029216782685e+00 1.397238524837736406e+02
1.395260790860445521e+00 1.430585208253899054e+02
1.396818552504107469e+00 1.355156719789574140e+02
1.398376314147770305e+00 1.481552461282749675e+02
1.399934075791433141e+00 1.457615223128077844e+02
1.401491837435095977e+00 1.384144626930961124e+02
1.403049599078758813e+00 1.386209971213505128e+02
1.404607360722420761e+00 1.467552796053002169e+02
1.406165122366083597e+00 1.459965952098771140e+02
1.407722884009746434e+00 1.337738541957010625e+02
1.409280645653409270e+00 1.334895416425264614e+02
1.410838407297071218e+00 1.380198337820726522e+02
1.412396168940734054e+00 1.313340042027322170e+02
1.413953930584396890e+00 1.287842344304970368e+02
1.415511692228059726e+00 1.310668302188633163e+02
1.417069453871721674e+00 1.425293614259471724e+02
1.418627215515384510e+00 1.387152628199896469e+02
1.420184977159047346e+00 1.359556636671879915e+02
1.421742738802710182e+00 1.343482535316408644e+02
1.423300500446372130e+00 1.353636949554282864e+02
1.424858262090034966e+00 1.366446197546477777e+02
1.426416023733697802e+00 1.306717962113863223e+02
1.427973785377360638e+00 1.294064037881048534e+02
1.429531547021022586e+00 1.309891171285983091e+02
1.431089308664685422e+00 1.287231687502937802e+02
1.432647070308348258e+00 1.283508954252262981e+02
1.434204831952011094e+00 1.299872780571078579e+02
1.435762593595673042e+00 1.377982953605954606e+02
1.437320355239335878e+00 1.276084311741148980e+02
1.438878116882998714e+00 1.220716596553939013e+02
1.440435878526661551e+00 1.248094540269097052e+02
1.441993640170324387e+00 1.261014791440478717e+02
1.443551401813986335e+00 1.252466170555453289e+02
1.445109163457649171e+00 1.261079529583179806e+02
1.446666925101312007e+00 1.313363723756607442e+02
1.448224686744974843e+00 1.267463842891193195e+02
1.449782448388636791e+00 1.234913252744649554e+02
1.451340210032299627e+00 1.243752903840294977e+02
1.452897971675962463e+00 1.250613378441710069e+02
1.454455733319625299e+00 1.231058330657362916e+02
1.456013494963287247e+00 1.279532211280230882e+02
1.457571256606950083e+00 1.297457684848411645e+02
1.459129018250612919e+00 1.225815213194993873e+02
1.460686779894275755e+00 1.235406111903131574e+02
1.462244541537937703e+00 1.258983985866730109e+02
1.463802303181600539e+00 1.216791990509860995e+02
1.465360064825263375e+00 1.211568298313547842e+02
1.466917826468926211e+00 1.208861403753171544e+02
1.468475588112588159e+00 1.218025395378716382e+02
1.470033349756250995e+00 1.209649407046944987e+02
1.471591111399913832e+00 1.315328154069588606e+02
1.473148873043576668e+00 1.319585564961346051e+02
1.474706634687238616e+00 1.210652746400920989e+02
1.476264396330901452e+00 1.201066206984321383e+02
1.477822157974564288e+00 1.258143048036498755e+02
1.479379919618227124e+00 1.240637164898675877e+02
1.480937681261889960e+00 1.185376985711841513e+02
1.482495442905551908e+00 1.179137871480592992e+02
1.484053204549214744e+00 1.190297640658205012e+02
1.485610966192877580e+00 1.210324975601214135e+02
1.487168727836540416e+00 1.193682808269812767e+02
1.488726489480202364e+00 1.119933797919582048e+02
1.490284251123865200e+00 1.105111460464155471e+02
1.491842012767528036e+00 1.185353578544675202e+02
1.493399774411190872e+00 1.200397426941460424e+02
1.494957536054852820e+00 1.072183420977972901e+02
1.496515297698515656e+00 1.043337565885891678e+02
1.498073059342178492e+00 1.105198243701481147e+02
1.499630820985841329e+00 1.137806135831660441e+02
1.501188582629503276e+00 1.179613609480113894e+02
1.502746344273166113e+00 1.212578783005616572e+02
1.504304105916828949e+00 1.185156196081689473e+02
1.505861867560491785e+00 1.126306518360266438e+02
1.507419629204153733e+00 1.159253858307659613e+02
1.508977390847816569e+00 1.142908869855037466e+02
1.510535152491479405e+00 1.119799670756995198e+02
1.512092914135142241e+00 1.148553526095925008e+02
1.513650675778804189e+00 1.138201427362384806e+02
1.515208437422467025e+00 1.124552692907073492e+02
1.516766199066129861e+00 1.162561881709243323e+02
1.518323960709792697e+00 1.205041614717272864e+02
1.519881722353455533e+00 1.155557750620441908e+02
1.521439483997117481e+00 1.123154222629628549e+02
1.522997245640780317e+00 1.151133517131534205e+02
1.524555007284443153e+00 1.170254877727298464e+02
1.526112768928105989e+00 1.175917030144396165e+02
1.527670530571767937e+00 1.178552064874680241e+02
1.529228292215430773e+00 1.184499132628417613e+02
1.530786053859093609e+00 1.144544507958372463e+02
1.532343815502756446e+00 1.120165058383121135e+02
1.533901577146418393e+00 1.107148475049479259e+02
1.535459338790081230e+00 1.089910663444820784e+02
1.537017100433744066e+00 1.129629458320199831e+02
1.538574862077406902e+00 1.154323756564493664e+02
1.540132623721068850e+00 1.085043316721040583e+02
1.541690385364731686e+00 1.074852517074866398e+02
1.543248147008394522e+00 1.040287726484652353e+02
1.544805908652057358e+00 1.129696055172126847e+02
1.546363670295719306e+00 1.126465804913206625e+02
1.547921431939382142e+00 1.104959919398538801e+02
1.549479193583044978e+00 1.103870241949137636e+02
1.551036955226707814e+00 1.064765290941105178e+02
1.552594716870369762e+00 1.068013595077490123e+02
1.554152478514032598e+00 1.057066075132387084e+02
1.555710240157695434e+00 1.072444952023290909e+02
1.557268001801358270e+00 1.083012483062121589e+02
1.558825763445021106e+00 1.083130961187204520e+02
1.560383525088683054e+00 1.084357527819987297e+02
1.561941286732345890e+00 1.064908600351008516e+02
1.563499048376008727e+00 1.005408902477171438e+02
1.565056810019671563e+00 9.825899017320081441e+01
1.566614571663333511e+00 1.000206524608960450e+02
1.568172333306996347e+00 1.078360709701063627e+02
1.569730094950659183e+00 1.183491062978619510e+02
1.571287856594322019e+00 1.167657293394493934e+02
1.572845618237983967e+00 1.095855856039503919e+02
1.574403379881646803e+00 1.046697655572956762e+02
1.575961141525309639e+00 1.022981432440565754e+02
1.577518903168972475e+00 1.037125458004233707e+02
1.579076664812634423e+00 1.069412488505268044e+02
1.580634426456297259e+00 1.072542961483418082e+02
1.582192188099960095e+00 9.969665223908862117e+01
1.583749949743622931e+00 9.582977202535201400e+01
1.585307711387284879e+00 9.866685769352746149e+01
1.586865473030947715e+00 1.011727796524374412e+02
1.588423234674610551e+00 1.047132819061549327e+02
1.589980996318273387e+00 9.998021739661874108e+01
1.591538757961935335e+00 1.013990573718069754e+02
1.593096519605598171e+00 1.036168161390521050e+02
1.594654281249261008e+00 1.017987150053234586e+02
1.596212042892923844e+00 1.014660701981516979e+02
1.597769804536586680e+00 1.043524644467458984e+02
1.599327566180248628e+00 1.031720337493128028e+02
1.600885327823911464e+00 9.688098532885575764e+01
1.602443089467574300e+00 9.844925646435012823e+01
1.604000851111237136e+00 1.054072043947080175e+02
1.605558612754899084e+00 1.029155299516623074e+02
1.607116374398561920e+00 9.585041689496230788e+01
1.608674136042224756e+00 9.524986852490013689e+01
1.610231897685887592e+00 9.701666125742883651e+01
1.611789659329549540e+00 9.923875061454567970e+01
1.613347420973212376e+00 9.500743313350895392e+01
1.614905182616875212e+00 9.364898883049380629e+01
1.616462944260538048e+00 9.932231111236042409e+01
1.618020705904199996e+00 1.028989461846428810e+02
1.619578467547862832e+00 1.032865208924998370e+02
1.621136229191525668e+00 1.009246420672825053e+02
1.622693990835188504e+00 1.040964494924431847e+02
1.624251752478850452e+00 1.173365934420027799e+02
1.625809514122513288e+00 1.131356254267225694e+02
1.627367275766176125e+00 1.033564226921473619e+02
1.628925037409838961e+00 1.030821098784901011e+02
1.630482799053500909e+00 9.955251278481340194e+01
1.632040560697163745e+00 9.963894496768278941e+01
1.633598322340826581e+00 1.041978510617448848e+02
1.635156083984489417e+00 1.013024406406449174e+02
1.636713845628152253e+00 1.007915708183689532e+02
1.638271607271814201e+00 9.476578364980032632e+01
1.639829368915477037e+00 9.566980176669774494e+01
1.641387130559139873e+00 9.589225845413169225e+01
1.642944892202802709e+00 1.009642729546733619e+02
1.644502653846464657e+00 9.935958551358103819e+01
1.646060415490127493e+00 9.530056300339204256e+01
1.647618177133790329e+00 9.749296798401994124e+01
1.649175938777453165e+00 9.976833490662340864e+01
1.650733700421115113e+00 1.009749779809984460e+02
1.652291462064777949e+00 1.008918772894227374e+02
1.653849223708440785e+00 1.025155952986042394e+02
1.655406985352103622e+00 1.001734831869014499e+02
1.656964746995765569e+00 9.513956177131926495e+01
1.658522508639428406e+00 9.998556084972709357e+01
1.660080270283091242e+00 9.664387561917315850e+01
1.661638031926754078e+00 9.474254961391673646e+01
1.663195793570416026e+00 9.431746436439726722e+01
1.664753555214078862e+00 9.310317790679673067e+01
1.666311316857741698e+00 9.543619813002830199e+01
1.667869078501404534e+00 9.631698928448361130e+01
1.669426840145066482e+00 9.627542997757430498e+01
1.670984601788729318e+00 9.677948012383149035e+01
1.672542363432392154e+00 9.187474282951851023e+01
1.674100125076054990e+00 9.417025394106508429e+01
1.675657886719717826e+00 9.801424123619337081e+01
1.677215648363379774e+00 9.891350520417479686e+01
1.678773410007042610e+00 9.605646689580888165e+01
1.680331171650705446e+00 9.532775385907569898e+01
1.681888933294368282e+00 9.564829411509307988e+01
1.683446694938030230e+00 9.122245505526981901e+01
1.685004456581693066e+00 9.345817855918180328e+01
1.686562218225355902e+00 9.973135028796025381e+01
1.688119979869018739e+00 1.049159284009997322e+02
1.689677741512680686e+00 8.898795921545891474e+01
1.691235503156343523e+00 8.491067020073083427e+01
1.692793264800006359e+00 9.359257527481074135e+01
1.694351026443669195e+00 9.745905511180994552e+01
1.695908788087331143e+00 9.722807819255791628e+01
1.697466549730993979e+00 9.361828088853599183e+01
1.699024311374656815e+00 8.823371705067533810e+01
1.700582073018319651e+00 9.088462361979753723e+01
1.702139834661981599e+00 8.558869361913272655e+01
1.703697596305644435e+00 8.716103062295573523e+01
1.705255357949307271e+00 9.369636757521800519e+01
1.706813119592970107e+00 9.444161587393817570e+01
1.708370881236632055e+00 9.128943780990462642e+01
1.709928642880294891e+00 8.967386099334922278e+01
1.711486404523957727e+00 9.003372724076467648e+01
1.713044166167620563e+00 8.727342301678746139e+01
1.714601927811283399e+00 8.837048496668420228e+01
1.716159689454945347e+00 8.953227789746216558e+01
1.717717451098608183e+00 8.548509336088049793e+01
1.719275212742271020e+00 8.193568994901229985e+01
1.720832974385933856e+00 8.793952756721721187e+01
1.722390736029595804e+00 9.161611339379027186e+01
1.723948497673258640e+00 9.062834638295306888e+01
1.725506259316921476e+00 9.182632587344032515e+01
1.727064020960584312e+00 9.214598931402868232e+01
1.728621782604246260e+00 9.031945986187027131e+01
1.730179544247909096e+00 8.850615338030077339e+01
1.731737305891571932e+00 8.242691574066061833e+01
1.733295067535234768e+00 8.587568193541916628e+01
1.734852829178896716e+00 8.953533207647978998e+01
1.736410590822559552e+00 8.455968202317538385e+01
1.737968352466222388e+00 8.344348182991525675e+01
1.739526114109885224e+00 8.417308417257986264e+01
1.741083875753547172e+00 8.741868557970462916e+01
1.742641637397210008e+00 9.430408960539845964e+01
1.744199399040872844e+00 8.465402920146938470e+01
1.745757160684535680e+00 7.948653882267460347e+01
1.747314922328197628e+00 7.939444168977195204e+01
1.748872683971860464e+00 8.094432124066523215e+01
1.750430445615523301e+00 8.640189144499073848e+01
1.751988207259186137e+00 8.984558935126540291e+01
1.753545968902848973e+00 8.994526777766598968e+01
1.755103730546510921e+00 8.444700248539312781e+01
1.756661492190173757e+00 7.691240826615288029e+01
1.758219253833836593e+00 8.559108788056821027e+01
1.759777015477499429e+00 8.790165966115115737e+01
1.761334777121161377e+00 8.645836574058439794e+01
1.762892538764824213e+00 8.610174323328443791e+01
1.764450300408487049e+00 8.067809222610533482e+01
1.766008062052149885e+00 8.126553352453431955e+01
1.767565823695811833e+00 8.349941751966804304e+01
1.769123585339474669e+00 8.325210996951193465e+01
1.770681346983137505e+00 8.299047857915790871e+01
1.772239108626800341e+00 9.164365486800016924e+01
1.773796870270462289e+00 9.378440943590399570e+01
1.775354631914125125e+00 8.250233786502423072e+01
1.776912393557787961e+00 8.608180864707426849e+01
1.778470155201450797e+00 8.535823511581702405e+01
1.780027916845112745e+00 7.845854668116747632e+01
1.781585678488775581e+00 7.831980358424871724e+01
1.783143440132438418e+00 8.081705693501915277e+01
1.784701201776101254e+00 8.372426693011277621e+01
1.786258963419763202e+00 8.298569078354391593e+01
1.787816725063426038e+00 7.651553764264113511e+01
1.789374486707088874e+00 7.705403183430712488e+01
1.790932248350751710e+00 7.609612469714092242e+01
1.792490009994414546e+00 8.257314083592612519e+01
1.794047771638076494e+00 8.548997170032558302e+01
1.795605533281739330e+00 8.625348336710817421e+01
1.797163294925402166e+00 8.078336866925558013e+01
1.798721056569065002e+00 7.395969029622783353e+01
1.800278818212726950e+00 7.959251150591600776e+01
1.801836579856389786e+00 7.216620957899523603e+01
1.803394341500052622e+00 7.248319367351744802e+01
1.804952103143715458e+00 7.782822191382436472e+01
1.806509864787377406e+00 8.086298238982493558e+01
1.808067626431040242e+00 8.174858117194348495e+01
1.809625388074703078e+00 7.750888177452594618e+01
1.811183149718365915e+00 7.377037716302589843e+01
1.812740911362027862e+00 7.268536378637114126e+01
1.814298673005690699e+00 7.296107242186209874e+01
1.815856434649353535e+00 7.236152822559002118e+01
1.817414196293016371e+00 6.763061691613788184e+01
1.818971957936678319e+00 7.358021494312316690e+01
1.820529719580341155e+00 7.952633418434689361e+01
1.822087481224003991e+00 7.472553005286692951e+01
1.823645242867666827e+00 7.523138419858159409e+01
1.825203004511328775e+00 7.906369153583862897e+01
1.826760766154991611e+00 7.540655876157882176e+01
1.828318527798654447e+00 7.617376491493548940e+01
1.829876289442317283e+00 8.027154773199495708e+01
1.831434051085980119e+00 8.040365893305555289e+01
1.832991812729642067e+00 8.244626276850571855e+01
1.834549574373304903e+00 8.478524271072635088e+01
1.836107336016967739e+00 7.803548923273213234e+01
1.837665097660630575e+00 7.867469721492820156e+01
1.839222859304292523e+00 8.014433644569460569e+01
1.840780620947955359e+00 7.526180346800822463e+01
1.842338382591618196e+00 7.617703859782224640e+01
1.843896144235281032e+00 7.602660572322317023e+01
1.845453905878942980e+00 6.963664884309162062e+01
1.847011667522605816e+00 6.646343748261834605e+01
1.848569429166268652e+00 7.140749735503572992e+01
1.850127190809931488e+00 7.643309643769130446e+01
1.851684952453593436e+00 7.890964960816988594e+01
1.853242714097256272e+00 7.722837260167133877e+01
1.854800475740919108e+00 7.074514367742881404e+01
1.856358237384581944e+00 6.622723685578198172e+01
1.857915999028243892e+00 6.860157566368025073e+01
1.859473760671906728e+00 7.514426827311400814e+01
1.861031522315569564e+00 7.770621438769994427e+01
1.862589283959232400e+00 7.433184738216721144e+01
1.864147045602894348e+00 7.324506574598034092e+01
1.865704807246557184e+00 8.220765040527646761e+01
1.867262568890220020e+00 7.763209052395146159e+01
1.868820330533882856e+00 7.014657257584296701e+01
1.870378092177545692e+00 7.318974258713420511e+01
1.871935853821207640e+00 7.301852471429143066e+01
1.873493615464870476e+00 7.066304336652861195e+01
1.875051377108533313e+00 7.272533166405166583e+01
1.876609138752196149e+00 7.435707514597191903e+01
1.878166900395858097e+00 7.324003400062109392e+01
1.879724662039520933e+00 7.414528651980890572e+01
1.881282423683183769e+00 7.627099867290360180e+01
1.882840185326846605e+00 7.181381714103530101e+01
1.884397946970508553e+00 6.940483561101031285e+01
1.885955708614171389e+00 7.033901227844913251e+01
1.887513470257834225e+00 7.193294166334638362e+01
1.889071231901497061e+00 7.689392035710504558e+01
1.890628993545159009e+00 7.364019658695379178e+01
1.892186755188821845e+00 6.781148152329377865e+01
1.893744516832484681e+00 6.835795364732044277e+01
1.895302278476147517e+00 7.081714334447453041e+01
1.896860040119809465e+00 7.364735986610978102e+01
1.898417801763472301e+00 7.707868280082779222e+01
1.899975563407135137e+00 7.600927252974206283e+01
1.901533325050797973e+00 6.964398427913198475e+01
1.903091086694459921e+00 6.820564644287891554e+01
1.904648848338122757e+00 7.881563725868491588e+01
1.906206609981785594e+00 7.896187840168180117e+01
1.907764371625448430e+00 7.043518458355079304e+01
1.909322133269111266e+00 6.525543155419229890e+01
1.910879894912773214e+00 6.525934687257061739e+01
1.912437656556436050e+00 6.537830867075260244e+01
1.913995418200098886e+00 6.328403830527759055e+01
1.915553179843761722e+00 6.942600540930874331e+01
1.917110941487423670e+00 7.937783910311088675e+01
1.918668703131086506e+00 8.224230453911995653e+01
1.920226464774749342e+00 7.741035734510649036e+01
1.921784226418412178e+00 7.129111816860188355e+01
1.923341988062074126e+00 6.782505505240303023e+01
1.924899749705736962e+00 6.563463712874006717e+01
1.926457511349399798e+00 6.593611765671064973e+01
1.928015272993062634e+00 6.921122304148073567e+01
1.929573034636724582e+00 6.952297134781773025e+01
1.931130796280387418e+00 6.492835736043804218e+01
1.932688557924050254e+00 7.102320778084671815e+01
1.934246319567713090e+00 7.143271602745080884e+01
1.935804081211375038e+00 7.351000525758844617e+01
1.937361842855037875e+00 7.372371947481670418e+01
1.938919604498700711e+00 6.655026133768046748e+01
1.940477366142363547e+00 6.772534165459599365e+01
1.942035127786025495e+00 6.854777066597176827e+01
1.943592889429688331e+00 6.956486962862551593e+01
1.945150651073351167e+00 7.233508153962053200e+01
1.946708412717014003e+00 7.018879093516672185e+01
1.948266174360676839e+00 6.732284609497128258e+01
1.949823936004338787e+00 6.691268969077178497e+01
1.951381697648001623e+00 6.352326639861739466e+01
1.952939459291664459e+00 6.369161175115466733e+01
1.954497220935327295e+00 6.598316548226910072e+01
1.956054982578989243e+00 6.475242522136231571e+01
1.957612744222652079e+00 6.218907237972256041e+01
1.959170505866314915e+00 6.341302706761127439e+01
1.960728267509977751e+00 6.804632201292636751e+01
1.962286029153639699e+00 7.300536225276245261e+01
1.963843790797302535e+00 7.723598936457081265e+01
1.965401552440965371e+00 7.515609318492762725e+01
1.966959314084628208e+00 6.509982456076832591e+01
1.968517075728290155e+00 7.329921076239791944e+01
1.970074837371952992e+00 7.736508283462821112e+01
1.971632599015615828e+00 7.312216154823910585e+01
1.973190360659278664e+00 6.711484247386258062e+01
1.974748122302940612e+00 6.201199052865048600e+01
1.976305883946603448e+00 6.535837016707026237e+01
1.977863645590266284e+00 6.844676480393735574e+01
1.979421407233929120e+00 6.746129719892095977e+01
1.980979168877591068e+00 6.667055061592914456e+01
1.982536930521253904e+00 6.927493348287727315e+01
1.984094692164916740e+00 6.635983355225559421e+01
1.985652453808579576e+00 6.392490475607334588e+01
1.987210215452242412e+00 6.441089314698839985e+01
1.988767977095904360e+00 6.214831963380213864e+01
1.990325738739567196e+00 6.714659407328126406e+01
1.991883500383230032e+00 6.917145934505508365e+01
1.993441262026892868e+00 6.480447347356751209e+01
1.994999023670554816e+00 6.443682952233552896e+01
1.996556785314217652e+00 6.626132143503554062e+01
1.998114546957880489e+00 6.741373266925310759e+01
1.999672308601543325e+00 6.630203601169580452e+01
2.001230070245205273e+00 6.182133900779125213e+01
2.002787831888868109e+00 5.655679160097129454e+01
2.004345593532530945e+00 6.547014520565744533e+01
2.005903355176193781e+00 6.334532881709166219e+01
2.007461116819855729e+00 6.646433933156434648e+01
2.009018878463518565e+00 6.193494364581515299e+01
2.010576640107181401e+00 5.311250186430130782e+01
2.012134401750844237e+00 5.857367739944743334e+01
2.013692163394506185e+00 6.133480011982832281e+01
2.015249925038169021e+00 6.008013536639486318e+01
2.016807686681831857e+00 6.527872945448150688e+01
2.018365448325494693e+00 6.369223123065630432e+01
2.019923209969156641e+00 5.660616546762757650e+01
2.021480971612819477e+00 6.047226114574839073e+01
2.023038733256482313e+00 6.959677781455053491e+01
2.024596494900145149e+00 6.653613040298817793e+01
2.026154256543807985e+00 6.029077038320460247e+01
2.027712018187469933e+00 5.912997753939755086e+01
2.029269779831132769e+00 5.798081918229578235e+01
2.030827541474795606e+00 5.584503592850323628e+01
2.032385303118458442e+00 5.821465847593018594e+01
2.033943064762120390e+00 6.342931119147394270e+01
2.035500826405783226e+00 6.535493050063750786e+01
2.037058588049446062e+00 5.791066603367713839e+01
2.038616349693108898e+00 5.922348036740174848e+01
2.040174111336770846e+00 5.994422973776180896e+01
2.041731872980433682e+00 6.120050315735608137e+01
2.043289634624096518e+00 6.870379302891102213e+01
2.044847396267759354e+00 7.039800748359489546e+01
2.046405157911421302e+00 6.765509005393225550e+01
2.047962919555084138e+00 6.717470198019006489e+01
2.049520681198746974e+00 6.527507874873897720e+01
2.051078442842409810e+00 5.758447163830256699e+01
2.052636204486071758e+00 4.968134729337239719e+01
2.054193966129734594e+00 5.272820828705620499e+01
2.055751727773397430e+00 6.654950198699185648e+01
2.057309489417060266e+00 6.370982582589865473e+01
2.058867251060722214e+00 5.534662162379888173e+01
2.060425012704385050e+00 5.800348665862433961e+01
2.061982774348047887e+00 5.869018339209542034e+01
2.063540535991710723e+00 5.595607617419539537e+01
2.065098297635373559e+00 5.632315874868723427e+01
2.066656059279035507e+00 6.219504843983215636e+01
2.068213820922698343e+00 6.720362080391389270e+01
2.069771582566361179e+00 6.595251527709108075e+01
2.071329344210024015e+00 6.171432069653291563e+01
2.072887105853685963e+00 5.391637886542056179e+01
2.074444867497348799e+00 6.063424476371148586e+01
2.076002629141011635e+00 5.835770583677538781e+01
2.077560390784674471e+00 6.086228808448924354e+01
2.079118152428336419e+00 5.823298489511865483e+01
2.080675914071999255e+00 5.893948826243268257e+01
2.082233675715662091e+00 6.540154173128513548e+01
2.083791437359324927e+00 6.162534061054061141e+01
2.085349199002986875e+00 5.905910890701771621e+01
2.086906960646649711e+00 6.027959049024852334e+01
2.088464722290312547e+00 5.779524398284446107e+01
2.090022483933975384e+00 5.935860966846680498e+01
2.091580245577637331e+00 5.818348491507793341e+01
2.093138007221300168e+00 5.656214625432448173e+01
2.094695768864963004e+00 6.029299498216148123e+01
2.096253530508625840e+00 5.438592389476973921e+01
2.097811292152287788e+00 5.264290872125924636e+01
2.099369053795950624e+00 5.658670639544097014e+01
2.100926815439613460e+00 5.969344344707477745e+01
2.102484577083276296e+00 5.805669635211194901e+01
2.104042338726939132e+00 5.536167814688037936e+01
2.105600100370601080e+00 5.916763690216737359e+01
2.107157862014263916e+00 6.193624187100207479e+01
2.108715623657926752e+00 5.892083920195899083e+01
2.110273385301589588e+00 5.742588745725384314e+01
2.111831146945251536e+00 5.523571622745356535e+01
2.113388908588914372e+00 5.826992856539587962e+01
2.114946670232577208e+00 5.472626434473725965e+01
2.116504431876240044e+00 5.062143608466573852e+01
2.118062193519901992e+00 5.232239172714742637e+01
2.119619955163564828e+00 5.875183348640939585e+01
2.121177716807227664e+00 6.144815149206340266e+01
2.122735478450890501e+00 5.921219399904242664e+01
2.124293240094552448e+00 6.111106632517623893e+01
2.125851001738215285e+00 6.240147954890721138e+01
2.127408763381878121e+00 5.507877631438203281e+01
2.128966525025540957e+00 5.504649816914661642e+01
2.130524286669202905e+00 5.764545506106667005e+01
2.132082048312865741e+00 6.007764601262471871e+01
2.133639809956528577e+00 5.979749239957450158e+01
2.135197571600191413e+00 5.954006438038026516e+01
2.136755333243853361e+00 5.950869715899982992e+01
2.138313094887516197e+00 5.803577474516315249e+01
2.139870856531179033e+00 5.421317610706173440e+01
2.141428618174841869e+00 4.867636533879683469e+01
2.142986379818504705e+00 4.989974731237575867e+01
2.144544141462166653e+00 5.787298029254601772e+01
2.146101903105829489e+00 5.444224169262637503e+01
2.147659664749492325e+00 5.072465009491616428e+01
2.149217426393155161e+00 5.286077996721547834e+01
2.150775188036817109e+00 5.195030978352049544e+01
2.152332949680479945e+00 5.420108669819506275e+01
2.153890711324142782e+00 5.079118807025194116e+01
2.155448472967805618e+00 4.987191028722820363e+01
2.157006234611467566e+00 5.195138348918251836e+01
2.158563996255130402e+00 4.976226942865245917e+01
2.160121757898793238e+00 5.079301079101699656e+01
2.161679519542456074e+00 5.249860065162700806e+01
2.163237281186118022e+00 4.695444240621753806e+01
2.164795042829780858e+00 5.391565076053989714e+01
2.166352804473443694e+00 5.357171762096745482e+01
2.167910566117106530e+00 5.092458763580661696e+01
2.169468327760768478e+00 4.739359598953829078e+01
2.171026089404431314e+00 5.081446734178949498e+01
2.172583851048094150e+00 5.192533978367499969e+01
2.174141612691756986e+00 5.064085613642857453e+01
2.175699374335418934e+00 5.556070418964094415e+01
2.177257135979081770e+00 5.558258045990650942e+01
2.178814897622744606e+00 5.177492408596136642e+01
2.180372659266407442e+00 5.056150496892715296e+01
2.181930420910070278e+00 5.022746696510180442e+01
2.183488182553732226e+00 5.040687683407658426e+01
2.185045944197395063e+00 5.106146334727730363e+01
2.186603705841057899e+00 5.365876935036466477e+01
2.188161467484720735e+00 5.237721973587694180e+01
2.189719229128382683e+00 5.426169639897711505e+01
2.191276990772045519e+00 5.597754888698761278e+01
2.192834752415708355e+00 5.130766120415258058e+01
2.194392514059371191e+00 4.976538821860177109e+01
2.195950275703033139e+00 4.917984649453254065e+01
2.197508037346695975e+00 4.713616415597785192e+01
2.199065798990358811e+00 4.777423143233909286e+01
2.200623560634021647e+00 5.036327534789771931e+01
2.202181322277683595e+00 5.489110063316614685e+01
2.203739083921346431e+00 5.185471169163415084e+01
2.205296845565009267e+00 5.076443270675806474e+01
2.206854607208672103e+00 4.912200968108120236e+01
2.208412368852334051e+00 4.668283488330315123e+01
2.209970130495996887e+00 4.596052699115575990e+01
2.211527892139659723e+00 4.969813216205146489e+01
2.213085653783322559e+00 4.879889206813997049e+01
2.214643415426984507e+00 4.789775666467618009e+01
2.216201177070647343e+00 5.241031578123141088e+01
2.217758938714310180e+00 5.429699523691086682e+01
2.219316700357973016e+00 5.273026684387917129e+01
2.220874462001635852e+00 4.626221094520506938e+01
2.222432223645297800e+00 4.329256027278806584e+01
2.223989985288960636e+00 4.935898297478500751e+01
2.225547746932623472e+00 4.552975542208292126e+01
2.227105508576286308e+00 4.841074169323002963e+01
2.228663270219948256e+00 4.887372510018875715e+01
2.230221031863611092e+00 4.826252658651210226e+01
2.231778793507273928e+00 5.156344419626554298e+01
2.233336555150936764e+00 4.858164653877413031e+01
2.234894316794598712e+00 4.629841964360433337e+01
2.236452078438261548e+00 4.822682536946062015e+01
2.238009840081924384e+00 4.865124549172654866e+01
2.239567601725587220e+00 5.069039806144260041e+01
2.241125363369249168e+00 4.472707863215082824e+01
2.242683125012912004e+00 4.508831406800648267e+01
2.244240886656574840e+00 5.160965495747011289e+01
2.245798648300237677e+00 4.754897887019408387e+01
2.247356409943899624e+00 4.599297562032678144e+01
2.248914171587562461e+00 4.845167798883093013e+01
2.250471933231225297e+00 5.215785876373971774e+01
2.252029694874888133e+00 5.365598664463087175e+01
2.253587456518550081e+00 5.182664015086163545e+01
2.255145218162212917e+00 5.056833882107761724e+01
2.256702979805875753e+00 4.757316156955477737e+01
2.258260741449538589e+00 4.567774653466075563e+01
2.259818503093201425e+00 4.832563683246242903e+01
2.261376264736863373e+00 5.521419037708862021e+01
2.262934026380526209e+00 5.354806816214902909e+01
2.264491788024189045e+00 5.016563125758506203e+01
2.266049549667851881e+00 5.417438143846923282e+01
2.267607311311513829e+00 5.587424080010402605e+01
2.269165072955176665e+00 5.723602499677758004e+01
2.270722834598839501e+00 5.855698708472318970e+01
2.272280596242502337e+00 5.175761788415157127e+01
2.273838357886164285e+00 4.360741123790062090e+01
2.275396119529827121e+00 4.486719704574883139e+01
2.276953881173489957e+00 4.619144349554242979e+01
2.278511642817152794e+00 4.379393959275230230e+01
2.280069404460814741e+00 4.305243273693021422e+01
2.281627166104477578e+00 4.630090210850481469e+01
2.283184927748140414e+00 5.095086865362531370e+01
2.284742689391803250e+00 5.495642539755855438e+01
2.286300451035465198e+00 4.766387513008255894e+01
2.287858212679128034e+00 4.290306050183937714e+01
2.289415974322790870e+00 4.420166686962717506e+01
2.290973735966453706e+00 4.419645727921115963e+01
2.292531497610115654e+00 4.455321462938082533e+01
2.294089259253778490e+00 4.710646502429696625e+01
2.295647020897441326e+00 4.895232846950500516e+01
2.297204782541104162e+00 4.268671642875111161e+01
2.298762544184766998e+00 4.619557635244592575e+01
2.300320305828428946e+00 4.425246200159425314e+01
2.301878067472091782e+00 4.653673640391014743e+01
2.303435829115754618e+00 4.745499016864886244e+01
2.304993590759417454e+00 4.036613756897924787e+01
2.306551352403079402e+00 5.113349058273684733e+01
2.308109114046742238e+00 5.199620782664083407e+01
2.309666875690405075e+00 4.794473669291048878e+01
2.311224637334067911e+00 4.817554990544452664e+01
2.312782398977729859e+00 4.457531254547066624e+01
2.314340160621392695e+00 4.509259139541133266e+01
2.315897922265055531e+00 4.608893451209677750e+01
2.317455683908718367e+00 4.651404275416660994e+01
2.319013445552380315e+00 4.731461956337353314e+01
2.320571207196043151e+00 4.626249684346436197e+01
2.322128968839705987e+00 4.657248580437687480e+01
2.323686730483368823e+00 4.400509882194531741e+01
2.325244492127030771e+00 3.966199656375607674e+01
2.326802253770693607e+00 3.925496112027682472e+01
2.328360015414356443e+00 4.466562644780011482e+01
2.329917777058019279e+00 5.131180381172939775e+01
2.331475538701681227e+00 4.949615692735446970e+01
2.333033300345344063e+00 4.679036773603158395e+01
2.334591061989006899e+00 5.192620628903458879e+01
2.336148823632669735e+00 5.182468225660516481e+01
2.337706585276332572e+00 4.682026859987123402e+01
2.339264346919994519e+00 4.931237258727320949e+01
2.340822108563657356e+00 4.375912513558532169e+01
2.342379870207320192e+00 4.745502657991245599e+01
2.343937631850983028e+00 4.942894238049276368e+01
2.345495393494644976e+00 4.247227626917285193e+01
2.347053155138307812e+00 4.421214420869096529e+01
2.348610916781970648e+00 4.030870541815219354e+01
2.350168678425633484e+00 4.191677222807785341e+01
2.351726440069295432e+00 4.610179958032632896e+01
2.353284201712958268e+00 4.360906688437170686e+01
2.354841963356621104e+00 4.294610119784506708e+01
2.356399725000283940e+00 4.283500547208230813e+01
2.357957486643945888e+00 4.486078591404061910e+01
2.359515248287608724e+00 4.121713462557196550e+01
2.361073009931271560e+00 3.833878173099377307e+01
2.362630771574934396e+00 4.093579745244846180e+01
2.364188533218596344e+00 4.650039976290945987e+01
2.365746294862259180e+00 4.953786185534116981e+01
2.367304056505922016e+00 4.744207483470400888e+01
2.368861818149584852e+00 4.319779010694762889e+01
2.370419579793246800e+00 4.430715988670040417e+01
2.371977341436909636e+00 4.651743479229429568e+01
2.373535103080572473e+00 4.219423743819105255e+01
2.375092864724235309e+00 4.023300057757826664e+01
2.376650626367898145e+00 4.648266882692111324e+01
2.378208388011560093e+00 3.940867068862372236e+01
2.379766149655222929e+00 4.030258030707340566e+01
2.381323911298885765e+00 4.300379184260753362e+01
2.382881672942548601e+00 4.235323335634862474e+01
2.384439434586210549e+00 3.972146023685409943e+01
2.385997196229873385e+00 4.064613236865780976e+01
2.387554957873536221e+00 4.127293176484268855e+01
2.389112719517199057e+00 4.071580166702646864e+01
2.390670481160861005e+00 3.787964199751426264e+01
2.392228242804523841e+00 3.499870163432638037e+01
2.393786004448186677e+00 3.676553945411698265e+01
2.395343766091849513e+00 3.660622272066116523e+01
2.396901527735511461e+00 3.859132134248976342e+01
2.398459289379174297e+00 4.645956616739182721e+01
2.400017051022837133e+00 5.038529189096811933e+01
2.401574812666499970e+00 4.668741994465943890e+01
2.403132574310161917e+00 4.765095885704594281e+01
2.404690335953824754e+00 4.351858841659080923e+01
2.406248097597487590e+00 3.793171145295503521e+01
2.407805859241150426e+00 3.920097657180078699e+01
2.409363620884812374e+00 4.032059853861534293e+01
2.410921382528475210e+00 3.888009166146998297e+01
2.412479144172138046e+00 3.712657325718262058e+01
2.414036905815800882e+00 3.896286513545229724e+01
2.415594667459463718e+00 4.213960172099169910e+01
2.417152429103125666e+00 4.006768052072467157e+01
2.418710190746788502e+00 3.607681157611672518e+01
2.420267952390451338e+00 4.155007786700791428e+01
2.421825714034114174e+00 3.580667971968589569e+01
2.423383475677776122e+00 4.242595646816980093e+01
2.424941237321438958e+00 4.669668254227356385e+01
2.426498998965101794e+00 4.387081808755408474e+01
2.428056760608764630e+00 4.362241264905090077e+01
2.429614522252426578e+00 3.912238483694040525e+01
2.431172283896089414e+00 3.327124573375527206e+01
2.432730045539752251e+00 3.422010712085401707e+01
2.434287807183415087e+00 4.173927636196675195e+01
2.435845568827077035e+00 4.614007917290967953e+01
2.437403330470739871e+00 4.466365725773567164e+01
2.438961092114402707e+00 3.919089171828090912e+01
2.440518853758065543e+00 4.475545264189703687e+01
2.442076615401727491e+00 4.124858534932841536e+01
2.443634377045390327e+00 3.900897199805645243e+01
2.445192138689053163e+00 4.065492901898383593e+01
2.446749900332715999e+00 4.038494079151526250e+01
2.448307661976377947e+00 4.406966063774845566e+01
2.449865423620040783e+00 4.664242974726064261e+01
2.451423185263703619e+00 4.331618494329571689e+01
2.452980946907366455e+00 3.644773126687142906e+01
2.454538708551029291e+00 3.507325927928439313e+01
2.456096470194691239e+00 3.782768945338678890e+01
2.457654231838354075e+00 3.474304133819526186e+01
2.459211993482016911e+00 3.650950741611642769e+01
2.460769755125679747e+00 3.647545906781928693e+01
2.462327516769341695e+00 4.208776389917451155e+01
2.463885278413004531e+00 3.895127490964720351e+01
2.465443040056667368e+00 3.669981712741112290e+01
2.467000801700330204e+00 4.335369370782488119e+01
2.468558563343992152e+00 4.483462863334358417e+01
2.470116324987654988e+00 4.194726906921808052e+01
2.471674086631317824e+00 4.236908018104475815e+01
2.473231848274980660e+00 4.214444681091127620e+01
2.474789609918642608e+00 3.816623118248688940e+01
2.476347371562305444e+00 3.693332372693457444e+01
2.477905133205968280e+00 3.361354158660874702e+01
2.479462894849631116e+00 3.386528355119776279e+01
2.481020656493293064e+00 3.751998751831460055e+01
2.482578418136955900e+00 4.141334046818310100e+01
2.484136179780618736e+00 4.451995481770693175e+01
2.485693941424281572e+00 3.930709003777822375e+01
2.487251703067943520e+00 3.396368109082828823e+01
2.488809464711606356e+00 3.596353688172970209e+01
2.490367226355269192e+00 3.961399633601504178e+01
2.491924987998932028e+00 3.920467590256147616e+01
2.493482749642594865e+00 4.029291327137232059e+01
2.495040511286256812e+00 3.699715135459840099e+01
2.496598272929919649e+00 4.226204871941473584e+01
2.498156034573582485e+00 3.858600430663566527e+01
2.499713796217245321e+00 3.601462329193506662e+01
2.501271557860907269e+00 4.037761270948639236e+01
2.502829319504570105e+00 3.590027425241009951e+01
2.504387081148232941e+00 3.198952531537624822e+01
2.505944842791895777e+00 3.353832783483598234e+01
2.507502604435557725e+00 4.001687429820653819e+01
2.509060366079220561e+00 4.530717824738803046e+01
2.510618127722883397e+00 4.292516120261915091e+01
2.512175889366546233e+00 3.564962702398651118e+01
2.513733651010208181e+00 3.738423336291175048e+01
2.515291412653871017e+00 3.879552188229418164e+01
2.516849174297533853e+00 4.436891892820253958e+01
2.518406935941196689e+00 3.754491727835757331e+01
2.519964697584858637e+00 3.185395707427916534e+01
2.521522459228521473e+00 3.369067536029197640e+01
2.523080220872184309e+00 3.752615299217640654e+01
2.524637982515847145e+00 3.444072325226018449e+01
2.526195744159509093e+00 3.184672528249176437e+01
2.527753505803171930e+00 3.825191527077560494e+01
2.529311267446834766e+00 4.310568011923472653e+01
2.530869029090497602e+00 4.003623268882935804e+01
2.532426790734160438e+00 3.666518365850578931e+01
2.533984552377822386e+00 3.849544774692246563e+01
2.535542314021485222e+00 3.488133397001890756e+01
2.537100075665148058e+00 3.143705776514391204e+01
2.538657837308810894e+00 3.733800581955502196e+01
2.540215598952472842e+00 3.783930622269775768e+01
2.541773360596135678e+00 3.710358045402439586e+01
2.543331122239798514e+00 3.797887956599763726e+01
2.544888883883461350e+00 3.690650988086797923e+01
2.546446645527123298e+00 3.775816950449861054e+01
2.548004407170786134e+00 3.921681741553598499e+01
2.549562168814448970e+00 3.890823591987809493e+01
2.551119930458111806e+00 3.953662371086883809e+01
2.552677692101773754e+00 3.856002441201202657e+01
2.554235453745436590e+00 3.642268624130947785e+01
2.555793215389099426e+00 3.834897199828373715e+01
2.557350977032762263e+00 3.646860844137108160e+01
2.558908738676424210e+00 3.201375787483621593e+01
2.560466500320087047e+00 3.363931885638039176e+01
2.562024261963749883e+00 3.633691722223339582e+01
2.563582023607412719e+00 3.378599550084953052e+01
2.565139785251074667e+00 3.111862995496645468e+01
2.566697546894737503e+00 3.147707156967511466e+01
2.568255308538400339e+00 3.374669641761518335e+01
2.569813070182063175e+00 3.483958337951126794e+01
2.571370831825726011e+00 3.387517333085933302e+01
2.572928593469387959e+00 3.417706228458683881e+01
2.574486355113050795e+00 2.944148811739070482e+01
2.576044116756713631e+00 3.348159021099847621e+01
2.577601878400376467e+00 3.225920860507623189e+01
2.579159640044038415e+00 3.162348050621170259e+01
2.580717401687701251e+00 3.596660832400937835e+01
2.582275163331364087e+00 3.447649351360239223e+01
2.583832924975026923e+00 3.203077615322580129e+01
2.585390686618688871e+00 3.281498246788825668e+01
2.586948448262351707e+00 3.595661380153789111e+01
2.588506209906014544e+00 3.747830968353425618e+01
2.590063971549677380e+00 3.618843174582287503e+01
2.591621733193339328e+00 3.349165131292285480e+01
2.593179494837002164e+00 3.384617651405506678e+01
2.594737256480665000e+00 3.438578988479024900e+01
2.596295018124327836e+00 3.309786804937682092e+01
2.597852779767989784e+00 3.207134717597134710e+01
2.599410541411652620e+00 3.448706976740399455e+01
2.600968303055315456e+00 3.541805665794375813e+01
2.602526064698978292e+00 3.710286711193788278e+01
2.604083826342640240e+00 3.767317576586398786e+01
2.605641587986303076e+00 3.675810090898576021e+01
2.607199349629965912e+00 3.562088721548443004e+01
2.608757111273628748e+00 3.450932117875997562e+01
2.610314872917291584e+00 3.047726560409944341e+01
2.611872634560953532e+00 2.678110918538077456e+01
2.613430396204616368e+00 2.897575363028684592e+01
2.614988157848279204e+00 3.005853548645063000e+01
2.616545919491942040e+00 3.788968040946493687e+01
2.618103681135603988e+00 3.247536349784189724e+01
2.619661442779266824e+00 3.545439382506062742e+01
2.621219204422929661e+00 3.914432580142432272e+01
2.622776966066592497e+00 3.495607672103653130e+01
2.624334727710254445e+00 3.230959087299807919e+01
2.625892489353917281e+00 2.978314765966885957e+01
2.627450250997580117e+00 3.032375433876259763e+01
2.629008012641242953e+00 3.266878735316906557e+01
2.630565774284904901e+00 3.362251730034727615e+01
2.632123535928567737e+00 3.265454099510976249e+01
2.633681297572230573e+00 3.218392191248636180e+01
2.635239059215893409e+00 3.882325946826340157e+01
2.636796820859555357e+00 4.089358218952968116e+01
2.638354582503218193e+00 3.895605443507529486e+01
2.639912344146881029e+00 3.459864005317318458e+01
2.641470105790543865e+00 3.393627255723999525e+01
2.643027867434205813e+00 3.493362776309899687e+01
2.644585629077868649e+00 3.413536174444305971e+01
2.646143390721531485e+00 3.493501689947427735e+01
2.647701152365194321e+00 3.154521456201896257e+01
2.649258914008857158e+00 2.904025628296588835e+01
2.650816675652519105e+00 2.908220842778919035e+01
2.652374437296181942e+00 3.019688517477302270e+01
2.653932198939844778e+00 2.963892801917053532e+01
2.655489960583507614e+00 2.933189932223979923e+01
2.657047722227169562e+00 2.853523662395920368e+01
2.658605483870832398e+00 3.136773433602961347e+01
2.660163245514495234e+00 3.136963623609188545e+01
2.661721007158158070e+00 2.912658364383062803e+01
2.663278768801820018e+00 3.343520492267094113e+01
2.664836530445482854e+00 3.821043673521550232e+01
2.666394292089145690e+00 3.658173305760981009e+01
2.667952053732808526e+00 3.057528210687473447e+01
2.669509815376470474e+00 2.659271032964506531e+01
2.671067577020133310e+00 2.869398248802564666e+01
2.672625338663796146e+00 3.030012102523192752e+01
2.674183100307458982e+00 3.321281241644943094e+01
2.675740861951120930e+00 3.579288710233314674e+01
2.677298623594783766e+00 3.214627777479071824e+01
2.678856385238446602e+00 2.896733278308222026e+01
2.680414146882109439e+00 2.983350680624636198e+01
2.681971908525771386e+00 3.231323068694001677e+01
2.683529670169434223e+00 3.193600423259650967e+01
2.685087431813097059e+00 3.064763026259374357e+01
2.686645193456759895e+00 3.248450685533786952e+01
2.688202955100422731e+00 3.315515634813800006e+01
2.689760716744084679e+00 3.269586086502947353e+01
2.691318478387747515e+00 3.332347034199488434e+01
2.692876240031410351e+00 3.436076390587773233e+01
2.694434001675073187e+00 3.427516460716714164e+01
2.695991763318735135e+00 3.516167278963359166e+01
2.697549524962397971e+00 3.346996784856087714e+01
2.699107286606060807e+00 3.108210448746669030e+01
2.700665048249723643e+00 2.987952307641711158e+01
2.702222809893385591e+00 3.029408446883090278e+01
2.703780571537048427e+00 3.082304234384329789e+01
2.705338333180711263e+00 3.041761628097761161e+01
2.706896094824374099e+00 2.918654707835349882e+01
2.708453856468036047e+00 3.248252572560178209e+01
2.710011618111698883e+00 3.203048578674145119e+01
2.711569379755361719e+00 3.437878473855920447e+01
2.713127141399024556e+00 3.532077048383902707e+01
2.714684903042686503e+00 3.031911038642148526e+01
2.716242664686349340e+00 2.961933132625660647e+01
2.717800426330012176e+00 3.294029923134979043e+01
2.719358187973675012e+00 3.339872267270083483e+01
2.720915949617336960e+00 3.043896652550174053e+01
2.722473711260999796e+00 3.095862162158473652e+01
2.724031472904662632e+00 2.796424258129193774e+01
2.725589234548325468e+00 2.972307682523380379e+01
2.727146996191988304e+00 3.117605036967628607e+01
2.728704757835650252e+00 2.766710874108146356e+01
2.730262519479313088e+00 3.293221777986624232e+01
2.731820281122975924e+00 3.432465374830310623e+01
2.733378042766638760e+00 3.060881738668894414e+01
2.734935804410300708e+00 2.981003355510871344e+01
2.736493566053963544e+00 3.052221236731965703e+01
2.738051327697626380e+00 3.082860175355514798e+01
2.739609089341289216e+00 2.927418120454962391e+01
2.741166850984951164e+00 2.950730501742496514e+01
2.742724612628614000e+00 3.447958227287495703e+01
2.744282374272276837e+00 3.306698473608442157e+01
2.745840135915939673e+00 3.123889858886413506e+01
2.747397897559601621e+00 2.787708213803394131e+01
2.748955659203264457e+00 2.927888562822304763e+01
2.750513420846927293e+00 3.055064796532724714e+01
2.752071182490590129e+00 2.548040335823169400e+01
2.753628944134252077e+00 2.519596386423455670e+01
2.755186705777914913e+00 3.004613314872452179e+01
2.756744467421577749e+00 3.300446804262666944e+01
2.758302229065240585e+00 2.855372971785690694e+01
2.759859990708902533e+00 2.866213429904498611e+01
2.761417752352565369e+00 2.654188267908381960e+01
2.762975513996228205e+00 3.365548921030273277e+01
2.764533275639891041e+00 3.328272806505829351e+01
2.766091037283553877e+00 2.803666888780783850e+01
2.767648798927215825e+00 3.375626243513553248e+01
2.769206560570878661e+00 3.520808391643603841e+01
2.770764322214541497e+00 2.992521738699278089e+01
2.772322083858204333e+00 3.049114205056232763e+01
2.773879845501866281e+00 3.632405569371289999e+01
2.775437607145529118e+00 3.823743059671140543e+01
2.776995368789191954e+00 3.332590255024598491e+01
2.778553130432854790e+00 2.785562469167743060e+01
2.780110892076516738e+00 2.466754248994535459e+01
2.781668653720179574e+00 2.523674758488680681e+01
2.783226415363842410e+00 2.675778702520211283e+01
2.784784177007505246e+00 2.676353635302225342e+01
2.786341938651167194e+00 2.856081021348487781e+01
2.787899700294830030e+00 3.315113490388031892e+01
2.789457461938492866e+00 3.290067696235372807e+01
2.791015223582155702e+00 2.932455447512803204e+01
2.792572985225817650e+00 3.386300656084596028e+01
2.794130746869480486e+00 3.146455463829329346e+01
2.795688508513143322e+00 2.675094353980626138e+01
2.797246270156806158e+00 2.996870866568287539e+01
2.798804031800468106e+00 3.488698542829612137e+01
2.800361793444130942e+00 3.309286008804574664e+01
2.801919555087793778e+00 2.698216906199382237e+01
2.803477316731456614e+00 2.716149185760964357e+01
2.805035078375119451e+00 2.944698428484782582e+01
2.806592840018781398e+00 2.869352362301751924e+01
2.808150601662444235e+00 2.968934317262608147e+01
2.809708363306107071e+00 2.995246668213672336e+01
2.811266124949769907e+00 3.210687457261265365e+01
2.812823886593431855e+00 3.211479244424409529e+01
2.814381648237094691e+00 3.166677378986458180e+01
2.815939409880757527e+00 3.098377246545001995e+01
2.817497171524420363e+00 2.912695208755507181e+01
2.819054933168082311e+00 2.909677969834784861e+01
2.820612694811745147e+00 3.013977639746476811e+01
2.822170456455407983e+00 2.900960476588014814e+01
2.823728218099070819e+00 2.917547314601978670e+01
2.825285979742732767e+00 3.255201836464494392e+01
2.826843741386395603e+00 3.225151830032222477e+01
2.828401503030058439e+00 2.868395805053919290e+01
2.829959264673721275e+00 2.831647068473996853e+01
2.831517026317383223e+00 2.844246031952999942e+01
2.833074787961046059e+00 2.870139888616601098e+01
2.834632549604708895e+00 3.077658582417437572e+01
2.836190311248371732e+00 2.400467519715797593e+01
2.837748072892033679e+00 1.907811962655837235e+01
2.839305834535696516e+00 2.262014698666966694e+01
2.840863596179359352e+00 2.501659464423486767e+01
2.842421357823022188e+00 2.549421131987395839e+01
2.843979119466685024e+00 2.767996057041668578e+01
2.845536881110346972e+00 2.785704907384584317e+01
2.847094642754009808e+00 2.384924243281036738e+01
2.848652404397672644e+00 2.405864196169325098e+01
2.850210166041335480e+00 2.809868408485442970e+01
2.851767927684997428e+00 3.214604859390893665e+01
2.853325689328660264e+00 2.865451551777074712e+01
2.854883450972323100e+00 2.563953854377228936e+01
2.856441212615985936e+00 2.846335028230965136e+01
2.857998974259647884e+00 2.735440717701444768e+01
2.859556735903310720e+00 2.263119090972019976e+01
2.861114497546973556e+00 2.159612873370740260e+01
2.862672259190636392e+00 2.165524039435289794e+01
2.864230020834298340e+00 2.874971388239782044e+01
2.865787782477961176e+00 3.133659814535002042e+01
2.867345544121624012e+00 2.474943755249775634e+01
2.868903305765286849e+00 2.902413280294840447e+01
2.870461067408948796e+00 3.288358384567480641e+01
2.872018829052611633e+00 2.937531581979602535e+01
2.873576590696274469e+00 2.647911863407211897e+01
2.875134352339937305e+00 2.354574696218893237e+01
2.876692113983599253e+00 2.222943710598950773e+01
2.878249875627262089e+00 2.214884511834602776e+01
2.879807637270924925e+00 2.374488815306231970e+01
2.881365398914587761e+00 2.424770786320752691e+01
2.882923160558250597e+00 2.627536919656907699e+01
2.884480922201912545e+00 3.196275309305825019e+01
2.886038683845575381e+00 2.902333817732253252e+01
2.887596445489238217e+00 2.677322778448956342e+01
2.889154207132901053e+00 2.903990426415118975e+01
2.890711968776563001e+00 2.716872730497906829e+01
2.892269730420225837e+00 2.689375705594235555e+01
2.893827492063888673e+00 2.821048660831736754e+01
2.895385253707551509e+00 2.492490522568521882e+01
2.896943015351213457e+00 2.641879338848074354e+01
2.898500776994876293e+00 2.671409829807141278e+01
2.900058538638539130e+00 2.822330320616772781e+01
2.901616300282201966e+00 2.640387260454351903e+01
2.903174061925863914e+00 2.187764585702027631e+01
2.904731823569526750e+00 2.094015031201493926e+01
2.906289585213189586e+00 2.114767998799861104e+01
2.907847346856852422e+00 2.172798263665742979e+01
2.909405108500514370e+00 2.437028962854336100e+01
2.910962870144177206e+00 2.700120863879214284e+01
2.912520631787840042e+00 2.504583455991035379e+01
2.914078393431502878e+00 2.659443538976126931e+01
2.915636155075164826e+00 2.667436390254388456e+01
2.917193916718827662e+00 2.924202494203289859e+01
2.918751678362490498e+00 2.762843073481046119e+01
2.920309440006153334e+00 2.419865056746564846e+01
2.921867201649816170e+00 2.539969885976623587e+01
2.923424963293478118e+00 2.662671256711964318e+01
2.924982724937140954e+00 2.454896644198596078e+01
2.926540486580803790e+00 2.137749476730986586e+01
2.928098248224466627e+00 2.240886069712476214e+01
2.929656009868128574e+00 2.476924898822441179e+01
2.931213771511791411e+00 2.513068231928846075e+01
2.932771533155454247e+00 2.511032407654345278e+01
2.934329294799117083e+00 2.657774106520525592e+01
2.935887056442779031e+00 2.870724908027664668e+01
2.937444818086441867e+00 2.540296540602754760e+01
2.939002579730104703e+00 2.198781554403530336e+01
2.940560341373767539e+00 2.283329032331992892e+01
2.942118103017429487e+00 2.530200423545905508e+01
2.943675864661092323e+00 2.598777318917596801e+01
2.945233626304755159e+00 2.600707267812974521e+01
2.946791387948417995e+00 2.490378808052820148e+01
2.948349149592079943e+00 2.357863944347168328e+01
2.949906911235742779e+00 2.664697481858191708e+01
2.951464672879405615e+00 2.785983848415298425e+01
2.953022434523068451e+00 2.545696240994977444e+01
2.954580196166730399e+00 2.416145829434439207e+01
2.956137957810393235e+00 2.232546610027020861e+01
2.957695719454056071e+00 2.237413057451524523e+01
2.959253481097718907e+00 2.515568873846100928e+01
2.960811242741381744e+00 2.454588615851472255e+01
2.962369004385043691e+00 2.479571743410503259e+01
2.963926766028706528e+00 2.442163437378076907e+01
2.965484527672369364e+00 2.509558806364384864e+01
2.967042289316032200e+00 2.530913118916821958e+01
2.968600050959694148e+00 2.067018715705500398e+01
2.970157812603356984e+00 2.008392226313044304e+01
2.971715574247019820e+00 2.597618565919934852e+01
2.973273335890682656e+00 2.845527895488329051e+01
2.974831097534344604e+00 2.599117316485916263e+01
2.976388859178007440e+00 2.425102095193548024e+01
2.977946620821670276e+00 2.494696053091277221e+01
2.979504382465333112e+00 2.599718179865724110e+01
2.981062144108995060e+00 2.393131729191296131e+01
2.982619905752657896e+00 2.833625386741870145e+01
2.984177667396320732e+00 2.911147703001880771e+01
2.985735429039983568e+00 2.598304906797357461e+01
2.987293190683645516e+00 2.622596477418758099e+01
2.988850952327308352e+00 2.532773874138093717e+01
2.990408713970971188e+00 2.222296737067422256e+01
2.991966475614634025e+00 2.203807454858164760e+01
2.993524237258295972e+00 2.564026030135096690e+01
2.995081998901958809e+00 2.908196299559567422e+01
2.996639760545621645e+00 2.403473993223244420e+01
2.998197522189284481e+00 2.346191030810587108e+01
2.999755283832947317e+00 2.426041614576767103e+01
3.001313045476609265e+00 2.305051789776632631e+01
3.002870807120272101e+00 2.293650696647217657e+01
3.004428568763934937e+00 2.621673841845878172e+01
3.005986330407597773e+00 2.930237442273953974e+01
3.007544092051259721e+00 2.864945716389910402e+01
3.009101853694922557e+00 2.764666201294377856e+01
3.010659615338585393e+00 2.423438668794198847e+01
3.012217376982248229e+00 2.251548100550222031e+01
3.013775138625910177e+00 2.240745086918730777e+01
3.015332900269573013e+00 2.789430390244874403e+01
3.016890661913235849e+00 2.758535233283030763e+01
3.018448423556898685e+00 2.824427731909310424e+01
3.020006185200560633e+00 2.865747285412311740e+01
3.021563946844223469e+00 2.530705203770027722e+01
3.023121708487886306e+00 2.559536340252871867e+01
3.024679470131549142e+00 2.570837186754538095e+01
3.026237231775211090e+00 2.777763074843872104e+01
3.027794993418873926e+00 3.118877053638429331e+01
3.029352755062536762e+00 2.865662135491449902e+01
3.030910516706199598e+00 2.698581635347474261e+01
3.032468278349861546e+00 2.592774020221433773e+01
3.034026039993524382e+00 2.524816296710226737e+01
3.035583801637187218e+00 2.448583775658725514e+01
3.037141563280850054e+00 2.147645398000257089e+01
3.038699324924512890e+00 2.184472177471293008e+01
3.040257086568174838e+00 2.327636211198440108e+01
3.041814848211837674e+00 2.286036131992122833e+01
3.043372609855500510e+00 2.376275069802159123e+01
3.044930371499163346e+00 2.129387422064305468e+01
3.046488133142825294e+00 2.517042156855177737e+01
3.048045894786488130e+00 2.453644779260767805e+01
3.049603656430150966e+00 2.302239341282121288e+01
3.051161418073813802e+00 2.481337867875770087e+01
3.052719179717475750e+00 2.379796790527064942e+01
3.054276941361138586e+00 2.292996062596031948e+01
3.055834703004801423e+00 2.430052806252017916e+01
3.057392464648464259e+00 2.534943648544681594e+01
3.058950226292126207e+00 2.382077084006601808e+01
3.060507987935789043e+00 2.787384039593596796e+01
3.062065749579451879e+00 2.766005029974226304e+01
3.063623511223114715e+00 2.429805545185183391e+01
3.065181272866776663e+00 2.624566517633979146e+01
3.066739034510439499e+00 2.557418354229906399e+01
3.068296796154102335e+00 2.384519577831786918e+01
3.069854557797765171e+00 2.457595113219671745e+01
3.071412319441427119e+00 2.640966036906024428e+01
3.072970081085089955e+00 2.557381565982839433e+01
3.074527842728752791e+00 2.210331815458571114e+01
3.076085604372415627e+00 2.166747791313059324e+01
3.077643366016078463e+00 2.033798742491191192e+01
3.079201127659740411e+00 2.063365913332178891e+01
3.080758889303403247e+00 2.221555410357096250e+01
3.082316650947066083e+00 2.207846687052460055e+01
3.083874412590728920e+00 2.161238902685600394e+01
3.085432174234390867e+00 2.281449319951033061e+01
3.086989935878053704e+00 2.575616926305641030e+01
3.088547697521716540e+00 2.408972593575170151e+01
3.090105459165379376e+00 2.464769941629098327e+01
3.091663220809041324e+00 2.242172244929084712e+01
3.093220982452704160e+00 1.877613032159028350e+01
3.094778744096366996e+00 2.309357761703244094e+01
3.096336505740029832e+00 2.672168672213879148e+01
3.097894267383691780e+00 2.876355731576305175e+01
3.099452029027354616e+00 2.887334481116524287e+01
3.101009790671017452e+00 2.246121882327538799e+01
3.102567552314680288e+00 2.026460686147348866e+01
3.104125313958342236e+00 2.299363126311091676e+01
3.105683075602005072e+00 2.369794771914978071e+01
3.107240837245667908e+00 2.356062353829287304e+01
3.108798598889330744e+00 2.177142440632227860e+01
3.110356360532992692e+00 2.267138429628356633e+01
3.111914122176655528e+00 2.509348835665433697e+01
3.113471883820318364e+00 2.379306129764204414e+01
3.115029645463981200e+00 2.024110408493923430e+01
3.116587407107644037e+00 2.167076114192372671e+01
3.118145168751305985e+00 2.309505030339516551e+01
3.119702930394968821e+00 2.347478223211615145e+01
3.121260692038631657e+00 2.102657430686696216e+01
3.122818453682294493e+00 2.072314871032420669e+01
3.124376215325956441e+00 2.222752966064817670e+01
3.125933976969619277e+00 2.158134065234340682e+01
3.127491738613282113e+00 2.356359816650507355e+01
3.129049500256944949e+00 2.539246199622640177e+01
3.130607261900606897e+00 2.150874212802971996e+01
3.132165023544269733e+00 2.085371917306206413e+01
3.133722785187932569e+00 2.224553411783798396e+01
3.135280546831595405e+00 2.033095471247876418e+01
3.136838308475257353e+00 2.114309119994121744e+01
3.138396070118920189e+00 2.335491327381472004e+01
3.139953831762583025e+00 2.527150993477221164e+01
3.141511593406245861e+00 2.395848950130319466e+01
3.143069355049907809e+00 2.161106194121564883e+01
3.144627116693570645e+00 2.193097964883486028e+01
3.146184878337233481e+00 2.437856217961457261e+01
3.147742639980896318e+00 2.297218135888361701e+01
3.149300401624558265e+00 1.989267973041656745e+01
3.150858163268221102e+00 2.008213491390432281e+01
3.152415924911883938e+00 2.153912801694747614e+01
3.153973686555546774e+00 2.348523572474056920e+01
3.155531448199209610e+00 2.444490441380292012e+01
3.157089209842871558e+00 2.222397035656559439e+01
3.158646971486534394e+00 2.052241001754141081e+01
3.160204733130197230e+00 1.810108727625058478e+01
3.161762494773860066e+00 2.479942754723909104e+01
3.163320256417522014e+00 2.506536309907748716e+01
3.164878018061184850e+00 2.522190603610672710e+01
3.166435779704847686e+00 2.699962450397290681e+01
3.167993541348510522e+00 2.345031088869242808e+01
3.169551302992172470e+00 2.298355637747509306e+01
3.171109064635835306e+00 2.364257429399545174e+01
3.172666826279498142e+00 2.152027511802603854e+01
3.174224587923160978e+00 2.404268758576340304e+01
3.175782349566822926e+00 2.581844529937590238e+01
3.177340111210485762e+00 2.286016059053808291e+01
3.178897872854148599e+00 2.519029180012584845e+01
3.180455634497811435e+00 2.313648695632227970e+01
3.182013396141473383e+00 2.075277722868285935e+01
3.183571157785136219e+00 2.150443327226303580e+01
3.185128919428799055e+00 2.118227195251909123e+01
3.186686681072461891e+00 1.999292414544522600e+01
3.188244442716123839e+00 2.113181027291454228e+01
3.189802204359786675e+00 0.000000000000000000e+00
