-3.189520074465516331e+00 0.000000000000000000e+00
-3.187962311303384144e+00 0.000000000000000000e+00
-3.186404548141251958e+00 0.000000000000000000e+00
-3.184846784979119771e+00 0.000000000000000000e+00
-3.183289021816988029e+00 1.413484494799142865e+01
-3.181731258654855843e+00 1.343774759609138592e+01
-3.180173495492723656e+00 1.401914929870084237e+01
-3.178615732330591470e+00 1.604028065300160222e+01
-3.177057969168459284e+00 1.485151727596829119e+01
-3.175500206006327097e+00 1.367775858566726299e+01
-3.173942442844194911e+00 1.574136540451249289e+01
-3.172384679682063169e+00 1.655640299346293887e+01
-3.170826916519930982e+00 1.633298612974691366e+01
-3.169269153357798796e+00 1.661591096521502919e+01
-3.167711390195666610e+00 1.941054597571858054e+01
-3.166153627033534423e+00 1.075879987507542701e+01
-3.164595863871402237e+00 1.373170109523730176e+01
-3.163038100709270495e+00 1.651580825278909259e+01
-3.161480337547138308e+00 1.811611806549725046e+01
-3.159922574385006122e+00 1.438117365610403020e+01
-3.158364811222873936e+00 1.524578119005919774e+01
-3.156807048060741749e+00 1.556004118408808523e+01
-3.155249284898609563e+00 1.183104299736901588e+01
-3.153691521736477377e+00 1.209101583119351631e+01
-3.152133758574345634e+00 2.119861743982505331e+01
-3.150575995412213448e+00 2.171332301388976305e+01
-3.149018232250081262e+00 1.931191984213378277e+01
-3.147460469087949075e+00 1.980853954511300685e+01
-3.145902705925816889e+00 1.532308748153790035e+01
-3.144344942763684703e+00 1.228884662082603363e+01
-3.142787179601552516e+00 1.519324734891756101e+01
-3.141229416439420774e+00 1.659713078990941426e+01
-3.139671653277288588e+00 1.498262590549853357e+01
-3.138113890115156401e+00 1.529584220224927371e+01
-3.136556126953024215e+00 1.746474122334272749e+01
-3.134998363790892029e+00 1.758720956688374670e+01
-3.133440600628759842e+00 1.535327917577858869e+01
-3.131882837466628100e+00 1.465120775893602634e+01
-3.130325074304495914e+00 1.560112203307313905e+01
-3.128767311142363727e+00 1.547427991254461688e+01
-3.127209547980231541e+00 1.503128072952344318e+01
-3.125651784818099355e+00 1.509266258813204331e+01
-3.124094021655967168e+00 1.719695015972484242e+01
-3.122536258493834982e+00 1.639516006955181737e+01
-3.120978495331703240e+00 2.029893195733098210e+01
-3.119420732169571053e+00 1.678869812197001110e+01
-3.117862969007438867e+00 1.668197467996148831e+01
-3.116305205845306681e+00 1.668706250056189333e+01
-3.114747442683174494e+00 1.588211848816520266e+01
-3.113189679521042308e+00 1.553218628135306112e+01
-3.111631916358910122e+00 1.863402539289961624e+01
-3.110074153196778379e+00 1.210314014293255980e+01
-3.108516390034646193e+00 1.242984950679000988e+01
-3.106958626872514007e+00 1.449719874232900452e+01
-3.105400863710381820e+00 1.429887169977801520e+01
-3.103843100548249634e+00 1.529006927686603845e+01
-3.102285337386117448e+00 1.734207230193685234e+01
-3.100727574223985705e+00 1.292066979542765992e+01
-3.099169811061853519e+00 1.842113260564822497e+01
-3.097612047899721333e+00 1.864009262339743245e+01
-3.096054284737589146e+00 1.691550380856584823e+01
-3.094496521575456960e+00 1.691137439598604431e+01
-3.092938758413324773e+00 1.610952321926200881e+01
-3.091380995251192587e+00 1.500080318894286791e+01
-3.089823232089060845e+00 1.466083000847036644e+01
-3.088265468926928659e+00 1.858396164999274802e+01
-3.086707705764796472e+00 1.892379737385990168e+01
-3.085149942602664286e+00 1.418603457355072628e+01
-3.083592179440532099e+00 1.778283939065009633e+01
-3.082034416278399913e+00 1.470399890729843762e+01
-3.080476653116267727e+00 1.353619069008948017e+01
-3.078918889954135985e+00 1.483261818238518437e+01
-3.077361126792003798e+00 1.455051517264303484e+01
-3.075803363629871612e+00 1.035799371464687368e+01
-3.074245600467739425e+00 1.608986423159959500e+01
-3.072687837305607239e+00 1.450400669214121407e+01
-3.071130074143475053e+00 1.908069148835218343e+01
-3.069572310981342866e+00 1.923064889481396023e+01
-3.068014547819211124e+00 1.661375077953467283e+01
-3.066456784657078938e+00 1.567819495699559518e+01
-3.064899021494946751e+00 1.943748223036532963e+01
-3.063341258332814565e+00 1.403693741739351175e+01
-3.061783495170682379e+00 1.512926478167067756e+01
-3.060225732008550192e+00 1.747723349678604876e+01
-3.058667968846418006e+00 1.438061457577076929e+01
-3.057110205684286264e+00 1.254468805124542463e+01
-3.055552442522154077e+00 1.414708948529193933e+01
-3.053994679360021891e+00 1.537744858560206751e+01
-3.052436916197889705e+00 1.617418061945884844e+01
-3.050879153035757518e+00 1.650114898044860112e+01
-3.049321389873625332e+00 1.975629692116326197e+01
-3.047763626711493590e+00 2.031693277830518340e+01
-3.046205863549361403e+00 1.656156359535731681e+01
-3.044648100387229217e+00 1.418257747736562280e+01
-3.043090337225097031e+00 1.157525746681092826e+01
-3.041532574062964844e+00 1.171185360428635036e+01
-3.039974810900832658e+00 1.033162980484588722e+01
-3.038417047738700472e+00 1.408052261827763196e+01
-3.036859284576568729e+00 1.145862156757553763e+01
-3.035301521414436543e+00 1.286276816766399556e+01
-3.033743758252304357e+00 1.491417425325754209e+01
-3.032185995090172170e+00 1.513517641234119893e+01
-3.030628231928039984e+00 1.322230389435303621e+01
-3.029070468765907798e+00 1.538745509544559731e+01
-3.027512705603776055e+00 1.492920190265165026e+01
-3.025954942441643869e+00 1.208582884227924659e+01
-3.024397179279511683e+00 1.480134104671844852e+01
-3.022839416117379496e+00 1.335725431909088812e+01
-3.021281652955247310e+00 1.330619699225786334e+01
-3.019723889793115124e+00 1.453856654911809976e+01
-3.018166126630982937e+00 1.676871999251885015e+01
-3.016608363468851195e+00 1.730857633532337658e+01
-3.015050600306719009e+00 1.602928957963934664e+01
-3.013492837144586822e+00 1.466046982229525675e+01
-3.011935073982454636e+00 1.555775914283832861e+01
-3.010377310820322450e+00 1.968117249991637507e+01
-3.008819547658190263e+00 1.548949062576106250e+01
-3.007261784496058077e+00 1.426177187153157178e+01
-3.005704021333926335e+00 1.584271239169214240e+01
-3.004146258171794148e+00 1.596867727442834273e+01
-3.002588495009661962e+00 1.169434950428412279e+01
-3.001030731847529776e+00 1.450782399547659551e+01
-2.999472968685397589e+00 1.964211329493836189e+01
-2.997915205523265403e+00 2.052152591437192797e+01
-2.996357442361133216e+00 1.829142218958154942e+01
-2.994799679199001474e+00 1.899607933427056494e+01
-2.993241916036869288e+00 1.884796795912138023e+01
-2.991684152874737102e+00 1.813203044575575262e+01
-2.990126389712604915e+00 1.724968978226223015e+01
-2.988568626550472729e+00 1.599540225323078779e+01
-2.987010863388340542e+00 1.734043049778216528e+01
-2.985453100226208356e+00 1.565388660768242879e+01
-2.983895337064076614e+00 2.140862184825816428e+01
-2.982337573901944427e+00 1.655432956006084666e+01
-2.980779810739812241e+00 1.636477854292460421e+01
-2.979222047577680055e+00 1.374816786725656392e+01
-2.977664284415547868e+00 1.480942801814977905e+01
-2.976106521253415682e+00 1.753629975789152695e+01
-2.974548758091283940e+00 1.688350243367708003e+01
-2.972990994929151753e+00 1.477228351610060741e+01
-2.971433231767019567e+00 2.072093697984473692e+01
-2.969875468604887381e+00 1.554502451550735209e+01
-2.968317705442755194e+00 1.986817385633350952e+01
-2.966759942280623008e+00 1.672819364268071496e+01
-2.965202179118490822e+00 1.689777996117665992e+01
-2.963644415956359079e+00 1.776055235000917421e+01
-2.962086652794226893e+00 1.696264013374003099e+01
-2.960528889632094707e+00 1.927944523118804554e+01
-2.958971126469962520e+00 1.848280320695832657e+01
-2.957413363307830334e+00 1.704173047673931052e+01
-2.955855600145698148e+00 1.553256688166481148e+01
-2.954297836983566405e+00 1.816073763841027144e+01
-2.952740073821434219e+00 1.339190586352640722e+01
-2.951182310659302033e+00 1.197199914470101589e+01
-2.949624547497169846e+00 1.354858997663210474e+01
-2.948066784335037660e+00 1.479694858908016109e+01
-2.946509021172905474e+00 1.554849128707680705e+01
-2.944951258010773287e+00 1.737972195861136981e+01
-2.943393494848641545e+00 2.054985362401066595e+01
-2.941835731686509359e+00 1.375790989002665832e+01
-2.940277968524377172e+00 1.498352859664383985e+01
-2.938720205362244986e+00 1.403921672222257477e+01
-2.937162442200112800e+00 1.470671000463190481e+01
-2.935604679037980613e+00 1.365914090463326680e+01
-2.934046915875848427e+00 9.706934849693254819e+00
-2.932489152713716685e+00 1.235309342110041797e+01
-2.930931389551584498e+00 1.639351414673577523e+01
-2.929373626389452312e+00 1.123058716316086780e+01
-2.927815863227320126e+00 1.568094010526578153e+01
-2.926258100065187939e+00 1.461259737839923467e+01
-2.924700336903055753e+00 1.738693103906182102e+01
-2.923142573740923567e+00 1.858692985539638087e+01
-2.921584810578791824e+00 1.676585809236718561e+01
-2.920027047416659638e+00 1.411890050982064260e+01
-2.918469284254527452e+00 1.441043125211623277e+01
-2.916911521092395265e+00 1.578439479961206438e+01
-2.915353757930263079e+00 1.976248088110054368e+01
-2.913795994768130893e+00 1.466370467800476973e+01
-2.912238231605998706e+00 1.801461486374515175e+01
-2.910680468443866964e+00 1.620300418598574765e+01
-2.909122705281734778e+00 1.754296711251199881e+01
-2.907564942119602591e+00 1.866360567072610266e+01
-2.906007178957470405e+00 1.814772124763589645e+01
-2.904449415795338219e+00 1.805965114641279001e+01
-2.902891652633206032e+00 1.753409533024511902e+01
-2.901333889471073846e+00 1.439617338439802019e+01
-2.899776126308942104e+00 1.847867315051786363e+01
-2.898218363146809917e+00 1.935446522923706070e+01
-2.896660599984677731e+00 1.628399761075509389e+01
-2.895102836822545544e+00 1.731268160122785460e+01
-2.893545073660413358e+00 1.666607186951079811e+01
-2.891987310498281616e+00 1.668892008928345305e+01
-2.890429547336149430e+00 1.720875765654757217e+01
-2.888871784174017243e+00 1.399769448119679716e+01
-2.887314021011885057e+00 1.509548044357046592e+01
-2.885756257849752870e+00 1.537835290533636901e+01
-2.884198494687620684e+00 1.992870469701670899e+01
-2.882640731525488498e+00 1.749222430353687230e+01
-2.881082968363356756e+00 1.748579119906912638e+01
-2.879525205201224569e+00 2.066140608048323557e+01
-2.877967442039092383e+00 2.119536305186746006e+01
-2.876409678876960196e+00 2.106947773445348204e+01
-2.874851915714828010e+00 1.920546107832981875e+01
-2.873294152552695824e+00 1.387894433890236812e+01
-2.871736389390563637e+00 1.329052283061726847e+01
-2.870178626228431895e+00 1.831679750410817675e+01
-2.868620863066299709e+00 1.558698770757485974e+01
-2.867063099904167522e+00 1.645938587505357020e+01
-2.865505336742035336e+00 1.467724149865978944e+01
-2.863947573579903150e+00 1.376710746853640543e+01
-2.862389810417770963e+00 1.684941796947379444e+01
-2.860832047255638777e+00 1.904507971310994563e+01
-2.859274284093507035e+00 1.732244563652738734e+01
-2.857716520931374848e+00 1.548122914130087224e+01
-2.856158757769242662e+00 8.580426656657991202e+00
-2.854600994607110476e+00 1.615782072618729970e+01
-2.853043231444978289e+00 1.563171623103161778e+01
-2.851485468282846103e+00 1.785235377371397902e+01
-2.849927705120713917e+00 1.887723837637432922e+01
-2.848369941958582174e+00 1.760054159618852410e+01
-2.846812178796449988e+00 1.487739924740701092e+01
-2.845254415634317802e+00 1.406089354094382315e+01
-2.843696652472185615e+00 1.398847198226869715e+01
-2.842138889310053429e+00 1.823102760200052330e+01
-2.840581126147921243e+00 2.276523886132676822e+01
-2.839023362985789056e+00 1.346211726295792843e+01
-2.837465599823657314e+00 1.740100690444430498e+01
-2.835907836661525128e+00 1.990095268489121594e+01
-2.834350073499392941e+00 1.912888494597674693e+01
-2.832792310337260755e+00 1.804885248706059997e+01
-2.831234547175128569e+00 1.946281401861187277e+01
-2.829676784012996382e+00 1.885832564741747319e+01
-2.828119020850864196e+00 1.871195666141926850e+01
-2.826561257688732454e+00 9.799508967014439520e+00
-2.825003494526600267e+00 1.394052963963969205e+01
-2.823445731364468081e+00 1.836473338854765558e+01
-2.821887968202335895e+00 1.570588373988252506e+01
-2.820330205040203708e+00 1.862681821248110126e+01
-2.818772441878071966e+00 1.719447878532768215e+01
-2.817214678715939780e+00 1.646851416961546732e+01
-2.815656915553807593e+00 1.694169620915532803e+01
-2.814099152391675407e+00 1.749898156209594902e+01
-2.812541389229543221e+00 1.744510685590839216e+01
-2.810983626067411034e+00 1.776270068060754426e+01
-2.809425862905278848e+00 1.846267507907579386e+01
-2.807868099743147106e+00 1.507825206865446432e+01
-2.806310336581014919e+00 1.912211679033732636e+01
-2.804752573418882733e+00 1.708052381594075086e+01
-2.803194810256750547e+00 2.359654804337349177e+01
-2.801637047094618360e+00 2.493721254845818081e+01
-2.800079283932486174e+00 1.828610711129865152e+01
-2.798521520770353987e+00 1.812363808334623272e+01
-2.796963757608222245e+00 1.950244884811205281e+01
-2.795405994446090059e+00 1.621534031269474951e+01
-2.793848231283957873e+00 1.821359513391782770e+01
-2.792290468121825686e+00 1.615516638517587467e+01
-2.790732704959693500e+00 1.779807193580209201e+01
-2.789174941797561313e+00 1.620172870291966305e+01
-2.787617178635429127e+00 1.693638999737552453e+01
-2.786059415473297385e+00 1.671347295027301172e+01
-2.784501652311165198e+00 1.618234875275460283e+01
-2.782943889149033012e+00 1.512063566035824458e+01
-2.781386125986900826e+00 1.618854339601652370e+01
-2.779828362824768639e+00 1.788376417524131412e+01
-2.778270599662636453e+00 1.344090318060887590e+01
-2.776712836500504267e+00 1.685687389476510134e+01
-2.775155073338372524e+00 1.736502612805130497e+01
-2.773597310176240338e+00 1.323867030942545320e+01
-2.772039547014108152e+00 1.432317264459508976e+01
-2.770481783851975965e+00 1.740008958960686769e+01
-2.768924020689843779e+00 1.750056321803906201e+01
-2.767366257527711593e+00 1.678327242646372852e+01
-2.765808494365579406e+00 1.433877463136953523e+01
-2.764250731203447664e+00 1.324123149900023044e+01
-2.762692968041315478e+00 1.665694604407172363e+01
-2.761135204879183291e+00 1.518927328794089249e+01
-2.759577441717051105e+00 1.973600097805541154e+01
-2.758019678554918919e+00 2.095021616973130918e+01
-2.756461915392786732e+00 2.014746579230537193e+01
-2.754904152230654546e+00 2.072411209544093680e+01
-2.753346389068522804e+00 1.983057278677644319e+01
-2.751788625906390617e+00 1.980064791821430248e+01
-2.750230862744258431e+00 1.795744856248358090e+01
-2.748673099582126245e+00 1.702051163684296498e+01
-2.747115336419994058e+00 1.498062445241587426e+01
-2.745557573257862316e+00 1.428407872399364287e+01
-2.743999810095730130e+00 1.723179206275007402e+01
-2.742442046933597943e+00 1.580711456907463663e+01
-2.740884283771465757e+00 1.847373803979719753e+01
-2.739326520609333571e+00 1.550986058749314367e+01
-2.737768757447201384e+00 1.449940639998688319e+01
-2.736210994285069198e+00 1.364225624657686176e+01
-2.734653231122937456e+00 1.370537067581469870e+01
-2.733095467960805269e+00 1.661567706258881216e+01
-2.731537704798673083e+00 1.880482646226835897e+01
-2.729979941636540897e+00 2.099937298009028552e+01
-2.728422178474408710e+00 1.155187602091149479e+01
-2.726864415312276524e+00 9.659634025724042061e+00
-2.725306652150144338e+00 1.674181664916373080e+01
-2.723748888988012595e+00 1.706822092240238220e+01
-2.722191125825880409e+00 1.562002135186861018e+01
-2.720633362663748223e+00 1.734591118426482836e+01
-2.719075599501616036e+00 1.791780936694508242e+01
-2.717517836339483850e+00 1.650358065593964341e+01
-2.715960073177351664e+00 1.737952196060394883e+01
-2.714402310015219477e+00 1.605634204116424613e+01
-2.712844546853087735e+00 1.898288727838592393e+01
-2.711286783690955549e+00 1.425816443941395484e+01
-2.709729020528823362e+00 1.743990382078543178e+01
-2.708171257366691176e+00 1.961200303118404520e+01
-2.706613494204558990e+00 1.993035792186448774e+01
-2.705055731042426803e+00 1.910811387095362690e+01
-2.703497967880294617e+00 1.674205969184555087e+01
-2.701940204718162875e+00 1.661008294953571252e+01
-2.700382441556030688e+00 2.019214863020455653e+01
-2.698824678393898502e+00 1.968962910816582124e+01
-2.697266915231766315e+00 1.692083431823528628e+01
-2.695709152069634129e+00 2.171556082747479266e+01
-2.694151388907501943e+00 1.982119196135452910e+01
-2.692593625745369756e+00 1.512863754211724476e+01
-2.691035862583238014e+00 1.456007454991220129e+01
-2.689478099421105828e+00 1.628443832492511234e+01
-2.687920336258973641e+00 1.564357747090529749e+01
-2.686362573096841455e+00 1.623452217180244972e+01
-2.684804809934709269e+00 1.859019264847942665e+01
-2.683247046772577526e+00 1.764396233436701067e+01
-2.681689283610444896e+00 1.288722873422086224e+01
-2.680131520448313154e+00 1.950851513103019030e+01
-2.678573757286180967e+00 1.965127923429468382e+01
-2.677015994124048781e+00 2.141244065870304070e+01
-2.675458230961916595e+00 1.647721733075250938e+01
-2.673900467799784408e+00 1.523141551986900133e+01
-2.672342704637652666e+00 1.763270693530754585e+01
-2.670784941475520036e+00 1.978782395945949801e+01
-2.669227178313388293e+00 1.766977280570191766e+01
-2.667669415151256107e+00 1.496913556937814604e+01
-2.666111651989123921e+00 1.415682484240643291e+01
-2.664553888826991734e+00 1.740138436625153062e+01
-2.662996125664859548e+00 2.032458200636337864e+01
-2.661438362502727806e+00 1.703141034310698743e+01
-2.659880599340595619e+00 1.871644759670187597e+01
-2.658322836178463433e+00 1.192763644787931732e+01
-2.656765073016331247e+00 1.795820816613917259e+01
-2.655207309854199060e+00 1.683412482575590374e+01
-2.653649546692066874e+00 1.633338707067035500e+01
-2.652091783529934688e+00 1.848739606042833472e+01
-2.650534020367802945e+00 1.672345564713323540e+01
-2.648976257205670759e+00 1.419388300252321500e+01
-2.647418494043538573e+00 1.702955289843120212e+01
-2.645860730881406386e+00 1.723653833272841851e+01
-2.644302967719274200e+00 1.603600797523907673e+01
-2.642745204557142014e+00 1.321255576663079978e+01
-2.641187441395009827e+00 1.463707557394251602e+01
-2.639629678232878085e+00 1.660658638297350009e+01
-2.638071915070745899e+00 1.449077836562503840e+01
-2.636514151908613712e+00 1.609578467255446910e+01
-2.634956388746481526e+00 1.298335785971633172e+01
-2.633398625584349340e+00 1.331298229558817070e+01
-2.631840862422217153e+00 1.722081418350728299e+01
-2.630283099260084967e+00 1.931072126590416360e+01
-2.628725336097953225e+00 2.225148225696515070e+01
-2.627167572935821038e+00 1.545635348279023980e+01
-2.625609809773688852e+00 2.110203664043899252e+01
-2.624052046611556666e+00 1.421513334165789821e+01
-2.622494283449424479e+00 1.320109642208211476e+01
-2.620936520287292293e+00 1.531586249673155997e+01
-2.619378757125160107e+00 1.588375541614536601e+01
-2.617820993963028364e+00 1.576337324351055713e+01
-2.616263230800896178e+00 1.475500901590545944e+01
-2.614705467638763992e+00 1.471480783813022875e+01
-2.613147704476631805e+00 1.657121405502565636e+01
-2.611589941314499619e+00 1.806621534152039743e+01
-2.610032178152367877e+00 1.921218738874861742e+01
-2.608474414990235246e+00 2.085825248582694158e+01
-2.606916651828103504e+00 1.656081121433200920e+01
-2.605358888665971318e+00 1.579627581470792741e+01
-2.603801125503839131e+00 1.888294608560122612e+01
-2.602243362341706945e+00 1.925916685098518499e+01
-2.600685599179574758e+00 1.807175218892797730e+01
-2.599127836017443016e+00 1.905338210432683610e+01
-2.597570072855310386e+00 1.871858671487171222e+01
-2.596012309693178643e+00 1.939350667395151007e+01
-2.594454546531046457e+00 1.995554449009677356e+01
-2.592896783368914271e+00 1.608736570722203041e+01
-2.591339020206782084e+00 1.508496412155286492e+01
-2.589781257044649898e+00 1.805716978787308236e+01
-2.588223493882518156e+00 2.177477931265372746e+01
-2.586665730720385969e+00 1.726902714444004161e+01
-2.585107967558253783e+00 1.871818336642181890e+01
-2.583550204396121597e+00 1.520094289864811365e+01
-2.581992441233989410e+00 1.632636191206713860e+01
-2.580434678071857224e+00 1.782312163333115507e+01
-2.578876914909725038e+00 1.860235364578003114e+01
-2.577319151747593295e+00 1.800208313242503166e+01
-2.575761388585461109e+00 1.658753321018033944e+01
-2.574203625423328923e+00 1.557542283424104212e+01
-2.572645862261196736e+00 1.526210459700290656e+01
-2.571088099099064550e+00 1.989385173670423868e+01
-2.569530335936932364e+00 1.972873271926347627e+01
-2.567972572774800177e+00 2.380971037410169444e+01
-2.566414809612668435e+00 1.929188925748905348e+01
-2.564857046450536249e+00 1.605320584175390408e+01
-2.563299283288404062e+00 1.478849455750366815e+01
-2.561741520126271876e+00 1.459567270986008936e+01
-2.560183756964139690e+00 1.847713140591036307e+01
-2.558625993802007503e+00 2.130755284952993378e+01
-2.557068230639875317e+00 1.941561328461008173e+01
-2.555510467477743575e+00 1.536743945042248605e+01
-2.553952704315611388e+00 1.452438509315579473e+01
-2.552394941153479202e+00 1.935720023045508498e+01
-2.550837177991347016e+00 1.651401689747333279e+01
-2.549279414829214829e+00 1.533255481649993257e+01
-2.547721651667082643e+00 1.697328055386495294e+01
-2.546163888504950457e+00 1.741281528256331157e+01
-2.544606125342818714e+00 1.633544599353732352e+01
-2.543048362180686528e+00 1.936524424907321418e+01
-2.541490599018554342e+00 1.805819687334071233e+01
-2.539932835856422155e+00 1.683233457264438471e+01
-2.538375072694289969e+00 1.759444885902439992e+01
-2.536817309532158227e+00 1.844738889815783978e+01
-2.535259546370025596e+00 1.554490159039155195e+01
-2.533701783207893854e+00 1.835915494693838568e+01
-2.532144020045761668e+00 1.841372546469269267e+01
-2.530586256883629481e+00 1.682344271167685079e+01
-2.529028493721497295e+00 1.814754011320409788e+01
-2.527470730559365109e+00 1.523942344184506759e+01
-2.525912967397233366e+00 1.378927713916527154e+01
-2.524355204235100736e+00 1.875959217681469227e+01
-2.522797441072968994e+00 1.721746398821036550e+01
-2.521239677910836807e+00 1.886277352400439256e+01
-2.519681914748704621e+00 2.430272448505035854e+01
-2.518124151586572435e+00 1.855414423025221993e+01
-2.516566388424440248e+00 1.383103248329727286e+01
-2.515008625262308506e+00 1.668168767248290152e+01
-2.513450862100176320e+00 1.602039233324094170e+01
-2.511893098938044133e+00 1.672293262871215802e+01
-2.510335335775911947e+00 1.860136628009990645e+01
-2.508777572613779761e+00 1.336361391443621471e+01
-2.507219809451647574e+00 1.968615431749227795e+01
-2.505662046289515388e+00 1.894975408260857463e+01
-2.504104283127383646e+00 1.849357902279412968e+01
-2.502546519965251459e+00 1.824131035168263537e+01
-2.500988756803119273e+00 1.500472690349124960e+01
-2.499430993640987086e+00 1.324965505596406068e+01
-2.497873230478854900e+00 1.676777018617816850e+01
-2.496315467316722714e+00 1.532553107244426549e+01
-2.494757704154590527e+00 1.377939928328470565e+01
-2.493199940992458785e+00 1.848176584405964107e+01
-2.491642177830326599e+00 2.060265294907132372e+01
-2.490084414668194412e+00 1.779850578071756217e+01
-2.488526651506062226e+00 1.711156675746324041e+01
-2.486968888343930040e+00 1.894709751346447391e+01
-2.485411125181797853e+00 1.918625025352201163e+01
-2.483853362019665667e+00 1.872263843442511089e+01
-2.482295598857533925e+00 1.987646988471737330e+01
-2.480737835695401738e+00 1.981490967749638443e+01
-2.479180072533269552e+00 2.029651966338331803e+01
-2.477622309371137366e+00 1.875226290024720299e+01
-2.476064546209005179e+00 1.476161656857020610e+01
-2.474506783046872993e+00 1.594437894663641586e+01
-2.472949019884740807e+00 1.492942871360975765e+01
-2.471391256722609064e+00 1.978850377512859993e+01
-2.469833493560476878e+00 2.168708104364314693e+01
-2.468275730398344692e+00 1.677643068505814838e+01
-2.466717967236212505e+00 1.582664254622592459e+01
-2.465160204074080319e+00 1.767794207007059626e+01
-2.463602440911948577e+00 1.897534965881283142e+01
-2.462044677749815946e+00 1.673455316067357401e+01
-2.460486914587684204e+00 1.274965721583511957e+01
-2.458929151425552018e+00 1.633678762295524223e+01
-2.457371388263419831e+00 1.983796296960345984e+01
-2.455813625101287645e+00 2.047467087269061636e+01
-2.454255861939155459e+00 2.049258691566214452e+01
-2.452698098777023716e+00 1.919426899575255163e+01
-2.451140335614891086e+00 1.981221554993748413e+01
-2.449582572452759344e+00 1.939864141826652499e+01
-2.448024809290627157e+00 1.910568516378295811e+01
-2.446467046128494971e+00 1.797953161913299169e+01
-2.444909282966362785e+00 1.698036875577313509e+01
-2.443351519804230598e+00 1.802790737362523643e+01
-2.441793756642098856e+00 1.705254494098444340e+01
-2.440235993479966670e+00 1.607402770693036942e+01
-2.438678230317834483e+00 2.051983319373443138e+01
-2.437120467155702297e+00 1.814555099205662714e+01
-2.435562703993570111e+00 1.751706812267110180e+01
-2.434004940831437924e+00 1.831474938620177895e+01
-2.432447177669305738e+00 1.707458538398310566e+01
-2.430889414507173996e+00 1.743999668235225542e+01
-2.429331651345041809e+00 1.680633896123048743e+01
-2.427773888182909623e+00 1.773842013495623959e+01
-2.426216125020777437e+00 1.838957374225848440e+01
-2.424658361858645250e+00 1.902532154644548612e+01
-2.423100598696513064e+00 1.721768106386387842e+01
-2.421542835534380878e+00 1.734557283778824655e+01
-2.419985072372249135e+00 2.059896212767802481e+01
-2.418427309210116949e+00 2.050691099698038400e+01
-2.416869546047984763e+00 1.506412983706375641e+01
-2.415311782885852576e+00 1.674442201330479207e+01
-2.413754019723720390e+00 1.475149099101944294e+01
-2.412196256561588203e+00 1.745422813329861356e+01
-2.410638493399456017e+00 1.855028942038249440e+01
-2.409080730237324275e+00 1.635076250779331986e+01
-2.407522967075192089e+00 1.620239624146685387e+01
-2.405965203913059902e+00 1.669468870628407586e+01
-2.404407440750927716e+00 1.440349430884079851e+01
-2.402849677588795529e+00 1.546688156727017827e+01
-2.401291914426663343e+00 1.860178676560454747e+01
-2.399734151264531157e+00 1.616739895516971970e+01
-2.398176388102399414e+00 1.718063626160527235e+01
-2.396618624940267228e+00 2.046264298322857300e+01
-2.395060861778135042e+00 1.701721919547309625e+01
-2.393503098616002855e+00 1.675480515681107008e+01
-2.391945335453870669e+00 2.262868063412130226e+01
-2.390387572291738927e+00 2.631087772440536199e+01
-2.388829809129606296e+00 2.484791415912741286e+01
-2.387272045967474554e+00 2.307937793665675841e+01
-2.385714282805342368e+00 2.294545849070778232e+01
-2.384156519643210181e+00 2.107787012296805429e+01
-2.382598756481077995e+00 1.882714247515669115e+01
-2.381040993318945809e+00 1.950851600773841099e+01
-2.379483230156814066e+00 2.013160553849589363e+01
-2.377925466994681436e+00 1.521408451389696737e+01
-2.376367703832549694e+00 1.864224544100689229e+01
-2.374809940670417507e+00 1.492556631440513648e+01
-2.373252177508285321e+00 1.733357164970200159e+01
-2.371694414346153135e+00 2.173968956923086182e+01
-2.370136651184020948e+00 2.072019293906843629e+01
-2.368578888021889206e+00 2.232139010682055513e+01
-2.367021124859757020e+00 2.170993924889755888e+01
-2.365463361697624833e+00 1.773070332981204089e+01
-2.363905598535492647e+00 1.702295242620765237e+01
-2.362347835373360461e+00 2.090351118280246112e+01
-2.360790072211228274e+00 2.362170645863360363e+01
-2.359232309049096088e+00 2.207359733117795386e+01
-2.357674545886964346e+00 2.018191322855402348e+01
-2.356116782724832159e+00 1.590073293922400666e+01
-2.354559019562699973e+00 1.904846840432241706e+01
-2.353001256400567787e+00 2.050686868909476956e+01
-2.351443493238435600e+00 1.825947984512857403e+01
-2.349885730076303414e+00 1.734630486976919528e+01
-2.348327966914171228e+00 1.878202634253017678e+01
-2.346770203752039485e+00 1.837338717694208867e+01
-2.345212440589907299e+00 1.550724350838008192e+01
-2.343654677427775113e+00 1.750092616340613105e+01
-2.342096914265642926e+00 2.077882193218462703e+01
-2.340539151103510740e+00 2.117872392609734078e+01
-2.338981387941378554e+00 1.660781564635791696e+01
-2.337423624779246367e+00 1.970485470044371112e+01
-2.335865861617114625e+00 2.072156083672211579e+01
-2.334308098454982439e+00 2.656799094193236499e+01
-2.332750335292850252e+00 1.883345513591806863e+01
-2.331192572130718066e+00 1.902681660015134568e+01
-2.329634808968585880e+00 1.819511764148608535e+01
-2.328077045806453693e+00 1.770371988945787223e+01
-2.326519282644321507e+00 2.084610192433228093e+01
-2.324961519482189765e+00 2.039010156871369972e+01
-2.323403756320057578e+00 1.781930508001266489e+01
-2.321845993157925392e+00 1.643628619509545530e+01
-2.320288229995793206e+00 1.611302649698784251e+01
-2.318730466833661019e+00 1.932874620494505891e+01
-2.317172703671529277e+00 1.912588539371596497e+01
-2.315614940509396646e+00 1.811494270865163259e+01
-2.314057177347264904e+00 1.829077850994288212e+01
-2.312499414185132718e+00 1.773612759780109727e+01
-2.310941651023000531e+00 2.213871452951115870e+01
-2.309383887860868345e+00 2.014528842676212861e+01
-2.307826124698736159e+00 1.680279300578328971e+01
-2.306268361536604417e+00 1.735862131490729254e+01
-2.304710598374471786e+00 1.793013202751571100e+01
-2.303152835212340044e+00 2.143113041736631175e+01
-2.301595072050207857e+00 1.800162106166661857e+01
-2.300037308888075671e+00 1.874079255381248288e+01
-2.298479545725943485e+00 1.903150133479826778e+01
-2.296921782563811298e+00 1.972239051946136001e+01
-2.295364019401679556e+00 1.743155003054615904e+01
-2.293806256239547370e+00 2.074753748824931066e+01
-2.292248493077415183e+00 2.094591159342949283e+01
-2.290690729915282997e+00 2.032828759296813459e+01
-2.289132966753150811e+00 1.927644435734085349e+01
-2.287575203591018624e+00 1.916530631869892787e+01
-2.286017440428886438e+00 2.014015356824490866e+01
-2.284459677266754696e+00 1.799558727925335333e+01
-2.282901914104622509e+00 1.983579345739754984e+01
-2.281344150942490323e+00 1.903983593038772781e+01
-2.279786387780358137e+00 2.180341379037467675e+01
-2.278228624618225950e+00 2.025199918539878752e+01
-2.276670861456093764e+00 1.781677389179954574e+01
-2.275113098293961578e+00 2.280546875491880598e+01
-2.273555335131829835e+00 1.950226302588487570e+01
-2.271997571969697649e+00 1.893033140737066233e+01
-2.270439808807565463e+00 1.959790411025868551e+01
-2.268882045645433276e+00 1.916383905319784020e+01
-2.267324282483301090e+00 1.850313178948107762e+01
-2.265766519321168904e+00 1.452550842428096978e+01
-2.264208756159036717e+00 1.441807015885488497e+01
-2.262650992996904975e+00 1.736074891501539597e+01
-2.261093229834772789e+00 2.093142173454351607e+01
-2.259535466672640602e+00 2.029430550146843615e+01
-2.257977703510508416e+00 1.964322742220534579e+01
-2.256419940348376230e+00 1.790794144097928609e+01
-2.254862177186244043e+00 1.687936979718576680e+01
-2.253304414024111857e+00 1.685924320668917886e+01
-2.251746650861980115e+00 1.739520893159816950e+01
-2.250188887699847928e+00 1.658514754117985035e+01
-2.248631124537715742e+00 1.680427169544474708e+01
-2.247073361375583556e+00 1.890848379036859228e+01
-2.245515598213451369e+00 1.773391158503829956e+01
-2.243957835051319627e+00 1.971359726759159159e+01
-2.242400071889186997e+00 2.339904421092323616e+01
-2.240842308727055254e+00 2.179212942548499754e+01
-2.239284545564923068e+00 1.614148053601661204e+01
-2.237726782402790882e+00 2.032171802350428536e+01
-2.236169019240658695e+00 2.195555412111657034e+01
-2.234611256078526509e+00 1.893209112424941765e+01
-2.233053492916394767e+00 2.106394000131042787e+01
-2.231495729754262136e+00 1.996022106072003055e+01
-2.229937966592130394e+00 1.668969418828886830e+01
-2.228380203429998208e+00 1.844518845105783100e+01
-2.226822440267866021e+00 2.027987844337151557e+01
-2.225264677105733835e+00 2.160942719684789282e+01
-2.223706913943601648e+00 1.925173173787230141e+01
-2.222149150781469906e+00 2.071518245086081222e+01
-2.220591387619337720e+00 2.030223657988995711e+01
-2.219033624457205534e+00 2.044110672601432199e+01
-2.217475861295073347e+00 2.101382847268956411e+01
-2.215918098132941161e+00 1.836411174585773054e+01
-2.214360334970808974e+00 1.461190481010331332e+01
-2.212802571808676788e+00 1.500041219131512982e+01
-2.211244808646545046e+00 1.773911178639983177e+01
-2.209687045484412860e+00 1.638913966601920080e+01
-2.208129282322280673e+00 1.391839180634323725e+01
-2.206571519160148487e+00 1.553365441182973328e+01
-2.205013755998016300e+00 1.777744963229694974e+01
-2.203455992835884114e+00 1.674912955021225613e+01
-2.201898229673751928e+00 1.757116487810412764e+01
-2.200340466511620185e+00 2.032008511812341212e+01
-2.198782703349487999e+00 1.998838418307964915e+01
-2.197224940187355813e+00 1.587964093252055164e+01
-2.195667177025223626e+00 1.738842824429385203e+01
-2.194109413863091440e+00 1.819636836765522503e+01
-2.192551650700959254e+00 1.897096394157178878e+01
-2.190993887538827067e+00 2.015722647541431556e+01
-2.189436124376695325e+00 2.180581916390829278e+01
-2.187878361214563139e+00 1.989567259461558280e+01
-2.186320598052430952e+00 1.862505837211031690e+01
-2.184762834890298766e+00 1.939775771668552906e+01
-2.183205071728166580e+00 2.007011829462320307e+01
-2.181647308566034837e+00 1.416437455514028443e+01
-2.180089545403902207e+00 2.400347821599309128e+01
-2.178531782241770465e+00 2.068988309513271417e+01
-2.176974019079638278e+00 2.076824608451695653e+01
-2.175416255917506092e+00 2.299347259979511904e+01
-2.173858492755373906e+00 2.353823696782296793e+01
-2.172300729593241719e+00 1.933271125714733074e+01
-2.170742966431109977e+00 1.878962348322495757e+01
-2.169185203268977347e+00 2.263553870988668493e+01
-2.167627440106845604e+00 2.225283542269365356e+01
-2.166069676944713418e+00 2.126242187239111914e+01
-2.164511913782581232e+00 2.025538318885424616e+01
-2.162954150620449045e+00 1.612692908831072813e+01
-2.161396387458316859e+00 1.732335459566830593e+01
-2.159838624296185117e+00 1.880916606125295942e+01
-2.158280861134052486e+00 1.574536091312077346e+01
-2.156723097971920744e+00 2.242940684680514707e+01
-2.155165334809788558e+00 4.053624473623108315e+01
-2.153607571647656371e+00 3.363486899715174161e+01
-2.152049808485524185e+00 2.099116328452598168e+01
-2.150492045323391999e+00 2.165184987795569427e+01
-2.148934282161260256e+00 2.221774231674973876e+01
-2.147376518999127626e+00 1.747919180366104897e+01
-2.145818755836995884e+00 1.879759453315234907e+01
-2.144260992674863697e+00 1.532037787620314795e+01
-2.142703229512731511e+00 2.089264789695339530e+01
-2.141145466350599325e+00 2.120464854556999157e+01
-2.139587703188467138e+00 2.219274392552932085e+01
-2.138029940026335396e+00 1.997476680509455704e+01
-2.136472176864202766e+00 1.941545258986380773e+01
-2.134914413702071023e+00 2.034855271413842104e+01
-2.133356650539938837e+00 1.930845311877612858e+01
-2.131798887377806651e+00 1.778773680034157323e+01
-2.130241124215674908e+00 1.844390366278706850e+01
-2.128683361053542278e+00 2.060572278345459551e+01
-2.127125597891410536e+00 2.315673792391274333e+01
-2.125567834729277905e+00 2.197451373034845901e+01
-2.124010071567146163e+00 1.909108336860862920e+01
-2.122452308405013977e+00 2.194754784197041886e+01
-2.120894545242881790e+00 2.278907255474510407e+01
-2.119336782080750048e+00 1.940902422573822506e+01
-2.117779018918617417e+00 2.307480557999572213e+01
-2.116221255756485675e+00 2.114072359505554033e+01
-2.114663492594353489e+00 2.026081527999622622e+01
-2.113105729432221302e+00 2.050737324466121692e+01
-2.111547966270089116e+00 2.020743687757315143e+01
-2.109990203107956930e+00 2.209550052411567833e+01
-2.108432439945825188e+00 2.014733978021185123e+01
-2.106874676783692557e+00 1.743460802659347308e+01
-2.105316913621560815e+00 1.968636040184719249e+01
-2.103759150459428628e+00 1.866541487957257672e+01
-2.102201387297296442e+00 1.876453532377570710e+01
-2.100643624135164256e+00 1.915087126629702396e+01
-2.099085860973032069e+00 1.752702662042787907e+01
-2.097528097810900327e+00 2.098856199004125500e+01
-2.095970334648767697e+00 2.262913065696382375e+01
-2.094412571486635954e+00 2.291681429487496047e+01
-2.092854808324503768e+00 2.255637875057702502e+01
-2.091297045162371582e+00 2.175238142998541235e+01
-2.089739282000239395e+00 2.018541360921879857e+01
-2.088181518838107209e+00 1.758450881952104439e+01
-2.086623755675975467e+00 2.034010480423101086e+01
-2.085065992513842836e+00 2.002357487527103430e+01
-2.083508229351711094e+00 2.091802836433950219e+01
-2.081950466189578908e+00 1.697924363820382609e+01
-2.080392703027446721e+00 1.952700663755917532e+01
-2.078834939865314535e+00 2.271763989692756880e+01
-2.077277176703182349e+00 2.143275506359753635e+01
-2.075719413541050606e+00 1.945218765161821040e+01
-2.074161650378917976e+00 1.891570418018367761e+01
-2.072603887216786234e+00 1.947856735623450319e+01
-2.071046124054654047e+00 2.016794233795270941e+01
-2.069488360892521861e+00 1.802335996871174473e+01
-2.067930597730389675e+00 1.911652495370775995e+01
-2.066372834568257488e+00 1.766587297675953749e+01
-2.064815071406125746e+00 2.167062602048151732e+01
-2.063257308243993116e+00 2.068579948669921365e+01
-2.061699545081861373e+00 2.227717355239643737e+01
-2.060141781919729187e+00 2.286030792506426579e+01
-2.058584018757597001e+00 2.356485651409332149e+01
-2.057026255595465258e+00 2.428440494867804489e+01
-2.055468492433332628e+00 2.315632307928113676e+01
-2.053910729271200886e+00 2.096433792725683531e+01
-2.052352966109068255e+00 2.066051621547536499e+01
-2.050795202946936513e+00 2.149293976446758592e+01
-2.049237439784804327e+00 2.126518351620409675e+01
-2.047679676622672140e+00 2.066903948732878860e+01
-2.046121913460540398e+00 1.787092308601758006e+01
-2.044564150298407768e+00 1.930646125817385794e+01
-2.043006387136276025e+00 2.142555588944421885e+01
-2.041448623974143839e+00 2.088939190156620285e+01
-2.039890860812011653e+00 1.825740498270067391e+01
-2.038333097649879466e+00 1.782211990379946442e+01
-2.036775334487747280e+00 1.960166544198846594e+01
-2.035217571325615538e+00 2.181074665097510135e+01
-2.033659808163482907e+00 2.282132817039522976e+01
-2.032102045001351165e+00 2.095980149154376448e+01
-2.030544281839218979e+00 2.026025776118629196e+01
-2.028986518677086792e+00 2.431879180200095547e+01
-2.027428755514954606e+00 2.183231507028247975e+01
-2.025870992352822419e+00 2.164060850376286638e+01
-2.024313229190690677e+00 2.497552445644925001e+01
-2.022755466028558047e+00 2.188457264410874004e+01
-2.021197702866426305e+00 1.804375886364478276e+01
-2.019639939704294118e+00 1.886973068777933449e+01
-2.018082176542161932e+00 2.111259413748390301e+01
-2.016524413380029745e+00 2.020636996711541045e+01
-2.014966650217897559e+00 2.181818007699686035e+01
-2.013408887055765817e+00 2.301023248413654798e+01
-2.011851123893633186e+00 2.130041332358680961e+01
-2.010293360731501444e+00 2.233328382334779860e+01
-2.008735597569369258e+00 1.881089851072230346e+01
-2.007177834407237071e+00 2.215979883309615417e+01
-2.005620071245104885e+00 2.425514525398615362e+01
-2.004062308082972699e+00 2.278338582620805397e+01
-2.002504544920840956e+00 2.014523086217257131e+01
-2.000946781758708326e+00 2.056182069960653536e+01
-1.999389018596576584e+00 2.260913858304514790e+01
-1.997831255434444397e+00 2.082131944789712463e+01
-1.996273492272312211e+00 1.862429010909591298e+01
-1.994715729110180025e+00 1.770145991777726380e+01
-1.993157965948048060e+00 2.012249912168665134e+01
-1.991600202785915874e+00 1.844995184195533611e+01
-1.990042439623783688e+00 1.746478072399228409e+01
-1.988484676461651723e+00 1.927139533357285828e+01
-1.986926913299519537e+00 1.927923861729432531e+01
-1.985369150137387351e+00 1.987137483050368303e+01
-1.983811386975255386e+00 2.033344171619967611e+01
-1.982253623813123200e+00 2.030650136910614023e+01
-1.980695860650991014e+00 2.060094904644452996e+01
-1.979138097488858827e+00 1.795360451305915817e+01
-1.977580334326726863e+00 1.479337027831453177e+01
-1.976022571164594677e+00 1.541604945539086735e+01
-1.974464808002462490e+00 1.604356905489912322e+01
-1.972907044840330526e+00 1.813515228079653241e+01
-1.971349281678198340e+00 1.732434049602912651e+01
-1.969791518516066153e+00 1.818744303176993782e+01
-1.968233755353934189e+00 1.791483662538733412e+01
-1.966675992191802003e+00 2.155871588512406234e+01
-1.965118229029669816e+00 2.511168881251572316e+01
-1.963560465867537630e+00 2.050267535479360959e+01
-1.962002702705405666e+00 1.705042526882720466e+01
-1.960444939543273479e+00 2.134323428741054940e+01
-1.958887176381141293e+00 1.958815643522594740e+01
-1.957329413219009329e+00 1.431644982338533900e+01
-1.955771650056877142e+00 2.018469001106091198e+01
-1.954213886894744956e+00 1.915256071255321757e+01
-1.952656123732612770e+00 1.807028246069451427e+01
-1.951098360570480805e+00 1.762087636522041478e+01
-1.949540597408348619e+00 1.783359666419974587e+01
-1.947982834246216433e+00 1.980565069608071127e+01
-1.946425071084084468e+00 2.073741455284332247e+01
-1.944867307921952282e+00 1.803716755401836735e+01
-1.943309544759820096e+00 1.918532678910850109e+01
-1.941751781597688131e+00 1.908762165454801973e+01
-1.940194018435555945e+00 1.766728656369863160e+01
-1.938636255273423759e+00 1.943661362293562078e+01
-1.937078492111291572e+00 2.233928785223976377e+01
-1.935520728949159608e+00 2.130840494821388731e+01
-1.933962965787027422e+00 2.050826410608505057e+01
-1.932405202624895235e+00 2.177067626448383564e+01
-1.930847439462763271e+00 2.091196717334409882e+01
-1.929289676300631085e+00 1.938617986390342551e+01
-1.927731913138498898e+00 2.209241051076516626e+01
-1.926174149976366934e+00 2.327359118117925263e+01
-1.924616386814234748e+00 2.529282102424302536e+01
-1.923058623652102561e+00 2.293107664656086087e+01
-1.921500860489970375e+00 2.465738516952495019e+01
-1.919943097327838410e+00 2.444252875641207368e+01
-1.918385334165706224e+00 2.279464034588439603e+01
-1.916827571003574038e+00 2.039157715006402327e+01
-1.915269807841442073e+00 1.897013175438773658e+01
-1.913712044679309887e+00 2.246378847755905284e+01
-1.912154281517177701e+00 2.602660562315421444e+01
-1.910596518355045736e+00 2.312200487665871762e+01
-1.909038755192913550e+00 2.537570713027711378e+01
-1.907480992030781364e+00 2.337952926471246329e+01
-1.905923228868649177e+00 1.833051851671107713e+01
-1.904365465706517213e+00 1.860163688505320678e+01
-1.902807702544385027e+00 2.181440254198171402e+01
-1.901249939382252840e+00 2.394557936413465526e+01
-1.899692176220120876e+00 2.298085390574597042e+01
-1.898134413057988690e+00 2.024632903447688648e+01
-1.896576649895856503e+00 1.936895263355346231e+01
-1.895018886733724539e+00 1.858566079550120520e+01
-1.893461123571592353e+00 2.183252349998317143e+01
-1.891903360409460166e+00 2.047253923216018734e+01
-1.890345597247327980e+00 1.872497366609105995e+01
-1.888787834085196016e+00 2.353347839098619687e+01
-1.887230070923063829e+00 2.598239364291587705e+01
-1.885672307760931643e+00 2.146690586229880182e+01
-1.884114544598799679e+00 1.983993368132494339e+01
-1.882556781436667492e+00 2.226976851175581373e+01
-1.880999018274535306e+00 2.103080862705705911e+01
-1.879441255112403120e+00 2.227209250463149814e+01
-1.877883491950271155e+00 2.503322758681810356e+01
-1.876325728788138969e+00 2.299450106281456030e+01
-1.874767965626006783e+00 2.405513471886275312e+01
-1.873210202463874818e+00 2.560343541218122709e+01
-1.871652439301742632e+00 2.584797536762369319e+01
-1.870094676139610446e+00 2.343103870354556051e+01
-1.868536912977478481e+00 2.102331390767590236e+01
-1.866979149815346295e+00 2.117883431858841448e+01
-1.865421386653214109e+00 2.449572106565341656e+01
-1.863863623491081922e+00 2.343258143106091751e+01
-1.862305860328949958e+00 1.843719188635847317e+01
-1.860748097166817772e+00 2.634858665002153799e+01
-1.859190334004685585e+00 2.212227836642047052e+01
-1.857632570842553621e+00 2.158233814306931819e+01
-1.856074807680421435e+00 1.968472721637632006e+01
-1.854517044518289248e+00 1.972148709503469277e+01
-1.852959281356157284e+00 2.207393055367534984e+01
-1.851401518194025098e+00 2.126453847401502273e+01
-1.849843755031892911e+00 1.917746952496450064e+01
-1.848285991869760725e+00 1.992433191259550540e+01
-1.846728228707628761e+00 2.523074480293093913e+01
-1.845170465545496574e+00 2.075531216942967205e+01
-1.843612702383364388e+00 1.861923383668469967e+01
-1.842054939221232424e+00 2.231029421647677324e+01
-1.840497176059100237e+00 2.285945226460694002e+01
-1.838939412896968051e+00 2.370329906963697653e+01
-1.837381649734836087e+00 2.477152872464784750e+01
-1.835823886572703900e+00 1.746865331681927103e+01
-1.834266123410571714e+00 1.797779374464796476e+01
-1.832708360248439527e+00 2.213934949743094904e+01
-1.831150597086307563e+00 2.251334720218562424e+01
-1.829592833924175377e+00 1.703481925431596622e+01
-1.828035070762043190e+00 1.711628651761478892e+01
-1.826477307599911226e+00 1.871252750614470983e+01
-1.824919544437779040e+00 2.575864021518354363e+01
-1.823361781275646853e+00 3.033755154577008639e+01
-1.821804018113514889e+00 2.477359386405633401e+01
-1.820246254951382703e+00 1.973543477931846724e+01
-1.818688491789250516e+00 1.982514402152135702e+01
-1.817130728627118330e+00 1.771175501094220550e+01
-1.815572965464986366e+00 1.990723722082483960e+01
-1.814015202302854179e+00 2.114797610962182262e+01
-1.812457439140721993e+00 2.142922928313585018e+01
-1.810899675978590029e+00 1.981753482728620597e+01
-1.809341912816457842e+00 2.135297399412662500e+01
-1.807784149654325656e+00 2.350856086216868235e+01
-1.806226386492193470e+00 2.226360182421170819e+01
-1.804668623330061505e+00 1.702050767324198688e+01
-1.803110860167929319e+00 2.043375290112648557e+01
-1.801553097005797133e+00 2.342276924412380623e+01
-1.799995333843665168e+00 1.671728913035931896e+01
-1.798437570681532982e+00 1.779713682231977501e+01
-1.796879807519400796e+00 2.166015624728044031e+01
-1.795322044357268831e+00 2.139030668241921518e+01
-1.793764281195136645e+00 2.097397553908545120e+01
-1.792206518033004459e+00 2.417718737806376339e+01
-1.790648754870872272e+00 2.691299758274146825e+01
-1.789090991708740308e+00 2.607518757696102440e+01
-1.787533228546608122e+00 1.984936533351337928e+01
-1.785975465384475935e+00 2.489011340155901664e+01
-1.784417702222343971e+00 2.001850531627392016e+01
-1.782859939060211785e+00 1.713054470884106095e+01
-1.781302175898079598e+00 1.965839043795724450e+01
-1.779744412735947634e+00 2.196291203958765337e+01
-1.778186649573815448e+00 2.351549504438591498e+01
-1.776628886411683261e+00 2.299006967218071296e+01
-1.775071123249551075e+00 2.376008946397230304e+01
-1.773513360087419111e+00 2.568622457770483081e+01
-1.771955596925286924e+00 1.946725976307116568e+01
-1.770397833763154738e+00 2.065126068747830601e+01
-1.768840070601022774e+00 2.114261388090713822e+01
-1.767282307438890587e+00 1.844724976277759509e+01
-1.765724544276758401e+00 2.179659887693834008e+01
-1.764166781114626437e+00 2.570657042700246109e+01
-1.762609017952494250e+00 2.414135055231464122e+01
-1.761051254790362064e+00 2.112275741496230097e+01
-1.759493491628229878e+00 2.377715926964611270e+01
-1.757935728466097913e+00 2.301446211769895456e+01
-1.756377965303965727e+00 2.168427039746964269e+01
-1.754820202141833541e+00 2.226906192213556324e+01
-1.753262438979701576e+00 2.543507637771234897e+01
-1.751704675817569390e+00 2.749995553121634373e+01
-1.750146912655437204e+00 2.411375917670954649e+01
-1.748589149493305239e+00 2.051397144738375999e+01
-1.747031386331173053e+00 1.965112419843631741e+01
-1.745473623169040867e+00 2.272324894999664480e+01
-1.743915860006908680e+00 2.324914194570147785e+01
-1.742358096844776716e+00 1.870795288763034137e+01
-1.740800333682644530e+00 2.102764499959121025e+01
-1.739242570520512343e+00 2.496698408831863603e+01
-1.737684807358380379e+00 2.439231950609448774e+01
-1.736127044196248193e+00 2.378641709395561676e+01
-1.734569281034116006e+00 2.338225125140532867e+01
-1.733011517871983820e+00 2.282432888508822799e+01
-1.731453754709851856e+00 1.940678668001589813e+01
-1.729895991547719669e+00 1.789176753466163206e+01
-1.728338228385587483e+00 1.783366290964909240e+01
-1.726780465223455518e+00 2.243262399216089165e+01
-1.725222702061323332e+00 1.971968524208382689e+01
-1.723664938899191146e+00 1.848582320179857774e+01
-1.722107175737059181e+00 2.259844200529687797e+01
-1.720549412574926995e+00 2.164394145497913513e+01
-1.718991649412794809e+00 2.074591988912277429e+01
-1.717433886250662622e+00 1.994634682595578568e+01
-1.715876123088530658e+00 1.980812823681306156e+01
-1.714318359926398472e+00 2.208928185391014054e+01
-1.712760596764266285e+00 2.387803461931704163e+01
-1.711202833602134321e+00 2.256561891716370027e+01
-1.709645070440002135e+00 1.992302293662385182e+01
-1.708087307277869948e+00 2.483539867220372699e+01
-1.706529544115737984e+00 2.445570408393354001e+01
-1.704971780953605798e+00 2.580585775433967655e+01
-1.703414017791473611e+00 2.238555150254875770e+01
-1.701856254629341425e+00 1.992356614212651422e+01
-1.700298491467209461e+00 1.880788986700917320e+01
-1.698740728305077274e+00 1.935023872358333108e+01
-1.697182965142945088e+00 2.100787539324129227e+01
-1.695625201980813124e+00 2.136815535018450873e+01
-1.694067438818680937e+00 2.305316337153984207e+01
-1.692509675656548751e+00 2.170447293853887416e+01
-1.690951912494416787e+00 2.142546579235440163e+01
-1.689394149332284600e+00 2.157715281959196219e+01
-1.687836386170152414e+00 2.559760847359923019e+01
-1.686278623008020228e+00 2.542192964350806150e+01
-1.684720859845888263e+00 2.297142703639264028e+01
-1.683163096683756077e+00 2.260890429918290323e+01
-1.681605333521623891e+00 2.286725476489370834e+01
-1.680047570359491926e+00 1.986969601354559600e+01
-1.678489807197359740e+00 1.556758959335790848e+01
-1.676932044035227554e+00 2.077577854831947235e+01
-1.675374280873095589e+00 2.467531344302916096e+01
-1.673816517710963403e+00 2.509908338666123484e+01
-1.672258754548831217e+00 2.350265827622679993e+01
-1.670700991386699030e+00 2.133720580257239874e+01
-1.669143228224567066e+00 1.938568528191591511e+01
-1.667585465062434880e+00 2.386966517013651767e+01
-1.666027701900302693e+00 1.954918175605650887e+01
-1.664469938738170729e+00 2.144502225902211734e+01
-1.662912175576038543e+00 2.263124696590694640e+01
-1.661354412413906356e+00 2.109707837523076535e+01
-1.659796649251774170e+00 2.077369831379452947e+01
-1.658238886089642206e+00 2.187562923028965756e+01
-1.656681122927510019e+00 2.417287223930697948e+01
-1.655123359765377833e+00 2.220294114491507997e+01
-1.653565596603245869e+00 2.305144236846141936e+01
-1.652007833441113682e+00 1.921353496277014017e+01
-1.650450070278981496e+00 1.839421905003321100e+01
-1.648892307116849532e+00 2.281582717814518801e+01
-1.647334543954717345e+00 2.552135241480384664e+01
-1.645776780792585159e+00 2.334146689707137767e+01
-1.644219017630452973e+00 1.979894620888097023e+01
-1.642661254468321008e+00 2.646312315455945452e+01
-1.641103491306188822e+00 2.340471692901086342e+01
-1.639545728144056636e+00 2.145114361225934729e+01
-1.637987964981924671e+00 2.404448680171863373e+01
-1.636430201819792485e+00 2.293739349433064945e+01
-1.634872438657660298e+00 1.927312565350890594e+01
-1.633314675495528334e+00 2.002710702076230120e+01
-1.631756912333396148e+00 2.171875771559601631e+01
-1.630199149171263961e+00 2.492868164929388541e+01
-1.628641386009131775e+00 2.129969400259886925e+01
-1.627083622846999811e+00 1.769107387882932514e+01
-1.625525859684867624e+00 3.808465063415696505e+01
-1.623968096522735438e+00 3.983614884905615838e+01
-1.622410333360603474e+00 2.702919655485735362e+01
-1.620852570198471287e+00 2.466197327837296527e+01
-1.619294807036339101e+00 2.368257575407690396e+01
-1.617737043874207137e+00 2.117050232455929759e+01
-1.616179280712074950e+00 2.095043621691138114e+01
-1.614621517549942764e+00 2.098488769800558984e+01
-1.613063754387810578e+00 1.894398544790946204e+01
-1.611505991225678613e+00 2.244244467202292626e+01
-1.609948228063546427e+00 1.830847826743817919e+01
-1.608390464901414241e+00 2.162236611769947103e+01
-1.606832701739282276e+00 2.213624827448524002e+01
-1.605274938577150090e+00 2.255662859150464783e+01
-1.603717175415017904e+00 2.192949217371947412e+01
-1.602159412252885939e+00 2.072132526618223736e+01
-1.600601649090753753e+00 2.068735723797289339e+01
-1.599043885928621567e+00 2.166943983179190880e+01
-1.597486122766489380e+00 1.936471902892661490e+01
-1.595928359604357416e+00 2.446260921459607829e+01
-1.594370596442225230e+00 2.306509881586885058e+01
-1.592812833280093043e+00 2.349395887294748775e+01
-1.591255070117961079e+00 2.238468064125005341e+01
-1.589697306955828893e+00 1.903924344955961345e+01
-1.588139543793696706e+00 2.087029282954920006e+01
-1.586581780631564520e+00 2.587843038678877150e+01
-1.585024017469432556e+00 1.832590747065383496e+01
-1.583466254307300369e+00 2.121996739297939882e+01
-1.581908491145168183e+00 2.150647311221014846e+01
-1.580350727983036219e+00 1.973015419689457062e+01
-1.578792964820904032e+00 2.156927690879606629e+01
-1.577235201658771846e+00 2.280351309477362776e+01
-1.575677438496639882e+00 2.385139485153921157e+01
-1.574119675334507695e+00 2.459775357051591627e+01
-1.572561912172375509e+00 2.001595348410022979e+01
-1.571004149010243323e+00 2.238301984405508094e+01
-1.569446385848111358e+00 2.488096667331797462e+01
-1.567888622685979172e+00 2.546252160746274029e+01
-1.566330859523846986e+00 2.430471145863325333e+01
-1.564773096361715021e+00 2.156145864894261166e+01
-1.563215333199582835e+00 2.506576597106299431e+01
-1.561657570037450649e+00 2.658814278512944540e+01
-1.560099806875318684e+00 2.386134148135477062e+01
-1.558542043713186498e+00 2.101881472462897449e+01
-1.556984280551054312e+00 2.394173368796452905e+01
-1.555426517388922125e+00 2.114125381635752277e+01
-1.553868754226790161e+00 1.916872174260005579e+01
-1.552310991064657975e+00 2.444285743037782055e+01
-1.550753227902525788e+00 2.197451861748954016e+01
-1.549195464740393824e+00 2.164340254004052255e+01
-1.547637701578261638e+00 2.081432921627064658e+01
-1.546079938416129451e+00 2.091524834206590810e+01
-1.544522175253997487e+00 2.410339157191386406e+01
-1.542964412091865301e+00 2.499845107689004564e+01
-1.541406648929733114e+00 2.271463760699186807e+01
-1.539848885767600928e+00 2.874803948813801568e+01
-1.538291122605468964e+00 2.478377197890596051e+01
-1.536733359443336777e+00 2.405893590524823011e+01
-1.535175596281204591e+00 2.198592521432686198e+01
-1.533617833119072627e+00 2.089836327114408832e+01
-1.532060069956940440e+00 2.147561165475372746e+01
-1.530502306794808254e+00 2.392739232433169505e+01
-1.528944543632676289e+00 2.129348899998812783e+01
-1.527386780470544103e+00 2.473177724153767443e+01
-1.525829017308411917e+00 2.283372641240066159e+01
-1.524271254146279730e+00 2.674819054931824169e+01
-1.522713490984147766e+00 2.353317302094801278e+01
-1.521155727822015580e+00 2.231437513267719908e+01
-1.519597964659883393e+00 2.235746073064804307e+01
-1.518040201497751429e+00 2.127269026470621327e+01
-1.516482438335619243e+00 2.180941947171050188e+01
-1.514924675173487056e+00 1.897713759571361791e+01
-1.513366912011354870e+00 2.132679335123445341e+01
-1.511809148849222906e+00 2.148234615331978503e+01
-1.510251385687090719e+00 2.028470977661472574e+01
-1.508693622524958533e+00 1.855075282464918018e+01
-1.507135859362826569e+00 2.013564756758855623e+01
-1.505578096200694382e+00 2.073190629087594417e+01
-1.504020333038562196e+00 2.048401348471833217e+01
-1.502462569876430232e+00 2.222516762894320053e+01
-1.500904806714298045e+00 2.610944160878221609e+01
-1.499347043552165859e+00 2.043442084640868828e+01
-1.497789280390033673e+00 2.612060626120430484e+01
-1.496231517227901708e+00 2.318072260031126675e+01
-1.494673754065769522e+00 2.123777700290137460e+01
-1.493115990903637336e+00 1.963383226623476219e+01
-1.491558227741505371e+00 1.814527236737319527e+01
-1.490000464579373185e+00 1.889325480476437136e+01
-1.488442701417240999e+00 2.026580609937118282e+01
-1.486884938255109034e+00 2.163761817863402115e+01
-1.485327175092976848e+00 1.980096916278221997e+01
-1.483769411930844662e+00 2.450203538772583656e+01
-1.482211648768712475e+00 2.417061552961025583e+01
-1.480653885606580511e+00 2.245950744774527408e+01
-1.479096122444448325e+00 2.082539117203914714e+01
-1.477538359282316138e+00 2.025015905374207748e+01
-1.475980596120184174e+00 2.143293736152434192e+01
-1.474422832958051988e+00 2.276898016444439676e+01
-1.472865069795919801e+00 2.521003021587648973e+01
-1.471307306633787837e+00 1.740612308905959082e+01
-1.469749543471655651e+00 1.763463975125734251e+01
-1.468191780309523464e+00 2.112096166717819656e+01
-1.466634017147391278e+00 2.163697215170935806e+01
-1.465076253985259314e+00 2.158786887024372447e+01
-1.463518490823127127e+00 2.233571920921510667e+01
-1.461960727660994941e+00 2.472403931442648073e+01
-1.460402964498862977e+00 2.410666014398389478e+01
-1.458845201336730790e+00 1.948887149367681815e+01
-1.457287438174598604e+00 2.561722790553368156e+01
-1.455729675012466640e+00 2.794304314235140652e+01
-1.454171911850334453e+00 2.238870535539890128e+01
-1.452614148688202267e+00 2.269946907990944140e+01
-1.451056385526070081e+00 2.119791620803805188e+01
-1.449498622363938116e+00 2.008254019424228787e+01
-1.447940859201805930e+00 2.084314736886146235e+01
-1.446383096039673744e+00 2.174363600274096342e+01
-1.444825332877541779e+00 2.249816770943329303e+01
-1.443267569715409593e+00 2.056490726834499938e+01
-1.441709806553277406e+00 1.850868945150742206e+01
-1.440152043391145220e+00 2.391902167803631585e+01
-1.438594280229013256e+00 2.066726107385618505e+01
-1.437036517066881069e+00 2.195381138978245872e+01
-1.435478753904748883e+00 2.307599655249869741e+01
-1.433920990742616919e+00 2.246350241321581720e+01
-1.432363227580484732e+00 2.254532482663856641e+01
-1.430805464418352546e+00 2.025749239557178072e+01
-1.429247701256220582e+00 2.147716428918177556e+01
-1.427689938094088395e+00 2.179664041888819170e+01
-1.426132174931956209e+00 2.711645912099947608e+01
-1.424574411769824023e+00 2.293930948164562977e+01
-1.423016648607692058e+00 2.264727965541624144e+01
-1.421458885445559872e+00 2.183102715553578577e+01
-1.419901122283427686e+00 1.882443840256953393e+01
-1.418343359121295721e+00 2.024125584426844071e+01
-1.416785595959163535e+00 2.306831338295846479e+01
-1.415227832797031349e+00 2.249618108075048895e+01
-1.413670069634899384e+00 2.382015598615355856e+01
-1.412112306472767198e+00 2.004426446357554426e+01
-1.410554543310635012e+00 2.183339816655911036e+01
-1.408996780148502825e+00 2.129818024911394758e+01
-1.407439016986370861e+00 1.872410902350749140e+01
-1.405881253824238675e+00 1.919290846408614826e+01
-1.404323490662106488e+00 1.999611766072856511e+01
-1.402765727499974524e+00 1.936878677330102505e+01
-1.401207964337842338e+00 1.934162393181870243e+01
-1.399650201175710151e+00 2.069588488250499125e+01
-1.398092438013578187e+00 1.970314281689131874e+01
-1.396534674851446001e+00 1.913810796172315776e+01
-1.394976911689313814e+00 1.821813005413700637e+01
-1.393419148527181628e+00 1.983540782446322126e+01
-1.391861385365049664e+00 2.177492300465347697e+01
-1.390303622202917477e+00 2.110445240326480132e+01
-1.388745859040785291e+00 2.178886020038910942e+01
-1.387188095878653327e+00 2.068623854533936779e+01
-1.385630332716521140e+00 2.087224933074468325e+01
-1.384072569554388954e+00 1.867360004930331030e+01
-1.382514806392256990e+00 2.442246924444164691e+01
-1.380957043230124803e+00 2.786557939507126846e+01
-1.379399280067992617e+00 2.335725988271867948e+01
-1.377841516905860431e+00 2.174427013068584102e+01
-1.376283753743728466e+00 2.214440050022167483e+01
-1.374725990581596280e+00 2.161921012785974128e+01
-1.373168227419464094e+00 2.045151926898554962e+01
-1.371610464257332129e+00 1.865105735606155335e+01
-1.370052701095199943e+00 1.756361080599328517e+01
-1.368494937933067757e+00 2.206203485464061487e+01
-1.366937174770935570e+00 2.217023184754811993e+01
-1.365379411608803606e+00 2.036655622781504960e+01
-1.363821648446671420e+00 2.190880320436308537e+01
-1.362263885284539233e+00 2.181491930717159278e+01
-1.360706122122407269e+00 2.174351435816797107e+01
-1.359148358960275083e+00 2.102284405664227762e+01
-1.357590595798142896e+00 1.857920460935864426e+01
-1.356032832636010932e+00 2.103147046332315639e+01
-1.354475069473878746e+00 1.976497591903587292e+01
-1.352917306311746559e+00 2.425476066029810340e+01
-1.351359543149614373e+00 2.235031357229117788e+01
-1.349801779987482409e+00 2.227462978521355552e+01
-1.348244016825350222e+00 2.036018135329602075e+01
-1.346686253663218036e+00 1.903247504583409366e+01
-1.345128490501086072e+00 2.149784597213177051e+01
-1.343570727338953885e+00 2.047099234075458085e+01
-1.342012964176821699e+00 2.052832212462766748e+01
-1.340455201014689735e+00 2.587888070629974635e+01
-1.338897437852557548e+00 2.732910130061901199e+01
-1.337339674690425362e+00 2.705149486936097247e+01
-1.335781911528293175e+00 1.830966068200210728e+01
-1.334224148366161211e+00 1.772382945291894529e+01
-1.332666385204029025e+00 2.102018983457660539e+01
-1.331108622041896838e+00 2.233882207368121442e+01
-1.329550858879764874e+00 1.916028331128517337e+01
-1.327993095717632688e+00 1.569579136994521207e+01
-1.326435332555500501e+00 1.783605642362364208e+01
-1.324877569393368537e+00 2.714663916645854158e+01
-1.323319806231236351e+00 2.705726217954489954e+01
-1.321762043069104164e+00 2.462232785475143260e+01
-1.320204279906971978e+00 2.093126396166797676e+01
-1.318646516744840014e+00 1.951009215858600143e+01
-1.317088753582707827e+00 1.971481634362992708e+01
-1.315530990420575641e+00 1.817320326514760254e+01
-1.313973227258443677e+00 2.092781255070261182e+01
-1.312415464096311490e+00 2.319203141749655828e+01
-1.310857700934179304e+00 2.500209598410144451e+01
-1.309299937772047340e+00 2.359537738763092207e+01
-1.307742174609915153e+00 2.096442372207285487e+01
-1.306184411447782967e+00 2.263598646565519346e+01
-1.304626648285650781e+00 2.105348909357286757e+01
-1.303068885123518816e+00 1.801865333540127878e+01
-1.301511121961386630e+00 2.034900838102839415e+01
-1.299953358799254444e+00 2.283650615197818468e+01
-1.298395595637122479e+00 2.222611381577083023e+01
-1.296837832474990293e+00 2.059363505007861406e+01
-1.295280069312858107e+00 2.064892299369060780e+01
-1.293722306150725920e+00 2.012330325377230622e+01
-1.292164542988593956e+00 2.241493991680148312e+01
-1.290606779826461770e+00 2.635290882930895506e+01
-1.289049016664329583e+00 2.706303593499335847e+01
-1.287491253502197619e+00 2.520182892086767623e+01
-1.285933490340065433e+00 2.354475198251829227e+01
-1.284375727177933246e+00 2.190965845250060795e+01
-1.282817964015801282e+00 2.106554371605830767e+01
-1.281260200853669096e+00 1.992801871172952843e+01
-1.279702437691536909e+00 2.116824566583904144e+01
-1.278144674529404723e+00 2.281981343496181935e+01
-1.276586911367272759e+00 2.351773349470603947e+01
-1.275029148205140572e+00 2.559701780576981989e+01
-1.273471385043008386e+00 2.490946649601097462e+01
-1.271913621880876422e+00 2.267289154174245525e+01
-1.270355858718744235e+00 2.448792331219319252e+01
-1.268798095556612049e+00 2.260047239462010538e+01
-1.267240332394480085e+00 2.501196130369461557e+01
-1.265682569232347898e+00 2.170973443246564827e+01
-1.264124806070215712e+00 2.345432123180766126e+01
-1.262567042908083526e+00 2.417984606720642304e+01
-1.261009279745951561e+00 2.532640599013626215e+01
-1.259451516583819375e+00 2.416292765827006406e+01
-1.257893753421687189e+00 2.068440103677503927e+01
-1.256335990259555224e+00 2.011398540781981836e+01
-1.254778227097423038e+00 2.361480667231420938e+01
-1.253220463935290852e+00 2.717368863391007849e+01
-1.251662700773158887e+00 2.262676546091791607e+01
-1.250104937611026701e+00 1.954954273002221754e+01
-1.248547174448894514e+00 2.107439912738058752e+01
-1.246989411286762328e+00 2.400408164012263867e+01
-1.245431648124630364e+00 2.658183577052364654e+01
-1.243873884962498177e+00 2.585150524807843198e+01
-1.242316121800365991e+00 2.375344345948841962e+01
-1.240758358638234027e+00 2.458432838190202219e+01
-1.239200595476101840e+00 2.719038323722784867e+01
-1.237642832313969654e+00 2.886224970169249815e+01
-1.236085069151837690e+00 2.662098804423220599e+01
-1.234527305989705503e+00 2.505148967067883703e+01
-1.232969542827573317e+00 1.807236267662331741e+01
-1.231411779665441131e+00 1.973882579283115746e+01
-1.229854016503309166e+00 2.073249104714663105e+01
-1.228296253341176980e+00 2.064225148610635685e+01
-1.226738490179044794e+00 2.197126269534918563e+01
-1.225180727016912829e+00 1.786882323993388866e+01
-1.223622963854780643e+00 1.989473938489119220e+01
-1.222065200692648457e+00 2.373564269016103978e+01
-1.220507437530516270e+00 2.422365303027886441e+01
-1.218949674368384306e+00 2.273487455169146543e+01
-1.217391911206252120e+00 2.104311624288327565e+01
-1.215834148044119933e+00 2.265540874780756297e+01
-1.214276384881987969e+00 2.239566217838454776e+01
-1.212718621719855783e+00 1.999324094790164708e+01
-1.211160858557723596e+00 1.919590474968798688e+01
-1.209603095395591632e+00 2.317929629160681415e+01
-1.208045332233459446e+00 2.432197317496300926e+01
-1.206487569071327259e+00 2.190603225786455965e+01
-1.204929805909195073e+00 1.988766483909083504e+01
-1.203372042747063109e+00 2.043910751291970129e+01
-1.201814279584930922e+00 2.185234932348591386e+01
-1.200256516422798736e+00 2.272897435938457988e+01
-1.198698753260666772e+00 2.234863589843024556e+01
-1.197140990098534585e+00 2.068622283514214999e+01
-1.195583226936402399e+00 2.165412747339435384e+01
-1.194025463774270435e+00 1.325053605340634988e+01
-1.192467700612138248e+00 2.588782028395037926e+01
-1.190909937450006062e+00 2.769978611064297880e+01
-1.189352174287873876e+00 2.757375554563308029e+01
-1.187794411125741689e+00 2.724495852863472223e+01
-1.186236647963609947e+00 2.214600008878363369e+01
-1.184678884801477761e+00 2.054536652261623075e+01
-1.183121121639345574e+00 2.264944524291653138e+01
-1.181563358477213388e+00 2.048706967960460545e+01
-1.180005595315081202e+00 2.574011023444129265e+01
-1.178447832152949015e+00 2.548406839610612451e+01
-1.176890068990816829e+00 2.335573927606814593e+01
-1.175332305828685087e+00 2.241604460778494357e+01
-1.173774542666552900e+00 2.237959361865731722e+01
-1.172216779504420714e+00 2.192955759994399756e+01
-1.170659016342288528e+00 2.210121790662469010e+01
-1.169101253180156341e+00 2.139345258700464925e+01
-1.167543490018024155e+00 2.078427436852611621e+01
-1.165985726855891969e+00 2.256614708944076853e+01
-1.164427963693760226e+00 2.764364778534483236e+01
-1.162870200531628040e+00 1.903829669307014427e+01
-1.161312437369495854e+00 1.675258024344789831e+01
-1.159754674207363667e+00 1.759085999985894588e+01
-1.158196911045231481e+00 2.604486963955781320e+01
-1.156639147883099294e+00 2.490971864068253083e+01
-1.155081384720967108e+00 2.354036369603299761e+01
-1.153523621558835366e+00 2.395306912873692440e+01
-1.151965858396703180e+00 2.140391724161281317e+01
-1.150408095234570993e+00 2.073510004180968380e+01
-1.148850332072438807e+00 2.557116724603251612e+01
-1.147292568910306620e+00 2.481495995826130141e+01
-1.145734805748174434e+00 2.695943404539097799e+01
-1.144177042586042692e+00 2.786116757753792683e+01
-1.142619279423910505e+00 2.303275953838998191e+01
-1.141061516261778319e+00 2.180819757004611148e+01
-1.139503753099646133e+00 2.359643563238938668e+01
-1.137945989937513946e+00 2.566191836027895334e+01
-1.136388226775381760e+00 2.537586865963116267e+01
-1.134830463613249574e+00 2.519439049076347459e+01
-1.133272700451117831e+00 2.284693310158466417e+01
-1.131714937288985645e+00 2.106144608762326698e+01
-1.130157174126853459e+00 2.599529411074078666e+01
-1.128599410964721272e+00 2.277946227257731593e+01
-1.127041647802589086e+00 1.964685056545031827e+01
-1.125483884640456900e+00 2.241676109505761971e+01
-1.123926121478324713e+00 2.359138906071658326e+01
-1.122368358316192971e+00 2.201715306666174143e+01
-1.120810595154060785e+00 2.325120227611167678e+01
-1.119252831991928598e+00 2.487943571051216907e+01
-1.117695068829796412e+00 2.066129498250380436e+01
-1.116137305667664226e+00 2.278130583270820964e+01
-1.114579542505532039e+00 2.386819940806063300e+01
-1.113021779343400297e+00 2.313872284416971681e+01
-1.111464016181268111e+00 2.265981481840984912e+01
-1.109906253019135924e+00 2.410950712168524745e+01
-1.108348489857003738e+00 2.456481386459268279e+01
-1.106790726694871552e+00 2.261658286426158071e+01
-1.105232963532739365e+00 2.227657715725482745e+01
-1.103675200370607179e+00 2.084646826120619423e+01
-1.102117437208475437e+00 2.291253265171992481e+01
-1.100559674046343250e+00 2.417253154182183295e+01
-1.099001910884211064e+00 2.115862250733704286e+01
-1.097444147722078878e+00 2.231300821970606307e+01
-1.095886384559946691e+00 2.049072590838557772e+01
-1.094328621397814505e+00 1.813673399089971028e+01
-1.092770858235682319e+00 2.263916325730260581e+01
-1.091213095073550576e+00 2.389463986031601195e+01
-1.089655331911418390e+00 2.024742909014881320e+01
-1.088097568749286204e+00 2.069857772519490524e+01
-1.086539805587154017e+00 2.700912467151105290e+01
-1.084982042425021831e+00 2.191934912969448845e+01
-1.083424279262889645e+00 2.630937630883175515e+01
-1.081866516100757458e+00 2.467006458384508605e+01
-1.080308752938625716e+00 1.920971030025003401e+01
-1.078750989776493530e+00 1.882198016524776563e+01
-1.077193226614361343e+00 1.979211315279087557e+01
-1.075635463452229157e+00 2.404893623029448690e+01
-1.074077700290096971e+00 2.694262313735119818e+01
-1.072519937127964784e+00 2.053740215302669725e+01
-1.070962173965833042e+00 2.055306125072997148e+01
-1.069404410803700856e+00 2.420667761580788735e+01
-1.067846647641568669e+00 2.247267487777277850e+01
-1.066288884479436483e+00 2.560338840259981197e+01
-1.064731121317304297e+00 2.593059344200682048e+01
-1.063173358155172110e+00 2.430502436882769146e+01
-1.061615594993039924e+00 2.301027565978152722e+01
-1.060057831830908182e+00 1.973996344546863213e+01
-1.058500068668775995e+00 2.771443968455506379e+01
-1.056942305506643809e+00 2.513636338178377017e+01
-1.055384542344511623e+00 1.908605075721622057e+01
-1.053826779182379436e+00 2.217617445319913116e+01
-1.052269016020247250e+00 2.317601768018968400e+01
-1.050711252858115063e+00 2.153864537935139012e+01
-1.049153489695983321e+00 2.297639112347667378e+01
-1.047595726533851135e+00 2.302320031080787288e+01
-1.046037963371718948e+00 2.191395081225488894e+01
-1.044480200209586762e+00 2.357913448279505175e+01
-1.042922437047454576e+00 2.601003722402434803e+01
-1.041364673885322389e+00 2.264016026281766614e+01
-1.039806910723190647e+00 2.744068324930401559e+01
-1.038249147561058461e+00 2.513904403648522390e+01
-1.036691384398926274e+00 2.261365612959819060e+01
-1.035133621236794088e+00 2.251174688369842869e+01
-1.033575858074661902e+00 2.283286513305266041e+01
-1.032018094912529715e+00 2.184376143948348314e+01
-1.030460331750397529e+00 2.371225506040667241e+01
-1.028902568588265787e+00 2.812035927487527331e+01
-1.027344805426133600e+00 2.314974967687669860e+01
-1.025787042264001414e+00 2.763302304202683501e+01
-1.024229279101869228e+00 2.419050132878664527e+01
-1.022671515939737041e+00 2.033964543785022983e+01
-1.021113752777604855e+00 1.968146980056883066e+01
-1.019555989615472669e+00 2.141826538053724249e+01
-1.017998226453340926e+00 2.442496166062201368e+01
-1.016440463291208740e+00 2.429145513441947912e+01
-1.014882700129076554e+00 2.248793884725655801e+01
-1.013324936966944367e+00 2.269458294500574524e+01
-1.011767173804812181e+00 2.487739215320731745e+01
-1.010209410642679995e+00 2.589628807514832687e+01
-1.008651647480547808e+00 2.553235457422396948e+01
-1.007093884318416066e+00 2.523878258099706429e+01
-1.005536121156283880e+00 2.474538889829254273e+01
-1.003978357994151693e+00 2.260323738577496755e+01
-1.002420594832019507e+00 2.254303640601009917e+01
-1.000862831669887321e+00 2.371489774125651451e+01
-9.993050685077551343e-01 2.279753216459629783e+01
-9.977473053456233920e-01 2.181773109527074794e+01
-9.961895421834912057e-01 2.305555531739322461e+01
-9.946317790213590193e-01 2.747917273219753653e+01
-9.930740158592268330e-01 2.596329463694300799e+01
-9.915162526970946466e-01 2.384747176472992436e+01
-9.899584895349624603e-01 2.491496812709394604e+01
-9.884007263728302739e-01 2.739420130472145587e+01
-9.868429632106985316e-01 2.578634902989773892e+01
-9.852852000485663453e-01 2.503101866886418492e+01
-9.837274368864341589e-01 2.401752090098094428e+01
-9.821696737243019726e-01 2.293851174940440174e+01
-9.806119105621697862e-01 2.058127279014100708e+01
-9.790541474000375999e-01 2.062434190281965485e+01
-9.774963842379054135e-01 2.236614336938882985e+01
-9.759386210757736713e-01 2.160679514568843373e+01
-9.743808579136414849e-01 2.161612933705402284e+01
-9.728230947515092986e-01 2.451868061196686455e+01
-9.712653315893771122e-01 2.322002910058288094e+01
-9.697075684272449259e-01 2.250662214884346568e+01
-9.681498052651127395e-01 2.162615256927352192e+01
-9.665920421029809972e-01 2.268282161816498999e+01
-9.650342789408488109e-01 2.529803609721247426e+01
-9.634765157787166245e-01 2.535136937812610469e+01
-9.619187526165844382e-01 2.562556627019922217e+01
-9.603609894544522518e-01 1.906073371075270728e+01
-9.588032262923200655e-01 2.242723246470587739e+01
-9.572454631301878791e-01 2.521133648712035225e+01
-9.556876999680561369e-01 2.909694290452043930e+01
-9.541299368059239505e-01 3.150962384458804522e+01
-9.525721736437917642e-01 3.018436401763667831e+01
-9.510144104816595778e-01 2.620824865358639855e+01
-9.494566473195273915e-01 2.093525931701585918e+01
-9.478988841573952051e-01 2.290244752914428261e+01
-9.463411209952630188e-01 2.453471588475532172e+01
-9.447833578331312765e-01 2.140722513983313036e+01
-9.432255946709990901e-01 2.446167988083118061e+01
-9.416678315088669038e-01 2.211015858085860941e+01
-9.401100683467347174e-01 1.880424646884915774e+01
-9.385523051846025311e-01 1.926806303857940961e+01
-9.369945420224703447e-01 2.044520193861061230e+01
-9.354367788603381584e-01 2.262006742393297287e+01
-9.338790156982064161e-01 2.550044409122320843e+01
-9.323212525360742298e-01 2.473462996792217794e+01
-9.307634893739420434e-01 2.248419403086238333e+01
-9.292057262118098571e-01 2.194367645447390913e+01
-9.276479630496776707e-01 2.188940639695894319e+01
-9.260901998875454844e-01 1.823720889366608233e+01
-9.245324367254137421e-01 2.304104963187907984e+01
-9.229746735632815557e-01 2.458781588954832387e+01
-9.214169104011493694e-01 2.281967232100609522e+01
-9.198591472390171830e-01 2.193561403245770336e+01
-9.183013840768849967e-01 2.288697141500416166e+01
-9.167436209147528103e-01 2.628847469312913887e+01
-9.151858577526206240e-01 2.555408997651625924e+01
-9.136280945904888817e-01 2.187995989502737615e+01
-9.120703314283566954e-01 2.379820322587097436e+01
-9.105125682662245090e-01 2.537050621527644978e+01
-9.089548051040923227e-01 2.440863910027506023e+01
-9.073970419419601363e-01 2.414434386916113340e+01
-9.058392787798279500e-01 2.611775635531489925e+01
-9.042815156176957636e-01 2.537410972838159751e+01
-9.027237524555640213e-01 1.954536371614126367e+01
-9.011659892934318350e-01 2.024684943444461993e+01
-8.996082261312996486e-01 2.598478542453565510e+01
-8.980504629691674623e-01 2.674351690648481750e+01
-8.964926998070352759e-01 2.855607393260304505e+01
-8.949349366449030896e-01 2.349040873180458533e+01
-8.933771734827713473e-01 2.391578444830393479e+01
-8.918194103206391610e-01 2.386287036600269218e+01
-8.902616471585069746e-01 2.131391177168909223e+01
-8.887038839963747883e-01 2.128164715088980685e+01
-8.871461208342426019e-01 2.237048078372745508e+01
-8.855883576721104156e-01 2.118975448120593441e+01
-8.840305945099782292e-01 2.254801605910074613e+01
-8.824728313478464869e-01 2.479432899188806516e+01
-8.809150681857143006e-01 2.384018679803287810e+01
-8.793573050235821142e-01 2.186173643931385868e+01
-8.777995418614499279e-01 2.299151312224379495e+01
-8.762417786993177415e-01 2.210123618960092529e+01
-8.746840155371855552e-01 2.215990415134402980e+01
-8.731262523750533688e-01 2.380223607307327427e+01
-8.715684892129216266e-01 2.387518720352520774e+01
-8.700107260507894402e-01 2.110020425055460080e+01
-8.684529628886572539e-01 2.222203599192805967e+01
-8.668951997265250675e-01 2.433821498203645817e+01
-8.653374365643928812e-01 2.285045390468931714e+01
-8.637796734022606948e-01 2.484489337340628978e+01
-8.622219102401285085e-01 2.338945131681707679e+01
-8.606641470779967662e-01 2.324984262667026158e+01
-8.591063839158645798e-01 2.290435896207587518e+01
-8.575486207537323935e-01 2.417441238752540400e+01
-8.559908575916002071e-01 2.646049955546537547e+01
-8.544330944294680208e-01 2.532869583253567924e+01
-8.528753312673358344e-01 2.457543899481871463e+01
-8.513175681052040922e-01 2.551310651951974506e+01
-8.497598049430719058e-01 2.017507157262019390e+01
-8.482020417809397195e-01 1.922025054979710745e+01
-8.466442786188075331e-01 2.234983933710972437e+01
-8.450865154566753468e-01 2.328860478349903218e+01
-8.435287522945431604e-01 2.522813065427014223e+01
-8.419709891324109741e-01 2.575601441475465947e+01
-8.404132259702792318e-01 2.532194767341290031e+01
-8.388554628081470455e-01 2.402989112331244215e+01
-8.372976996460148591e-01 2.306658748595662800e+01
-8.357399364838826727e-01 2.170915756140609432e+01
-8.341821733217504864e-01 2.384148274854173266e+01
-8.326244101596183000e-01 2.614062325190035452e+01
-8.310666469974861137e-01 2.446030972105484835e+01
-8.295088838353543714e-01 2.330683824430354889e+01
-8.279511206732221851e-01 2.474092509883047697e+01
-8.263933575110899987e-01 2.479366893117041215e+01
-8.248355943489578124e-01 2.293535387480602239e+01
-8.232778311868256260e-01 2.024942947494817957e+01
-8.217200680246934397e-01 2.198443448137676626e+01
-8.201623048625616974e-01 2.432862423425101284e+01
-8.186045417004295111e-01 2.561975911406174689e+01
-8.170467785382973247e-01 3.261352542812708322e+01
-8.154890153761651383e-01 2.842567090242864225e+01
-8.139312522140329520e-01 2.113357099658774629e+01
-8.123734890519007656e-01 2.163584719573163540e+01
-8.108157258897685793e-01 2.124381621182423885e+01
-8.092579627276368370e-01 2.086119057834219248e+01
-8.077001995655046507e-01 2.042453770941958169e+01
-8.061424364033724643e-01 2.020225582681824150e+01
-8.045846732412402780e-01 2.378450800158986311e+01
-8.030269100791080916e-01 2.482554822235919900e+01
-8.014691469169759053e-01 2.697787500332165678e+01
-7.999113837548437189e-01 3.041475126072531765e+01
-7.983536205927119767e-01 2.736491831765602711e+01
-7.967958574305797903e-01 2.624183951141014859e+01
-7.952380942684476040e-01 2.565839166022509943e+01
-7.936803311063154176e-01 2.497645961393108394e+01
-7.921225679441832312e-01 2.416586164499867451e+01
-7.905648047820510449e-01 2.397577737128279907e+01
-7.890070416199188585e-01 2.398489565667032863e+01
-7.874492784577871163e-01 2.157792430699003816e+01
-7.858915152956549299e-01 2.076962904048882663e+01
-7.843337521335227436e-01 2.527345012886334885e+01
-7.827759889713905572e-01 2.521708365846824762e+01
-7.812182258092583709e-01 2.424370762279592739e+01
-7.796604626471261845e-01 2.102752982918019953e+01
-7.781026994849944423e-01 2.425702236714661808e+01
-7.765449363228622559e-01 2.529827284224784378e+01
-7.749871731607300696e-01 2.292754009211506627e+01
-7.734294099985978832e-01 2.254931155018415012e+01
-7.718716468364656969e-01 2.370525105499961072e+01
-7.703138836743335105e-01 2.424513264479654495e+01
-7.687561205122013241e-01 2.318182887970887052e+01
-7.671983573500695819e-01 2.448811610172073117e+01
-7.656405941879373955e-01 2.417974989515534290e+01
-7.640828310258052092e-01 2.114745240872294474e+01
-7.625250678636730228e-01 2.499988760895638151e+01
-7.609673047015408365e-01 2.788480842853217467e+01
-7.594095415394086501e-01 2.537687698791211588e+01
-7.578517783772764638e-01 2.391308065576536634e+01
-7.562940152151447215e-01 2.430128575698102367e+01
-7.547362520530125352e-01 2.468341135451505508e+01
-7.531784888908803488e-01 2.339878915252688429e+01
-7.516207257287481625e-01 2.658664696547204187e+01
-7.500629625666159761e-01 2.664581638872389391e+01
-7.485051994044837897e-01 2.405229549802400868e+01
-7.469474362423520475e-01 2.199424264121502404e+01
-7.453896730802198611e-01 2.388746462518946245e+01
-7.438319099180876748e-01 2.257741609609414724e+01
-7.422741467559554884e-01 2.172326525027906285e+01
-7.407163835938233021e-01 2.338371854357654911e+01
-7.391586204316911157e-01 2.690731081985055440e+01
-7.376008572695589294e-01 2.273802456204807498e+01
-7.360430941074271871e-01 2.861973278051313940e+01
-7.344853309452950008e-01 3.440199850673947424e+01
-7.329275677831628144e-01 3.177969935203195107e+01
-7.313698046210306281e-01 2.668682425562519711e+01
-7.298120414588984417e-01 2.822156457374351035e+01
-7.282542782967662554e-01 2.790057856604923714e+01
-7.266965151346340690e-01 2.425647002425473175e+01
-7.251387519725023267e-01 2.511672279612728076e+01
-7.235809888103701404e-01 2.855256653193640659e+01
-7.220232256482379540e-01 3.219753922587411665e+01
-7.204654624861057677e-01 2.835314179870512419e+01
-7.189076993239735813e-01 2.231328181536382260e+01
-7.173499361618413950e-01 2.446746289686502251e+01
-7.157921729997092086e-01 2.485186750800374256e+01
-7.142344098375774664e-01 2.218505101146618586e+01
-7.126766466754452800e-01 2.476565443203643824e+01
-7.111188835133130937e-01 2.774282756242249803e+01
-7.095611203511809073e-01 2.825779989466592923e+01
-7.080033571890487210e-01 2.918906191459598531e+01
-7.064455940269165346e-01 2.870032783255393838e+01
-7.048878308647847923e-01 2.813353177119664750e+01
-7.033300677026526060e-01 2.585947518184047311e+01
-7.017723045405204196e-01 3.169055981590971882e+01
-7.002145413783882333e-01 3.048488785256240519e+01
-6.986567782162560469e-01 3.033952757574455461e+01
-6.970990150541238606e-01 2.930475465810916447e+01
-6.955412518919916742e-01 2.692619252017276921e+01
-6.939834887298599320e-01 2.370821039504703620e+01
-6.924257255677277456e-01 2.144880350812412928e+01
-6.908679624055955593e-01 2.400143767214978041e+01
-6.893101992434633729e-01 2.330331087262164402e+01
-6.877524360813311866e-01 2.660404443073009162e+01
-6.861946729191990002e-01 2.653344404900399667e+01
-6.846369097570668139e-01 2.236373578822835384e+01
-6.830791465949350716e-01 2.590679183983514378e+01
-6.815213834328028852e-01 2.914838111083633265e+01
-6.799636202706706989e-01 2.598369234797727501e+01
-6.784058571085385125e-01 2.600338215215688820e+01
-6.768480939464063262e-01 2.832980976992053002e+01
-6.752903307842741398e-01 2.637496845964504288e+01
-6.737325676221423976e-01 2.329973259240684769e+01
-6.721748044600102112e-01 2.404950593141136750e+01
-6.706170412978780249e-01 2.397757128936429183e+01
-6.690592781357458385e-01 2.421333854669167707e+01
-6.675015149736136522e-01 2.726892909402760168e+01
-6.659437518114814658e-01 2.624929619168699446e+01
-6.643859886493492795e-01 2.475175838277818485e+01
-6.628282254872175372e-01 2.691098608117122382e+01
-6.612704623250853508e-01 2.950827963870353088e+01
-6.597126991629531645e-01 2.814011275735580497e+01
-6.581549360008209781e-01 2.628205105350967585e+01
-6.565971728386887918e-01 2.651033046294694984e+01
-6.550394096765566054e-01 3.024212124732368778e+01
-6.534816465144244191e-01 2.950943931326015246e+01
-6.519238833522926768e-01 2.808250184384429815e+01
-6.503661201901604905e-01 2.594622290923213725e+01
-6.488083570280283041e-01 3.099535986099301965e+01
-6.472505938658961178e-01 3.338769264106636570e+01
-6.456928307037639314e-01 2.868458110716409593e+01
-6.441350675416317451e-01 2.620660623729478544e+01
-6.425773043794995587e-01 2.724566695334667799e+01
-6.410195412173678164e-01 2.555232839811644041e+01
-6.394617780552356301e-01 2.837109181108987599e+01
-6.379040148931034437e-01 3.104098677699622044e+01
-6.363462517309712574e-01 2.638546448671301192e+01
-6.347884885688390710e-01 2.619350061024668008e+01
-6.332307254067068847e-01 2.948568541240505780e+01
-6.316729622445751424e-01 2.850106138629699259e+01
-6.301151990824429561e-01 2.863777645629646784e+01
-6.285574359203107697e-01 2.906693270202370272e+01
-6.269996727581785834e-01 2.823999741711351064e+01
-6.254419095960463970e-01 2.396314219897472242e+01
-6.238841464339142107e-01 2.159341004465491309e+01
-6.223263832717820243e-01 2.265359324136281671e+01
-6.207686201096502820e-01 2.572392154431767963e+01
-6.192108569475180957e-01 2.289386347859682402e+01
-6.176530937853859093e-01 2.549512488155108514e+01
-6.160953306232537230e-01 2.564278436751892087e+01
-6.145375674611215366e-01 2.843321823474409626e+01
-6.129798042989893503e-01 3.096440406208143514e+01
-6.114220411368571639e-01 3.009382444790144717e+01
-6.098642779747254217e-01 2.889096496812949155e+01
-6.083065148125932353e-01 2.824335676622194313e+01
-6.067487516504610490e-01 3.036435911831437195e+01
-6.051909884883288626e-01 2.691919241225492954e+01
-6.036332253261966763e-01 3.269055111886311948e+01
-6.020754621640644899e-01 2.761538679341493463e+01
-6.005176990019327476e-01 2.263545665868367252e+01
-5.989599358398005613e-01 2.325043185424627978e+01
-5.974021726776683749e-01 2.386728301754829928e+01
-5.958444095155361886e-01 2.633569390429063262e+01
-5.942866463534040022e-01 2.547161457166098941e+01
-5.927288831912718159e-01 2.286318094220768771e+01
-5.911711200291396295e-01 2.798677847358928616e+01
-5.896133568670078873e-01 2.769197938265389780e+01
-5.880555937048757009e-01 2.350699564467832303e+01
-5.864978305427435146e-01 2.352997856299844059e+01
-5.849400673806113282e-01 2.227786484713524828e+01
-5.833823042184791419e-01 2.864137432698152352e+01
-5.818245410563469555e-01 3.085294761398119689e+01
-5.802667778942147692e-01 3.093336040008378518e+01
-5.787090147320830269e-01 2.920898737204793250e+01
-5.771512515699508405e-01 2.766786118806599504e+01
-5.755934884078186542e-01 2.906832830853562655e+01
-5.740357252456864678e-01 3.221000173572060987e+01
-5.724779620835542815e-01 2.761214442495736421e+01
-5.709201989214220951e-01 2.551748936202760021e+01
-5.693624357592899088e-01 2.685387735074629845e+01
-5.678046725971581665e-01 2.897444147585072116e+01
-5.662469094350259802e-01 3.204884195755773391e+01
-5.646891462728937938e-01 3.003524315162216496e+01
-5.631313831107616075e-01 2.639049805248679803e+01
-5.615736199486294211e-01 2.597104113732459041e+01
-5.600158567864972348e-01 3.013426548980991981e+01
-5.584580936243654925e-01 3.093607911897417750e+01
-5.569003304622333062e-01 2.784532602770637411e+01
-5.553425673001011198e-01 2.941180182037459545e+01
-5.537848041379689334e-01 3.264801717583372920e+01
-5.522270409758367471e-01 3.451748131606454706e+01
-5.506692778137045607e-01 3.341503721476889410e+01
-5.491115146515723744e-01 2.791057093506415399e+01
-5.475537514894406321e-01 2.945330281933140171e+01
-5.459959883273084458e-01 3.346446639245615273e+01
-5.444382251651762594e-01 3.277226341466104031e+01
-5.428804620030440731e-01 3.140845321742456520e+01
-5.413226988409118867e-01 3.293378907710602732e+01
-5.397649356787797004e-01 3.115014322527718704e+01
-5.382071725166475140e-01 2.903579107226566336e+01
-5.366494093545157718e-01 2.842176755405680666e+01
-5.350916461923835854e-01 3.072841903704952315e+01
-5.335338830302513990e-01 3.109802104962717806e+01
-5.319761198681192127e-01 2.895947659402569840e+01
-5.304183567059870263e-01 2.654302977783603978e+01
-5.288605935438548400e-01 2.635140522267331420e+01
-5.273028303817230977e-01 2.747048731111338071e+01
-5.257450672195909114e-01 2.932217447711133573e+01
-5.241873040574587250e-01 3.203071961608205953e+01
-5.226295408953265387e-01 3.381081499221389208e+01
-5.210717777331943523e-01 3.380895274204643641e+01
-5.195140145710621660e-01 3.214785640962577418e+01
-5.179562514089299796e-01 3.069969923201313478e+01
-5.163984882467982374e-01 3.183867984333215873e+01
-5.148407250846660510e-01 2.944832160481592354e+01
-5.132829619225338647e-01 2.993929326145227776e+01
-5.117251987604016783e-01 3.255574682650780005e+01
-5.101674355982694919e-01 3.423104945725981452e+01
-5.086096724361373056e-01 3.894634021448356975e+01
-5.070519092740051192e-01 3.850440947439719963e+01
-5.054941461118733770e-01 3.360289562691370691e+01
-5.039363829497411906e-01 3.090093991025652542e+01
-5.023786197876090043e-01 3.787316740982205943e+01
-5.008208566254768179e-01 3.323827729954098231e+01
-4.992630934633446316e-01 3.361234964656216562e+01
-4.977053303012124452e-01 3.670022988202239134e+01
-4.961475671390802589e-01 3.315608248452006279e+01
-4.945898039769485166e-01 3.101752896042691177e+01
-4.930320408148163303e-01 3.161285219812188885e+01
-4.914742776526841439e-01 3.260754770017238968e+01
-4.899165144905519576e-01 3.416291307232009444e+01
-4.883587513284197712e-01 3.183746964135632140e+01
-4.868009881662875848e-01 3.378086239035685878e+01
-4.852432250041558426e-01 3.692017424970872952e+01
-4.836854618420236562e-01 3.791230889931862436e+01
-4.821276986798914699e-01 4.160350083447192304e+01
-4.805699355177592835e-01 4.404409664718379958e+01
-4.790121723556270972e-01 4.007877248581961283e+01
-4.774544091934949108e-01 3.568525280127796862e+01
-4.758966460313627245e-01 3.396891887693227829e+01
-4.743388828692309822e-01 2.916057696356007867e+01
-4.727811197070987959e-01 3.208422587039688523e+01
-4.712233565449666095e-01 3.016840503517829930e+01
-4.696655933828344232e-01 3.066656837533317415e+01
-4.681078302207022368e-01 3.180978287900549617e+01
-4.665500670585700504e-01 3.407898371343556931e+01
-4.649923038964378641e-01 3.522278944775274567e+01
-4.634345407343061218e-01 3.769227369159339247e+01
-4.618767775721739355e-01 3.944220864421951234e+01
-4.603190144100417491e-01 3.884798173879821093e+01
-4.587612512479095628e-01 4.007022774738617699e+01
-4.572034880857773764e-01 3.417643408740011779e+01
-4.556457249236451901e-01 3.473247937892366366e+01
-4.540879617615134478e-01 3.785455642834445200e+01
-4.525301985993812615e-01 3.774273575042847284e+01
-4.509724354372490751e-01 3.545624415114245664e+01
-4.494146722751168888e-01 3.542066050281276546e+01
-4.478569091129847024e-01 3.518942122254449600e+01
-4.462991459508525161e-01 3.716859230522653235e+01
-4.447413827887203297e-01 4.089057386299041497e+01
-4.431836196265885874e-01 3.980286360071973206e+01
-4.416258564644564011e-01 3.925184249048935925e+01
-4.400680933023242147e-01 4.359294764949768819e+01
-4.385103301401920284e-01 3.452545581766078442e+01
-4.369525669780598420e-01 3.689254148272467404e+01
-4.353948038159276557e-01 4.512106465752997053e+01
-4.338370406537954693e-01 4.188085464473876840e+01
-4.322792774916637271e-01 3.497458115762700714e+01
-4.307215143295315407e-01 3.705856133622793891e+01
-4.291637511673993544e-01 4.137024548254217393e+01
-4.276059880052671680e-01 4.469395136011431902e+01
-4.260482248431349817e-01 4.687872481054149176e+01
-4.244904616810027953e-01 4.229615465173432654e+01
-4.229326985188706090e-01 3.854353543954286465e+01
-4.213749353567388667e-01 3.917770585900355940e+01
-4.198171721946066803e-01 3.977244774907030234e+01
-4.182594090324744940e-01 4.123087308716734611e+01
-4.167016458703423076e-01 4.444984592931186285e+01
-4.151438827082101213e-01 4.907692558553826956e+01
-4.135861195460779349e-01 4.866696732089848609e+01
-4.120283563839461927e-01 4.486302260124819696e+01
-4.104705932218140063e-01 4.387891710808964518e+01
-4.089128300596818200e-01 3.877042072091332159e+01
-4.073550668975496336e-01 4.610000430029140972e+01
-4.057973037354174473e-01 4.671569663542835116e+01
-4.042395405732852609e-01 5.054701924038509020e+01
-4.026817774111530746e-01 4.659640670510867011e+01
-4.011240142490213323e-01 4.935197843255740224e+01
-3.995662510868891459e-01 5.001646895775309076e+01
-3.980084879247569596e-01 4.931673057997848986e+01
-3.964507247626247732e-01 4.951511546326764091e+01
-3.948929616004925869e-01 4.791720450697928158e+01
-3.933351984383604005e-01 4.954300904318463239e+01
-3.917774352762282142e-01 5.392921341930331636e+01
-3.902196721140964719e-01 5.132420480152962483e+01
-3.886619089519642856e-01 5.943216231431697594e+01
-3.871041457898320992e-01 5.639474125981303132e+01
-3.855463826276999129e-01 5.628578839504878317e+01
-3.839886194655677265e-01 5.983256581341338176e+01
-3.824308563034355402e-01 5.916075732488565109e+01
-3.808730931413037979e-01 5.825758209461767478e+01
-3.793153299791716115e-01 6.034659371273812667e+01
-3.777575668170394252e-01 6.593348298499847715e+01
-3.761998036549072388e-01 7.069722208925537643e+01
-3.746420404927750525e-01 6.507307467133661305e+01
-3.730842773306428661e-01 5.988575966887258062e+01
-3.715265141685106798e-01 6.691760158993861296e+01
-3.699687510063789375e-01 6.731381252680600369e+01
-3.684109878442467512e-01 6.725128254717751020e+01
-3.668532246821145648e-01 6.612598484853218395e+01
-3.652954615199823785e-01 6.041629756396751105e+01
-3.637376983578501921e-01 5.793282771662212127e+01
-3.621799351957180058e-01 6.008551647196531320e+01
-3.606221720335858194e-01 6.169536481794124683e+01
-3.590644088714540771e-01 6.065905840638707502e+01
-3.575066457093218908e-01 5.942548817670552808e+01
-3.559488825471897044e-01 5.136577949267554999e+01
-3.543911193850575181e-01 6.024955299767558614e+01
-3.528333562229253317e-01 6.030505896760286788e+01
-3.512755930607931454e-01 6.256550274733613293e+01
-3.497178298986609590e-01 6.320757730662349161e+01
-3.481600667365292168e-01 6.127039923421147449e+01
-3.466023035743970304e-01 6.163456695286716780e+01
-3.450445404122648441e-01 6.221303787002590013e+01
-3.434867772501326577e-01 6.802704471477677828e+01
-3.419290140880004714e-01 6.542152513889674026e+01
-3.403712509258682850e-01 6.531051877624202007e+01
-3.388134877637365427e-01 6.750071085431798679e+01
-3.372557246016043564e-01 6.420519430727728150e+01
-3.356979614394721700e-01 6.166295308725526070e+01
-3.341401982773399837e-01 6.434700427796128963e+01
-3.325824351152077973e-01 6.928066566178536334e+01
-3.310246719530756110e-01 6.937859158965324013e+01
-3.294669087909434246e-01 6.738779554411350148e+01
-3.279091456288116824e-01 6.904200785992460965e+01
-3.263513824666794960e-01 6.829834637888762927e+01
-3.247936193045473097e-01 7.347538538474296388e+01
-3.232358561424151233e-01 5.949981224967835658e+01
-3.216780929802829370e-01 6.838490525556474608e+01
-3.201203298181507506e-01 7.597845534057108807e+01
-3.185625666560185643e-01 7.141079482411437596e+01
-3.170048034938868220e-01 6.392511016738495755e+01
-3.154470403317546356e-01 6.459864994985331066e+01
-3.138892771696224493e-01 7.298230891225064454e+01
-3.123315140074902629e-01 7.928588626276317086e+01
-3.107737508453580766e-01 7.755448596294002073e+01
-3.092159876832258902e-01 7.878290029257837546e+01
-3.076582245210941480e-01 7.907992593411628945e+01
-3.061004613589619616e-01 8.095818658548387248e+01
-3.045426981968297753e-01 8.689713497171209156e+01
-3.029849350346975889e-01 8.799764688418459002e+01
-3.014271718725654026e-01 9.002800825358256986e+01
-2.998694087104332162e-01 8.789560314054511991e+01
-2.983116455483010299e-01 8.366207355205347085e+01
-2.967538823861692876e-01 8.582467656354005214e+01
-2.951961192240371012e-01 9.301824164083372182e+01
-2.936383560619049149e-01 9.580714499407964979e+01
-2.920805928997727285e-01 1.000654886319240688e+02
-2.905228297376405422e-01 1.039946019959481163e+02
-2.889650665755083558e-01 1.028093759003751586e+02
-2.874073034133761695e-01 1.081099654198549445e+02
-2.858495402512444272e-01 1.076644936088592033e+02
-2.842917770891122409e-01 1.089859039924147623e+02
-2.827340139269800545e-01 1.187825880596979289e+02
-2.811762507648478682e-01 1.166856086888359556e+02
-2.796184876027156818e-01 1.087522773050717717e+02
-2.780607244405834955e-01 1.121721940095332855e+02
-2.765029612784513091e-01 1.210436742518359381e+02
-2.749451981163195669e-01 1.268390249355495882e+02
-2.733874349541873805e-01 1.352874022441901900e+02
-2.718296717920551941e-01 1.288111535729388493e+02
-2.702719086299230078e-01 1.485839088420978271e+02
-2.687141454677908214e-01 1.563208656954564617e+02
-2.671563823056586351e-01 1.459584514253747898e+02
-2.655986191435268928e-01 1.449702233473418858e+02
-2.640408559813947065e-01 1.521279729637906257e+02
-2.624830928192625201e-01 1.643097921888231383e+02
-2.609253296571303338e-01 1.757764628627528509e+02
-2.593675664949981474e-01 1.783997625207089754e+02
-2.578098033328659611e-01 1.704954147520425636e+02
-2.562520401707337747e-01 1.931459843006444146e+02
-2.546942770086020325e-01 2.081035814031415612e+02
-2.531365138464698461e-01 2.175104892608711395e+02
-2.515787506843376597e-01 2.126429051078232249e+02
-2.500209875222054734e-01 2.175001554030799582e+02
-2.484632243600732870e-01 2.325841933543693187e+02
-2.469054611979411007e-01 2.361479691240367345e+02
-2.453476980358089143e-01 2.404539977740605821e+02
-2.437899348736771721e-01 2.568150443625154367e+02
-2.422321717115449857e-01 2.643534080977550502e+02
-2.406744085494127994e-01 2.675758420578535492e+02
-2.391166453872806130e-01 2.739021851335709243e+02
-2.375588822251484267e-01 2.816581156634467789e+02
-2.360011190630162403e-01 2.866293782314945133e+02
-2.344433559008844981e-01 3.031510652507194550e+02
-2.328855927387523117e-01 3.212693533707608253e+02
-2.313278295766201254e-01 3.329113044285534784e+02
-2.297700664144879390e-01 3.410406016555548376e+02
-2.282123032523557526e-01 3.401275354672142157e+02
-2.266545400902235663e-01 3.494234461222944788e+02
-2.250967769280913799e-01 3.541375050524191579e+02
-2.235390137659596377e-01 3.642836325709656649e+02
-2.219812506038274513e-01 3.628847175410876389e+02
-2.204234874416952650e-01 3.634782321764378139e+02
-2.188657242795630786e-01 3.746700111069754939e+02
-2.173079611174308923e-01 3.794487478326913674e+02
-2.157501979552987059e-01 3.781344628526862834e+02
-2.141924347931665196e-01 3.840669590571165486e+02
-2.126346716310347773e-01 3.903335622725306848e+02
-2.110769084689025910e-01 3.815597839865304195e+02
-2.095191453067704046e-01 3.915501175087664478e+02
-2.079613821446382183e-01 4.012466867688950742e+02
-2.064036189825060319e-01 3.963464509957562427e+02
-2.048458558203738455e-01 3.989569331923180471e+02
-2.032880926582416592e-01 4.197027192373731168e+02
-2.017303294961099169e-01 4.275538768644010474e+02
-2.001725663339777306e-01 4.145823126854878069e+02
-1.986148031718455442e-01 4.052004567321377522e+02
-1.970570400097133579e-01 4.072814878545557349e+02
-1.954992768475811715e-01 3.951949757805729746e+02
-1.939415136854489852e-01 4.059130261087438498e+02
-1.923837505233172429e-01 4.018520765040694300e+02
-1.908259873611850566e-01 3.912446135946739787e+02
-1.892682241990528702e-01 3.978406274745227620e+02
-1.877104610369206839e-01 3.919690595744784787e+02
-1.861526978747884975e-01 3.954795072647564780e+02
-1.845949347126563111e-01 4.097235331193909360e+02
-1.830371715505241248e-01 4.069815776545426047e+02
-1.814794083883923825e-01 3.906978755346971752e+02
-1.799216452262601962e-01 3.893267502404347056e+02
-1.783638820641280098e-01 3.840435945413612444e+02
-1.768061189019958235e-01 3.815627163569254208e+02
-1.752483557398636371e-01 3.880989663779795933e+02
-1.736905925777314508e-01 3.951312710532671417e+02
-1.721328294155992644e-01 4.178509715889445602e+02
-1.705750662534675222e-01 4.224400616743657224e+02
-1.690173030913353358e-01 4.275259613375966410e+02
-1.674595399292031495e-01 4.491402929206093972e+02
-1.659017767670709631e-01 4.680815499587122872e+02
-1.643440136049387768e-01 4.814437131275310549e+02
-1.627862504428065904e-01 5.108568784702155199e+02
-1.612284872806748481e-01 5.339877964463360058e+02
-1.596707241185426618e-01 5.704957313757685142e+02
-1.581129609564104754e-01 6.147310599212141824e+02
-1.565551977942782891e-01 6.505496305574000644e+02
-1.549974346321461027e-01 6.865602662021437936e+02
-1.534396714700139164e-01 7.410930428704689348e+02
-1.518819083078817300e-01 7.986295243235322232e+02
-1.503241451457499878e-01 8.585570468021869601e+02
-1.487663819836178014e-01 9.467298481572784112e+02
-1.472086188214856151e-01 1.038727365895289722e+03
-1.456508556593534287e-01 1.142286373779268388e+03
-1.440930924972212424e-01 1.242074353892917543e+03
-1.425353293350890560e-01 1.396897219245794986e+03
-1.409775661729568697e-01 1.569350672486920985e+03
-1.394198030108251274e-01 1.754094371525720135e+03
-1.378620398486929410e-01 1.972922805112732703e+03
-1.363042766865607547e-01 2.230619676898443231e+03
-1.347465135244285683e-01 2.526428426759919148e+03
-1.331887503622963820e-01 2.843484109573889782e+03
-1.316309872001641956e-01 3.198741755266635664e+03
-1.300732240380320093e-01 3.658078434850566282e+03
-1.285154608759002670e-01 4.189954593222976655e+03
-1.269576977137680807e-01 4.736855534025943598e+03
-1.253999345516358943e-01 5.323231251223982326e+03
-1.238421713895037080e-01 6.046627406187223642e+03
-1.222844082273715216e-01 6.670423740511487267e+03
-1.207266450652393353e-01 7.384679565289210586e+03
-1.191688819031075930e-01 8.180881080324472350e+03
-1.176111187409754066e-01 8.929188672096044684e+03
-1.160533555788432203e-01 9.714270789684878764e+03
-1.144955924167110339e-01 1.052682969251400755e+04
-1.129378292545788476e-01 1.120119260317118824e+04
-1.113800660924466612e-01 1.179620021709137472e+04
-1.098223029303144749e-01 1.249903227302555024e+04
-1.082645397681827326e-01 1.316127273269100260e+04
-1.067067766060505463e-01 1.345609016007545688e+04
-1.051490134439183599e-01 1.365672924880129904e+04
-1.035912502817861736e-01 1.364793327041934936e+04
-1.020334871196539872e-01 1.335546157069717447e+04
-1.004757239575218009e-01 1.266438560095496177e+04
-9.891796079538961450e-02 1.184403485043717046e+04
-9.736019763325787224e-02 1.145474793872661394e+04
-9.580243447112568589e-02 1.092929282290264382e+04
-9.424467130899349954e-02 1.025742492497581406e+04
-9.268690814686131318e-02 9.473909176016941274e+03
-9.112914498472912683e-02 8.715431590725296701e+03
-8.957138182259694048e-02 7.948657941099299023e+03
-8.801361866046519822e-02 7.353268210320962680e+03
-8.645585549833301187e-02 6.783491644726507730e+03
-8.489809233620082551e-02 6.256840877188791637e+03
-8.334032917406863916e-02 5.852415411902925371e+03
-8.178256601193645281e-02 5.478564907890588074e+03
-8.022480284980426646e-02 5.138366314476150364e+03
-7.866703968767208011e-02 4.880306049749779049e+03
-7.710927652554033784e-02 4.721877303945787389e+03
-7.555151336340815149e-02 4.476282288949600115e+03
-7.399375020127596514e-02 4.135166360283756148e+03
-7.243598703914377879e-02 3.910873948419810404e+03
-7.087822387701159244e-02 3.923157787743748031e+03
-6.932046071487940608e-02 3.773753612865157720e+03
-6.776269755274721973e-02 3.645219449877225543e+03
-6.620493439061547747e-02 3.669175250017139206e+03
-6.464717122848329112e-02 3.691664498369540524e+03
-6.308940806635110476e-02 3.695494158635740860e+03
-6.153164490421891841e-02 3.650771431044352994e+03
-5.997388174208673206e-02 3.684707577400430182e+03
-5.841611857995454571e-02 3.756773129333104407e+03
-5.685835541782235936e-02 3.815144932248556870e+03
-5.530059225569061709e-02 3.934373747138602994e+03
-5.374282909355843074e-02 4.034893371627461875e+03
-5.218506593142624439e-02 4.098732396207949932e+03
-5.062730276929405804e-02 4.227653985655787437e+03
-4.906953960716187169e-02 4.107319729275356622e+03
-4.751177644502968533e-02 3.293474560014984945e+03
-4.595401328289794307e-02 1.964769215030228224e+03
-4.439625012076575672e-02 1.050410659779958905e+03
-4.283848695863357037e-02 6.846860981103432096e+02
-4.128072379650138402e-02 5.593778367596047474e+02
-3.972296063436919766e-02 4.529532158279807845e+02
-3.816519747223701131e-02 3.670339366261801501e+02
-3.660743431010482496e-02 3.457136215982953331e+02
-3.504967114797308270e-02 3.409824100561509113e+02
-3.349190798584089634e-02 2.587745294829421709e+02
-3.193414482370870999e-02 6.796094359600029122e+01
-3.037638166157652364e-02 8.688642108451995583e+00
-2.881861849944433729e-02 2.040392661573139321e+01
-2.726085533731215094e-02 2.006094100048252216e+01
-2.570309217517996458e-02 1.989877925389658841e+01
-2.414532901304822232e-02 2.230468057448254982e+01
-2.258756585091603597e-02 1.877078552406869605e+01
-2.102980268878384962e-02 1.782955199607428654e+01
-1.947203952665166327e-02 2.081007291516267443e+01
-1.791427636451947691e-02 2.100038845490449191e+01
-1.635651320238729056e-02 1.927415426178524527e+01
-1.479875004025554830e-02 1.997040049874133416e+01
-1.324098687812336195e-02 2.048255413809030401e+01
-1.168322371599117560e-02 2.306529506154741327e+01
-1.012546055385898924e-02 2.398178467387835155e+01
-8.567697391726802891e-03 2.254625409566170191e+01
-7.009934229594616539e-03 2.153891215514819990e+01
-5.452171067462430187e-03 2.128924005939429520e+01
-3.894407905330687925e-03 2.060837336485372262e+01
-2.336644743198501573e-03 2.121869103902087161e+01
-7.788815810663152206e-04 2.287925614649888928e+01
7.788815810658711314e-04 2.346762178132390986e+01
2.336644743198057483e-03 2.838421408394303924e+01
3.894407905330243835e-03 2.812037417954914886e+01
5.452171067462430187e-03 2.563593559084465667e+01
7.009934229594172450e-03 2.565003676356250395e+01
8.567697391726358802e-03 2.493242014167025644e+01
1.012546055385854515e-02 2.795975209514836379e+01
1.168322371599073151e-02 2.862539202600041577e+01
1.324098687812291786e-02 2.334347376021783305e+01
1.479875004025510421e-02 2.516925061247203033e+01
1.635651320238729056e-02 2.696531405762895517e+01
1.791427636451903282e-02 2.712388692781889077e+01
1.947203952665121918e-02 2.948241814298544128e+01
2.102980268878340553e-02 3.375637269365837767e+01
2.258756585091559188e-02 3.429730449984768370e+01
2.414532901304777823e-02 3.931675992570608003e+01
2.570309217517996458e-02 4.051474799732309862e+01
2.726085533731170685e-02 4.102851811702880269e+01
2.881861849944389320e-02 4.814586151237205769e+01
3.037638166157607955e-02 5.248295071906522224e+01
3.193414482370826590e-02 5.373362108623339140e+01
3.349190798584045226e-02 6.396735304128173993e+01
3.504967114797263861e-02 7.504163415376612534e+01
3.660743431010482496e-02 9.682930602803240561e+01
3.816519747223656722e-02 1.073074823084669163e+02
3.972296063436875357e-02 1.194705787059922102e+02
4.128072379650093993e-02 1.478969839046027914e+02
4.283848695863312628e-02 1.812648555166299786e+02
4.439625012076531263e-02 2.187811548081311628e+02
4.595401328289749898e-02 2.748846847558676245e+02
4.751177644502968533e-02 3.426862233876717596e+02
4.906953960716142760e-02 4.671588637147727354e+02
5.062730276929361395e-02 7.361204738526906795e+02
5.218506593142580030e-02 1.761762785283358426e+03
5.374282909355798665e-02 2.899713127972803704e+03
5.530059225569017300e-02 3.473608428091161841e+03
5.685835541782235936e-02 3.629978707013787243e+03
5.841611857995410162e-02 3.652691078148131510e+03
5.997388174208628797e-02 3.731885180580106407e+03
6.153164490421847432e-02 3.819457719566477863e+03
6.308940806635066068e-02 3.855924670827294449e+03
6.464717122848284703e-02 3.909463374220600599e+03
6.620493439061503338e-02 4.008142271970107231e+03
6.776269755274721973e-02 4.115355050537937132e+03
6.932046071487896199e-02 4.214774953265231488e+03
7.087822387701114835e-02 4.362392717810241265e+03
7.243598703914333470e-02 4.537883028642487261e+03
7.399375020127552105e-02 4.750009405272473487e+03
7.555151336340770740e-02 5.033488105626622200e+03
7.710927652553989375e-02 5.327596854164979959e+03
7.866703968767208011e-02 5.712782199115806179e+03
8.022480284980382237e-02 6.137944629044150133e+03
8.178256601193600872e-02 6.506117987771664048e+03
8.334032917406819507e-02 7.034159483001817534e+03
8.489809233620038142e-02 7.494794312381556665e+03
8.645585549833256778e-02 8.266710118234630500e+03
8.801361866046475413e-02 9.114538853917094457e+03
8.957138182259694048e-02 9.878809270165762427e+03
9.112914498472868274e-02 1.068679854742611678e+04
9.268690814686086910e-02 1.148698177551135632e+04
9.424467130899305545e-02 1.232567141774291667e+04
9.580243447112524180e-02 1.315837829190825141e+04
9.736019763325742815e-02 1.388287322107630644e+04
9.891796079538961450e-02 1.454758582929246404e+04
1.004757239575213568e-01 1.511088944694258498e+04
1.020334871196535431e-01 1.536066254687061155e+04
1.035912502817857295e-01 1.551044417349152718e+04
1.051490134439179158e-01 1.552704990424524294e+04
1.067067766060501022e-01 1.524919877347642432e+04
1.082645397681822885e-01 1.471580052419440472e+04
1.098223029303144749e-01 1.394182713716757644e+04
1.113800660924462171e-01 1.312421389059295507e+04
1.129378292545784035e-01 1.220044002957839621e+04
1.144955924167105898e-01 1.134193588734755031e+04
1.160533555788427762e-01 1.041128406299401104e+04
1.176111187409749625e-01 9.454360368847757854e+03
1.191688819031071489e-01 8.547430011028656736e+03
1.207266450652393353e-01 7.654381895711051584e+03
1.222844082273710775e-01 6.826331807063334963e+03
1.238421713895032639e-01 6.071678679006462517e+03
1.253999345516354502e-01 5.371986128496108904e+03
1.269576977137676366e-01 4.785080959267244907e+03
1.285154608758998229e-01 4.209946210479468391e+03
1.300732240380320093e-01 3.651232935636387992e+03
1.316309872001637515e-01 3.216936720595219867e+03
1.331887503622959379e-01 2.850059097369524352e+03
1.347465135244281242e-01 2.517355828158781605e+03
1.363042766865603106e-01 2.241445889724350764e+03
1.378620398486924969e-01 2.002991502093822646e+03
1.394198030108246833e-01 1.790834322506568014e+03
1.409775661729568697e-01 1.574779319707883587e+03
1.425353293350886119e-01 1.422321623330555667e+03
1.440930924972207983e-01 1.289208758011686768e+03
1.456508556593529846e-01 1.163437152942121202e+03
1.472086188214851710e-01 1.068851969246890121e+03
1.487663819836173573e-01 9.823970241857448400e+02
1.503241451457495437e-01 9.026572412143691508e+02
1.518819083078817300e-01 8.393044689685088997e+02
1.534396714700134723e-01 7.703162593450948634e+02
1.549974346321456586e-01 7.386571259099030158e+02
1.565551977942778450e-01 6.807933804552366155e+02
1.581129609564100313e-01 6.516365432047330160e+02
1.596707241185422177e-01 6.254490707888336374e+02
1.612284872806744040e-01 5.749964982845143595e+02
1.627862504428065904e-01 5.455091628950812037e+02
1.643440136049383327e-01 5.351894622748371830e+02
1.659017767670705190e-01 5.205726457476780524e+02
1.674595399292027054e-01 5.017393401889700044e+02
1.690173030913348917e-01 4.685441287828021473e+02
1.705750662534670781e-01 4.712870757519319227e+02
1.721328294155992644e-01 4.734362637880776674e+02
1.736905925777310067e-01 4.732812639594040434e+02
1.752483557398631930e-01 4.738334490355088064e+02
1.768061189019953794e-01 4.613301299259391044e+02
1.783638820641275657e-01 4.570581278621767183e+02
1.799216452262597521e-01 4.539155734588446194e+02
1.814794083883919384e-01 4.688716762466827390e+02
1.830371715505241248e-01 4.751268463274788019e+02
1.845949347126558671e-01 4.676201743510610527e+02
1.861526978747880534e-01 4.669069052017470085e+02
1.877104610369202398e-01 4.878661865983127086e+02
1.892682241990524261e-01 5.045368173776699905e+02
1.908259873611846125e-01 5.072280163910820079e+02
1.923837505233167988e-01 5.274336198365980408e+02
1.939415136854489852e-01 5.366595382786202890e+02
1.954992768475807274e-01 5.377553399769249154e+02
1.970570400097129138e-01 5.403676691371518928e+02
1.986148031718451001e-01 5.268795128140770885e+02
2.001725663339772865e-01 5.403779504931652582e+02
2.017303294961094728e-01 5.616112999819561082e+02
2.032880926582416592e-01 5.702027129529093372e+02
2.048458558203734015e-01 5.688816372966747394e+02
2.064036189825055878e-01 5.509074687315911660e+02
2.079613821446377742e-01 5.538766871837319741e+02
2.095191453067699605e-01 5.603917154037030741e+02
2.110769084689021469e-01 5.552185518054944851e+02
2.126346716310343332e-01 5.761879256436814103e+02
2.141924347931665196e-01 5.617611313251372849e+02
2.157501979552982618e-01 5.473401783384490500e+02
2.173079611174304482e-01 5.559332303273465641e+02
2.188657242795626345e-01 5.598722965601432406e+02
2.204234874416948209e-01 5.582386661889563584e+02
2.219812506038270072e-01 5.531722456388355340e+02
2.235390137659591936e-01 5.471490559442027006e+02
2.250967769280913799e-01 5.420355011069470947e+02
2.266545400902231222e-01 5.388584512919914005e+02
2.282123032523553086e-01 5.202143382655583537e+02
2.297700664144874949e-01 5.217630316022272154e+02
2.313278295766196813e-01 5.122626608194200344e+02
2.328855927387518676e-01 4.944823815376502125e+02
2.344433559008840540e-01 4.887277341786203237e+02
2.360011190630162403e-01 4.892316695461217932e+02
2.375588822251479826e-01 4.857988472068660712e+02
2.391166453872801689e-01 4.828461795351332739e+02
2.406744085494123553e-01 4.575042397862797543e+02
2.422321717115445416e-01 4.310016243035997263e+02
2.437899348736767280e-01 4.288296356633788378e+02
2.453476980358089143e-01 4.123931034667517110e+02
2.469054611979406566e-01 3.945547879668698670e+02
2.484632243600728430e-01 3.874623818982215084e+02
2.500209875222050293e-01 3.824387875879302783e+02
2.515787506843372157e-01 3.770623553773286289e+02
2.531365138464694020e-01 3.630273393103344688e+02
2.546942770086015884e-01 3.449330349211318776e+02
2.562520401707337747e-01 3.388053761976803457e+02
2.578098033328655170e-01 3.278419653866594103e+02
2.593675664949977033e-01 3.147776083424824947e+02
2.609253296571298897e-01 3.069858600954749477e+02
2.624830928192620760e-01 2.922530574499444924e+02
2.640408559813942624e-01 2.762703379586670849e+02
2.655986191435264487e-01 2.694541078368888520e+02
2.671563823056586351e-01 2.652603680236262562e+02
2.687141454677903774e-01 2.537886102020233068e+02
2.702719086299225637e-01 2.443735942839268773e+02
2.718296717920547501e-01 2.197532700294076164e+02
2.733874349541869364e-01 2.160796236974176736e+02
2.749451981163191228e-01 2.304507263615205659e+02
2.765029612784513091e-01 2.110155175245844816e+02
2.780607244405830514e-01 1.985404249795143130e+02
2.796184876027152377e-01 1.963790871817991501e+02
2.811762507648474241e-01 1.947409467078769865e+02
2.827340139269796104e-01 1.949356227485046702e+02
2.842917770891117968e-01 1.861234838891323591e+02
2.858495402512439831e-01 1.692653097758393415e+02
2.874073034133761695e-01 1.646410978989680984e+02
2.889650665755079118e-01 1.698895669527076393e+02
2.905228297376400981e-01 1.547657269087017653e+02
2.920805928997722845e-01 1.480817267631756238e+02
2.936383560619044708e-01 1.472972405872445734e+02
2.951961192240366572e-01 1.486128514696217167e+02
2.967538823861688435e-01 1.458267557329626243e+02
2.983116455483010299e-01 1.364935837721240830e+02
2.998694087104327721e-01 1.319437875889183260e+02
3.014271718725649585e-01 1.253481370175828431e+02
3.029849350346971448e-01 1.212987748726422410e+02
3.045426981968293312e-01 1.138141884380251554e+02
3.061004613589615175e-01 1.117347287058145753e+02
3.076582245210937039e-01 1.182030732833225670e+02
3.092159876832258902e-01 1.202570684479526903e+02
3.107737508453576325e-01 1.180578828468186430e+02
3.123315140074898189e-01 1.093357833624496891e+02
3.138892771696220052e-01 1.018036319146927156e+02
3.154470403317541916e-01 1.010087401511726455e+02
3.170048034938863779e-01 1.026553525056953475e+02
3.185625666560185643e-01 1.066716082603060727e+02
3.201203298181503065e-01 1.043187301561004148e+02
3.216780929802824929e-01 1.051806290779535829e+02
3.232358561424146792e-01 1.052750034806393842e+02
3.247936193045468656e-01 1.055096482374428462e+02
3.263513824666790519e-01 1.065657562533523048e+02
3.279091456288112383e-01 1.061518845949197924e+02
3.294669087909434246e-01 1.062947729723106249e+02
3.310246719530751669e-01 1.027543017311024585e+02
3.325824351152073532e-01 9.752175783797778763e+01
3.341401982773395396e-01 9.999704797458583982e+01
3.356979614394717260e-01 9.857121014624311783e+01
3.372557246016039123e-01 9.864454859723930724e+01
3.388134877637360987e-01 9.319027916988591187e+01
3.403712509258682850e-01 9.990965375778345958e+01
3.419290140880000273e-01 1.055321042661314266e+02
3.434867772501322136e-01 1.069147525408366732e+02
3.450445404122644000e-01 1.048463063985950043e+02
3.466023035743965863e-01 9.739482556590861861e+01
3.481600667365287727e-01 9.632433043492223135e+01
3.497178298986609590e-01 9.717323792220756218e+01
3.512755930607927013e-01 9.473376894998781950e+01
3.528333562229248876e-01 1.013859055201261299e+02
3.543911193850570740e-01 9.262473848752993888e+01
3.559488825471892604e-01 9.915002307484347455e+01
3.575066457093214467e-01 1.045456262940994208e+02
3.590644088714536331e-01 9.396021201015636848e+01
3.606221720335858194e-01 9.340834791529857739e+01
3.621799351957175617e-01 9.813957132887119883e+01
3.637376983578497480e-01 9.848497182609635558e+01
3.652954615199819344e-01 1.007025935236375460e+02
3.668532246821141207e-01 9.652606637320553773e+01
3.684109878442463071e-01 9.901144832678933483e+01
3.699687510063784934e-01 9.848402859438169799e+01
3.715265141685106798e-01 1.016603063491163539e+02
3.730842773306424220e-01 1.018597993436301863e+02
3.746420404927746084e-01 9.522872512851672866e+01
3.761998036549067947e-01 9.297298358069970448e+01
3.777575668170389811e-01 9.247774604287121747e+01
3.793153299791711675e-01 9.369589082899108234e+01
3.808730931413033538e-01 9.834965359539758367e+01
3.824308563034355402e-01 9.197958855583961224e+01
3.839886194655672824e-01 9.510865369742893449e+01
3.855463826276994688e-01 9.687758385075437673e+01
3.871041457898316551e-01 9.279333969797107784e+01
3.886619089519638415e-01 8.714793284394654904e+01
3.902196721140960278e-01 8.160083488370618454e+01
3.917774352762282142e-01 8.035548973824272423e+01
3.933351984383599564e-01 8.308720922794968544e+01
3.948929616004921428e-01 8.743681449264728656e+01
3.964507247626243291e-01 8.461985895898322951e+01
3.980084879247565155e-01 7.745950696116779000e+01
3.995662510868887018e-01 8.437311236998714037e+01
4.011240142490208882e-01 8.491716944853997973e+01
4.026817774111530746e-01 7.940254863645635908e+01
4.042395405732848168e-01 7.198470344063906623e+01
4.057973037354170032e-01 7.665042701600255270e+01
4.073550668975491895e-01 7.887136228058284360e+01
4.089128300596813759e-01 7.629400449863781830e+01
4.104705932218135622e-01 7.708885623818669330e+01
4.120283563839457486e-01 7.543806372616397482e+01
4.135861195460779349e-01 7.338560568204188428e+01
4.151438827082096772e-01 6.878362150679878084e+01
4.167016458703418635e-01 6.548308737899984067e+01
4.182594090324740499e-01 7.154992143712355812e+01
4.198171721946062362e-01 6.295863025495977894e+01
4.213749353567384226e-01 6.394233157168765302e+01
4.229326985188706090e-01 7.013580354180081144e+01
4.244904616810023512e-01 6.660446079334910507e+01
4.260482248431345376e-01 6.235950339014234345e+01
4.276059880052667239e-01 6.247488210062957137e+01
4.291637511673989103e-01 6.899296209283176040e+01
4.307215143295310966e-01 6.930133767476296214e+01
4.322792774916632830e-01 6.210837535169819290e+01
4.338370406537954693e-01 5.957497568874325822e+01
4.353948038159272116e-01 6.381460170281915367e+01
4.369525669780593979e-01 6.422806796770038318e+01
4.385103301401915843e-01 6.632644460479768611e+01
4.400680933023237706e-01 6.655569063894446913e+01
4.416258564644559570e-01 6.195408732478195901e+01
4.431836196265881433e-01 5.690302341311913636e+01
4.447413827887203297e-01 5.179110260007851707e+01
4.462991459508520720e-01 5.232832892272208625e+01
4.478569091129842583e-01 5.659807395997329138e+01
4.494146722751164447e-01 5.884066337998002183e+01
4.509724354372486310e-01 5.267312148703823738e+01
4.525301985993808174e-01 5.182603632085903200e+01
4.540879617615130037e-01 5.403836768877643237e+01
4.556457249236451901e-01 5.239234739166722221e+01
4.572034880857769323e-01 5.598061539030127420e+01
4.587612512479091187e-01 5.840398816722120756e+01
4.603190144100413050e-01 5.482983753971136309e+01
4.618767775721734914e-01 4.892562365157612447e+01
4.634345407343056777e-01 5.099421003603789160e+01
4.649923038964378641e-01 6.229344722191903116e+01
4.665500670585696064e-01 5.611326391284087123e+01
4.681078302207017927e-01 4.937173822413138424e+01
4.696655933828339791e-01 5.225485049526137260e+01
4.712233565449661654e-01 5.181879533166319618e+01
4.727811197070983518e-01 5.194994571487364965e+01
4.743388828692305381e-01 5.425002351744877416e+01
4.758966460313627245e-01 5.369153106823302579e+01
4.774544091934944667e-01 5.109794185013324608e+01
4.790121723556266531e-01 4.951244983386898468e+01
4.805699355177588394e-01 5.082524901887936153e+01
4.821276986798910258e-01 5.589985760062361209e+01
4.836854618420232121e-01 5.278312230556951334e+01
4.852432250041553985e-01 5.551124527551883148e+01
4.868009881662875848e-01 5.900924205909623765e+01
4.883587513284193271e-01 5.147896077013309935e+01
4.899165144905515135e-01 4.852637319604344412e+01
4.914742776526836998e-01 5.048422957955364154e+01
4.930320408148158862e-01 4.932920087655505625e+01
4.945898039769480725e-01 4.731571755964569803e+01
4.961475671390802589e-01 4.590028429476447513e+01
4.977053303012120011e-01 4.463068763127661498e+01
4.992630934633441875e-01 4.806480007477560434e+01
5.008208566254763738e-01 4.681363458510900699e+01
5.023786197876085602e-01 5.011432696037746126e+01
5.039363829497407465e-01 4.508683291315668384e+01
5.054941461118729329e-01 3.811427895549462619e+01
5.070519092740051192e-01 4.146978727093875250e+01
5.086096724361368615e-01 4.604425286561814801e+01
5.101674355982690479e-01 4.690735214079770543e+01
5.117251987604012342e-01 4.643783000945749961e+01
5.132829619225334206e-01 4.825034815488157136e+01
5.148407250846656069e-01 4.953629031646653402e+01
5.163984882467977933e-01 4.350433048720361739e+01
5.179562514089299796e-01 4.870489072534253694e+01
5.195140145710617219e-01 4.956442054995432756e+01
5.210717777331939082e-01 4.656973176786566171e+01
5.226295408953260946e-01 4.712780211430338539e+01
5.241873040574582809e-01 4.373780272413079473e+01
5.257450672195904673e-01 4.580178667237568391e+01
5.273028303817226536e-01 4.807242578389577403e+01
5.288605935438548400e-01 4.087705021293551511e+01
5.304183567059865823e-01 3.461777247252152989e+01
5.319761198681187686e-01 3.975261152020256361e+01
5.335338830302509550e-01 4.312853537773219159e+01
5.350916461923831413e-01 4.040271797872251369e+01
5.366494093545153277e-01 4.581675323868399374e+01
5.382071725166475140e-01 4.111744964093767152e+01
5.397649356787792563e-01 3.732415576368497057e+01
5.413226988409114426e-01 4.325482217877331692e+01
5.428804620030436290e-01 4.398718759903127307e+01
5.444382251651758153e-01 4.049103206791021137e+01
5.459959883273080017e-01 3.963622230426789628e+01
5.475537514894401880e-01 4.087746942874811396e+01
5.491115146515723744e-01 4.348884401985174719e+01
5.506692778137041167e-01 4.858274778227495716e+01
5.522270409758363030e-01 4.282405194434394247e+01
5.537848041379684894e-01 4.320828095885795506e+01
5.553425673001006757e-01 4.601767600016869864e+01
5.569003304622328621e-01 4.065390044700631478e+01
5.584580936243650484e-01 4.027478229215971339e+01
5.600158567864972348e-01 4.495262851922648650e+01
5.615736199486289770e-01 4.353823230821017631e+01
5.631313831107611634e-01 3.781060700378732520e+01
5.646891462728933497e-01 3.605419680523760917e+01
5.662469094350255361e-01 3.708763102749389162e+01
5.678046725971577224e-01 4.102555977425976863e+01
5.693624357592899088e-01 4.520868098926444389e+01
5.709201989214216511e-01 4.592671667390695234e+01
5.724779620835538374e-01 4.137190604310982422e+01
5.740357252456860238e-01 4.198819359399099227e+01
5.755934884078182101e-01 4.253692875155874020e+01
5.771512515699503965e-01 4.028249516279900888e+01
5.787090147320825828e-01 3.765345555176800474e+01
5.802667778942147692e-01 3.673895132597959901e+01
5.818245410563465114e-01 3.832091657652277661e+01
5.833823042184786978e-01 3.740007679212376956e+01
5.849400673806108841e-01 3.481714680670059181e+01
5.864978305427430705e-01 3.848564118557607827e+01
5.880555937048752568e-01 3.891444684541159660e+01
5.896133568670074432e-01 3.920484232697821625e+01
5.911711200291396295e-01 4.248705635437959671e+01
5.927288831912713718e-01 3.951609558493189667e+01
5.942866463534035582e-01 3.669286134171699132e+01
5.958444095155357445e-01 3.772542009635254345e+01
5.974021726776679309e-01 3.809782150928488420e+01
5.989599358398001172e-01 3.628220960125003813e+01
6.005176990019323036e-01 3.685707147662794370e+01
6.020754621640644899e-01 3.774177072744573991e+01
6.036332253261962322e-01 3.448093878479672014e+01
6.051909884883284185e-01 3.361448613160500543e+01
6.067487516504606049e-01 3.646742693595613360e+01
6.083065148125927912e-01 3.497080885266706218e+01
6.098642779747249776e-01 3.211189668743725889e+01
6.114220411368571639e-01 3.467142930194030725e+01
6.129798042989889062e-01 3.660553406056762071e+01
6.145375674611210925e-01 3.448085523007969755e+01
6.160953306232532789e-01 3.233112668930873213e+01
6.176530937853854653e-01 3.325270097809588776e+01
6.192108569475176516e-01 2.972609703471475484e+01
6.207686201096498380e-01 3.317496092400912744e+01
6.223263832717820243e-01 2.947815587177613494e+01
6.238841464339137666e-01 3.438544335799458196e+01
6.254419095960459529e-01 3.704738847949259650e+01
6.269996727581781393e-01 3.188248926019823415e+01
6.285574359203103256e-01 3.109636048753248616e+01
6.301151990824425120e-01 3.221328244425608744e+01
6.316729622445746983e-01 3.442772592477827232e+01
6.332307254067068847e-01 3.359537573295823165e+01
6.347884885688386269e-01 3.364787864854078947e+01
6.363462517309708133e-01 3.721409995479784527e+01
6.379040148931029997e-01 3.677382240639391142e+01
6.394617780552351860e-01 3.623907034879948696e+01
6.410195412173673724e-01 3.444894764771918005e+01
6.425773043794995587e-01 3.564865287110828973e+01
6.441350675416313010e-01 3.507697474791625325e+01
6.456928307037634873e-01 3.113278356275047187e+01
6.472505938658956737e-01 3.377102868239114031e+01
6.488083570280278600e-01 3.758861629255447667e+01
6.503661201901600464e-01 3.629701022158442925e+01
6.519238833522922327e-01 3.360833122927947869e+01
6.534816465144244191e-01 3.461606448259318114e+01
6.550394096765561613e-01 3.259001041353404560e+01
6.565971728386883477e-01 2.887659226786129452e+01
6.581549360008205340e-01 3.511983195044859229e+01
6.597126991629527204e-01 3.497529125532494731e+01
6.612704623250849068e-01 3.301532876436062480e+01
6.628282254872170931e-01 3.411990705741430929e+01
6.643859886493492795e-01 3.267244198852012005e+01
6.659437518114810217e-01 3.278022347223149779e+01
6.675015149736132081e-01 3.603023146805170995e+01
6.690592781357453944e-01 3.731473013950767381e+01
6.706170412978775808e-01 3.630402546472870995e+01
6.721748044600097671e-01 3.183576440260017293e+01
6.737325676221419535e-01 3.064021622961802649e+01
6.752903307842741398e-01 3.354918696916978149e+01
6.768480939464058821e-01 3.145019814897007748e+01
6.784058571085380684e-01 3.225379140836361813e+01
6.799636202706702548e-01 3.883804324253028994e+01
6.815213834328024411e-01 4.055834941306336816e+01
6.830791465949346275e-01 3.326192876745990645e+01
6.846369097570668139e-01 2.715716911613364459e+01
6.861946729191985561e-01 2.805638648364000076e+01
6.877524360813307425e-01 3.016760974295976894e+01
6.893101992434629288e-01 2.545926186933603574e+01
6.908679624055951152e-01 2.796748591302118214e+01
6.924257255677273015e-01 2.948340604437412793e+01
6.939834887298594879e-01 3.179196995183317398e+01
6.955412518919916742e-01 3.138467642638894617e+01
6.970990150541234165e-01 2.980545637575880846e+01
6.986567782162556028e-01 3.125421202848538371e+01
7.002145413783877892e-01 2.740020733779289586e+01
7.017723045405199755e-01 2.443411462187456351e+01
7.033300677026521619e-01 2.862932442487902307e+01
7.048878308647843483e-01 3.034326178716166211e+01
7.064455940269165346e-01 2.815031401001067124e+01
7.080033571890482769e-01 3.033685350051734986e+01
7.095611203511804632e-01 2.798028552732585439e+01
7.111188835133126496e-01 2.996121540141663431e+01
7.126766466754448359e-01 3.013805687584289927e+01
7.142344098375770223e-01 2.936646242550262542e+01
7.157921729997092086e-01 3.203404862613979276e+01
7.173499361618409509e-01 3.129039770665390563e+01
7.189076993239731372e-01 3.068413741778607218e+01
7.204654624861053236e-01 2.894264968569280327e+01
7.220232256482375099e-01 2.841798761190348799e+01
7.235809888103696963e-01 3.262594118271871935e+01
7.251387519725018826e-01 2.959573738318607283e+01
7.266965151346340690e-01 2.842508186404648640e+01
7.282542782967658113e-01 3.057482827650856194e+01
7.298120414588979976e-01 3.005337289570486448e+01
7.313698046210301840e-01 3.021294998239297414e+01
7.329275677831623703e-01 3.028627698220943287e+01
7.344853309452945567e-01 2.881570826954545339e+01
7.360430941074267430e-01 2.995967600051193713e+01
7.376008572695589294e-01 3.499313106195508283e+01
7.391586204316906716e-01 3.583169054599099468e+01
7.407163835938228580e-01 3.456864362186043138e+01
7.422741467559550443e-01 3.573241371617460516e+01
7.438319099180872307e-01 2.991998752605473300e+01
7.453896730802194170e-01 2.751626296563654606e+01
7.469474362423516034e-01 2.612629516743800551e+01
7.485051994044837897e-01 2.492467503014342611e+01
7.500629625666155320e-01 2.785601525728023020e+01
7.516207257287477184e-01 2.719414551595349749e+01
7.531784888908799047e-01 2.535016845850325495e+01
7.547362520530120911e-01 2.833542603627798329e+01
7.562940152151442774e-01 2.993162028493811633e+01
7.578517783772764638e-01 2.931746896711796069e+01
7.594095415394082060e-01 2.351953432512208764e+01
7.609673047015403924e-01 3.072794081834451418e+01
7.625250678636725787e-01 3.387411643367657632e+01
7.640828310258047651e-01 2.675117539180676118e+01
7.656405941879369514e-01 2.738587576998392592e+01
7.671983573500691378e-01 3.042898801844165391e+01
7.687561205122013241e-01 2.807293067170262191e+01
7.703138836743330664e-01 2.590582682392041747e+01
7.718716468364652528e-01 2.809476510405297844e+01
7.734294099985974391e-01 3.144140065866487177e+01
7.749871731607296255e-01 3.105651514058530438e+01
7.765449363228618118e-01 3.325820511852307959e+01
7.781026994849939982e-01 3.015624244690957667e+01
7.796604626471261845e-01 2.786660620273966060e+01
7.812182258092579268e-01 2.810009717942784491e+01
7.827759889713901131e-01 2.820478155113917040e+01
7.843337521335222995e-01 2.705771815943473868e+01
7.858915152956544858e-01 2.791272421337394150e+01
7.874492784577866722e-01 2.887402560816482477e+01
7.890070416199188585e-01 2.625024965055134984e+01
7.905648047820506008e-01 2.680606858397477410e+01
7.921225679441827872e-01 2.789822027365240587e+01
7.936803311063149735e-01 2.264603868637762929e+01
7.952380942684471599e-01 2.466328841544748229e+01
7.967958574305793462e-01 2.728511947451275432e+01
7.983536205927115326e-01 2.632438931149438943e+01
7.999113837548437189e-01 2.807046964346803009e+01
8.014691469169754612e-01 2.485898782486748360e+01
8.030269100791076475e-01 2.310510879567807763e+01
8.045846732412398339e-01 2.786452442369538218e+01
8.061424364033720202e-01 2.999093118998661112e+01
8.077001995655042066e-01 2.528337571539578477e+01
8.092579627276363929e-01 2.354286694400371971e+01
8.108157258897685793e-01 2.596440560691354449e+01
8.123734890519003216e-01 2.643503883105068297e+01
8.139312522140329520e-01 3.125923974390622107e+01
8.154890153761646943e-01 3.123191620649116018e+01
8.170467785382964365e-01 2.963279723636297547e+01
8.186045417004290670e-01 2.877913456515609880e+01
8.201623048625608092e-01 2.984513068107364830e+01
8.217200680246934397e-01 3.042111887329320297e+01
8.232778311868251819e-01 2.628612613788184049e+01
8.248355943489578124e-01 2.383027925067582942e+01
8.263933575110895546e-01 2.329829405017487787e+01
8.279511206732212969e-01 2.559980934028574850e+01
8.295088838353539273e-01 2.163592091367600290e+01
8.310666469974856696e-01 2.119523170345050289e+01
8.326244101596183000e-01 2.355691713467381732e+01
8.341821733217500423e-01 2.603245708016137172e+01
8.357399364838826727e-01 2.970662639221678347e+01
8.372976996460144150e-01 2.971623124922280113e+01
8.388554628081461573e-01 2.873961566232234333e+01
8.404132259702787877e-01 2.714933444841697607e+01
8.419709891324105300e-01 2.440419810403779977e+01
8.435287522945431604e-01 2.228610701272368999e+01
8.450865154566749027e-01 2.534267674398385495e+01
8.466442786188075331e-01 2.642606851933307510e+01
8.482020417809392754e-01 2.685853678798421029e+01
8.497598049430710176e-01 2.708314414167595174e+01
8.513175681052036481e-01 2.208845540278859332e+01
8.528753312673353904e-01 2.129229207150897452e+01
8.544330944294680208e-01 2.381199425232176736e+01
8.559908575915997631e-01 2.603156435048594730e+01
8.575486207537323935e-01 2.834008893175239763e+01
8.591063839158641358e-01 2.849455309336291009e+01
8.606641470779958780e-01 2.798859528056786772e+01
8.622219102401285085e-01 2.948668148920597432e+01
8.637796734022602507e-01 2.520808014532502028e+01
8.653374365643928812e-01 2.502464660917943817e+01
8.668951997265246234e-01 2.611856562666750747e+01
8.684529628886572539e-01 2.777031646625903605e+01
8.700107260507889961e-01 2.831786508427064319e+01
8.715684892129207384e-01 2.548794809196630240e+01
8.731262523750533688e-01 2.522745361314235524e+01
8.746840155371851111e-01 2.691277439535286931e+01
8.762417786993177415e-01 2.772601060916775495e+01
8.777995418614494838e-01 3.248788964326751483e+01
8.793573050235821142e-01 2.859146760625960226e+01
8.809150681857138565e-01 2.875021488044961160e+01
8.824728313478455988e-01 2.750750206245792029e+01
8.840305945099782292e-01 2.458591941116306145e+01
8.855883576721099715e-01 2.629851645912338398e+01
8.871461208342426019e-01 2.545322280189235187e+01
8.887038839963743442e-01 2.642231488404212669e+01
8.902616471585060864e-01 2.638187285151078498e+01
8.918194103206387169e-01 2.576971124589877604e+01
8.933771734827704591e-01 2.811898838345348395e+01
8.949349366449030896e-01 3.238082523478663433e+01
8.964926998070348318e-01 2.985525855606955759e+01
8.980504629691674623e-01 2.890244120531441396e+01
8.996082261312992046e-01 2.386954764887959968e+01
9.011659892934309468e-01 2.404280473565915344e+01
9.027237524555635773e-01 2.581501985608551308e+01
9.042815156176953195e-01 2.476147652467399851e+01
9.058392787798279500e-01 2.421659741953227751e+01
9.073970419419596922e-01 2.298850626487780957e+01
9.089548051040923227e-01 2.327440905984181185e+01
9.105125682662240649e-01 2.055419026401829186e+01
9.120703314283558072e-01 1.955782522658721589e+01
9.136280945904884376e-01 2.459691387212156855e+01
9.151858577526201799e-01 3.228235054875656829e+01
9.167436209147528103e-01 3.224861539434541413e+01
9.183013840768845526e-01 2.848435253995737781e+01
9.198591472390171830e-01 2.755631986886915996e+01
9.214169104011489253e-01 2.627677727518979722e+01
9.229746735632806676e-01 2.344295392091369834e+01
9.245324367254132980e-01 2.248076854538332014e+01
9.260901998875450403e-01 2.426843860718772561e+01
9.276479630496776707e-01 2.734686248141088427e+01
9.292057262118094130e-01 2.782548422175019098e+01
9.307634893739420434e-01 2.638897484302641416e+01
9.323212525360737857e-01 2.659800006116888937e+01
9.338790156982055279e-01 2.484765022839771476e+01
9.354367788603381584e-01 2.527698311843446533e+01
9.369945420224699006e-01 2.748600697392139125e+01
9.385523051846025311e-01 2.418147220489980498e+01
9.401100683467342733e-01 2.376368321582061327e+01
9.416678315088669038e-01 2.694958375015812280e+01
9.432255946709986461e-01 2.537468115472197994e+01
9.447833578331303883e-01 2.319019669342484491e+01
9.463411209952630188e-01 2.462578322032368305e+01
9.478988841573947610e-01 2.408342696374370462e+01
9.494566473195273915e-01 2.568354419507702602e+01
9.510144104816591337e-01 2.864454817031661094e+01
9.525721736437917642e-01 2.685454636552782759e+01
9.541299368059235064e-01 2.483191070374418885e+01
9.556876999680552487e-01 2.257785719123823043e+01
9.572454631301878791e-01 2.244731693033661912e+01
9.588032262923196214e-01 2.435678481864723111e+01
9.603609894544522518e-01 2.644919533651040311e+01
9.619187526165839941e-01 2.608338050925799223e+01
9.634765157787157364e-01 2.272698676736555612e+01
9.650342789408483668e-01 2.276774161677450437e+01
9.665920421029801091e-01 2.549533724191388728e+01
9.681498052651127395e-01 2.690762766413072171e+01
9.697075684272444818e-01 2.841836807965161427e+01
9.712653315893771122e-01 2.524952068304440189e+01
9.728230947515088545e-01 2.317003980290878573e+01
9.743808579136405967e-01 2.501440469042482917e+01
9.759386210757732272e-01 2.636382435064416541e+01
9.774963842379049694e-01 2.564362783160288473e+01
9.790541474000375999e-01 2.423680377860316071e+01
9.806119105621693421e-01 2.452035350174742945e+01
9.821696737243019726e-01 2.238137794023069560e+01
9.837274368864337148e-01 2.452403610367732156e+01
9.852852000485654571e-01 2.862964201476820847e+01
9.868429632106980876e-01 2.216996502074967168e+01
9.884007263728298298e-01 1.917823797568747324e+01
9.899584895349624603e-01 2.321204697338443523e+01
9.915162526970942025e-01 2.335566420478335559e+01
9.930740158592268330e-01 2.356054366927858368e+01
9.946317790213585752e-01 2.415202964086769200e+01
9.961895421834903175e-01 2.300293403754760746e+01
9.977473053456229479e-01 2.237552840850106861e+01
9.993050685077546902e-01 2.374206429159692888e+01
1.000862831669887321e+00 2.277426055632081514e+01
1.002420594832019063e+00 2.583112648948552348e+01
1.003978357994151693e+00 2.832349463853463689e+01
1.005536121156283436e+00 2.415583699551502050e+01
1.007093884318415178e+00 2.192627271790781762e+01
1.008651647480547808e+00 1.979544818053377497e+01
1.010209410642679551e+00 2.276907811489718725e+01
1.011767173804812181e+00 2.849110512148324759e+01
1.013324936966943923e+00 2.808405179587387224e+01
1.014882700129076554e+00 2.397640985030066929e+01
1.016440463291208296e+00 2.182417698546376528e+01
1.017998226453340038e+00 2.313491739005917935e+01
1.019555989615472669e+00 2.496435800131589389e+01
1.021113752777604411e+00 2.483762317408298159e+01
1.022671515939737041e+00 1.948129168081134921e+01
1.024229279101868784e+00 2.146658413055213899e+01
1.025787042264001414e+00 2.683156770579832084e+01
1.027344805426133156e+00 2.626302119879727570e+01
1.028902568588264899e+00 2.734001418287797236e+01
1.030460331750397529e+00 2.871088324882645892e+01
1.032018094912529271e+00 2.487793006436234222e+01
1.033575858074661902e+00 2.448092818593231002e+01
1.035133621236793644e+00 2.725734891724501452e+01
1.036691384398925386e+00 2.587459014126977053e+01
1.038249147561058017e+00 2.237161611328274091e+01
1.039806910723189759e+00 2.554012200557107803e+01
1.041364673885322389e+00 2.435182250203068222e+01
1.042922437047454132e+00 2.166950388199546040e+01
1.044480200209586762e+00 2.496760912884375117e+01
1.046037963371718504e+00 2.410168073671830768e+01
1.047595726533850247e+00 2.127233403389222488e+01
1.049153489695982877e+00 2.115941079124621993e+01
1.050711252858114619e+00 2.249296617610738025e+01
1.052269016020247250e+00 2.127193142030773032e+01
1.053826779182378992e+00 2.489882786967546480e+01
1.055384542344511623e+00 2.692309979847948043e+01
1.056942305506643365e+00 2.536213948845431432e+01
1.058500068668775107e+00 2.637336504248106905e+01
1.060057831830907737e+00 2.379048816513763853e+01
1.061615594993039480e+00 2.225720959654174891e+01
1.063173358155172110e+00 2.184456988629050045e+01
1.064731121317303852e+00 2.006127372970929557e+01
1.066288884479436483e+00 2.450842686499049350e+01
1.067846647641568225e+00 2.420050748301289545e+01
1.069404410803699967e+00 2.500471296134434240e+01
1.070962173965832598e+00 2.819757881400554211e+01
1.072519937127964340e+00 2.770459192972849749e+01
1.074077700290096971e+00 2.395043648100361366e+01
1.075635463452228713e+00 2.313081092581254694e+01
1.077193226614361343e+00 2.471717931844320049e+01
1.078750989776493086e+00 2.232120180097423301e+01
1.080308752938624828e+00 1.849297858153876817e+01
1.081866516100757458e+00 1.822318318609035970e+01
1.083424279262889200e+00 2.311159789810432486e+01
1.084982042425021831e+00 2.512054191557975358e+01
1.086539805587153573e+00 2.772181165643228695e+01
1.088097568749286204e+00 2.388124884782154922e+01
1.089655331911417946e+00 2.105010470586189797e+01
1.091213095073549688e+00 2.437135083882185427e+01
1.092770858235682319e+00 2.589396225692429354e+01
1.094328621397814061e+00 2.659305867940607371e+01
1.095886384559946691e+00 2.295952160256639729e+01
1.097444147722078434e+00 1.945081533948998498e+01
1.099001910884211064e+00 1.961037412838400940e+01
1.100559674046342806e+00 2.193150419850387678e+01
1.102117437208474549e+00 2.327432158558528386e+01
1.103675200370607179e+00 2.433462613959477849e+01
1.105232963532738921e+00 2.119984765311113151e+01
1.106790726694871552e+00 2.029363303413247621e+01
1.108348489857003294e+00 2.457892046320517920e+01
1.109906253019135036e+00 2.618089589788765537e+01
1.111464016181267667e+00 2.596350553409167361e+01
1.113021779343399409e+00 2.418586216714891535e+01
1.114579542505532039e+00 2.115416750692155290e+01
1.116137305667663782e+00 2.111715160232659727e+01
1.117695068829796412e+00 2.651300273384733330e+01
1.119252831991928154e+00 2.651637791137240896e+01
1.120810595154059897e+00 2.325465612697064799e+01
1.122368358316192527e+00 2.745637918914817277e+01
1.123926121478324269e+00 2.393348715967826479e+01
1.125483884640456900e+00 1.990666264756248083e+01
1.127041647802588642e+00 2.143575025529215239e+01
1.128599410964721272e+00 2.048255221456396669e+01
1.130157174126853015e+00 2.143946020310097111e+01
1.131714937288984757e+00 2.561310283982916047e+01
1.133272700451117387e+00 2.600794487142172429e+01
1.134830463613249130e+00 2.260645019651107290e+01
1.136388226775381760e+00 2.335142980999217599e+01
1.137945989937513502e+00 2.326240876971647964e+01
1.139503753099646133e+00 2.059421795330766258e+01
1.141061516261777875e+00 2.353575067397203924e+01
1.142619279423909617e+00 2.480207247038373097e+01
1.144177042586042248e+00 2.487514687466734742e+01
1.145734805748173990e+00 2.592947247145025713e+01
1.147292568910306620e+00 2.216625734443581663e+01
1.148850332072438363e+00 2.121151769986699520e+01
1.150408095234570993e+00 2.582163615364083498e+01
1.151965858396702735e+00 2.334719840764704557e+01
1.153523621558834478e+00 2.048338978924162745e+01
1.155081384720967108e+00 2.149471026414591179e+01
1.156639147883098850e+00 2.149392663098876710e+01
1.158196911045231481e+00 2.316732901092610675e+01
1.159754674207363223e+00 2.203660899349111801e+01
1.161312437369495854e+00 2.181765965488253300e+01
1.162870200531627596e+00 2.273651058090893784e+01
1.164427963693759338e+00 2.286507514256714657e+01
1.165985726855891969e+00 2.559323287981212047e+01
1.167543490018023711e+00 2.461916424205503162e+01
1.169101253180156341e+00 2.734995204890275389e+01
1.170659016342288083e+00 2.463833608298970290e+01
1.172216779504420714e+00 1.517464990849155271e+01
1.173774542666552456e+00 1.971943058513698332e+01
1.175332305828684198e+00 2.381845370114712779e+01
1.176890068990816829e+00 1.970442018679112905e+01
1.178447832152948571e+00 1.958996335012984957e+01
1.180005595315081202e+00 2.301498950002754995e+01
1.181563358477212944e+00 2.517500216907191657e+01
1.183121121639344686e+00 2.224180717574989430e+01
1.184678884801477317e+00 1.985214321382169089e+01
1.186236647963609059e+00 2.199467049722781198e+01
1.187794411125741689e+00 2.355676291123792510e+01
1.189352174287873432e+00 2.318042667149928349e+01
1.190909937450006062e+00 2.173674603908125746e+01
1.192467700612137804e+00 2.132527832695385683e+01
1.194025463774269546e+00 2.366796138488297174e+01
1.195583226936402177e+00 2.454666043673814357e+01
1.197140990098533919e+00 2.471634049093475838e+01
1.198698753260666550e+00 2.778868107484586858e+01
1.200256516422798292e+00 2.898501238790317558e+01
1.201814279584930922e+00 2.552693344267327547e+01
1.203372042747062665e+00 2.351578907845289734e+01
1.204929805909194407e+00 2.358542870871414365e+01
1.206487569071327037e+00 2.381374076110291682e+01
1.208045332233458780e+00 2.446948322880172455e+01
1.209603095395591410e+00 2.501713092116281345e+01
1.211160858557723152e+00 2.564001688549285163e+01
1.212718621719855783e+00 2.389474620398524252e+01
1.214276384881987525e+00 2.098114295910397331e+01
1.215834148044119267e+00 1.988961973775304415e+01
1.217391911206251898e+00 2.075883025150496408e+01
1.218949674368383640e+00 2.124118279899622763e+01
1.220507437530516270e+00 2.381370306843008677e+01
1.222065200692648013e+00 2.413269745141122158e+01
1.223622963854780643e+00 2.264407923757801200e+01
1.225180727016912385e+00 2.515548945335118702e+01
1.226738490179044128e+00 2.467397406318178454e+01
1.228296253341176758e+00 2.264354745199471708e+01
1.229854016503308500e+00 2.119540578100840023e+01
1.231411779665441131e+00 2.085776135532702469e+01
1.232969542827572873e+00 2.336111971009259491e+01
1.234527305989705503e+00 2.292163087238730412e+01
1.236085069151837246e+00 2.161372380527860315e+01
1.237642832313968988e+00 2.067782754791450728e+01
1.239200595476101618e+00 2.363968208200475019e+01
1.240758358638233361e+00 2.539357281263188426e+01
1.242316121800365991e+00 2.294819747304565283e+01
1.243873884962497733e+00 2.340828975043656612e+01
1.245431648124630364e+00 2.483806243544332659e+01
1.246989411286762106e+00 2.372665250948707794e+01
1.248547174448893848e+00 2.258618529919113271e+01
1.250104937611026479e+00 2.289175111490192549e+01
1.251662700773158221e+00 2.311035093605031321e+01
1.253220463935290852e+00 2.447498022343534174e+01
1.254778227097422594e+00 2.592650525654685012e+01
1.256335990259554336e+00 2.589504626801803511e+01
1.257893753421686966e+00 2.753002531249305918e+01
1.259451516583818709e+00 2.856803603595513863e+01
1.261009279745951339e+00 2.440662210229546503e+01
1.262567042908083081e+00 2.200027156980914356e+01
1.264124806070215712e+00 2.423313626008761545e+01
1.265682569232347454e+00 2.273378835240691487e+01
1.267240332394479196e+00 2.308496792698232625e+01
1.268798095556611827e+00 2.567433292990872928e+01
1.270355858718743569e+00 2.764764078196809294e+01
1.271913621880876200e+00 2.464118600205761922e+01
1.273471385043007942e+00 2.087291031640425132e+01
1.275029148205140572e+00 2.233721710624047319e+01
1.276586911367272315e+00 2.340961642640462159e+01
1.278144674529404057e+00 2.320507469393562161e+01
1.279702437691536687e+00 2.276018290894779028e+01
1.281260200853668429e+00 2.326873368196918790e+01
1.282817964015801060e+00 2.154839077829275951e+01
1.284375727177932802e+00 1.968107952054225152e+01
1.285933490340065433e+00 1.804694079964848896e+01
1.287491253502197175e+00 2.119158291047433806e+01
1.289049016664328917e+00 2.206794808236137229e+01
1.290606779826461548e+00 1.923669257414647404e+01
1.292164542988593290e+00 2.162430270590259695e+01
1.293722306150725920e+00 2.400855183202840593e+01
1.295280069312857663e+00 2.346701256594159446e+01
1.296837832474990293e+00 2.304072217978173143e+01
1.298395595637122035e+00 2.291116053688419285e+01
1.299953358799253778e+00 2.316360510885493085e+01
1.301511121961386408e+00 2.509403833942831596e+01
1.303068885123518150e+00 2.275023845278525769e+01
1.304626648285650781e+00 1.878755014626099751e+01
1.306184411447782523e+00 2.410380403475507549e+01
1.307742174609915153e+00 2.861138448928695510e+01
1.309299937772046896e+00 2.487079872669683667e+01
1.310857700934178638e+00 2.197341540902615975e+01
1.312415464096311268e+00 2.270842168588919563e+01
1.313973227258443011e+00 2.521549138944969215e+01
1.315530990420575641e+00 2.720060158953437579e+01
1.317088753582707383e+00 2.886983691929343721e+01
1.318646516744840014e+00 2.731397096317386186e+01
1.320204279906971756e+00 1.994710727046186705e+01
1.321762043069103498e+00 1.626530336410519695e+01
1.323319806231236129e+00 1.929955157156949141e+01
1.324877569393367871e+00 2.146748651516723783e+01
1.326435332555500501e+00 2.137473996037296331e+01
1.327993095717632244e+00 2.092919883193623320e+01
1.329550858879763986e+00 2.175913733330150279e+01
1.331108622041896616e+00 2.385804061539356269e+01
1.332666385204028359e+00 2.383207471703135027e+01
1.334224148366160989e+00 2.116593880197142497e+01
1.335781911528292731e+00 2.175136341604662604e+01
1.337339674690425362e+00 2.310336718623221586e+01
1.338897437852557104e+00 2.308270789994320182e+01
1.340455201014688846e+00 2.326948291798477086e+01
1.342012964176821477e+00 2.176565457320775820e+01
1.343570727338953219e+00 2.063358917965612704e+01
1.345128490501085849e+00 2.242589848046821288e+01
1.346686253663217592e+00 2.277999504708542844e+01
1.348244016825350222e+00 2.287586789164607026e+01
1.349801779987481964e+00 2.410962583160170070e+01
1.351359543149613707e+00 2.864570013113899094e+01
1.352917306311746337e+00 2.336775344635379170e+01
1.354475069473878079e+00 1.867205879798164503e+01
1.356032832636010710e+00 2.164033331834473728e+01
1.357590595798142452e+00 2.286245939339547562e+01
1.359148358960275083e+00 2.439070781196783244e+01
1.360706122122406825e+00 2.320724525339053201e+01
1.362263885284538567e+00 2.151087316578338715e+01
1.363821648446671198e+00 2.017670694592703740e+01
1.365379411608802940e+00 2.342389333174282484e+01
1.366937174770935570e+00 2.041833590148038979e+01
1.368494937933067312e+00 2.119416409624954412e+01
1.370052701095199943e+00 2.539255950891883629e+01
1.371610464257331685e+00 2.256111758880917861e+01
1.373168227419463427e+00 2.265603958686113373e+01
1.374725990581596058e+00 2.337396424253242344e+01
1.376283753743727800e+00 2.240549135761996880e+01
1.377841516905860431e+00 2.089103052872208011e+01
1.379399280067992173e+00 2.102779275544373760e+01
1.380957043230124803e+00 2.178388028463805171e+01
1.382514806392256546e+00 2.201777221392040573e+01
1.384072569554388288e+00 2.294742890486398323e+01
1.385630332716520918e+00 2.501294960122361744e+01
1.387188095878652661e+00 2.144763416095845088e+01
1.388745859040785291e+00 1.879878840353936198e+01
1.390303622202917033e+00 2.282065531970608419e+01
1.391861385365049664e+00 2.507074890547951895e+01
1.393419148527181406e+00 2.245396509777460281e+01
1.394976911689313148e+00 2.063068334668592740e+01
1.396534674851445779e+00 2.271998691489067568e+01
1.398092438013577521e+00 2.341398406370352347e+01
1.399650201175710151e+00 2.337688138044117636e+01
1.401207964337841894e+00 2.153466604815673335e+01
1.402765727499973636e+00 2.031349459742869712e+01
1.404323490662106266e+00 2.221200638470280708e+01
1.405881253824238009e+00 2.405065317672908165e+01
1.407439016986370639e+00 2.350504448880549191e+01
1.408996780148502381e+00 2.208641596087058545e+01
1.410554543310635012e+00 2.758510692026299793e+01
1.412112306472766754e+00 2.625445787349302051e+01
1.413670069634898496e+00 2.291392068688285732e+01
1.415227832797031127e+00 2.539769968401736122e+01
1.416785595959162869e+00 2.227529461412444789e+01
1.418343359121295499e+00 1.907826396495105925e+01
1.419901122283427242e+00 2.005552033007148438e+01
1.421458885445559872e+00 2.426063707243310930e+01
1.423016648607691614e+00 2.873392869968365915e+01
1.424574411769823357e+00 2.530570843272212400e+01
1.426132174931955987e+00 2.533612939310771139e+01
1.427689938094087729e+00 2.257631695219728130e+01
1.429247701256220360e+00 2.029532051663360193e+01
1.430805464418352102e+00 2.319975348789469649e+01
1.432363227580484732e+00 2.386021813046575701e+01
1.433920990742616475e+00 2.444873187149454097e+01
1.435478753904748217e+00 2.392358315835184612e+01
1.437036517066880847e+00 2.299479350866922545e+01
1.438594280229012590e+00 2.133020060519740824e+01
1.440152043391145220e+00 2.188310595637405598e+01
1.441709806553276962e+00 2.537601604435758063e+01
1.443267569715409593e+00 2.270928737900998584e+01
1.444825332877541335e+00 1.900949757156016773e+01
1.446383096039673077e+00 1.770711931019166130e+01
1.447940859201805708e+00 1.840073084911197299e+01
1.449498622363937450e+00 2.327909278674854221e+01
1.451056385526070081e+00 2.503245542257511147e+01
1.452614148688201823e+00 2.456570641013245293e+01
1.454171911850334453e+00 2.234016325623541022e+01
1.455729675012466195e+00 2.355363838417812161e+01
1.457287438174597938e+00 2.748253743330809939e+01
1.458845201336730568e+00 2.161753021158982691e+01
1.460402964498862310e+00 1.705331653521076163e+01
1.461960727660994941e+00 1.963069250770808694e+01
1.463518490823126683e+00 2.178557462704996794e+01
1.465076253985259314e+00 2.393492865378279078e+01
1.466634017147391056e+00 2.482978436176719228e+01
1.468191780309522798e+00 2.137456609032193455e+01
1.469749543471655429e+00 2.136440402700598895e+01
1.471307306633787171e+00 2.383496644536363718e+01
1.472865069795919801e+00 2.270581345694185060e+01
1.474422832958051544e+00 2.339526715049407102e+01
1.475980596120183286e+00 2.478953755919370394e+01
1.477538359282315916e+00 2.525765155236874193e+01
1.479096122444447658e+00 2.669501627117015019e+01
1.480653885606580289e+00 2.722567174282072600e+01
1.482211648768712031e+00 2.496816439690890022e+01
1.483769411930844662e+00 2.194653928477318772e+01
1.485327175092976404e+00 2.093539326459175598e+01
1.486884938255108146e+00 1.973765072338643378e+01
1.488442701417240777e+00 1.869377019932592177e+01
1.490000464579372519e+00 1.787338989696500846e+01
1.491558227741505149e+00 1.669380936653632119e+01
1.493115990903636892e+00 1.936607871265607628e+01
1.494673754065769522e+00 2.367521254379623841e+01
1.496231517227901264e+00 2.422646032742062161e+01
1.497789280390033007e+00 2.113828229620938259e+01
1.499347043552165637e+00 2.193423198339674585e+01
1.500904806714297379e+00 2.472877569439571488e+01
1.502462569876430010e+00 2.421843495330760376e+01
1.504020333038561752e+00 2.249242084519155327e+01
1.505578096200694382e+00 2.144785059911125202e+01
1.507135859362826125e+00 2.116996869535703851e+01
1.508693622524957867e+00 2.288828394639913455e+01
1.510251385687090497e+00 2.341709324562849304e+01
1.511809148849222240e+00 2.085074257084534466e+01
1.513366912011354870e+00 2.223724345520302847e+01
1.514924675173486612e+00 2.255923239057912610e+01
1.516482438335619243e+00 2.058789712224157853e+01
1.518040201497750985e+00 2.052399242683401326e+01
1.519597964659882727e+00 2.205567744310863887e+01
1.521155727822015358e+00 2.220797606258958723e+01
1.522713490984147100e+00 2.324618159871170775e+01
1.524271254146279730e+00 2.540544789475752552e+01
1.525829017308411473e+00 2.214835734813166823e+01
1.527386780470544103e+00 2.469702620330747678e+01
1.528944543632675845e+00 2.491837891841733565e+01
1.530502306794807588e+00 2.215608014348040911e+01
1.532060069956940218e+00 2.365240833724364222e+01
1.533617833119071960e+00 2.370208820316333131e+01
1.535175596281204591e+00 2.470488007742826753e+01
1.536733359443336333e+00 2.607257777715151548e+01
1.538291122605468964e+00 2.498874949151274905e+01
1.539848885767600706e+00 2.261054861442714170e+01
1.541406648929732448e+00 2.370477111618958332e+01
1.542964412091865078e+00 2.412216825917478857e+01
1.544522175253996821e+00 2.202367825536515511e+01
1.546079938416129451e+00 2.131883571222272167e+01
1.547637701578261193e+00 2.129915147787672325e+01
1.549195464740392936e+00 2.119171796880177183e+01
1.550753227902525566e+00 1.871931914841081834e+01
1.552310991064657308e+00 1.600836092639092101e+01
1.553868754226789939e+00 1.912153224694372611e+01
1.555426517388921681e+00 2.364830086467113190e+01
1.556984280551054312e+00 2.280125200513419159e+01
1.558542043713186054e+00 2.082245856093907577e+01
1.560099806875317796e+00 2.010260628144598627e+01
1.561657570037450427e+00 2.177860922348421724e+01
1.563215333199582169e+00 2.125859433766975570e+01
1.564773096361714799e+00 1.779963643043859278e+01
1.566330859523846541e+00 2.087537990323377102e+01
1.567888622685979172e+00 2.390066147628905213e+01
1.569446385848110914e+00 1.957656729663733230e+01
1.571004149010242656e+00 1.952957255007947879e+01
1.572561912172375287e+00 2.351595987866439685e+01
1.574119675334507029e+00 2.364395053481806031e+01
1.575677438496639660e+00 2.084827074440574890e+01
1.577235201658771402e+00 1.957499952557222045e+01
1.578792964820904032e+00 2.725791979274089982e+01
1.580350727983035775e+00 2.880989422876761452e+01
1.581908491145167517e+00 2.528366787345424171e+01
1.583466254307300147e+00 2.330194570591863368e+01
1.585024017469431890e+00 2.178795643315852359e+01
1.586581780631564520e+00 2.411773121661257235e+01
1.588139543793696262e+00 2.419627299613112470e+01
1.589697306955828893e+00 1.995695365863726778e+01
1.591255070117960635e+00 2.066931586210183625e+01
1.592812833280092377e+00 2.622588160552193770e+01
1.594370596442225008e+00 2.245992943298801592e+01
1.595928359604356750e+00 1.822010841352921773e+01
1.597486122766489380e+00 2.289249722213805427e+01
1.599043885928621123e+00 2.666408336618774655e+01
1.600601649090753753e+00 2.519722535050640388e+01
1.602159412252885495e+00 2.359356833093216466e+01
1.603717175415017238e+00 2.272640493045301824e+01
1.605274938577149868e+00 2.175292810270484267e+01
1.606832701739281610e+00 2.367110922389385053e+01
1.608390464901414241e+00 2.469625856696331923e+01
1.609948228063545983e+00 1.765515019016963549e+01
1.611505991225678613e+00 1.708893646665052657e+01
1.613063754387810356e+00 2.537065428858657157e+01
1.614621517549942098e+00 2.885903422570912014e+01
1.616179280712074728e+00 2.716616852086147560e+01
1.617737043874206471e+00 2.867757222989314059e+01
1.619294807036339101e+00 2.820548339197116405e+01
1.620852570198470843e+00 2.334861404155734377e+01
1.622410333360602586e+00 2.019431096374142598e+01
1.623968096522735216e+00 2.310892065871854939e+01
1.625525859684866958e+00 2.611061232632751938e+01
1.627083622846999589e+00 2.256298274157699879e+01
1.628641386009131331e+00 1.795064684330484894e+01
1.630199149171263961e+00 2.314429378562259032e+01
1.631756912333395704e+00 2.402284540138482782e+01
1.633314675495527446e+00 2.597975837376863240e+01
1.634872438657660076e+00 2.411534344034879496e+01
1.636430201819791819e+00 1.886610895045964753e+01
1.637987964981924449e+00 2.171405610444046985e+01
1.639545728144056191e+00 1.952363441474608408e+01
1.641103491306188822e+00 1.799208335411908877e+01
1.642661254468320564e+00 2.109258480306101546e+01
1.644219017630452306e+00 2.287285387550189952e+01
1.645776780792584937e+00 2.235850217435653065e+01
1.647334543954716679e+00 2.218883078846107537e+01
1.648892307116849310e+00 2.038870775892516463e+01
1.650450070278981052e+00 2.033893495350250546e+01
1.652007833441113682e+00 2.034269289972566597e+01
1.653565596603245424e+00 2.039242716901993902e+01
1.655123359765377167e+00 2.173870827943775552e+01
1.656681122927509797e+00 2.153390331957876214e+01
1.658238886089641539e+00 2.089885091087154478e+01
1.659796649251774170e+00 2.390228141971109821e+01
1.661354412413905912e+00 2.285248489333509880e+01
1.662912175576038543e+00 1.890807616842517902e+01
1.664469938738170285e+00 1.911965595884668545e+01
1.666027701900302027e+00 1.977805927546645037e+01
1.667585465062434658e+00 1.977529955776455495e+01
1.669143228224566400e+00 2.089677147997339901e+01
1.670700991386699030e+00 2.105809120551067792e+01
1.672258754548830773e+00 2.342508534429902056e+01
1.673816517710963403e+00 2.515803662560917431e+01
1.675374280873095145e+00 2.094020676156140581e+01
1.676932044035226888e+00 2.021242678804065207e+01
1.678489807197359518e+00 2.278814101822637639e+01
1.680047570359491260e+00 2.355910276437786877e+01
1.681605333521623891e+00 2.605179426344933447e+01
1.683163096683755633e+00 2.244239876052568050e+01
1.684720859845888263e+00 2.242636842130629660e+01
1.686278623008020006e+00 2.177216872845542639e+01
1.687836386170151748e+00 1.795469412629115524e+01
1.689394149332284378e+00 2.061261337860950960e+01
1.690951912494416121e+00 2.383787053591661831e+01
1.692509675656548751e+00 2.528627187316156011e+01
1.694067438818680493e+00 2.303729742290061111e+01
1.695625201980812236e+00 2.358414087766756850e+01
1.697182965142944866e+00 2.541495496974677692e+01
1.698740728305076608e+00 1.973988851754229756e+01
1.700298491467209239e+00 2.167859221542688886e+01
1.701856254629340981e+00 2.728326521524212467e+01
1.703414017791473611e+00 1.962256028149631604e+01
1.704971780953605354e+00 1.937144099553163912e+01
1.706529544115737096e+00 2.168081718899356503e+01
1.708087307277869726e+00 2.061761899311724733e+01
1.709645070440001469e+00 2.436824040637768718e+01
1.711202833602134099e+00 2.567867478318063235e+01
1.712760596764265841e+00 2.496731312505282929e+01
1.714318359926398472e+00 2.479211098173829342e+01
1.715876123088530214e+00 2.425821271517917310e+01
1.717433886250661956e+00 2.458800594995913968e+01
1.718991649412794587e+00 2.065724492793719236e+01
1.720549412574926329e+00 1.885869532371411594e+01
1.722107175737058959e+00 2.261657427716797741e+01
1.723664938899190702e+00 2.358117028921087766e+01
1.725222702061323332e+00 2.228097977772064553e+01
1.726780465223455074e+00 2.044281917107861801e+01
1.728338228385586817e+00 1.713780779846273461e+01
1.729895991547719447e+00 1.768763146944629483e+01
1.731453754709851189e+00 2.189523875230334937e+01
1.733011517871983820e+00 2.105399081337095168e+01
1.734569281034115562e+00 1.993460097003912779e+01
1.736127044196248193e+00 1.994747710761687642e+01
1.737684807358379935e+00 1.921767427164826003e+01
1.739242570520511677e+00 2.087295101531990937e+01
1.740800333682644307e+00 2.043048350822764192e+01
1.742358096844776050e+00 2.172818686625835127e+01
1.743915860006908680e+00 2.292518149170087582e+01
1.745473623169040422e+00 2.315281678463319537e+01
1.747031386331173053e+00 2.653635517463080262e+01
1.748589149493304795e+00 2.547007464622385697e+01
1.750146912655436537e+00 2.616576022395679502e+01
1.751704675817569168e+00 2.666339533455697364e+01
1.753262438979700910e+00 2.312134028942265118e+01
1.754820202141833541e+00 2.194879777961688205e+01
1.756377965303965283e+00 2.005815014613043701e+01
1.757935728466097913e+00 1.917749942147804632e+01
1.759493491628229656e+00 1.641322241144427707e+01
1.761051254790361398e+00 1.999690173133286564e+01
1.762609017952494028e+00 2.825473884807411906e+01
1.764166781114625770e+00 2.506939145016081483e+01
1.765724544276758401e+00 2.134041112479841118e+01
1.767282307438890143e+00 2.308114041568461872e+01
1.768840070601021885e+00 2.274802686808321894e+01
1.770397833763154516e+00 1.952034141000773815e+01
1.771955596925286258e+00 2.216236522803480113e+01
1.773513360087418889e+00 2.271993150405959483e+01
1.775071123249550631e+00 2.055548410699837092e+01
1.776628886411683261e+00 2.195440487322757406e+01
1.778186649573815004e+00 2.192371115236209533e+01
1.779744412735946746e+00 2.113574818444669390e+01
1.781302175898079376e+00 1.987024880180869246e+01
1.782859939060211119e+00 2.010970199724438956e+01
1.784417702222343749e+00 2.144519361820021786e+01
1.785975465384475491e+00 2.072024637257599267e+01
1.787533228546608122e+00 2.016877100252124677e+01
1.789090991708739864e+00 2.301995394063728639e+01
1.790648754870871606e+00 2.092964341533230765e+01
1.792206518033004237e+00 2.100887049532265749e+01
1.793764281195135979e+00 2.423335021253222266e+01
1.795322044357268609e+00 2.394443902362515075e+01
1.796879807519400352e+00 2.592469571518381954e+01
1.798437570681532982e+00 2.480890214770382940e+01
1.799995333843664724e+00 2.187014945489113060e+01
1.801553097005796467e+00 2.195173421057085150e+01
1.803110860167929097e+00 1.977402975766794313e+01
1.804668623330060839e+00 1.948242071029838840e+01
1.806226386492193470e+00 2.145025220035174129e+01
1.807784149654325212e+00 2.562688626886049192e+01
1.809341912816457842e+00 2.567697021254353373e+01
1.810899675978589585e+00 2.097748277572365794e+01
1.812457439140721327e+00 2.279436222536773116e+01
1.814015202302853957e+00 2.386159498562312820e+01
1.815572965464985700e+00 2.102665528521177407e+01
1.817130728627118330e+00 1.880679450369801131e+01
1.818688491789250072e+00 2.221001110683904400e+01
1.820246254951382703e+00 2.423642810648977530e+01
1.821804018113514445e+00 2.416140577853601101e+01
1.823361781275646187e+00 2.248128189123041309e+01
1.824919544437778818e+00 1.988506681430817125e+01
1.826477307599910560e+00 2.079251910956838856e+01
1.828035070762043190e+00 2.216476977778521729e+01
1.829592833924174933e+00 2.352400978538799592e+01
1.831150597086307563e+00 2.393174294731897689e+01
1.832708360248439305e+00 2.297412004224764814e+01
1.834266123410571048e+00 2.034658173513091484e+01
1.835823886572703678e+00 2.021104877869937866e+01
1.837381649734835420e+00 2.154155780637634976e+01
1.838939412896968051e+00 2.142963060928060770e+01
1.840497176059099793e+00 1.992337498905881787e+01
1.842054939221231535e+00 2.145557009173706930e+01
1.843612702383364166e+00 2.202753671782248546e+01
1.845170465545495908e+00 2.086303617410083433e+01
1.846728228707628539e+00 2.460408260316055618e+01
1.848285991869760281e+00 2.562403903789275361e+01
1.849843755031892911e+00 2.388855905627766774e+01
1.851401518194024653e+00 2.291756634343774834e+01
1.852959281356156396e+00 1.975602703650646674e+01
1.854517044518289026e+00 1.822447450627361576e+01
1.856074807680420768e+00 1.841518159077306294e+01
1.857632570842553399e+00 2.305429110387301606e+01
1.859190334004685141e+00 2.572244389096856310e+01
1.860748097166817772e+00 2.020990387734100935e+01
1.862305860328949514e+00 1.942434613506018692e+01
1.863863623491081256e+00 2.021138061619656412e+01
1.865421386653213887e+00 2.112304202914452489e+01
1.866979149815345629e+00 2.483280620561895446e+01
1.868536912977478259e+00 2.701242875284859579e+01
1.870094676139610002e+00 2.103871952013661328e+01
1.871652439301742632e+00 1.721266975332025595e+01
1.873210202463874374e+00 1.715315688066002764e+01
1.874767965626006117e+00 2.067524516279029712e+01
1.876325728788138747e+00 2.561962017822246906e+01
1.877883491950270489e+00 2.526704655874456407e+01
1.879441255112403120e+00 2.527869464840537717e+01
1.880999018274534862e+00 2.407237546361562863e+01
1.882556781436667492e+00 1.955557675510478077e+01
1.884114544598799235e+00 1.794394452681600427e+01
1.885672307760930977e+00 1.928895261592571586e+01
1.887230070923063607e+00 2.485763915902704113e+01
1.888787834085195350e+00 2.307247530828793813e+01
1.890345597247327980e+00 1.883414391516264175e+01
1.891903360409459722e+00 2.273814820369372924e+01
1.893461123571592353e+00 2.035140478609093861e+01
1.895018886733724095e+00 1.898128471222244329e+01
1.896576649895855837e+00 2.136707945082202897e+01
1.898134413057988468e+00 2.202806690285524027e+01
1.899692176220120210e+00 2.230807022924112459e+01
1.901249939382252840e+00 1.905332739902577899e+01
1.902807702544384583e+00 2.116358495418649710e+01
1.904365465706517213e+00 2.648239674604262817e+01
1.905923228868648955e+00 2.270768048150477725e+01
1.907480992030780698e+00 2.181026290387009681e+01
1.909038755192913328e+00 2.569241050249676306e+01
1.910596518355045070e+00 2.519531915056998628e+01
1.912154281517177701e+00 2.142513896441574772e+01
1.913712044679309443e+00 1.814133000238334148e+01
1.915269807841441185e+00 1.806187477897492499e+01
1.916827571003573816e+00 2.226255029901457050e+01
1.918385334165705558e+00 2.479755768868973576e+01
1.919943097327838188e+00 1.947961755219901292e+01
1.921500860489969931e+00 2.061873676123619958e+01
1.923058623652102561e+00 2.558681323234112170e+01
1.924616386814234303e+00 2.252678485697920863e+01
1.926174149976366046e+00 2.157568721703661652e+01
1.927731913138498676e+00 1.978963726404208501e+01
1.929289676300630418e+00 1.903397795785451052e+01
1.930847439462763049e+00 2.050473016068662702e+01
1.932405202624894791e+00 1.864848599088661274e+01
1.933962965787027422e+00 1.635308880773200713e+01
1.935520728949159164e+00 2.025044416652372092e+01
1.937078492111290906e+00 2.074155835071643850e+01
1.938636255273423536e+00 2.093963768550416304e+01
1.940194018435555279e+00 2.044157883392681896e+01
1.941751781597687909e+00 1.752532120765910406e+01
1.943309544759819651e+00 1.959571486925974071e+01
1.944867307921952282e+00 2.077947422509420505e+01
1.946425071084084024e+00 1.992893606988616639e+01
1.947982834246215766e+00 2.091109883927462576e+01
1.949540597408348397e+00 2.533383468666988847e+01
1.951098360570480139e+00 2.442837689183465599e+01
1.952656123732612770e+00 2.378499647156809615e+01
1.954213886894744512e+00 2.058055831415982695e+01
1.955771650056877142e+00 2.029316693695590601e+01
1.957329413219008885e+00 2.677149402694436731e+01
1.958887176381140627e+00 2.433495602002266267e+01
1.960444939543273257e+00 1.990768877240460810e+01
1.962002702705405000e+00 2.290808267823479483e+01
1.963560465867537630e+00 2.560532396838367575e+01
1.965118229029669372e+00 2.308193911819259014e+01
1.966675992191802003e+00 2.153022576547451195e+01
1.968233755353933745e+00 1.971655884587803698e+01
1.969791518516065487e+00 1.435320135339652303e+01
1.971349281678198118e+00 1.699438444329432585e+01
1.972907044840329860e+00 2.155638828813875918e+01
1.974464808002462490e+00 1.812824912884431683e+01
1.976022571164594233e+00 1.968072317260334714e+01
1.977580334326726863e+00 2.096841267080992566e+01
1.979138097488858605e+00 1.973734936522894401e+01
1.980695860650990348e+00 2.220025841883470008e+01
1.982253623813122978e+00 2.483795541938073015e+01
1.983811386975254720e+00 2.284669907448025938e+01
1.985369150137387351e+00 2.205207866088332125e+01
1.986926913299519093e+00 1.648089362775498401e+01
1.988484676461650835e+00 1.715393455789505950e+01
1.990042439623783466e+00 2.665157683799915489e+01
1.991600202785915208e+00 2.674536493254887404e+01
1.993157965948047838e+00 2.394384181617298069e+01
1.994715729110179581e+00 1.930651384855479336e+01
1.996273492272312211e+00 1.689284648372217390e+01
1.997831255434443953e+00 2.098210852864837506e+01
1.999389018596575696e+00 2.451537322439613575e+01
2.000946781758708326e+00 2.366311518647886203e+01
2.002504544920840068e+00 2.074020318331269763e+01
2.004062308082972699e+00 1.840690711912335686e+01
2.005620071245104441e+00 1.854622541633548494e+01
2.007177834407237071e+00 2.287967996806175819e+01
2.008735597569368814e+00 2.554346683460328649e+01
2.010293360731500556e+00 2.229679158144524109e+01
2.011851123893633186e+00 2.279419671541493031e+01
2.013408887055764929e+00 2.269964894485982398e+01
2.014966650217897559e+00 2.095385257462057638e+01
2.016524413380029301e+00 2.389163209322709136e+01
2.018082176542161932e+00 2.411044728596302988e+01
2.019639939704293674e+00 1.947516907590531687e+01
2.021197702866425416e+00 1.863362543095385959e+01
2.022755466028558047e+00 1.989793231638163107e+01
2.024313229190689789e+00 2.170160741319308073e+01
2.025870992352822419e+00 2.145334482347992378e+01
2.027428755514954162e+00 2.022183908727362223e+01
2.028986518677086792e+00 2.078833854317240082e+01
2.030544281839218534e+00 2.104845495206701855e+01
2.032102045001350277e+00 2.145186596233843801e+01
2.033659808163482907e+00 2.035935770666182165e+01
2.035217571325614649e+00 2.080404523403641903e+01
2.036775334487747280e+00 2.115838448655486204e+01
2.038333097649879022e+00 2.207600615359424623e+01
2.039890860812011653e+00 1.893864252056000907e+01
2.041448623974143395e+00 1.892383526779983782e+01
2.043006387136275137e+00 2.420335079687433932e+01
2.044564150298407768e+00 2.086259146284836419e+01
2.046121913460539510e+00 2.068985685290535059e+01
2.047679676622672140e+00 2.291452530011710209e+01
2.049237439784803883e+00 2.103297040271477414e+01
2.050795202946936513e+00 2.040703399511868454e+01
2.052352966109068255e+00 2.074480445258490491e+01
2.053910729271199997e+00 2.265204821110244282e+01
2.055468492433332628e+00 2.191522072901378237e+01
2.057026255595464370e+00 2.496004800249594879e+01
2.058584018757597001e+00 2.579416204135903712e+01
2.060141781919728743e+00 2.377302214144498649e+01
2.061699545081860485e+00 2.274351744238553508e+01
2.063257308243993116e+00 2.038919755262104516e+01
2.064815071406124858e+00 2.405458297183303173e+01
2.066372834568257488e+00 2.485919216039301105e+01
2.067930597730389231e+00 2.240382087625286189e+01
2.069488360892521861e+00 1.885290014625862653e+01
2.071046124054653603e+00 1.950083347410339840e+01
2.072603887216785346e+00 1.977971122039230778e+01
2.074161650378917976e+00 2.424678967453038325e+01
2.075719413541049718e+00 2.851644508015847279e+01
2.077277176703182349e+00 2.583566798565779621e+01
2.078834939865314091e+00 2.265040858689871328e+01
2.080392703027446721e+00 1.793113722214449979e+01
2.081950466189578464e+00 1.940385289851289485e+01
2.083508229351710206e+00 2.299334404769676254e+01
2.085065992513842836e+00 2.417198911679465212e+01
2.086623755675974579e+00 2.331014135546649868e+01
2.088181518838107209e+00 2.139476486081879969e+01
2.089739282000238951e+00 1.906076227880019403e+01
2.091297045162371582e+00 2.092743402776734740e+01
2.092854808324503324e+00 2.458503218909493526e+01
2.094412571486635066e+00 2.029341523471149245e+01
2.095970334648767697e+00 1.892648451735659165e+01
2.097528097810899439e+00 2.168409738527227049e+01
2.099085860973032069e+00 1.906280905823548011e+01
2.100643624135163812e+00 1.907145246433147889e+01
2.102201387297296442e+00 2.021164644591749848e+01
2.103759150459428184e+00 2.007377912209013004e+01
2.105316913621559927e+00 2.199728055139692984e+01
2.106874676783692557e+00 2.049098485892927712e+01
2.108432439945824299e+00 1.944447847921791706e+01
2.109990203107956930e+00 2.079147082512666600e+01
2.111547966270088672e+00 1.901921114329111617e+01
2.113105729432221302e+00 1.855604183641979077e+01
2.114663492594353045e+00 1.800132148163828560e+01
2.116221255756484787e+00 1.791879895581928750e+01
2.117779018918617417e+00 1.907566485002669765e+01
2.119336782080749160e+00 2.051865955662540841e+01
2.120894545242881790e+00 2.110294339514807049e+01
2.122452308405013532e+00 2.017814282703556117e+01
2.124010071567146163e+00 2.403434087875572800e+01
2.125567834729277905e+00 2.260276324573644047e+01
2.127125597891409647e+00 1.733771961817699392e+01
2.128683361053542278e+00 1.986476410160684836e+01
2.130241124215674020e+00 2.250738654062836019e+01
2.131798887377806651e+00 2.271035207164162273e+01
2.133356650539938393e+00 1.940892701648665764e+01
2.134914413702070135e+00 1.887424039163325773e+01
2.136472176864202766e+00 2.241911544390860200e+01
2.138029940026334508e+00 2.082394028449663992e+01
2.139587703188467138e+00 1.979461692365429215e+01
2.141145466350598880e+00 2.152909662377648203e+01
2.142703229512731511e+00 2.165061332782304504e+01
2.144260992674863253e+00 2.202647181260013554e+01
2.145818755836994995e+00 2.185561869926720391e+01
2.147376518999127626e+00 2.203803111277950322e+01
2.148934282161259368e+00 2.229650772489191368e+01
2.150492045323391999e+00 1.645337099162522776e+01
2.152049808485523741e+00 1.663976851568729032e+01
2.153607571647656371e+00 1.777338820638300732e+01
2.155165334809788114e+00 1.609414141521916974e+01
2.156723097971919856e+00 1.918905891151975851e+01
2.158280861134052486e+00 2.065079163148239516e+01
2.159838624296184229e+00 2.188214701151764174e+01
2.161396387458316859e+00 2.234637306357756970e+01
2.162954150620448601e+00 2.179266526831305484e+01
2.164511913782581232e+00 2.008886435788125624e+01
2.166069676944712974e+00 2.160553746646845141e+01
2.167627440106844716e+00 2.268382161917473283e+01
2.169185203268977347e+00 1.985906421862068427e+01
2.170742966431109089e+00 2.095419304660527970e+01
2.172300729593241719e+00 2.094511781593956457e+01
2.173858492755373462e+00 1.852137829979477246e+01
2.175416255917506092e+00 2.082269013985831307e+01
2.176974019079637834e+00 2.331472618815631037e+01
2.178531782241769577e+00 2.000988143031858613e+01
2.180089545403902207e+00 1.802828457479036217e+01
2.181647308566033949e+00 1.831811985619763306e+01
2.183205071728166580e+00 2.173515388220262068e+01
2.184762834890298322e+00 2.224033658466947116e+01
2.186320598052430952e+00 1.967786868957846735e+01
2.187878361214562695e+00 2.112724173536304306e+01
2.189436124376694437e+00 2.076259396308335781e+01
2.190993887538827067e+00 2.058504716326442718e+01
2.192551650700958810e+00 2.013095036009093874e+01
2.194109413863091440e+00 2.234275652937189705e+01
2.195667177025223182e+00 1.941246863625120511e+01
2.197224940187355813e+00 1.637915553376223343e+01
2.198782703349487555e+00 1.810381877074384604e+01
2.200340466511619297e+00 2.180617451819104602e+01
2.201898229673751928e+00 2.052336314912735560e+01
2.203455992835883670e+00 1.690681649424272948e+01
2.205013755998016300e+00 1.972964376367039563e+01
2.206571519160148043e+00 1.964072830247607016e+01
2.208129282322279785e+00 2.039345911597433059e+01
2.209687045484412415e+00 2.163464675218271793e+01
2.211244808646544158e+00 2.138123806390920123e+01
2.212802571808676788e+00 2.280118411575220350e+01
2.214360334970808530e+00 1.993146908615319290e+01
2.215918098132941161e+00 1.692262440371079890e+01
2.217475861295072903e+00 1.749097707786793521e+01
2.219033624457204645e+00 1.777040701345094220e+01
2.220591387619337276e+00 2.183453184570763028e+01
2.222149150781469018e+00 2.261192671460119996e+01
2.223706913943601648e+00 1.953424688241254614e+01
2.225264677105733391e+00 2.055716996860570944e+01
2.226822440267866021e+00 2.244025037497361197e+01
2.228380203429997763e+00 2.268685426933551952e+01
2.229937966592129506e+00 2.412146377067107750e+01
2.231495729754262136e+00 2.318079415055327175e+01
2.233053492916393878e+00 2.104419115990442890e+01
2.234611256078526509e+00 2.035408728432754089e+01
2.236169019240658251e+00 2.094699254223294105e+01
2.237726782402790882e+00 1.992355408842058750e+01
2.239284545564922624e+00 1.830587716723818303e+01
2.240842308727054366e+00 1.905780029786797058e+01
2.242400071889186997e+00 1.718691932952397750e+01
2.243957835051318739e+00 1.664053101739951401e+01
2.245515598213451369e+00 1.880079234280390565e+01
2.247073361375583112e+00 1.862349151485091525e+01
2.248631124537715742e+00 1.717229937785759120e+01
2.250188887699847484e+00 1.812233649170081407e+01
2.251746650861979226e+00 1.853095714166438768e+01
2.253304414024111857e+00 2.089780202890376160e+01
2.254862177186243599e+00 2.542965266198694607e+01
2.256419940348376230e+00 2.276705877546504553e+01
2.257977703510507972e+00 1.783869035852018570e+01
2.259535466672640602e+00 1.725743123602221729e+01
2.261093229834772345e+00 2.093199641431606750e+01
2.262650992996904087e+00 2.178527510539487366e+01
2.264208756159036717e+00 1.849151534972422795e+01
2.265766519321168460e+00 1.788313317060935503e+01
2.267324282483301090e+00 1.947819427547517179e+01
2.268882045645432832e+00 2.218722832683455337e+01
2.270439808807565463e+00 2.135384181204056731e+01
2.271997571969697205e+00 1.791561895749114797e+01
2.273555335131828947e+00 2.286349887629631894e+01
2.275113098293961578e+00 2.291460554436897823e+01
2.276670861456093320e+00 1.755682757614527389e+01
2.278228624618225950e+00 1.908268555615816808e+01
2.279786387780357693e+00 1.966572162917791289e+01
2.281344150942489435e+00 1.985665979051428565e+01
2.282901914104622065e+00 1.835876458328078087e+01
2.284459677266753808e+00 1.710876207877032584e+01
2.286017440428886438e+00 1.764380619600026279e+01
2.287575203591018180e+00 2.046724883615867085e+01
2.289132966753150811e+00 2.175215699458425433e+01
2.290690729915282553e+00 1.737321869636450700e+01
2.292248493077414295e+00 1.839078837922240339e+01
2.293806256239546926e+00 2.199692757587563108e+01
2.295364019401678668e+00 2.152832472490553428e+01
2.296921782563811298e+00 2.007552998147400913e+01
2.298479545725943041e+00 1.858057782292949511e+01
2.300037308888075671e+00 2.083769410259610311e+01
2.301595072050207413e+00 2.057494369319940830e+01
2.303152835212339156e+00 2.022269372011318112e+01
2.304710598374471786e+00 1.890418309661332685e+01
2.306268361536603528e+00 2.014919956446088989e+01
2.307826124698736159e+00 2.169229118435617565e+01
2.309383887860867901e+00 1.918601131972143037e+01
2.310941651023000531e+00 1.653421921280002849e+01
2.312499414185132274e+00 1.720101937838882122e+01
2.314057177347264016e+00 1.940195587395557908e+01
2.315614940509396646e+00 2.023904985507590482e+01
2.317172703671528389e+00 2.038276167145910023e+01
2.318730466833661019e+00 2.017355908839858358e+01
2.320288229995792761e+00 1.839673855635503941e+01
2.321845993157925392e+00 1.685133451514002090e+01
2.323403756320057134e+00 2.054791992308661719e+01
2.324961519482188876e+00 2.192969431912710121e+01
2.326519282644321507e+00 1.809004066712176950e+01
2.328077045806453249e+00 1.877992660962734561e+01
2.329634808968585880e+00 1.979005878543164343e+01
2.331192572130717622e+00 2.051629123797365395e+01
2.332750335292850252e+00 2.024664734235191332e+01
2.334308098454981995e+00 2.028015254667334943e+01
2.335865861617113737e+00 2.099599366864667971e+01
2.337423624779246367e+00 2.010962479949197501e+01
2.338981387941378109e+00 1.895890081604071753e+01
2.340539151103510740e+00 1.942620589657197527e+01
2.342096914265642482e+00 2.099354267362771864e+01
2.343654677427775113e+00 1.992154535597671483e+01
2.345212440589906855e+00 1.839806809403903642e+01
2.346770203752038597e+00 1.964446404930924928e+01
2.348327966914171228e+00 1.981383429887602432e+01
2.349885730076302970e+00 1.814147973760574217e+01
2.351443493238435600e+00 1.923756513224893538e+01
2.353001256400567343e+00 2.058783212509124283e+01
2.354559019562699085e+00 1.942820290118744353e+01
2.356116782724831715e+00 1.871801215530097551e+01
2.357674545886963458e+00 2.045408081259797228e+01
2.359232309049096088e+00 2.169706025885507472e+01
2.360790072211227830e+00 2.257514541441641498e+01
2.362347835373360461e+00 2.099252329536158612e+01
2.363905598535492203e+00 2.084263934062285628e+01
2.365463361697623945e+00 1.849523906326522749e+01
2.367021124859756576e+00 1.537677519126385484e+01
2.368578888021888318e+00 2.254077606907917186e+01
2.370136651184020948e+00 2.183246169215874488e+01
2.371694414346152691e+00 1.964365978175308669e+01
2.373252177508285321e+00 2.023945647193979624e+01
2.374809940670417063e+00 2.055888583930284952e+01
2.376367703832548806e+00 1.869022272428783893e+01
2.377925466994681436e+00 1.564511005404058075e+01
2.379483230156813178e+00 1.476986858322003826e+01
2.381040993318945809e+00 2.177877796964331125e+01
2.382598756481077551e+00 2.221751561550686205e+01
2.384156519643210181e+00 1.804001838696392568e+01
2.385714282805341924e+00 1.996802969343690748e+01
2.387272045967473666e+00 2.015079298702742960e+01
2.388829809129606296e+00 2.098539196212294655e+01
2.390387572291738039e+00 1.571172027013833983e+01
2.391945335453870669e+00 1.312099245142245785e+01
2.393503098616002411e+00 1.564745765839467140e+01
2.395060861778135042e+00 1.697275544492131871e+01
2.396618624940266784e+00 1.569947133805407447e+01
2.398176388102398526e+00 1.726366338874661466e+01
2.399734151264531157e+00 2.182813955858425103e+01
2.401291914426662899e+00 2.185193479041196341e+01
2.402849677588795529e+00 1.859396852562094082e+01
2.404407440750927272e+00 1.858956800756226002e+01
2.405965203913059902e+00 1.826291689645893257e+01
2.407522967075191644e+00 1.889249918905648329e+01
2.409080730237323387e+00 2.101525030735222543e+01
2.410638493399456017e+00 2.077283849426850182e+01
2.412196256561587759e+00 1.859182040113980250e+01
2.413754019723720390e+00 1.906560479965324362e+01
2.415311782885852132e+00 1.844677792216091916e+01
2.416869546047984763e+00 1.620220585822819004e+01
2.418427309210116505e+00 1.734520057003660298e+01
2.419985072372248247e+00 1.885550733097101528e+01
2.421542835534380878e+00 1.837218530020212270e+01
2.423100598696512620e+00 2.011992471755273826e+01
2.424658361858645250e+00 2.305817608202376690e+01
2.426216125020776992e+00 1.894691121332668615e+01
2.427773888182908735e+00 2.035077499955896840e+01
2.429331651345041365e+00 2.427837258989704239e+01
2.430889414507173107e+00 2.231551992208252599e+01
2.432447177669305738e+00 1.921380044585330538e+01
2.434004940831437480e+00 1.577301430705904117e+01
2.435562703993570111e+00 1.708473095057845370e+01
2.437120467155701853e+00 2.488705935856954454e+01
2.438678230317833595e+00 2.443714457764342995e+01
2.440235993479966226e+00 2.056603772455752122e+01
2.441793756642097968e+00 1.792176682008685518e+01
2.443351519804230598e+00 1.769833938039127119e+01
2.444909282966362341e+00 1.808785974743453551e+01
2.446467046128494971e+00 1.765691393862325498e+01
2.448024809290626713e+00 1.714959386532601826e+01
2.449582572452758455e+00 1.933430765483219460e+01
2.451140335614891086e+00 1.931101894366142702e+01
2.452698098777022828e+00 1.854235716050560256e+01
2.454255861939155459e+00 1.798541680174369617e+01
2.455813625101287201e+00 1.853565062329991520e+01
2.457371388263419831e+00 2.152024038737171452e+01
2.458929151425551574e+00 1.942263904679026254e+01
2.460486914587683316e+00 1.854993393869940022e+01
2.462044677749815946e+00 1.730482499476674363e+01
2.463602440911947689e+00 1.539965902704912182e+01
2.465160204074080319e+00 1.483111634607445595e+01
2.466717967236212061e+00 1.719358845249022139e+01
2.468275730398344692e+00 1.928598203346615492e+01
2.469833493560476434e+00 1.724217103009105045e+01
2.471391256722608176e+00 1.744061221768209791e+01
2.472949019884740807e+00 1.970778993195425244e+01
2.474506783046872549e+00 2.151640812060630026e+01
2.476064546209005179e+00 1.924769946472884641e+01
2.477622309371136922e+00 1.432844733926962100e+01
2.479180072533269552e+00 1.893087659268517342e+01
2.480737835695401294e+00 1.968649809460586653e+01
2.482295598857533037e+00 1.761779737968719672e+01
2.483853362019665667e+00 1.599282727032463569e+01
2.485411125181797409e+00 1.569889539203228601e+01
2.486968888343930040e+00 1.837639796609925824e+01
2.488526651506061782e+00 1.839092134696221592e+01
2.490084414668194412e+00 1.439507813255018931e+01
2.491642177830326155e+00 1.465882022030221599e+01
2.493199940992457897e+00 1.607273335980973172e+01
2.494757704154590527e+00 1.675558033580041695e+01
2.496315467316722270e+00 1.760357255496127138e+01
2.497873230478854900e+00 1.484269504452187860e+01
2.499430993640986642e+00 1.809849777567171358e+01
2.500988756803118385e+00 2.250540116206412122e+01
2.502546519965251015e+00 2.119760988422851611e+01
2.504104283127382757e+00 1.826207245575088578e+01
2.505662046289515388e+00 2.114157529181368744e+01
2.507219809451647130e+00 2.145512501355428014e+01
2.508777572613779761e+00 1.639993110448701330e+01
2.510335335775911503e+00 1.627868637468660395e+01
2.511893098938043245e+00 1.785275849146423965e+01
2.513450862100175875e+00 1.758729209255632497e+01
2.515008625262307618e+00 1.516830243629086894e+01
2.516566388424440248e+00 1.718267347783818977e+01
2.518124151586571990e+00 1.753298826916969588e+01
2.519681914748704621e+00 1.753826860982900016e+01
2.521239677910836363e+00 1.924650911885944993e+01
2.522797441072968105e+00 1.559194250280092930e+01
2.524355204235100736e+00 1.660573260991241895e+01
2.525912967397232478e+00 2.027548715008454749e+01
2.527470730559365109e+00 1.829005905646452845e+01
2.529028493721496851e+00 1.922417467002240343e+01
2.530586256883629481e+00 1.930698976443737891e+01
2.532144020045761224e+00 1.758958869899274546e+01
2.533701783207892966e+00 1.991271089926365079e+01
2.535259546370025596e+00 2.068311932298479405e+01
2.536817309532157338e+00 1.932398739445530822e+01
2.538375072694289969e+00 1.907270561329349334e+01
2.539932835856421711e+00 1.577265772966007873e+01
2.541490599018554342e+00 1.517027124649560932e+01
2.543048362180686084e+00 1.958601469827945962e+01
2.544606125342817826e+00 2.165226217772349671e+01
2.546163888504950457e+00 2.207089793458001026e+01
2.547721651667082199e+00 1.787492501157592883e+01
2.549279414829214829e+00 1.634200839816652362e+01
2.550837177991346572e+00 1.787679636797725635e+01
2.552394941153479202e+00 1.892194093404578226e+01
2.553952704315610944e+00 1.874592033888232834e+01
2.555510467477742687e+00 1.680564156631540484e+01
2.557068230639875317e+00 1.657666364620576971e+01
2.558625993802007059e+00 1.894412221084225223e+01
2.560183756964139690e+00 1.600844881386694851e+01
2.561741520126271432e+00 1.586369670440313229e+01
2.563299283288404062e+00 1.937370195668691508e+01
2.564857046450535805e+00 1.865677596798282067e+01
2.566414809612667547e+00 1.671869917387124005e+01
2.567972572774800177e+00 1.583336028881151059e+01
2.569530335936931920e+00 1.672984810930609711e+01
2.571088099099064550e+00 1.892212846632788370e+01
2.572645862261196292e+00 1.841710830038919156e+01
2.574203625423328035e+00 1.585750945744557860e+01
2.575761388585460665e+00 1.715048269824836780e+01
2.577319151747592407e+00 1.840112067540540508e+01
2.578876914909725038e+00 1.914288831943736469e+01
2.580434678071856780e+00 1.874361903021343068e+01
2.581992441233989410e+00 1.790936317349092377e+01
2.583550204396121153e+00 1.910761829535791634e+01
2.585107967558252895e+00 1.920341568843779001e+01
2.586665730720385525e+00 1.956817531608333383e+01
2.588223493882517268e+00 2.017848557572648360e+01
2.589781257044649898e+00 2.164169903328288669e+01
2.591339020206781640e+00 2.215612382147246606e+01
2.592896783368914271e+00 2.032852263161429462e+01
2.594454546531046013e+00 2.093702750853706718e+01
2.596012309693177755e+00 1.941579572381625951e+01
2.597570072855310386e+00 1.743748829972516035e+01
2.599127836017442128e+00 1.755928396658892154e+01
2.600685599179574758e+00 1.647984820317622834e+01
2.602243362341706501e+00 1.768278351110382474e+01
2.603801125503839131e+00 1.759085864849847880e+01
2.605358888665970873e+00 1.721950129466766910e+01
2.606916651828102616e+00 1.765078059633908580e+01
2.608474414990235246e+00 1.496612647552121800e+01
2.610032178152366988e+00 1.353621561111575744e+01
2.611589941314499619e+00 1.814988849261565917e+01
2.613147704476631361e+00 1.814219018488961765e+01
2.614705467638763992e+00 1.837077599979068410e+01
2.616263230800895734e+00 1.982552484912919510e+01
2.617820993963027476e+00 1.946670798774344391e+01
2.619378757125160107e+00 2.036652593053044669e+01
2.620936520287291849e+00 1.987003946544993482e+01
2.622494283449424479e+00 2.008058895818471612e+01
2.624052046611556221e+00 2.010365355865226178e+01
2.625609809773688852e+00 2.155252958631071891e+01
2.627167572935820594e+00 2.200188269842646349e+01
2.628725336097952336e+00 1.966164900290469575e+01
2.630283099260084967e+00 1.825305586384619261e+01
2.631840862422216709e+00 1.379773363369450934e+01
2.633398625584349340e+00 1.340705879756900565e+01
2.634956388746481082e+00 1.675461196488186033e+01
2.636514151908613712e+00 1.570820036331667602e+01
2.638071915070745455e+00 1.306217804095259005e+01
2.639629678232877197e+00 1.393389328192048282e+01
2.641187441395009827e+00 1.560584730765497774e+01
2.642745204557141570e+00 1.740380081888380559e+01
2.644302967719274200e+00 2.048469180813874502e+01
2.645860730881405942e+00 1.995542836387710750e+01
2.647418494043537684e+00 1.813132692513401878e+01
2.648976257205670315e+00 1.757009995552571624e+01
2.650534020367802057e+00 1.894182697022488071e+01
2.652091783529934688e+00 2.001228166318237456e+01
2.653649546692066430e+00 1.766837717583467793e+01
2.655207309854199060e+00 1.854581495250957701e+01
2.656765073016330803e+00 2.287841542794281580e+01
2.658322836178462545e+00 2.177880810425325464e+01
2.659880599340595175e+00 1.913621233667057808e+01
2.661438362502726918e+00 1.868564000703095118e+01
2.662996125664859548e+00 1.737870334391496030e+01
2.664553888826991290e+00 1.743886966041606712e+01
2.666111651989123921e+00 1.681702917724248891e+01
2.667669415151255663e+00 1.902254002371037700e+01
2.669227178313387405e+00 1.865844614302601556e+01
2.670784941475520036e+00 1.715999475234983507e+01
2.672342704637651778e+00 1.966596753615344539e+01
2.673900467799784408e+00 2.466444180686207943e+01
2.675458230961916151e+00 2.302621024953462836e+01
2.677015994124048781e+00 1.996815856119794930e+01
2.678573757286180523e+00 1.898252562568103841e+01
2.680131520448312266e+00 1.652480866330181186e+01
2.681689283610444896e+00 1.784771580186939488e+01
2.683247046772576638e+00 2.076359221171701819e+01
2.684804809934709269e+00 1.943447064983983097e+01
2.686362573096841011e+00 1.802078761890366820e+01
2.687920336258973641e+00 1.565834311262401890e+01
2.689478099421105384e+00 1.541443593499567122e+01
2.691035862583237126e+00 1.689596312010754886e+01
2.692593625745369756e+00 1.951330956281731588e+01
2.694151388907501499e+00 1.877098643787838128e+01
2.695709152069634129e+00 2.104311268505610144e+01
2.697266915231765871e+00 2.454759201584087336e+01
2.698824678393898502e+00 1.964651636005480384e+01
2.700382441556030244e+00 1.897133451747528454e+01
2.701940204718161986e+00 1.998818520195329285e+01
2.703497967880294617e+00 1.970575470862212697e+01
2.705055731042426359e+00 1.674254044146876197e+01
2.706613494204558990e+00 1.708167222391496409e+01
2.708171257366690732e+00 2.046493922814623900e+01
2.709729020528823362e+00 2.144092873002526645e+01
2.711286783690955104e+00 1.851040109490780239e+01
2.712844546853086847e+00 1.572812133695152603e+01
2.714402310015219477e+00 1.800689470024763494e+01
2.715960073177351219e+00 2.113304811045021481e+01
2.717517836339483850e+00 2.007489061776809081e+01
2.719075599501615592e+00 1.567357178551456620e+01
2.720633362663747334e+00 1.470079701381386528e+01
2.722191125825879965e+00 1.833875127755492329e+01
2.723748888988011707e+00 1.990234871791139781e+01
2.725306652150144338e+00 1.768740012018957586e+01
2.726864415312276080e+00 2.005492375525042803e+01
2.728422178474408710e+00 2.203069512400331931e+01
2.729979941636540453e+00 1.843399986703042259e+01
2.731537704798672195e+00 1.594473437069067323e+01
2.733095467960804825e+00 1.449520412269852798e+01
2.734653231122936567e+00 1.845733485810188412e+01
2.736210994285069198e+00 1.764291558284340766e+01
2.737768757447200940e+00 1.498795523796263396e+01
2.739326520609333571e+00 1.581187313100396175e+01
2.740884283771465313e+00 1.835900455980567969e+01
2.742442046933597055e+00 1.986325022548784247e+01
2.743999810095729686e+00 2.081591093056274744e+01
2.745557573257861428e+00 1.954098728422446030e+01
2.747115336419994058e+00 1.762786312665351574e+01
2.748673099582125801e+00 2.086315960937067260e+01
2.750230862744258431e+00 2.146957439475731633e+01
2.751788625906390173e+00 1.628478627103672238e+01
2.753346389068521916e+00 1.585185492350698233e+01
2.754904152230654546e+00 1.884948425079978307e+01
2.756461915392786288e+00 2.206927490293679384e+01
2.758019678554918919e+00 2.010060593554796071e+01
2.759577441717050661e+00 1.587303506988357604e+01
2.761135204879183291e+00 1.808741173077161690e+01
2.762692968041315034e+00 1.804346934568471283e+01
2.764250731203446776e+00 1.652909936427040805e+01
2.765808494365579406e+00 1.741288200245808326e+01
2.767366257527711149e+00 1.609064434477876659e+01
2.768924020689843779e+00 1.806616640908622173e+01
2.770481783851975521e+00 1.622610129966571790e+01
2.772039547014108152e+00 1.418599504499374930e+01
2.773597310176239894e+00 1.618984735971828570e+01
2.775155073338371636e+00 1.872497291393790420e+01
2.776712836500504267e+00 2.094990637305095049e+01
2.778270599662636009e+00 2.395508653958352596e+01
2.779828362824768639e+00 1.919022314683358132e+01
2.781386125986900382e+00 1.427174769958556055e+01
2.782943889149033012e+00 1.342720931858111832e+01
2.784501652311164754e+00 1.527474800737851268e+01
2.786059415473296497e+00 1.920037365768920168e+01
2.787617178635429127e+00 1.890144418096125278e+01
2.789174941797560869e+00 1.764339513082492417e+01
2.790732704959693500e+00 1.922469089185728564e+01
2.792290468121825242e+00 2.046552132122920042e+01
2.793848231283956984e+00 2.024902154921255004e+01
2.795405994446089615e+00 1.940515290163611084e+01
2.796963757608221357e+00 1.556971133780312933e+01
2.798521520770353987e+00 1.536447419557753591e+01
2.800079283932485730e+00 1.831695499428762730e+01
2.801637047094618360e+00 1.722040800237306613e+01
2.803194810256750102e+00 1.775308456069240037e+01
2.804752573418881845e+00 1.595138913790116675e+01
2.806310336581014475e+00 1.626314135408320638e+01
2.807868099743146217e+00 1.944294992453257009e+01
2.809425862905278848e+00 1.998442205406180605e+01
2.810983626067410590e+00 1.965505954358311058e+01
2.812541389229543221e+00 1.535943730063134360e+01
2.814099152391674963e+00 1.477421871653513641e+01
2.815656915553806705e+00 2.065066587330988668e+01
2.817214678715939336e+00 1.743266756448877075e+01
2.818772441878071078e+00 1.956420992105240586e+01
2.820330205040203708e+00 1.959697030321737188e+01
2.821887968202335450e+00 1.914730012702340645e+01
2.823445731364468081e+00 2.229413793774506658e+01
2.825003494526599823e+00 2.037770444867046393e+01
2.826561257688731565e+00 1.852169293749591716e+01
2.828119020850864196e+00 1.762596170575985255e+01
2.829676784012995938e+00 1.703659404190169724e+01
2.831234547175128569e+00 2.116764202428270281e+01
2.832792310337260311e+00 2.293751666519187538e+01
2.834350073499392941e+00 2.204082359264646129e+01
2.835907836661524684e+00 1.654240014278304827e+01
2.837465599823656426e+00 1.657085230599518155e+01
2.839023362985789056e+00 1.995006392244918558e+01
2.840581126147920799e+00 1.805123835790725551e+01
2.842138889310053429e+00 1.433519797268961860e+01
2.843696652472185171e+00 1.633962024312154426e+01
2.845254415634317802e+00 1.454960689274608399e+01
2.846812178796449544e+00 1.446621374202302768e+01
2.848369941958581286e+00 1.915195904972115670e+01
2.849927705120713917e+00 1.916159010099803339e+01
2.851485468282845659e+00 2.070888480519386832e+01
2.853043231444978289e+00 1.670463751948161146e+01
2.854600994607110032e+00 1.593269398989962404e+01
2.856158757769242662e+00 1.571443803695689390e+01
2.857716520931374404e+00 1.594074067844812781e+01
2.859274284093506147e+00 2.035955493251567106e+01
2.860832047255638777e+00 1.918111620794212868e+01
2.862389810417770519e+00 1.706170436754063147e+01
2.863947573579903150e+00 1.969750073736987517e+01
2.865505336742034892e+00 1.724815699701581551e+01
2.867063099904166634e+00 1.404637501876567462e+01
2.868620863066299265e+00 1.765321169409260449e+01
2.870178626228431007e+00 1.903704572892385727e+01
2.871736389390563637e+00 1.706580371380318439e+01
2.873294152552695380e+00 1.733131598648984451e+01
2.874851915714828010e+00 1.857219731236373050e+01
2.876409678876959752e+00 1.918287215288366099e+01
2.877967442039091495e+00 1.864194105568137161e+01
2.879525205201224125e+00 1.509525805673135856e+01
2.881082968363355867e+00 1.698396210337201140e+01
2.882640731525488498e+00 1.826656383893028135e+01
2.884198494687620240e+00 1.920225532618255571e+01
2.885756257849752870e+00 1.983111081107088580e+01
2.887314021011884613e+00 2.021960513736988929e+01
2.888871784174016355e+00 1.653696637996745267e+01
2.890429547336148985e+00 1.775291726432067207e+01
2.891987310498280728e+00 2.001532803983066344e+01
2.893545073660413358e+00 1.477226320451287123e+01
2.895102836822545100e+00 1.491670030537478908e+01
2.896660599984677731e+00 1.596364071849943933e+01
2.898218363146809473e+00 1.792449636686377090e+01
2.899776126308941215e+00 1.773973874578068433e+01
2.901333889471073846e+00 1.530977703907153042e+01
2.902891652633205588e+00 1.457317053571180132e+01
2.904449415795338219e+00 1.675565476816722210e+01
2.906007178957469961e+00 1.691637072935865049e+01
2.907564942119602591e+00 1.720953313203957435e+01
2.909122705281734333e+00 2.054422130257837864e+01
2.910680468443866076e+00 2.207149938801287448e+01
2.912238231605998706e+00 1.914134648741607947e+01
2.913795994768130448e+00 1.687610857501533346e+01
2.915353757930263079e+00 1.750789391178680532e+01
2.916911521092394821e+00 1.685241872800274265e+01
2.918469284254527452e+00 1.671757208182138399e+01
2.920027047416659194e+00 1.927137145786470285e+01
2.921584810578790936e+00 1.807866484306000388e+01
2.923142573740923567e+00 1.452309030086450292e+01
2.924700336903055309e+00 1.520572278569646585e+01
2.926258100065187939e+00 1.633463809811680179e+01
2.927815863227319682e+00 1.818002445789338140e+01
2.929373626389452312e+00 1.988443314557391162e+01
2.930931389551584054e+00 1.762992147032658252e+01
2.932489152713715796e+00 1.540473638638334997e+01
2.934046915875848427e+00 1.862942320063385893e+01
2.935604679037980169e+00 1.854577989461395404e+01
2.937162442200112800e+00 1.553048878951056722e+01
2.938720205362244542e+00 1.729895668268882503e+01
2.940277968524376284e+00 1.793521311379037897e+01
2.941835731686508915e+00 1.737686649553062068e+01
2.943393494848640657e+00 1.600007281587760843e+01
2.944951258010773287e+00 1.805918445127143457e+01
2.946509021172905030e+00 2.041929134479819297e+01
2.948066784335037660e+00 1.788159730693375593e+01
2.949624547497169402e+00 1.680452248039437180e+01
2.951182310659301145e+00 1.863733268689863820e+01
2.952740073821433775e+00 1.993950963291934642e+01
2.954297836983565517e+00 2.408920835362888013e+01
2.955855600145698148e+00 2.123225759124587597e+01
2.957413363307829890e+00 1.786577680166033133e+01
2.958971126469962520e+00 1.683122311535332827e+01
2.960528889632094263e+00 1.526577403375641495e+01
2.962086652794226005e+00 1.827448427283117383e+01
2.963644415956358635e+00 1.944654527644102160e+01
2.965202179118490378e+00 1.561878180538504957e+01
2.966759942280623008e+00 1.293571942504982175e+01
2.968317705442754750e+00 1.593520986184723043e+01
2.969875468604887381e+00 1.984119074573651886e+01
2.971433231767019123e+00 1.829933573084697684e+01
2.972990994929150865e+00 1.967765870481412804e+01
2.974548758091283496e+00 2.046668156352344781e+01
2.976106521253415238e+00 1.977105420282817860e+01
2.977664284415547868e+00 1.952609517436433606e+01
2.979222047577679611e+00 1.823967908677684235e+01
2.980779810739812241e+00 1.592221982141604464e+01
2.982337573901943983e+00 1.592023484803461564e+01
2.983895337064075726e+00 1.572494689193227480e+01
2.985453100226208356e+00 1.678595293863153515e+01
2.987010863388340098e+00 1.800302124735898346e+01
2.988568626550472729e+00 1.833199733549766108e+01
2.990126389712604471e+00 2.022817609462414268e+01
2.991684152874737102e+00 1.983594352686426987e+01
2.993241916036868844e+00 1.741037992406031520e+01
2.994799679199000586e+00 2.122667986136409723e+01
2.996357442361133216e+00 2.276854500312882124e+01
2.997915205523264959e+00 1.799831717872961789e+01
2.999472968685397589e+00 1.748690547528278927e+01
3.001030731847529331e+00 1.633858760332360660e+01
3.002588495009661962e+00 1.312333402824725148e+01
3.004146258171793704e+00 1.371731153707829520e+01
3.005704021333925446e+00 1.746786047088076543e+01
3.007261784496058077e+00 1.758532278597095555e+01
3.008819547658189819e+00 1.324710887522860503e+01
3.010377310820322450e+00 1.557234879923419868e+01
3.011935073982454192e+00 1.988303942796463275e+01
3.013492837144585934e+00 1.580519113638834838e+01
3.015050600306718565e+00 1.462690454744257806e+01
3.016608363468850307e+00 1.660707257146457749e+01
3.018166126630982937e+00 1.789058352846185684e+01
3.019723889793114679e+00 1.625120153473666207e+01
3.021281652955247310e+00 1.513575484327059151e+01
3.022839416117379052e+00 1.657955724081108428e+01
3.024397179279510794e+00 1.493852421582595902e+01
3.025954942441643425e+00 1.286687983806617908e+01
3.027512705603775167e+00 1.598981768259608494e+01
3.029070468765907798e+00 1.849318873227966975e+01
3.030628231928039540e+00 1.974695075197683991e+01
3.032185995090172170e+00 2.061133683878600920e+01
3.033743758252303913e+00 1.775110126837943980e+01
3.035301521414435655e+00 1.514606635934915424e+01
3.036859284576568285e+00 1.726715505718344090e+01
3.038417047738700028e+00 1.886910088895192672e+01
3.039974810900832658e+00 1.794802905092710432e+01
3.041532574062964400e+00 1.624038922371781624e+01
3.043090337225097031e+00 1.658311973276972395e+01
3.044648100387228773e+00 1.665713361450022845e+01
3.046205863549360515e+00 1.416715574058901517e+01
3.047763626711493146e+00 1.649783277642312385e+01
3.049321389873624888e+00 2.186502380345650565e+01
3.050879153035757518e+00 2.292299157567270385e+01
3.052436916197889261e+00 1.935997689335897931e+01
3.053994679360021891e+00 1.549998433396489617e+01
3.055552442522153633e+00 1.795659249008808089e+01
3.057110205684285376e+00 1.613807914265773391e+01
3.058667968846418006e+00 1.414915893826199955e+01
3.060225732008549748e+00 1.695370919133540255e+01
3.061783495170682379e+00 1.779177129841366778e+01
3.063341258332814121e+00 1.934543869210215306e+01
3.064899021494946751e+00 1.877561267162838732e+01
3.066456784657078494e+00 1.271016827477400390e+01
3.068014547819210236e+00 1.756309152497227544e+01
3.069572310981342866e+00 1.866475695356853493e+01
3.071130074143474609e+00 1.341563831062991596e+01
3.072687837305607239e+00 1.421246164469836870e+01
3.074245600467738981e+00 1.626585129300129040e+01
3.075803363629871612e+00 1.698178877270781584e+01
3.077361126792003354e+00 1.748665850258304744e+01
3.078918889954135096e+00 1.767922420403181860e+01
3.080476653116267727e+00 1.716055647519986138e+01
3.082034416278399469e+00 1.842283066686841053e+01
3.083592179440532099e+00 1.893099668643838385e+01
3.085149942602663842e+00 1.874515269893601754e+01
3.086707705764795584e+00 1.887885992179719707e+01
3.088265468926928214e+00 1.694974758503798284e+01
3.089823232089059957e+00 1.638422525436620347e+01
3.091380995251192587e+00 1.811266513916576315e+01
3.092938758413324329e+00 1.843132293594371163e+01
3.094496521575456960e+00 1.768950580210405832e+01
3.096054284737588702e+00 1.813699194742719811e+01
3.097612047899720444e+00 2.037815708214704102e+01
3.099169811061853075e+00 1.777961775552970281e+01
3.100727574223984817e+00 1.870675968482361284e+01
3.102285337386117448e+00 1.977226961406250183e+01
3.103843100548249190e+00 1.559524063747153377e+01
3.105400863710381820e+00 1.531677199775850085e+01
3.106958626872513562e+00 1.877914722225262167e+01
3.108516390034645305e+00 1.593266430632699837e+01
3.110074153196777935e+00 1.841404038419025824e+01
3.111631916358909677e+00 1.978575905850630434e+01
3.113189679521042308e+00 1.963984020623423277e+01
3.114747442683174050e+00 1.735471403763707698e+01
3.116305205845306681e+00 1.782565569241819503e+01
3.117862969007438423e+00 1.614651980325574954e+01
3.119420732169570165e+00 1.182376192688002980e+01
3.120978495331702796e+00 1.348455592330544306e+01
3.122536258493834538e+00 1.275261175228533439e+01
3.124094021655967168e+00 1.683951545599864730e+01
3.125651784818098911e+00 1.600966538590941468e+01
3.127209547980231541e+00 1.546380408349401669e+01
3.128767311142363283e+00 1.562713947922552826e+01
3.130325074304495026e+00 1.414690061435943669e+01
3.131882837466627656e+00 1.756434526216123615e+01
3.133440600628759398e+00 1.952868347866846221e+01
3.134998363790892029e+00 1.581808691032133041e+01
3.136556126953023771e+00 1.718200590624807944e+01
3.138113890115156401e+00 1.969029461758225352e+01
3.139671653277288144e+00 2.074694727082386692e+01
3.141229416439419886e+00 2.044019679456469873e+01
3.142787179601552516e+00 1.735286797283451321e+01
3.144344942763684259e+00 1.660313498426220491e+01
3.145902705925816889e+00 2.109719678942589383e+01
3.147460469087948631e+00 1.744902667578587341e+01
3.149018232250081262e+00 1.347321680330871985e+01
3.150575995412213004e+00 7.199242751899420867e+00
3.152133758574344746e+00 -1.478424731040709705e+00
3.153691521736477377e+00 3.774779207814148996e-01
3.155249284898609119e+00 -1.029951916047754656e-01
3.156807048060741749e+00 2.810066528652376341e-02
3.158364811222873492e+00 -7.665971068434172982e-03
3.159922574385005234e+00 2.090966099023151316e-03
3.161480337547137864e+00 -5.702114330528440652e-04
3.163038100709269607e+00 1.554587888672736163e-04
3.164595863871402237e+00 -4.237090309886565109e-05
3.166153627033533979e+00 1.154455300853761708e-05
3.167711390195666610e+00 -3.144332630081182288e-06
3.169269153357798352e+00 8.560671133417406024e-07
3.170826916519930094e+00 -2.329710930357299891e-07
3.172384679682062725e+00 6.337221499008694081e-08
3.173942442844194467e+00 -1.723006079236844056e-08
3.175500206006327097e+00 4.682252980740963656e-09
3.177057969168458840e+00 -1.271723459649175058e-09
3.178615732330591470e+00 3.452154947831935980e-10
3.180173495492723212e+00 -9.365653299935291039e-11
3.181731258654854955e+00 2.539374552279165269e-11
3.183289021816987585e+00 -6.880931479468760347e-12
3.184846784979119327e+00 1.863333104271316397e-12
3.186404548141251958e+00 -5.042518587496721163e-13
3.187962311303383700e+00 1.363664419113532393e-13
3.189520074465516331e+00 -3.684990720099307470e-14
