-3.189520074465517219e+00 -1.156637439009253349e-75
-3.187962311303385032e+00 4.388943021385018792e-75
-3.186404548141252846e+00 -1.637878553851937474e-74
-3.184846784979120660e+00 6.107773163254089754e-74
-3.183289021816988917e+00 -2.278517337343215726e-73
-3.181731258654856731e+00 8.503978760115934637e-73
-3.180173495492724545e+00 -3.175349344789222264e-72
-3.178615732330592358e+00 1.186197155336963284e-71
-3.177057969168460172e+00 -4.433169605369331091e-71
-3.175500206006327986e+00 1.657523727925669247e-70
-3.173942442844195799e+00 -6.199957572818109880e-70
-3.172384679682064057e+00 2.320046324616092683e-69
-3.170826916519931871e+00 -8.685179752228123105e-69
-3.169269153357799684e+00 3.252597030319445242e-68
-3.167711390195667498e+00 -1.218557269002167375e-67
-3.166153627033535312e+00 4.566891332590452302e-67
-3.164595863871403125e+00 -1.712179026663523766e-66
-3.163038100709271383e+00 6.421345777518654908e-66
-3.161480337547139197e+00 -2.409050410755681330e-65
-3.159922574385007010e+00 9.040723270029034173e-65
-3.158364811222874824e+00 -3.393848061768461057e-64
-3.156807048060742638e+00 1.274406575825662559e-63
-3.155249284898610451e+00 -4.786790873895893389e-63
-3.153691521736478265e+00 1.798441074619045706e-62
-3.152133758574346523e+00 -6.758615953456240656e-62
-3.150575995412214336e+00 2.540526036579312656e-61
-3.149018232250082150e+00 -9.551870623840774514e-61
-3.147460469087949964e+00 3.592086183228767946e-60
-3.145902705925817777e+00 -1.351118072637277687e-59
-3.144344942763685591e+00 5.083032406189974171e-59
-3.142787179601553404e+00 -1.912627257709278617e-58
-3.141229416439421662e+00 7.197980231410010416e-58
-3.139671653277289476e+00 -2.709311016953239118e-57
-3.138113890115157290e+00 1.019929476702610225e-56
-3.136556126953025103e+00 -3.840075488293534282e-56
-3.134998363790892917e+00 1.445982716197590417e-55
-3.133440600628760730e+00 -5.445473674801742809e-55
-3.131882837466628544e+00 2.050940505210966023e-54
-3.130325074304496802e+00 -7.725223230862471089e-54
-3.128767311142364616e+00 2.910083485792049735e-53
-3.127209547980232429e+00 -1.096307222533490055e-52
-3.125651784818100243e+00 4.130357298223298589e-52
-3.124094021655968056e+00 -1.556208174709261828e-51
-3.122536258493835870e+00 5.863654723362006429e-51
-3.120978495331703684e+00 -2.209456118733439510e-50
-3.119420732169571941e+00 8.325579496725581576e-50
-3.117862969007439755e+00 -3.137267993948541638e-49
-3.116305205845307569e+00 1.182205358514066543e-48
-3.114747442683175382e+00 -4.454865866495467971e-48
-3.113189679521043196e+00 1.678700160941197907e-47
-3.111631916358911010e+00 -6.325646925251832522e-47
-3.110074153196779267e+00 2.383563556038522489e-46
-3.108516390034647081e+00 -8.981219012630003496e-46
-3.106958626872514895e+00 3.383977856631056052e-45
-3.105400863710382708e+00 -1.274971415712675231e-44
-3.103843100548250522e+00 4.803427572870369960e-44
-3.102285337386118336e+00 -1.809577442680628102e-43
-3.100727574223986149e+00 6.816722339676027188e-43
-3.099169811061854407e+00 -2.567698444741733727e-42
-3.097612047899722221e+00 9.671191746586535798e-42
-3.096054284737590034e+00 -3.642346077430081167e-41
-3.094496521575457848e+00 1.371656693843289628e-40
-3.092938758413325662e+00 -5.165002151943657326e-40
-3.091380995251193475e+00 1.944707928115007481e-39
-3.089823232089061289e+00 -7.321415904575156898e-39
-3.088265468926929547e+00 2.756072768971591589e-38
-3.086707705764797360e+00 -1.037383542085778357e-37
-3.085149942602665174e+00 3.904265381334335515e-37
-3.083592179440532988e+00 -1.469227007705191943e-36
-3.082034416278400801e+00 5.528234118865202397e-36
-3.080476653116268615e+00 -2.079841844473597504e-35
-3.078918889954136873e+00 7.823823040556949526e-35
-3.077361126792004686e+00 -2.942734361378092994e-34
-3.075803363629872500e+00 1.106687468401324574e-33
-3.074245600467740314e+00 -4.161399522842032748e-33
-3.072687837305608127e+00 1.564562656464437782e-32
-3.071130074143475941e+00 -5.881448606783374197e-32
-3.069572310981343755e+00 2.210610137091837424e-31
-3.068014547819212012e+00 -8.307593678666114918e-31
-3.066456784657079826e+00 3.121564675150945400e-30
-3.064899021494947640e+00 -1.172741279955808193e-29
-3.063341258332815453e+00 4.405180185330392337e-29
-3.061783495170683267e+00 -1.654457266994758149e-28
-3.060225732008551081e+00 6.212647051858283185e-28
-3.058667968846418894e+00 -2.332522859757290044e-27
-3.057110205684287152e+00 8.755926255498864110e-27
-3.055552442522154966e+00 -3.286276543976826080e-26
-3.053994679360022779e+00 1.233192328940920691e-25
-3.052436916197890593e+00 -4.626803863798542888e-25
-3.050879153035758407e+00 1.735616630981904927e-24
-3.049321389873626220e+00 -6.509502855285588594e-24
-3.047763626711494034e+00 2.440967556430816016e-23
-3.046205863549362292e+00 -9.151561676532657150e-23
-3.044648100387230105e+00 3.430411930094555261e-22
-3.043090337225097919e+00 -1.285624153342729736e-21
-3.041532574062965733e+00 4.817228731124112162e-21
-3.039974810900833546e+00 -1.804657535944025957e-20
-3.038417047738701360e+00 6.759357022526347696e-20
-3.036859284576569173e+00 -2.531207634558217072e-19
-3.035301521414437431e+00 9.476777711102915035e-19
-3.033743758252305245e+00 -3.547362456263631556e-18
-3.032185995090173058e+00 1.327605531706564048e-17
-3.030628231928040872e+00 -4.967733878719514205e-17
-3.029070468765908686e+00 1.858576410840408306e-16
-3.027512705603776499e+00 -6.952520682848071752e-16
-3.025954942441644757e+00 2.600463581180864233e-15
-3.024397179279512571e+00 -9.725515755618393081e-15
-3.022839416117380384e+00 3.636926892454491760e-14
-3.021281652955248198e+00 -1.359950741880366890e-13
-3.019723889793116012e+00 5.084930397387184086e-13
-3.018166126630983825e+00 -1.901194566258152647e-12
-3.016608363468851639e+00 7.108112089231333940e-12
-3.015050600306719897e+00 -2.657507529854585607e-11
-3.013492837144587710e+00 9.935588648805308881e-11
-3.011935073982455524e+00 -3.714649520181506092e-10
-3.010377310820323338e+00 1.388843969010498052e-09
-3.008819547658191151e+00 -5.192860073275941589e-09
-3.007261784496058965e+00 1.941705934204804409e-08
-3.005704021333926779e+00 -7.260893039871571560e-08
-3.004146258171795036e+00 2.715390998724417872e-07
-3.002588495009662850e+00 -1.015585305908580074e-06
-3.001030731847530664e+00 3.798813920903485198e-06
-2.999472968685398477e+00 -1.421127404392210353e-05
-2.997915205523266291e+00 5.317127960040773032e-05
-2.996357442361134105e+00 -1.989692438657017330e-04
-2.994799679199002362e+00 7.446720730501058287e-04
-2.993241916036870176e+00 -2.787532257238700510e-03
-2.991684152874737990e+00 1.043652165455092630e-02
-2.990126389712605803e+00 -3.908210091465080110e-02
-2.988568626550473617e+00 1.463832366201543445e-01
-2.987010863388341431e+00 -5.484045426682668811e-01
-2.985453100226209244e+00 2.664390913329305111e+00
-2.983895337064077502e+00 6.873398737504164302e+00
-2.982337573901945316e+00 9.856402686256704015e+00
-2.980779810739813129e+00 1.519754774512344220e+01
-2.979222047577680943e+00 1.631973281016147226e+01
-2.977664284415548757e+00 1.472203046142236715e+01
-2.976106521253416570e+00 1.141422630986389919e+01
-2.974548758091284384e+00 8.735571046772797388e+00
-2.972990994929152642e+00 1.279978254486318612e+01
-2.971433231767020455e+00 1.416237354326157849e+01
-2.969875468604888269e+00 1.099585935503430534e+01
-2.968317705442756083e+00 1.273675056016622342e+01
-2.966759942280623896e+00 1.123208010730576945e+01
-2.965202179118491710e+00 9.870164934368823140e+00
-2.963644415956359524e+00 1.256438205692906251e+01
-2.962086652794227781e+00 1.294491683293447970e+01
-2.960528889632095595e+00 1.145683168352238646e+01
-2.958971126469963409e+00 1.396492992399744892e+01
-2.957413363307831222e+00 1.462019382246425181e+01
-2.955855600145699036e+00 8.956105843363982189e+00
-2.954297836983566850e+00 8.236746480535760639e+00
-2.952740073821434663e+00 8.282072937551138381e+00
-2.951182310659302921e+00 7.799997743148264107e+00
-2.949624547497170735e+00 1.197964674184579970e+01
-2.948066784335038548e+00 1.419510563119306568e+01
-2.946509021172906362e+00 1.415519754091315541e+01
-2.944951258010774175e+00 9.466287838585280667e+00
-2.943393494848641989e+00 8.871345568039229690e+00
-2.941835731686509803e+00 1.338385127556880683e+01
-2.940277968524378061e+00 1.169726232452974912e+01
-2.938720205362245874e+00 1.273086132294988460e+01
-2.937162442200113688e+00 1.440005330290343899e+01
-2.935604679037981501e+00 1.313641403916229322e+01
-2.934046915875849315e+00 1.157247694873392874e+01
-2.932489152713717129e+00 1.010972987840518478e+01
-2.930931389551584942e+00 9.145111895011583059e+00
-2.929373626389453200e+00 1.123244134832533803e+01
-2.927815863227321014e+00 1.226247336245648079e+01
-2.926258100065188827e+00 1.019758569967792816e+01
-2.924700336903056641e+00 1.288499828812013348e+01
-2.923142573740924455e+00 1.456281955260379846e+01
-2.921584810578792712e+00 1.065547151386733660e+01
-2.920027047416660526e+00 8.240821514979455031e+00
-2.918469284254528340e+00 9.989235595428871406e+00
-2.916911521092396153e+00 1.179974753327270598e+01
-2.915353757930263967e+00 1.016756813608762933e+01
-2.913795994768131781e+00 1.014150911797698562e+01
-2.912238231605999594e+00 1.276490098107918847e+01
-2.910680468443867852e+00 1.444786095495010514e+01
-2.909122705281735666e+00 1.357139943515726266e+01
-2.907564942119603479e+00 1.142517381389467168e+01
-2.906007178957471293e+00 1.320776068200882314e+01
-2.904449415795339107e+00 1.359637106773875814e+01
-2.902891652633206920e+00 1.250785635561617148e+01
-2.901333889471074734e+00 1.207502199986191194e+01
-2.899776126308942992e+00 1.020261665063929435e+01
-2.898218363146810805e+00 8.839824673097995245e+00
-2.896660599984678619e+00 1.045813612268144510e+01
-2.895102836822546433e+00 1.450684002814609208e+01
-2.893545073660414246e+00 1.525274275844584437e+01
-2.891987310498282060e+00 1.327852805953902937e+01
-2.890429547336149874e+00 1.303208066845762580e+01
-2.888871784174018131e+00 1.145916505139329011e+01
-2.887314021011885945e+00 1.210233490875836360e+01
-2.885756257849753759e+00 1.347696240439988458e+01
-2.884198494687621572e+00 1.348374512648501877e+01
-2.882640731525489386e+00 1.546873781214282140e+01
-2.881082968363357200e+00 1.222567532223858500e+01
-2.879525205201225013e+00 1.037581317444790585e+01
-2.877967442039093271e+00 1.357941911749760067e+01
-2.876409678876961085e+00 1.205216316890434669e+01
-2.874851915714828898e+00 1.261776017516277371e+01
-2.873294152552696712e+00 1.357719980525993897e+01
-2.871736389390564526e+00 9.684984935514085791e+00
-2.870178626228432339e+00 8.866850306975472051e+00
-2.868620863066300153e+00 1.331419442807028197e+01
-2.867063099904168411e+00 1.321074763387838757e+01
-2.865505336742036224e+00 8.352151931700644738e+00
-2.863947573579904038e+00 9.867632543824347735e+00
-2.862389810417771852e+00 1.180680643725041890e+01
-2.860832047255639665e+00 1.005566883664449662e+01
-2.859274284093507479e+00 1.130722050332424011e+01
-2.857716520931375292e+00 1.150245289885824285e+01
-2.856158757769243550e+00 1.214421144909506722e+01
-2.854600994607111364e+00 1.309257889374443806e+01
-2.853043231444979178e+00 1.498322832810263350e+01
-2.851485468282846991e+00 1.377730007653328670e+01
-2.849927705120714805e+00 9.906448251599684340e+00
-2.848369941958582618e+00 9.703398174428080836e+00
-2.846812178796450432e+00 1.103262938289729256e+01
-2.845254415634318690e+00 1.310808951891687535e+01
-2.843696652472186504e+00 1.164603515443978132e+01
-2.842138889310054317e+00 9.843521295257470882e+00
-2.840581126147922131e+00 1.178903963655062981e+01
-2.839023362985789944e+00 1.250253854551735344e+01
-2.837465599823657758e+00 1.244239194917009428e+01
-2.835907836661526016e+00 1.293575626574275006e+01
-2.834350073499393829e+00 1.238908063157816741e+01
-2.832792310337261643e+00 1.194448074794992998e+01
-2.831234547175129457e+00 9.509298529397806732e+00
-2.829676784012997270e+00 1.022157475202672572e+01
-2.828119020850865084e+00 1.249746193540578609e+01
-2.826561257688733342e+00 9.758379984111748229e+00
-2.825003494526601155e+00 9.770755864461239781e+00
-2.823445731364468969e+00 1.219207226309481129e+01
-2.821887968202336783e+00 1.345532983625748358e+01
-2.820330205040204596e+00 1.318542724423499557e+01
-2.818772441878072410e+00 1.146645436108159366e+01
-2.817214678715940224e+00 1.116513359593084687e+01
-2.815656915553808481e+00 8.958139156353459143e+00
-2.814099152391676295e+00 9.037999928773478686e+00
-2.812541389229544109e+00 1.480905187749767826e+01
-2.810983626067411922e+00 1.635430180821220958e+01
-2.809425862905279736e+00 1.343401053318916105e+01
-2.807868099743147550e+00 1.050267940304329173e+01
-2.806310336581015363e+00 9.563183405383576030e+00
-2.804752573418883621e+00 9.612711572554555772e+00
-2.803194810256751435e+00 9.606426864459878701e+00
-2.801637047094619248e+00 9.230778189922153487e+00
-2.800079283932487062e+00 1.266313583817725430e+01
-2.798521520770354876e+00 1.571094949535136820e+01
-2.796963757608222689e+00 1.400515654527138665e+01
-2.795405994446090503e+00 1.489868430859471538e+01
-2.793848231283958761e+00 1.485882744329361316e+01
-2.792290468121826574e+00 1.482030278749026664e+01
-2.790732704959694388e+00 1.415433958698768180e+01
-2.789174941797562202e+00 1.384378662802278903e+01
-2.787617178635430015e+00 1.528932608385726510e+01
-2.786059415473297829e+00 1.525626262457037008e+01
-2.784501652311165643e+00 1.233866816221965301e+01
-2.782943889149033900e+00 1.026177282785293343e+01
-2.781386125986901714e+00 1.354561183601333951e+01
-2.779828362824769528e+00 1.406934400963145215e+01
-2.778270599662637341e+00 1.212582320307419081e+01
-2.776712836500505155e+00 1.160476976176168229e+01
-2.775155073338372969e+00 9.897371395553328455e+00
-2.773597310176240782e+00 1.024018740298678232e+01
-2.772039547014109040e+00 1.298756279497571775e+01
-2.770481783851976854e+00 1.554159966090300493e+01
-2.768924020689844667e+00 1.259713760559414375e+01
-2.767366257527712481e+00 1.053358293707005622e+01
-2.765808494365580295e+00 1.352638090569396745e+01
-2.764250731203448108e+00 1.258884376635393032e+01
-2.762692968041315922e+00 1.255482334749740936e+01
-2.761135204879184180e+00 1.287900810163590748e+01
-2.759577441717051993e+00 1.303429099037367678e+01
-2.758019678554919807e+00 1.386307868472787419e+01
-2.756461915392787621e+00 1.187524045210036761e+01
-2.754904152230655434e+00 9.580972736299194992e+00
-2.753346389068523248e+00 1.208275861396477247e+01
-2.751788625906391506e+00 1.239489066215171498e+01
-2.750230862744259319e+00 1.062921321679980657e+01
-2.748673099582127133e+00 1.074193511011487168e+01
-2.747115336419994946e+00 9.849435007588711599e+00
-2.745557573257862760e+00 1.037746529353631431e+01
-2.743999810095730574e+00 9.853021463168534666e+00
-2.742442046933598832e+00 1.058613284382655095e+01
-2.740884283771466645e+00 9.676648935844559318e+00
-2.739326520609334459e+00 1.034123293306832991e+01
-2.737768757447202272e+00 1.179039837885615860e+01
-2.736210994285070086e+00 1.308122575213221594e+01
-2.734653231122937900e+00 1.384255365826331996e+01
-2.733095467960805713e+00 1.171018250533087368e+01
-2.731537704798673971e+00 1.344824683779783037e+01
-2.729979941636541785e+00 1.484382459565820866e+01
-2.728422178474409598e+00 1.451525598440758102e+01
-2.726864415312277412e+00 1.495801603781685607e+01
-2.725306652150145226e+00 1.468698662784308695e+01
-2.723748888988013039e+00 1.323772939696447182e+01
-2.722191125825880853e+00 1.216295044920673796e+01
-2.720633362663749111e+00 1.208871602404822099e+01
-2.719075599501616924e+00 9.615351003836492438e+00
-2.717517836339484738e+00 1.060233267807342550e+01
-2.715960073177352552e+00 1.081309412849518203e+01
-2.714402310015220365e+00 9.015945871750133733e+00
-2.712844546853088179e+00 1.111814026429574831e+01
-2.711286783690955993e+00 9.365918768459142285e+00
-2.709729020528824250e+00 1.124602727456750983e+01
-2.708171257366692064e+00 1.131237588044685616e+01
-2.706613494204559878e+00 8.696762002530267210e+00
-2.705055731042427691e+00 1.166779119847712032e+01
-2.703497967880295505e+00 1.403242885075820112e+01
-2.701940204718163319e+00 1.349448753306914384e+01
-2.700382441556031132e+00 1.194890345918018681e+01
-2.698824678393899390e+00 1.046440331463032258e+01
-2.697266915231767204e+00 1.477026986660314201e+01
-2.695709152069635017e+00 1.678472513343943007e+01
-2.694151388907502831e+00 1.372424928553426504e+01
-2.692593625745370645e+00 1.107464174808506563e+01
-2.691035862583238458e+00 1.071543273869180801e+01
-2.689478099421106272e+00 1.247664246661886800e+01
-2.687920336258974530e+00 1.123481918480010044e+01
-2.686362573096842343e+00 9.754067837764534232e+00
-2.684804809934710157e+00 1.042558531430756652e+01
-2.683247046772577971e+00 9.135484012426058342e+00
-2.681689283610445784e+00 1.182141390000106007e+01
-2.680131520448314042e+00 1.769742681952849139e+01
-2.678573757286181412e+00 1.442865952056171075e+01
-2.677015994124049669e+00 1.052926009487901915e+01
-2.675458230961917483e+00 1.161003037450815434e+01
-2.673900467799785297e+00 1.452005699090955559e+01
-2.672342704637653110e+00 1.420718323335636590e+01
-2.670784941475520924e+00 1.065814527712962700e+01
-2.669227178313389182e+00 9.751454534743913882e+00
-2.667669415151256551e+00 1.285850630346964429e+01
-2.666111651989124809e+00 1.292502379357420317e+01
-2.664553888826992623e+00 1.110215699205262396e+01
-2.662996125664860436e+00 1.058265355742193137e+01
-2.661438362502728250e+00 1.201449893602747387e+01
-2.659880599340596063e+00 1.350360781775484931e+01
-2.658322836178464321e+00 1.262600391691144708e+01
-2.656765073016331691e+00 1.337005005449105610e+01
-2.655207309854199949e+00 1.104564250216135335e+01
-2.653649546692067762e+00 1.020575878943949633e+01
-2.652091783529935576e+00 1.124943167755756690e+01
-2.650534020367803389e+00 1.263610267006917987e+01
-2.648976257205671203e+00 1.318510061724625260e+01
-2.647418494043539461e+00 1.289948951840329805e+01
-2.645860730881407274e+00 1.256986365282625329e+01
-2.644302967719275088e+00 1.243691983032879378e+01
-2.642745204557142902e+00 1.134473077922941719e+01
-2.641187441395010715e+00 8.208241803482884791e+00
-2.639629678232878529e+00 9.978930417504946249e+00
-2.638071915070746343e+00 1.276071517012320200e+01
-2.636514151908614600e+00 1.215237615999365417e+01
-2.634956388746482414e+00 1.261941112844497326e+01
-2.633398625584350228e+00 1.355243839001047945e+01
-2.631840862422218041e+00 1.125621066300857898e+01
-2.630283099260085855e+00 9.944343946459365924e+00
-2.628725336097953669e+00 1.145848421491973745e+01
-2.627167572935821482e+00 1.287550923255923863e+01
-2.625609809773689740e+00 1.495133403682214279e+01
-2.624052046611557554e+00 1.335177307572681293e+01
-2.622494283449425367e+00 1.157899730065685873e+01
-2.620936520287293181e+00 1.420677942541405692e+01
-2.619378757125160995e+00 1.443914910682963537e+01
-2.617820993963028808e+00 1.512081538989285434e+01
-2.616263230800896622e+00 1.328216292200999682e+01
-2.614705467638764880e+00 1.201454317766217450e+01
-2.613147704476632693e+00 1.223437685990547585e+01
-2.611589941314500507e+00 1.078502225627138067e+01
-2.610032178152368321e+00 1.069816437532026399e+01
-2.608474414990236134e+00 1.246200792119817891e+01
-2.606916651828103948e+00 1.266817920434600531e+01
-2.605358888665971762e+00 1.303336765623020455e+01
-2.603801125503840019e+00 1.522608163222719568e+01
-2.602243362341707833e+00 1.573980773568760938e+01
-2.600685599179575647e+00 1.413030951075512931e+01
-2.599127836017443460e+00 1.285858055684636447e+01
-2.597570072855311274e+00 1.601955861594320751e+01
-2.596012309693179088e+00 1.532200380497433656e+01
-2.594454546531046901e+00 1.250054209074154521e+01
-2.592896783368915159e+00 1.482729550702357280e+01
-2.591339020206782973e+00 1.361879580690680136e+01
-2.589781257044650786e+00 1.025066771645946240e+01
-2.588223493882518600e+00 1.345859660521919210e+01
-2.586665730720386414e+00 1.558498636146066474e+01
-2.585107967558254671e+00 1.218938822480727957e+01
-2.583550204396122041e+00 1.068690018636245220e+01
-2.581992441233990299e+00 1.107099633094173363e+01
-2.580434678071858112e+00 1.287069853225469629e+01
-2.578876914909725926e+00 1.469291134624425688e+01
-2.577319151747593740e+00 1.350681866032848788e+01
-2.575761388585461553e+00 1.164781632600600858e+01
-2.574203625423329811e+00 1.067287357232583744e+01
-2.572645862261197180e+00 1.199165017509640485e+01
-2.571088099099065438e+00 1.254237566944761362e+01
-2.569530335936933252e+00 1.092338455095474359e+01
-2.567972572774801066e+00 8.679699968961655188e+00
-2.566414809612668879e+00 1.085698610757138205e+01
-2.564857046450536693e+00 1.239317387796298675e+01
-2.563299283288404951e+00 9.296143334499740618e+00
-2.561741520126272320e+00 1.115362805830470272e+01
-2.560183756964140578e+00 9.624181864327166380e+00
-2.558625993802008391e+00 9.907429119991206790e+00
-2.557068230639876205e+00 1.365588196086630468e+01
-2.555510467477744019e+00 1.250154958545246053e+01
-2.553952704315611832e+00 1.197881712485008521e+01
-2.552394941153480090e+00 1.252450906361886673e+01
-2.550837177991347904e+00 1.228517615004628105e+01
-2.549279414829215717e+00 1.229907463082916586e+01
-2.547721651667083531e+00 1.092719264731216455e+01
-2.546163888504951345e+00 1.036537250032334256e+01
-2.544606125342819158e+00 1.361433971577035251e+01
-2.543048362180686972e+00 1.689847500325254259e+01
-2.541490599018555230e+00 1.455010382870188401e+01
-2.539932835856423043e+00 1.101806267762222902e+01
-2.538375072694290857e+00 1.041809976383254011e+01
-2.536817309532158671e+00 1.235073155141837553e+01
-2.535259546370026484e+00 1.246649935664835596e+01
-2.533701783207894298e+00 9.293269569016448628e+00
-2.532144020045762112e+00 1.030949148369435342e+01
-2.530586256883630369e+00 1.274451044193285298e+01
-2.529028493721498183e+00 1.252709939963953722e+01
-2.527470730559365997e+00 1.244552989749907468e+01
-2.525912967397233810e+00 1.043128659210474574e+01
-2.524355204235101624e+00 1.193970675216116817e+01
-2.522797441072969438e+00 1.422250746701183211e+01
-2.521239677910837251e+00 1.139286000572805158e+01
-2.519681914748705509e+00 1.099051694600412965e+01
-2.518124151586573323e+00 1.107218177179434448e+01
-2.516566388424441136e+00 1.039224436733135626e+01
-2.515008625262308950e+00 9.271281079044825901e+00
-2.513450862100176764e+00 1.168349541011063586e+01
-2.511893098938044577e+00 1.452959626376870084e+01
-2.510335335775912391e+00 1.204307838003365205e+01
-2.508777572613780649e+00 1.241999760768441341e+01
-2.507219809451648462e+00 1.177378649546792388e+01
-2.505662046289516276e+00 7.566964283149451020e+00
-2.504104283127384090e+00 1.229272394918866418e+01
-2.502546519965251903e+00 1.789815083941522289e+01
-2.500988756803120161e+00 1.356306975151143668e+01
-2.499430993640987531e+00 9.528095085150978250e+00
-2.497873230478855788e+00 1.224823502445230083e+01
-2.496315467316723602e+00 1.330206799002402107e+01
-2.494757704154591416e+00 1.202620357239529447e+01
-2.493199940992459229e+00 1.283015947855795069e+01
-2.491642177830327043e+00 1.263512970759577669e+01
-2.490084414668195301e+00 1.302400962105369153e+01
-2.488526651506062670e+00 1.373653630512068702e+01
-2.486968888343930928e+00 1.409711014572504695e+01
-2.485411125181798742e+00 1.468415189494242412e+01
-2.483853362019666555e+00 1.258042060667861861e+01
-2.482295598857534369e+00 1.225979280715895747e+01
-2.480737835695402183e+00 1.014845994655899908e+01
-2.479180072533270440e+00 1.048206712929430040e+01
-2.477622309371137810e+00 1.315941319686373312e+01
-2.476064546209006068e+00 1.136363329480935747e+01
-2.474506783046873881e+00 6.637071471167604209e+00
-2.472949019884741695e+00 6.222951126732818139e+00
-2.471391256722609509e+00 1.057367209011474429e+01
-2.469833493560477322e+00 1.297103319680474698e+01
-2.468275730398345580e+00 1.412331254398735503e+01
-2.466717967236213394e+00 1.164814156270460899e+01
-2.465160204074081207e+00 9.507787145612711655e+00
-2.463602440911949021e+00 1.085148628837215057e+01
-2.462044677749816834e+00 9.899275699665555095e+00
-2.460486914587684648e+00 1.123641157365666388e+01
-2.458929151425552462e+00 1.167778343105036321e+01
-2.457371388263420720e+00 1.109390023873183218e+01
-2.455813625101288533e+00 9.859471252144286879e+00
-2.454255861939156347e+00 1.148531891246990888e+01
-2.452698098777024160e+00 1.376894169701683879e+01
-2.451140335614891974e+00 1.188865556167031379e+01
-2.449582572452759788e+00 1.176840978358748835e+01
-2.448024809290627601e+00 1.247914365024559658e+01
-2.446467046128495859e+00 1.367448335196281839e+01
-2.444909282966363673e+00 1.580901985500639739e+01
-2.443351519804231486e+00 1.447972755835981928e+01
-2.441793756642099300e+00 1.448933291001160306e+01
-2.440235993479967114e+00 1.452261999762560229e+01
-2.438678230317834927e+00 1.342830378798113777e+01
-2.437120467155702741e+00 1.343806218854709122e+01
-2.435562703993570999e+00 1.292202103176259165e+01
-2.434004940831438812e+00 1.128218118532816483e+01
-2.432447177669306626e+00 1.043314818400239119e+01
-2.430889414507174440e+00 1.244312387472873738e+01
-2.429331651345042253e+00 1.516537073829060134e+01
-2.427773888182910067e+00 1.234724531602586772e+01
-2.426216125020777881e+00 1.109396192966183214e+01
-2.424658361858646138e+00 1.511510493665200983e+01
-2.423100598696513952e+00 1.480040787054624118e+01
-2.421542835534381766e+00 1.193423215697895223e+01
-2.419985072372249579e+00 1.051653671280181612e+01
-2.418427309210117393e+00 1.143973395578709606e+01
-2.416869546047985651e+00 1.164483354306729801e+01
-2.415311782885853020e+00 1.171445560231565075e+01
-2.413754019723721278e+00 1.001864568006831746e+01
-2.412196256561589092e+00 7.884316310160203400e+00
-2.410638493399456905e+00 9.398350865746170513e+00
-2.409080730237324719e+00 1.281764324357909679e+01
-2.407522967075192533e+00 1.301711848156252316e+01
-2.405965203913060790e+00 1.089128000309103150e+01
-2.404407440750928160e+00 1.267600993509408980e+01
-2.402849677588796418e+00 1.318890906030064336e+01
-2.401291914426664231e+00 1.116458451917150896e+01
-2.399734151264532045e+00 1.381508814583903089e+01
-2.398176388102399859e+00 1.354369890664513854e+01
-2.396618624940267672e+00 1.200815408042619303e+01
-2.395060861778135930e+00 1.375898301314514960e+01
-2.393503098616003300e+00 1.494923377176010781e+01
-2.391945335453871557e+00 1.526247218227325497e+01
-2.390387572291739371e+00 1.353992510982649122e+01
-2.388829809129607185e+00 1.345566210435171683e+01
-2.387272045967474998e+00 1.396454032934014045e+01
-2.385714282805342812e+00 1.267932266624640469e+01
-2.384156519643211070e+00 1.372587601223181863e+01
-2.382598756481078883e+00 1.121706423440855005e+01
-2.381040993318946697e+00 1.186804503423316071e+01
-2.379483230156814511e+00 1.330116541103541827e+01
-2.377925466994682324e+00 1.377574628424977377e+01
-2.376367703832550138e+00 1.351781926852652838e+01
-2.374809940670417951e+00 9.995350239718167273e+00
-2.373252177508286209e+00 9.007293090876938635e+00
-2.371694414346154023e+00 1.160128273860625470e+01
-2.370136651184021837e+00 1.457050189676039054e+01
-2.368578888021889650e+00 1.431559615363225468e+01
-2.367021124859757464e+00 1.169398254270817183e+01
-2.365463361697625277e+00 1.273944633660442705e+01
-2.363905598535493091e+00 1.382455797770496453e+01
-2.362347835373361349e+00 9.810189339822784405e+00
-2.360790072211229162e+00 8.721251431121745057e+00
-2.359232309049096976e+00 9.954476534563356793e+00
-2.357674545886964790e+00 1.050069842883588223e+01
-2.356116782724832603e+00 1.189735434150149729e+01
-2.354559019562700417e+00 1.142530592632287778e+01
-2.353001256400568231e+00 9.476299308761388929e+00
-2.351443493238436488e+00 1.016010513202320276e+01
-2.349885730076304302e+00 1.209990929420824202e+01
-2.348327966914172116e+00 1.016974016963136407e+01
-2.346770203752039929e+00 9.108863742495937998e+00
-2.345212440589907743e+00 1.156536976273936546e+01
-2.343654677427775557e+00 1.104346333200190600e+01
-2.342096914265643370e+00 1.260976060618344619e+01
-2.340539151103511628e+00 1.532291313317085901e+01
-2.338981387941379442e+00 1.271070515835291026e+01
-2.337423624779247255e+00 9.945755581806578149e+00
-2.335865861617115069e+00 1.189378888280701396e+01
-2.334308098454982883e+00 1.358300986459737736e+01
-2.332750335292850696e+00 1.127254457792282061e+01
-2.331192572130718510e+00 1.223588052449073338e+01
-2.329634808968586768e+00 1.413680557362234325e+01
-2.328077045806454581e+00 1.165782438162597856e+01
-2.326519282644322395e+00 1.181404252060900539e+01
-2.324961519482190209e+00 1.403385271549669078e+01
-2.323403756320058022e+00 1.291166576429343671e+01
-2.321845993157926280e+00 1.458005833253958450e+01
-2.320288229995793650e+00 1.422725895500125048e+01
-2.318730466833661907e+00 1.119176290006934948e+01
-2.317172703671529721e+00 1.243603530849351557e+01
-2.315614940509397535e+00 1.330868926326345125e+01
-2.314057177347265348e+00 1.157587525585081245e+01
-2.312499414185133162e+00 1.387582209241820941e+01
-2.310941651023001420e+00 1.553542446900740259e+01
-2.309383887860868789e+00 1.225792543802096901e+01
-2.307826124698737047e+00 1.111159169728215268e+01
-2.306268361536604861e+00 1.289139234949709945e+01
-2.304710598374472674e+00 1.045607938082081034e+01
-2.303152835212340488e+00 1.053739992580690377e+01
-2.301595072050208302e+00 1.561384150731014131e+01
-2.300037308888076559e+00 1.367180000291142683e+01
-2.298479545725944373e+00 8.785790976611467684e+00
-2.296921782563812187e+00 9.853192839703847739e+00
-2.295364019401680000e+00 1.273528072753462936e+01
-2.293806256239547814e+00 1.261965318766045385e+01
-2.292248493077415628e+00 1.069676842586140530e+01
-2.290690729915283441e+00 1.138319807822176521e+01
-2.289132966753151699e+00 1.233365060693049209e+01
-2.287575203591019513e+00 9.636069688908706965e+00
-2.286017440428887326e+00 1.087767237287515520e+01
-2.284459677266755140e+00 1.319516666873058597e+01
-2.282901914104622954e+00 1.230223085590029086e+01
-2.281344150942490767e+00 1.261491500480265238e+01
-2.279786387780358581e+00 1.256084153515116952e+01
-2.278228624618226839e+00 1.171583448332050104e+01
-2.276670861456094652e+00 1.139196389376113672e+01
-2.275113098293962466e+00 1.013151407616743249e+01
-2.273555335131830279e+00 9.265797580325054739e+00
-2.271997571969698093e+00 1.012680921902731512e+01
-2.270439808807565907e+00 1.198308750388672372e+01
-2.268882045645433720e+00 1.446459583148085493e+01
-2.267324282483301978e+00 1.578345505503889434e+01
-2.265766519321169792e+00 1.545533380395313117e+01
-2.264208756159037605e+00 1.603173869970904519e+01
-2.262650992996905419e+00 1.637595845192190680e+01
-2.261093229834773233e+00 1.676988289617073846e+01
-2.259535466672641046e+00 1.365026244628093188e+01
-2.257977703510508860e+00 8.546892768590629075e+00
-2.256419940348377118e+00 1.095639428151365991e+01
-2.254862177186244931e+00 1.247768680993529422e+01
-2.253304414024112745e+00 1.388716201495156533e+01
-2.251746650861980559e+00 1.300695251260169094e+01
-2.250188887699848372e+00 9.544690050375679746e+00
-2.248631124537716186e+00 1.064683750850224797e+01
-2.247073361375584000e+00 1.349598148806737186e+01
-2.245515598213452257e+00 1.407201502093618650e+01
-2.243957835051320071e+00 1.269469070851654280e+01
-2.242400071889187885e+00 9.890001108188668510e+00
-2.240842308727055698e+00 9.373821515327810161e+00
-2.239284545564923512e+00 1.032147987440886538e+01
-2.237726782402791770e+00 1.091173521191063855e+01
-2.236169019240659139e+00 1.315577354428683954e+01
-2.234611256078527397e+00 1.025653453589734809e+01
-2.233053492916395211e+00 9.239578272151787175e+00
-2.231495729754263024e+00 1.288695389733416619e+01
-2.229937966592130838e+00 1.412615840284222202e+01
-2.228380203429998652e+00 1.517646300306591201e+01
-2.226822440267866909e+00 1.515513761975606322e+01
-2.225264677105734279e+00 1.225954929382625380e+01
-2.223706913943602537e+00 1.117855169428614914e+01
-2.222149150781470350e+00 1.157227390592351135e+01
-2.220591387619338164e+00 1.217300727528056292e+01
-2.219033624457205978e+00 1.255518840568114491e+01
-2.217475861295073791e+00 1.041453668675181987e+01
-2.215918098132942049e+00 1.349532728493787026e+01
-2.214360334970809419e+00 1.367324674019835484e+01
-2.212802571808677676e+00 9.487371786374573901e+00
-2.211244808646545490e+00 1.295723346137287102e+01
-2.209687045484413304e+00 1.337115470986331012e+01
-2.208129282322281117e+00 1.041381547928447837e+01
-2.206571519160148931e+00 9.902263055200224429e+00
-2.205013755998017189e+00 1.150383287199638360e+01
-2.203455992835885002e+00 1.261649029669654354e+01
-2.201898229673752816e+00 1.246523974629083042e+01
-2.200340466511620630e+00 1.192299268927956035e+01
-2.198782703349488443e+00 8.550459559130523246e+00
-2.197224940187356257e+00 9.871674362628722221e+00
-2.195667177025224071e+00 1.499794086177367625e+01
-2.194109413863092328e+00 1.232065604019787841e+01
-2.192551650700960142e+00 1.109871453873724434e+01
-2.190993887538827956e+00 1.201044744524307362e+01
-2.189436124376695769e+00 1.221953709520755638e+01
-2.187878361214563583e+00 1.074254543492264702e+01
-2.186320598052431841e+00 1.057841206421521640e+01
-2.184762834890299210e+00 1.211967214019192518e+01
-2.183205071728167468e+00 1.085203414237762409e+01
-2.181647308566034837e+00 1.025924377386978570e+01
-2.180089545403903095e+00 1.201720086149929756e+01
-2.178531782241770909e+00 1.189890941857001749e+01
-2.176974019079638722e+00 1.199054747083897432e+01
-2.175416255917506980e+00 1.101544666998916888e+01
-2.173858492755374350e+00 1.088916131059260906e+01
-2.172300729593242608e+00 1.245772340691511815e+01
-2.170742966431110421e+00 1.171187611159810693e+01
-2.169185203268978235e+00 1.201633563897516943e+01
-2.167627440106846048e+00 1.270951265157046528e+01
-2.166069676944713862e+00 1.522666754538975198e+01
-2.164511913782582120e+00 1.587967758956658137e+01
-2.162954150620449489e+00 1.250461422716953130e+01
-2.161396387458317747e+00 1.190179223076977344e+01
-2.159838624296185561e+00 1.473774168491336489e+01
-2.158280861134053374e+00 1.300778472170394728e+01
-2.156723097971921188e+00 9.083162397709420688e+00
-2.155165334809789002e+00 1.154575839628506806e+01
-2.153607571647657259e+00 1.277705745970297180e+01
-2.152049808485524629e+00 1.424161162240005929e+01
-2.150492045323392887e+00 1.310698872235836454e+01
-2.148934282161260700e+00 1.119763923081098511e+01
-2.147376518999128514e+00 1.160127089029243130e+01
-2.145818755836996328e+00 1.028483800079249910e+01
-2.144260992674864141e+00 9.712208582639044963e+00
-2.142703229512732399e+00 1.140575478806208487e+01
-2.141145466350599769e+00 1.261801789310337440e+01
-2.139587703188468026e+00 1.146169864703902341e+01
-2.138029940026335840e+00 1.282829364447417220e+01
-2.136472176864203654e+00 1.257508438299462838e+01
-2.134914413702071467e+00 1.133217088405825734e+01
-2.133356650539939281e+00 1.269749666567948942e+01
-2.131798887377807539e+00 1.133662686758251148e+01
-2.130241124215674908e+00 1.049562301560806610e+01
-2.128683361053543166e+00 1.141058115918589344e+01
-2.127125597891410980e+00 1.418046494983213357e+01
-2.125567834729278793e+00 1.535072770941023101e+01
-2.124010071567146607e+00 1.349732151117929924e+01
-2.122452308405014421e+00 1.171051409517397879e+01
-2.120894545242882678e+00 1.065729009246962633e+01
-2.119336782080750048e+00 1.254210897649039147e+01
-2.117779018918618306e+00 1.403274840415100222e+01
-2.116221255756486119e+00 1.295326340238190888e+01
-2.114663492594353933e+00 1.335419419930661888e+01
-2.113105729432221747e+00 1.432279806363815489e+01
-2.111547966270089560e+00 1.486621844574950657e+01
-2.109990203107957818e+00 1.296425979120556882e+01
-2.108432439945825188e+00 1.140627849050352438e+01
-2.106874676783693445e+00 1.110173289290730025e+01
-2.105316913621561259e+00 1.120771857077939337e+01
-2.103759150459429073e+00 1.213938812356715147e+01
-2.102201387297297330e+00 1.281821968453581739e+01
-2.100643624135164700e+00 1.403626445881552876e+01
-2.099085860973032958e+00 1.194076464913071689e+01
-2.097528097810900327e+00 8.887279042512254534e+00
-2.095970334648768585e+00 1.237396028733131281e+01
-2.094412571486636399e+00 1.469657503014203037e+01
-2.092854808324504212e+00 1.493215004277683278e+01
-2.091297045162372470e+00 1.374663288555082197e+01
-2.089739282000239839e+00 1.308141144341978013e+01
-2.088181518838108097e+00 1.364793906651975242e+01
-2.086623755675975467e+00 1.113296907589731255e+01
-2.085065992513843725e+00 9.873164551788228493e+00
-2.083508229351711538e+00 1.041856161710665418e+01
-2.081950466189579352e+00 1.025797823295620503e+01
-2.080392703027447610e+00 1.146781260169060879e+01
-2.078834939865314979e+00 1.114372580189932549e+01
-2.077277176703183237e+00 1.093543354518250510e+01
-2.075719413541051050e+00 1.268862104965347015e+01
-2.074161650378918864e+00 1.299637051527861686e+01
-2.072603887216786678e+00 1.259459364570808582e+01
-2.071046124054654491e+00 1.319942541111347900e+01
-2.069488360892522749e+00 1.373593259717600112e+01
-2.067930597730390119e+00 1.224444343773884647e+01
-2.066372834568258376e+00 9.518362368748645608e+00
-2.064815071406126190e+00 9.890419857755015087e+00
-2.063257308243994004e+00 1.198175646105983994e+01
-2.061699545081861817e+00 1.115772022247763218e+01
-2.060141781919729631e+00 1.206343351155634736e+01
-2.058584018757597889e+00 1.067822890667778069e+01
-2.057026255595465258e+00 8.305051429382617201e+00
-2.055468492433333516e+00 8.739760640311180495e+00
-2.053910729271201330e+00 1.341751892908451183e+01
-2.052352966109069143e+00 1.505450589645826298e+01
-2.050795202946936957e+00 1.307913859436200710e+01
-2.049237439784804771e+00 1.089004870980173934e+01
-2.047679676622673028e+00 1.151701934970628649e+01
-2.046121913460540398e+00 1.382945608227880285e+01
-2.044564150298408656e+00 1.273381436960564983e+01
-2.043006387136276469e+00 1.274708243066713820e+01
-2.041448623974144283e+00 1.497843824164117521e+01
-2.039890860812012097e+00 1.407720102726482203e+01
-2.038333097649879910e+00 1.126250898094730246e+01
-2.036775334487748168e+00 1.181917481935175118e+01
-2.035217571325615538e+00 1.180643940204690701e+01
-2.033659808163483795e+00 1.138216929060970628e+01
-2.032102045001351609e+00 8.382226753277636888e+00
-2.030544281839219423e+00 9.839256062973127825e+00
-2.028986518677087236e+00 1.547126072931131446e+01
-2.027428755514955050e+00 1.597941118833946561e+01
-2.025870992352823308e+00 1.407614651597240041e+01
-2.024313229190690677e+00 1.075381361443371553e+01
-2.022755466028558935e+00 9.795450740098999631e+00
-2.021197702866426749e+00 1.256909302522522864e+01
-2.019639939704294562e+00 1.424738161367920419e+01
-2.018082176542162820e+00 1.539117196871219484e+01
-2.016524413380030190e+00 1.415030184611552855e+01
-2.014966650217898447e+00 1.335997215229580171e+01
-2.013408887055765817e+00 1.376984217196168458e+01
-2.011851123893634075e+00 1.374755442583321674e+01
-2.010293360731501888e+00 1.371989532945568335e+01
-2.008735597569369702e+00 1.441880261074677172e+01
-2.007177834407237960e+00 1.472330216851457152e+01
-2.005620071245105329e+00 1.175602392755978443e+01
-2.004062308082973587e+00 1.220400499477574918e+01
-2.002504544920840956e+00 1.337312471262594471e+01
-2.000946781758709214e+00 7.401692733902202725e+00
-1.999389018596577028e+00 1.042175684318585027e+01
-1.997831255434444842e+00 1.511415431850462276e+01
-1.996273492272312877e+00 1.346173363640756548e+01
-1.994715729110180691e+00 1.136599459893663777e+01
-1.993157965948048505e+00 1.108086707954418415e+01
-1.991600202785916540e+00 1.159328902216906343e+01
-1.990042439623784354e+00 1.203714137004864426e+01
-1.988484676461652167e+00 1.355008423247988780e+01
-1.986926913299519981e+00 1.010949156193817089e+01
-1.985369150137388017e+00 9.168891900179852783e+00
-1.983811386975255830e+00 1.535162028642872833e+01
-1.982253623813123644e+00 1.510967772871489778e+01
-1.980695860650991680e+00 1.802295250807469884e+01
-1.979138097488859493e+00 1.643766681362318138e+01
-1.977580334326727307e+00 1.345620778258232164e+01
-1.976022571164595343e+00 1.317510518640773043e+01
-1.974464808002463156e+00 1.411196674488638081e+01
-1.972907044840330970e+00 1.466139054835966604e+01
-1.971349281678198784e+00 1.213528922369767216e+01
-1.969791518516066819e+00 1.188596638057101273e+01
-1.968233755353934633e+00 1.293957629226821382e+01
-1.966675992191802447e+00 1.201541298431652827e+01
-1.965118229029670482e+00 1.100217463575510379e+01
-1.963560465867538296e+00 1.087978208153843163e+01
-1.962002702705406110e+00 9.709339406739907474e+00
-1.960444939543273923e+00 9.499085823450577948e+00
-1.958887176381141959e+00 1.194215713950144497e+01
-1.957329413219009773e+00 1.211721625998347385e+01
-1.955771650056877586e+00 1.215363386790027711e+01
-1.954213886894745622e+00 1.269017822932201334e+01
-1.952656123732613436e+00 1.093023865548366480e+01
-1.951098360570481249e+00 9.569266326996135774e+00
-1.949540597408349285e+00 9.505811587546510566e+00
-1.947982834246217099e+00 1.229014826915213554e+01
-1.946425071084084912e+00 1.327661603116104239e+01
-1.944867307921952726e+00 9.488102973367242399e+00
-1.943309544759820762e+00 9.518776297895096050e+00
-1.941751781597688575e+00 1.258310849678171728e+01
-1.940194018435556389e+00 1.350940013977472809e+01
-1.938636255273424425e+00 1.298682835002910529e+01
-1.937078492111292238e+00 1.278153491234495398e+01
-1.935520728949160052e+00 1.336664291217429934e+01
-1.933962965787027866e+00 1.255338817553043107e+01
-1.932405202624895901e+00 1.118488757624325203e+01
-1.930847439462763715e+00 1.131779662805342745e+01
-1.929289676300631529e+00 1.323477410711806002e+01
-1.927731913138499564e+00 1.302409020559057140e+01
-1.926174149976367378e+00 1.272122636357042857e+01
-1.924616386814235192e+00 1.550069548512173512e+01
-1.923058623652103227e+00 1.254475638844047936e+01
-1.921500860489971041e+00 1.104000779211050798e+01
-1.919943097327838855e+00 1.520433061831196753e+01
-1.918385334165706668e+00 1.533399204899052570e+01
-1.916827571003574704e+00 1.273918288299450730e+01
-1.915269807841442518e+00 1.175153833337505205e+01
-1.913712044679310331e+00 1.045904072930570017e+01
-1.912154281517178367e+00 1.240892972914852344e+01
-1.910596518355046181e+00 1.513971071244080946e+01
-1.909038755192913994e+00 1.572687739093292514e+01
-1.907480992030782030e+00 1.517079543450586776e+01
-1.905923228868649844e+00 1.415842540730686494e+01
-1.904365465706517657e+00 1.542978838247897855e+01
-1.902807702544385471e+00 1.406380531812466828e+01
-1.901249939382253507e+00 1.216379147862662435e+01
-1.899692176220121320e+00 1.250635209730631026e+01
-1.898134413057989134e+00 1.152697026310497108e+01
-1.896576649895857170e+00 1.195533305845247263e+01
-1.895018886733724983e+00 1.283161068033988883e+01
-1.893461123571592797e+00 1.368672151504757650e+01
-1.891903360409460610e+00 1.255505025289685861e+01
-1.890345597247328646e+00 9.213886219097815911e+00
-1.888787834085196460e+00 9.847607956841326171e+00
-1.887230070923064273e+00 9.072814998540019715e+00
-1.885672307760932309e+00 7.825831763281886566e+00
-1.884114544598800123e+00 1.132636129435999983e+01
-1.882556781436667936e+00 1.352374497074757009e+01
-1.880999018274535972e+00 1.166729923198367658e+01
-1.879441255112403786e+00 1.153729415670100700e+01
-1.877883491950271599e+00 1.133650648907663339e+01
-1.876325728788139413e+00 1.205791008878645520e+01
-1.874767965626007449e+00 1.173344937856664494e+01
-1.873210202463875262e+00 1.270487981244112952e+01
-1.871652439301743076e+00 1.491387380031817322e+01
-1.870094676139611112e+00 1.087381589563749884e+01
-1.868536912977478925e+00 9.447348580904613158e+00
-1.866979149815346739e+00 1.010040307093377798e+01
-1.865421386653214775e+00 1.086590231593910971e+01
-1.863863623491082588e+00 1.343936129527394918e+01
-1.862305860328950402e+00 1.449153819519885111e+01
-1.860748097166818216e+00 1.142135527013286911e+01
-1.859190334004686251e+00 9.353771324108683061e+00
-1.857632570842554065e+00 1.138648187491480712e+01
-1.856074807680421879e+00 1.057861448749124555e+01
-1.854517044518289914e+00 1.300741304927039010e+01
-1.852959281356157728e+00 1.451656639658122572e+01
-1.851401518194025542e+00 1.198373022090741102e+01
-1.849843755031893355e+00 1.187806360617426371e+01
-1.848285991869761391e+00 1.353662264532010973e+01
-1.846728228707629205e+00 1.479546749486752688e+01
-1.845170465545497018e+00 1.389526346453394900e+01
-1.843612702383365054e+00 1.374316571330646042e+01
-1.842054939221232868e+00 1.456078270185047252e+01
-1.840497176059100681e+00 1.212827525016278507e+01
-1.838939412896968717e+00 1.311666692753702179e+01
-1.837381649734836531e+00 1.360945636156238336e+01
-1.835823886572704344e+00 1.095124644613154885e+01
-1.834266123410572158e+00 1.217834893444221933e+01
-1.832708360248440194e+00 1.361844651504496362e+01
-1.831150597086308007e+00 1.334413237828068333e+01
-1.829592833924175821e+00 1.321770842770007803e+01
-1.828035070762043857e+00 1.408439188220492078e+01
-1.826477307599911670e+00 1.461176352032227221e+01
-1.824919544437779484e+00 1.503249742704768899e+01
-1.823361781275647520e+00 1.443414716637761686e+01
-1.821804018113515333e+00 1.101652471268328526e+01
-1.820246254951383147e+00 1.159184697993403823e+01
-1.818688491789250961e+00 1.382029349339834212e+01
-1.817130728627118996e+00 1.354736524204857950e+01
-1.815572965464986810e+00 1.376068802785853507e+01
-1.814015202302854624e+00 1.333373746972833551e+01
-1.812457439140722659e+00 1.286669214511305626e+01
-1.810899675978590473e+00 1.293160583800447938e+01
-1.809341912816458287e+00 1.288525979927539744e+01
-1.807784149654326100e+00 1.322070572278958167e+01
-1.806226386492194136e+00 1.148539629574749377e+01
-1.804668623330061950e+00 1.325434389811828417e+01
-1.803110860167929763e+00 1.439795692815852490e+01
-1.801553097005797799e+00 1.027258486378228675e+01
-1.799995333843665613e+00 1.242074675095092928e+01
-1.798437570681533426e+00 1.323387675268290842e+01
-1.796879807519401462e+00 1.309396062945039318e+01
-1.795322044357269275e+00 1.679868875498538827e+01
-1.793764281195137089e+00 1.674827228049919370e+01
-1.792206518033004903e+00 1.777890267321716067e+01
-1.790648754870872938e+00 1.638708709726340729e+01
-1.789090991708740752e+00 9.007363588087470063e+00
-1.787533228546608566e+00 1.237809351570650662e+01
-1.785975465384476601e+00 1.279000742384944722e+01
-1.784417702222344415e+00 1.055759325297239570e+01
-1.782859939060212229e+00 1.110694061726509929e+01
-1.781302175898080042e+00 1.210264653097577714e+01
-1.779744412735948078e+00 1.400115860587763983e+01
-1.778186649573815892e+00 1.305998768992640002e+01
-1.776628886411683705e+00 1.384419971590899046e+01
-1.775071123249551741e+00 1.503107075292102834e+01
-1.773513360087419555e+00 1.137193254710637191e+01
-1.771955596925287368e+00 1.258148695878277756e+01
-1.770397833763155404e+00 1.290010258697197898e+01
-1.768840070601023218e+00 1.190371353530247056e+01
-1.767282307438891031e+00 1.195266144777836814e+01
-1.765724544276758845e+00 1.293716860195393892e+01
-1.764166781114626881e+00 1.521217291894983070e+01
-1.762609017952494694e+00 1.379745285243055264e+01
-1.761051254790362508e+00 1.129861218050412752e+01
-1.759493491628230544e+00 1.358715624994137627e+01
-1.757935728466098357e+00 1.243555929814118066e+01
-1.756377965303966171e+00 1.085102288962001715e+01
-1.754820202141834207e+00 1.424338244197334546e+01
-1.753262438979702020e+00 1.529010114717794977e+01
-1.751704675817569834e+00 1.130376586611878054e+01
-1.750146912655437648e+00 1.107267781618792846e+01
-1.748589149493305683e+00 1.188492884353730972e+01
-1.747031386331173497e+00 9.944510601676464390e+00
-1.745473623169041311e+00 1.011997606592509591e+01
-1.743915860006909346e+00 1.305549368352400030e+01
-1.742358096844777160e+00 1.383649949565916870e+01
-1.740800333682644974e+00 1.383865207571208344e+01
-1.739242570520512787e+00 1.595278206695091860e+01
-1.737684807358380823e+00 1.221966822728200341e+01
-1.736127044196248637e+00 9.909047952377093793e+00
-1.734569281034116450e+00 1.288750472453478757e+01
-1.733011517871984486e+00 1.487956057617267724e+01
-1.731453754709852300e+00 1.693703842322728192e+01
-1.729895991547720113e+00 1.677472478639998954e+01
-1.728338228385588149e+00 1.349958733650988485e+01
-1.726780465223455963e+00 1.303763854152250978e+01
-1.725222702061323776e+00 1.500275229794763732e+01
-1.723664938899191590e+00 1.273808008536837555e+01
-1.722107175737059626e+00 1.049752190234398874e+01
-1.720549412574927439e+00 1.233412552246970506e+01
-1.718991649412795253e+00 1.518441228956376854e+01
-1.717433886250663289e+00 1.541007386382817224e+01
-1.715876123088531102e+00 1.183301898103727190e+01
-1.714318359926398916e+00 9.475390052681508024e+00
-1.712760596764266952e+00 1.176094547854419936e+01
-1.711202833602134765e+00 1.293281035194767803e+01
-1.709645070440002579e+00 1.290887345038090750e+01
-1.708087307277870392e+00 1.251688670391896530e+01
-1.706529544115738428e+00 1.171772167188723479e+01
-1.704971780953606242e+00 1.451001954942846695e+01
-1.703414017791474055e+00 1.235693982833038618e+01
-1.701856254629342091e+00 1.027338006412968063e+01
-1.700298491467209905e+00 1.355502370892620334e+01
-1.698740728305077718e+00 1.321831987810966602e+01
-1.697182965142945532e+00 1.235107434580785046e+01
-1.695625201980813568e+00 1.379572844389542219e+01
-1.694067438818681381e+00 1.336476959078792781e+01
-1.692509675656549195e+00 1.254990024668805226e+01
-1.690951912494417231e+00 1.311068403677525929e+01
-1.689394149332285044e+00 1.440631331457445796e+01
-1.687836386170152858e+00 1.248051329218870187e+01
-1.686278623008020894e+00 1.171653442574041648e+01
-1.684720859845888707e+00 1.226492613579555169e+01
-1.683163096683756521e+00 1.140034965180838178e+01
-1.681605333521624335e+00 1.080466106404577253e+01
-1.680047570359492370e+00 1.358292140447950835e+01
-1.678489807197360184e+00 1.454869351270614253e+01
-1.676932044035227998e+00 1.115982916435160810e+01
-1.675374280873096033e+00 1.284665553762041945e+01
-1.673816517710963847e+00 1.425517572045399817e+01
-1.672258754548831661e+00 1.286933166810588247e+01
-1.670700991386699696e+00 1.147696100572610867e+01
-1.669143228224567510e+00 1.173236372725866872e+01
-1.667585465062435324e+00 1.231405555385366490e+01
-1.666027701900303137e+00 1.154319564438176648e+01
-1.664469938738171173e+00 1.016035269674675767e+01
-1.662912175576038987e+00 9.858820621717100607e+00
-1.661354412413906800e+00 1.079161758229935941e+01
-1.659796649251774836e+00 1.232251137722686885e+01
-1.658238886089642650e+00 1.302431891494699379e+01
-1.656681122927510463e+00 1.051369780924838793e+01
-1.655123359765378277e+00 1.017061175422109010e+01
-1.653565596603246313e+00 1.070776257557010958e+01
-1.652007833441114126e+00 1.278903207236531614e+01
-1.650450070278981940e+00 1.463716800982751742e+01
-1.648892307116849976e+00 1.391917990269321770e+01
-1.647334543954717789e+00 1.378757149937241522e+01
-1.645776780792585603e+00 1.145826405775363810e+01
-1.644219017630453639e+00 1.180121884086644890e+01
-1.642661254468321452e+00 1.366597775202986220e+01
-1.641103491306189266e+00 1.041296111167053695e+01
-1.639545728144057080e+00 1.050665588541053630e+01
-1.637987964981925115e+00 1.140807973764836092e+01
-1.636430201819792929e+00 1.176329407883538281e+01
-1.634872438657660743e+00 1.330636104800407793e+01
-1.633314675495528778e+00 1.303521683743778148e+01
-1.631756912333396592e+00 1.397594174297154623e+01
-1.630199149171264406e+00 1.569528758254148038e+01
-1.628641386009132219e+00 1.484768110553807219e+01
-1.627083622847000255e+00 1.252071544397093561e+01
-1.625525859684868069e+00 1.017444544486184732e+01
-1.623968096522735882e+00 1.181486813183582463e+01
-1.622410333360603918e+00 1.158878099405839457e+01
-1.620852570198471732e+00 9.244181974526169299e+00
-1.619294807036339545e+00 8.920123274352055986e+00
-1.617737043874207581e+00 1.186645507425431134e+01
-1.616179280712075395e+00 1.597646064805754662e+01
-1.614621517549943208e+00 1.412367068174733298e+01
-1.613063754387811022e+00 9.303243415449024667e+00
-1.611505991225679058e+00 8.899119027335800070e+00
-1.609948228063546871e+00 1.094924429529678811e+01
-1.608390464901414685e+00 1.201100124367181010e+01
-1.606832701739282721e+00 1.331234964050405978e+01
-1.605274938577150534e+00 1.271330654475946531e+01
-1.603717175415018348e+00 1.158519301145918945e+01
-1.602159412252886383e+00 1.309855384228607811e+01
-1.600601649090754197e+00 1.185054942631773578e+01
-1.599043885928622011e+00 1.294594082659823542e+01
-1.597486122766489824e+00 1.372794220355323525e+01
-1.595928359604357860e+00 1.434718305573884400e+01
-1.594370596442225674e+00 1.310627587130032268e+01
-1.592812833280093487e+00 1.206473944581485291e+01
-1.591255070117961523e+00 1.272663336791957889e+01
-1.589697306955829337e+00 1.349653759496676741e+01
-1.588139543793697150e+00 1.406057496762464432e+01
-1.586581780631564964e+00 1.363202753997532568e+01
-1.585024017469433000e+00 1.377954378630454713e+01
-1.583466254307300813e+00 1.215419454041860980e+01
-1.581908491145168627e+00 1.171535881901052889e+01
-1.580350727983036663e+00 1.324978306700333519e+01
-1.578792964820904476e+00 1.375755305596177536e+01
-1.577235201658772290e+00 1.267243419606275090e+01
-1.575677438496640326e+00 1.271300685675321596e+01
-1.574119675334508139e+00 1.505061406317426176e+01
-1.572561912172375953e+00 1.445918996911398935e+01
-1.571004149010243767e+00 1.063537588016774649e+01
-1.569446385848111802e+00 9.682221556022135189e+00
-1.567888622685979616e+00 1.400338092558607350e+01
-1.566330859523847430e+00 1.323231587450964497e+01
-1.564773096361715465e+00 8.807438439865375557e+00
-1.563215333199583279e+00 7.981807969883642606e+00
-1.561657570037451093e+00 1.136887009155739747e+01
-1.560099806875319128e+00 1.430623798365937738e+01
-1.558542043713186942e+00 1.068512634454556576e+01
-1.556984280551054756e+00 8.639480233767038442e+00
-1.555426517388922569e+00 1.287511790594897754e+01
-1.553868754226790605e+00 1.372064970665235606e+01
-1.552310991064658419e+00 1.289567741305403459e+01
-1.550753227902526232e+00 1.479810574104712018e+01
-1.549195464740394268e+00 1.646414331167560974e+01
-1.547637701578262082e+00 1.445194639474796361e+01
-1.546079938416129895e+00 1.228370932276444094e+01
-1.544522175253997709e+00 1.375994464605679113e+01
-1.542964412091865745e+00 1.655283716238890079e+01
-1.541406648929733558e+00 1.502768613645758577e+01
-1.539848885767601372e+00 1.065715447114997438e+01
-1.538291122605469408e+00 1.084323810339354743e+01
-1.536733359443337221e+00 1.389655765078404137e+01
-1.535175596281205035e+00 1.523861870749919412e+01
-1.533617833119073071e+00 1.492420124162148021e+01
-1.532060069956940884e+00 1.550190064187559713e+01
-1.530502306794808698e+00 1.701032535451751926e+01
-1.528944543632676512e+00 1.527066340212537199e+01
-1.527386780470544547e+00 1.371834715664864213e+01
-1.525829017308412361e+00 1.310639387286795809e+01
-1.524271254146280175e+00 1.127757328119034419e+01
-1.522713490984148210e+00 1.382536269324851830e+01
-1.521155727822016024e+00 1.674525166670690624e+01
-1.519597964659883838e+00 1.333927310202467176e+01
-1.518040201497751651e+00 1.103309133294266964e+01
-1.516482438335619687e+00 1.393373026538161064e+01
-1.514924675173487501e+00 1.600660752108580454e+01
-1.513366912011355314e+00 1.399459999641734242e+01
-1.511809148849223350e+00 1.411898774264258627e+01
-1.510251385687091163e+00 1.558529673785938385e+01
-1.508693622524958977e+00 1.256804537254017085e+01
-1.507135859362827013e+00 1.154221891239503428e+01
-1.505578096200694826e+00 1.348261493348542217e+01
-1.504020333038562640e+00 1.325569249938464367e+01
-1.502462569876430454e+00 1.249054653607661436e+01
-1.500904806714298489e+00 1.473644165799978190e+01
-1.499347043552166303e+00 1.503618296027695145e+01
-1.497789280390034117e+00 1.350216241670295325e+01
-1.496231517227902152e+00 1.253793973413380947e+01
-1.494673754065769966e+00 1.363476730221723798e+01
-1.493115990903637780e+00 1.416888256661911782e+01
-1.491558227741505815e+00 1.474965524145289208e+01
-1.490000464579373629e+00 1.539093540258954285e+01
-1.488442701417241443e+00 1.350258769467975384e+01
-1.486884938255109256e+00 1.285317650040924420e+01
-1.485327175092977292e+00 1.399578115811246093e+01
-1.483769411930845106e+00 1.179883980558854972e+01
-1.482211648768712919e+00 9.610209530667521705e+00
-1.480653885606580955e+00 9.575253339664133279e+00
-1.479096122444448769e+00 1.083424299884200259e+01
-1.477538359282316582e+00 1.352334130344929264e+01
-1.475980596120184396e+00 1.434861613053912244e+01
-1.474422832958052432e+00 1.326370927753262308e+01
-1.472865069795920245e+00 1.401346742867662876e+01
-1.471307306633788059e+00 1.113767356332697034e+01
-1.469749543471656095e+00 1.329724871537561626e+01
-1.468191780309523908e+00 1.575159363483378883e+01
-1.466634017147391722e+00 1.433612166287952761e+01
-1.465076253985259758e+00 1.429542795983702952e+01
-1.463518490823127571e+00 1.524065376962162865e+01
-1.461960727660995385e+00 1.528187525184113227e+01
-1.460402964498863199e+00 1.255123345449237782e+01
-1.458845201336731234e+00 9.539386261594106742e+00
-1.457287438174599048e+00 1.504607932158004324e+01
-1.455729675012466862e+00 1.459681699786172260e+01
-1.454171911850334897e+00 1.330529930227952029e+01
-1.452614148688202711e+00 1.223189651113620435e+01
-1.451056385526070525e+00 1.068650563400845321e+01
-1.449498622363938560e+00 1.315437131567280815e+01
-1.447940859201806374e+00 1.506791608933703408e+01
-1.446383096039674188e+00 1.494020797905309550e+01
-1.444825332877542001e+00 1.379059766927351305e+01
-1.443267569715410037e+00 1.132553715573214603e+01
-1.441709806553277851e+00 1.467842492890016182e+01
-1.440152043391145664e+00 1.322674404960741690e+01
-1.438594280229013700e+00 1.175721158534137345e+01
-1.437036517066881514e+00 1.283982069723025887e+01
-1.435478753904749327e+00 1.323228450256624100e+01
-1.433920990742617141e+00 1.563258790232828233e+01
-1.432363227580485177e+00 1.426952815522310125e+01
-1.430805464418352990e+00 1.108181105804755617e+01
-1.429247701256220804e+00 1.091209229842365858e+01
-1.427689938094088840e+00 1.095199712114372126e+01
-1.426132174931956653e+00 1.018097565789521575e+01
-1.424574411769824467e+00 1.107078913167710610e+01
-1.423016648607692503e+00 9.698872918978725721e+00
-1.421458885445560316e+00 9.505157040413401148e+00
-1.419901122283428130e+00 1.524086643898481519e+01
-1.418343359121295943e+00 1.331498304058962745e+01
-1.416785595959163979e+00 9.340608330499861722e+00
-1.415227832797031793e+00 1.106120986380555316e+01
-1.413670069634899606e+00 1.211721695556225065e+01
-1.412112306472767642e+00 1.292267559693300960e+01
-1.410554543310635456e+00 1.314058876455936620e+01
-1.408996780148503269e+00 1.307021153038937022e+01
-1.407439016986371305e+00 1.217653827769190045e+01
-1.405881253824239119e+00 1.302262753312528254e+01
-1.404323490662106932e+00 1.800376296460696324e+01
-1.402765727499974746e+00 1.331161323933756968e+01
-1.401207964337842782e+00 1.162756150704221625e+01
-1.399650201175710595e+00 1.319885092542866012e+01
-1.398092438013578409e+00 1.236485016556289196e+01
-1.396534674851446445e+00 1.290062893110362019e+01
-1.394976911689314258e+00 1.201789814793605871e+01
-1.393419148527182072e+00 9.919092027145000046e+00
-1.391861385365049886e+00 8.383950636833521486e+00
-1.390303622202917921e+00 1.078375008384495004e+01
-1.388745859040785735e+00 1.793478965795398139e+01
-1.387188095878653549e+00 1.732741843567469076e+01
-1.385630332716521584e+00 1.177935373902575300e+01
-1.384072569554389398e+00 9.632256926139733721e+00
-1.382514806392257212e+00 1.300303112589845966e+01
-1.380957043230125247e+00 1.431096963002256750e+01
-1.379399280067993061e+00 7.301746370966286648e+00
-1.377841516905860875e+00 1.030132967492204088e+01
-1.376283753743728688e+00 1.481653878058385843e+01
-1.374725990581596724e+00 1.316938184864724626e+01
-1.373168227419464538e+00 1.332795282698687700e+01
-1.371610464257332351e+00 1.464702459850574812e+01
-1.370052701095200387e+00 1.498997021189714651e+01
-1.368494937933068201e+00 1.338761010067868007e+01
-1.366937174770936014e+00 1.099295067255631686e+01
-1.365379411608803828e+00 1.442383459917383171e+01
-1.363821648446671864e+00 1.566350965835928122e+01
-1.362263885284539677e+00 1.323675398559323924e+01
-1.360706122122407491e+00 1.380222525200414729e+01
-1.359148358960275527e+00 1.513500498547335837e+01
-1.357590595798143340e+00 1.585214640935296870e+01
-1.356032832636011154e+00 1.617437869428955111e+01
-1.354475069473879190e+00 1.370466657196658211e+01
-1.352917306311747003e+00 1.377756028044160885e+01
-1.351359543149614817e+00 1.397425801885207974e+01
-1.349801779987482631e+00 1.001381332525287782e+01
-1.348244016825350666e+00 7.779129863579300697e+00
-1.346686253663218480e+00 1.249629969736304425e+01
-1.345128490501086294e+00 1.673642397172807961e+01
-1.343570727338954329e+00 1.342955287936811004e+01
-1.342012964176822143e+00 1.008094057743822169e+01
-1.340455201014689957e+00 1.178240404370543182e+01
-1.338897437852557992e+00 1.394081804158088822e+01
-1.337339674690425806e+00 1.358332384304571683e+01
-1.335781911528293620e+00 1.097032207170070528e+01
-1.334224148366161433e+00 1.055650845011685313e+01
-1.332666385204029469e+00 1.283513737290830115e+01
-1.331108622041897283e+00 1.490222511544919470e+01
-1.329550858879765096e+00 1.390129762730242113e+01
-1.327993095717633132e+00 1.091376010335427438e+01
-1.326435332555500946e+00 9.272105628077669692e+00
-1.324877569393368759e+00 1.029212352739119218e+01
-1.323319806231236573e+00 1.283587738650159160e+01
-1.321762043069104609e+00 1.127886234123194953e+01
-1.320204279906972422e+00 1.378678996522589095e+01
-1.318646516744840236e+00 1.498375383610117773e+01
-1.317088753582708271e+00 9.349370813870258701e+00
-1.315530990420576085e+00 1.159163330313211837e+01
-1.313973227258443899e+00 1.637931062354020639e+01
-1.312415464096311934e+00 1.364035851578991121e+01
-1.310857700934179748e+00 1.233278903233862067e+01
-1.309299937772047562e+00 1.344927972274879302e+01
-1.307742174609915375e+00 1.375914284188566405e+01
-1.306184411447783411e+00 1.349634497122493038e+01
-1.304626648285651225e+00 1.311511637224718996e+01
-1.303068885123519038e+00 1.311005191977595175e+01
-1.301511121961387074e+00 1.374961170552391287e+01
-1.299953358799254888e+00 1.308934372917778965e+01
-1.298395595637122701e+00 1.166689105583163943e+01
-1.296837832474990737e+00 1.182046265758568637e+01
-1.295280069312858551e+00 1.195090866909249172e+01
-1.293722306150726364e+00 1.339399567897958931e+01
-1.292164542988594178e+00 1.411768568973803717e+01
-1.290606779826462214e+00 1.365102416374675975e+01
-1.289049016664330027e+00 1.202848364028582573e+01
-1.287491253502197841e+00 1.178000355303301383e+01
-1.285933490340065877e+00 1.248470417423385292e+01
-1.284375727177933690e+00 1.281430278653682286e+01
-1.282817964015801504e+00 1.207109457264519570e+01
-1.281260200853669318e+00 1.074715403488880483e+01
-1.279702437691537353e+00 1.129274810045428623e+01
-1.278144674529405167e+00 1.097653102067382491e+01
-1.276586911367272981e+00 1.097417673823581374e+01
-1.275029148205141016e+00 1.072144430793607306e+01
-1.273471385043008830e+00 1.131442883587467563e+01
-1.271913621880876644e+00 1.394009654429568457e+01
-1.270355858718744679e+00 1.244047668888985569e+01
-1.268798095556612493e+00 1.182961904401255282e+01
-1.267240332394480307e+00 1.365037557676304480e+01
-1.265682569232348120e+00 1.135284483440339010e+01
-1.264124806070216156e+00 1.075602938945084475e+01
-1.262567042908083970e+00 1.347879008158741776e+01
-1.261009279745951783e+00 1.215967098766344634e+01
-1.259451516583819819e+00 1.082613901035738557e+01
-1.257893753421687633e+00 1.263883262268436525e+01
-1.256335990259555446e+00 1.285922938522633707e+01
-1.254778227097423482e+00 1.415201171560094906e+01
-1.253220463935291296e+00 1.646229557792104004e+01
-1.251662700773159109e+00 1.364521931455599990e+01
-1.250104937611026923e+00 1.368869690533380279e+01
-1.248547174448894959e+00 1.604868026999094965e+01
-1.246989411286762772e+00 1.530900740431804685e+01
-1.245431648124630586e+00 1.580728170978195379e+01
-1.243873884962498622e+00 1.681592027497093156e+01
-1.242316121800366435e+00 1.383736782322159087e+01
-1.240758358638234249e+00 1.200187266453794344e+01
-1.239200595476102063e+00 1.554991090965147649e+01
-1.237642832313970098e+00 1.566806119923571927e+01
-1.236085069151837912e+00 1.209993839983787112e+01
-1.234527305989705726e+00 9.477904460874048809e+00
-1.232969542827573761e+00 9.534242716869382406e+00
-1.231411779665441575e+00 1.411622253647381697e+01
-1.229854016503309388e+00 1.718375856207663332e+01
-1.228296253341177424e+00 1.512635073061256286e+01
-1.226738490179045238e+00 1.085860642968091305e+01
-1.225180727016913051e+00 1.157124328192698037e+01
-1.223622963854780865e+00 1.417807236171044494e+01
-1.222065200692648901e+00 1.297157628061213330e+01
-1.220507437530516714e+00 1.323577314279564732e+01
-1.218949674368384528e+00 1.334905388173777574e+01
-1.217391911206252564e+00 1.248089007236009529e+01
-1.215834148044120377e+00 1.394548911901325816e+01
-1.214276384881988191e+00 1.366539786132929812e+01
-1.212718621719856005e+00 1.286209992756433707e+01
-1.211160858557724040e+00 1.321783058622917650e+01
-1.209603095395591854e+00 1.243404340010961207e+01
-1.208045332233459668e+00 1.097123531913577210e+01
-1.206487569071327703e+00 9.795357690092865610e+00
-1.204929805909195517e+00 1.317444963178265738e+01
-1.203372042747063331e+00 1.386771674608406535e+01
-1.201814279584931366e+00 1.282866610520835415e+01
-1.200256516422799180e+00 1.163465705216451163e+01
-1.198698753260666994e+00 1.139799396242060325e+01
-1.197140990098534807e+00 1.430001575737435893e+01
-1.195583226936402843e+00 1.676380578940989707e+01
-1.194025463774270657e+00 1.541169075880639028e+01
-1.192467700612138470e+00 1.292476493620463884e+01
-1.190909937450006506e+00 1.361413711743711374e+01
-1.189352174287874320e+00 1.562773935650448465e+01
-1.187794411125742133e+00 1.459898086935028161e+01
-1.186236647963609947e+00 1.429511650280053026e+01
-1.184678884801477761e+00 1.498477204959367270e+01
-1.183121121639346018e+00 1.371008041470170369e+01
-1.181563358477213832e+00 1.270318242004719522e+01
-1.180005595315081646e+00 1.280907928925224581e+01
-1.178447832152949459e+00 1.256048885718081998e+01
-1.176890068990817273e+00 1.263999131592385083e+01
-1.175332305828685087e+00 1.051490856125838391e+01
-1.173774542666552900e+00 1.161588895123167298e+01
-1.172216779504421158e+00 1.214563529744534520e+01
-1.170659016342288972e+00 1.196305855250421679e+01
-1.169101253180156785e+00 1.362292580224156957e+01
-1.167543490018024599e+00 1.317916892992709421e+01
-1.165985726855892413e+00 1.393904084175550295e+01
-1.164427963693760226e+00 1.379856773865210862e+01
-1.162870200531628040e+00 1.074025976379341429e+01
-1.161312437369496298e+00 1.119339107265929378e+01
-1.159754674207364111e+00 1.379131214010410389e+01
-1.158196911045231925e+00 1.705948594309796817e+01
-1.156639147883099739e+00 1.293699174629172255e+01
-1.155081384720967552e+00 9.723766919459647440e+00
-1.153523621558835366e+00 8.900509442885608635e+00
-1.151965858396703624e+00 8.896947589517891331e+00
-1.150408095234571437e+00 1.216104042681436326e+01
-1.148850332072439251e+00 1.208691279288774290e+01
-1.147292568910307065e+00 1.138799558973957282e+01
-1.145734805748174878e+00 1.548248403101137782e+01
-1.144177042586042692e+00 1.749954230490811113e+01
-1.142619279423910505e+00 1.112922259986511442e+01
-1.141061516261778763e+00 8.987643413129259073e+00
-1.139503753099646577e+00 1.413329066529767708e+01
-1.137945989937514391e+00 1.522318327191400300e+01
-1.136388226775382204e+00 1.465343846468371147e+01
-1.134830463613250018e+00 1.512309167994981429e+01
-1.133272700451117831e+00 1.151584704678978355e+01
-1.131714937288985645e+00 1.052955301599867433e+01
-1.130157174126853903e+00 1.250672632728615419e+01
-1.128599410964721717e+00 1.288714409493965185e+01
-1.127041647802589530e+00 1.500452980578825724e+01
-1.125483884640457344e+00 1.740671682275883114e+01
-1.123926121478325157e+00 1.652034791702177685e+01
-1.122368358316192971e+00 1.200508628502437958e+01
-1.120810595154060785e+00 1.422365491752877276e+01
-1.119252831991929042e+00 1.352179488397958274e+01
-1.117695068829796856e+00 1.177389831276962440e+01
-1.116137305667664670e+00 1.090766454730206370e+01
-1.114579542505532483e+00 1.201998387289419590e+01
-1.113021779343400297e+00 1.402907634143632976e+01
-1.111464016181268111e+00 1.330154942852859712e+01
-1.109906253019136368e+00 1.344549091554687870e+01
-1.108348489857004182e+00 1.427270587920576972e+01
-1.106790726694871996e+00 1.225165639901782022e+01
-1.105232963532739809e+00 1.297233973668089035e+01
-1.103675200370607623e+00 1.406352926811407222e+01
-1.102117437208475437e+00 1.313555311902435463e+01
-1.100559674046343250e+00 1.158217002501199389e+01
-1.099001910884211508e+00 1.269364047565887788e+01
-1.097444147722079322e+00 1.278049654700382476e+01
-1.095886384559947135e+00 1.129891811857687323e+01
-1.094328621397814949e+00 1.067099956909529723e+01
-1.092770858235682763e+00 1.082024224329160056e+01
-1.091213095073550576e+00 1.365118215278282143e+01
-1.089655331911418390e+00 1.536242921941206951e+01
-1.088097568749286648e+00 1.581979136936555719e+01
-1.086539805587154461e+00 1.549986752628839071e+01
-1.084982042425022275e+00 1.318547709203013696e+01
-1.083424279262890089e+00 1.130032074669793829e+01
-1.081866516100757902e+00 1.208155266854408083e+01
-1.080308752938625716e+00 1.302695825201364777e+01
-1.078750989776493530e+00 1.397129360844307833e+01
-1.077193226614361787e+00 1.578906569943398708e+01
-1.075635463452229601e+00 1.319674856217987546e+01
-1.074077700290097415e+00 1.041199889596883921e+01
-1.072519937127965228e+00 1.404518351659502251e+01
-1.070962173965833042e+00 1.532426822166545577e+01
-1.069404410803700856e+00 1.664744852323352831e+01
-1.067846647641569113e+00 1.502295278487155805e+01
-1.066288884479436927e+00 1.069190986499704721e+01
-1.064731121317304741e+00 1.299209972046759098e+01
-1.063173358155172554e+00 1.357231707713573599e+01
-1.061615594993040368e+00 1.311177353940384194e+01
-1.060057831830908182e+00 1.209888242989565832e+01
-1.058500068668775995e+00 9.975848788969013725e+00
-1.056942305506644253e+00 1.228676629188205105e+01
-1.055384542344512067e+00 1.569421728156190277e+01
-1.053826779182379880e+00 1.516883306053868452e+01
-1.052269016020247694e+00 1.491838074357451305e+01
-1.050711252858115508e+00 1.624147746127618674e+01
-1.049153489695983321e+00 1.605150273297113372e+01
-1.047595726533851135e+00 1.610886244838396664e+01
-1.046037963371719393e+00 1.552887527763135367e+01
-1.044480200209587206e+00 1.626197894737558158e+01
-1.042922437047455020e+00 1.464488745691331495e+01
-1.041364673885322834e+00 1.284482337812631769e+01
-1.039806910723190647e+00 1.315490903898734310e+01
-1.038249147561058461e+00 1.360534692334440443e+01
-1.036691384398926274e+00 1.531272691585658841e+01
-1.035133621236794532e+00 1.673569718830728448e+01
-1.033575858074662346e+00 1.702987250758486937e+01
-1.032018094912530159e+00 1.343019637290430524e+01
-1.030460331750397973e+00 1.573317283652876952e+01
-1.028902568588265787e+00 1.658105826394856308e+01
-1.027344805426133600e+00 1.520336965043833111e+01
-1.025787042264001858e+00 1.463026581851705643e+01
-1.024229279101869672e+00 1.330094282032296427e+01
-1.022671515939737485e+00 1.264668465394685093e+01
-1.021113752777605299e+00 1.321272313208315907e+01
-1.019555989615473113e+00 1.492047970991162131e+01
-1.017998226453340926e+00 1.540474453065431781e+01
-1.016440463291208740e+00 1.597340417782535837e+01
-1.014882700129076998e+00 1.629336228038813061e+01
-1.013324936966944811e+00 1.433449092693122218e+01
-1.011767173804812625e+00 1.653790486651897851e+01
-1.010209410642680439e+00 1.586636878279916907e+01
-1.008651647480548252e+00 1.669393675413559919e+01
-1.007093884318416066e+00 1.571489140518607819e+01
-1.005536121156283880e+00 1.657362248777391400e+01
-1.003978357994152137e+00 1.536606534287790993e+01
-1.002420594832019951e+00 1.187421809570187570e+01
-1.000862831669887765e+00 1.374682061980316305e+01
-9.993050685077555784e-01 1.675801151987311499e+01
-9.977473053456233920e-01 1.649187843531954911e+01
-9.961895421834912057e-01 1.589036401450494651e+01
-9.946317790213590193e-01 1.537727275114361269e+01
-9.930740158592272770e-01 1.464474329504120576e+01
-9.915162526970950907e-01 1.347337138319595873e+01
-9.899584895349629043e-01 1.636780624597370348e+01
-9.884007263728307180e-01 1.631330855365410315e+01
-9.868429632106985316e-01 1.235311545491216734e+01
-9.852852000485663453e-01 1.360708213079002782e+01
-9.837274368864341589e-01 1.596472531094435610e+01
-9.821696737243024167e-01 1.523296130039798868e+01
-9.806119105621702303e-01 1.593049498935708286e+01
-9.790541474000380440e-01 1.696071417818698279e+01
-9.774963842379058576e-01 1.413603695210832711e+01
-9.759386210757736713e-01 1.409255667405546220e+01
-9.743808579136414849e-01 1.713740516217245258e+01
-9.728230947515097427e-01 1.569956669563722507e+01
-9.712653315893775563e-01 1.432205539714594522e+01
-9.697075684272453699e-01 1.474128399707464787e+01
-9.681498052651131836e-01 1.444401948518581058e+01
-9.665920421029809972e-01 1.364955588857197100e+01
-9.650342789408488109e-01 1.409719984987578556e+01
-9.634765157787166245e-01 1.551700126953185510e+01
-9.619187526165848823e-01 1.461064760469585089e+01
-9.603609894544526959e-01 1.281189885596482725e+01
-9.588032262923205096e-01 1.347097869041253482e+01
-9.572454631301883232e-01 1.640239821567781675e+01
-9.556876999680561369e-01 1.632321004873444892e+01
-9.541299368059239505e-01 1.358066276952323292e+01
-9.525721736437917642e-01 1.633773586972586855e+01
-9.510144104816600219e-01 1.643932485487329842e+01
-9.494566473195278355e-01 1.271695421082678124e+01
-9.478988841573956492e-01 1.253501736206606942e+01
-9.463411209952634628e-01 1.346856144375446362e+01
-9.447833578331312765e-01 1.230906836972691920e+01
-9.432255946709990901e-01 1.334240475984452878e+01
-9.416678315088669038e-01 1.246026502264935054e+01
-9.401100683467351615e-01 1.037149959652307629e+01
-9.385523051846029752e-01 1.139238984319225878e+01
-9.369945420224707888e-01 1.516593609967392631e+01
-9.354367788603386025e-01 1.716094192047096811e+01
-9.338790156982064161e-01 1.422659131540592270e+01
-9.323212525360742298e-01 1.425243155026590713e+01
-9.307634893739424875e-01 1.554890545580544625e+01
-9.292057262118103012e-01 1.292884828332846681e+01
-9.276479630496781148e-01 1.245288225091138479e+01
-9.260901998875459284e-01 1.327621312512537521e+01
-9.245324367254137421e-01 1.391283409910067448e+01
-9.229746735632815557e-01 1.469381767232944114e+01
-9.214169104011493694e-01 1.616108076471715194e+01
-9.198591472390176271e-01 1.668052934785092134e+01
-9.183013840768854408e-01 1.273531451633398959e+01
-9.167436209147532544e-01 9.422501417687122682e+00
-9.151858577526210681e-01 1.209225767446807431e+01
-9.136280945904888817e-01 1.370777361762062618e+01
-9.120703314283566954e-01 9.442538920885727549e+00
-9.105125682662245090e-01 1.413596354352622875e+01
-9.089548051040927668e-01 2.015033794472464379e+01
-9.073970419419605804e-01 1.391866804809562552e+01
-9.058392787798283941e-01 1.459769030126757450e+01
-9.042815156176962077e-01 1.683825928006343986e+01
-9.027237524555640213e-01 1.437130859051560172e+01
-9.011659892934318350e-01 1.385976680630907865e+01
-8.996082261312996486e-01 1.329769139651696896e+01
-8.980504629691679064e-01 1.480857736339472197e+01
-8.964926998070357200e-01 1.404634441349430318e+01
-8.949349366449035337e-01 1.131845106225520325e+01
-8.933771734827713473e-01 1.786328007694084263e+01
-8.918194103206391610e-01 2.126666170648184817e+01
-8.902616471585069746e-01 1.601395999829736638e+01
-8.887038839963752324e-01 1.489094978784696721e+01
-8.871461208342430460e-01 1.605315583099120502e+01
-8.855883576721108597e-01 1.582993888586057096e+01
-8.840305945099786733e-01 1.533404452723653577e+01
-8.824728313478464869e-01 1.654070366780397094e+01
-8.809150681857143006e-01 1.415409597954198873e+01
-8.793573050235821142e-01 1.270611023253023575e+01
-8.777995418614503720e-01 1.321796882391685379e+01
-8.762417786993181856e-01 1.261525958560266147e+01
-8.746840155371859993e-01 1.396616709242251630e+01
-8.731262523750538129e-01 1.602412111125931915e+01
-8.715684892129216266e-01 1.448940746752020026e+01
-8.700107260507894402e-01 1.376430669661927730e+01
-8.684529628886572539e-01 1.967651395347278509e+01
-8.668951997265255116e-01 1.915553881356352761e+01
-8.653374365643933253e-01 1.851133194559626816e+01
-8.637796734022611389e-01 1.597613549501081387e+01
-8.622219102401289526e-01 1.534162353550899560e+01
-8.606641470779967662e-01 1.761004187874595672e+01
-8.591063839158645798e-01 1.503508554763399729e+01
-8.575486207537323935e-01 1.386394823207723448e+01
-8.559908575916006512e-01 1.451033644582946813e+01
-8.544330944294684649e-01 1.521396746801511668e+01
-8.528753312673362785e-01 1.886032366666626103e+01
-8.513175681052040922e-01 1.867717734004293462e+01
-8.497598049430719058e-01 1.889162620048433894e+01
-8.482020417809397195e-01 1.749756123915079797e+01
-8.466442786188079772e-01 1.414414973707438605e+01
-8.450865154566757909e-01 1.694476298784801216e+01
-8.435287522945436045e-01 1.591600707735624809e+01
-8.419709891324114182e-01 1.179405390500320472e+01
-8.404132259702792318e-01 1.131507014449613102e+01
-8.388554628081470455e-01 1.522034513671357203e+01
-8.372976996460148591e-01 1.685013482932389195e+01
-8.357399364838831168e-01 1.339226309993935971e+01
-8.341821733217509305e-01 1.254815335180640901e+01
-8.326244101596187441e-01 1.535751983978286717e+01
-8.310666469974865578e-01 1.659696366354987163e+01
-8.295088838353543714e-01 2.021482371070551309e+01
-8.279511206732221851e-01 1.698484658349672571e+01
-8.263933575110899987e-01 1.364350708524600542e+01
-8.248355943489582565e-01 1.638706380084087399e+01
-8.232778311868260701e-01 1.685656604956080784e+01
-8.217200680246938838e-01 1.705997018651045494e+01
-8.201623048625616974e-01 1.714889216101011016e+01
-8.186045417004295111e-01 1.675683259088513211e+01
-8.170467785382973247e-01 1.433151216877479683e+01
-8.154890153761651383e-01 1.374941860564000784e+01
-8.139312522140333961e-01 1.751722354825500361e+01
-8.123734890519012097e-01 1.928858884070311674e+01
-8.108157258897690234e-01 1.554929855015784312e+01
-8.092579627276368370e-01 1.313154449448465044e+01
-8.077001995655046507e-01 1.524905789554106583e+01
-8.061424364033724643e-01 1.673573607486799730e+01
-8.045846732412407221e-01 1.529536678775399317e+01
-8.030269100791085357e-01 7.958071646668945398e+00
-8.014691469169763494e-01 1.355698912228893960e+01
-7.999113837548441630e-01 1.640650461461320475e+01
-7.983536205927119767e-01 1.701753108634840217e+01
-7.967958574305797903e-01 1.817365501553213392e+01
-7.952380942684476040e-01 1.767048314277295162e+01
-7.936803311063158617e-01 1.707786132187123229e+01
-7.921225679441836753e-01 1.620088332506570339e+01
-7.905648047820514890e-01 1.816462396214343755e+01
-7.890070416199193026e-01 1.876105013400619725e+01
-7.874492784577871163e-01 1.691075682209320163e+01
-7.858915152956549299e-01 1.608681901637128675e+01
-7.843337521335227436e-01 1.450460478729088010e+01
-7.827759889713910013e-01 1.551635015298552567e+01
-7.812182258092588150e-01 2.073814632067347574e+01
-7.796604626471266286e-01 1.871091838673046581e+01
-7.781026994849944423e-01 1.658140679264835526e+01
-7.765449363228622559e-01 1.441635070144145914e+01
-7.749871731607300696e-01 1.741639634640550938e+01
-7.734294099985978832e-01 1.958149052264893086e+01
-7.718716468364661409e-01 1.764457791944632348e+01
-7.703138836743339546e-01 1.749204232880772025e+01
-7.687561205122017682e-01 1.577469853802002397e+01
-7.671983573500695819e-01 1.322444000551815080e+01
-7.656405941879373955e-01 1.767430344153664024e+01
-7.640828310258052092e-01 2.126441866229011524e+01
-7.625250678636734669e-01 1.813869738145488597e+01
-7.609673047015412806e-01 1.446178713535282867e+01
-7.594095415394090942e-01 1.517507441331478368e+01
-7.578517783772769079e-01 1.830296856765171398e+01
-7.562940152151447215e-01 1.868777597289162884e+01
-7.547362520530125352e-01 1.481679249552431799e+01
-7.531784888908803488e-01 1.405756146271824214e+01
-7.516207257287486065e-01 1.583477137383496114e+01
-7.500629625666164202e-01 1.715276597353841481e+01
-7.485051994044842338e-01 1.985650725769280811e+01
-7.469474362423520475e-01 1.971024901921242645e+01
-7.453896730802198611e-01 1.753958969317268668e+01
-7.438319099180876748e-01 1.771425303170078891e+01
-7.422741467559554884e-01 1.759187109037359065e+01
-7.407163835938237462e-01 1.643638392447420671e+01
-7.391586204316915598e-01 1.400899600585501759e+01
-7.376008572695593735e-01 1.584716427610649525e+01
-7.360430941074271871e-01 1.771524460146814306e+01
-7.344853309452950008e-01 1.682659289426439031e+01
-7.329275677831628144e-01 1.838446441290433242e+01
-7.313698046210306281e-01 1.761458201689831782e+01
-7.298120414588988858e-01 1.922470016958859063e+01
-7.282542782967666994e-01 2.015648393806099392e+01
-7.266965151346345131e-01 1.798902654624381725e+01
-7.251387519725023267e-01 1.655330698907126319e+01
-7.235809888103701404e-01 1.619499903073700153e+01
-7.220232256482379540e-01 1.912107514486333670e+01
-7.204654624861057677e-01 1.866719353537120085e+01
-7.189076993239740254e-01 1.867675342299338581e+01
-7.173499361618418391e-01 1.628663996585341778e+01
-7.157921729997096527e-01 1.530444008255483190e+01
-7.142344098375774664e-01 1.971900927422440120e+01
-7.126766466754452800e-01 1.500166458683871973e+01
-7.111188835133130937e-01 1.701549285380845333e+01
-7.095611203511813514e-01 1.695329607767668634e+01
-7.080033571890491650e-01 1.472793304290292937e+01
-7.064455940269169787e-01 1.524055095477638133e+01
-7.048878308647847923e-01 1.552536586204320912e+01
-7.033300677026526060e-01 1.676614550184257268e+01
-7.017723045405204196e-01 1.925857566715059122e+01
-7.002145413783882333e-01 2.174743243266030035e+01
-6.986567782162564910e-01 1.973440106181699250e+01
-6.970990150541243047e-01 1.822422212630952387e+01
-6.955412518919921183e-01 1.894680101562377317e+01
-6.939834887298599320e-01 1.714027913470033582e+01
-6.924257255677277456e-01 1.513169911622570218e+01
-6.908679624055955593e-01 1.917967247410593501e+01
-6.893101992434633729e-01 2.082088058429597766e+01
-6.877524360813316306e-01 2.119975384426680165e+01
-6.861946729191994443e-01 1.865572776432388480e+01
-6.846369097570672579e-01 1.801330951649164547e+01
-6.830791465949350716e-01 1.834828130356455489e+01
-6.815213834328028852e-01 1.821425301261407625e+01
-6.799636202706706989e-01 2.028273392976411316e+01
-6.784058571085385125e-01 2.074236066425131142e+01
-6.768480939464067703e-01 1.737843921094263777e+01
-6.752903307842745839e-01 1.254774234981864112e+01
-6.737325676221423976e-01 1.467298424607027130e+01
-6.721748044600102112e-01 1.947604774757365220e+01
-6.706170412978780249e-01 2.101201988043522917e+01
-6.690592781357458385e-01 2.205135304861165224e+01
-6.675015149736140962e-01 1.600584011923790229e+01
-6.659437518114819099e-01 1.673712932953566224e+01
-6.643859886493497235e-01 1.992838471831444025e+01
-6.628282254872175372e-01 1.756228760362362351e+01
-6.612704623250853508e-01 1.589110884202147744e+01
-6.597126991629531645e-01 1.679486899421335266e+01
-6.581549360008209781e-01 1.799739976346449311e+01
-6.565971728386892359e-01 1.838917093169304806e+01
-6.550394096765570495e-01 1.947528387560484830e+01
-6.534816465144248632e-01 1.961131010139288477e+01
-6.519238833522926768e-01 1.697550437867074891e+01
-6.503661201901604905e-01 1.817634984386940644e+01
-6.488083570280283041e-01 1.924657146154127219e+01
-6.472505938658961178e-01 1.905762848321701242e+01
-6.456928307037643755e-01 2.003967534557553520e+01
-6.441350675416321891e-01 1.867906558082748703e+01
-6.425773043795000028e-01 1.751021489669059150e+01
-6.410195412173678164e-01 1.628277088735689659e+01
-6.394617780552356301e-01 1.832362919458723383e+01
-6.379040148931034437e-01 2.100079430411926040e+01
-6.363462517309712574e-01 2.105025943143257194e+01
-6.347884885688395151e-01 2.091327325674155446e+01
-6.332307254067073288e-01 2.105238509928977919e+01
-6.316729622445751424e-01 2.091128677522689117e+01
-6.301151990824429561e-01 2.207780878819162851e+01
-6.285574359203107697e-01 2.270297615584182438e+01
-6.269996727581785834e-01 1.902597504106404358e+01
-6.254419095960468411e-01 2.086610261365267860e+01
-6.238841464339146548e-01 2.162988675680741935e+01
-6.223263832717824684e-01 2.079493618887577355e+01
-6.207686201096502820e-01 1.872627059551085438e+01
-6.192108569475180957e-01 1.880178605284236681e+01
-6.176530937853859093e-01 2.019116242678274276e+01
-6.160953306232537230e-01 1.922892107625757774e+01
-6.145375674611219807e-01 1.902897590887980073e+01
-6.129798042989897944e-01 2.076832711901644046e+01
-6.114220411368576080e-01 2.040331773921069924e+01
-6.098642779747254217e-01 1.729366642104919549e+01
-6.083065148125932353e-01 1.600050833067910361e+01
-6.067487516504610490e-01 1.797519281165180516e+01
-6.051909884883288626e-01 2.033811767532842296e+01
-6.036332253261971204e-01 1.827363917123177472e+01
-6.020754621640649340e-01 1.905278646615730409e+01
-6.005176990019327476e-01 1.929709894820881289e+01
-5.989599358398005613e-01 1.712525068399351369e+01
-5.974021726776683749e-01 1.870178844857665013e+01
-5.958444095155361886e-01 1.945747232334008459e+01
-5.942866463534040022e-01 1.903441534693769910e+01
-5.927288831912722600e-01 1.949393213049184226e+01
-5.911711200291400736e-01 1.802825743747058240e+01
-5.896133568670078873e-01 1.806271472389252963e+01
-5.880555937048757009e-01 1.967295958497108899e+01
-5.864978305427435146e-01 1.931599449055881834e+01
-5.849400673806113282e-01 1.619671095751072798e+01
-5.833823042184795860e-01 1.880668740098298741e+01
-5.818245410563473996e-01 1.714900642426929522e+01
-5.802667778942152133e-01 1.593957368139043140e+01
-5.787090147320830269e-01 2.333244200709549432e+01
-5.771512515699508405e-01 2.326685631092171747e+01
-5.755934884078186542e-01 1.911118421461371142e+01
-5.740357252456864678e-01 1.861577097177645257e+01
-5.724779620835547256e-01 1.949437060901217933e+01
-5.709201989214225392e-01 1.941767991541996707e+01
-5.693624357592903529e-01 1.970974664664617038e+01
-5.678046725971581665e-01 2.143283910213757082e+01
-5.662469094350259802e-01 1.895000248110472896e+01
-5.646891462728937938e-01 1.843983617486698279e+01
-5.631313831107616075e-01 2.185951632040831072e+01
-5.615736199486298652e-01 2.109387060795774715e+01
-5.600158567864976789e-01 1.951283372869023580e+01
-5.584580936243654925e-01 1.766848042366605398e+01
-5.569003304622333062e-01 1.887606240867892637e+01
-5.553425673001011198e-01 2.051125114632560553e+01
-5.537848041379689334e-01 2.016976523738394889e+01
-5.522270409758367471e-01 1.942990955306935419e+01
-5.506692778137050048e-01 2.008995941059778900e+01
-5.491115146515728185e-01 2.164203423422970474e+01
-5.475537514894406321e-01 2.139283056568484298e+01
-5.459959883273084458e-01 1.923906478954761567e+01
-5.444382251651762594e-01 1.826527987375934003e+01
-5.428804620030440731e-01 2.047765953052488186e+01
-5.413226988409123308e-01 2.054443634901397786e+01
-5.397649356787801445e-01 1.972111687332878205e+01
-5.382071725166479581e-01 1.674391329465855094e+01
-5.366494093545157718e-01 1.899435428133277171e+01
-5.350916461923835854e-01 2.207793524302683252e+01
-5.335338830302513990e-01 2.214664892251123618e+01
-5.319761198681192127e-01 2.282627860883135185e+01
-5.304183567059874704e-01 2.304989232030482071e+01
-5.288605935438552841e-01 2.373258140642822056e+01
-5.273028303817230977e-01 2.375752578558661554e+01
-5.257450672195909114e-01 2.246464577212006120e+01
-5.241873040574587250e-01 2.201813729136772579e+01
-5.226295408953265387e-01 2.291952705514756161e+01
-5.210717777331943523e-01 2.117614878293494485e+01
-5.195140145710626101e-01 2.245589403349117674e+01
-5.179562514089304237e-01 2.588809837421359461e+01
-5.163984882467982374e-01 1.970100878419834700e+01
-5.148407250846660510e-01 2.060440134242059429e+01
-5.132829619225338647e-01 2.223612929225638979e+01
-5.117251987604016783e-01 2.555799258640003657e+01
-5.101674355982694919e-01 2.594072426175427637e+01
-5.086096724361377497e-01 2.240428748591290287e+01
-5.070519092740055633e-01 2.303009160196116412e+01
-5.054941461118733770e-01 2.311868158598923984e+01
-5.039363829497411906e-01 2.194582915958418212e+01
-5.023786197876090043e-01 2.216567564401193735e+01
-5.008208566254768179e-01 2.021552640776766196e+01
-4.992630934633450757e-01 2.498990716086696651e+01
-4.977053303012128893e-01 2.361737577865540416e+01
-4.961475671390807030e-01 1.974609504717675534e+01
-4.945898039769485166e-01 1.886147889381656029e+01
-4.930320408148163303e-01 2.204934170852908437e+01
-4.914742776526841439e-01 2.189212187836702483e+01
-4.899165144905519576e-01 2.274804134757815177e+01
-4.883587513284202153e-01 2.419171182946423926e+01
-4.868009881662880289e-01 2.398232772300919891e+01
-4.852432250041558426e-01 2.429462457784785911e+01
-4.836854618420236562e-01 2.421827475250556816e+01
-4.821276986798914699e-01 2.381376436370392113e+01
-4.805699355177592835e-01 2.485804432961490562e+01
-4.790121723556270972e-01 2.411847584575387771e+01
-4.774544091934953549e-01 2.642187442028016520e+01
-4.758966460313631686e-01 2.926112325211465759e+01
-4.743388828692309822e-01 2.500940442169805422e+01
-4.727811197070987959e-01 2.139091741926767298e+01
-4.712233565449666095e-01 1.876701399855903674e+01
-4.696655933828344232e-01 1.721567762504924204e+01
-4.681078302207022368e-01 1.980184544937080560e+01
-4.665500670585704945e-01 2.271351240946384209e+01
-4.649923038964383082e-01 2.190728689306560995e+01
-4.634345407343061218e-01 2.256478619996103419e+01
-4.618767775721739355e-01 2.587402014404447215e+01
-4.603190144100417491e-01 2.461344425018344140e+01
-4.587612512479095628e-01 2.493683371319180964e+01
-4.572034880857778205e-01 2.273045336046483911e+01
-4.556457249236456342e-01 2.067299222360223965e+01
-4.540879617615134478e-01 2.348741724757513794e+01
-4.525301985993812615e-01 2.428816272848625957e+01
-4.509724354372490751e-01 2.473873080519141610e+01
-4.494146722751168888e-01 2.510871717118538982e+01
-4.478569091129847024e-01 2.495632487249823228e+01
-4.462991459508529601e-01 2.578095242072684457e+01
-4.447413827887207738e-01 2.509395698032764344e+01
-4.431836196265885874e-01 2.302400757689375865e+01
-4.416258564644564011e-01 2.549035759111713162e+01
-4.400680933023242147e-01 2.789332648558477601e+01
-4.385103301401920284e-01 2.604350704019310569e+01
-4.369525669780598420e-01 2.592146508805179650e+01
-4.353948038159280998e-01 2.395440502608037292e+01
-4.338370406537959134e-01 2.269003495698382622e+01
-4.322792774916637271e-01 2.646406719478226677e+01
-4.307215143295315407e-01 2.350460865810373789e+01
-4.291637511673993544e-01 1.897468209851220777e+01
-4.276059880052671680e-01 1.990863058252443807e+01
-4.260482248431349817e-01 2.544113048333548832e+01
-4.244904616810032394e-01 2.875540586374809848e+01
-4.229326985188710530e-01 2.400809933997100387e+01
-4.213749353567388667e-01 2.215261422562175397e+01
-4.198171721946066803e-01 2.667309716551725174e+01
-4.182594090324744940e-01 2.729496579411163637e+01
-4.167016458703423076e-01 2.826531291374610078e+01
-4.151438827082101213e-01 2.763014458529075057e+01
-4.135861195460783790e-01 2.418068424179622156e+01
-4.120283563839461927e-01 2.378282272434857703e+01
-4.104705932218140063e-01 2.593138780505876539e+01
-4.089128300596818200e-01 2.594875596786844696e+01
-4.073550668975496336e-01 2.397611580088537409e+01
-4.057973037354174473e-01 2.315288320572974001e+01
-4.042395405732857050e-01 2.380189353978517275e+01
-4.026817774111535186e-01 2.697521582934253814e+01
-4.011240142490213323e-01 2.865493234129410283e+01
-3.995662510868891459e-01 2.411570793256908374e+01
-3.980084879247569596e-01 2.598185231210282709e+01
-3.964507247626247732e-01 2.739149249835356059e+01
-3.948929616004925869e-01 2.401989149081975583e+01
-3.933351984383608446e-01 2.588055459862704666e+01
-3.917774352762286583e-01 2.986453130299344849e+01
-3.902196721140964719e-01 2.890384645438189182e+01
-3.886619089519642856e-01 2.658614103389651362e+01
-3.871041457898320992e-01 2.663109121648589905e+01
-3.855463826276999129e-01 2.617634437706526995e+01
-3.839886194655677265e-01 2.520626466987199521e+01
-3.824308563034359842e-01 2.467091224226776802e+01
-3.808730931413037979e-01 2.318349471551358931e+01
-3.793153299791716115e-01 2.541803986989183173e+01
-3.777575668170394252e-01 2.561333766998800954e+01
-3.761998036549072388e-01 2.242647045286251739e+01
-3.746420404927750525e-01 2.311198991772607059e+01
-3.730842773306428661e-01 2.718837514808020828e+01
-3.715265141685111239e-01 2.754507473698346587e+01
-3.699687510063789375e-01 2.532044385735843761e+01
-3.684109878442467512e-01 2.482663764789228722e+01
-3.668532246821145648e-01 2.656488909375591589e+01
-3.652954615199823785e-01 2.697032627156073659e+01
-3.637376983578501921e-01 2.596531523547501408e+01
-3.621799351957184498e-01 2.666250381971065053e+01
-3.606221720335862635e-01 2.632651329488554381e+01
-3.590644088714540771e-01 2.502977517809311081e+01
-3.575066457093218908e-01 2.500441918682041376e+01
-3.559488825471897044e-01 2.588793164556913240e+01
-3.543911193850575181e-01 2.373163280725358604e+01
-3.528333562229253317e-01 2.281305421145729539e+01
-3.512755930607935895e-01 2.691448704360839628e+01
-3.497178298986614031e-01 2.547156694966571067e+01
-3.481600667365292168e-01 2.099833761139124988e+01
-3.466023035743970304e-01 2.289980408860136052e+01
-3.450445404122648441e-01 2.817058064775452664e+01
-3.434867772501326577e-01 3.050031870546523294e+01
-3.419290140880004714e-01 2.676068081583417779e+01
-3.403712509258687291e-01 2.585607750164501795e+01
-3.388134877637365427e-01 2.616643142778239906e+01
-3.372557246016043564e-01 2.578482456890871788e+01
-3.356979614394721700e-01 2.742042343041767438e+01
-3.341401982773399837e-01 2.666202713917949296e+01
-3.325824351152077973e-01 2.402461597619525691e+01
-3.310246719530756110e-01 2.502887988761796123e+01
-3.294669087909438687e-01 2.805840942691483875e+01
-3.279091456288116824e-01 2.901319713268972222e+01
-3.263513824666794960e-01 2.830015445105820859e+01
-3.247936193045473097e-01 2.734027836524991173e+01
-3.232358561424151233e-01 2.863406173064985438e+01
-3.216780929802829370e-01 2.865707833118314340e+01
-3.201203298181511947e-01 2.748249194117430250e+01
-3.185625666560190083e-01 2.788494758596978329e+01
-3.170048034938868220e-01 2.998689856287765920e+01
-3.154470403317546356e-01 3.306989909000760974e+01
-3.138892771696224493e-01 3.332438126808280288e+01
-3.123315140074902629e-01 3.261572228363224468e+01
-3.107737508453580766e-01 3.286001714916201166e+01
-3.092159876832263343e-01 3.212977463908303832e+01
-3.076582245210941480e-01 3.238566844602766537e+01
-3.061004613589619616e-01 3.290082504537029706e+01
-3.045426981968297753e-01 2.860063138287935658e+01
-3.029849350346975889e-01 2.616959663137158287e+01
-3.014271718725654026e-01 2.563379648502399277e+01
-2.998694087104332162e-01 2.995181435861811181e+01
-2.983116455483014740e-01 3.176790866597186280e+01
-2.967538823861692876e-01 2.972727006176340581e+01
-2.951961192240371012e-01 2.576869505204660271e+01
-2.936383560619049149e-01 2.896612777567061769e+01
-2.920805928997727285e-01 3.277406996998558952e+01
-2.905228297376405422e-01 3.205101047381398871e+01
-2.889650665755083558e-01 3.105147398246837653e+01
-2.874073034133766136e-01 2.901379628736582461e+01
-2.858495402512444272e-01 2.907348631735229461e+01
-2.842917770891122409e-01 2.816141041138861212e+01
-2.827340139269800545e-01 2.478025860629068333e+01
-2.811762507648478682e-01 3.149551361263097249e+01
-2.796184876027156818e-01 3.361992187372171514e+01
-2.780607244405839396e-01 3.069071037625310794e+01
-2.765029612784517532e-01 3.415478722004611711e+01
-2.749451981163195669e-01 3.365300379849183798e+01
-2.733874349541873805e-01 3.025427188491410746e+01
-2.718296717920551941e-01 2.985250814343524439e+01
-2.702719086299230078e-01 3.096609757659405204e+01
-2.687141454677908214e-01 3.015119470641685950e+01
-2.671563823056590792e-01 2.992997275233540222e+01
-2.655986191435268928e-01 3.237602309964911740e+01
-2.640408559813947065e-01 2.663448328947541910e+01
-2.624830928192625201e-01 2.711171250196228044e+01
-2.609253296571303338e-01 3.282448141808434627e+01
-2.593675664949981474e-01 2.986701013391488857e+01
-2.578098033328659611e-01 2.750817146335360874e+01
-2.562520401707342188e-01 3.318490396241241314e+01
-2.546942770086020325e-01 3.279039424833397476e+01
-2.531365138464698461e-01 3.008855628778330171e+01
-2.515787506843376597e-01 3.080866083047100190e+01
-2.500209875222054734e-01 3.100309449475305712e+01
-2.484632243600732870e-01 3.145702779378722269e+01
-2.469054611979411007e-01 2.999144202937699077e+01
-2.453476980358093584e-01 3.044326576858590272e+01
-2.437899348736771721e-01 3.404706990202970474e+01
-2.422321717115449857e-01 3.362431878528946072e+01
-2.406744085494127994e-01 3.533177548229922849e+01
-2.391166453872806130e-01 3.430321389983771496e+01
-2.375588822251484267e-01 3.160267727012052674e+01
-2.360011190630166844e-01 3.185642129908356424e+01
-2.344433559008844981e-01 3.309636864329204542e+01
-2.328855927387523117e-01 3.495950373349453599e+01
-2.313278295766201254e-01 3.799850760866130628e+01
-2.297700664144879390e-01 3.407478058073790805e+01
-2.282123032523557526e-01 3.365615184244284563e+01
-2.266545400902235663e-01 3.438867894689387583e+01
-2.250967769280918240e-01 3.241751554872291763e+01
-2.235390137659596377e-01 3.213265391492694789e+01
-2.219812506038274513e-01 3.122469196416939496e+01
-2.204234874416952650e-01 3.067086252230745558e+01
-2.188657242795630786e-01 3.152797685449621312e+01
-2.173079611174308923e-01 3.260970127900364446e+01
-2.157501979552987059e-01 3.435644496787151780e+01
-2.141924347931669637e-01 3.769711169432881803e+01
-2.126346716310347773e-01 3.690174704084512314e+01
-2.110769084689025910e-01 3.681181165924973442e+01
-2.095191453067704046e-01 3.582563517258956409e+01
-2.079613821446382183e-01 3.322235129784188956e+01
-2.064036189825060319e-01 3.014386716379373254e+01
-2.048458558203738455e-01 2.760129893206454810e+01
-2.032880926582421033e-01 2.701866502633009048e+01
-2.017303294961099169e-01 2.862595731335031601e+01
-2.001725663339777306e-01 2.992953029037147061e+01
-1.986148031718455442e-01 3.155578899634728529e+01
-1.970570400097133579e-01 3.600919326516035568e+01
-1.954992768475811715e-01 3.495353532259748874e+01
-1.939415136854494293e-01 3.280855555767519860e+01
-1.923837505233172429e-01 3.733478515169400680e+01
-1.908259873611850566e-01 3.623634121353929061e+01
-1.892682241990528702e-01 3.370639433972973364e+01
-1.877104610369206839e-01 3.485200505477927635e+01
-1.861526978747884975e-01 3.422756641683069745e+01
-1.845949347126563111e-01 3.296781152336268406e+01
-1.830371715505245689e-01 3.456945136627311399e+01
-1.814794083883923825e-01 3.595213899125045742e+01
-1.799216452262601962e-01 3.512308971082254061e+01
-1.783638820641280098e-01 3.849937049573341596e+01
-1.768061189019958235e-01 3.856694017853174472e+01
-1.752483557398636371e-01 3.396174730154084642e+01
-1.736905925777314508e-01 3.885124196330767887e+01
-1.721328294155997085e-01 3.219501452471789094e+01
-1.705750662534675222e-01 3.056420482264844907e+01
-1.690173030913353358e-01 3.443306193757042877e+01
-1.674595399292031495e-01 3.610143118595605927e+01
-1.659017767670709631e-01 3.691048045302632374e+01
-1.643440136049387768e-01 3.252463168819963357e+01
-1.627862504428065904e-01 3.289135887781237244e+01
-1.612284872806748481e-01 3.583590768967778928e+01
-1.596707241185426618e-01 4.023056907696508233e+01
-1.581129609564104754e-01 3.920320185059041052e+01
-1.565551977942782891e-01 3.368681904474497202e+01
-1.549974346321461027e-01 3.671062328668276109e+01
-1.534396714700139164e-01 3.913298852388188465e+01
-1.518819083078821741e-01 3.868747724238671282e+01
-1.503241451457499878e-01 3.888317828845183044e+01
-1.487663819836178014e-01 3.927171680236576634e+01
-1.472086188214856151e-01 3.907046413295312703e+01
-1.456508556593534287e-01 3.910772561648489187e+01
-1.440930924972212424e-01 4.383330741644466855e+01
-1.425353293350890560e-01 3.997747688035180857e+01
-1.409775661729573137e-01 4.761773986397842151e+01
-1.394198030108251274e-01 4.831499772505356560e+01
-1.378620398486929410e-01 4.418510163741813557e+01
-1.363042766865607547e-01 4.949542021074872622e+01
-1.347465135244285683e-01 5.033657626048005085e+01
-1.331887503622963820e-01 4.806108129793932449e+01
-1.316309872001641956e-01 5.172042380269742523e+01
-1.300732240380324534e-01 5.554256761257812514e+01
-1.285154608759002670e-01 5.455103413517142741e+01
-1.269576977137680807e-01 5.898440823070119166e+01
-1.253999345516358943e-01 5.820803166514517102e+01
-1.238421713895037080e-01 5.930838348689628248e+01
-1.222844082273715216e-01 6.649991488404234019e+01
-1.207266450652393353e-01 6.943806155116362788e+01
-1.191688819031075930e-01 7.102384637691822888e+01
-1.176111187409754066e-01 6.755936269684700335e+01
-1.160533555788432203e-01 6.505085769485093294e+01
-1.144955924167110339e-01 7.009382910154924673e+01
-1.129378292545788476e-01 7.133531626388564462e+01
-1.113800660924466612e-01 6.755534565490535215e+01
-1.098223029303144749e-01 6.563686486091971517e+01
-1.082645397681827326e-01 7.115252960065052434e+01
-1.067067766060505463e-01 6.933553687284575062e+01
-1.051490134439183599e-01 7.165802623871739740e+01
-1.035912502817861736e-01 7.560621060158273110e+01
-1.020334871196539872e-01 7.847711269408553392e+01
-1.004757239575218009e-01 8.650948308560499811e+01
-9.891796079539005859e-02 8.766061898332553426e+01
-9.736019763325787224e-02 8.088664091942632695e+01
-9.580243447112568589e-02 7.680534715652794375e+01
-9.424467130899349954e-02 8.334738789618299393e+01
-9.268690814686131318e-02 8.323761109808415881e+01
-9.112914498472912683e-02 8.303640328682691063e+01
-8.957138182259694048e-02 8.599628417703607397e+01
-8.801361866046519822e-02 9.051312293423369226e+01
-8.645585549833301187e-02 9.250058076459097833e+01
-8.489809233620082551e-02 9.307753229005544426e+01
-8.334032917406863916e-02 9.776971270633755751e+01
-8.178256601193645281e-02 9.563598560425330675e+01
-8.022480284980426646e-02 9.567202196256150160e+01
-7.866703968767208011e-02 9.607571903571940197e+01
-7.710927652554033784e-02 9.403715737085569515e+01
-7.555151336340815149e-02 9.794516324405353203e+01
-7.399375020127596514e-02 9.998394948312025576e+01
-7.243598703914377879e-02 1.026273020542766261e+02
-7.087822387701159244e-02 1.039374858088113740e+02
-6.932046071487940608e-02 1.029493790592845670e+02
-6.776269755274721973e-02 1.026799277841347902e+02
-6.620493439061547747e-02 9.746217770534354941e+01
-6.464717122848329112e-02 1.001177736082064200e+02
-6.308940806635110476e-02 1.116645328570156437e+02
-6.153164490421891841e-02 1.193429805305560478e+02
-5.997388174208673206e-02 1.106343147046147237e+02
-5.841611857995454571e-02 1.092289207773510782e+02
-5.685835541782280345e-02 1.141712254067263075e+02
-5.530059225569061709e-02 1.111820031815727248e+02
-5.374282909355843074e-02 1.044877981473019588e+02
-5.218506593142624439e-02 9.796268049819182977e+01
-5.062730276929405804e-02 1.022499989869245098e+02
-4.906953960716187169e-02 1.140810248400309490e+02
-4.751177644502968533e-02 1.122343184041089046e+02
-4.595401328289794307e-02 1.094893457555680101e+02
-4.439625012076575672e-02 1.063755522902820303e+02
-4.283848695863357037e-02 1.090740978984060376e+02
-4.128072379650138402e-02 1.097308882003896002e+02
-3.972296063436919766e-02 1.078708327501771862e+02
-3.816519747223701131e-02 1.081506229683459281e+02
-3.660743431010482496e-02 1.101881445223275335e+02
-3.504967114797308270e-02 1.190198830817252116e+02
-3.349190798584089634e-02 1.132238240909491793e+02
-3.193414482370870999e-02 1.125193316827638768e+02
-3.037638166157652364e-02 1.159344777237978548e+02
-2.881861849944433729e-02 1.135008474843709934e+02
-2.726085533731215094e-02 1.142995011352407033e+02
-2.570309217517996458e-02 1.178396710013505810e+02
-2.414532901304822232e-02 1.197784927377115736e+02
-2.258756585091603597e-02 1.184482870468908118e+02
-2.102980268878384962e-02 1.224101888117086929e+02
-1.947203952665166327e-02 1.303609698702203730e+02
-1.791427636451947691e-02 1.223014951433384567e+02
-1.635651320238729056e-02 1.217153417380202001e+02
-1.479875004025554830e-02 1.255953068396555352e+02
-1.324098687812336195e-02 1.192644492016071496e+02
-1.168322371599117560e-02 1.120423075735175331e+02
-1.012546055385898924e-02 1.152464518814201000e+02
-8.567697391726802891e-03 1.242830236107953255e+02
-7.009934229594616539e-03 1.233824889460486958e+02
-5.452171067462430187e-03 1.174815049761172503e+02
-3.894407905330687925e-03 1.158509090290192916e+02
-2.336644743198501573e-03 1.200036137833086798e+02
-7.788815810663152206e-04 1.206009053589067008e+02
7.788815810658711314e-04 1.199125472863736945e+02
2.336644743198057483e-03 1.205026328335583088e+02
3.894407905330243835e-03 1.207933568344280957e+02
5.452171067462430187e-03 1.215491928058755065e+02
7.009934229594172450e-03 1.260847000436995984e+02
8.567697391726358802e-03 1.268454628666370070e+02
1.012546055385854515e-02 1.213036765917882036e+02
1.168322371599073151e-02 1.240028275552298851e+02
1.324098687812291786e-02 1.293907283126073082e+02
1.479875004025510421e-02 1.267310268804971827e+02
1.635651320238729056e-02 1.233822043318356378e+02
1.791427636451903282e-02 1.215886315896699017e+02
1.947203952665121918e-02 1.197772618820549297e+02
2.102980268878340553e-02 1.267901237208627663e+02
2.258756585091559188e-02 1.253230475386704370e+02
2.414532901304777823e-02 1.267544362999778826e+02
2.570309217517996458e-02 1.285100993447634323e+02
2.726085533731170685e-02 1.291760988226524489e+02
2.881861849944389320e-02 1.301172383831552111e+02
3.037638166157607955e-02 1.307726892691133855e+02
3.193414482370826590e-02 1.361991058936125114e+02
3.349190798584045226e-02 1.342374529233336489e+02
3.504967114797263861e-02 1.292365791075871471e+02
3.660743431010482496e-02 1.271526768659152395e+02
3.816519747223656722e-02 1.243039415138489261e+02
3.972296063436875357e-02 1.265021918558339848e+02
4.128072379650093993e-02 1.315151314307459813e+02
4.283848695863312628e-02 1.310096709804544162e+02
4.439625012076531263e-02 1.285640884696466344e+02
4.595401328289749898e-02 1.349069562066143533e+02
4.751177644502968533e-02 1.304944433588082120e+02
4.906953960716142760e-02 1.207576626385552316e+02
5.062730276929361395e-02 1.241630171511733209e+02
5.218506593142580030e-02 1.252110970246679358e+02
5.374282909355798665e-02 1.267966375037519526e+02
5.530059225569017300e-02 1.319996678869210314e+02
5.685835541782235936e-02 1.368040316588285634e+02
5.841611857995454571e-02 1.424017407116449476e+02
5.997388174208628797e-02 1.496765771637872433e+02
6.153164490421847432e-02 1.441661340850218949e+02
6.308940806635066068e-02 1.423604443799571584e+02
6.464717122848284703e-02 1.473999471273647259e+02
6.620493439061503338e-02 1.461893026291666615e+02
6.776269755274721973e-02 1.484908321218174194e+02
6.932046071487896199e-02 1.544861648734495816e+02
7.087822387701114835e-02 1.589160798588972057e+02
7.243598703914333470e-02 1.699927796922627294e+02
7.399375020127552105e-02 1.734824816289559806e+02
7.555151336340770740e-02 1.643418414987514495e+02
7.710927652553989375e-02 1.609270102211914093e+02
7.866703968767208011e-02 1.670998844579032721e+02
8.022480284980382237e-02 1.705503349571754939e+02
8.178256601193600872e-02 1.690840677540639660e+02
8.334032917406819507e-02 1.700521241918735882e+02
8.489809233620038142e-02 1.766219607142773782e+02
8.645585549833256778e-02 1.802112738485044474e+02
8.801361866046475413e-02 1.775439375641063862e+02
8.957138182259694048e-02 1.810677075489319066e+02
9.112914498472868274e-02 1.877311419204591800e+02
9.268690814686086910e-02 1.960614970996478803e+02
9.424467130899305545e-02 1.999303915114947188e+02
9.580243447112524180e-02 1.976577147370546470e+02
9.736019763325742815e-02 1.992485212355260273e+02
9.891796079538961450e-02 2.019111609158482850e+02
1.004757239575218009e-01 1.883487545071401144e+02
1.020334871196535431e-01 2.071627950860642784e+02
1.035912502817857295e-01 2.293573751967709882e+02
1.051490134439179158e-01 2.308002125440846157e+02
1.067067766060501022e-01 2.249968279398283926e+02
1.082645397681822885e-01 2.184794505661339485e+02
1.098223029303144749e-01 2.186074396856177486e+02
1.113800660924462171e-01 2.280844492041785827e+02
1.129378292545784035e-01 2.346696301587341225e+02
1.144955924167105898e-01 2.426670982178746385e+02
1.160533555788427762e-01 2.534606675803997575e+02
1.176111187409749625e-01 2.592385118989207626e+02
1.191688819031071489e-01 2.643630740257323737e+02
1.207266450652393353e-01 2.773890978733382440e+02
1.222844082273710775e-01 2.917407702230385667e+02
1.238421713895032639e-01 3.026022052114301459e+02
1.253999345516354502e-01 3.184566031103565251e+02
1.269576977137676366e-01 3.388011738081531234e+02
1.285154608758998229e-01 3.497108860405300561e+02
1.300732240380320093e-01 3.603872015595929952e+02
1.316309872001641956e-01 3.776129328081136123e+02
1.331887503622959379e-01 3.989239057956606871e+02
1.347465135244281242e-01 4.274470393639089707e+02
1.363042766865603106e-01 4.522275772923791237e+02
1.378620398486924969e-01 4.962046505571124726e+02
1.394198030108246833e-01 5.261548305376470580e+02
1.409775661729568697e-01 5.479401518448581783e+02
1.425353293350890560e-01 5.989626309769139425e+02
1.440930924972207983e-01 6.680874141126903396e+02
1.456508556593529846e-01 7.383758123240131681e+02
1.472086188214851710e-01 8.100011306002223819e+02
1.487663819836173573e-01 9.003932743927426827e+02
1.503241451457495437e-01 1.053690540185793907e+03
1.518819083078817300e-01 1.163171308874299484e+03
1.534396714700139164e-01 1.217341171029069301e+03
1.549974346321456586e-01 1.268957176308194903e+03
1.565551977942778450e-01 1.323573112920850690e+03
1.581129609564100313e-01 1.371669164445911974e+03
1.596707241185422177e-01 1.434309555019992331e+03
1.612284872806744040e-01 1.518995934749916159e+03
1.627862504428065904e-01 1.595530889155091018e+03
1.643440136049383327e-01 1.663665022663717082e+03
1.659017767670705190e-01 1.764756523733016365e+03
1.674595399292027054e-01 1.875839273081719057e+03
1.690173030913348917e-01 1.973043934217788546e+03
1.705750662534670781e-01 2.098378703228678205e+03
1.721328294155992644e-01 2.210364932089475587e+03
1.736905925777314508e-01 2.356084924784649502e+03
1.752483557398631930e-01 2.508004712903197287e+03
1.768061189019953794e-01 2.645023640396918381e+03
1.783638820641275657e-01 2.789196259573546740e+03
1.799216452262597521e-01 2.958857124575235503e+03
1.814794083883919384e-01 3.147461427181994623e+03
1.830371715505241248e-01 3.309007590391150188e+03
1.845949347126563111e-01 3.524009816497873999e+03
1.861526978747880534e-01 3.745809239017582513e+03
1.877104610369202398e-01 3.982176971209763451e+03
1.892682241990524261e-01 4.158971253488071852e+03
1.908259873611846125e-01 4.320972830168035216e+03
1.923837505233167988e-01 4.561200264002874974e+03
1.939415136854489852e-01 4.776784363786003269e+03
1.954992768475811715e-01 4.858807166207214323e+03
1.970570400097129138e-01 5.113269605671499448e+03
1.986148031718451001e-01 5.378047439136537832e+03
2.001725663339772865e-01 5.624563131653237178e+03
2.017303294961094728e-01 5.906618205171075715e+03
2.032880926582416592e-01 6.070488504061668209e+03
2.048458558203738455e-01 6.635482149402127106e+03
2.064036189825055878e-01 7.500957220631559721e+03
2.079613821446377742e-01 7.959017336889027320e+03
2.095191453067699605e-01 8.254416529850064762e+03
2.110769084689021469e-01 8.571657388521975008e+03
2.126346716310343332e-01 8.894891746842209614e+03
2.141924347931665196e-01 9.213662573841293124e+03
2.157501979552987059e-01 9.613692437971863910e+03
2.173079611174304482e-01 9.935758489615564031e+03
2.188657242795626345e-01 1.016572726243048965e+04
2.204234874416948209e-01 1.048033135054441118e+04
2.219812506038270072e-01 1.089623244261698346e+04
2.235390137659591936e-01 1.138146354004032401e+04
2.250967769280913799e-01 1.189029802819772340e+04
2.266545400902235663e-01 1.238115339307427712e+04
2.282123032523553086e-01 1.274024430919999577e+04
2.297700664144874949e-01 1.325762176534739592e+04
2.313278295766196813e-01 1.381270462300964755e+04
2.328855927387518676e-01 1.436487931896916234e+04
2.344433559008840540e-01 1.491746714735437672e+04
2.360011190630162403e-01 1.542616021197564623e+04
2.375588822251484267e-01 1.598628513343449049e+04
2.391166453872801689e-01 1.650283680581508816e+04
2.406744085494123553e-01 1.731226193845669331e+04
2.422321717115445416e-01 1.820307562928563129e+04
2.437899348736767280e-01 1.892431952144899333e+04
2.453476980358089143e-01 1.984342988237060854e+04
2.469054611979411007e-01 2.083706427716971666e+04
2.484632243600728430e-01 2.202630663083503168e+04
2.500209875222050293e-01 2.384757117234158795e+04
2.515787506843372157e-01 2.667288290775855785e+04
2.531365138464694020e-01 3.204568060962379241e+04
2.546942770086015884e-01 3.799455004867352545e+04
2.562520401707337747e-01 4.011195357626074838e+04
2.578098033328659611e-01 3.866814190424772096e+04
2.593675664949977033e-01 3.711345561192437162e+04
2.609253296571298897e-01 3.604222082744322688e+04
2.624830928192620760e-01 3.397287412188226153e+04
2.640408559813942624e-01 3.137669597594086736e+04
2.655986191435264487e-01 3.062033329208821306e+04
2.671563823056586351e-01 2.880486621966627354e+04
2.687141454677908214e-01 2.588458568860555533e+04
2.702719086299225637e-01 2.447049318677294650e+04
2.718296717920547501e-01 2.338618911966471205e+04
2.733874349541869364e-01 2.182246842478208055e+04
2.749451981163191228e-01 2.039632052768407448e+04
2.765029612784513091e-01 1.984201475796613158e+04
2.780607244405834955e-01 1.966197030980946147e+04
2.796184876027156818e-01 1.881575423294593929e+04
2.811762507648474241e-01 1.789638295749413373e+04
2.827340139269796104e-01 1.778541043674532193e+04
2.842917770891117968e-01 1.793396788973797084e+04
2.858495402512439831e-01 1.751967927684683673e+04
2.874073034133761695e-01 1.634464392617631347e+04
2.889650665755083558e-01 1.487365692090632911e+04
2.905228297376400981e-01 1.428790306611388223e+04
2.920805928997722845e-01 1.506626111999058958e+04
2.936383560619044708e-01 1.566956998224388008e+04
2.951961192240366572e-01 1.498303275407220826e+04
2.967538823861688435e-01 1.343272652473617200e+04
2.983116455483010299e-01 1.192733495999370825e+04
2.998694087104332162e-01 1.135658386280828017e+04
3.014271718725649585e-01 1.172575626588720843e+04
3.029849350346971448e-01 1.184755436837620073e+04
3.045426981968293312e-01 1.118653654202965845e+04
3.061004613589615175e-01 9.816282644490358507e+03
3.076582245210937039e-01 8.893549057851050748e+03
3.092159876832258902e-01 8.629498204609377353e+03
3.107737508453580766e-01 8.834628448764975474e+03
3.123315140074898189e-01 9.277654736590755419e+03
3.138892771696220052e-01 9.489556998933527211e+03
3.154470403317541916e-01 9.301249530357334152e+03
3.170048034938863779e-01 8.687220803080263067e+03
3.185625666560185643e-01 8.133869765735698820e+03
3.201203298181507506e-01 7.981388866268173842e+03
3.216780929802829370e-01 8.170097246507847558e+03
3.232358561424146792e-01 8.480175037207582136e+03
3.247936193045468656e-01 8.701674816273469332e+03
3.263513824666790519e-01 8.694771250765770674e+03
3.279091456288112383e-01 8.447301567469163274e+03
3.294669087909434246e-01 8.130809862738646189e+03
3.310246719530756110e-01 7.866780492270995637e+03
3.325824351152073532e-01 7.854756732645676493e+03
3.341401982773395396e-01 8.058659045072287881e+03
3.356979614394717260e-01 8.290598888134723893e+03
3.372557246016039123e-01 8.414046690440020029e+03
3.388134877637360987e-01 8.379559360531584389e+03
3.403712509258682850e-01 8.230189774017628224e+03
3.419290140880004714e-01 8.032625911028466362e+03
3.434867772501322136e-01 7.916531887113614175e+03
3.450445404122644000e-01 7.968215776771295168e+03
3.466023035743965863e-01 8.089991626476647070e+03
3.481600667365287727e-01 8.158523721452392238e+03
3.497178298986609590e-01 8.191455983428091713e+03
3.512755930607931454e-01 8.214566859440976259e+03
3.528333562229253317e-01 8.129612115668772276e+03
3.543911193850570740e-01 7.998394272248946436e+03
3.559488825471892604e-01 8.008842822278767926e+03
3.575066457093214467e-01 7.992348163439688506e+03
3.590644088714536331e-01 8.081817921015687716e+03
3.606221720335858194e-01 8.224434770786461740e+03
3.621799351957180058e-01 8.265395384474539242e+03
3.637376983578501921e-01 8.226860423810352586e+03
3.652954615199819344e-01 8.062777191328626031e+03
3.668532246821141207e-01 7.841131853726406007e+03
3.684109878442463071e-01 7.666748144601300737e+03
3.699687510063784934e-01 7.544695031539814408e+03
3.715265141685106798e-01 7.756043648484456753e+03
3.730842773306428661e-01 7.802176885455837692e+03
3.746420404927746084e-01 7.622694018987955133e+03
3.761998036549067947e-01 7.552984176702449986e+03
3.777575668170389811e-01 7.371733420597613986e+03
3.793153299791711675e-01 7.178062831656051458e+03
3.808730931413033538e-01 7.090069975370946850e+03
3.824308563034355402e-01 6.944939096271177732e+03
3.839886194655677265e-01 6.805889676514705570e+03
3.855463826276994688e-01 6.755495138254676021e+03
3.871041457898316551e-01 6.782760691741710616e+03
3.886619089519638415e-01 6.541929548579995753e+03
3.902196721140960278e-01 6.270639430998294301e+03
3.917774352762282142e-01 6.103523990137744477e+03
3.933351984383604005e-01 5.920767544169871144e+03
3.948929616004925869e-01 5.760508917270338316e+03
3.964507247626243291e-01 5.627690885980268831e+03
3.980084879247565155e-01 5.435539336111149169e+03
3.995662510868887018e-01 5.306424825881816105e+03
4.011240142490208882e-01 5.166013882489019124e+03
4.026817774111530746e-01 5.037897507793545628e+03
4.042395405732852609e-01 4.868377650495345733e+03
4.057973037354174473e-01 4.678749949935922814e+03
4.073550668975491895e-01 4.511879652606172385e+03
4.089128300596813759e-01 4.348336399602512756e+03
4.104705932218135622e-01 4.234878953538273890e+03
4.120283563839457486e-01 4.112944497781832979e+03
4.135861195460779349e-01 4.021314119407510134e+03
4.151438827082101213e-01 3.927254376527869226e+03
4.167016458703418635e-01 3.779355299539759926e+03
4.182594090324740499e-01 3.629988326053876335e+03
4.198171721946062362e-01 3.580260468551481154e+03
4.213749353567384226e-01 3.518124655313793482e+03
4.229326985188706090e-01 3.408176965510561786e+03
4.244904616810027953e-01 3.354698322418847056e+03
4.260482248431349817e-01 3.304360578236910897e+03
4.276059880052667239e-01 3.276882729019874205e+03
4.291637511673989103e-01 3.208618824135945943e+03
4.307215143295310966e-01 3.146415615809974497e+03
4.322792774916632830e-01 3.075618238083358392e+03
4.338370406537954693e-01 3.026582575264815205e+03
4.353948038159276557e-01 3.016735479999925246e+03
4.369525669780598420e-01 3.026474110704412396e+03
4.385103301401915843e-01 3.035782627461808715e+03
4.400680933023237706e-01 2.990150735477413946e+03
4.416258564644559570e-01 2.901424236717223721e+03
4.431836196265881433e-01 2.862989920144287680e+03
4.447413827887203297e-01 2.890537465904146302e+03
4.462991459508525161e-01 2.892889555209198988e+03
4.478569091129847024e-01 2.916748621656637624e+03
4.494146722751164447e-01 2.942287176953634571e+03
4.509724354372486310e-01 2.927905691065564497e+03
4.525301985993808174e-01 2.909498813973285905e+03
4.540879617615130037e-01 2.893874966084811604e+03
4.556457249236451901e-01 2.880963740633329508e+03
4.572034880857773764e-01 2.911415314839405255e+03
4.587612512479095628e-01 2.842523253797337929e+03
4.603190144100413050e-01 2.868140689708679474e+03
4.618767775721734914e-01 2.912647471135932392e+03
4.634345407343056777e-01 2.848974123709268042e+03
4.649923038964378641e-01 2.790476601566236241e+03
4.665500670585700504e-01 2.810837901500669886e+03
4.681078302207022368e-01 2.889566981747062982e+03
4.696655933828339791e-01 2.928208849304223349e+03
4.712233565449661654e-01 2.895113060360216878e+03
4.727811197070983518e-01 2.850109436052674937e+03
4.743388828692305381e-01 2.824846722298221721e+03
4.758966460313627245e-01 2.795882098927827883e+03
4.774544091934949108e-01 2.822040591483998469e+03
4.790121723556270972e-01 2.834655397249511680e+03
4.805699355177588394e-01 2.834333834482607472e+03
4.821276986798910258e-01 2.845722981100926518e+03
4.836854618420232121e-01 2.839709235267810072e+03
4.852432250041553985e-01 2.886685915114145246e+03
4.868009881662875848e-01 2.890095800401538327e+03
4.883587513284197712e-01 2.805093062745148927e+03
4.899165144905519576e-01 2.833732629519682177e+03
4.914742776526836998e-01 2.861752105889154336e+03
4.930320408148158862e-01 2.843332447697848238e+03
4.945898039769480725e-01 2.867627206152583767e+03
4.961475671390802589e-01 2.872354233785245015e+03
4.977053303012124452e-01 2.821402558146121009e+03
4.992630934633446316e-01 2.798031672250422616e+03
5.008208566254768179e-01 2.797220409325726905e+03
5.023786197876085602e-01 2.785292414984848165e+03
5.039363829497407465e-01 2.751008813005468710e+03
5.054941461118729329e-01 2.752852012205266874e+03
5.070519092740051192e-01 2.755848454982726253e+03
5.086096724361373056e-01 2.749829883159283327e+03
5.101674355982694919e-01 2.738930447826777709e+03
5.117251987604012342e-01 2.730523862849685429e+03
5.132829619225334206e-01 2.745998633242038522e+03
5.148407250846656069e-01 2.755390024688722406e+03
5.163984882467977933e-01 2.769749638257409515e+03
5.179562514089299796e-01 2.693236838966034611e+03
5.195140145710621660e-01 2.684530023917649942e+03
5.210717777331943523e-01 2.701305194008625676e+03
5.226295408953260946e-01 2.667774922782905378e+03
5.241873040574582809e-01 2.643335046026250893e+03
5.257450672195904673e-01 2.644556205323542144e+03
5.273028303817226536e-01 2.663219057866861931e+03
5.288605935438548400e-01 2.647821345802384712e+03
5.304183567059870263e-01 2.590106742119096452e+03
5.319761198681192127e-01 2.624135149581108180e+03
5.335338830302509550e-01 2.598394311507904149e+03
5.350916461923831413e-01 2.539704659964460916e+03
5.366494093545153277e-01 2.586834206640682169e+03
5.382071725166475140e-01 2.599281715965236799e+03
5.397649356787797004e-01 2.598284321190039918e+03
5.413226988409118867e-01 2.598410560255642395e+03
5.428804620030440731e-01 2.575428823823418952e+03
5.444382251651758153e-01 2.558645756866381362e+03
5.459959883273080017e-01 2.542799371866285583e+03
5.475537514894401880e-01 2.507688627866578372e+03
5.491115146515723744e-01 2.467884827412651248e+03
5.506692778137045607e-01 2.448922094590112920e+03
5.522270409758367471e-01 2.470159381368270260e+03
5.537848041379684894e-01 2.437198600675615126e+03
5.553425673001006757e-01 2.443269212837748455e+03
5.569003304622328621e-01 2.439448009498882129e+03
5.584580936243650484e-01 2.415429948087354660e+03
5.600158567864972348e-01 2.419268808846777119e+03
5.615736199486294211e-01 2.397597045461507150e+03
5.631313831107616075e-01 2.412972137638684671e+03
5.646891462728933497e-01 2.436436157622912560e+03
5.662469094350255361e-01 2.415948012080992157e+03
5.678046725971577224e-01 2.400731088144171736e+03
5.693624357592899088e-01 2.376770569392227571e+03
5.709201989214220951e-01 2.358348028189784145e+03
5.724779620835542815e-01 2.323343064830924959e+03
5.740357252456864678e-01 2.287936278463813323e+03
5.755934884078182101e-01 2.268788972780947915e+03
5.771512515699503965e-01 2.259725798702340853e+03
5.787090147320825828e-01 2.285827685324381946e+03
5.802667778942147692e-01 2.251571985132488862e+03
5.818245410563469555e-01 2.206997207119046834e+03
5.833823042184791419e-01 2.169844199581301382e+03
5.849400673806113282e-01 2.175892665297737494e+03
5.864978305427430705e-01 2.187370984528852205e+03
5.880555937048752568e-01 2.181902605014085566e+03
5.896133568670074432e-01 2.196390203691131774e+03
5.911711200291396295e-01 2.178298663419334389e+03
5.927288831912718159e-01 2.137598988626450591e+03
5.942866463534040022e-01 2.142608900253725096e+03
5.958444095155357445e-01 2.123323605978025171e+03
5.974021726776679309e-01 2.110704999604500699e+03
5.989599358398001172e-01 2.095394595074235440e+03
6.005176990019323036e-01 2.112872684245398887e+03
6.020754621640644899e-01 2.094850046652570654e+03
6.036332253261966763e-01 2.081781520076009656e+03
6.051909884883288626e-01 2.080184563978637925e+03
6.067487516504606049e-01 2.071047680973323168e+03
6.083065148125927912e-01 2.072566182570289584e+03
6.098642779747249776e-01 2.059367003606177605e+03
6.114220411368571639e-01 2.030894397200075218e+03
6.129798042989893503e-01 1.989692542433510880e+03
6.145375674611215366e-01 1.968143195956430191e+03
6.160953306232537230e-01 2.001974421367238619e+03
6.176530937853854653e-01 2.001156210192300023e+03
6.192108569475176516e-01 2.001464970018666918e+03
6.207686201096498380e-01 1.997165564399751702e+03
6.223263832717820243e-01 1.982622643994449845e+03
6.238841464339142107e-01 1.953111804124052469e+03
6.254419095960463970e-01 1.909058856994326788e+03
6.269996727581785834e-01 1.910536771004601860e+03
6.285574359203103256e-01 1.900697536593359246e+03
6.301151990824425120e-01 1.876158243496223804e+03
6.316729622445746983e-01 1.901866765551044182e+03
6.332307254067068847e-01 1.906930683508770926e+03
6.347884885688390710e-01 1.910242679878924719e+03
6.363462517309712574e-01 1.892375144223531834e+03
6.379040148931029997e-01 1.876190096130871325e+03
6.394617780552351860e-01 1.852653853914070396e+03
6.410195412173673724e-01 1.820156863287013266e+03
6.425773043794995587e-01 1.830459000910897430e+03
6.441350675416317451e-01 1.850951366476116618e+03
6.456928307037639314e-01 1.850284502374513522e+03
6.472505938658961178e-01 1.863286936624035206e+03
6.488083570280278600e-01 1.848235317102065437e+03
6.503661201901600464e-01 1.841020528300624619e+03
6.519238833522922327e-01 1.822567486041291659e+03
6.534816465144244191e-01 1.775500266840763516e+03
6.550394096765566054e-01 1.792329647486163822e+03
6.565971728386887918e-01 1.827557116382349022e+03
6.581549360008209781e-01 1.815226880247795862e+03
6.597126991629527204e-01 1.777563031242101260e+03
6.612704623250849068e-01 1.745251838202218323e+03
6.628282254872170931e-01 1.760848988489213752e+03
6.643859886493492795e-01 1.781940501902925917e+03
6.659437518114814658e-01 1.719044981910516753e+03
6.675015149736136522e-01 1.733271311731547485e+03
6.690592781357458385e-01 1.749265817753478359e+03
6.706170412978775808e-01 1.712212146758765130e+03
6.721748044600097671e-01 1.705608872418597002e+03
6.737325676221419535e-01 1.711351973606010688e+03
6.752903307842741398e-01 1.727931153128382448e+03
6.768480939464063262e-01 1.749031137867560346e+03
6.784058571085385125e-01 1.742975781879193164e+03
6.799636202706702548e-01 1.730620101773636407e+03
6.815213834328024411e-01 1.729211756935866561e+03
6.830791465949346275e-01 1.705479576110343032e+03
6.846369097570668139e-01 1.674332786649819127e+03
6.861946729191990002e-01 1.682509398932212889e+03
6.877524360813311866e-01 1.664471688141855793e+03
6.893101992434633729e-01 1.661923563120059271e+03
6.908679624055951152e-01 1.670091879913013827e+03
6.924257255677273015e-01 1.668917223705885363e+03
6.939834887298594879e-01 1.676538596431460292e+03
6.955412518919916742e-01 1.671676106738747876e+03
6.970990150541238606e-01 1.668961017109636714e+03
6.986567782162560469e-01 1.684623785664277875e+03
7.002145413783882333e-01 1.650813223685915318e+03
7.017723045405199755e-01 1.622968098222657090e+03
7.033300677026521619e-01 1.632913552303733468e+03
7.048878308647843483e-01 1.639275272805999521e+03
7.064455940269165346e-01 1.628882793325838065e+03
7.080033571890487210e-01 1.608909261668211229e+03
7.095611203511809073e-01 1.573060742261114910e+03
7.111188835133130937e-01 1.547905728197647704e+03
7.126766466754448359e-01 1.581087309001282392e+03
7.142344098375770223e-01 1.624388477641215559e+03
7.157921729997092086e-01 1.604813992954848572e+03
7.173499361618413950e-01 1.582091557484673331e+03
7.189076993239735813e-01 1.566106106916850194e+03
7.204654624861057677e-01 1.515445142666598485e+03
7.220232256482375099e-01 1.528087129900856553e+03
7.235809888103696963e-01 1.528346084010736149e+03
7.251387519725018826e-01 1.528453693592001855e+03
7.266965151346340690e-01 1.537718277473662283e+03
7.282542782967662554e-01 1.507595944384092036e+03
7.298120414588984417e-01 1.480769515110207067e+03
7.313698046210306281e-01 1.478825474910780031e+03
7.329275677831623703e-01 1.479454469349500641e+03
7.344853309452945567e-01 1.478697098781720115e+03
7.360430941074267430e-01 1.443348997481478818e+03
7.376008572695589294e-01 1.470125515953016929e+03
7.391586204316911157e-01 1.473475838491280456e+03
7.407163835938233021e-01 1.474233768551285266e+03
7.422741467559554884e-01 1.464133448356881445e+03
7.438319099180872307e-01 1.432555645913184662e+03
7.453896730802194170e-01 1.420265212046085026e+03
7.469474362423516034e-01 1.410786543834001577e+03
7.485051994044837897e-01 1.406661710078741635e+03
7.500629625666159761e-01 1.383866581850757029e+03
7.516207257287481625e-01 1.388796828284891944e+03
7.531784888908803488e-01 1.436245376992892488e+03
7.547362520530120911e-01 1.417710696874336918e+03
7.562940152151442774e-01 1.405639493232056793e+03
7.578517783772764638e-01 1.370061855659575031e+03
7.594095415394086501e-01 1.360013343850566343e+03
7.609673047015408365e-01 1.371355928290784959e+03
7.625250678636730228e-01 1.361434897580505549e+03
7.640828310258052092e-01 1.351373445475717972e+03
7.656405941879369514e-01 1.330297322047677653e+03
7.671983573500691378e-01 1.312942319797004757e+03
7.687561205122013241e-01 1.317007320016919039e+03
7.703138836743335105e-01 1.301367858610045232e+03
7.718716468364656969e-01 1.342102393635197132e+03
7.734294099985978832e-01 1.319329799769154988e+03
7.749871731607296255e-01 1.310326569963602196e+03
7.765449363228618118e-01 1.325092611783009943e+03
7.781026994849939982e-01 1.313802725963831563e+03
7.796604626471261845e-01 1.306270962244534303e+03
7.812182258092583709e-01 1.294433746832867428e+03
7.827759889713905572e-01 1.277018366094980138e+03
7.843337521335227436e-01 1.255650135611826045e+03
7.858915152956544858e-01 1.234237784576549302e+03
7.874492784577866722e-01 1.248618603373231281e+03
7.890070416199188585e-01 1.255904927297305676e+03
7.905648047820510449e-01 1.251462403053397338e+03
7.921225679441832312e-01 1.253011657243008358e+03
7.936803311063154176e-01 1.257225212215266765e+03
7.952380942684476040e-01 1.218143083422014570e+03
7.967958574305793462e-01 1.185258340049127128e+03
7.983536205927115326e-01 1.199274758910864875e+03
7.999113837548437189e-01 1.214885110407854427e+03
8.014691469169759053e-01 1.212939608861721581e+03
8.030269100791080916e-01 1.215872128338918174e+03
8.045846732412402780e-01 1.210107085700807602e+03
8.061424364033724643e-01 1.191702411879799683e+03
8.077001995655042066e-01 1.162260803725403093e+03
8.092579627276363929e-01 1.169559295701702467e+03
8.108157258897685793e-01 1.157719420066658358e+03
8.123734890519003216e-01 1.146456632725148665e+03
8.139312522140329520e-01 1.149194001365593294e+03
8.154890153761646943e-01 1.151010121346038432e+03
8.170467785382973247e-01 1.145799146913907862e+03
8.186045417004290670e-01 1.135204915058667893e+03
8.201623048625616974e-01 1.136176998225566422e+03
8.217200680246934397e-01 1.116670924076079928e+03
8.232778311868251819e-01 1.113755296232251567e+03
8.248355943489578124e-01 1.131319720301215966e+03
8.263933575110895546e-01 1.105036329946393380e+03
8.279511206732221851e-01 1.093758724534617158e+03
8.295088838353539273e-01 1.079975718919163910e+03
8.310666469974865578e-01 1.054415650963985627e+03
8.326244101596183000e-01 1.050931923118782379e+03
8.341821733217500423e-01 1.038243003334964669e+03
8.357399364838826727e-01 1.023228772486889625e+03
8.372976996460144150e-01 1.039506215932638497e+03
8.388554628081470455e-01 1.054377749905716655e+03
8.404132259702787877e-01 1.023752291995584301e+03
8.419709891324114182e-01 1.030261697845367735e+03
8.435287522945431604e-01 1.014146683980185117e+03
8.450865154566749027e-01 9.951520721995813119e+02
8.466442786188075331e-01 9.722770408936282820e+02
8.482020417809392754e-01 9.865876646052511205e+02
8.497598049430719058e-01 1.030371520264945957e+03
8.513175681052036481e-01 1.036444949691643387e+03
8.528753312673362785e-01 1.021827313487077731e+03
8.544330944294680208e-01 1.018838023405618742e+03
8.559908575915997631e-01 1.019170040350973409e+03
8.575486207537323935e-01 9.987859927032186533e+02
8.591063839158641358e-01 9.746224480247427664e+02
8.606641470779967662e-01 9.600294460877154279e+02
8.622219102401285085e-01 9.575005187684488419e+02
8.637796734022611389e-01 9.600361482886652311e+02
8.653374365643928812e-01 9.344256337508981005e+02
8.668951997265246234e-01 9.313273721911896246e+02
8.684529628886572539e-01 9.504738042353361607e+02
8.700107260507889961e-01 9.663700768590222197e+02
8.715684892129216266e-01 9.631577432464499680e+02
8.731262523750533688e-01 9.360062055160345835e+02
8.746840155371859993e-01 9.146754016130524860e+02
8.762417786993177415e-01 9.105343174703289151e+02
8.777995418614494838e-01 9.191313025852449528e+02
8.793573050235821142e-01 9.439522280065892801e+02
8.809150681857138565e-01 9.438789555811933951e+02
8.824728313478464869e-01 9.146466183556194665e+02
8.840305945099782292e-01 8.846635512006397448e+02
8.855883576721099715e-01 8.653824222347972182e+02
8.871461208342426019e-01 8.666885226692231754e+02
8.887038839963743442e-01 8.926672458548644045e+02
8.902616471585069746e-01 9.043235865459523666e+02
8.918194103206387169e-01 8.939270287451897730e+02
8.933771734827713473e-01 8.864168066821864613e+02
8.949349366449030896e-01 8.665181181276711868e+02
8.964926998070348318e-01 8.624263852114038400e+02
8.980504629691674623e-01 8.981034387866220641e+02
8.996082261312992046e-01 8.772372636432272657e+02
9.011659892934318350e-01 8.457893223402231797e+02
9.027237524555635773e-01 8.401065205369925479e+02
9.042815156176962077e-01 8.553509373480959539e+02
9.058392787798279500e-01 8.518351345642373644e+02
9.073970419419596922e-01 8.241357877160592125e+02
9.089548051040923227e-01 8.080806273685943779e+02
9.105125682662240649e-01 8.218294712024757018e+02
9.120703314283566954e-01 8.420108463969176000e+02
9.136280945904884376e-01 8.278590463017566208e+02
9.151858577526210681e-01 8.038434055761729269e+02
9.167436209147528103e-01 7.936799283328944057e+02
9.183013840768845526e-01 7.949435685440203088e+02
9.198591472390171830e-01 8.067108382490073382e+02
9.214169104011489253e-01 8.046665923350449248e+02
9.229746735632815557e-01 8.109887114853229377e+02
9.245324367254132980e-01 7.927841510872974595e+02
9.260901998875459284e-01 7.731727862671011735e+02
9.276479630496776707e-01 7.798745436747570920e+02
9.292057262118094130e-01 7.884185926176544399e+02
9.307634893739420434e-01 7.869714801513888460e+02
9.323212525360737857e-01 7.790926060606328747e+02
9.338790156982064161e-01 7.716796214763185162e+02
9.354367788603381584e-01 7.649565627313904770e+02
9.369945420224707888e-01 7.699182131916001026e+02
9.385523051846025311e-01 7.502389374175893408e+02
9.401100683467342733e-01 7.454057012563731632e+02
9.416678315088669038e-01 7.611750013525668237e+02
9.432255946709986461e-01 7.409500081289613718e+02
9.447833578331312765e-01 7.272305050696901390e+02
9.463411209952630188e-01 7.226638040353479937e+02
9.478988841573956492e-01 7.323562179345045706e+02
9.494566473195273915e-01 7.437724084368420563e+02
9.510144104816591337e-01 7.217609391880070007e+02
9.525721736437917642e-01 7.069495555520700236e+02
9.541299368059235064e-01 7.009330033147728045e+02
9.556876999680561369e-01 7.169292765914740357e+02
9.572454631301878791e-01 7.065618949837971741e+02
9.588032262923205096e-01 7.028759272593641754e+02
9.603609894544522518e-01 6.820232929487882529e+02
9.619187526165839941e-01 6.791364105906498025e+02
9.634765157787166245e-01 6.868908514295923169e+02
9.650342789408483668e-01 6.808044625878568468e+02
9.665920421029809972e-01 6.793466315790763019e+02
9.681498052651127395e-01 6.896646641656352585e+02
9.697075684272444818e-01 6.951968976867469792e+02
9.712653315893771122e-01 6.708076594898805070e+02
9.728230947515088545e-01 6.683100185557523218e+02
9.743808579136414849e-01 6.793522933952777976e+02
9.759386210757732272e-01 6.765687514825265225e+02
9.774963842379058576e-01 6.551015063096224367e+02
9.790541474000375999e-01 6.644641182443505159e+02
9.806119105621693421e-01 6.775041543990465698e+02
9.821696737243019726e-01 6.498673237480360285e+02
9.837274368864337148e-01 6.358169320051741806e+02
9.852852000485663453e-01 6.383071775757018713e+02
9.868429632106980876e-01 6.331148509755211080e+02
9.884007263728307180e-01 6.225249879990275303e+02
9.899584895349624603e-01 6.136762042216776081e+02
9.915162526970942025e-01 6.259793322797399924e+02
9.930740158592268330e-01 6.118936684284884677e+02
9.946317790213585752e-01 6.408483391570832737e+02
9.961895421834912057e-01 6.437403913644166096e+02
9.977473053456229479e-01 6.399734680685895682e+02
9.993050685077555784e-01 6.148329194236935109e+02
1.000862831669887321e+00 5.830288849178075452e+02
1.002420594832019063e+00 5.885634732806017837e+02
1.003978357994151693e+00 5.967215971691367713e+02
1.005536121156283436e+00 6.038514745176045153e+02
1.007093884318416066e+00 6.130068340822448363e+02
1.008651647480547808e+00 6.071392448108089184e+02
1.010209410642680439e+00 5.899839916842607863e+02
1.011767173804812181e+00 5.735142885262700929e+02
1.013324936966943923e+00 5.761251656989988987e+02
1.014882700129076554e+00 5.789713093257839773e+02
1.016440463291208296e+00 5.702420328684646620e+02
1.017998226453340926e+00 5.651209589951153021e+02
1.019555989615472669e+00 5.644732594933535665e+02
1.021113752777605299e+00 5.560752701732683363e+02
1.022671515939737041e+00 5.438831995342654864e+02
1.024229279101868784e+00 5.451965576228835744e+02
1.025787042264001414e+00 5.504915738405001093e+02
1.027344805426133156e+00 5.408864754647050859e+02
1.028902568588265787e+00 5.304171272595199298e+02
1.030460331750397529e+00 5.315169936324773516e+02
1.032018094912530159e+00 5.487794787687997768e+02
1.033575858074661902e+00 5.253555009219537624e+02
1.035133621236793644e+00 5.221297364430323569e+02
1.036691384398926274e+00 5.230773161014852803e+02
1.038249147561058017e+00 5.182105316341902608e+02
1.039806910723190647e+00 5.294271637947844056e+02
1.041364673885322389e+00 5.296583870254580688e+02
1.042922437047455020e+00 5.236342669538236123e+02
1.044480200209586762e+00 5.226546915815741841e+02
1.046037963371718504e+00 5.180752057407298707e+02
1.047595726533851135e+00 5.074847075362800410e+02
1.049153489695982877e+00 5.120265029716381378e+02
1.050711252858115508e+00 4.970752559965018804e+02
1.052269016020247250e+00 5.104331630413523158e+02
1.053826779182378992e+00 5.250766110752771283e+02
1.055384542344511623e+00 5.163097983634809225e+02
1.056942305506643365e+00 5.104141179783841267e+02
1.058500068668775995e+00 4.992073659395521759e+02
1.060057831830907737e+00 4.957652573168551271e+02
1.061615594993040368e+00 4.828851523573639497e+02
1.063173358155172110e+00 4.640305385175457218e+02
1.064731121317303852e+00 4.606561678709266516e+02
1.066288884479436483e+00 4.597588726285757730e+02
1.067846647641568225e+00 4.667782161803713166e+02
1.069404410803700856e+00 4.728496836239472714e+02
1.070962173965832598e+00 4.724004785599781826e+02
1.072519937127965228e+00 4.488064078445223117e+02
1.074077700290096971e+00 4.577048776206372054e+02
1.075635463452228713e+00 4.559902365238609718e+02
1.077193226614361343e+00 4.440963636686846030e+02
1.078750989776493086e+00 4.500252174899993065e+02
1.080308752938625716e+00 4.558351496395643494e+02
1.081866516100757458e+00 4.554514763664786869e+02
1.083424279262890089e+00 4.554108105336657104e+02
1.084982042425021831e+00 4.545765625994453671e+02
1.086539805587153573e+00 4.377039678523984776e+02
1.088097568749286204e+00 4.317599796699400372e+02
1.089655331911417946e+00 4.348145943940343727e+02
1.091213095073550576e+00 4.364614250890766129e+02
1.092770858235682319e+00 4.305526362469880155e+02
1.094328621397814949e+00 4.215389379498654989e+02
1.095886384559946691e+00 4.274723871547303133e+02
1.097444147722078434e+00 4.213408906400655951e+02
1.099001910884211064e+00 4.156923204649084482e+02
1.100559674046342806e+00 4.196010395958783192e+02
1.102117437208475437e+00 4.210819262044282141e+02
1.103675200370607179e+00 4.259020105518702621e+02
1.105232963532739809e+00 4.235014121572162935e+02
1.106790726694871552e+00 4.027029297395582148e+02
1.108348489857003294e+00 4.101313374059100170e+02
1.109906253019135924e+00 4.068114650013154119e+02
1.111464016181267667e+00 4.178964547204469113e+02
1.113021779343400297e+00 4.042599560925504534e+02
1.114579542505532039e+00 3.983421652517671419e+02
1.116137305667664670e+00 4.066065009201522571e+02
1.117695068829796412e+00 4.144749199002204136e+02
1.119252831991928154e+00 4.099154343628505899e+02
1.120810595154060785e+00 3.919749297145685318e+02
1.122368358316192527e+00 3.854100139035300003e+02
1.123926121478325157e+00 3.847228826549487621e+02
1.125483884640456900e+00 3.878229396710262904e+02
1.127041647802589530e+00 3.859046224668992409e+02
1.128599410964721272e+00 3.920982917490344448e+02
1.130157174126853015e+00 3.778758530556514756e+02
1.131714937288985645e+00 3.823650416833476697e+02
1.133272700451117387e+00 4.098604245659980734e+02
1.134830463613250018e+00 3.874580995450889986e+02
1.136388226775381760e+00 3.614182210007244862e+02
1.137945989937513502e+00 3.657800414700541864e+02
1.139503753099646133e+00 3.644210959859346417e+02
1.141061516261777875e+00 3.625439011296076615e+02
1.142619279423910505e+00 3.659790048780171219e+02
1.144177042586042248e+00 3.532806168428734281e+02
1.145734805748174878e+00 3.424629472039292182e+02
1.147292568910306620e+00 3.397679156628254873e+02
1.148850332072438363e+00 3.561878292197457654e+02
1.150408095234570993e+00 3.638443313609027427e+02
1.151965858396702735e+00 3.428849356856304667e+02
1.153523621558835366e+00 3.557204674644526108e+02
1.155081384720967108e+00 3.507299154822612763e+02
1.156639147883099739e+00 3.472792812254625119e+02
1.158196911045231481e+00 3.552990935532670278e+02
1.159754674207363223e+00 3.488031221193515989e+02
1.161312437369495854e+00 3.452923996409990082e+02
1.162870200531627596e+00 3.467368387128574341e+02
1.164427963693760226e+00 3.395228972277502635e+02
1.165985726855891969e+00 3.242419302228724973e+02
1.167543490018024599e+00 3.228175247984373755e+02
1.169101253180156341e+00 3.178504449360351600e+02
1.170659016342288083e+00 3.285658983504143293e+02
1.172216779504420714e+00 3.465392716611690389e+02
1.173774542666552456e+00 3.383390317013783033e+02
1.175332305828685087e+00 3.350460514252771986e+02
1.176890068990816829e+00 3.246675209401552138e+02
1.178447832152949459e+00 3.138660059512013163e+02
1.180005595315081202e+00 3.165448650232772820e+02
1.181563358477212944e+00 3.093572143663637917e+02
1.183121121639345574e+00 2.995178050069094979e+02
1.184678884801477317e+00 3.119045147063790182e+02
1.186236647963609947e+00 3.182329113818443034e+02
1.187794411125741689e+00 3.186195442423865529e+02
1.189352174287874320e+00 2.910371959077892825e+02
1.190909937450006062e+00 2.905635405540190845e+02
1.192467700612137804e+00 3.011513447381299216e+02
1.194025463774270435e+00 2.919337275968460403e+02
1.195583226936402177e+00 2.924456349702853117e+02
1.197140990098534807e+00 2.962183560962166098e+02
1.198698753260666550e+00 3.085061194112715839e+02
1.200256516422799180e+00 3.143928220800325448e+02
1.201814279584930922e+00 3.006922501351942856e+02
1.203372042747062665e+00 2.977818897832063954e+02
1.204929805909195295e+00 2.977624730814451368e+02
1.206487569071327037e+00 2.879634933725603219e+02
1.208045332233459668e+00 2.846288644965170533e+02
1.209603095395591410e+00 2.829083734838036435e+02
1.211160858557724040e+00 2.921176136533278509e+02
1.212718621719855783e+00 2.969981427271141001e+02
1.214276384881987525e+00 2.769259176178782695e+02
1.215834148044120155e+00 2.814743477123233220e+02
1.217391911206251898e+00 2.942711554336917743e+02
1.218949674368384528e+00 2.949470806614208982e+02
1.220507437530516270e+00 2.886106282159520902e+02
1.222065200692648901e+00 2.761502933120110583e+02
1.223622963854780643e+00 2.814409504502514778e+02
1.225180727016912385e+00 2.778574278004104485e+02
1.226738490179045016e+00 2.573651211349869072e+02
1.228296253341176758e+00 2.535233501259611444e+02
1.229854016503309388e+00 2.701841734189358135e+02
1.231411779665441131e+00 2.625320536062008046e+02
1.232969542827572873e+00 2.614678110339394266e+02
1.234527305989705503e+00 2.657624266537749236e+02
1.236085069151837246e+00 2.575992397967477814e+02
1.237642832313969876e+00 2.566455049843606844e+02
1.239200595476101618e+00 2.612402564085480208e+02
1.240758358638234249e+00 2.585118086461888538e+02
1.242316121800365991e+00 2.576443459202732811e+02
1.243873884962497733e+00 2.662816611564931009e+02
1.245431648124630364e+00 2.578910105204757883e+02
1.246989411286762106e+00 2.438810850151006946e+02
1.248547174448894737e+00 2.526605108502494090e+02
1.250104937611026479e+00 2.610048197306612110e+02
1.251662700773159109e+00 2.587349066550330576e+02
1.253220463935290852e+00 2.550233055109078180e+02
1.254778227097422594e+00 2.442838317943378001e+02
1.256335990259555224e+00 2.433912891420761468e+02
1.257893753421686966e+00 2.484470374868093643e+02
1.259451516583819597e+00 2.451852309181078908e+02
1.261009279745951339e+00 2.419672094968101987e+02
1.262567042908083970e+00 2.439453557159586410e+02
1.264124806070215712e+00 2.437701704858655205e+02
1.265682569232347454e+00 2.546681114475397294e+02
1.267240332394480085e+00 2.389263538912558147e+02
1.268798095556611827e+00 2.294603286851638870e+02
1.270355858718744457e+00 2.337491815872075733e+02
1.271913621880876200e+00 2.390695360615132472e+02
1.273471385043008830e+00 2.428024507425258491e+02
1.275029148205140572e+00 2.426799474307194373e+02
1.276586911367272315e+00 2.451432355366881666e+02
1.278144674529404945e+00 2.419123329195087706e+02
1.279702437691536687e+00 2.271106558000004725e+02
1.281260200853669318e+00 2.221037314525237321e+02
1.282817964015801060e+00 2.311277931495405369e+02
1.284375727177933690e+00 2.278962534028542279e+02
1.285933490340065433e+00 2.210928130110596612e+02
1.287491253502197175e+00 2.246211474022101697e+02
1.289049016664329805e+00 2.257309758304970444e+02
1.290606779826461548e+00 2.289243122423261809e+02
1.292164542988594178e+00 2.288162672377437445e+02
1.293722306150725920e+00 2.238389901236687649e+02
1.295280069312858551e+00 2.213035146460830447e+02
1.296837832474990293e+00 2.247838495713669147e+02
1.298395595637122035e+00 2.311367255995568541e+02
1.299953358799254666e+00 2.283216929178831549e+02
1.301511121961386408e+00 2.232879422555426459e+02
1.303068885123519038e+00 2.227424129166863338e+02
1.304626648285650781e+00 2.217087002925993602e+02
1.306184411447783411e+00 2.352655760986033613e+02
1.307742174609915153e+00 2.256432621946318022e+02
1.309299937772046896e+00 2.011317749119926077e+02
1.310857700934179526e+00 1.980424423097178135e+02
1.312415464096311268e+00 2.006630660511501105e+02
1.313973227258443899e+00 2.045313346276757898e+02
1.315530990420575641e+00 2.131631407287933371e+02
1.317088753582707383e+00 2.146974046386710882e+02
1.318646516744840014e+00 2.082974158033823642e+02
1.320204279906971756e+00 2.078332835161752712e+02
1.321762043069104386e+00 2.035904462712965426e+02
1.323319806231236129e+00 2.038585455904005528e+02
1.324877569393368759e+00 2.068154082479530587e+02
1.326435332555500501e+00 1.984292218756063733e+02
1.327993095717632244e+00 1.968773259886428662e+02
1.329550858879764874e+00 2.062956420325767226e+02
1.331108622041896616e+00 2.055629350399645432e+02
1.332666385204029247e+00 2.004940813049204280e+02
1.334224148366160989e+00 2.011610487878101310e+02
1.335781911528293620e+00 2.036369926001549686e+02
1.337339674690425362e+00 2.030980312919473079e+02
1.338897437852557104e+00 1.935131472710195055e+02
1.340455201014689735e+00 1.917286497868796573e+02
1.342012964176821477e+00 1.944447585010501030e+02
1.343570727338954107e+00 2.152440349519171718e+02
1.345128490501085849e+00 2.039494026613525648e+02
1.346686253663218480e+00 1.865022573230525040e+02
1.348244016825350222e+00 1.758068131720435190e+02
1.349801779987481964e+00 1.777064535784813302e+02
1.351359543149614595e+00 1.854705012970677842e+02
1.352917306311746337e+00 1.878439560456492359e+02
1.354475069473878968e+00 1.903492398904742231e+02
1.356032832636010710e+00 1.806393099863042835e+02
1.357590595798143340e+00 1.762275387290389119e+02
1.359148358960275083e+00 1.840955328557084556e+02
1.360706122122406825e+00 1.969376187199297306e+02
1.362263885284539455e+00 1.946335260025645084e+02
1.363821648446671198e+00 1.868753322642361923e+02
1.365379411608803828e+00 1.778274423019848882e+02
1.366937174770935570e+00 1.853951162863491504e+02
1.368494937933068201e+00 1.885360763867512901e+02
1.370052701095199943e+00 1.795405607324889843e+02
1.371610464257331685e+00 1.817466517036117182e+02
1.373168227419464316e+00 1.917918878295569129e+02
1.374725990581596058e+00 1.967563568534271212e+02
1.376283753743728688e+00 1.857700135070419662e+02
1.377841516905860431e+00 1.796960428490236836e+02
1.379399280067993061e+00 1.897395025352063271e+02
1.380957043230124803e+00 1.724754083455255227e+02
1.382514806392256546e+00 1.709510023695742973e+02
1.384072569554389176e+00 1.792024339755411120e+02
1.385630332716520918e+00 1.806440616892607807e+02
1.387188095878653549e+00 1.770873704258181078e+02
1.388745859040785291e+00 1.740113050456295127e+02
1.390303622202917921e+00 1.741688288816199304e+02
1.391861385365049664e+00 1.690008889675928572e+02
1.393419148527181406e+00 1.759111029681421599e+02
1.394976911689314036e+00 1.884338130211397413e+02
1.396534674851445779e+00 1.719459246707103546e+02
1.398092438013578409e+00 1.707789529189466293e+02
1.399650201175710151e+00 1.593209131891596542e+02
1.401207964337841894e+00 1.516122494347370662e+02
1.402765727499974524e+00 1.615383767076617971e+02
1.404323490662106266e+00 1.697013068727651728e+02
1.405881253824238897e+00 1.709555041172976928e+02
1.407439016986370639e+00 1.675584624009921697e+02
1.408996780148503269e+00 1.685143850113432222e+02
1.410554543310635012e+00 1.714990442528988126e+02
1.412112306472766754e+00 1.675799865842602401e+02
1.413670069634899384e+00 1.694341040586766951e+02
1.415227832797031127e+00 1.652531182390455911e+02
1.416785595959163757e+00 1.594288192989227184e+02
1.418343359121295499e+00 1.631944147627345387e+02
1.419901122283428130e+00 1.611740602616861224e+02
1.421458885445559872e+00 1.601604397485006075e+02
1.423016648607691614e+00 1.665774197613204990e+02
1.424574411769824245e+00 1.662282472651695855e+02
1.426132174931955987e+00 1.591829586037511035e+02
1.427689938094088618e+00 1.591274211475449931e+02
1.429247701256220360e+00 1.602017577004795896e+02
1.430805464418352990e+00 1.569854006145277765e+02
1.432363227580484732e+00 1.689685550926443796e+02
1.433920990742616475e+00 1.777920056358486818e+02
1.435478753904749105e+00 1.656975075430408424e+02
1.437036517066880847e+00 1.626418425757190676e+02
1.438594280229013478e+00 1.591877398265594366e+02
1.440152043391145220e+00 1.535384162403071571e+02
1.441709806553277851e+00 1.503443426868212498e+02
1.443267569715409593e+00 1.456720876904891213e+02
1.444825332877541335e+00 1.447038747147169317e+02
1.446383096039673966e+00 1.467130705733096647e+02
1.447940859201805708e+00 1.498707345445591272e+02
1.449498622363938338e+00 1.601909103415133586e+02
1.451056385526070081e+00 1.591494566834278714e+02
1.452614148688202711e+00 1.464280834977183474e+02
1.454171911850334453e+00 1.511659284752157362e+02
1.455729675012466195e+00 1.540792771820958933e+02
1.457287438174598826e+00 1.527193837875473150e+02
1.458845201336730568e+00 1.586853760137538814e+02
1.460402964498863199e+00 1.580551889655781110e+02
1.461960727660994941e+00 1.515931555463814959e+02
1.463518490823127571e+00 1.509020533438238374e+02
1.465076253985259314e+00 1.509690212170933705e+02
1.466634017147391056e+00 1.480679727494227222e+02
1.468191780309523686e+00 1.416370242751011688e+02
1.469749543471655429e+00 1.383373013913392242e+02
1.471307306633788059e+00 1.392608329148914947e+02
1.472865069795919801e+00 1.454549564121445258e+02
1.474422832958052432e+00 1.533872846212016157e+02
1.475980596120184174e+00 1.520971693738832471e+02
1.477538359282315916e+00 1.445285924675964395e+02
1.479096122444448547e+00 1.418511673557487711e+02
1.480653885606580289e+00 1.391332167214046649e+02
1.482211648768712919e+00 1.358638395353944759e+02
1.483769411930844662e+00 1.438744073777863264e+02
1.485327175092977292e+00 1.406233881286449048e+02
1.486884938255109034e+00 1.404082965042386490e+02
1.488442701417240777e+00 1.479787253574336034e+02
1.490000464579373407e+00 1.477349530375682320e+02
1.491558227741505149e+00 1.433324780708118453e+02
1.493115990903637780e+00 1.438640296693477296e+02
1.494673754065769522e+00 1.450923716767886447e+02
1.496231517227901264e+00 1.414493006976322533e+02
1.497789280390033895e+00 1.354088659005720103e+02
1.499347043552165637e+00 1.318403861370002517e+02
1.500904806714298267e+00 1.353126237422804365e+02
1.502462569876430010e+00 1.439684429547797322e+02
1.504020333038562640e+00 1.435786854738126976e+02
1.505578096200694382e+00 1.345413592545262418e+02
1.507135859362826125e+00 1.296979611261621699e+02
1.508693622524958755e+00 1.323153691646625987e+02
1.510251385687090497e+00 1.355923226212869110e+02
1.511809148849223128e+00 1.366182202528209189e+02
1.513366912011354870e+00 1.377985694230585239e+02
1.514924675173487501e+00 1.378019767305305265e+02
1.516482438335619243e+00 1.403578783204388287e+02
1.518040201497750985e+00 1.456739602544973877e+02
1.519597964659883615e+00 1.379236112309354212e+02
1.521155727822015358e+00 1.339788743303572573e+02
1.522713490984147988e+00 1.385613127148930062e+02
1.524271254146279730e+00 1.418411246299616266e+02
1.525829017308412361e+00 1.390718799679548283e+02
1.527386780470544103e+00 1.390329877842524411e+02
1.528944543632675845e+00 1.419958747690415635e+02
1.530502306794808476e+00 1.398426871930936954e+02
1.532060069956940218e+00 1.343311317934392264e+02
1.533617833119072849e+00 1.332225969623003436e+02
1.535175596281204591e+00 1.345820583605805041e+02
1.536733359443337221e+00 1.382376075985072532e+02
1.538291122605468964e+00 1.435391951836975011e+02
1.539848885767600706e+00 1.370518432200157974e+02
1.541406648929733336e+00 1.286700713468020183e+02
1.542964412091865078e+00 1.334647998057303369e+02
1.544522175253997709e+00 1.365595415366085774e+02
1.546079938416129451e+00 1.322748870504583465e+02
1.547637701578262082e+00 1.296424760393044551e+02
1.549195464740393824e+00 1.286851057991424909e+02
1.550753227902525566e+00 1.282583757919485663e+02
1.552310991064658197e+00 1.301665006974316441e+02
1.553868754226789939e+00 1.338023580609508656e+02
1.555426517388922569e+00 1.358868410344960296e+02
1.556984280551054312e+00 1.287070676778955942e+02
1.558542043713186942e+00 1.278223061718438487e+02
1.560099806875318684e+00 1.301614668139817184e+02
1.561657570037450427e+00 1.253482022394454134e+02
1.563215333199583057e+00 1.216406336073148111e+02
1.564773096361714799e+00 1.239514358164734205e+02
1.566330859523847430e+00 1.253888948632801998e+02
1.567888622685979172e+00 1.299526989151436567e+02
1.569446385848111802e+00 1.350385557844416553e+02
1.571004149010243545e+00 1.312543762987192508e+02
1.572561912172375287e+00 1.291731449588697558e+02
1.574119675334507917e+00 1.180800787285757565e+02
1.575677438496639660e+00 1.211204047508745560e+02
1.577235201658772290e+00 1.201702507600545289e+02
1.578792964820904032e+00 1.218393786671516210e+02
1.580350727983035775e+00 1.292330471050254062e+02
1.581908491145168405e+00 1.290265939466815723e+02
1.583466254307300147e+00 1.268394622069882445e+02
1.585024017469432778e+00 1.278943284254914943e+02
1.586581780631564520e+00 1.309382179374670159e+02
1.588139543793697150e+00 1.322992039563540061e+02
1.589697306955828893e+00 1.276514373371958442e+02
1.591255070117960635e+00 1.252762900612356560e+02
1.592812833280093265e+00 1.247657605285090057e+02
1.594370596442225008e+00 1.180304990996693704e+02
1.595928359604357638e+00 1.173896038834180189e+02
1.597486122766489380e+00 1.151147877506234352e+02
1.599043885928622011e+00 1.192920641635543575e+02
1.600601649090753753e+00 1.260562233218395107e+02
1.602159412252885495e+00 1.237238470420180363e+02
1.603717175415018126e+00 1.242418686642309638e+02
1.605274938577149868e+00 1.192929563764233478e+02
1.606832701739282498e+00 1.269227689995490067e+02
1.608390464901414241e+00 1.278831841594304564e+02
1.609948228063546871e+00 1.229534672132886470e+02
1.611505991225678613e+00 1.256126458457438559e+02
1.613063754387810356e+00 1.265820408571526627e+02
1.614621517549942986e+00 1.255958710181526783e+02
1.616179280712074728e+00 1.246329087374256233e+02
1.617737043874207359e+00 1.233605304136606833e+02
1.619294807036339101e+00 1.190799399506257998e+02
1.620852570198471732e+00 1.186920846023270002e+02
1.622410333360603474e+00 1.253618714111441648e+02
1.623968096522735216e+00 1.283419348699525528e+02
1.625525859684867847e+00 1.255463632373208185e+02
1.627083622846999589e+00 1.173105531235817125e+02
1.628641386009132219e+00 1.186886992458424572e+02
1.630199149171263961e+00 1.137682895532633296e+02
1.631756912333396592e+00 1.048930778838590783e+02
1.633314675495528334e+00 1.109566111918113904e+02
1.634872438657660076e+00 1.210287709146232089e+02
1.636430201819792707e+00 1.154922459601712177e+02
1.637987964981924449e+00 1.097148364807884775e+02
1.639545728144057080e+00 1.122290204157434346e+02
1.641103491306188822e+00 1.151465313563395085e+02
1.642661254468321452e+00 1.197880733237596189e+02
1.644219017630453195e+00 1.214985170356342934e+02
1.645776780792584937e+00 1.174114919337717708e+02
1.647334543954717567e+00 1.182967164348570321e+02
1.648892307116849310e+00 1.195921302620747753e+02
1.650450070278981940e+00 1.151795302185556835e+02
1.652007833441113682e+00 1.099538102611070656e+02
1.653565596603246313e+00 1.131046554562485369e+02
1.655123359765378055e+00 1.128356563442090419e+02
1.656681122927509797e+00 1.187598020502688172e+02
1.658238886089642428e+00 1.267945535599649531e+02
1.659796649251774170e+00 1.230804503069176121e+02
1.661354412413906800e+00 1.177746328147259618e+02
1.662912175576038543e+00 1.123314841062387757e+02
1.664469938738170285e+00 1.066665538802580642e+02
1.666027701900302915e+00 1.080348219757713792e+02
1.667585465062434658e+00 1.132497330944715230e+02
1.669143228224567288e+00 1.152478694849108081e+02
1.670700991386699030e+00 1.110904269164213218e+02
1.672258754548831661e+00 1.111282557849633719e+02
1.673816517710963403e+00 1.161783430293845072e+02
1.675374280873095145e+00 1.181450626567116444e+02
1.676932044035227776e+00 1.164237334676290345e+02
1.678489807197359518e+00 1.138990158510311375e+02
1.680047570359492148e+00 1.123912500828654686e+02
1.681605333521623891e+00 1.116551445932180542e+02
1.683163096683756521e+00 1.111476242135867096e+02
1.684720859845888263e+00 1.117086561028653904e+02
1.686278623008020006e+00 1.112693852511852555e+02
1.687836386170152636e+00 1.108236330434988304e+02
1.689394149332284378e+00 1.111244364723286679e+02
1.690951912494417009e+00 1.070378685315067457e+02
1.692509675656548751e+00 1.131731179492733190e+02
1.694067438818681381e+00 1.194900910129922380e+02
1.695625201980813124e+00 1.168874435341279394e+02
1.697182965142944866e+00 1.110252669515641486e+02
1.698740728305077496e+00 1.025007170884029364e+02
1.700298491467209239e+00 1.000811488396971498e+02
1.701856254629341869e+00 9.874029229178796641e+01
1.703414017791473611e+00 1.017949758151383008e+02
1.704971780953606242e+00 1.025287664296448327e+02
1.706529544115737984e+00 1.035889920937523101e+02
1.708087307277869726e+00 1.079333306954487881e+02
1.709645070440002357e+00 1.073616329736311883e+02
1.711202833602134099e+00 1.004396609961742541e+02
1.712760596764266730e+00 9.621550466187846951e+01
1.714318359926398472e+00 1.007854626247484902e+02
1.715876123088531102e+00 1.030464473423955667e+02
1.717433886250662844e+00 1.133807736773466388e+02
1.718991649412794587e+00 1.116401496783322784e+02
1.720549412574927217e+00 1.005331901161983126e+02
1.722107175737058959e+00 1.007930657394308582e+02
1.723664938899191590e+00 9.959220442329254297e+01
1.725222702061323332e+00 9.521951498487884180e+01
1.726780465223455963e+00 9.759259656467018829e+01
1.728338228385587705e+00 1.041354399336722594e+02
1.729895991547719447e+00 1.080041015976062226e+02
1.731453754709852078e+00 9.947943471094686174e+01
1.733011517871983820e+00 9.900905199801206891e+01
1.734569281034116450e+00 1.034134686933316942e+02
1.736127044196248193e+00 1.048047477571949457e+02
1.737684807358380823e+00 1.034743058756614573e+02
1.739242570520512565e+00 1.013131348858323832e+02
1.740800333682644307e+00 1.030286243740963812e+02
1.742358096844776938e+00 1.034136133140019211e+02
1.743915860006908680e+00 9.949114419474352644e+01
1.745473623169041311e+00 1.061097245908463691e+02
1.747031386331173053e+00 1.047634254342144970e+02
1.748589149493305683e+00 9.718735276515536725e+01
1.750146912655437426e+00 1.069281821299665580e+02
1.751704675817569168e+00 1.125371030771529064e+02
1.753262438979701798e+00 1.074095619861088124e+02
1.754820202141833541e+00 1.030593546722449929e+02
1.756377965303966171e+00 1.007616405824040129e+02
1.757935728466097913e+00 1.028723155463184753e+02
1.759493491628229656e+00 1.001663426484514190e+02
1.761051254790362286e+00 9.361280181440014303e+01
1.762609017952494028e+00 9.942151659386938434e+01
1.764166781114626659e+00 1.018829619632644778e+02
1.765724544276758401e+00 9.637823785499651308e+01
1.767282307438891031e+00 9.476492252129310145e+01
1.768840070601022774e+00 9.955689897748051465e+01
1.770397833763154516e+00 1.064183866992326983e+02
1.771955596925287146e+00 1.035064077035589492e+02
1.773513360087418889e+00 1.055581609448518066e+02
1.775071123249551519e+00 1.067404308658519625e+02
1.776628886411683261e+00 1.045185333628763402e+02
1.778186649573815892e+00 1.019888424861601663e+02
1.779744412735947634e+00 1.049511692946340418e+02
1.781302175898079376e+00 1.028891999920903118e+02
1.782859939060212007e+00 9.653348548595060663e+01
1.784417702222343749e+00 9.747893895034395939e+01
1.785975465384476379e+00 9.655202915402117014e+01
1.787533228546608122e+00 9.570311584151056650e+01
1.789090991708740752e+00 9.241209607261946246e+01
1.790648754870872494e+00 9.439708760211080119e+01
1.792206518033004237e+00 9.898470317722942013e+01
1.793764281195136867e+00 9.922250097857268258e+01
1.795322044357268609e+00 1.032165156397907708e+02
1.796879807519401240e+00 1.024297464035584682e+02
1.798437570681532982e+00 9.897739272361805263e+01
1.799995333843665613e+00 1.004071982863547419e+02
1.801553097005797355e+00 9.678443400701824828e+01
1.803110860167929097e+00 9.608637183111302704e+01
1.804668623330061727e+00 8.717473045815712851e+01
1.806226386492193470e+00 1.001840430551071535e+02
1.807784149654326100e+00 1.036464839456794635e+02
1.809341912816457842e+00 9.410137628865042814e+01
1.810899675978590473e+00 9.883716857231421216e+01
1.812457439140722215e+00 1.003792498299653602e+02
1.814015202302853957e+00 9.515891224083999589e+01
1.815572965464986588e+00 9.733469441581689807e+01
1.817130728627118330e+00 1.006981191310244412e+02
1.818688491789250961e+00 9.901846664331388581e+01
1.820246254951382703e+00 9.872910984940369872e+01
1.821804018113515333e+00 9.247754684847470230e+01
1.823361781275647076e+00 8.843871652742879519e+01
1.824919544437778818e+00 9.319553037378750560e+01
1.826477307599911448e+00 9.744211713938184971e+01
1.828035070762043190e+00 1.032566006187842333e+02
1.829592833924175821e+00 1.027017145999270582e+02
1.831150597086307563e+00 9.628054971050718791e+01
1.832708360248440194e+00 9.623106726585002946e+01
1.834266123410571936e+00 9.769736134721894416e+01
1.835823886572703678e+00 9.652724999461054267e+01
1.837381649734836309e+00 9.355946506830383669e+01
1.838939412896968051e+00 9.317997358081404968e+01
1.840497176059100681e+00 8.798394796011420738e+01
1.842054939221232424e+00 8.500041426566315295e+01
1.843612702383364166e+00 8.712511553520273822e+01
1.845170465545496796e+00 8.807132158886061291e+01
1.846728228707628539e+00 9.083381270269684649e+01
1.848285991869761169e+00 9.439891721125592028e+01
1.849843755031892911e+00 9.266269290166603412e+01
1.851401518194025542e+00 8.742736623491943249e+01
1.852959281356157284e+00 9.447036003780820579e+01
1.854517044518289026e+00 9.783922758511242534e+01
1.856074807680421657e+00 9.327515028672486608e+01
1.857632570842553399e+00 9.839033140241129161e+01
1.859190334004686029e+00 9.659118478326197987e+01
1.860748097166817772e+00 8.990822870554607960e+01
1.862305860328950402e+00 8.772817702452579169e+01
1.863863623491082144e+00 8.412497951756144232e+01
1.865421386653213887e+00 8.356055123415239905e+01
1.866979149815346517e+00 8.794663186821810541e+01
1.868536912977478259e+00 8.808489079795732835e+01
1.870094676139610890e+00 8.181269278361456543e+01
1.871652439301742632e+00 8.896633583274885382e+01
1.873210202463875262e+00 8.952471684454546619e+01
1.874767965626007005e+00 8.719298391226554656e+01
1.876325728788138747e+00 8.820618626558581354e+01
1.877883491950271377e+00 8.502119398150433938e+01
1.879441255112403120e+00 8.391763843517541943e+01
1.880999018274535750e+00 8.512722008353530612e+01
1.882556781436667492e+00 8.887667443770486386e+01
1.884114544598800123e+00 8.955167123641435012e+01
1.885672307760931865e+00 9.432479031018982596e+01
1.887230070923063607e+00 9.395791660239886767e+01
1.888787834085196238e+00 9.136866175190766626e+01
1.890345597247327980e+00 8.695661991633639332e+01
1.891903360409460610e+00 8.610437287618597679e+01
1.893461123571592353e+00 8.519109471250808951e+01
1.895018886733724983e+00 8.091188097942335844e+01
1.896576649895856725e+00 8.283702665767383166e+01
1.898134413057988468e+00 8.596652674901361024e+01
1.899692176220121098e+00 8.675651941774533782e+01
1.901249939382252840e+00 9.063871468607737825e+01
1.902807702544385471e+00 8.425587767383379401e+01
1.904365465706517213e+00 8.999396247467106491e+01
1.905923228868649844e+00 8.875715738324036863e+01
1.907480992030781586e+00 8.141731775773199331e+01
1.909038755192913328e+00 8.012081896631212885e+01
1.910596518355045959e+00 7.858359998722012563e+01
1.912154281517177701e+00 7.915229331108372435e+01
1.913712044679310331e+00 7.744731189732296173e+01
1.915269807841442073e+00 7.963708083276158334e+01
1.916827571003574704e+00 8.978139777577329994e+01
1.918385334165706446e+00 9.040865753567838681e+01
1.919943097327838188e+00 8.414875138390475229e+01
1.921500860489970819e+00 8.596538819714524493e+01
1.923058623652102561e+00 8.300942744367078774e+01
1.924616386814235192e+00 7.986481195906561936e+01
1.926174149976366934e+00 8.051985966670777373e+01
1.927731913138498676e+00 8.203702995195014580e+01
1.929289676300631307e+00 8.400687768311007630e+01
1.930847439462763049e+00 7.973561081988064814e+01
1.932405202624895679e+00 7.966444369657070013e+01
1.933962965787027422e+00 8.451165455536953175e+01
1.935520728949160052e+00 8.115388718828388903e+01
1.937078492111291794e+00 7.392493798573524089e+01
1.938636255273423536e+00 7.891184187416597240e+01
1.940194018435556167e+00 8.118435541808449329e+01
1.941751781597687909e+00 7.632143105752832923e+01
1.943309544759820540e+00 7.861651918894617097e+01
1.944867307921952282e+00 8.491044120404012574e+01
1.946425071084084912e+00 8.323911087043008195e+01
1.947982834246216655e+00 7.574629701073611443e+01
1.949540597408348397e+00 8.083652687704149287e+01
1.951098360570481027e+00 7.737397539888770837e+01
1.952656123732612770e+00 7.996405584065118433e+01
1.954213886894745400e+00 8.328129864262395188e+01
1.955771650056877142e+00 8.342681012335400226e+01
1.957329413219009773e+00 8.034655295010975351e+01
1.958887176381141515e+00 7.677574395732159473e+01
1.960444939543273257e+00 7.744914120419902304e+01
1.962002702705405888e+00 7.967765719217382525e+01
1.963560465867537630e+00 8.255635710316853704e+01
1.965118229029670260e+00 7.971463721361460841e+01
1.966675992191802003e+00 8.279816613143768222e+01
1.968233755353934633e+00 8.292431272298463796e+01
1.969791518516066375e+00 7.451106545846715790e+01
1.971349281678198118e+00 7.603090871523176020e+01
1.972907044840330748e+00 8.522913641338337243e+01
1.974464808002462490e+00 8.097220731895694712e+01
1.976022571164595121e+00 7.449270762018358027e+01
1.977580334326726863e+00 7.403003614948691791e+01
1.979138097488859493e+00 7.577917977487196310e+01
1.980695860650991236e+00 7.720758138996052367e+01
1.982253623813122978e+00 7.240487597235848227e+01
1.983811386975255608e+00 6.818534769341839308e+01
1.985369150137387351e+00 6.899942218972071828e+01
1.986926913299519981e+00 7.321591050639722198e+01
1.988484676461651723e+00 7.247646615439350626e+01
1.990042439623784354e+00 7.437805594832182976e+01
1.991600202785916096e+00 7.782999745095270328e+01
1.993157965948047838e+00 7.956994882095210642e+01
1.994715729110180469e+00 7.913472264916114796e+01
1.996273492272312211e+00 7.817673994293750184e+01
1.997831255434444842e+00 8.172446722796493646e+01
1.999389018596576584e+00 8.257480701578354854e+01
2.000946781758709214e+00 7.666233452143268323e+01
2.002504544920840956e+00 7.872866901080277557e+01
2.004062308082972699e+00 8.183930405850379941e+01
2.005620071245105329e+00 6.951138077515605573e+01
2.007177834407237071e+00 8.119337612477089294e+01
2.008735597569369702e+00 8.204570975332724458e+01
2.010293360731501444e+00 7.182390645123514616e+01
2.011851123893633186e+00 7.806602261146964850e+01
2.013408887055765817e+00 8.386853096658012419e+01
2.014966650217897559e+00 8.128817977047046384e+01
2.016524413380030190e+00 7.641402993745373351e+01
2.018082176542161932e+00 7.035723811831159935e+01
2.019639939704294562e+00 7.440592081297053539e+01
2.021197702866426305e+00 8.379367783586420160e+01
2.022755466028558047e+00 7.030657773208267258e+01
2.024313229190690677e+00 6.431643290500130661e+01
2.025870992352822419e+00 7.006623585988836567e+01
2.027428755514955050e+00 7.330875966081140405e+01
2.028986518677086792e+00 7.547562965431376369e+01
2.030544281839219423e+00 7.564681749874091565e+01
2.032102045001351165e+00 7.619741270221899754e+01
2.033659808163482907e+00 7.471252129929760599e+01
2.035217571325615538e+00 7.115523098553039461e+01
2.036775334487747280e+00 7.055258536043734807e+01
2.038333097649879910e+00 7.650752456960226766e+01
2.039890860812011653e+00 7.101623902353949802e+01
2.041448623974144283e+00 7.226947914721429811e+01
2.043006387136276025e+00 7.675761351598019644e+01
2.044564150298407768e+00 7.024252833849271838e+01
2.046121913460540398e+00 6.859281911334582560e+01
2.047679676622672140e+00 7.211260269712172999e+01
2.049237439784804771e+00 7.384643825174794074e+01
2.050795202946936513e+00 7.338571644129322635e+01
2.052352966109069143e+00 6.872986058657512842e+01
2.053910729271200886e+00 7.015349612408647317e+01
2.055468492433332628e+00 6.676021402393686799e+01
2.057026255595465258e+00 7.285089183600001661e+01
2.058584018757597001e+00 6.729581073565562122e+01
2.060141781919729631e+00 6.831365142088543507e+01
2.061699545081861373e+00 7.670603327490844947e+01
2.063257308243994004e+00 7.082813100920313332e+01
2.064815071406125746e+00 6.837649181563257628e+01
2.066372834568257488e+00 7.039240105203674602e+01
2.067930597730390119e+00 7.054046359686449819e+01
2.069488360892521861e+00 7.121453835247997688e+01
2.071046124054654491e+00 7.760335484954900664e+01
2.072603887216786234e+00 7.330273128150332695e+01
2.074161650378918864e+00 6.593863484974973233e+01
2.075719413541050606e+00 6.549620053609710624e+01
2.077277176703182349e+00 6.803559153335845622e+01
2.078834939865314979e+00 7.143008521136506772e+01
2.080392703027446721e+00 6.973792076314582289e+01
2.081950466189579352e+00 6.761025303562756505e+01
2.083508229351711094e+00 6.958105207358319433e+01
2.085065992513843725e+00 7.500815256281647692e+01
2.086623755675975467e+00 7.841574203802758802e+01
2.088181518838107209e+00 7.320887104010174085e+01
2.089739282000239839e+00 7.276370747785580306e+01
2.091297045162371582e+00 7.611629687123905796e+01
2.092854808324504212e+00 7.630503154329279880e+01
2.094412571486635954e+00 7.253600729869694419e+01
2.095970334648768585e+00 6.988494611418934710e+01
2.097528097810900327e+00 6.731260930683531285e+01
2.099085860973032069e+00 6.328253371675063477e+01
2.100643624135164700e+00 6.395064042147461691e+01
2.102201387297296442e+00 6.699617816765244527e+01
2.103759150459429073e+00 6.636430299098883268e+01
2.105316913621560815e+00 6.462783043946123485e+01
2.106874676783692557e+00 6.249515627314575283e+01
2.108432439945825188e+00 6.084029277063881125e+01
2.109990203107956930e+00 5.881794118555381345e+01
2.111547966270089560e+00 5.959810124797469655e+01
2.113105729432221302e+00 5.971521970542727331e+01
2.114663492594353933e+00 6.447449063018265747e+01
2.116221255756485675e+00 6.437447506605268188e+01
2.117779018918617417e+00 6.207939632541020814e+01
2.119336782080750048e+00 6.182282841156600028e+01
2.120894545242881790e+00 6.218139315279314872e+01
2.122452308405014421e+00 6.307746705254277941e+01
2.124010071567146163e+00 6.351050706430296344e+01
2.125567834729278793e+00 5.976988966755264698e+01
2.127125597891410536e+00 5.729501567734335765e+01
2.128683361053542278e+00 6.663310695302598674e+01
2.130241124215674908e+00 7.066471906759734622e+01
2.131798887377806651e+00 6.400163767591443786e+01
2.133356650539939281e+00 6.540337495898972975e+01
2.134914413702071023e+00 6.254602373773692392e+01
2.136472176864203654e+00 6.339530571872403186e+01
2.138029940026335396e+00 6.737466029819063351e+01
2.139587703188467138e+00 6.534713012733912763e+01
2.141145466350599769e+00 6.225989874754586140e+01
2.142703229512731511e+00 6.258065301511201994e+01
2.144260992674864141e+00 6.533227055541246386e+01
2.145818755836995884e+00 6.188384747980931877e+01
2.147376518999128514e+00 6.163015455420214295e+01
2.148934282161260256e+00 6.326512524668274295e+01
2.150492045323391999e+00 6.228853147778160348e+01
2.152049808485524629e+00 6.298382113508483116e+01
2.153607571647656371e+00 5.809864931199820148e+01
2.155165334809789002e+00 6.046983670491174223e+01
2.156723097971920744e+00 6.553843377084608335e+01
2.158280861134053374e+00 6.506951385285708511e+01
2.159838624296185117e+00 6.545985413755761329e+01
2.161396387458316859e+00 6.650946856223283987e+01
2.162954150620449489e+00 6.548323506723892251e+01
2.164511913782581232e+00 6.679071623950255798e+01
2.166069676944713862e+00 6.573572778676798123e+01
2.167627440106845604e+00 6.808211921133411693e+01
2.169185203268978235e+00 6.428933419628739898e+01
2.170742966431109977e+00 6.536587123538544120e+01
2.172300729593241719e+00 6.514523187930542747e+01
2.173858492755374350e+00 6.338836453770849744e+01
2.175416255917506092e+00 6.625585747437514783e+01
2.176974019079638722e+00 6.525722266696536167e+01
2.178531782241770465e+00 6.144955370429855179e+01
2.180089545403903095e+00 5.916808308476203848e+01
2.181647308566034837e+00 6.344677617601038122e+01
2.183205071728166580e+00 6.600143984210926362e+01
2.184762834890299210e+00 6.349615415563485499e+01
2.186320598052430952e+00 6.281071792880224791e+01
2.187878361214563583e+00 5.963198246776791933e+01
2.189436124376695325e+00 5.874914372651618066e+01
2.190993887538827067e+00 6.224602095959972559e+01
2.192551650700959698e+00 5.501406816234608499e+01
2.194109413863091440e+00 5.012967442242949545e+01
2.195667177025224071e+00 5.387282169138657650e+01
2.197224940187355813e+00 6.089964088490260963e+01
2.198782703349488443e+00 6.396623362982330008e+01
2.200340466511620185e+00 5.909516477950944591e+01
2.201898229673751928e+00 5.950386206596528638e+01
2.203455992835884558e+00 5.566226267921267379e+01
2.205013755998016300e+00 5.735287946949247129e+01
2.206571519160148931e+00 5.548143246563870434e+01
2.208129282322280673e+00 5.501852624552217463e+01
2.209687045484413304e+00 5.689644946317883978e+01
2.211244808646545046e+00 6.211486450146670535e+01
2.212802571808676788e+00 6.886323448376036538e+01
2.214360334970809419e+00 6.826894129704629677e+01
2.215918098132941161e+00 6.533269989883882545e+01
2.217475861295073791e+00 6.384218916818997513e+01
2.219033624457205534e+00 5.957215008299897363e+01
2.220591387619338164e+00 6.127083161286805080e+01
2.222149150781469906e+00 5.783787927221973746e+01
2.223706913943601648e+00 5.876216262298287774e+01
2.225264677105734279e+00 6.043390930496673974e+01
2.226822440267866021e+00 5.790412033174562367e+01
2.228380203429998652e+00 6.330953370619012333e+01
2.229937966592130394e+00 6.268201330754351375e+01
2.231495729754263024e+00 6.146141145588632071e+01
2.233053492916394767e+00 5.783762505032210299e+01
2.234611256078526509e+00 5.024353562500454728e+01
2.236169019240659139e+00 5.241861182958754029e+01
2.237726782402790882e+00 5.761549195537746471e+01
2.239284545564923512e+00 5.515735818011494018e+01
2.240842308727055254e+00 5.539483153603343624e+01
2.242400071889187885e+00 5.604301797565683785e+01
2.243957835051319627e+00 6.267647913683327232e+01
2.245515598213451369e+00 6.512230403154185865e+01
2.247073361375584000e+00 6.043494196593495360e+01
2.248631124537715742e+00 5.510542225852121589e+01
2.250188887699848372e+00 5.253739538873944781e+01
2.251746650861980115e+00 5.254858384119326331e+01
2.253304414024112745e+00 5.295154774440976553e+01
2.254862177186244487e+00 5.415161680002564282e+01
2.256419940348376230e+00 5.240179161896774218e+01
2.257977703510508860e+00 4.990517060621759526e+01
2.259535466672640602e+00 5.674517213974414886e+01
2.261093229834773233e+00 4.958342829948542629e+01
2.262650992996904975e+00 5.570924977749511697e+01
2.264208756159037605e+00 5.647248460680938820e+01
2.265766519321169348e+00 5.881791145425297884e+01
2.267324282483301090e+00 6.160295275295339934e+01
2.268882045645433720e+00 5.637931315519367104e+01
2.270439808807565463e+00 5.928503840129445024e+01
2.271997571969698093e+00 6.166234343857448152e+01
2.273555335131829835e+00 5.767330964566353657e+01
2.275113098293961578e+00 5.494443095886445150e+01
2.276670861456094208e+00 5.460361154889698554e+01
2.278228624618225950e+00 5.228853663807025498e+01
2.279786387780358581e+00 5.138209956174892312e+01
2.281344150942490323e+00 5.752774190504226937e+01
2.282901914104622954e+00 5.224147986018054013e+01
2.284459677266754696e+00 5.653987150544561757e+01
2.286017440428886438e+00 5.520991595067470570e+01
2.287575203591019068e+00 5.278769891714963336e+01
2.289132966753150811e+00 5.387089953474082193e+01
2.290690729915283441e+00 5.151026052728416005e+01
2.292248493077415183e+00 4.955659043207040071e+01
2.293806256239547814e+00 4.853770875320111600e+01
2.295364019401679556e+00 5.112671330757916621e+01
2.296921782563811298e+00 5.237490215276715588e+01
2.298479545725943929e+00 4.931273100042125179e+01
2.300037308888075671e+00 5.503478633301648415e+01
2.301595072050208302e+00 5.284255104847792239e+01
2.303152835212340044e+00 4.705723641803262325e+01
2.304710598374472674e+00 4.625959223904603590e+01
2.306268361536604417e+00 4.936141545883995008e+01
2.307826124698736159e+00 4.580493098791882289e+01
2.309383887860868789e+00 4.749769653258582025e+01
2.310941651023000531e+00 5.439828926342846671e+01
2.312499414185133162e+00 5.444403839382029275e+01
2.314057177347264904e+00 5.577858282071953511e+01
2.315614940509397535e+00 5.721106309222459174e+01
2.317172703671529277e+00 5.288061286034054120e+01
2.318730466833661019e+00 5.389376824119128173e+01
2.320288229995793650e+00 5.319193203751175503e+01
2.321845993157925392e+00 5.245641356638481767e+01
2.323403756320058022e+00 5.860457370881440653e+01
2.324961519482189765e+00 5.758582101705641065e+01
2.326519282644322395e+00 4.610577386602560779e+01
2.328077045806454137e+00 4.553299270547998390e+01
2.329634808968585880e+00 4.986527797601137735e+01
2.331192572130718510e+00 4.654257529623362899e+01
2.332750335292850252e+00 4.369016416810959669e+01
2.334308098454982883e+00 4.414939772083864256e+01
2.335865861617114625e+00 4.133043240997374568e+01
2.337423624779247255e+00 4.250483737351781599e+01
2.338981387941378998e+00 4.278743597193865611e+01
2.340539151103510740e+00 4.902047692947240165e+01
2.342096914265643370e+00 5.538773530295600978e+01
2.343654677427775113e+00 5.603996021360526925e+01
2.345212440589907743e+00 5.374824956761149508e+01
2.346770203752039485e+00 5.481934076187677363e+01
2.348327966914172116e+00 5.493164290619018431e+01
2.349885730076303858e+00 5.628835933248036838e+01
2.351443493238435600e+00 5.695760902354273014e+01
2.353001256400568231e+00 5.269392363466984364e+01
2.354559019562699973e+00 4.848429522991330032e+01
2.356116782724832603e+00 4.603752618970133881e+01
2.357674545886964346e+00 4.636889435555256966e+01
2.359232309049096976e+00 4.868187455110800954e+01
2.360790072211228718e+00 4.910822511338887608e+01
2.362347835373360461e+00 5.869159924832923991e+01
2.363905598535493091e+00 5.785125102716398260e+01
2.365463361697624833e+00 5.185674793940051330e+01
2.367021124859757464e+00 5.322773751276356791e+01
2.368578888021889206e+00 5.460398176016744998e+01
2.370136651184020948e+00 5.158394190024355197e+01
2.371694414346153579e+00 4.952557377126685623e+01
2.373252177508285321e+00 5.067258635207810613e+01
2.374809940670417951e+00 4.872315459756492118e+01
2.376367703832549694e+00 4.872132155524270303e+01
2.377925466994682324e+00 4.898977202896849548e+01
2.379483230156814066e+00 4.939317163179694603e+01
2.381040993318945809e+00 5.036568017361192773e+01
2.382598756481078439e+00 4.901579561824588893e+01
2.384156519643210181e+00 4.600461300942914988e+01
2.385714282805342812e+00 5.226295443829916110e+01
2.387272045967474554e+00 5.076222022056212069e+01
2.388829809129607185e+00 4.264007709893319031e+01
2.390387572291738927e+00 4.495384409240341483e+01
2.391945335453870669e+00 4.879399374928571120e+01
2.393503098616003300e+00 4.890540935670902201e+01
2.395060861778135042e+00 4.763164313414370810e+01
2.396618624940267672e+00 4.366820592645440513e+01
2.398176388102399414e+00 5.026580410071198202e+01
2.399734151264532045e+00 5.475143811556424112e+01
2.401291914426663787e+00 5.283220007615462066e+01
2.402849677588795529e+00 5.062218705542509412e+01
2.404407440750928160e+00 4.945940602883686665e+01
2.405965203913059902e+00 4.409811612793903635e+01
2.407522967075192533e+00 4.258218308685511744e+01
2.409080730237324275e+00 4.580594408874550538e+01
2.410638493399456905e+00 4.478834376170691201e+01
2.412196256561588648e+00 4.407995007356085182e+01
2.413754019723720390e+00 4.999011618045939542e+01
2.415311782885853020e+00 5.407265674449669746e+01
2.416869546047984763e+00 4.485184425561606503e+01
2.418427309210117393e+00 4.555612321560032285e+01
2.419985072372249135e+00 4.364826400787116967e+01
2.421542835534381766e+00 3.562501439583838447e+01
2.423100598696513508e+00 4.650542884032343949e+01
2.424658361858645250e+00 4.806635424393183342e+01
2.426216125020777881e+00 4.390131968626589298e+01
2.427773888182909623e+00 4.311802488727887805e+01
2.429331651345042253e+00 3.937784802010279606e+01
2.430889414507173996e+00 4.160258711723069069e+01
2.432447177669306626e+00 4.806928357474151881e+01
2.434004940831438368e+00 4.812738627186563889e+01
2.435562703993570111e+00 4.596372757477087845e+01
2.437120467155702741e+00 5.203297563777719859e+01
2.438678230317834483e+00 4.773203354124586184e+01
2.440235993479967114e+00 3.854224512233240318e+01
2.441793756642098856e+00 4.174005607044869492e+01
2.443351519804231486e+00 4.065524379433375657e+01
2.444909282966363229e+00 3.580676548603739207e+01
2.446467046128494971e+00 4.018278330771882878e+01
2.448024809290627601e+00 4.678101346023225204e+01
2.449582572452759344e+00 4.841461617076401325e+01
2.451140335614891974e+00 4.657643452899166192e+01
2.452698098777023716e+00 4.305002604078675432e+01
2.454255861939155459e+00 4.422615687599982692e+01
2.455813625101288089e+00 4.927616570952862673e+01
2.457371388263419831e+00 4.494830955534069261e+01
2.458929151425552462e+00 3.767638660447024535e+01
2.460486914587684204e+00 3.585541886870990425e+01
2.462044677749816834e+00 3.632597193658422441e+01
2.463602440911948577e+00 3.909414433078833895e+01
2.465160204074080319e+00 4.309751218470670864e+01
2.466717967236212949e+00 4.366832026250401810e+01
2.468275730398344692e+00 4.288842342608995040e+01
2.469833493560477322e+00 4.229739369343821664e+01
2.471391256722609064e+00 4.320472947247485251e+01
2.472949019884741695e+00 4.565249919112582688e+01
2.474506783046873437e+00 4.264769733618932435e+01
2.476064546209005179e+00 4.390884543616876101e+01
2.477622309371137810e+00 3.997944521772692639e+01
2.479180072533269552e+00 4.161412945478360825e+01
2.480737835695402183e+00 4.320092113072673357e+01
2.482295598857533925e+00 4.570026830232767168e+01
2.483853362019666555e+00 4.881171060858719812e+01
2.485411125181798297e+00 4.368237208941916094e+01
2.486968888343930040e+00 4.309463388709254872e+01
2.488526651506062670e+00 4.722089038224047641e+01
2.490084414668194412e+00 4.709770047882928168e+01
2.491642177830327043e+00 4.077626440299517441e+01
2.493199940992458785e+00 4.042856385749522730e+01
2.494757704154591416e+00 3.884708011863888544e+01
2.496315467316723158e+00 4.032080660982825293e+01
2.497873230478854900e+00 3.726624438013632812e+01
2.499430993640987531e+00 3.299305918859953124e+01
2.500988756803119273e+00 4.676201041115595558e+01
2.502546519965251903e+00 4.618422025042032431e+01
2.504104283127383646e+00 4.158783720172201015e+01
2.505662046289516276e+00 4.360068731252279406e+01
2.507219809451648018e+00 4.093042741362974368e+01
2.508777572613779761e+00 3.970843336780597355e+01
2.510335335775912391e+00 4.240662415845517330e+01
2.511893098938044133e+00 4.640852056481986665e+01
2.513450862100176764e+00 4.449372465623505235e+01
2.515008625262308506e+00 4.307676735451858008e+01
2.516566388424441136e+00 4.397109809491445276e+01
2.518124151586572879e+00 4.210344785935522793e+01
2.519681914748704621e+00 3.914119919206638798e+01
2.521239677910837251e+00 4.528417988029201524e+01
2.522797441072968994e+00 4.794543862867399753e+01
2.524355204235101624e+00 4.588464399422486650e+01
2.525912967397233366e+00 4.575300010277987894e+01
2.527470730559365997e+00 4.399797577822732109e+01
2.529028493721497739e+00 4.301272913537216169e+01
2.530586256883629481e+00 4.143366518980975144e+01
2.532144020045762112e+00 3.644620886468669596e+01
2.533701783207893854e+00 3.768347626214513468e+01
2.535259546370026484e+00 4.247171281191155146e+01
2.536817309532158227e+00 4.322607594981683121e+01
2.538375072694289969e+00 3.863976750377916147e+01
2.539932835856422599e+00 3.992595398414783858e+01
2.541490599018554342e+00 4.595921217043790108e+01
2.543048362180686972e+00 4.456888523782839684e+01
2.544606125342818714e+00 3.928891027657974178e+01
2.546163888504951345e+00 3.701229083022539612e+01
2.547721651667083087e+00 3.679893359715789103e+01
2.549279414829214829e+00 3.851799952710811681e+01
2.550837177991347460e+00 4.153431291702660388e+01
2.552394941153479202e+00 3.651220746588563060e+01
2.553952704315611832e+00 3.504203961065645956e+01
2.555510467477743575e+00 3.921663136939376670e+01
2.557068230639876205e+00 3.761408560341028107e+01
2.558625993802007947e+00 3.696052777729215677e+01
2.560183756964139690e+00 4.105007601820670260e+01
2.561741520126272320e+00 4.519537380820892025e+01
2.563299283288404062e+00 4.487922188924091671e+01
2.564857046450536693e+00 4.198046298205774463e+01
2.566414809612668435e+00 4.074905727389823085e+01
2.567972572774801066e+00 4.247610152383783344e+01
2.569530335936932808e+00 4.358606061962791500e+01
2.571088099099064550e+00 4.153685185001518221e+01
2.572645862261197180e+00 3.838878074111050154e+01
2.574203625423328923e+00 3.738611993756482832e+01
2.575761388585461553e+00 3.943215465581860713e+01
2.577319151747593295e+00 4.272709402402139744e+01
2.578876914909725926e+00 4.208189769475614384e+01
2.580434678071857668e+00 4.128327296730489593e+01
2.581992441233989410e+00 3.956858885952264870e+01
2.583550204396122041e+00 4.004343079728806742e+01
2.585107967558253783e+00 4.088946014112558203e+01
2.586665730720386414e+00 3.834032406566433338e+01
2.588223493882518156e+00 3.572188719565930626e+01
2.589781257044650786e+00 3.509268916955332429e+01
2.591339020206782529e+00 3.508350731846292803e+01
2.592896783368914271e+00 3.858236656525687636e+01
2.594454546531046901e+00 3.951814059930963907e+01
2.596012309693178643e+00 3.640775627767678202e+01
2.597570072855311274e+00 3.584501058693471265e+01
2.599127836017443016e+00 3.429106884880047801e+01
2.600685599179575647e+00 3.770709822022324431e+01
2.602243362341707389e+00 3.939216915606809266e+01
2.603801125503839131e+00 3.741407782654506065e+01
2.605358888665971762e+00 3.728036452582355764e+01
2.606916651828103504e+00 3.997284198094695995e+01
2.608474414990236134e+00 3.920399045389903137e+01
2.610032178152367877e+00 3.693667811966278691e+01
2.611589941314500507e+00 3.598235579433526254e+01
2.613147704476632249e+00 3.657733304854543377e+01
2.614705467638763992e+00 4.146363170369119189e+01
2.616263230800896622e+00 3.904349899206989249e+01
2.617820993963028364e+00 3.701469177149051859e+01
2.619378757125160995e+00 3.537544798259357037e+01
2.620936520287292737e+00 3.524485336227810706e+01
2.622494283449425367e+00 3.629315161783523536e+01
2.624052046611557110e+00 3.644251664906534671e+01
2.625609809773688852e+00 3.838310044347091576e+01
2.627167572935821482e+00 4.052628047454958704e+01
2.628725336097953225e+00 4.289000973204881006e+01
2.630283099260085855e+00 3.931781796758072289e+01
2.631840862422217597e+00 3.322235235677997167e+01
2.633398625584349340e+00 3.237084546679204067e+01
2.634956388746481970e+00 3.721883017625444978e+01
2.636514151908613712e+00 4.342942924017802397e+01
2.638071915070746343e+00 4.326911495330445234e+01
2.639629678232878085e+00 3.968057516728780598e+01
2.641187441395010715e+00 3.571529641537827615e+01
2.642745204557142458e+00 3.229771860977535880e+01
2.644302967719274200e+00 3.462383496628033441e+01
2.645860730881406830e+00 4.045099378472844620e+01
2.647418494043538573e+00 3.975905457910652530e+01
2.648976257205671203e+00 4.028240424261099406e+01
2.650534020367802945e+00 3.751041486883682552e+01
2.652091783529935576e+00 3.876851481774870223e+01
2.653649546692067318e+00 3.991906445432749706e+01
2.655207309854199060e+00 4.011643590913735125e+01
2.656765073016331691e+00 3.813583812759969760e+01
2.658322836178463433e+00 3.433223154000747712e+01
2.659880599340596063e+00 3.589983838194402921e+01
2.661438362502727806e+00 3.934546438396396439e+01
2.662996125664860436e+00 4.112453706452038205e+01
2.664553888826992178e+00 3.855073017004863090e+01
2.666111651989123921e+00 3.792960025225195153e+01
2.667669415151256551e+00 3.611137732821173074e+01
2.669227178313388293e+00 3.556976939314754560e+01
2.670784941475520924e+00 3.801478624718841104e+01
2.672342704637652666e+00 3.657042619247583559e+01
2.673900467799785297e+00 3.373280155952649295e+01
2.675458230961917039e+00 3.610277419371636398e+01
2.677015994124048781e+00 3.882108828431658765e+01
2.678573757286181412e+00 3.822635710974450518e+01
2.680131520448313154e+00 3.825909679992239631e+01
2.681689283610445784e+00 3.961665124903696977e+01
2.683247046772577526e+00 3.810971219951537847e+01
2.684804809934710157e+00 3.509605377984157570e+01
2.686362573096841899e+00 4.138327251903719883e+01
2.687920336258973641e+00 4.237298618966902097e+01
2.689478099421106272e+00 3.864457612194043179e+01
2.691035862583238014e+00 3.790115752985571618e+01
2.692593625745370645e+00 3.484464962931865273e+01
2.694151388907502387e+00 3.381771235367761363e+01
2.695709152069635017e+00 3.487522310414512106e+01
2.697266915231766760e+00 3.419073996645502689e+01
2.698824678393898502e+00 3.315289249144357342e+01
2.700382441556031132e+00 3.133565423394647453e+01
2.701940204718162875e+00 3.158855160863700462e+01
2.703497967880295505e+00 3.657255993455902399e+01
2.705055731042427247e+00 3.671741829507080013e+01
2.706613494204559878e+00 3.809131562799010595e+01
2.708171257366691620e+00 4.444936641771918318e+01
2.709729020528823362e+00 3.632863937426750311e+01
2.711286783690955993e+00 3.057182424670008203e+01
2.712844546853087735e+00 3.382630084197908360e+01
2.714402310015220365e+00 3.317017840861600320e+01
2.715960073177352108e+00 3.165496313813861207e+01
2.717517836339483850e+00 3.337565676208865995e+01
2.719075599501616480e+00 3.619651095569675192e+01
2.720633362663748223e+00 3.411640915969772436e+01
2.722191125825880853e+00 3.034596026834383409e+01
2.723748888988012595e+00 3.204114597604930736e+01
2.725306652150145226e+00 4.002555534486869959e+01
2.726864415312276968e+00 3.541673123665376721e+01
2.728422178474408710e+00 3.091302354107054740e+01
2.729979941636541341e+00 3.211408830678702486e+01
2.731537704798673083e+00 3.575823158016798686e+01
2.733095467960805713e+00 3.819366365680553344e+01
2.734653231122937456e+00 3.556635970425465842e+01
2.736210994285070086e+00 3.490768512044010663e+01
2.737768757447201828e+00 3.684810527266100166e+01
2.739326520609333571e+00 3.431569813941350588e+01
2.740884283771466201e+00 3.485582137461420160e+01
2.742442046933597943e+00 2.995742787655255768e+01
2.743999810095730574e+00 2.803928834154521255e+01
2.745557573257862316e+00 3.606133336627477348e+01
2.747115336419994946e+00 3.682664175044237709e+01
2.748673099582126689e+00 3.673386236448246223e+01
2.750230862744258431e+00 3.589276537745556794e+01
2.751788625906391061e+00 3.681515540541781917e+01
2.753346389068522804e+00 3.744390667571284581e+01
2.754904152230655434e+00 3.345455433962688119e+01
2.756461915392787176e+00 3.378054015023001000e+01
2.758019678554919807e+00 3.155845753019420030e+01
2.759577441717051549e+00 3.774339798687879011e+01
2.761135204879183291e+00 4.139960803173937620e+01
2.762692968041315922e+00 2.989784985611458623e+01
2.764250731203447664e+00 2.981380260085392209e+01
2.765808494365580295e+00 3.040529702432506554e+01
2.767366257527712037e+00 3.030665349292030086e+01
2.768924020689844667e+00 3.593863636261118444e+01
2.770481783851976409e+00 3.798849402619345028e+01
2.772039547014108152e+00 3.546801505344433281e+01
2.773597310176240782e+00 3.430533329734051762e+01
2.775155073338372524e+00 3.940847769909215970e+01
2.776712836500505155e+00 3.661921719824876931e+01
2.778270599662636897e+00 3.281765116582165831e+01
2.779828362824769528e+00 2.711749607999854206e+01
2.781386125986901270e+00 2.878807483919743859e+01
2.782943889149033012e+00 3.101825928070406135e+01
2.784501652311165643e+00 2.915063510601958541e+01
2.786059415473297385e+00 3.266748796516312581e+01
2.787617178635430015e+00 3.667191911350235500e+01
2.789174941797561758e+00 3.595090981192686286e+01
2.790732704959694388e+00 3.331496551113921356e+01
2.792290468121826130e+00 3.335255154287564494e+01
2.793848231283957873e+00 3.530784486447957704e+01
2.795405994446090503e+00 3.077293564995957453e+01
2.796963757608222245e+00 2.407828823700433318e+01
2.798521520770354876e+00 2.732147110789337319e+01
2.800079283932486618e+00 3.450302901305370540e+01
2.801637047094618360e+00 3.238355189050489003e+01
2.803194810256750991e+00 3.021035748164388224e+01
2.804752573418882733e+00 2.945310214249546021e+01
2.806310336581015363e+00 2.609762950282604166e+01
2.807868099743147106e+00 2.679924021975846671e+01
2.809425862905279736e+00 2.989653581874017974e+01
2.810983626067411478e+00 3.126982878646758479e+01
2.812541389229543221e+00 3.633995711781477667e+01
2.814099152391675851e+00 3.686406626831703903e+01
2.815656915553807593e+00 3.486791439597305953e+01
2.817214678715940224e+00 2.976522559625663078e+01
2.818772441878071966e+00 2.891083898381778283e+01
2.820330205040204596e+00 2.962199087928915731e+01
2.821887968202336339e+00 3.065494066740152590e+01
2.823445731364468081e+00 3.200830166070458205e+01
2.825003494526600711e+00 3.180957863398597141e+01
2.826561257688732454e+00 3.163615860536929247e+01
2.828119020850865084e+00 3.063185086959975933e+01
2.829676784012996826e+00 3.061206825329894343e+01
2.831234547175129457e+00 3.521201785180168997e+01
2.832792310337261199e+00 3.207850035097644081e+01
2.834350073499392941e+00 3.627882199384796991e+01
2.835907836661525572e+00 3.715218692053855420e+01
2.837465599823657314e+00 3.144162252998574658e+01
2.839023362985789944e+00 3.056187606376906274e+01
2.840581126147921687e+00 3.247574650597704249e+01
2.842138889310054317e+00 3.288641592068368880e+01
2.843696652472186059e+00 3.104416232219981353e+01
2.845254415634317802e+00 2.956332437116547140e+01
2.846812178796450432e+00 2.858828617472589784e+01
2.848369941958582174e+00 2.961865685312129060e+01
2.849927705120714805e+00 3.252684623941496511e+01
2.851485468282846547e+00 2.883766261806970377e+01
2.853043231444979178e+00 2.467336397741242848e+01
2.854600994607110920e+00 2.664241067311585098e+01
2.856158757769242662e+00 3.166061057627695519e+01
2.857716520931375292e+00 3.240482161718338716e+01
2.859274284093507035e+00 2.922686985918069524e+01
2.860832047255639665e+00 2.694402178994884167e+01
2.862389810417771407e+00 2.869001680142893207e+01
2.863947573579904038e+00 2.933139506380709705e+01
2.865505336742035780e+00 2.502804159365912540e+01
2.867063099904167522e+00 2.706252121621943019e+01
2.868620863066300153e+00 3.319087622491140621e+01
2.870178626228431895e+00 3.534212122301875070e+01
2.871736389390564526e+00 3.068832727085509404e+01
2.873294152552696268e+00 2.904128999442973225e+01
2.874851915714828898e+00 3.025592089382717020e+01
2.876409678876960641e+00 3.184736959634562226e+01
2.877967442039092383e+00 3.040873494807316035e+01
2.879525205201225013e+00 2.716097098518504538e+01
2.881082968363356756e+00 2.725973535472174447e+01
2.882640731525489386e+00 3.161808956719222863e+01
2.884198494687621128e+00 2.866958987714998841e+01
2.885756257849752870e+00 2.857914797374186833e+01
2.887314021011885501e+00 2.723767612534076221e+01
2.888871784174017243e+00 2.804671898394072116e+01
2.890429547336149874e+00 3.062945828915863444e+01
2.891987310498281616e+00 3.083772311926307452e+01
2.893545073660414246e+00 3.044061751292195694e+01
2.895102836822545989e+00 2.854668251764737263e+01
2.896660599984677731e+00 2.745541184615247587e+01
2.898218363146810361e+00 2.712938086084535882e+01
2.899776126308942104e+00 2.716253054160567970e+01
2.901333889471074734e+00 2.635065286425369635e+01
2.902891652633206476e+00 2.481692872060977706e+01
2.904449415795339107e+00 2.590919146679829765e+01
2.906007178957470849e+00 2.969905864252114824e+01
2.907564942119602591e+00 3.058768986287753933e+01
2.909122705281735222e+00 2.741975970809563989e+01
2.910680468443866964e+00 2.383282363377803392e+01
2.912238231605999594e+00 2.459187338107386012e+01
2.913795994768131337e+00 2.593625280188028626e+01
2.915353757930263967e+00 3.199436689651843935e+01
2.916911521092395709e+00 3.093482201494593298e+01
2.918469284254527452e+00 3.167664328358860004e+01
2.920027047416660082e+00 2.808229442223390038e+01
2.921584810578791824e+00 2.418004590745811910e+01
2.923142573740924455e+00 2.908613433381140112e+01
2.924700336903056197e+00 3.083535295757339156e+01
2.926258100065188827e+00 2.783799326556148657e+01
2.927815863227320570e+00 2.883534983938413987e+01
2.929373626389452312e+00 2.835175569145427588e+01
2.930931389551584942e+00 2.381888842890750979e+01
2.932489152713716685e+00 2.157085873540912857e+01
2.934046915875849315e+00 2.539542439727499357e+01
2.935604679037981057e+00 2.324854990408661592e+01
2.937162442200113688e+00 2.460809672805388360e+01
2.938720205362245430e+00 2.993974855861665674e+01
2.940277968524377172e+00 2.791039640698153690e+01
2.941835731686509803e+00 2.514459358816769097e+01
2.943393494848641545e+00 2.836326724328509385e+01
2.944951258010774175e+00 2.977437359705397313e+01
2.946509021172905918e+00 2.867475393607579193e+01
2.948066784335038548e+00 2.743808388412626442e+01
2.949624547497170290e+00 2.477563459136587554e+01
2.951182310659302033e+00 2.874979232168734811e+01
2.952740073821434663e+00 3.279980307634853176e+01
2.954297836983566405e+00 3.058725027979165034e+01
2.955855600145699036e+00 2.482733922440507257e+01
2.957413363307830778e+00 2.315277468708954700e+01
2.958971126469963409e+00 2.632109490613375513e+01
2.960528889632095151e+00 2.333327891658326436e+01
2.962086652794226893e+00 2.308074442108476632e+01
2.963644415956359524e+00 2.763698576295901432e+01
2.965202179118491266e+00 3.115810913613383448e+01
2.966759942280623896e+00 3.213645896608439756e+01
2.968317705442755639e+00 2.804424861580003636e+01
2.969875468604888269e+00 2.702459397064150437e+01
2.971433231767020011e+00 2.959807541411787213e+01
2.972990994929151753e+00 2.966755630878209971e+01
2.974548758091284384e+00 2.951341778750776257e+01
2.976106521253416126e+00 2.744740623297034432e+01
2.977664284415548757e+00 2.319991274746506349e+01
2.979222047577680499e+00 2.901755010796209078e+01
2.980779810739812241e+00 3.334465617355222378e+01
2.982337573901944872e+00 2.844024469883089523e+01
2.983895337064076614e+00 2.280064469843421548e+01
2.985453100226209244e+00 2.116167189334605325e+01
2.987010863388340987e+00 2.639149604194459897e+01
2.988568626550473617e+00 2.983467842612377652e+01
2.990126389712605359e+00 2.593326215373129884e+01
2.991684152874737102e+00 2.416102071175724575e+01
2.993241916036869732e+00 2.884618052516476538e+01
2.994799679199001474e+00 2.730019548956084208e+01
2.996357442361134105e+00 2.495437298449807884e+01
2.997915205523265847e+00 2.935656769241388275e+01
2.999472968685398477e+00 3.371756313642855218e+01
3.001030731847530220e+00 2.841738035611979640e+01
3.002588495009661962e+00 2.444725262526059240e+01
3.004146258171794592e+00 2.567599362373534078e+01
3.005704021333926335e+00 2.722373409659594401e+01
3.007261784496058965e+00 2.766945767370167886e+01
3.008819547658190707e+00 2.864154000068517192e+01
3.010377310820323338e+00 2.572861836743526354e+01
3.011935073982455080e+00 2.623237452278022985e+01
3.013492837144586822e+00 2.484552773738365872e+01
3.015050600306719453e+00 2.741943016471724803e+01
3.016608363468851195e+00 2.857309248978744520e+01
3.018166126630983825e+00 2.716912054567148260e+01
3.019723889793115568e+00 2.570750983354780317e+01
3.021281652955248198e+00 2.408580276162770772e+01
3.022839416117379940e+00 2.448704904776950286e+01
3.024397179279511683e+00 2.540001723241223175e+01
3.025954942441644313e+00 2.406974399917063323e+01
3.027512705603776055e+00 2.837948448611796692e+01
3.029070468765908686e+00 3.054062726518212401e+01
3.030628231928040428e+00 3.046909132159926514e+01
3.032185995090173058e+00 3.090680498826310441e+01
3.033743758252304801e+00 2.835591746627875764e+01
3.035301521414436543e+00 2.370430135558404316e+01
3.036859284576569173e+00 2.176980847961531751e+01
3.038417047738700916e+00 2.369364481190764948e+01
3.039974810900833546e+00 2.656523362045787806e+01
3.041532574062965288e+00 2.030059578171291079e+01
3.043090337225097919e+00 2.480604963163693100e+01
3.044648100387229661e+00 2.711105259125120170e+01
3.046205863549361403e+00 2.236709735298233070e+01
3.047763626711494034e+00 2.337133559106973379e+01
3.049321389873625776e+00 2.615218559537276022e+01
3.050879153035758407e+00 2.610643204272746232e+01
3.052436916197890149e+00 2.597242146612938285e+01
3.053994679360022779e+00 2.624968408521521113e+01
3.055552442522154521e+00 2.453961471679742701e+01
3.057110205684286264e+00 2.461073218319149092e+01
3.058667968846418894e+00 2.499773886166692449e+01
3.060225732008550636e+00 2.424377302554349001e+01
3.061783495170683267e+00 2.203036691930921265e+01
3.063341258332815009e+00 2.347409669414039257e+01
3.064899021494946751e+00 2.929540785645354006e+01
3.066456784657079382e+00 2.895553318958867450e+01
3.068014547819211124e+00 2.575650836604068417e+01
3.069572310981343755e+00 2.575514884125015769e+01
3.071130074143475497e+00 2.583188170833070885e+01
3.072687837305608127e+00 2.444501496519131933e+01
3.074245600467739870e+00 2.210041139313248237e+01
3.075803363629871612e+00 2.500508114531692172e+01
3.077361126792004242e+00 2.298110734789547394e+01
3.078918889954135985e+00 2.768122409716206533e+01
3.080476653116268615e+00 2.750630977624331663e+01
3.082034416278400357e+00 2.443793465202438142e+01
3.083592179440532988e+00 2.661069328153733338e+01
3.085149942602664730e+00 2.794935984423991115e+01
3.086707705764796472e+00 2.678564315240067728e+01
3.088265468926929103e+00 2.757780538871497455e+01
3.089823232089060845e+00 2.632797431366418195e+01
3.091380995251193475e+00 2.251526680040289463e+01
3.092938758413325218e+00 2.014658689602084962e+01
3.094496521575457848e+00 2.508304323789396406e+01
3.096054284737589590e+00 3.054560575243050735e+01
3.097612047899721333e+00 3.093487451241622566e+01
3.099169811061853963e+00 2.934125030470724482e+01
3.100727574223985705e+00 2.604513934659549790e+01
3.102285337386118336e+00 2.660190065113670954e+01
3.103843100548250078e+00 2.353735334871958429e+01
3.105400863710382708e+00 2.593880581681286657e+01
3.106958626872514451e+00 2.748892810354799821e+01
3.108516390034646193e+00 2.288553985519121881e+01
3.110074153196778823e+00 2.331812021150659220e+01
3.111631916358910566e+00 2.728106217192093652e+01
3.113189679521043196e+00 2.760462072510166109e+01
3.114747442683174938e+00 2.423298408439573137e+01
3.116305205845307569e+00 2.591562380807233268e+01
3.117862969007439311e+00 2.288414655551366650e+01
3.119420732169571053e+00 2.286357764190969277e+01
3.120978495331703684e+00 2.838251548250477896e+01
3.122536258493835426e+00 2.451175067042974121e+01
3.124094021655968056e+00 2.580067786548158537e+01
3.125651784818099799e+00 2.964663057953375969e+01
3.127209547980232429e+00 2.746520000735610267e+01
3.128767311142364171e+00 2.440238568415871612e+01
3.130325074304495914e+00 2.153056758354253475e+01
3.131882837466628544e+00 2.348872239609810109e+01
3.133440600628760286e+00 2.460525418759729277e+01
3.134998363790892917e+00 2.128113942974358963e+01
3.136556126953024659e+00 1.809600447169214732e+01
3.138113890115157290e+00 2.260395389555679202e+01
3.139671653277289032e+00 2.583882552202341998e+01
3.141229416439420774e+00 2.447678127567247941e+01
3.142787179601553404e+00 2.356087797114343019e+01
3.144344942763685147e+00 2.195637494842372561e+01
3.145902705925817777e+00 2.228513945648886008e+01
3.147460469087949519e+00 2.738679047395017108e+01
3.149018232250081262e+00 2.299499034696964017e+01
3.150575995412213892e+00 2.218316136670739169e+01
3.152133758574345634e+00 2.414111443380122424e+01
3.153691521736478265e+00 2.693079727996644124e+01
3.155249284898610007e+00 2.787776180915212620e+01
3.156807048060742638e+00 2.459639258797538730e+01
3.158364811222874380e+00 2.164253679355432780e+01
3.159922574385006122e+00 2.053492608167831790e+01
3.161480337547138753e+00 2.690385823428914236e+01
3.163038100709270495e+00 2.790798980284321118e+01
3.164595863871403125e+00 2.477020829289980597e+01
3.166153627033534868e+00 2.446540299425658205e+01
3.167711390195667498e+00 2.503140631729680621e+01
3.169269153357799240e+00 2.515916445174577021e+01
3.170826916519930982e+00 2.537768041488255477e+01
3.172384679682063613e+00 2.534763547212575219e+01
3.173942442844195355e+00 2.606947031122552616e+01
3.175500206006327986e+00 2.661846962518310278e+01
3.177057969168459728e+00 2.523513411203880352e+01
3.178615732330592358e+00 2.699679176767859090e+01
3.180173495492724101e+00 2.512102630015241189e+01
3.181731258654855843e+00 2.328209514263778246e+01
3.183289021816988473e+00 2.410405961278193843e+01
3.184846784979120216e+00 2.343218184847091834e+01
3.186404548141252846e+00 2.163922652137536673e+01
3.187962311303384588e+00 2.167093197309333164e+01
3.189520074465517663e+00 0.000000000000000000e+00
