-3.189520074465517219e+00 0.000000000000000000e+00
-3.187962311303385032e+00 0.000000000000000000e+00
-3.186404548141252846e+00 0.000000000000000000e+00
-3.184846784979120660e+00 1.705720533702023545e+01
-3.183289021816988917e+00 1.879546954559257088e+01
-3.181731258654856731e+00 1.594217998272362102e+01
-3.180173495492724545e+00 1.856547059630579355e+01
-3.178615732330592358e+00 1.672193849571423385e+01
-3.177057969168460172e+00 1.059909639381936408e+01
-3.175500206006327986e+00 1.429498596337225536e+01
-3.173942442844195799e+00 1.648557601392148442e+01
-3.172384679682064057e+00 1.479448381918434130e+01
-3.170826916519931871e+00 1.758046719370132038e+01
-3.169269153357799684e+00 1.840493786140290666e+01
-3.167711390195667498e+00 1.927215516334941015e+01
-3.166153627033535312e+00 1.666205229848129221e+01
-3.164595863871403125e+00 1.593938034926902070e+01
-3.163038100709271383e+00 1.248723247343478882e+01
-3.161480337547139197e+00 9.463856999227354905e+00
-3.159922574385007010e+00 1.359951797800800222e+01
-3.158364811222874824e+00 1.873709232480921472e+01
-3.156807048060742638e+00 1.866989162871321284e+01
-3.155249284898610451e+00 1.539274863887494504e+01
-3.153691521736478265e+00 1.363218119770789549e+01
-3.152133758574346523e+00 1.324429567516085449e+01
-3.150575995412214336e+00 1.278732151797180450e+01
-3.149018232250082150e+00 1.191055544770321006e+01
-3.147460469087949964e+00 1.489792350959699263e+01
-3.145902705925817777e+00 1.962840747364221627e+01
-3.144344942763685591e+00 1.917984673984477340e+01
-3.142787179601553404e+00 1.518749788221417774e+01
-3.141229416439421662e+00 1.504957450680353581e+01
-3.139671653277289476e+00 1.648535267075293476e+01
-3.138113890115157290e+00 1.727987111664112874e+01
-3.136556126953025103e+00 1.781743320001210407e+01
-3.134998363790892917e+00 1.230035112838348610e+01
-3.133440600628760730e+00 9.995113625758857978e+00
-3.131882837466628544e+00 1.019022498113670672e+01
-3.130325074304496802e+00 1.026488389797426315e+01
-3.128767311142364616e+00 1.478767052875440591e+01
-3.127209547980232429e+00 1.962883782488555084e+01
-3.125651784818100243e+00 1.377873939104955703e+01
-3.124094021655968056e+00 8.887717243207079676e+00
-3.122536258493835870e+00 1.181633857604254167e+01
-3.120978495331703684e+00 8.633420221087400037e+00
-3.119420732169571941e+00 1.297932929604110619e+01
-3.117862969007439755e+00 1.667009713281345640e+01
-3.116305205845307569e+00 1.125127818999223095e+01
-3.114747442683175382e+00 1.359605105177806195e+01
-3.113189679521043196e+00 1.453133754372671582e+01
-3.111631916358911010e+00 1.909320497489020596e+01
-3.110074153196779267e+00 1.721848205824978351e+01
-3.108516390034647081e+00 1.038917202335994716e+01
-3.106958626872514895e+00 1.261516863841328551e+01
-3.105400863710382708e+00 1.493573860179164470e+01
-3.103843100548250522e+00 1.349858999683553051e+01
-3.102285337386118336e+00 1.288229279453033982e+01
-3.100727574223986149e+00 1.208461223731258904e+01
-3.099169811061854407e+00 1.459634641740816896e+01
-3.097612047899722221e+00 1.419082133570775106e+01
-3.096054284737590034e+00 1.246052204676030506e+01
-3.094496521575457848e+00 1.249890037547212884e+01
-3.092938758413325662e+00 1.219400995642108398e+01
-3.091380995251193475e+00 1.342389849157187953e+01
-3.089823232089061289e+00 1.263696945572922203e+01
-3.088265468926929547e+00 1.125111210273195894e+01
-3.086707705764797360e+00 1.788559008063223033e+01
-3.085149942602665174e+00 1.874907106509953891e+01
-3.083592179440532988e+00 1.983835747258583382e+01
-3.082034416278400801e+00 1.850469458210708851e+01
-3.080476653116268615e+00 1.413333746662938317e+01
-3.078918889954136873e+00 1.525411971611681139e+01
-3.077361126792004686e+00 1.741939743893845005e+01
-3.075803363629872500e+00 1.539992035352227617e+01
-3.074245600467740314e+00 1.153667133068495154e+01
-3.072687837305608127e+00 1.491820383105829251e+01
-3.071130074143475941e+00 1.649366860028586501e+01
-3.069572310981343755e+00 1.234618551231739580e+01
-3.068014547819212012e+00 1.442945191290075790e+01
-3.066456784657079826e+00 1.694726009959817858e+01
-3.064899021494947640e+00 1.801684013583138366e+01
-3.063341258332815453e+00 1.911532571046505424e+01
-3.061783495170683267e+00 1.992807218926655111e+01
-3.060225732008551081e+00 1.801352766957433715e+01
-3.058667968846418894e+00 1.626223643711448119e+01
-3.057110205684287152e+00 1.724779577964615385e+01
-3.055552442522154966e+00 1.690634375452372851e+01
-3.053994679360022779e+00 1.344695394638118735e+01
-3.052436916197890593e+00 1.145940081112199849e+01
-3.050879153035758407e+00 1.345750144282883198e+01
-3.049321389873626220e+00 1.733333417853906511e+01
-3.047763626711494034e+00 1.292293009805245596e+01
-3.046205863549362292e+00 1.164371574523607933e+01
-3.044648100387230105e+00 1.824463967209840831e+01
-3.043090337225097919e+00 1.823952485056343065e+01
-3.041532574062965733e+00 2.088532664833896035e+01
-3.039974810900833546e+00 1.869279035218384877e+01
-3.038417047738701360e+00 1.432002680120283244e+01
-3.036859284576569173e+00 1.329234987312659477e+01
-3.035301521414437431e+00 1.747735125997746053e+01
-3.033743758252305245e+00 1.800310037384845430e+01
-3.032185995090173058e+00 1.903695153539861451e+01
-3.030628231928040872e+00 2.086709130447329485e+01
-3.029070468765908686e+00 1.714573298548539881e+01
-3.027512705603776499e+00 1.522794044151235227e+01
-3.025954942441644757e+00 1.391519914555058612e+01
-3.024397179279512571e+00 1.409087626992005937e+01
-3.022839416117380384e+00 1.549983014350223876e+01
-3.021281652955248198e+00 1.778867581157805233e+01
-3.019723889793116012e+00 1.575487163873931529e+01
-3.018166126630983825e+00 1.274521354548055996e+01
-3.016608363468851639e+00 1.279605695955503109e+01
-3.015050600306719897e+00 1.369590756518889840e+01
-3.013492837144587710e+00 1.513457180392142476e+01
-3.011935073982455524e+00 1.972489404072777930e+01
-3.010377310820323338e+00 1.868504138872397036e+01
-3.008819547658191151e+00 1.027295565370179453e+01
-3.007261784496058965e+00 1.134093400420205811e+01
-3.005704021333926779e+00 1.460084671840657400e+01
-3.004146258171795036e+00 1.330113243077740748e+01
-3.002588495009662850e+00 1.785721325174767671e+01
-3.001030731847530664e+00 1.524432318803841824e+01
-2.999472968685398477e+00 1.155413508967567005e+01
-2.997915205523266291e+00 1.699972014132946896e+01
-2.996357442361134105e+00 2.164800383855390464e+01
-2.994799679199002362e+00 1.329825462637963085e+01
-2.993241916036870176e+00 1.403828732147469793e+01
-2.991684152874737990e+00 2.255926155475460959e+01
-2.990126389712605803e+00 2.159457099928148693e+01
-2.988568626550473617e+00 1.771050582864978651e+01
-2.987010863388341431e+00 1.548691688123392751e+01
-2.985453100226209244e+00 1.664618746147334605e+01
-2.983895337064077502e+00 1.664965522657360353e+01
-2.982337573901945316e+00 1.401890281780684866e+01
-2.980779810739813129e+00 1.572885842265511869e+01
-2.979222047577680943e+00 1.512859673911063751e+01
-2.977664284415548757e+00 1.128651181756533894e+01
-2.976106521253416570e+00 1.520247137844041774e+01
-2.974548758091284384e+00 1.692822815630339406e+01
-2.972990994929152642e+00 1.362588970102807195e+01
-2.971433231767020455e+00 1.673532695152686856e+01
-2.969875468604888269e+00 1.800910041947512497e+01
-2.968317705442756083e+00 1.505257657252339243e+01
-2.966759942280623896e+00 1.166075227967991879e+01
-2.965202179118491710e+00 1.110360542342000301e+01
-2.963644415956359524e+00 1.541505094986421653e+01
-2.962086652794227781e+00 1.666257663317585980e+01
-2.960528889632095595e+00 1.967583604076023107e+01
-2.958971126469963409e+00 1.752676164204465081e+01
-2.957413363307831222e+00 1.647670049044185703e+01
-2.955855600145699036e+00 1.396172884693682370e+01
-2.954297836983566850e+00 1.582785895184674452e+01
-2.952740073821434663e+00 1.504097020559374620e+01
-2.951182310659302921e+00 9.281364315034590362e+00
-2.949624547497170735e+00 1.339465023794657306e+01
-2.948066784335038548e+00 1.744933676029225467e+01
-2.946509021172906362e+00 1.783866132447399977e+01
-2.944951258010774175e+00 1.446442030519482280e+01
-2.943393494848641989e+00 1.754810673684038846e+01
-2.941835731686509803e+00 1.866993728198644931e+01
-2.940277968524378061e+00 1.360489519238083744e+01
-2.938720205362245874e+00 1.161083887052266483e+01
-2.937162442200113688e+00 1.310747372820888224e+01
-2.935604679037981501e+00 1.346729165635744074e+01
-2.934046915875849315e+00 9.769860178962101571e+00
-2.932489152713717129e+00 1.081228428124415863e+01
-2.930931389551584942e+00 1.727004802344467649e+01
-2.929373626389453200e+00 1.659317616699544473e+01
-2.927815863227321014e+00 8.887026593888005976e+00
-2.926258100065188827e+00 1.061213633737321693e+01
-2.924700336903056641e+00 1.598170477251665922e+01
-2.923142573740924455e+00 1.642509375889603618e+01
-2.921584810578792712e+00 1.477093519511799080e+01
-2.920027047416660526e+00 1.381470822002645349e+01
-2.918469284254528340e+00 1.556791350397840823e+01
-2.916911521092396153e+00 1.605804769139277610e+01
-2.915353757930263967e+00 1.493393190069921417e+01
-2.913795994768131781e+00 1.529886976843821245e+01
-2.912238231605999594e+00 1.530832530998187657e+01
-2.910680468443867852e+00 1.709117139753189107e+01
-2.909122705281735666e+00 2.069272063185543331e+01
-2.907564942119603479e+00 1.804439769246632252e+01
-2.906007178957471293e+00 1.348835082280261943e+01
-2.904449415795339107e+00 1.651364600482570211e+01
-2.902891652633206920e+00 1.773269017733806763e+01
-2.901333889471074734e+00 1.540180482785196148e+01
-2.899776126308942992e+00 1.223074247198459474e+01
-2.898218363146810805e+00 1.343322738932070060e+01
-2.896660599984678619e+00 1.710002502364279664e+01
-2.895102836822546433e+00 1.707315201844037489e+01
-2.893545073660414246e+00 1.604024369034312514e+01
-2.891987310498282060e+00 1.509850183960872627e+01
-2.890429547336149874e+00 1.546451516567307927e+01
-2.888871784174018131e+00 1.373829415473599269e+01
-2.887314021011885945e+00 1.225481571651439872e+01
-2.885756257849753759e+00 1.343389739717349762e+01
-2.884198494687621572e+00 1.374932057237312399e+01
-2.882640731525489386e+00 1.446119876765260592e+01
-2.881082968363357200e+00 1.759828368164715329e+01
-2.879525205201225013e+00 1.625731952766288657e+01
-2.877967442039093271e+00 1.324692827006324691e+01
-2.876409678876961085e+00 1.097875979625209375e+01
-2.874851915714828898e+00 1.016257774384217427e+01
-2.873294152552696712e+00 1.355617350901888685e+01
-2.871736389390564526e+00 1.464009234487507527e+01
-2.870178626228432339e+00 1.348567502663719608e+01
-2.868620863066300153e+00 1.517813691358640504e+01
-2.867063099904168411e+00 1.682624207277911310e+01
-2.865505336742036224e+00 1.778325890193536907e+01
-2.863947573579904038e+00 1.663835768396646131e+01
-2.862389810417771852e+00 1.784325013315756081e+01
-2.860832047255639665e+00 2.047900459496061742e+01
-2.859274284093507479e+00 1.560147774215490379e+01
-2.857716520931375292e+00 1.186065906755021260e+01
-2.856158757769243550e+00 9.861922702509669847e+00
-2.854600994607111364e+00 1.160300539616914683e+01
-2.853043231444979178e+00 1.283151724174077479e+01
-2.851485468282846991e+00 1.274724096567244835e+01
-2.849927705120714805e+00 1.298287746274272969e+01
-2.848369941958582618e+00 9.882486523159636604e+00
-2.846812178796450432e+00 1.436851183499141982e+01
-2.845254415634318690e+00 1.699585943075800643e+01
-2.843696652472186504e+00 1.605030369240283150e+01
-2.842138889310054317e+00 1.726655947225265209e+01
-2.840581126147922131e+00 1.498258047319179020e+01
-2.839023362985789944e+00 1.019984268308337150e+01
-2.837465599823657758e+00 1.371750090194951888e+01
-2.835907836661526016e+00 1.700851799385360863e+01
-2.834350073499393829e+00 1.538382734748175729e+01
-2.832792310337261643e+00 1.439019752401785723e+01
-2.831234547175129457e+00 1.445860955505522227e+01
-2.829676784012997270e+00 1.465338567653982693e+01
-2.828119020850865084e+00 1.498593040726424519e+01
-2.826561257688733342e+00 1.502470376197926250e+01
-2.825003494526601155e+00 1.327428932885636215e+01
-2.823445731364468969e+00 1.282505586206053749e+01
-2.821887968202336783e+00 1.117630713468926018e+01
-2.820330205040204596e+00 1.107873467483510055e+01
-2.818772441878072410e+00 1.728817588201259525e+01
-2.817214678715940224e+00 1.727999204793123766e+01
-2.815656915553808481e+00 1.475625236268276730e+01
-2.814099152391676295e+00 1.420818600190230185e+01
-2.812541389229544109e+00 1.566585244293766621e+01
-2.810983626067411922e+00 1.856836608419770585e+01
-2.809425862905279736e+00 1.872496589779029463e+01
-2.807868099743147550e+00 1.423496641471658819e+01
-2.806310336581015363e+00 1.132337258719851114e+01
-2.804752573418883621e+00 1.559703153244632823e+01
-2.803194810256751435e+00 1.843045468917724250e+01
-2.801637047094619248e+00 1.624623125481853947e+01
-2.800079283932487062e+00 1.620646891641015230e+01
-2.798521520770354876e+00 1.609572994502859089e+01
-2.796963757608222689e+00 1.499246384644553842e+01
-2.795405994446090503e+00 1.356675259269344380e+01
-2.793848231283958761e+00 1.345362662699580980e+01
-2.792290468121826574e+00 1.313634902684957773e+01
-2.790732704959694388e+00 1.356890814241375409e+01
-2.789174941797562202e+00 1.486371792654870916e+01
-2.787617178635430015e+00 1.607514108741871084e+01
-2.786059415473297829e+00 1.858502755799838724e+01
-2.784501652311165643e+00 1.588041835675833902e+01
-2.782943889149033900e+00 1.295697893599166939e+01
-2.781386125986901714e+00 1.537788554757440806e+01
-2.779828362824769528e+00 1.747345332820020047e+01
-2.778270599662637341e+00 1.464248011509159220e+01
-2.776712836500505155e+00 1.227896930480888393e+01
-2.775155073338372969e+00 1.274171445307135997e+01
-2.773597310176240782e+00 1.393117216537199354e+01
-2.772039547014109040e+00 1.498467211113877440e+01
-2.770481783851976854e+00 1.594733762627663864e+01
-2.768924020689844667e+00 1.474504310584073963e+01
-2.767366257527712481e+00 1.655463988202733461e+01
-2.765808494365580295e+00 1.693992788621332224e+01
-2.764250731203448108e+00 1.692867805860261399e+01
-2.762692968041315922e+00 1.689892210528899597e+01
-2.761135204879184180e+00 1.368227294322096022e+01
-2.759577441717051993e+00 1.597718486630444623e+01
-2.758019678554919807e+00 1.586991927840746719e+01
-2.756461915392787621e+00 1.398038017579880332e+01
-2.754904152230655434e+00 1.774504213478179793e+01
-2.753346389068523248e+00 1.466657010306819586e+01
-2.751788625906391506e+00 1.803676098028311259e+01
-2.750230862744259319e+00 1.832967276987106331e+01
-2.748673099582127133e+00 1.574778596854260648e+01
-2.747115336419994946e+00 1.255268724079718368e+01
-2.745557573257862760e+00 1.501473166160073802e+01
-2.743999810095730574e+00 1.777582081475351927e+01
-2.742442046933598832e+00 1.642834156114768263e+01
-2.740884283771466645e+00 1.565646895936165883e+01
-2.739326520609334459e+00 1.505760415521130646e+01
-2.737768757447202272e+00 1.523866470279612706e+01
-2.736210994285070086e+00 1.410652495906401960e+01
-2.734653231122937900e+00 1.580223707449049009e+01
-2.733095467960805713e+00 1.425286683843780011e+01
-2.731537704798673971e+00 1.330177191044540663e+01
-2.729979941636541785e+00 1.533605232028074106e+01
-2.728422178474409598e+00 1.650425393423171272e+01
-2.726864415312277412e+00 1.320716720531673438e+01
-2.725306652150145226e+00 1.448886862495231043e+01
-2.723748888988013039e+00 1.710213556629404152e+01
-2.722191125825880853e+00 1.743864260057055304e+01
-2.720633362663749111e+00 1.784916805841914922e+01
-2.719075599501616924e+00 1.554012631258415844e+01
-2.717517836339484738e+00 1.449244731882479442e+01
-2.715960073177352552e+00 1.539552931014159931e+01
-2.714402310015220365e+00 1.682049158797739707e+01
-2.712844546853088179e+00 1.478367302843795272e+01
-2.711286783690955993e+00 1.333971576017754224e+01
-2.709729020528824250e+00 1.809862330778244655e+01
-2.708171257366692064e+00 1.736801811341714341e+01
-2.706613494204559878e+00 1.208456763733926387e+01
-2.705055731042427691e+00 1.336880628996723175e+01
-2.703497967880295505e+00 1.456782737918388726e+01
-2.701940204718163319e+00 1.454007409347949853e+01
-2.700382441556031132e+00 1.521144368614686648e+01
-2.698824678393899390e+00 1.427621948885444070e+01
-2.697266915231767204e+00 1.603478114900746831e+01
-2.695709152069635017e+00 1.691593249924862974e+01
-2.694151388907502831e+00 1.301180116138188048e+01
-2.692593625745370645e+00 1.369477250128405288e+01
-2.691035862583238458e+00 1.490167357940293869e+01
-2.689478099421106272e+00 1.420363922614947683e+01
-2.687920336258974530e+00 1.352258731299409256e+01
-2.686362573096842343e+00 1.507190520980545401e+01
-2.684804809934710157e+00 1.497342056078873362e+01
-2.683247046772577971e+00 1.439555826055002719e+01
-2.681689283610445784e+00 1.663269856602368790e+01
-2.680131520448314042e+00 1.813509357636397823e+01
-2.678573757286181412e+00 1.395403763966142563e+01
-2.677015994124049669e+00 1.480040404777781937e+01
-2.675458230961917483e+00 1.832595290017021483e+01
-2.673900467799785297e+00 1.313176746740644418e+01
-2.672342704637653110e+00 1.367196658541412901e+01
-2.670784941475520924e+00 1.942270835836996667e+01
-2.669227178313389182e+00 1.979533167612487077e+01
-2.667669415151256551e+00 1.796067453582379869e+01
-2.666111651989124809e+00 1.547925436757607187e+01
-2.664553888826992623e+00 1.614975742818430504e+01
-2.662996125664860436e+00 1.680743851688671597e+01
-2.661438362502728250e+00 1.870321169572880393e+01
-2.659880599340596063e+00 1.825626907298063628e+01
-2.658322836178464321e+00 1.522048488489027740e+01
-2.656765073016331691e+00 1.696608460662175233e+01
-2.655207309854199949e+00 1.722753316469179197e+01
-2.653649546692067762e+00 1.999358884137201642e+01
-2.652091783529935576e+00 1.638897544061454781e+01
-2.650534020367803389e+00 1.737195010804085626e+01
-2.648976257205671203e+00 1.438130120423577729e+01
-2.647418494043539461e+00 1.484767967893632346e+01
-2.645860730881407274e+00 1.934579898119226371e+01
-2.644302967719275088e+00 2.003254974895191154e+01
-2.642745204557142902e+00 1.816987705142185305e+01
-2.641187441395010715e+00 1.786410297375606859e+01
-2.639629678232878529e+00 1.498248754404093397e+01
-2.638071915070746343e+00 1.319050083599795720e+01
-2.636514151908614600e+00 1.369598987843615134e+01
-2.634956388746482414e+00 1.477339579274062942e+01
-2.633398625584350228e+00 1.582696939685980020e+01
-2.631840862422218041e+00 1.714064857983781920e+01
-2.630283099260085855e+00 1.526464653845681418e+01
-2.628725336097953669e+00 1.757265091445150418e+01
-2.627167572935821482e+00 1.984579670391071815e+01
-2.625609809773689740e+00 1.676031996052351758e+01
-2.624052046611557554e+00 1.576106417236782242e+01
-2.622494283449425367e+00 1.370150344053551272e+01
-2.620936520287293181e+00 1.074834062192530659e+01
-2.619378757125160995e+00 1.456220149636338412e+01
-2.617820993963028808e+00 1.523056255542495485e+01
-2.616263230800896622e+00 1.507966225455500364e+01
-2.614705467638764880e+00 1.434706670990243182e+01
-2.613147704476632693e+00 1.222816441333517012e+01
-2.611589941314500507e+00 1.195282197390238643e+01
-2.610032178152368321e+00 1.438377880332049408e+01
-2.608474414990236134e+00 1.621019297395079306e+01
-2.606916651828103948e+00 1.664690295298620626e+01
-2.605358888665971762e+00 1.682473616174726061e+01
-2.603801125503840019e+00 1.800640621903503202e+01
-2.602243362341707833e+00 1.611159727839161349e+01
-2.600685599179575647e+00 1.508843156259423424e+01
-2.599127836017443460e+00 1.394215639540686347e+01
-2.597570072855311274e+00 1.582381172175114692e+01
-2.596012309693179088e+00 1.534196533076133484e+01
-2.594454546531046901e+00 1.298335601059029187e+01
-2.592896783368915159e+00 1.256549213770999351e+01
-2.591339020206782973e+00 1.495099228288323090e+01
-2.589781257044650786e+00 1.499265054179769052e+01
-2.588223493882518600e+00 1.437795661966479699e+01
-2.586665730720386414e+00 1.154589532152590259e+01
-2.585107967558254671e+00 1.066574093474444318e+01
-2.583550204396122041e+00 1.770561438390717157e+01
-2.581992441233990299e+00 1.642990459401475789e+01
-2.580434678071858112e+00 1.611941443291724596e+01
-2.578876914909725926e+00 1.440993474441570399e+01
-2.577319151747593740e+00 1.356172964849112006e+01
-2.575761388585461553e+00 1.422152974577584139e+01
-2.574203625423329811e+00 1.454400545334654282e+01
-2.572645862261197180e+00 1.375189498570811253e+01
-2.571088099099065438e+00 1.559965991867007240e+01
-2.569530335936933252e+00 1.777169308630193356e+01
-2.567972572774801066e+00 1.947533711980256754e+01
-2.566414809612668879e+00 1.654811936751854162e+01
-2.564857046450536693e+00 1.414462003565971848e+01
-2.563299283288404951e+00 1.739499378219790415e+01
-2.561741520126272320e+00 1.556727345921766137e+01
-2.560183756964140578e+00 1.472311409454931308e+01
-2.558625993802008391e+00 1.455501678987091374e+01
-2.557068230639876205e+00 1.185319452577543764e+01
-2.555510467477744019e+00 1.329583541436192640e+01
-2.553952704315611832e+00 1.413460768229478859e+01
-2.552394941153480090e+00 1.526921213743115580e+01
-2.550837177991347904e+00 1.841399722971615205e+01
-2.549279414829215717e+00 1.620819540401049963e+01
-2.547721651667083531e+00 1.536153694288518956e+01
-2.546163888504951345e+00 1.535791848744455379e+01
-2.544606125342819158e+00 1.964541890596077423e+01
-2.543048362180686972e+00 1.777275135644901738e+01
-2.541490599018555230e+00 1.736383438698166515e+01
-2.539932835856423043e+00 1.645346963069619406e+01
-2.538375072694290857e+00 1.626700268476876587e+01
-2.536817309532158671e+00 1.645671103617418751e+01
-2.535259546370026484e+00 1.768528763213262778e+01
-2.533701783207894298e+00 1.966867194939078445e+01
-2.532144020045762112e+00 2.055245802734195948e+01
-2.530586256883630369e+00 1.768802650551523925e+01
-2.529028493721498183e+00 1.637403921834077281e+01
-2.527470730559365997e+00 1.984703272630957471e+01
-2.525912967397233810e+00 1.697322819781282277e+01
-2.524355204235101624e+00 1.444070157827052725e+01
-2.522797441072969438e+00 1.552681116682238383e+01
-2.521239677910837251e+00 1.480345210560151514e+01
-2.519681914748705509e+00 1.572952824544542416e+01
-2.518124151586573323e+00 1.554082679095307284e+01
-2.516566388424441136e+00 1.560563199187667571e+01
-2.515008625262308950e+00 1.771075980066409628e+01
-2.513450862100176764e+00 1.698914703952193150e+01
-2.511893098938044577e+00 1.557007726206249387e+01
-2.510335335775912391e+00 1.841528258400694895e+01
-2.508777572613780649e+00 2.211286989217060039e+01
-2.507219809451648462e+00 1.890449658679893830e+01
-2.505662046289516276e+00 1.665454661270855041e+01
-2.504104283127384090e+00 1.781856308839060787e+01
-2.502546519965251903e+00 1.949032851642337150e+01
-2.500988756803120161e+00 1.674964703161784385e+01
-2.499430993640987531e+00 1.493876418364053826e+01
-2.497873230478855788e+00 1.644680591073786502e+01
-2.496315467316723602e+00 1.969717582526477884e+01
-2.494757704154591416e+00 1.800018129356445939e+01
-2.493199940992459229e+00 1.334193607635861056e+01
-2.491642177830327043e+00 1.460852076563595148e+01
-2.490084414668195301e+00 1.497433170852327322e+01
-2.488526651506062670e+00 1.295899342618490913e+01
-2.486968888343930928e+00 1.341734420052365628e+01
-2.485411125181798742e+00 1.600974060174726432e+01
-2.483853362019666555e+00 1.589164352397936675e+01
-2.482295598857534369e+00 1.675083398764185461e+01
-2.480737835695402183e+00 1.965823389621924733e+01
-2.479180072533270440e+00 1.868911412008419859e+01
-2.477622309371137810e+00 1.524719891324067156e+01
-2.476064546209006068e+00 1.559439569465084574e+01
-2.474506783046873881e+00 1.340685839564795678e+01
-2.472949019884741695e+00 1.615037640592032275e+01
-2.471391256722609509e+00 1.735606347020986817e+01
-2.469833493560477322e+00 1.655138896575170904e+01
-2.468275730398345580e+00 2.003220503669263408e+01
-2.466717967236213394e+00 1.883916626077083833e+01
-2.465160204074081207e+00 1.472864434863130967e+01
-2.463602440911949021e+00 1.462675565743860417e+01
-2.462044677749816834e+00 1.754280592298810859e+01
-2.460486914587684648e+00 1.787160994214989884e+01
-2.458929151425552462e+00 1.526604339262724430e+01
-2.457371388263420720e+00 1.531288402387480829e+01
-2.455813625101288533e+00 1.858298168939190376e+01
-2.454255861939156347e+00 1.584721179003811109e+01
-2.452698098777024160e+00 1.587106380652689808e+01
-2.451140335614891974e+00 1.932482082687691616e+01
-2.449582572452759788e+00 1.874468657639421920e+01
-2.448024809290627601e+00 1.893431208432358659e+01
-2.446467046128495859e+00 1.863148650342519375e+01
-2.444909282966363673e+00 1.683635947106790098e+01
-2.443351519804231486e+00 1.704636061430604244e+01
-2.441793756642099300e+00 1.770993260067242048e+01
-2.440235993479967114e+00 1.857724794164575144e+01
-2.438678230317834927e+00 1.878152849626432541e+01
-2.437120467155702741e+00 1.857632566308066657e+01
-2.435562703993570999e+00 1.718483922207752812e+01
-2.434004940831438812e+00 1.407657092795029463e+01
-2.432447177669306626e+00 1.536695851912236144e+01
-2.430889414507174440e+00 1.399538045693009636e+01
-2.429331651345042253e+00 1.702532064808340451e+01
-2.427773888182910067e+00 2.251236853563039375e+01
-2.426216125020777881e+00 2.215005056114308246e+01
-2.424658361858646138e+00 1.769584622638803140e+01
-2.423100598696513952e+00 1.706564767398418070e+01
-2.421542835534381766e+00 1.658030073395221748e+01
-2.419985072372249579e+00 1.135182644354540216e+01
-2.418427309210117393e+00 8.581652506797778912e+00
-2.416869546047985651e+00 1.444844981098129999e+01
-2.415311782885853020e+00 1.699297580371815641e+01
-2.413754019723721278e+00 1.253722028855325021e+01
-2.412196256561589092e+00 1.727450480304304037e+01
-2.410638493399456905e+00 1.682185934118080439e+01
-2.409080730237324719e+00 1.375685229843066359e+01
-2.407522967075192533e+00 1.663164294483689787e+01
-2.405965203913060790e+00 1.806492018954716272e+01
-2.404407440750928160e+00 1.796513156648917331e+01
-2.402849677588796418e+00 1.662498003812489245e+01
-2.401291914426664231e+00 1.666347740049126713e+01
-2.399734151264532045e+00 1.687107745724201990e+01
-2.398176388102399859e+00 1.734347555889625525e+01
-2.396618624940267672e+00 1.739953075776245228e+01
-2.395060861778135930e+00 1.756452881571268421e+01
-2.393503098616003300e+00 1.790000671536859045e+01
-2.391945335453871557e+00 1.720269374887794456e+01
-2.390387572291739371e+00 1.813984161640425796e+01
-2.388829809129607185e+00 1.990341426598918417e+01
-2.387272045967474998e+00 1.601796238197458067e+01
-2.385714282805342812e+00 1.685951129291703054e+01
-2.384156519643211070e+00 1.839271411994032235e+01
-2.382598756481078883e+00 1.282777887432048303e+01
-2.381040993318946697e+00 1.160656887886167787e+01
-2.379483230156814511e+00 1.478251144973586051e+01
-2.377925466994682324e+00 1.354328112049038246e+01
-2.376367703832550138e+00 1.337930565527221738e+01
-2.374809940670417951e+00 1.409442701771988204e+01
-2.373252177508286209e+00 1.790571244710341503e+01
-2.371694414346154023e+00 1.421138132396525222e+01
-2.370136651184021837e+00 1.546488322699135587e+01
-2.368578888021889650e+00 1.479326001911158528e+01
-2.367021124859757464e+00 1.535849864076402049e+01
-2.365463361697625277e+00 1.796442182445953861e+01
-2.363905598535493091e+00 1.808016148270154844e+01
-2.362347835373361349e+00 1.655574160883009682e+01
-2.360790072211229162e+00 1.925016130941472525e+01
-2.359232309049096976e+00 1.977382441577035621e+01
-2.357674545886964790e+00 1.982464639230028070e+01
-2.356116782724832603e+00 1.847238001182199696e+01
-2.354559019562700417e+00 1.442048892071345634e+01
-2.353001256400568231e+00 1.628753951102059006e+01
-2.351443493238436488e+00 1.554295346753437101e+01
-2.349885730076304302e+00 1.437711236184928687e+01
-2.348327966914172116e+00 1.477870536222559750e+01
-2.346770203752039929e+00 1.628614632297082210e+01
-2.345212440589907743e+00 1.553564442795370582e+01
-2.343654677427775557e+00 1.380316068834296850e+01
-2.342096914265643370e+00 1.759753996658753294e+01
-2.340539151103511628e+00 2.039775493120599492e+01
-2.338981387941379442e+00 1.542533507730366971e+01
-2.337423624779247255e+00 1.516613143752708837e+01
-2.335865861617115069e+00 1.581517864979537080e+01
-2.334308098454982883e+00 1.316278512819833324e+01
-2.332750335292850696e+00 1.388430778590514869e+01
-2.331192572130718510e+00 1.663810945533353447e+01
-2.329634808968586768e+00 1.717525867288011554e+01
-2.328077045806454581e+00 1.809463318684014510e+01
-2.326519282644322395e+00 1.737711166422403863e+01
-2.324961519482190209e+00 1.750211671776620648e+01
-2.323403756320058022e+00 1.910147924213105952e+01
-2.321845993157926280e+00 1.808079187324532811e+01
-2.320288229995793650e+00 1.669894996244232388e+01
-2.318730466833661907e+00 1.598101365683380237e+01
-2.317172703671529721e+00 1.431141372595165961e+01
-2.315614940509397535e+00 1.532231444073164361e+01
-2.314057177347265348e+00 1.635183338249911955e+01
-2.312499414185133162e+00 1.743622662252746380e+01
-2.310941651023001420e+00 1.464917176358969542e+01
-2.309383887860868789e+00 1.330201533515806211e+01
-2.307826124698737047e+00 1.619754993841697654e+01
-2.306268361536604861e+00 1.782560806497624029e+01
-2.304710598374472674e+00 1.516296288940086612e+01
-2.303152835212340488e+00 1.596564217839681810e+01
-2.301595072050208302e+00 1.825924293612875715e+01
-2.300037308888076559e+00 1.682827992353407254e+01
-2.298479545725944373e+00 1.705354014139437169e+01
-2.296921782563812187e+00 1.692651642605968476e+01
-2.295364019401680000e+00 1.510203911938493349e+01
-2.293806256239547814e+00 1.325630533341855966e+01
-2.292248493077415628e+00 1.506389047862340647e+01
-2.290690729915283441e+00 1.476282548517390047e+01
-2.289132966753151699e+00 1.650676211899908452e+01
-2.287575203591019513e+00 1.698094661045885090e+01
-2.286017440428887326e+00 1.576900323519787150e+01
-2.284459677266755140e+00 1.879927955834662967e+01
-2.282901914104622954e+00 1.766087519410354645e+01
-2.281344150942490767e+00 1.617491977062246278e+01
-2.279786387780358581e+00 1.901554164703757621e+01
-2.278228624618226839e+00 1.697899271575074565e+01
-2.276670861456094652e+00 1.703416168215490956e+01
-2.275113098293962466e+00 1.812814947309674807e+01
-2.273555335131830279e+00 1.803649138064111668e+01
-2.271997571969698093e+00 1.637318887372993359e+01
-2.270439808807565907e+00 1.792085413890514189e+01
-2.268882045645433720e+00 2.062089105269857470e+01
-2.267324282483301978e+00 1.834921759667856023e+01
-2.265766519321169792e+00 1.549605631580506859e+01
-2.264208756159037605e+00 1.592441176892243426e+01
-2.262650992996905419e+00 1.642559976561923207e+01
-2.261093229834773233e+00 1.618930049908041013e+01
-2.259535466672641046e+00 1.436897217009282457e+01
-2.257977703510508860e+00 1.492863924955370614e+01
-2.256419940348377118e+00 2.107771434429122337e+01
-2.254862177186244931e+00 1.819930650140354800e+01
-2.253304414024112745e+00 1.693892853695015432e+01
-2.251746650861980559e+00 1.720872802745397578e+01
-2.250188887699848372e+00 1.523526933018406737e+01
-2.248631124537716186e+00 1.355032723550299600e+01
-2.247073361375584000e+00 1.444712627371531255e+01
-2.245515598213452257e+00 1.655599794266481339e+01
-2.243957835051320071e+00 1.884501430403053845e+01
-2.242400071889187885e+00 2.036847032849871653e+01
-2.240842308727055698e+00 1.998600598907231074e+01
-2.239284545564923512e+00 1.643916307688589029e+01
-2.237726782402791770e+00 1.692854249213839068e+01
-2.236169019240659139e+00 1.459331014693324668e+01
-2.234611256078527397e+00 1.521107936338105660e+01
-2.233053492916395211e+00 1.703143605546131312e+01
-2.231495729754263024e+00 1.774067553356548288e+01
-2.229937966592130838e+00 1.846987778096373489e+01
-2.228380203429998652e+00 1.597772618567878489e+01
-2.226822440267866909e+00 1.669913752814403551e+01
-2.225264677105734279e+00 2.023388651374311564e+01
-2.223706913943602537e+00 1.894605174785694146e+01
-2.222149150781470350e+00 1.634514278424591538e+01
-2.220591387619338164e+00 1.619708457167439519e+01
-2.219033624457205978e+00 1.786116954523622624e+01
-2.217475861295073791e+00 1.497372294265595016e+01
-2.215918098132942049e+00 1.523605333470790235e+01
-2.214360334970809419e+00 1.457309683886981588e+01
-2.212802571808677676e+00 1.687497528834224525e+01
-2.211244808646545490e+00 1.935578222841733265e+01
-2.209687045484413304e+00 1.510811334561775432e+01
-2.208129282322281117e+00 1.275330570632178961e+01
-2.206571519160148931e+00 1.785054204994764504e+01
-2.205013755998017189e+00 1.749378369640142239e+01
-2.203455992835885002e+00 2.020946371161739918e+01
-2.201898229673752816e+00 2.232993762489874001e+01
-2.200340466511620630e+00 2.016245138484016053e+01
-2.198782703349488443e+00 1.681429315140792013e+01
-2.197224940187356257e+00 2.016299160417952763e+01
-2.195667177025224071e+00 1.831730153567621144e+01
-2.194109413863092328e+00 1.539038050964433069e+01
-2.192551650700960142e+00 1.771732118682887958e+01
-2.190993887538827956e+00 1.950421609958896951e+01
-2.189436124376695769e+00 1.762297171993953881e+01
-2.187878361214563583e+00 1.617112835348302724e+01
-2.186320598052431841e+00 1.778098090896873629e+01
-2.184762834890299210e+00 2.119333566575203065e+01
-2.183205071728167468e+00 2.140264459154818155e+01
-2.181647308566034837e+00 1.961139761608644605e+01
-2.180089545403903095e+00 2.070902088817756947e+01
-2.178531782241770909e+00 1.794742772227190031e+01
-2.176974019079638722e+00 1.647871248193287386e+01
-2.175416255917506980e+00 1.844400743479695848e+01
-2.173858492755374350e+00 1.717474840173775164e+01
-2.172300729593242608e+00 1.799265866399727187e+01
-2.170742966431110421e+00 1.827476788454211842e+01
-2.169185203268978235e+00 1.667496381470935063e+01
-2.167627440106846048e+00 1.880886713598239623e+01
-2.166069676944713862e+00 1.768782233073011056e+01
-2.164511913782582120e+00 1.696562187747779404e+01
-2.162954150620449489e+00 2.447881142289992340e+01
-2.161396387458317747e+00 2.067824105283492386e+01
-2.159838624296185561e+00 1.543873005414821797e+01
-2.158280861134053374e+00 1.426181718534869347e+01
-2.156723097971921188e+00 1.970802930196753877e+01
-2.155165334809789002e+00 1.733388490283422811e+01
-2.153607571647657259e+00 1.701497984463458835e+01
-2.152049808485524629e+00 1.975538569818151302e+01
-2.150492045323392887e+00 1.714686555491898545e+01
-2.148934282161260700e+00 1.590413915214347540e+01
-2.147376518999128514e+00 1.697436471095983990e+01
-2.145818755836996328e+00 1.822732565209306799e+01
-2.144260992674864141e+00 1.994068145710436468e+01
-2.142703229512732399e+00 1.760867280132631763e+01
-2.141145466350599769e+00 1.723973312903763500e+01
-2.139587703188468026e+00 1.631494171905893964e+01
-2.138029940026335840e+00 1.503182166963859778e+01
-2.136472176864203654e+00 1.757774892055907756e+01
-2.134914413702071467e+00 1.868030120850029974e+01
-2.133356650539939281e+00 1.554700526483334500e+01
-2.131798887377807539e+00 1.306958133760138807e+01
-2.130241124215674908e+00 1.411725751447041688e+01
-2.128683361053543166e+00 1.415696768491092961e+01
-2.127125597891410980e+00 1.661129173135074311e+01
-2.125567834729278793e+00 1.503865684351132970e+01
-2.124010071567146607e+00 1.150540812847988015e+01
-2.122452308405014421e+00 1.884737984570916680e+01
-2.120894545242882678e+00 1.513080232793106639e+01
-2.119336782080750048e+00 1.602345063528147406e+01
-2.117779018918618306e+00 1.812310543417225261e+01
-2.116221255756486119e+00 1.720699292324023233e+01
-2.114663492594353933e+00 1.628479184589048145e+01
-2.113105729432221747e+00 1.538400791248231592e+01
-2.111547966270089560e+00 1.599318807988462687e+01
-2.109990203107957818e+00 1.687214153835186892e+01
-2.108432439945825188e+00 1.771428722528138522e+01
-2.106874676783693445e+00 1.818939323037506028e+01
-2.105316913621561259e+00 1.443160928151691103e+01
-2.103759150459429073e+00 1.797331979910313748e+01
-2.102201387297297330e+00 1.544316382298930179e+01
-2.100643624135164700e+00 1.508374897345484733e+01
-2.099085860973032958e+00 1.706006880410295423e+01
-2.097528097810900327e+00 1.609950324560971069e+01
-2.095970334648768585e+00 1.691973928616937783e+01
-2.094412571486636399e+00 2.120247663838675223e+01
-2.092854808324504212e+00 1.869862878018154007e+01
-2.091297045162372470e+00 1.535117609386355930e+01
-2.089739282000239839e+00 1.926146750483842851e+01
-2.088181518838108097e+00 1.552692432438786874e+01
-2.086623755675975467e+00 1.573215152937937233e+01
-2.085065992513843725e+00 1.956191209628471483e+01
-2.083508229351711538e+00 1.801644623623818831e+01
-2.081950466189579352e+00 2.013196562562491820e+01
-2.080392703027447610e+00 1.967433303925066568e+01
-2.078834939865314979e+00 1.870859876218642626e+01
-2.077277176703183237e+00 1.821595019886800415e+01
-2.075719413541051050e+00 1.554605563090101050e+01
-2.074161650378918864e+00 1.586808154639052937e+01
-2.072603887216786678e+00 1.790880081959912218e+01
-2.071046124054654491e+00 1.980221831214210582e+01
-2.069488360892522749e+00 2.335171715913519108e+01
-2.067930597730390119e+00 1.706033785257733726e+01
-2.066372834568258376e+00 1.451927352796378834e+01
-2.064815071406126190e+00 1.321186697792332687e+01
-2.063257308243994004e+00 1.653693347234461797e+01
-2.061699545081861817e+00 1.805721328058605124e+01
-2.060141781919729631e+00 1.601255843436771897e+01
-2.058584018757597889e+00 1.848212224949774551e+01
-2.057026255595465258e+00 2.031899760613493200e+01
-2.055468492433333516e+00 1.608900213462791129e+01
-2.053910729271201330e+00 1.666201013783992479e+01
-2.052352966109069143e+00 1.922210407557523126e+01
-2.050795202946936957e+00 1.831881533656180494e+01
-2.049237439784804771e+00 1.701178781281466712e+01
-2.047679676622673028e+00 1.543866261247305616e+01
-2.046121913460540398e+00 1.663867701217737860e+01
-2.044564150298408656e+00 2.041555076428934967e+01
-2.043006387136276469e+00 2.307196015626394470e+01
-2.041448623974144283e+00 2.022042300223938227e+01
-2.039890860812012097e+00 1.641989129839490147e+01
-2.038333097649879910e+00 1.727344986553937645e+01
-2.036775334487748168e+00 1.887717855401771416e+01
-2.035217571325615538e+00 1.875644931440297825e+01
-2.033659808163483795e+00 1.614047051342500794e+01
-2.032102045001351609e+00 1.579220735371077566e+01
-2.030544281839219423e+00 2.050112744917724328e+01
-2.028986518677087236e+00 2.005237018040649133e+01
-2.027428755514955050e+00 1.902126559501227376e+01
-2.025870992352823308e+00 1.896356130360464576e+01
-2.024313229190690677e+00 1.911869784478533418e+01
-2.022755466028558935e+00 2.080682025751261932e+01
-2.021197702866426749e+00 2.184863556642223514e+01
-2.019639939704294562e+00 2.107046685475534531e+01
-2.018082176542162820e+00 1.849733945889987652e+01
-2.016524413380030190e+00 1.713526149980883062e+01
-2.014966650217898447e+00 1.887526062523112103e+01
-2.013408887055765817e+00 1.498289693543147827e+01
-2.011851123893634075e+00 1.767368278936198678e+01
-2.010293360731501888e+00 1.834549129064946626e+01
-2.008735597569369702e+00 1.856167343792737512e+01
-2.007177834407237960e+00 1.594847428120505484e+01
-2.005620071245105329e+00 1.505758043639571753e+01
-2.004062308082973587e+00 1.632732139746703837e+01
-2.002504544920840956e+00 1.607906113775672097e+01
-2.000946781758709214e+00 1.876102639081355505e+01
-1.999389018596577028e+00 2.100196911051457249e+01
-1.997831255434444842e+00 1.815919980917848164e+01
-1.996273492272312877e+00 1.944674928612578313e+01
-1.994715729110180691e+00 1.828720540623232083e+01
-1.993157965948048505e+00 1.662529270761667632e+01
-1.991600202785916540e+00 1.658891288878368542e+01
-1.990042439623784354e+00 1.678219230745806456e+01
-1.988484676461652167e+00 1.622504965469209992e+01
-1.986926913299519981e+00 1.639687385264738495e+01
-1.985369150137388017e+00 1.602837077070180527e+01
-1.983811386975255830e+00 1.839561508295959058e+01
-1.982253623813123644e+00 1.937400362655294117e+01
-1.980695860650991680e+00 1.505686483391197328e+01
-1.979138097488859493e+00 1.711462926365564385e+01
-1.977580334326727307e+00 1.812556757346025194e+01
-1.976022571164595343e+00 1.715144370814143215e+01
-1.974464808002463156e+00 1.818878986724725877e+01
-1.972907044840330970e+00 1.903051297934648645e+01
-1.971349281678198784e+00 1.798806195116535633e+01
-1.969791518516066819e+00 1.534863914238027860e+01
-1.968233755353934633e+00 1.279337031859241058e+01
-1.966675992191802447e+00 1.519814539779503804e+01
-1.965118229029670482e+00 1.593118828634596440e+01
-1.963560465867538296e+00 1.628966156635754459e+01
-1.962002702705406110e+00 1.448319300784903874e+01
-1.960444939543273923e+00 1.608617027418535628e+01
-1.958887176381141959e+00 1.764630164846373361e+01
-1.957329413219009773e+00 1.793450379162076302e+01
-1.955771650056877586e+00 1.699586811181530877e+01
-1.954213886894745622e+00 1.588056105739921797e+01
-1.952656123732613436e+00 1.799446498160127916e+01
-1.951098360570481249e+00 1.932972086739604123e+01
-1.949540597408349285e+00 1.974616831066004252e+01
-1.947982834246217099e+00 1.609514649339512715e+01
-1.946425071084084912e+00 1.745034864724501489e+01
-1.944867307921952726e+00 2.054362538395196580e+01
-1.943309544759820762e+00 2.056214831145784316e+01
-1.941751781597688575e+00 2.021992249963300381e+01
-1.940194018435556389e+00 1.891512771715325769e+01
-1.938636255273424425e+00 1.828713510869603098e+01
-1.937078492111292238e+00 1.713578185949882382e+01
-1.935520728949160052e+00 1.617918907237969250e+01
-1.933962965787027866e+00 2.116223304279797190e+01
-1.932405202624895901e+00 1.621592074578654774e+01
-1.930847439462763715e+00 1.758183156780804524e+01
-1.929289676300631529e+00 1.901112617605765465e+01
-1.927731913138499564e+00 1.976367252375351669e+01
-1.926174149976367378e+00 1.967151462680644514e+01
-1.924616386814235192e+00 1.915269013339004545e+01
-1.923058623652103227e+00 1.752055264452005900e+01
-1.921500860489971041e+00 1.651295468687082391e+01
-1.919943097327838855e+00 1.790205617942586613e+01
-1.918385334165706668e+00 1.607099263594147232e+01
-1.916827571003574704e+00 1.501960025435131385e+01
-1.915269807841442518e+00 1.750101528333960488e+01
-1.913712044679310331e+00 1.351918753040068921e+01
-1.912154281517178367e+00 1.362593746658662575e+01
-1.910596518355046181e+00 1.636326514385178399e+01
-1.909038755192913994e+00 1.925377627366937361e+01
-1.907480992030782030e+00 1.869715328937567733e+01
-1.905923228868649844e+00 1.707490984699028047e+01
-1.904365465706517657e+00 1.451136048314283400e+01
-1.902807702544385471e+00 1.360509845705665022e+01
-1.901249939382253507e+00 1.699075247369189867e+01
-1.899692176220121320e+00 1.638638536645229493e+01
-1.898134413057989134e+00 2.051966612393791678e+01
-1.896576649895857170e+00 2.082268259523739573e+01
-1.895018886733724983e+00 1.926233099975177154e+01
-1.893461123571592797e+00 1.874543261588910426e+01
-1.891903360409460610e+00 1.910735608038106292e+01
-1.890345597247328646e+00 1.699993620991213206e+01
-1.888787834085196460e+00 1.713362616544805661e+01
-1.887230070923064273e+00 1.838186645885543413e+01
-1.885672307760932309e+00 1.656155304753696100e+01
-1.884114544598800123e+00 1.949165961252357704e+01
-1.882556781436667936e+00 1.799042817562186158e+01
-1.880999018274535972e+00 1.825801629010039306e+01
-1.879441255112403786e+00 1.533195193789866551e+01
-1.877883491950271599e+00 1.672801067103194228e+01
-1.876325728788139413e+00 2.104784179082129825e+01
-1.874767965626007449e+00 2.206541280298414520e+01
-1.873210202463875262e+00 1.988795393744266349e+01
-1.871652439301743076e+00 1.727231118242024976e+01
-1.870094676139611112e+00 1.667258598655756074e+01
-1.868536912977478925e+00 1.718027619895842406e+01
-1.866979149815346739e+00 1.737174417330526666e+01
-1.865421386653214775e+00 1.797497240429722609e+01
-1.863863623491082588e+00 1.964403456918760327e+01
-1.862305860328950402e+00 2.036085241047746308e+01
-1.860748097166818216e+00 1.951554667665881126e+01
-1.859190334004686251e+00 1.886635038820249477e+01
-1.857632570842554065e+00 1.714371589818448527e+01
-1.856074807680421879e+00 1.535887688281539099e+01
-1.854517044518289914e+00 2.061316983254391033e+01
-1.852959281356157728e+00 1.981773185872733123e+01
-1.851401518194025542e+00 1.490126814225237162e+01
-1.849843755031893355e+00 1.649311694304953946e+01
-1.848285991869761391e+00 1.891611389338377691e+01
-1.846728228707629205e+00 1.953075265305650632e+01
-1.845170465545497018e+00 1.832381410243907638e+01
-1.843612702383365054e+00 1.604710182080280489e+01
-1.842054939221232868e+00 1.793086522581603859e+01
-1.840497176059100681e+00 1.994397104507412521e+01
-1.838939412896968717e+00 1.838765491306324407e+01
-1.837381649734836531e+00 2.126486287348695470e+01
-1.835823886572704344e+00 2.039215530424630884e+01
-1.834266123410572158e+00 2.019975723119987876e+01
-1.832708360248440194e+00 2.133817483979886021e+01
-1.831150597086308007e+00 1.833864184104898243e+01
-1.829592833924175821e+00 1.720838828060129799e+01
-1.828035070762043857e+00 2.208649852940587266e+01
-1.826477307599911670e+00 1.891364499166926905e+01
-1.824919544437779484e+00 1.881437092470455497e+01
-1.823361781275647520e+00 1.998894506480872835e+01
-1.821804018113515333e+00 1.702302476680983290e+01
-1.820246254951383147e+00 1.416154466638952236e+01
-1.818688491789250961e+00 1.489567741246739985e+01
-1.817130728627118996e+00 1.796815112644798162e+01
-1.815572965464986810e+00 2.158687755982302292e+01
-1.814015202302854624e+00 2.114538103142920633e+01
-1.812457439140722659e+00 1.715687971113516497e+01
-1.810899675978590473e+00 1.781853161151260778e+01
-1.809341912816458287e+00 1.749356314040555915e+01
-1.807784149654326100e+00 1.875676614648001461e+01
-1.806226386492194136e+00 2.059698081247777779e+01
-1.804668623330061950e+00 1.891851453602410160e+01
-1.803110860167929763e+00 1.631594764672372477e+01
-1.801553097005797799e+00 1.837901825964778268e+01
-1.799995333843665613e+00 2.167227690537801621e+01
-1.798437570681533426e+00 1.597403736790351481e+01
-1.796879807519401462e+00 1.450529658942127575e+01
-1.795322044357269275e+00 1.661789991661663990e+01
-1.793764281195137089e+00 1.828973186134944484e+01
-1.792206518033004903e+00 1.685206388687061363e+01
-1.790648754870872938e+00 1.599372016767750893e+01
-1.789090991708740752e+00 1.564808154189111633e+01
-1.787533228546608566e+00 1.829305296335105169e+01
-1.785975465384476601e+00 1.966343789131197539e+01
-1.784417702222344415e+00 1.510141656461233595e+01
-1.782859939060212229e+00 1.667451515748449253e+01
-1.781302175898080042e+00 1.710076233750465491e+01
-1.779744412735948078e+00 1.709183863487291077e+01
-1.778186649573815892e+00 1.959634729377342666e+01
-1.776628886411683705e+00 1.925099700523831814e+01
-1.775071123249551741e+00 1.990441498025090183e+01
-1.773513360087419555e+00 2.232008338690606664e+01
-1.771955596925287368e+00 1.925058687893532650e+01
-1.770397833763155404e+00 1.490033391262699602e+01
-1.768840070601023218e+00 1.802434472908947782e+01
-1.767282307438891031e+00 1.932763224812673286e+01
-1.765724544276758845e+00 2.102741570692593953e+01
-1.764166781114626881e+00 2.179352542894590883e+01
-1.762609017952494694e+00 2.060862822080335022e+01
-1.761051254790362508e+00 1.818508326616417037e+01
-1.759493491628230544e+00 1.738040002078317059e+01
-1.757935728466098357e+00 2.312217891346362464e+01
-1.756377965303966171e+00 2.566322925731539328e+01
-1.754820202141834207e+00 1.985914587568192147e+01
-1.753262438979702020e+00 1.824039457347303994e+01
-1.751704675817569834e+00 1.556164921449412297e+01
-1.750146912655437648e+00 1.836287107065077606e+01
-1.748589149493305683e+00 1.821511364988519333e+01
-1.747031386331173497e+00 1.554812544322546941e+01
-1.745473623169041311e+00 1.580127882850007737e+01
-1.743915860006909346e+00 1.618312309215513523e+01
-1.742358096844777160e+00 1.352226907784151066e+01
-1.740800333682644974e+00 1.632133578130059348e+01
-1.739242570520512787e+00 1.881071118693134636e+01
-1.737684807358380823e+00 2.124971874226434565e+01
-1.736127044196248637e+00 1.710062157329475241e+01
-1.734569281034116450e+00 1.780840746854000045e+01
-1.733011517871984486e+00 2.137336958194569192e+01
-1.731453754709852300e+00 1.727628770120185919e+01
-1.729895991547720113e+00 1.763335548696830912e+01
-1.728338228385588149e+00 1.813380037358433938e+01
-1.726780465223455963e+00 1.488078904447714379e+01
-1.725222702061323776e+00 1.690505505151670462e+01
-1.723664938899191590e+00 1.756616217259898960e+01
-1.722107175737059626e+00 1.769990432301667482e+01
-1.720549412574927439e+00 1.947190696670305954e+01
-1.718991649412795253e+00 2.017584660830202381e+01
-1.717433886250663289e+00 2.021304296649221399e+01
-1.715876123088531102e+00 2.167289223680116095e+01
-1.714318359926398916e+00 2.027127633382914951e+01
-1.712760596764266952e+00 1.549574367002727016e+01
-1.711202833602134765e+00 1.418752234639359422e+01
-1.709645070440002579e+00 1.722334336964151902e+01
-1.708087307277870392e+00 2.006125178106812967e+01
-1.706529544115738428e+00 2.177393277674293870e+01
-1.704971780953606242e+00 2.208818213711937162e+01
-1.703414017791474055e+00 2.062513267765015712e+01
-1.701856254629342091e+00 2.023189733174297444e+01
-1.700298491467209905e+00 1.796514285547125667e+01
-1.698740728305077718e+00 1.925406526317875588e+01
-1.697182965142945532e+00 2.214437121246159634e+01
-1.695625201980813568e+00 2.240577689175207254e+01
-1.694067438818681381e+00 2.233327988255789620e+01
-1.692509675656549195e+00 2.134371799357061406e+01
-1.690951912494417231e+00 2.479244881483320739e+01
-1.689394149332285044e+00 1.876348019416377610e+01
-1.687836386170152858e+00 1.562571155934545430e+01
-1.686278623008020894e+00 1.666830931607384159e+01
-1.684720859845888707e+00 1.668426959326369641e+01
-1.683163096683756521e+00 1.854016811283140242e+01
-1.681605333521624335e+00 2.362256798352512632e+01
-1.680047570359492370e+00 1.997930806689977246e+01
-1.678489807197360184e+00 1.693244930579762197e+01
-1.676932044035227998e+00 1.802431261401970275e+01
-1.675374280873096033e+00 1.797691019684224045e+01
-1.673816517710963847e+00 1.784166408108016810e+01
-1.672258754548831661e+00 1.769279602679990049e+01
-1.670700991386699696e+00 1.746583895979621559e+01
-1.669143228224567510e+00 2.036973079246871521e+01
-1.667585465062435324e+00 2.177116065116834775e+01
-1.666027701900303137e+00 1.841116589392655811e+01
-1.664469938738171173e+00 2.095704239624838650e+01
-1.662912175576038987e+00 2.255774808404048315e+01
-1.661354412413906800e+00 2.211220307017085673e+01
-1.659796649251774836e+00 2.070596425755982040e+01
-1.658238886089642650e+00 1.925270383982518396e+01
-1.656681122927510463e+00 1.630709441004498927e+01
-1.655123359765378277e+00 1.620709491188893736e+01
-1.653565596603246313e+00 1.600818992966301835e+01
-1.652007833441114126e+00 1.541631717759095643e+01
-1.650450070278981940e+00 1.678974960847568454e+01
-1.648892307116849976e+00 1.659720735933223068e+01
-1.647334543954717789e+00 1.718068863856644057e+01
-1.645776780792585603e+00 2.306246069098166984e+01
-1.644219017630453639e+00 2.167364009309567763e+01
-1.642661254468321452e+00 1.611324827353739408e+01
-1.641103491306189266e+00 1.675757758414861698e+01
-1.639545728144057080e+00 1.613450598065197639e+01
-1.637987964981925115e+00 1.859963874402594897e+01
-1.636430201819792929e+00 2.297268768327343125e+01
-1.634872438657660743e+00 2.376190593378553473e+01
-1.633314675495528778e+00 1.948672538599058868e+01
-1.631756912333396592e+00 2.079555360203607250e+01
-1.630199149171264406e+00 2.394869112180526827e+01
-1.628641386009132219e+00 2.385785219208681340e+01
-1.627083622847000255e+00 1.930954065592365865e+01
-1.625525859684868069e+00 1.382208777301998559e+01
-1.623968096522735882e+00 1.726966701620505162e+01
-1.622410333360603918e+00 1.903606141239639626e+01
-1.620852570198471732e+00 2.001938523059575559e+01
-1.619294807036339545e+00 1.581252400731433561e+01
-1.617737043874207581e+00 1.985795867045187180e+01
-1.616179280712075395e+00 2.246415149784813892e+01
-1.614621517549943208e+00 2.201676471205703933e+01
-1.613063754387811022e+00 1.918815099269617264e+01
-1.611505991225679058e+00 1.636209798574908802e+01
-1.609948228063546871e+00 1.688827077171669799e+01
-1.608390464901414685e+00 1.744075354804675726e+01
-1.606832701739282721e+00 1.576900669514834874e+01
-1.605274938577150534e+00 1.837493953026493898e+01
-1.603717175415018348e+00 1.831584328057135380e+01
-1.602159412252886383e+00 2.010022756547143175e+01
-1.600601649090754197e+00 1.795698532786391155e+01
-1.599043885928622011e+00 1.721767755443973869e+01
-1.597486122766489824e+00 1.942214823010572999e+01
-1.595928359604357860e+00 1.894586478201709312e+01
-1.594370596442225674e+00 1.723213349152872809e+01
-1.592812833280093487e+00 2.143481369894410804e+01
-1.591255070117961523e+00 2.640258766658584832e+01
-1.589697306955829337e+00 2.295592521290770094e+01
-1.588139543793697150e+00 1.853400882610286615e+01
-1.586581780631564964e+00 1.947895772449952645e+01
-1.585024017469433000e+00 2.503488597994619269e+01
-1.583466254307300813e+00 2.344233546530347922e+01
-1.581908491145168627e+00 1.660213863441434512e+01
-1.580350727983036663e+00 1.819426700788759277e+01
-1.578792964820904476e+00 1.662559257822662317e+01
-1.577235201658772290e+00 1.856739892967415173e+01
-1.575677438496640326e+00 1.680522126867754551e+01
-1.574119675334508139e+00 1.852777255334993001e+01
-1.572561912172375953e+00 2.000943279470846292e+01
-1.571004149010243767e+00 2.169410894467938888e+01
-1.569446385848111802e+00 2.131318094509141048e+01
-1.567888622685979616e+00 1.698676985297129605e+01
-1.566330859523847430e+00 1.983570871724722551e+01
-1.564773096361715465e+00 2.488139070202444714e+01
-1.563215333199583279e+00 1.834247216440998685e+01
-1.561657570037451093e+00 2.114632651430390808e+01
-1.560099806875319128e+00 2.194348621803450428e+01
-1.558542043713186942e+00 2.368167360202032512e+01
-1.556984280551054756e+00 2.435341546351569519e+01
-1.555426517388922569e+00 2.032641638205833701e+01
-1.553868754226790605e+00 2.134859605104757563e+01
-1.552310991064658419e+00 2.287087755182464122e+01
-1.550753227902526232e+00 1.965331103142803215e+01
-1.549195464740394268e+00 2.346709262832657217e+01
-1.547637701578262082e+00 2.249898746075298916e+01
-1.546079938416129895e+00 2.280500507978055325e+01
-1.544522175253997709e+00 2.038634809080636501e+01
-1.542964412091865745e+00 1.972664622943167245e+01
-1.541406648929733558e+00 2.145146219509756591e+01
-1.539848885767601372e+00 2.218545190192695316e+01
-1.538291122605469408e+00 2.134708240687098524e+01
-1.536733359443337221e+00 1.393828246315053754e+01
-1.535175596281205035e+00 1.563546595033264630e+01
-1.533617833119073071e+00 1.949638821029814295e+01
-1.532060069956940884e+00 2.114205615971721741e+01
-1.530502306794808698e+00 2.233852904162379005e+01
-1.528944543632676512e+00 2.223165747246408586e+01
-1.527386780470544547e+00 2.013194489102131968e+01
-1.525829017308412361e+00 2.069402206660643984e+01
-1.524271254146280175e+00 2.114466645256898047e+01
-1.522713490984148210e+00 1.631695225956043771e+01
-1.521155727822016024e+00 1.860967234396977332e+01
-1.519597964659883838e+00 2.312845752055607917e+01
-1.518040201497751651e+00 1.813000269517736740e+01
-1.516482438335619687e+00 1.433344502321588010e+01
-1.514924675173487501e+00 1.727104633510963438e+01
-1.513366912011355314e+00 1.874539478112678736e+01
-1.511809148849223350e+00 2.115186941565225709e+01
-1.510251385687091163e+00 2.375646329445929084e+01
-1.508693622524958977e+00 2.186680179624637432e+01
-1.507135859362827013e+00 2.391031165574350581e+01
-1.505578096200694826e+00 1.975687376285612018e+01
-1.504020333038562640e+00 1.733992363376188095e+01
-1.502462569876430454e+00 1.761471660257118188e+01
-1.500904806714298489e+00 1.934308626561468358e+01
-1.499347043552166303e+00 1.701852013285511234e+01
-1.497789280390034117e+00 1.621272118152795727e+01
-1.496231517227902152e+00 1.983269683161318397e+01
-1.494673754065769966e+00 1.847939639551168867e+01
-1.493115990903637780e+00 1.987204278177469163e+01
-1.491558227741505815e+00 1.908728481878132399e+01
-1.490000464579373629e+00 1.670184122523452075e+01
-1.488442701417241443e+00 1.606089621297920544e+01
-1.486884938255109256e+00 1.750895492991937985e+01
-1.485327175092977292e+00 1.796434743500202202e+01
-1.483769411930845106e+00 1.728929386002560165e+01
-1.482211648768712919e+00 1.821300464324046686e+01
-1.480653885606580955e+00 1.948362201913029423e+01
-1.479096122444448769e+00 1.965507294864896082e+01
-1.477538359282316582e+00 1.784276337082481589e+01
-1.475980596120184396e+00 1.795795076574831128e+01
-1.474422832958052432e+00 1.857498870953577352e+01
-1.472865069795920245e+00 1.893985964259802657e+01
-1.471307306633788059e+00 1.946463927755932488e+01
-1.469749543471656095e+00 2.220555525828975263e+01
-1.468191780309523908e+00 2.149677795424517512e+01
-1.466634017147391722e+00 1.877060726786263700e+01
-1.465076253985259758e+00 1.961460119527420076e+01
-1.463518490823127571e+00 2.153645394734031626e+01
-1.461960727660995385e+00 2.130414994441733256e+01
-1.460402964498863199e+00 2.106145082264544044e+01
-1.458845201336731234e+00 2.241047995236457879e+01
-1.457287438174599048e+00 2.201573554163098123e+01
-1.455729675012466862e+00 2.153417844499785261e+01
-1.454171911850334897e+00 2.118234635198193416e+01
-1.452614148688202711e+00 2.190594120194418082e+01
-1.451056385526070525e+00 2.617838128238226147e+01
-1.449498622363938560e+00 1.801565648531475361e+01
-1.447940859201806374e+00 1.620050401575859311e+01
-1.446383096039674188e+00 1.752144142186604370e+01
-1.444825332877542001e+00 1.801232325453715788e+01
-1.443267569715410037e+00 1.600256988892208554e+01
-1.441709806553277851e+00 1.594402014714595062e+01
-1.440152043391145664e+00 2.318441583555495100e+01
-1.438594280229013700e+00 2.229220578184854418e+01
-1.437036517066881514e+00 1.356406832912477611e+01
-1.435478753904749327e+00 1.621709739523620897e+01
-1.433920990742617141e+00 1.661656704093334014e+01
-1.432363227580485177e+00 1.645987200785388183e+01
-1.430805464418352990e+00 1.873040684501073017e+01
-1.429247701256220804e+00 1.985097863174577171e+01
-1.427689938094088840e+00 1.713018842027959820e+01
-1.426132174931956653e+00 1.872832369745621861e+01
-1.424574411769824467e+00 1.933668769299616130e+01
-1.423016648607692503e+00 1.831689697246146764e+01
-1.421458885445560316e+00 2.002328010599313046e+01
-1.419901122283428130e+00 1.639248757042170368e+01
-1.418343359121295943e+00 1.430325573985823695e+01
-1.416785595959163979e+00 1.682020978235238218e+01
-1.415227832797031793e+00 2.068943176857843724e+01
-1.413670069634899606e+00 2.046724812704885821e+01
-1.412112306472767642e+00 2.088555223222268964e+01
-1.410554543310635456e+00 1.917519550201714296e+01
-1.408996780148503269e+00 1.372659037407666105e+01
-1.407439016986371305e+00 1.956770521187998213e+01
-1.405881253824239119e+00 1.687780147845343137e+01
-1.404323490662106932e+00 1.676277190382182880e+01
-1.402765727499974746e+00 1.803024799157882541e+01
-1.401207964337842782e+00 1.856098238334925554e+01
-1.399650201175710595e+00 1.854292361345664730e+01
-1.398092438013578409e+00 1.923709112807428312e+01
-1.396534674851446445e+00 2.185056873352944962e+01
-1.394976911689314258e+00 2.654970508900597181e+01
-1.393419148527182072e+00 1.971768895726801318e+01
-1.391861385365049886e+00 1.672694201521193591e+01
-1.390303622202917921e+00 1.895975695729816835e+01
-1.388745859040785735e+00 1.955704354551845725e+01
-1.387188095878653549e+00 1.795255893859512497e+01
-1.385630332716521584e+00 1.881373101341017318e+01
-1.384072569554389398e+00 2.495902022284832000e+01
-1.382514806392257212e+00 2.857205232935528727e+01
-1.380957043230125247e+00 2.439278756120370062e+01
-1.379399280067993061e+00 1.784447188503544268e+01
-1.377841516905860875e+00 1.834323328300752109e+01
-1.376283753743728688e+00 1.926633101377754187e+01
-1.374725990581596724e+00 1.615840134944220097e+01
-1.373168227419464538e+00 1.692187560186449247e+01
-1.371610464257332351e+00 1.815176324721424450e+01
-1.370052701095200387e+00 1.701907674323351927e+01
-1.368494937933068201e+00 1.633899392242620152e+01
-1.366937174770936014e+00 1.689829923317674343e+01
-1.365379411608803828e+00 1.916075980907636023e+01
-1.363821648446671864e+00 2.021213437773277377e+01
-1.362263885284539677e+00 2.345189356235999512e+01
-1.360706122122407491e+00 2.059846580287392115e+01
-1.359148358960275527e+00 1.778409891455039826e+01
-1.357590595798143340e+00 1.807002198913327362e+01
-1.356032832636011154e+00 1.780591503272916754e+01
-1.354475069473879190e+00 1.701730336823291623e+01
-1.352917306311747003e+00 1.905402929819744529e+01
-1.351359543149614817e+00 1.859330859311106821e+01
-1.349801779987482631e+00 1.620158784090632409e+01
-1.348244016825350666e+00 1.738567817155517758e+01
-1.346686253663218480e+00 1.921268395931081940e+01
-1.345128490501086294e+00 1.788744999105923839e+01
-1.343570727338954329e+00 1.919138086749279992e+01
-1.342012964176822143e+00 2.164084059281627503e+01
-1.340455201014689957e+00 2.116673581225088796e+01
-1.338897437852557992e+00 1.991987717559075577e+01
-1.337339674690425806e+00 1.919748018110496091e+01
-1.335781911528293620e+00 1.784175475897079011e+01
-1.334224148366161433e+00 1.649898697665024372e+01
-1.332666385204029469e+00 1.723865516234700834e+01
-1.331108622041897283e+00 2.052318451881311745e+01
-1.329550858879765096e+00 2.183572312882756350e+01
-1.327993095717633132e+00 2.277144486746275120e+01
-1.326435332555500946e+00 2.451838199224338766e+01
-1.324877569393368759e+00 1.990983578706455503e+01
-1.323319806231236573e+00 1.747820951555842584e+01
-1.321762043069104609e+00 1.847893758030303246e+01
-1.320204279906972422e+00 1.976007708165785104e+01
-1.318646516744840236e+00 2.089865500889738925e+01
-1.317088753582708271e+00 2.097899079840664527e+01
-1.315530990420576085e+00 1.761831337068724324e+01
-1.313973227258443899e+00 1.770602287134595798e+01
-1.312415464096311934e+00 1.870331914064546908e+01
-1.310857700934179748e+00 1.934412645621566185e+01
-1.309299937772047562e+00 2.371178548307549860e+01
-1.307742174609915375e+00 1.975687655820782140e+01
-1.306184411447783411e+00 1.987602753922469390e+01
-1.304626648285651225e+00 2.069569763643852411e+01
-1.303068885123519038e+00 2.113814229764815167e+01
-1.301511121961387074e+00 2.294548555273880552e+01
-1.299953358799254888e+00 2.497738468930529265e+01
-1.298395595637122701e+00 1.940885402365660539e+01
-1.296837832474990737e+00 1.660917333183020261e+01
-1.295280069312858551e+00 2.255250407748447117e+01
-1.293722306150726364e+00 1.675505275564098184e+01
-1.292164542988594178e+00 2.317611572362002548e+01
-1.290606779826462214e+00 2.004617826959311344e+01
-1.289049016664330027e+00 1.941443019009256332e+01
-1.287491253502197841e+00 1.958089957985070484e+01
-1.285933490340065877e+00 1.937436204653250016e+01
-1.284375727177933690e+00 2.178471103922026231e+01
-1.282817964015801504e+00 2.422302240490246206e+01
-1.281260200853669318e+00 1.947318825666620512e+01
-1.279702437691537353e+00 1.818840841903418948e+01
-1.278144674529405167e+00 2.208819144261170564e+01
-1.276586911367272981e+00 1.793867592841726122e+01
-1.275029148205141016e+00 1.780796044979021886e+01
-1.273471385043008830e+00 1.828244373461529548e+01
-1.271913621880876644e+00 1.783874795312094719e+01
-1.270355858718744679e+00 1.975745424023201124e+01
-1.268798095556612493e+00 2.152563234557503336e+01
-1.267240332394480307e+00 2.032871334894468163e+01
-1.265682569232348120e+00 2.029429358020519558e+01
-1.264124806070216156e+00 1.786124254875034367e+01
-1.262567042908083970e+00 2.236119750235590331e+01
-1.261009279745951783e+00 2.127917867325864520e+01
-1.259451516583819819e+00 2.015391452037930620e+01
-1.257893753421687633e+00 2.196220391010374229e+01
-1.256335990259555446e+00 2.308520602782046183e+01
-1.254778227097423482e+00 1.737631493959755602e+01
-1.253220463935291296e+00 1.301763658704183158e+01
-1.251662700773159109e+00 1.928115790113133343e+01
-1.250104937611026923e+00 1.947842500431972823e+01
-1.248547174448894959e+00 2.046097776721682138e+01
-1.246989411286762772e+00 1.667432620920193642e+01
-1.245431648124630586e+00 1.803353408712808204e+01
-1.243873884962498622e+00 1.970736960122799886e+01
-1.242316121800366435e+00 1.737224073432551918e+01
-1.240758358638234249e+00 1.835235646882674487e+01
-1.239200595476102063e+00 2.131404929456781971e+01
-1.237642832313970098e+00 1.892952674884315201e+01
-1.236085069151837912e+00 1.918113230175712758e+01
-1.234527305989705726e+00 2.916354400170675376e+01
-1.232969542827573761e+00 2.179094211752945398e+01
-1.231411779665441575e+00 2.030449742863874718e+01
-1.229854016503309388e+00 1.798962258601387632e+01
-1.228296253341177424e+00 1.857213566106199565e+01
-1.226738490179045238e+00 2.258061640066995324e+01
-1.225180727016913051e+00 2.130501574651933083e+01
-1.223622963854780865e+00 1.719626029688061664e+01
-1.222065200692648901e+00 1.950465995829046051e+01
-1.220507437530516714e+00 1.853929720833168915e+01
-1.218949674368384528e+00 1.727951027408891704e+01
-1.217391911206252564e+00 1.730338802920449481e+01
-1.215834148044120377e+00 2.399553259958276286e+01
-1.214276384881988191e+00 2.232010835672339155e+01
-1.212718621719856005e+00 1.881453441864856657e+01
-1.211160858557724040e+00 1.977679185344075208e+01
-1.209603095395591854e+00 1.850611161860290466e+01
-1.208045332233459668e+00 1.885164606660953268e+01
-1.206487569071327703e+00 2.103128299493642928e+01
-1.204929805909195517e+00 2.270190144947672550e+01
-1.203372042747063331e+00 2.637198256607333491e+01
-1.201814279584931366e+00 1.924797714720777009e+01
-1.200256516422799180e+00 2.035350239868183664e+01
-1.198698753260666994e+00 1.987232322000857110e+01
-1.197140990098534807e+00 1.875954589926437066e+01
-1.195583226936402843e+00 2.063792790949566935e+01
-1.194025463774270657e+00 2.236759363251992028e+01
-1.192467700612138470e+00 2.102084977326002502e+01
-1.190909937450006506e+00 1.718943790045070230e+01
-1.189352174287874320e+00 2.019521095804499566e+01
-1.187794411125742133e+00 2.319365471463732220e+01
-1.186236647963609947e+00 2.265747677555782502e+01
-1.184678884801477761e+00 1.953963214009668192e+01
-1.183121121639346018e+00 1.725546318042827210e+01
-1.181563358477213832e+00 1.709371066224088764e+01
-1.180005595315081646e+00 1.677846440904603753e+01
-1.178447832152949459e+00 1.919801759235538441e+01
-1.176890068990817273e+00 1.803709239532317099e+01
-1.175332305828685087e+00 1.743653786464184918e+01
-1.173774542666552900e+00 2.488768238487441664e+01
-1.172216779504421158e+00 1.996332614147952000e+01
-1.170659016342288972e+00 2.112510651946208995e+01
-1.169101253180156785e+00 2.136577052598576287e+01
-1.167543490018024599e+00 2.008641073265054189e+01
-1.165985726855892413e+00 2.228322998069974403e+01
-1.164427963693760226e+00 2.238685025018302710e+01
-1.162870200531628040e+00 1.745543462258023126e+01
-1.161312437369496298e+00 2.263250649511547508e+01
-1.159754674207364111e+00 1.822731262986976120e+01
-1.158196911045231925e+00 2.173625934542465288e+01
-1.156639147883099739e+00 2.000373131775526403e+01
-1.155081384720967552e+00 2.194751299694144819e+01
-1.153523621558835366e+00 2.053287056121334331e+01
-1.151965858396703624e+00 1.944142999141213934e+01
-1.150408095234571437e+00 1.954213222471767963e+01
-1.148850332072439251e+00 1.987871015188013502e+01
-1.147292568910307065e+00 2.134753660249392837e+01
-1.145734805748174878e+00 2.071361467797019174e+01
-1.144177042586042692e+00 2.253832134583033664e+01
-1.142619279423910505e+00 2.216032357756179749e+01
-1.141061516261778763e+00 2.264615870154310429e+01
-1.139503753099646577e+00 2.590360621948251918e+01
-1.137945989937514391e+00 2.511537100422523494e+01
-1.136388226775382204e+00 2.208990486803071818e+01
-1.134830463613250018e+00 1.993124002846520426e+01
-1.133272700451117831e+00 1.996089282725353442e+01
-1.131714937288985645e+00 1.883601380835145989e+01
-1.130157174126853903e+00 1.912875240529519871e+01
-1.128599410964721717e+00 2.129904062315932833e+01
-1.127041647802589530e+00 2.160956126481639572e+01
-1.125483884640457344e+00 2.213824911424331887e+01
-1.123926121478325157e+00 2.267230624305075892e+01
-1.122368358316192971e+00 2.185196033845782893e+01
-1.120810595154060785e+00 2.268888390299895619e+01
-1.119252831991929042e+00 2.323211748702902568e+01
-1.117695068829796856e+00 1.916144890734247852e+01
-1.116137305667664670e+00 1.790033033186476530e+01
-1.114579542505532483e+00 1.946027312420813615e+01
-1.113021779343400297e+00 1.859160467069866485e+01
-1.111464016181268111e+00 2.233975475039108005e+01
-1.109906253019136368e+00 2.330150246648455692e+01
-1.108348489857004182e+00 2.066118820378211041e+01
-1.106790726694871996e+00 2.027563908883805510e+01
-1.105232963532739809e+00 1.914495656937481627e+01
-1.103675200370607623e+00 1.539514054263076304e+01
-1.102117437208475437e+00 2.055231016730525795e+01
-1.100559674046343250e+00 1.857008225891022235e+01
-1.099001910884211508e+00 2.098677566194090005e+01
-1.097444147722079322e+00 2.058822863288227012e+01
-1.095886384559947135e+00 1.707577279654653424e+01
-1.094328621397814949e+00 1.817339728813196942e+01
-1.092770858235682763e+00 2.110900530595228375e+01
-1.091213095073550576e+00 2.291355254597855406e+01
-1.089655331911418390e+00 2.387997023825747434e+01
-1.088097568749286648e+00 2.377662838198113349e+01
-1.086539805587154461e+00 2.225744390153348817e+01
-1.084982042425022275e+00 2.412480287652779865e+01
-1.083424279262890089e+00 2.616778917334037047e+01
-1.081866516100757902e+00 2.431864366361575946e+01
-1.080308752938625716e+00 1.824325893890930672e+01
-1.078750989776493530e+00 1.450965746876205742e+01
-1.077193226614361787e+00 1.731004270073439599e+01
-1.075635463452229601e+00 2.070117001457788319e+01
-1.074077700290097415e+00 2.008863177821528012e+01
-1.072519937127965228e+00 2.234085814602185138e+01
-1.070962173965833042e+00 2.459275000579858883e+01
-1.069404410803700856e+00 1.853023658117983885e+01
-1.067846647641569113e+00 2.118370840817132361e+01
-1.066288884479436927e+00 2.137073775138775034e+01
-1.064731121317304741e+00 1.935514463271228891e+01
-1.063173358155172554e+00 2.181344417929231128e+01
-1.061615594993040368e+00 2.497611100628678216e+01
-1.060057831830908182e+00 2.145438384226212136e+01
-1.058500068668775995e+00 1.809493889018294155e+01
-1.056942305506644253e+00 2.378716428977481101e+01
-1.055384542344512067e+00 2.391635260730316759e+01
-1.053826779182379880e+00 1.983587230264781454e+01
-1.052269016020247694e+00 1.889521961005022277e+01
-1.050711252858115508e+00 2.242401630950103808e+01
-1.049153489695983321e+00 2.578694057354078240e+01
-1.047595726533851135e+00 2.497212422969212398e+01
-1.046037963371719393e+00 2.082673413993282807e+01
-1.044480200209587206e+00 2.038581228583637639e+01
-1.042922437047455020e+00 2.254435952107432684e+01
-1.041364673885322834e+00 2.431907819057778752e+01
-1.039806910723190647e+00 2.561896818776682139e+01
-1.038249147561058461e+00 2.692688023954142551e+01
-1.036691384398926274e+00 1.972392150883423767e+01
-1.035133621236794532e+00 1.679722903116021016e+01
-1.033575858074662346e+00 1.850932354927379109e+01
-1.032018094912530159e+00 1.944788714369144245e+01
-1.030460331750397973e+00 1.851659453188316107e+01
-1.028902568588265787e+00 1.901567504893574423e+01
-1.027344805426133600e+00 2.092236520267990230e+01
-1.025787042264001858e+00 2.289738932777931879e+01
-1.024229279101869672e+00 2.133654725854007239e+01
-1.022671515939737485e+00 1.627682680715287944e+01
-1.021113752777605299e+00 1.969021392168701112e+01
-1.019555989615473113e+00 1.954721400166993206e+01
-1.017998226453340926e+00 2.474190130897065742e+01
-1.016440463291208740e+00 2.557922254872764967e+01
-1.014882700129076998e+00 2.113170415175498462e+01
-1.013324936966944811e+00 2.257302661995712612e+01
-1.011767173804812625e+00 2.409805873917758134e+01
-1.010209410642680439e+00 2.323429822138256640e+01
-1.008651647480548252e+00 2.425299794480162419e+01
-1.007093884318416066e+00 2.037516726319741878e+01
-1.005536121156283880e+00 1.735374914077367592e+01
-1.003978357994152137e+00 1.949872793711825736e+01
-1.002420594832019951e+00 2.113567564270971744e+01
-1.000862831669887765e+00 2.275745784192610088e+01
-9.993050685077555784e-01 2.429739833840770302e+01
-9.977473053456233920e-01 2.633482139211891848e+01
-9.961895421834912057e-01 2.691784252694534274e+01
-9.946317790213590193e-01 2.631226453276007504e+01
-9.930740158592272770e-01 2.718223268458326558e+01
-9.915162526970950907e-01 2.495163605510520455e+01
-9.899584895349629043e-01 1.967737515273819326e+01
-9.884007263728307180e-01 2.259799683067044285e+01
-9.868429632106985316e-01 2.127459101259179519e+01
-9.852852000485663453e-01 2.116778424224617439e+01
-9.837274368864341589e-01 2.306876219978764553e+01
-9.821696737243024167e-01 2.255878737482325036e+01
-9.806119105621702303e-01 2.210465746143629318e+01
-9.790541474000380440e-01 2.224631171690095499e+01
-9.774963842379058576e-01 2.018643111290931103e+01
-9.759386210757736713e-01 1.738692939707060603e+01
-9.743808579136414849e-01 1.812425748933760161e+01
-9.728230947515097427e-01 1.859248086345080253e+01
-9.712653315893775563e-01 2.465830624663703574e+01
-9.697075684272453699e-01 2.189251223316083994e+01
-9.681498052651131836e-01 2.138134816816762296e+01
-9.665920421029809972e-01 1.535660484914332358e+01
-9.650342789408488109e-01 1.630306487045474384e+01
-9.634765157787166245e-01 2.289995009026333150e+01
-9.619187526165848823e-01 2.397642218706711503e+01
-9.603609894544526959e-01 2.000499163385234880e+01
-9.588032262923205096e-01 2.092946404147605932e+01
-9.572454631301883232e-01 2.428760279846881076e+01
-9.556876999680561369e-01 2.204846989584973116e+01
-9.541299368059239505e-01 2.013828009849874334e+01
-9.525721736437917642e-01 1.974358084477322350e+01
-9.510144104816600219e-01 1.977270323932549445e+01
-9.494566473195278355e-01 2.098067540833498512e+01
-9.478988841573956492e-01 2.218077143876339363e+01
-9.463411209952634628e-01 2.088070866958996419e+01
-9.447833578331312765e-01 2.249789456050624636e+01
-9.432255946709990901e-01 2.021598894832380466e+01
-9.416678315088669038e-01 1.746885015306707700e+01
-9.401100683467351615e-01 2.243369822784936218e+01
-9.385523051846029752e-01 2.988682806826393090e+01
-9.369945420224707888e-01 2.725130884421901101e+01
-9.354367788603386025e-01 2.422942624465860462e+01
-9.338790156982064161e-01 2.391040057833849986e+01
-9.323212525360742298e-01 2.323006038889482028e+01
-9.307634893739424875e-01 2.090192079759306409e+01
-9.292057262118103012e-01 1.761181532234489211e+01
-9.276479630496781148e-01 1.830927967996665018e+01
-9.260901998875459284e-01 1.499376996151450214e+01
-9.245324367254137421e-01 2.334666801536362257e+01
-9.229746735632815557e-01 2.581026596766628600e+01
-9.214169104011493694e-01 2.453751864316123132e+01
-9.198591472390176271e-01 2.266750808753653246e+01
-9.183013840768854408e-01 2.382694054412597495e+01
-9.167436209147532544e-01 2.303069734324156315e+01
-9.151858577526210681e-01 1.979426469661039434e+01
-9.136280945904888817e-01 1.926755454178144689e+01
-9.120703314283566954e-01 1.804828684647821291e+01
-9.105125682662245090e-01 2.195880469228089638e+01
-9.089548051040927668e-01 2.726708510095951610e+01
-9.073970419419605804e-01 2.468078327907991465e+01
-9.058392787798283941e-01 2.572262107546167087e+01
-9.042815156176962077e-01 2.469295785208557703e+01
-9.027237524555640213e-01 2.115332013795388022e+01
-9.011659892934318350e-01 1.971270043042826003e+01
-8.996082261312996486e-01 1.824130184427390233e+01
-8.980504629691679064e-01 1.888199458794946395e+01
-8.964926998070357200e-01 2.739813216438436072e+01
-8.949349366449035337e-01 2.168453931867649587e+01
-8.933771734827713473e-01 2.402083779277192832e+01
-8.918194103206391610e-01 2.437296781732653628e+01
-8.902616471585069746e-01 2.522655512227516539e+01
-8.887038839963752324e-01 2.507906547705410816e+01
-8.871461208342430460e-01 2.469906105619092429e+01
-8.855883576721108597e-01 2.270557584179912425e+01
-8.840305945099786733e-01 2.267988004759474663e+01
-8.824728313478464869e-01 2.546906572100209942e+01
-8.809150681857143006e-01 2.158469706793421139e+01
-8.793573050235821142e-01 2.180028220113154092e+01
-8.777995418614503720e-01 2.348833235519714080e+01
-8.762417786993181856e-01 2.247169238422146620e+01
-8.746840155371859993e-01 1.846993562841588243e+01
-8.731262523750538129e-01 1.703058221991299348e+01
-8.715684892129216266e-01 1.983726345644215883e+01
-8.700107260507894402e-01 1.981951318811057661e+01
-8.684529628886572539e-01 1.597180562312585117e+01
-8.668951997265255116e-01 2.342623329858362524e+01
-8.653374365643933253e-01 2.945754978432763949e+01
-8.637796734022611389e-01 2.156211963518688890e+01
-8.622219102401289526e-01 2.137303141232966297e+01
-8.606641470779967662e-01 2.666791855922439325e+01
-8.591063839158645798e-01 2.739058133570410902e+01
-8.575486207537323935e-01 2.357621070412687558e+01
-8.559908575916006512e-01 2.235934488099093187e+01
-8.544330944294684649e-01 2.744239199083522962e+01
-8.528753312673362785e-01 3.234228225319256467e+01
-8.513175681052040922e-01 3.004782164921950738e+01
-8.497598049430719058e-01 2.114463035782573286e+01
-8.482020417809397195e-01 2.304118757917994742e+01
-8.466442786188079772e-01 2.704086123120129415e+01
-8.450865154566757909e-01 2.444790774124878752e+01
-8.435287522945436045e-01 2.579793209852584468e+01
-8.419709891324114182e-01 2.805885934818270400e+01
-8.404132259702792318e-01 2.925176356302615588e+01
-8.388554628081470455e-01 2.913322868880509731e+01
-8.372976996460148591e-01 2.801389659103349672e+01
-8.357399364838831168e-01 2.469087693210747503e+01
-8.341821733217509305e-01 2.270774037778419796e+01
-8.326244101596187441e-01 2.363513772894884823e+01
-8.310666469974865578e-01 2.263627378108260046e+01
-8.295088838353543714e-01 2.597209773210060035e+01
-8.279511206732221851e-01 2.604025953636713808e+01
-8.263933575110899987e-01 2.618038705306284797e+01
-8.248355943489582565e-01 2.438185822807679060e+01
-8.232778311868260701e-01 2.066606320294049581e+01
-8.217200680246938838e-01 2.080298615817878982e+01
-8.201623048625616974e-01 1.938399003363585393e+01
-8.186045417004295111e-01 2.388599258119387514e+01
-8.170467785382973247e-01 2.418886521761161745e+01
-8.154890153761651383e-01 2.951890663567503026e+01
-8.139312522140333961e-01 2.730627557029538366e+01
-8.123734890519012097e-01 2.544899166279695280e+01
-8.108157258897690234e-01 2.420671422894661262e+01
-8.092579627276368370e-01 2.493734868787910486e+01
-8.077001995655046507e-01 2.671141453724397152e+01
-8.061424364033724643e-01 2.743056384853008112e+01
-8.045846732412407221e-01 2.562893406932582252e+01
-8.030269100791085357e-01 2.506154873660848637e+01
-8.014691469169763494e-01 2.422753350238793146e+01
-7.999113837548441630e-01 2.721942623005403306e+01
-7.983536205927119767e-01 2.974272587853917216e+01
-7.967958574305797903e-01 2.652321734045180790e+01
-7.952380942684476040e-01 2.865606294466383730e+01
-7.936803311063158617e-01 2.801336337161913903e+01
-7.921225679441836753e-01 2.336692183063232875e+01
-7.905648047820514890e-01 2.244047764987758597e+01
-7.890070416199193026e-01 2.457980799812640171e+01
-7.874492784577871163e-01 2.529636536104608879e+01
-7.858915152956549299e-01 2.371643772054036958e+01
-7.843337521335227436e-01 2.621945318129809976e+01
-7.827759889713910013e-01 2.371465310809120197e+01
-7.812182258092588150e-01 2.333826203811067401e+01
-7.796604626471266286e-01 2.341272986084093688e+01
-7.781026994849944423e-01 2.305960191111726942e+01
-7.765449363228622559e-01 2.387191036063719096e+01
-7.749871731607300696e-01 2.450641205457279170e+01
-7.734294099985978832e-01 2.301527040344372566e+01
-7.718716468364661409e-01 2.530404023394104840e+01
-7.703138836743339546e-01 2.639036184378766592e+01
-7.687561205122017682e-01 2.572083774882760565e+01
-7.671983573500695819e-01 3.167386510521110665e+01
-7.656405941879373955e-01 2.992857117521338139e+01
-7.640828310258052092e-01 2.914477256324114762e+01
-7.625250678636734669e-01 2.737646385141061600e+01
-7.609673047015412806e-01 2.349663053050274897e+01
-7.594095415394090942e-01 2.358369877854944008e+01
-7.578517783772769079e-01 2.604592740159588260e+01
-7.562940152151447215e-01 2.494061880889301364e+01
-7.547362520530125352e-01 2.308607383854769424e+01
-7.531784888908803488e-01 2.691390595056484614e+01
-7.516207257287486065e-01 2.583666323885759653e+01
-7.500629625666164202e-01 2.824812481185988133e+01
-7.485051994044842338e-01 2.661850544537183083e+01
-7.469474362423520475e-01 2.557465180809251848e+01
-7.453896730802198611e-01 2.573516903428607705e+01
-7.438319099180876748e-01 2.383528466820944303e+01
-7.422741467559554884e-01 2.065230865194571663e+01
-7.407163835938237462e-01 2.270403056636838102e+01
-7.391586204316915598e-01 2.577579312094408337e+01
-7.376008572695593735e-01 2.875096617600992488e+01
-7.360430941074271871e-01 2.531857916253131435e+01
-7.344853309452950008e-01 2.782257491113295345e+01
-7.329275677831628144e-01 2.997893336231391714e+01
-7.313698046210306281e-01 2.997645284842841562e+01
-7.298120414588988858e-01 3.366712929322816450e+01
-7.282542782967666994e-01 3.524978634670911504e+01
-7.266965151346345131e-01 2.961224375605526049e+01
-7.251387519725023267e-01 2.457366093482632508e+01
-7.235809888103701404e-01 2.677143080612031056e+01
-7.220232256482379540e-01 2.563867616191939902e+01
-7.204654624861057677e-01 2.533944360315362943e+01
-7.189076993239740254e-01 2.740098057266310150e+01
-7.173499361618418391e-01 2.859157606529006657e+01
-7.157921729997096527e-01 3.083719626129063229e+01
-7.142344098375774664e-01 2.964351029714810792e+01
-7.126766466754452800e-01 2.934039520529788447e+01
-7.111188835133130937e-01 2.935098817507379465e+01
-7.095611203511813514e-01 3.099074236172684849e+01
-7.080033571890491650e-01 3.376927235441488762e+01
-7.064455940269169787e-01 3.041441757116611910e+01
-7.048878308647847923e-01 3.368271665798755521e+01
-7.033300677026526060e-01 3.225016650807758367e+01
-7.017723045405204196e-01 3.259848069684120020e+01
-7.002145413783882333e-01 3.014138468990148922e+01
-6.986567782162564910e-01 2.430045937808042211e+01
-6.970990150541243047e-01 2.561997595852259835e+01
-6.955412518919921183e-01 3.034971795605274636e+01
-6.939834887298599320e-01 3.193358145209366938e+01
-6.924257255677277456e-01 3.094500574460672837e+01
-6.908679624055955593e-01 2.564310490187088831e+01
-6.893101992434633729e-01 2.198648240251937835e+01
-6.877524360813316306e-01 2.589007848484516217e+01
-6.861946729191994443e-01 3.087870913584752230e+01
-6.846369097570672579e-01 3.330382243471823500e+01
-6.830791465949350716e-01 3.386335603773688518e+01
-6.815213834328028852e-01 3.381518467401303241e+01
-6.799636202706706989e-01 3.088868179976739725e+01
-6.784058571085385125e-01 2.985810833439949263e+01
-6.768480939464067703e-01 3.188306212397703732e+01
-6.752903307842745839e-01 3.077188413608661932e+01
-6.737325676221423976e-01 2.350675194055096640e+01
-6.721748044600102112e-01 3.049872216871450803e+01
-6.706170412978780249e-01 3.283537926802305407e+01
-6.690592781357458385e-01 3.156727593779543639e+01
-6.675015149736140962e-01 2.752468959229380019e+01
-6.659437518114819099e-01 2.940722506723293250e+01
-6.643859886493497235e-01 3.137378016656048274e+01
-6.628282254872175372e-01 2.926861057140334665e+01
-6.612704623250853508e-01 2.945741682636274916e+01
-6.597126991629531645e-01 3.453497948791776651e+01
-6.581549360008209781e-01 3.942864044271464508e+01
-6.565971728386892359e-01 3.301048807371984140e+01
-6.550394096765570495e-01 2.778850962316919748e+01
-6.534816465144248632e-01 2.815578783760044601e+01
-6.519238833522926768e-01 2.958923435856016937e+01
-6.503661201901604905e-01 3.225830938166109974e+01
-6.488083570280283041e-01 3.542186239928975766e+01
-6.472505938658961178e-01 3.565324015110558520e+01
-6.456928307037643755e-01 3.368551876761507913e+01
-6.441350675416321891e-01 3.221103364611350628e+01
-6.425773043795000028e-01 3.004317783085949856e+01
-6.410195412173678164e-01 2.811572067409699116e+01
-6.394617780552356301e-01 3.123771353334435474e+01
-6.379040148931034437e-01 3.133156775335887190e+01
-6.363462517309712574e-01 3.240995924599744171e+01
-6.347884885688395151e-01 3.230401339873404254e+01
-6.332307254067073288e-01 3.633099901190704628e+01
-6.316729622445751424e-01 3.385363368613896284e+01
-6.301151990824429561e-01 3.316690440769369275e+01
-6.285574359203107697e-01 3.618618624771067260e+01
-6.269996727581785834e-01 3.206219048752649314e+01
-6.254419095960468411e-01 3.126410704017077791e+01
-6.238841464339146548e-01 4.235879133348292669e+01
-6.223263832717824684e-01 3.194594978641907446e+01
-6.207686201096502820e-01 3.553054607770752682e+01
-6.192108569475180957e-01 3.203923959836077984e+01
-6.176530937853859093e-01 3.175956676052366845e+01
-6.160953306232537230e-01 3.336128822398333682e+01
-6.145375674611219807e-01 3.578247619210307562e+01
-6.129798042989897944e-01 3.772297877227291707e+01
-6.114220411368576080e-01 4.078431635382796117e+01
-6.098642779747254217e-01 4.357965600353942648e+01
-6.083065148125932353e-01 3.886328864923673621e+01
-6.067487516504610490e-01 3.854010877227525356e+01
-6.051909884883288626e-01 3.497339976581087484e+01
-6.036332253261971204e-01 3.517322450717336579e+01
-6.020754621640649340e-01 3.596460336456602391e+01
-6.005176990019327476e-01 3.383440817612193996e+01
-5.989599358398005613e-01 3.505300542290042642e+01
-5.974021726776683749e-01 3.709681649855988184e+01
-5.958444095155361886e-01 3.682228681134649406e+01
-5.942866463534040022e-01 4.027734415535742585e+01
-5.927288831912722600e-01 4.124481866212378378e+01
-5.911711200291400736e-01 3.089415814215766432e+01
-5.896133568670078873e-01 3.459394659019252316e+01
-5.880555937048757009e-01 3.263540970979537548e+01
-5.864978305427435146e-01 3.656013576771410101e+01
-5.849400673806113282e-01 3.659630274660394633e+01
-5.833823042184795860e-01 3.628207178475341976e+01
-5.818245410563473996e-01 4.090591148485015083e+01
-5.802667778942152133e-01 4.771517325407803156e+01
-5.787090147320830269e-01 4.438919981811731219e+01
-5.771512515699508405e-01 3.688262050387258739e+01
-5.755934884078186542e-01 4.329679269903999739e+01
-5.740357252456864678e-01 4.651230086802286223e+01
-5.724779620835547256e-01 4.388768772602019652e+01
-5.709201989214225392e-01 4.707077054772247493e+01
-5.693624357592903529e-01 4.539414637967529131e+01
-5.678046725971581665e-01 4.008791722466548890e+01
-5.662469094350259802e-01 3.776183621801573054e+01
-5.646891462728937938e-01 4.040755047187931837e+01
-5.631313831107616075e-01 4.605545907856491539e+01
-5.615736199486298652e-01 4.987872037574511808e+01
-5.600158567864976789e-01 4.805199752932761470e+01
-5.584580936243654925e-01 5.052763944981385436e+01
-5.569003304622333062e-01 4.360293090810728245e+01
-5.553425673001011198e-01 4.408248997348257348e+01
-5.537848041379689334e-01 4.614255745216804172e+01
-5.522270409758367471e-01 4.670949874527050127e+01
-5.506692778137050048e-01 4.582785121008026863e+01
-5.491115146515728185e-01 4.988715396950184555e+01
-5.475537514894406321e-01 5.096980909322689968e+01
-5.459959883273084458e-01 4.629088534408886346e+01
-5.444382251651762594e-01 4.904330676257648491e+01
-5.428804620030440731e-01 5.102184819343730737e+01
-5.413226988409123308e-01 4.556053852664181392e+01
-5.397649356787801445e-01 4.766494834993889640e+01
-5.382071725166479581e-01 4.472784105432114643e+01
-5.366494093545157718e-01 4.481868978203861786e+01
-5.350916461923835854e-01 4.885284551455976754e+01
-5.335338830302513990e-01 5.170684340043928984e+01
-5.319761198681192127e-01 4.978473420860137111e+01
-5.304183567059874704e-01 4.942054142416546370e+01
-5.288605935438552841e-01 5.419469811049435748e+01
-5.273028303817230977e-01 4.916726176122293168e+01
-5.257450672195909114e-01 5.305047308532980566e+01
-5.241873040574587250e-01 4.569948348666172677e+01
-5.226295408953265387e-01 5.724752061292835492e+01
-5.210717777331943523e-01 5.460681924545973942e+01
-5.195140145710626101e-01 5.640241228978699439e+01
-5.179562514089304237e-01 5.471143986489919087e+01
-5.163984882467982374e-01 5.281882389865052829e+01
-5.148407250846660510e-01 5.559194566496952206e+01
-5.132829619225338647e-01 5.757921192807685884e+01
-5.117251987604016783e-01 5.344085856187361117e+01
-5.101674355982694919e-01 5.282453500463098806e+01
-5.086096724361377497e-01 6.095319872537705663e+01
-5.070519092740055633e-01 5.639033094472412699e+01
-5.054941461118733770e-01 5.502890197038443176e+01
-5.039363829497411906e-01 5.159104866459666994e+01
-5.023786197876090043e-01 4.980093554761190688e+01
-5.008208566254768179e-01 4.738092207682259271e+01
-4.992630934633450757e-01 4.854076020811815084e+01
-4.977053303012128893e-01 5.192186631465129665e+01
-4.961475671390807030e-01 4.925921594988760432e+01
-4.945898039769485166e-01 5.430329269882168575e+01
-4.930320408148163303e-01 6.078582985096594626e+01
-4.914742776526841439e-01 5.764465379625703889e+01
-4.899165144905519576e-01 6.082500385324447478e+01
-4.883587513284202153e-01 6.327297429604090695e+01
-4.868009881662880289e-01 6.029506369898211204e+01
-4.852432250041558426e-01 6.374069610004371356e+01
-4.836854618420236562e-01 6.482188943943040726e+01
-4.821276986798914699e-01 5.705259560161301380e+01
-4.805699355177592835e-01 5.423321270518891168e+01
-4.790121723556270972e-01 5.915447566796268575e+01
-4.774544091934953549e-01 5.576604761457446102e+01
-4.758966460313631686e-01 5.362410833398625698e+01
-4.743388828692309822e-01 4.798210660692414109e+01
-4.727811197070987959e-01 4.983906434281019671e+01
-4.712233565449666095e-01 5.761661413513489549e+01
-4.696655933828344232e-01 6.347336448629356909e+01
-4.681078302207022368e-01 6.539808481739470380e+01
-4.665500670585704945e-01 6.832260534292507259e+01
-4.649923038964383082e-01 6.798139099925926132e+01
-4.634345407343061218e-01 6.706854115571194086e+01
-4.618767775721739355e-01 7.193662019503315719e+01
-4.603190144100417491e-01 5.942550272343477502e+01
-4.587612512479095628e-01 5.299684161468572796e+01
-4.572034880857778205e-01 5.660035881114080780e+01
-4.556457249236456342e-01 6.725092153982123477e+01
-4.540879617615134478e-01 7.399135844782098559e+01
-4.525301985993812615e-01 7.335235476172263702e+01
-4.509724354372490751e-01 7.027285117813059401e+01
-4.494146722751168888e-01 6.775389854871264106e+01
-4.478569091129847024e-01 6.822321388678200549e+01
-4.462991459508529601e-01 7.380178890010847681e+01
-4.447413827887207738e-01 8.192700374816308795e+01
-4.431836196265885874e-01 8.790390670151360553e+01
-4.416258564644564011e-01 8.496526665423330371e+01
-4.400680933023242147e-01 7.883515588272990726e+01
-4.385103301401920284e-01 8.770880984598929331e+01
-4.369525669780598420e-01 8.862040161173642616e+01
-4.353948038159280998e-01 8.893999163572372879e+01
-4.338370406537959134e-01 8.967294225942075059e+01
-4.322792774916637271e-01 8.996340545640887854e+01
-4.307215143295315407e-01 9.418158265232879955e+01
-4.291637511673993544e-01 9.954442239613182153e+01
-4.276059880052671680e-01 9.190817405612790481e+01
-4.260482248431349817e-01 9.306243685051512671e+01
-4.244904616810032394e-01 1.019577780311830111e+02
-4.229326985188710530e-01 1.010604872100905567e+02
-4.213749353567388667e-01 1.034330305374311507e+02
-4.198171721946066803e-01 9.944768107847036731e+01
-4.182594090324744940e-01 9.871121767917362888e+01
-4.167016458703423076e-01 1.017350090973663299e+02
-4.151438827082101213e-01 1.062251301303651019e+02
-4.135861195460783790e-01 1.109640754149061479e+02
-4.120283563839461927e-01 1.066838244520563990e+02
-4.104705932218140063e-01 1.228017530187649271e+02
-4.089128300596818200e-01 1.212624139301177735e+02
-4.073550668975496336e-01 1.195466715784349958e+02
-4.057973037354174473e-01 1.187588672755528734e+02
-4.042395405732857050e-01 1.191843049912933736e+02
-4.026817774111535186e-01 1.218380765796142526e+02
-4.011240142490213323e-01 1.244088600065816479e+02
-3.995662510868891459e-01 1.218552541927251127e+02
-3.980084879247569596e-01 1.203723417519067453e+02
-3.964507247626247732e-01 1.252704820967911985e+02
-3.948929616004925869e-01 1.368794559047531152e+02
-3.933351984383608446e-01 1.252668310413038029e+02
-3.917774352762286583e-01 1.272504849964726077e+02
-3.902196721140964719e-01 1.244532029963180690e+02
-3.886619089519642856e-01 1.251481740346018512e+02
-3.871041457898320992e-01 1.228636361702576210e+02
-3.855463826276999129e-01 1.276270724754026418e+02
-3.839886194655677265e-01 1.317034020395441871e+02
-3.824308563034359842e-01 1.292373204305316108e+02
-3.808730931413037979e-01 1.333173612051539578e+02
-3.793153299791716115e-01 1.390450072592394974e+02
-3.777575668170394252e-01 1.395391257905109228e+02
-3.761998036549072388e-01 1.406335093158656946e+02
-3.746420404927750525e-01 1.477371795640743812e+02
-3.730842773306428661e-01 1.541789491917374733e+02
-3.715265141685111239e-01 1.472334714668538140e+02
-3.699687510063789375e-01 1.437406518978299061e+02
-3.684109878442467512e-01 1.473322726653082952e+02
-3.668532246821145648e-01 1.442407620116524356e+02
-3.652954615199823785e-01 1.345537942768962694e+02
-3.637376983578501921e-01 1.340997116414938830e+02
-3.621799351957184498e-01 1.344243625382187588e+02
-3.606221720335862635e-01 1.497290744889388634e+02
-3.590644088714540771e-01 1.452337495980146116e+02
-3.575066457093218908e-01 1.423759335765620904e+02
-3.559488825471897044e-01 1.463792951726910303e+02
-3.543911193850575181e-01 1.460138107284068383e+02
-3.528333562229253317e-01 1.381558295793037416e+02
-3.512755930607935895e-01 1.333951565192497810e+02
-3.497178298986614031e-01 1.386584484028208806e+02
-3.481600667365292168e-01 1.453633181905728691e+02
-3.466023035743970304e-01 1.438183773610669505e+02
-3.450445404122648441e-01 1.437551647491368669e+02
-3.434867772501326577e-01 1.464780208156359720e+02
-3.419290140880004714e-01 1.399202934208182683e+02
-3.403712509258687291e-01 1.435337444872402273e+02
-3.388134877637365427e-01 1.447938398746860287e+02
-3.372557246016043564e-01 1.498611812013734834e+02
-3.356979614394721700e-01 1.473150840427999526e+02
-3.341401982773399837e-01 1.426292159793108851e+02
-3.325824351152077973e-01 1.462793293257282130e+02
-3.310246719530756110e-01 1.513208831962354850e+02
-3.294669087909438687e-01 1.499610758175561784e+02
-3.279091456288116824e-01 1.581025965839448588e+02
-3.263513824666794960e-01 1.656090638525054715e+02
-3.247936193045473097e-01 1.660391164259106063e+02
-3.232358561424151233e-01 1.630058844003757486e+02
-3.216780929802829370e-01 1.602333400213198615e+02
-3.201203298181511947e-01 1.674606793165972363e+02
-3.185625666560190083e-01 1.848419505843485808e+02
-3.170048034938868220e-01 1.929708398752040068e+02
-3.154470403317546356e-01 1.913718129885939732e+02
-3.138892771696224493e-01 2.030927708588369853e+02
-3.123315140074902629e-01 2.115959895476562451e+02
-3.107737508453580766e-01 2.185961364383691432e+02
-3.092159876832263343e-01 2.249016989783504528e+02
-3.076582245210941480e-01 2.247057717888347099e+02
-3.061004613589619616e-01 2.378857011832531612e+02
-3.045426981968297753e-01 2.491082923115966139e+02
-3.029849350346975889e-01 2.611635624193419858e+02
-3.014271718725654026e-01 2.725496588619059821e+02
-2.998694087104332162e-01 2.814716624015363209e+02
-2.983116455483014740e-01 2.882768170019151057e+02
-2.967538823861692876e-01 2.917407606024051461e+02
-2.951961192240371012e-01 3.132888984723610406e+02
-2.936383560619049149e-01 3.221935351080233545e+02
-2.920805928997727285e-01 3.380242005651639943e+02
-2.905228297376405422e-01 3.385947067520295946e+02
-2.889650665755083558e-01 3.601960235097292298e+02
-2.874073034133766136e-01 3.822546860415117180e+02
-2.858495402512444272e-01 3.836896197462164650e+02
-2.842917770891122409e-01 3.927463294954337130e+02
-2.827340139269800545e-01 4.296499560976916428e+02
-2.811762507648478682e-01 4.534203214566632028e+02
-2.796184876027156818e-01 4.523576611459654373e+02
-2.780607244405839396e-01 4.773786019692962554e+02
-2.765029612784517532e-01 4.820722231168156782e+02
-2.749451981163195669e-01 4.940672275448500841e+02
-2.733874349541873805e-01 4.960064231413163043e+02
-2.718296717920551941e-01 5.178858385435200944e+02
-2.702719086299230078e-01 5.437349951096701943e+02
-2.687141454677908214e-01 5.646198413430520304e+02
-2.671563823056590792e-01 5.844053169090763049e+02
-2.655986191435268928e-01 6.177835710972435663e+02
-2.640408559813947065e-01 6.494291740493147245e+02
-2.624830928192625201e-01 6.399462534226325943e+02
-2.609253296571303338e-01 6.682097732082982020e+02
-2.593675664949981474e-01 6.941372496966125709e+02
-2.578098033328659611e-01 7.104829602010311191e+02
-2.562520401707342188e-01 7.587082268356367649e+02
-2.546942770086020325e-01 7.813129224180941037e+02
-2.531365138464698461e-01 7.936335691968984065e+02
-2.515787506843376597e-01 8.078677104779183082e+02
-2.500209875222054734e-01 8.163359152888134531e+02
-2.484632243600732870e-01 8.350767622495010301e+02
-2.469054611979411007e-01 8.537853275602003578e+02
-2.453476980358093584e-01 8.679439466578679685e+02
-2.437899348736771721e-01 8.745046021617089309e+02
-2.422321717115449857e-01 8.753671597913122469e+02
-2.406744085494127994e-01 8.929865117420605429e+02
-2.391166453872806130e-01 9.086518683986425913e+02
-2.375588822251484267e-01 9.133319528557246940e+02
-2.360011190630166844e-01 9.019650685321947776e+02
-2.344433559008844981e-01 8.908556138695776099e+02
-2.328855927387523117e-01 9.012304893034179258e+02
-2.313278295766201254e-01 8.886616685694438047e+02
-2.297700664144879390e-01 8.727775947424858032e+02
-2.282123032523557526e-01 8.984305638900202666e+02
-2.266545400902235663e-01 9.251987518881098822e+02
-2.250967769280918240e-01 9.094802124784603166e+02
-2.235390137659596377e-01 9.117048881266689477e+02
-2.219812506038274513e-01 9.159861802139879501e+02
-2.204234874416952650e-01 9.059076138182530258e+02
-2.188657242795630786e-01 9.110028425524450313e+02
-2.173079611174308923e-01 9.303633787984599621e+02
-2.157501979552987059e-01 8.921465828310088000e+02
-2.141924347931669637e-01 8.900058453536826164e+02
-2.126346716310347773e-01 8.531856263505300149e+02
-2.110769084689025910e-01 8.564619080120764920e+02
-2.095191453067704046e-01 8.468190734351513811e+02
-2.079613821446382183e-01 8.344017706697901531e+02
-2.064036189825060319e-01 8.220491395065894267e+02
-2.048458558203738455e-01 8.096162311763589514e+02
-2.032880926582421033e-01 7.826469534780000004e+02
-2.017303294961099169e-01 7.603278125915585406e+02
-2.001725663339777306e-01 7.830013943293631655e+02
-1.986148031718455442e-01 7.651340765128142039e+02
-1.970570400097133579e-01 7.702250258656213191e+02
-1.954992768475811715e-01 7.643992126267255571e+02
-1.939415136854494293e-01 7.461313821083238054e+02
-1.923837505233172429e-01 7.305386176890216348e+02
-1.908259873611850566e-01 7.258361298285187786e+02
-1.892682241990528702e-01 7.191491460507053262e+02
-1.877104610369206839e-01 7.221831166040849439e+02
-1.861526978747884975e-01 7.456547880732770182e+02
-1.845949347126563111e-01 7.582009417319410431e+02
-1.830371715505245689e-01 7.815267927037235722e+02
-1.814794083883923825e-01 8.254797774761404980e+02
-1.799216452262601962e-01 8.519329290557657259e+02
-1.783638820641280098e-01 8.979309481039801994e+02
-1.768061189019958235e-01 9.443420469682030216e+02
-1.752483557398636371e-01 9.990401466685927971e+02
-1.736905925777314508e-01 1.050418361196240767e+03
-1.721328294155997085e-01 1.115590221947439431e+03
-1.705750662534675222e-01 1.197994298105570124e+03
-1.690173030913353358e-01 1.269554942247754525e+03
-1.674595399292031495e-01 1.390411294028186603e+03
-1.659017767670709631e-01 1.538798840442230812e+03
-1.643440136049387768e-01 1.664427145708290027e+03
-1.627862504428065904e-01 1.803414373616370767e+03
-1.612284872806748481e-01 1.943393200925749852e+03
-1.596707241185426618e-01 2.093272125519637939e+03
-1.581129609564104754e-01 2.313299129392902159e+03
-1.565551977942782891e-01 2.545509124459329087e+03
-1.549974346321461027e-01 2.774416206351701021e+03
-1.534396714700139164e-01 3.108043005070652725e+03
-1.518819083078821741e-01 3.452191636845101129e+03
-1.503241451457499878e-01 3.817416754087131721e+03
-1.487663819836178014e-01 4.276844237243480165e+03
-1.472086188214856151e-01 4.768870897189949574e+03
-1.456508556593534287e-01 5.315946572160247342e+03
-1.440930924972212424e-01 5.908250290224992568e+03
-1.425353293350890560e-01 6.486819627732454137e+03
-1.409775661729573137e-01 7.271987973986255383e+03
-1.394198030108251274e-01 8.214603134048797074e+03
-1.378620398486929410e-01 9.140770953110095434e+03
-1.363042766865607547e-01 1.054336036109757515e+04
-1.347465135244285683e-01 1.197330642293124220e+04
-1.331887503622963820e-01 1.359841680069749236e+04
-1.316309872001641956e-01 1.568112041798544487e+04
-1.300732240380324534e-01 1.755296239508440704e+04
-1.285154608759002670e-01 1.957475986111926250e+04
-1.269576977137680807e-01 2.187757973846455570e+04
-1.253999345516358943e-01 2.434648717120796209e+04
-1.238421713895037080e-01 2.679798100474709281e+04
-1.222844082273715216e-01 2.920468249905100311e+04
-1.207266450652393353e-01 3.158635170714202468e+04
-1.191688819031075930e-01 3.371834994067681691e+04
-1.176111187409754066e-01 3.516665062569796282e+04
-1.160533555788432203e-01 3.769922650543125201e+04
-1.144955924167110339e-01 3.908395584367964329e+04
-1.129378292545788476e-01 4.051239598168267548e+04
-1.113800660924466612e-01 4.066035890650335205e+04
-1.098223029303144749e-01 4.036089730653390870e+04
-1.082645397681827326e-01 3.952567130736285617e+04
-1.067067766060505463e-01 3.838402903212222736e+04
-1.051490134439183599e-01 3.696889255889540800e+04
-1.035912502817861736e-01 3.481792038170411979e+04
-1.020334871196539872e-01 3.223848239918700710e+04
-1.004757239575218009e-01 2.945104402894689338e+04
-9.891796079539005859e-02 2.665626400205767641e+04
-9.736019763325787224e-02 2.400333576512014770e+04
-9.580243447112568589e-02 2.169704125747457510e+04
-9.424467130899349954e-02 1.919985616680277599e+04
-9.268690814686131318e-02 1.716482778478716500e+04
-9.112914498472912683e-02 1.536678803603736742e+04
-8.957138182259694048e-02 1.373442839429670494e+04
-8.801361866046519822e-02 1.243090086169769893e+04
-8.645585549833301187e-02 1.135781763734972083e+04
-8.489809233620082551e-02 1.035785579320535908e+04
-8.334032917406863916e-02 9.396894286203598313e+03
-8.178256601193645281e-02 8.545712364227711078e+03
-8.022480284980426646e-02 8.094962316489804834e+03
-7.866703968767208011e-02 7.498921184919557163e+03
-7.710927652554033784e-02 7.038835249900145755e+03
-7.555151336340815149e-02 6.677891786946315733e+03
-7.399375020127596514e-02 6.354873078572361010e+03
-7.243598703914377879e-02 6.050932398020817345e+03
-7.087822387701159244e-02 5.820508483904201967e+03
-6.932046071487940608e-02 5.692503979933638220e+03
-6.776269755274721973e-02 5.587366862570740523e+03
-6.620493439061547747e-02 5.441494490814853634e+03
-6.464717122848329112e-02 5.369436713429480733e+03
-6.308940806635110476e-02 5.347218335585985187e+03
-6.153164490421891841e-02 5.369880103873917506e+03
-5.997388174208673206e-02 5.463052391805792467e+03
-5.841611857995454571e-02 5.434391739582892114e+03
-5.685835541782280345e-02 5.500470523550028702e+03
-5.530059225569061709e-02 5.612047489017731095e+03
-5.374282909355843074e-02 5.669504127608169256e+03
-5.218506593142624439e-02 5.725565636312305287e+03
-5.062730276929405804e-02 5.799352877018761319e+03
-4.906953960716187169e-02 5.620034028656529699e+03
-4.751177644502968533e-02 4.180273018021146527e+03
-4.595401328289794307e-02 1.988577960903257690e+03
-4.439625012076575672e-02 1.343616954123241840e+03
-4.283848695863357037e-02 9.909613261699334998e+02
-4.128072379650138402e-02 8.461850219230709627e+02
-3.972296063436919766e-02 7.250111390436146621e+02
-3.816519747223701131e-02 6.533806294374348909e+02
-3.660743431010482496e-02 7.148430814421691366e+02
-3.504967114797308270e-02 4.593369199555123714e+02
-3.349190798584089634e-02 1.623664659419809553e+01
-3.193414482370870999e-02 3.125797286848251133e+01
-3.037638166157652364e-02 2.650988168673517720e+01
-2.881861849944433729e-02 2.438309630447219689e+01
-2.726085533731215094e-02 2.340237760083360286e+01
-2.570309217517996458e-02 2.552572274552020914e+01
-2.414532901304822232e-02 2.124204296467969399e+01
-2.258756585091603597e-02 2.552952937544033674e+01
-2.102980268878384962e-02 2.756216193165243311e+01
-1.947203952665166327e-02 2.674987858381638972e+01
-1.791427636451947691e-02 2.429330741596311327e+01
-1.635651320238729056e-02 2.352558621726518595e+01
-1.479875004025554830e-02 2.697382037446934788e+01
-1.324098687812336195e-02 2.688373517347863029e+01
-1.168322371599117560e-02 3.060240978019470504e+01
-1.012546055385898924e-02 2.913731940059744829e+01
-8.567697391726802891e-03 3.078011674162410216e+01
-7.009934229594616539e-03 3.077048167871029705e+01
-5.452171067462430187e-03 2.254010552336685436e+01
-3.894407905330687925e-03 2.327804117933893480e+01
-2.336644743198501573e-03 3.409055711249364151e+01
-7.788815810663152206e-04 2.705365780265958620e+01
7.788815810658711314e-04 2.824282774299413745e+01
2.336644743198057483e-03 2.973417597607018337e+01
3.894407905330243835e-03 3.041610672569436957e+01
5.452171067462430187e-03 3.097170829956136373e+01
7.009934229594172450e-03 3.004996477770331964e+01
8.567697391726358802e-03 3.201514376006492313e+01
1.012546055385854515e-02 3.431953350832765892e+01
1.168322371599073151e-02 3.663013341548309398e+01
1.324098687812291786e-02 3.623744341458741758e+01
1.479875004025510421e-02 3.842697366319220720e+01
1.635651320238729056e-02 4.279153008620984622e+01
1.791427636451903282e-02 4.222610143932587334e+01
1.947203952665121918e-02 4.469052196886771355e+01
2.102980268878340553e-02 5.477314393722595298e+01
2.258756585091559188e-02 6.060928113690666663e+01
2.414532901304777823e-02 6.072421862974590567e+01
2.570309217517996458e-02 6.771432342348202837e+01
2.726085533731170685e-02 7.562661843362995739e+01
2.881861849944389320e-02 7.687852724626988277e+01
3.037638166157607955e-02 8.274353719396475526e+01
3.193414482370826590e-02 9.960201790904361019e+01
3.349190798584045226e-02 1.088972831942515711e+02
3.504967114797263861e-02 1.309539388387764802e+02
3.660743431010482496e-02 1.455509145007090694e+02
3.816519747223656722e-02 1.709700243278601590e+02
3.972296063436875357e-02 2.023816434670455067e+02
4.128072379650093993e-02 2.425821644210508055e+02
4.283848695863312628e-02 3.022007339228575802e+02
4.439625012076531263e-02 3.617713737895225563e+02
4.595401328289749898e-02 4.720644142039538451e+02
4.751177644502968533e-02 5.780143479053610918e+02
4.906953960716142760e-02 7.590957045871640503e+02
5.062730276929361395e-02 1.186229612484953122e+03
5.218506593142580030e-02 2.255916151595652536e+03
5.374282909355798665e-02 3.896517067929578843e+03
5.530059225569017300e-02 4.798466868613412771e+03
5.685835541782235936e-02 4.977752031147275375e+03
5.841611857995454571e-02 4.965864480135088343e+03
5.997388174208628797e-02 5.075221739499376781e+03
6.153164490421847432e-02 5.167360584122622640e+03
6.308940806635066068e-02 5.255280812407063422e+03
6.464717122848284703e-02 5.356578941574605778e+03
6.620493439061503338e-02 5.433606697170231200e+03
6.776269755274721973e-02 5.546121841400645280e+03
6.932046071487896199e-02 5.827426058131341961e+03
7.087822387701114835e-02 6.033085958832469260e+03
7.243598703914333470e-02 6.344292120006067307e+03
7.399375020127552105e-02 6.750835193732325934e+03
7.555151336340770740e-02 7.142096475820540945e+03
7.710927652553989375e-02 7.560649329722991752e+03
7.866703968767208011e-02 8.181210780192709535e+03
8.022480284980382237e-02 8.794813112682573774e+03
8.178256601193600872e-02 9.613807444529762506e+03
8.334032917406819507e-02 1.049360795080963908e+04
8.489809233620038142e-02 1.165896368203534439e+04
8.645585549833256778e-02 1.299938540426922373e+04
8.801361866046475413e-02 1.440565745617621906e+04
8.957138182259694048e-02 1.598977244328128836e+04
9.112914498472868274e-02 1.799420866065115843e+04
9.268690814686086910e-02 2.014828672282107800e+04
9.424467130899305545e-02 2.268890078679951330e+04
9.580243447112524180e-02 2.564194648907623923e+04
9.736019763325742815e-02 2.870480824886882328e+04
9.891796079538961450e-02 3.139430471049701737e+04
1.004757239575218009e-01 3.376524344817132805e+04
1.020334871196535431e-01 3.616469751191138494e+04
1.035912502817857295e-01 3.851279198309015919e+04
1.051490134439179158e-01 4.011195357626074838e+04
1.067067766060501022e-01 4.169140463696177176e+04
1.082645397681822885e-01 4.310721943706447928e+04
1.098223029303144749e-01 4.359165353767315537e+04
1.113800660924462171e-01 4.267322343135035771e+04
1.129378292545784035e-01 4.189164421698216756e+04
1.144955924167105898e-01 4.064301655300330458e+04
1.160533555788427762e-01 3.868028437784839480e+04
1.176111187409749625e-01 3.653019134359277814e+04
1.191688819031071489e-01 3.416203613136169588e+04
1.207266450652393353e-01 3.077511756729936315e+04
1.222844082273710775e-01 2.841229617411389336e+04
1.238421713895032639e-01 2.622179217851477006e+04
1.253999345516354502e-01 2.371360374200388105e+04
1.269576977137676366e-01 2.134193365120096132e+04
1.285154608758998229e-01 1.918192646095534656e+04
1.300732240380320093e-01 1.718565740054302296e+04
1.316309872001641956e-01 1.533982765455365734e+04
1.331887503622959379e-01 1.347353297421153547e+04
1.347465135244281242e-01 1.181305489063887944e+04
1.363042766865603106e-01 1.046144313562500975e+04
1.378620398486924969e-01 9.362724772203539032e+03
1.394198030108246833e-01 8.369733737170954555e+03
1.409775661729568697e-01 7.413114742572063733e+03
1.425353293350890560e-01 6.532508102595595119e+03
1.440930924972207983e-01 5.836234071848442909e+03
1.456508556593529846e-01 5.283179000455870664e+03
1.472086188214851710e-01 4.694321588248748412e+03
1.487663819836173573e-01 4.167726558751201992e+03
1.503241451457495437e-01 3.753891723457894841e+03
1.518819083078817300e-01 3.435845149954838689e+03
1.534396714700139164e-01 3.119308254492875676e+03
1.549974346321456586e-01 2.806443657203356906e+03
1.565551977942778450e-01 2.540513965478484351e+03
1.581129609564100313e-01 2.318759840125308983e+03
1.596707241185422177e-01 2.114169753465700069e+03
1.612284872806744040e-01 1.925343301790675469e+03
1.627862504428065904e-01 1.752238890843264699e+03
1.643440136049383327e-01 1.596267816462366000e+03
1.659017767670705190e-01 1.484872492415994657e+03
1.674595399292027054e-01 1.403508195401793273e+03
1.690173030913348917e-01 1.324777669153613033e+03
1.705750662534670781e-01 1.230918822459848570e+03
1.721328294155992644e-01 1.143159614875346051e+03
1.736905925777314508e-01 1.077248029139830805e+03
1.752483557398631930e-01 1.032288864628699002e+03
1.768061189019953794e-01 9.819872731141110762e+02
1.783638820641275657e-01 9.419915585006765468e+02
1.799216452262597521e-01 9.023130770417018311e+02
1.814794083883919384e-01 8.827000056634879002e+02
1.830371715505241248e-01 8.771126548427938587e+02
1.845949347126563111e-01 8.510663623238428954e+02
1.861526978747880534e-01 8.216742202313944290e+02
1.877104610369202398e-01 8.201447202618223855e+02
1.892682241990524261e-01 8.104200670707998597e+02
1.908259873611846125e-01 8.150183208655373619e+02
1.923837505233167988e-01 7.911060426291511476e+02
1.939415136854489852e-01 8.093894003018964440e+02
1.954992768475811715e-01 8.473977989592767699e+02
1.970570400097129138e-01 8.565901446244790804e+02
1.986148031718451001e-01 8.689088329484687847e+02
2.001725663339772865e-01 8.935731673507108326e+02
2.017303294961094728e-01 9.029247783379447583e+02
2.032880926582416592e-01 9.012089730797016500e+02
2.048458558203738455e-01 9.017444332216040266e+02
2.064036189825055878e-01 9.224180041954356284e+02
2.079613821446377742e-01 9.327967244512866500e+02
2.095191453067699605e-01 9.432627751881758513e+02
2.110769084689021469e-01 9.696079106369999181e+02
2.126346716310343332e-01 1.002015648777465231e+03
2.141924347931665196e-01 1.015609758678512321e+03
2.157501979552987059e-01 9.986453453437139842e+02
2.173079611174304482e-01 1.005897812674901388e+03
2.188657242795626345e-01 1.050875895483757631e+03
2.204234874416948209e-01 1.086074424935547995e+03
2.219812506038270072e-01 1.060342494818502928e+03
2.235390137659591936e-01 1.061709899113446909e+03
2.250967769280913799e-01 1.070409281248956177e+03
2.266545400902235663e-01 1.069582562577518502e+03
2.282123032523553086e-01 1.078461994051593820e+03
2.297700664144874949e-01 1.066241343155716322e+03
2.313278295766196813e-01 1.050503876019334257e+03
2.328855927387518676e-01 1.045584168112782208e+03
2.344433559008840540e-01 1.056256880352234930e+03
2.360011190630162403e-01 1.040729728031768900e+03
2.375588822251484267e-01 1.033928971221873326e+03
2.391166453872801689e-01 1.021465489884013891e+03
2.406744085494123553e-01 1.002415909784614769e+03
2.422321717115445416e-01 9.880433605984163705e+02
2.437899348736767280e-01 9.826177483527536651e+02
2.453476980358089143e-01 9.468152580571100998e+02
2.469054611979411007e-01 9.199074903626766400e+02
2.484632243600728430e-01 9.074994970391711604e+02
2.500209875222050293e-01 8.867788139295589644e+02
2.515787506843372157e-01 8.888559959267835211e+02
2.531365138464694020e-01 8.684886936976635070e+02
2.546942770086015884e-01 8.310003915442208609e+02
2.562520401707337747e-01 8.074314328953811355e+02
2.578098033328659611e-01 7.897115344861184667e+02
2.593675664949977033e-01 7.591883557875169117e+02
2.609253296571298897e-01 7.392652203432054421e+02
2.624830928192620760e-01 7.033846022213296010e+02
2.640408559813942624e-01 6.926973913769472802e+02
2.655986191435264487e-01 6.719210657603437085e+02
2.671563823056586351e-01 6.482443153874349946e+02
2.687141454677908214e-01 6.396276325939755907e+02
2.702719086299225637e-01 6.312716697068160556e+02
2.718296717920547501e-01 6.098018217392043425e+02
2.733874349541869364e-01 5.708797111989853192e+02
2.749451981163191228e-01 5.335287373249194616e+02
2.765029612784513091e-01 5.295578779365047239e+02
2.780607244405834955e-01 5.185738883896549396e+02
2.796184876027156818e-01 5.152780029885769864e+02
2.811762507648474241e-01 4.956482016054679320e+02
2.827340139269796104e-01 4.648727049280794859e+02
2.842917770891117968e-01 4.412249547300946801e+02
2.858495402512439831e-01 4.300706525479705533e+02
2.874073034133761695e-01 4.188947624306754847e+02
2.889650665755083558e-01 4.077080840992871344e+02
2.905228297376400981e-01 4.089783472842181595e+02
2.920805928997722845e-01 3.931822908768160687e+02
2.936383560619044708e-01 3.759880532347528970e+02
2.951961192240366572e-01 3.470988075960881361e+02
2.967538823861688435e-01 3.214954962409733525e+02
2.983116455483010299e-01 3.198962421293094280e+02
2.998694087104332162e-01 3.083236717389594901e+02
3.014271718725649585e-01 2.992794037565391818e+02
3.029849350346971448e-01 2.909854654066949706e+02
3.045426981968293312e-01 2.740313629198064973e+02
3.061004613589615175e-01 2.626520611223510855e+02
3.076582245210937039e-01 2.663797766680538075e+02
3.092159876832258902e-01 2.491030680159924202e+02
3.107737508453580766e-01 2.214296687072372833e+02
3.123315140074898189e-01 2.285955750729453939e+02
3.138892771696220052e-01 2.240776203792762544e+02
3.154470403317541916e-01 2.191578322882379268e+02
3.170048034938863779e-01 2.113314425216709651e+02
3.185625666560185643e-01 1.998330072024609194e+02
3.201203298181507506e-01 1.954144379013972923e+02
3.216780929802829370e-01 1.995145694480408167e+02
3.232358561424146792e-01 1.863620942401419143e+02
3.247936193045468656e-01 1.832435830645479200e+02
3.263513824666790519e-01 1.905230881677999832e+02
3.279091456288112383e-01 1.880887709565023158e+02
3.294669087909434246e-01 1.971857887872111803e+02
3.310246719530756110e-01 1.867248285865113075e+02
3.325824351152073532e-01 1.793784686434246396e+02
3.341401982773395396e-01 1.806900255183802528e+02
3.356979614394717260e-01 1.774778240033497241e+02
3.372557246016039123e-01 1.764554577928731192e+02
3.388134877637360987e-01 1.729257953896506024e+02
3.403712509258682850e-01 1.566564094699559178e+02
3.419290140880004714e-01 1.663397533084282145e+02
3.434867772501322136e-01 1.692670953957338043e+02
3.450445404122644000e-01 1.694262190153655752e+02
3.466023035743965863e-01 1.654805102005105084e+02
3.481600667365287727e-01 1.709668400409737785e+02
3.497178298986609590e-01 1.738503189422524997e+02
3.512755930607931454e-01 1.696998435523997273e+02
3.528333562229253317e-01 1.698105100018069891e+02
3.543911193850570740e-01 1.624994056078112692e+02
3.559488825471892604e-01 1.846768996031369454e+02
3.575066457093214467e-01 1.775247353784910729e+02
3.590644088714536331e-01 1.688271718557323879e+02
3.606221720335858194e-01 1.605732927521771387e+02
3.621799351957180058e-01 1.704221360844757385e+02
3.637376983578501921e-01 1.741976579211883802e+02
3.652954615199819344e-01 1.732294169207658854e+02
3.668532246821141207e-01 1.717435031117987876e+02
3.684109878442463071e-01 1.714751657405063838e+02
3.699687510063784934e-01 1.745796435973911400e+02
3.715265141685106798e-01 1.645643332856674306e+02
3.730842773306428661e-01 1.600276885441565469e+02
3.746420404927746084e-01 1.664988769009456178e+02
3.761998036549067947e-01 1.641568357628496528e+02
3.777575668170389811e-01 1.611125305769485863e+02
3.793153299791711675e-01 1.622304183392389518e+02
3.808730931413033538e-01 1.641079972335709556e+02
3.824308563034355402e-01 1.617523014846220519e+02
3.839886194655677265e-01 1.587826501070751988e+02
3.855463826276994688e-01 1.662965817449536132e+02
3.871041457898316551e-01 1.724650571773234162e+02
3.886619089519638415e-01 1.563434849085195140e+02
3.902196721140960278e-01 1.540764223929916739e+02
3.917774352762282142e-01 1.565587419933804654e+02
3.933351984383604005e-01 1.522831383446930431e+02
3.948929616004925869e-01 1.516606531618429869e+02
3.964507247626243291e-01 1.413204201036955112e+02
3.980084879247565155e-01 1.355606954184648316e+02
3.995662510868887018e-01 1.458267665843633552e+02
4.011240142490208882e-01 1.414625424938634239e+02
4.026817774111530746e-01 1.492169873899792947e+02
4.042395405732852609e-01 1.484525040612601856e+02
4.057973037354174473e-01 1.367573050278728033e+02
4.073550668975491895e-01 1.402569830439031762e+02
4.089128300596813759e-01 1.354919139217196573e+02
4.104705932218135622e-01 1.382064567337653500e+02
4.120283563839457486e-01 1.409221996146726212e+02
4.135861195460779349e-01 1.399250245749618102e+02
4.151438827082101213e-01 1.338236570211114724e+02
4.167016458703418635e-01 1.263588127613602268e+02
4.182594090324740499e-01 1.192764740117629145e+02
4.198171721946062362e-01 1.204185045686138267e+02
4.213749353567384226e-01 1.165488937355084147e+02
4.229326985188706090e-01 1.171685082663537827e+02
4.244904616810027953e-01 1.190048810565036632e+02
4.260482248431349817e-01 1.184152069310027144e+02
4.276059880052667239e-01 1.097011408985086973e+02
4.291637511673989103e-01 1.051436575585729543e+02
4.307215143295310966e-01 1.108978878982353251e+02
4.322792774916632830e-01 1.087519436491718210e+02
4.338370406537954693e-01 1.103751986020373437e+02
4.353948038159276557e-01 1.005064470824143967e+02
4.369525669780598420e-01 9.734947190039187603e+01
4.385103301401915843e-01 1.029285848503120633e+02
4.400680933023237706e-01 9.740398226849563912e+01
4.416258564644559570e-01 9.368856184080593152e+01
4.431836196265881433e-01 8.844974963725665873e+01
4.447413827887203297e-01 8.326764662718117904e+01
4.462991459508525161e-01 7.961169555229700734e+01
4.478569091129847024e-01 7.627496481925651040e+01
4.494146722751164447e-01 7.705092986594222282e+01
4.509724354372486310e-01 8.953645887130538483e+01
4.525301985993808174e-01 8.821066690748813244e+01
4.540879617615130037e-01 8.559229711532314866e+01
4.556457249236451901e-01 7.300697007220387036e+01
4.572034880857773764e-01 7.590823163885113445e+01
4.587612512479095628e-01 8.040922203719314609e+01
4.603190144100413050e-01 7.448037345096832951e+01
4.618767775721734914e-01 7.233160975202720522e+01
4.634345407343056777e-01 7.755638677181734408e+01
4.649923038964378641e-01 8.037262548965483688e+01
4.665500670585700504e-01 8.199250755745097763e+01
4.681078302207022368e-01 8.136785947674597708e+01
4.696655933828339791e-01 8.317221746248975478e+01
4.712233565449661654e-01 6.582374043301157940e+01
4.727811197070983518e-01 7.078516435458149658e+01
4.743388828692305381e-01 6.641034957830736118e+01
4.758966460313627245e-01 6.699746900831843277e+01
4.774544091934949108e-01 7.013156037924193242e+01
4.790121723556270972e-01 7.236483951889641730e+01
4.805699355177588394e-01 7.136156222455559828e+01
4.821276986798910258e-01 6.912894854295497282e+01
4.836854618420232121e-01 6.888730924903148889e+01
4.852432250041553985e-01 7.727692477252969638e+01
4.868009881662875848e-01 6.706072099610651094e+01
4.883587513284197712e-01 6.801655828199916698e+01
4.899165144905519576e-01 6.995207841401928306e+01
4.914742776526836998e-01 6.733526258615387405e+01
4.930320408148158862e-01 7.426720556171386534e+01
4.945898039769480725e-01 7.572010336949492171e+01
4.961475671390802589e-01 7.012887248790514150e+01
4.977053303012124452e-01 7.058539704774970858e+01
4.992630934633446316e-01 7.460986158544145042e+01
5.008208566254768179e-01 6.422120222949928348e+01
5.023786197876085602e-01 7.358444203771459513e+01
5.039363829497407465e-01 7.022679794489533833e+01
5.054941461118729329e-01 6.746344783214648544e+01
5.070519092740051192e-01 6.239024703512577474e+01
5.086096724361373056e-01 6.610504648094341462e+01
5.101674355982694919e-01 6.723044757015625805e+01
5.117251987604012342e-01 6.875043094380001207e+01
5.132829619225334206e-01 6.932039515699726451e+01
5.148407250846656069e-01 6.408802975801276602e+01
5.163984882467977933e-01 6.804732362189832884e+01
5.179562514089299796e-01 6.791899862883666117e+01
5.195140145710621660e-01 6.605563548089678250e+01
5.210717777331943523e-01 6.208829358314196156e+01
5.226295408953260946e-01 6.574652791991812251e+01
5.241873040574582809e-01 6.780926246420176540e+01
5.257450672195904673e-01 6.527944703660948278e+01
5.273028303817226536e-01 6.058543761907510827e+01
5.288605935438548400e-01 5.651415380334727701e+01
5.304183567059870263e-01 5.303504513947913068e+01
5.319761198681192127e-01 5.672271703190167358e+01
5.335338830302509550e-01 5.298780630028242200e+01
5.350916461923831413e-01 5.209082170674867740e+01
5.366494093545153277e-01 5.716350559890490501e+01
5.382071725166475140e-01 5.715011739248684108e+01
5.397649356787797004e-01 5.681775064088288474e+01
5.413226988409118867e-01 6.072153441983878253e+01
5.428804620030440731e-01 5.829642270354938205e+01
5.444382251651758153e-01 5.352552482283136470e+01
5.459959883273080017e-01 5.368621128092740236e+01
5.475537514894401880e-01 5.560456297394777181e+01
5.491115146515723744e-01 5.484528297227667082e+01
5.506692778137045607e-01 5.637601195032505075e+01
5.522270409758367471e-01 4.880221405386350142e+01
5.537848041379684894e-01 5.864827918424991537e+01
5.553425673001006757e-01 5.902848423053876559e+01
5.569003304622328621e-01 5.461000463057759191e+01
5.584580936243650484e-01 5.656080701690386547e+01
5.600158567864972348e-01 5.639768248919872917e+01
5.615736199486294211e-01 5.439221712836619815e+01
5.631313831107616075e-01 4.860174641812169938e+01
5.646891462728933497e-01 4.245133985007337429e+01
5.662469094350255361e-01 4.694438281393886570e+01
5.678046725971577224e-01 5.356224421318874818e+01
5.693624357592899088e-01 5.345221679662318337e+01
5.709201989214220951e-01 5.785492907080643477e+01
5.724779620835542815e-01 4.941647146139933966e+01
5.740357252456864678e-01 5.057112942110389753e+01
5.755934884078182101e-01 4.487913221216584958e+01
5.771512515699503965e-01 4.809176280738975606e+01
5.787090147320825828e-01 5.175055848331852815e+01
5.802667778942147692e-01 5.213043891847920008e+01
5.818245410563469555e-01 4.717284944353659171e+01
5.833823042184791419e-01 4.320269430879105244e+01
5.849400673806113282e-01 4.801501987180267150e+01
5.864978305427430705e-01 4.332339744190747410e+01
5.880555937048752568e-01 4.174537268994161110e+01
5.896133568670074432e-01 4.380917501658114332e+01
5.911711200291396295e-01 4.828555884934320375e+01
5.927288831912718159e-01 4.345806935493223477e+01
5.942866463534040022e-01 4.372253731627282036e+01
5.958444095155357445e-01 4.496803392819591494e+01
5.974021726776679309e-01 4.234587405228950274e+01
5.989599358398001172e-01 4.297990650520838329e+01
6.005176990019323036e-01 4.578784473928570264e+01
6.020754621640644899e-01 4.936596955183590296e+01
6.036332253261966763e-01 3.907588383889860495e+01
6.051909884883288626e-01 4.180314667069143297e+01
6.067487516504606049e-01 4.167795034590381675e+01
6.083065148125927912e-01 3.895563756584306248e+01
6.098642779747249776e-01 3.780265786532115158e+01
6.114220411368571639e-01 3.823155385886216351e+01
6.129798042989893503e-01 3.884772548331343245e+01
6.145375674611215366e-01 3.929166114626237771e+01
6.160953306232537230e-01 3.984903050658394363e+01
6.176530937853854653e-01 4.260637098009252810e+01
6.192108569475176516e-01 3.909363233748258892e+01
6.207686201096498380e-01 4.077325090400003660e+01
6.223263832717820243e-01 4.099108299661681087e+01
6.238841464339142107e-01 4.786194885042414882e+01
6.254419095960463970e-01 4.448767768817705814e+01
6.269996727581785834e-01 4.219513480313911202e+01
6.285574359203103256e-01 3.896731276715719616e+01
6.301151990824425120e-01 3.855244239578879473e+01
6.316729622445746983e-01 3.966762195570709792e+01
6.332307254067068847e-01 3.969765853978215375e+01
6.347884885688390710e-01 4.059485316309169889e+01
6.363462517309712574e-01 3.677300132690456991e+01
6.379040148931029997e-01 3.498819067219488943e+01
6.394617780552351860e-01 4.033129266175880190e+01
6.410195412173673724e-01 3.832326711991595403e+01
6.425773043794995587e-01 3.495576611913676146e+01
6.441350675416317451e-01 3.270513786533145861e+01
6.456928307037639314e-01 3.716555139722259327e+01
6.472505938658961178e-01 3.885258801258387962e+01
6.488083570280278600e-01 3.757711774057354148e+01
6.503661201901600464e-01 3.874681535924776909e+01
6.519238833522922327e-01 4.141505198678037658e+01
6.534816465144244191e-01 4.353557316882334050e+01
6.550394096765566054e-01 3.631169997748501999e+01
6.565971728386887918e-01 3.919422867379287823e+01
6.581549360008209781e-01 3.611261716197022054e+01
6.597126991629527204e-01 3.493307212722915978e+01
6.612704623250849068e-01 3.403200608994063714e+01
6.628282254872170931e-01 3.306174966723695974e+01
6.643859886493492795e-01 3.419017786262416791e+01
6.659437518114814658e-01 3.721006375672028810e+01
6.675015149736136522e-01 3.793051933556272104e+01
6.690592781357458385e-01 3.484292244250930537e+01
6.706170412978775808e-01 3.688275958057606374e+01
6.721748044600097671e-01 4.445066341447060410e+01
6.737325676221419535e-01 3.465162709466211766e+01
6.752903307842741398e-01 3.904639623535578608e+01
6.768480939464063262e-01 3.342272719711095164e+01
6.784058571085385125e-01 3.806373523253157032e+01
6.799636202706702548e-01 3.675021775239138577e+01
6.815213834328024411e-01 3.347640271801525103e+01
6.830791465949346275e-01 3.600932744599789004e+01
6.846369097570668139e-01 3.903699379331548869e+01
6.861946729191990002e-01 3.440550336058111469e+01
6.877524360813311866e-01 3.686774357721424167e+01
6.893101992434633729e-01 3.352033740342814383e+01
6.908679624055951152e-01 3.770940155270307770e+01
6.924257255677273015e-01 4.115778965833332848e+01
6.939834887298594879e-01 3.524644768010743690e+01
6.955412518919916742e-01 3.443211520006093451e+01
6.970990150541238606e-01 3.460912234432037593e+01
6.986567782162560469e-01 3.282325997764002068e+01
7.002145413783882333e-01 3.338095501085703631e+01
7.017723045405199755e-01 3.728856827391139461e+01
7.033300677026521619e-01 3.673870345684032657e+01
7.048878308647843483e-01 3.348406552416511772e+01
7.064455940269165346e-01 3.587741470054933757e+01
7.080033571890487210e-01 3.232101295364137883e+01
7.095611203511809073e-01 3.860017925193091770e+01
7.111188835133130937e-01 3.262725444205501901e+01
7.126766466754448359e-01 3.166858688289653401e+01
7.142344098375770223e-01 3.079738301691056535e+01
7.157921729997092086e-01 3.074395064487531926e+01
7.173499361618413950e-01 3.216464045565334828e+01
7.189076993239735813e-01 3.099746760806836221e+01
7.204654624861057677e-01 3.338389925064078056e+01
7.220232256482375099e-01 3.331648414050623330e+01
7.235809888103696963e-01 2.615295537470846554e+01
7.251387519725018826e-01 3.710652402939113870e+01
7.266965151346340690e-01 3.637474115972482025e+01
7.282542782967662554e-01 3.525103284463171605e+01
7.298120414588984417e-01 3.316018796973637706e+01
7.313698046210306281e-01 3.457069477158731985e+01
7.329275677831623703e-01 3.227085880657521244e+01
7.344853309452945567e-01 3.014919377150350499e+01
7.360430941074267430e-01 2.993569022328064833e+01
7.376008572695589294e-01 3.105858772122369871e+01
7.391586204316911157e-01 3.167412202888470674e+01
7.407163835938233021e-01 3.378993660827153178e+01
7.422741467559554884e-01 2.908075903236615645e+01
7.438319099180872307e-01 3.282243163232260486e+01
7.453896730802194170e-01 3.184064880601799175e+01
7.469474362423516034e-01 2.976308904281676249e+01
7.485051994044837897e-01 3.047283595701449954e+01
7.500629625666159761e-01 3.310678981853008906e+01
7.516207257287481625e-01 3.179800399746393325e+01
7.531784888908803488e-01 2.880313352129442706e+01
7.547362520530120911e-01 2.848712992773500119e+01
7.562940152151442774e-01 2.670342454873911819e+01
7.578517783772764638e-01 2.694252785842383702e+01
7.594095415394086501e-01 3.073281597490489148e+01
7.609673047015408365e-01 3.061236134089693905e+01
7.625250678636730228e-01 3.730704701789972688e+01
7.640828310258052092e-01 3.099503608155691126e+01
7.656405941879369514e-01 2.762853287332733387e+01
7.671983573500691378e-01 2.898783842404172262e+01
7.687561205122013241e-01 3.133106531016940366e+01
7.703138836743335105e-01 3.245014511137811297e+01
7.718716468364656969e-01 3.078498824900336217e+01
7.734294099985978832e-01 3.195825771410549976e+01
7.749871731607296255e-01 3.079549303512389358e+01
7.765449363228618118e-01 2.957007228982070046e+01
7.781026994849939982e-01 3.052162070190344778e+01
7.796604626471261845e-01 3.080128786446887901e+01
7.812182258092583709e-01 2.799137640069632482e+01
7.827759889713905572e-01 2.919386714872861788e+01
7.843337521335227436e-01 2.975559762671088748e+01
7.858915152956544858e-01 3.113176663349078765e+01
7.874492784577866722e-01 3.103747000538512069e+01
7.890070416199188585e-01 2.901508285226110218e+01
7.905648047820510449e-01 3.023558260812630749e+01
7.921225679441832312e-01 2.921359707286671892e+01
7.936803311063154176e-01 2.735759286449412286e+01
7.952380942684476040e-01 2.847762042190153409e+01
7.967958574305793462e-01 2.974974103978118833e+01
7.983536205927115326e-01 2.764814179848881537e+01
7.999113837548437189e-01 3.233054181027389262e+01
8.014691469169759053e-01 3.214490058056546928e+01
8.030269100791080916e-01 2.968006283412222501e+01
8.045846732412402780e-01 3.147403748180521887e+01
8.061424364033724643e-01 3.006496063983498956e+01
8.077001995655042066e-01 2.617830268892866741e+01
8.092579627276363929e-01 3.152469897982091496e+01
8.108157258897685793e-01 2.849847945335902821e+01
8.123734890519003216e-01 2.870742906867838684e+01
8.139312522140329520e-01 2.353144620647626084e+01
8.154890153761646943e-01 2.826814021841872560e+01
8.170467785382973247e-01 2.989597929207032578e+01
8.186045417004290670e-01 3.115253110670053616e+01
8.201623048625616974e-01 2.995675482883946117e+01
8.217200680246934397e-01 2.764807545061118432e+01
8.232778311868251819e-01 2.486677264270096543e+01
8.248355943489578124e-01 2.458604797060731784e+01
8.263933575110895546e-01 2.930240552327699177e+01
8.279511206732221851e-01 2.607175174108393989e+01
8.295088838353539273e-01 2.336707803249676019e+01
8.310666469974865578e-01 2.314771182139661221e+01
8.326244101596183000e-01 2.610901576602927321e+01
8.341821733217500423e-01 2.551578840178125418e+01
8.357399364838826727e-01 2.604708028212326809e+01
8.372976996460144150e-01 2.731295562672781685e+01
8.388554628081470455e-01 2.640574539443633739e+01
8.404132259702787877e-01 2.344438118379084202e+01
8.419709891324114182e-01 2.575581797236889869e+01
8.435287522945431604e-01 2.664672477760704794e+01
8.450865154566749027e-01 2.896603749374305181e+01
8.466442786188075331e-01 2.962675959772508705e+01
8.482020417809392754e-01 2.844019706627406663e+01
8.497598049430719058e-01 2.632707215867497297e+01
8.513175681052036481e-01 2.902151648888719038e+01
8.528753312673362785e-01 3.078563908894767209e+01
8.544330944294680208e-01 2.884418365980036114e+01
8.559908575915997631e-01 2.657859249352160091e+01
8.575486207537323935e-01 2.572673587551433982e+01
8.591063839158641358e-01 2.553656884308552577e+01
8.606641470779967662e-01 3.074040402011290496e+01
8.622219102401285085e-01 2.801397424836601147e+01
8.637796734022611389e-01 2.311346606676994497e+01
8.653374365643928812e-01 2.747467484028359408e+01
8.668951997265246234e-01 2.498043116521691687e+01
8.684529628886572539e-01 2.690031650462895385e+01
8.700107260507889961e-01 3.045999721287172335e+01
8.715684892129216266e-01 2.763313947787866809e+01
8.731262523750533688e-01 2.450287192183029816e+01
8.746840155371859993e-01 2.340371936266135577e+01
8.762417786993177415e-01 2.303050974342245993e+01
8.777995418614494838e-01 2.614045397402755810e+01
8.793573050235821142e-01 2.980650543674686404e+01
8.809150681857138565e-01 3.134326679265911864e+01
8.824728313478464869e-01 2.881254464907382129e+01
8.840305945099782292e-01 2.398072421103923446e+01
8.855883576721099715e-01 2.016879496937215777e+01
8.871461208342426019e-01 2.277284107174261862e+01
8.887038839963743442e-01 2.854630512372342466e+01
8.902616471585069746e-01 2.893087131302590720e+01
8.918194103206387169e-01 2.564140785049431770e+01
8.933771734827713473e-01 2.735676905052962482e+01
8.949349366449030896e-01 2.371542951988629611e+01
8.964926998070348318e-01 2.515980190668393490e+01
8.980504629691674623e-01 2.164102958665098697e+01
8.996082261312992046e-01 2.381730021621357807e+01
9.011659892934318350e-01 2.074228047703873301e+01
9.027237524555635773e-01 2.522180376237416155e+01
9.042815156176962077e-01 2.679225718554938140e+01
9.058392787798279500e-01 2.357117488126387173e+01
9.073970419419596922e-01 2.256684029699978211e+01
9.089548051040923227e-01 2.344956497422142405e+01
9.105125682662240649e-01 2.143345949474948142e+01
9.120703314283566954e-01 2.303704039682613569e+01
9.136280945904884376e-01 2.774883259850411577e+01
9.151858577526210681e-01 2.560282724766028295e+01
9.167436209147528103e-01 2.307612850984255104e+01
9.183013840768845526e-01 2.181204120256327172e+01
9.198591472390171830e-01 2.439159480389965395e+01
9.214169104011489253e-01 2.412742407573953685e+01
9.229746735632815557e-01 2.164214894951226142e+01
9.245324367254132980e-01 2.277690860829806496e+01
9.260901998875459284e-01 2.290719636956714922e+01
9.276479630496776707e-01 2.215145014171975291e+01
9.292057262118094130e-01 2.454548444797665141e+01
9.307634893739420434e-01 2.503097987073648767e+01
9.323212525360737857e-01 3.186702143455369551e+01
9.338790156982064161e-01 2.377049702042911150e+01
9.354367788603381584e-01 2.412254713951405805e+01
9.369945420224707888e-01 2.588912311864949700e+01
9.385523051846025311e-01 2.614449695555309461e+01
9.401100683467342733e-01 2.565504669575861385e+01
9.416678315088669038e-01 2.519217477286323970e+01
9.432255946709986461e-01 2.469700418298679523e+01
9.447833578331312765e-01 2.326968036043203369e+01
9.463411209952630188e-01 2.313975796272377039e+01
9.478988841573956492e-01 2.384247011805412342e+01
9.494566473195273915e-01 2.630438946190520255e+01
9.510144104816591337e-01 2.481232803604116555e+01
9.525721736437917642e-01 2.010436633552127361e+01
9.541299368059235064e-01 2.273651829965349691e+01
9.556876999680561369e-01 2.307468180273267677e+01
9.572454631301878791e-01 2.263513225728989298e+01
9.588032262923205096e-01 2.358912489859299910e+01
9.603609894544522518e-01 2.725892197494567171e+01
9.619187526165839941e-01 2.754401956000745955e+01
9.634765157787166245e-01 2.573342922119380560e+01
9.650342789408483668e-01 2.724773257536217486e+01
9.665920421029809972e-01 2.459885287663259490e+01
9.681498052651127395e-01 2.513571808501625426e+01
9.697075684272444818e-01 2.183375725515932331e+01
9.712653315893771122e-01 2.323483435790006979e+01
9.728230947515088545e-01 2.460917029394082789e+01
9.743808579136414849e-01 2.232905311964678319e+01
9.759386210757732272e-01 2.207733968623111664e+01
9.774963842379058576e-01 2.458481896339031891e+01
9.790541474000375999e-01 2.491327134282682820e+01
9.806119105621693421e-01 2.182236605893313452e+01
9.821696737243019726e-01 2.544387451976175640e+01
9.837274368864337148e-01 2.271138607186377456e+01
9.852852000485663453e-01 2.154949428847168136e+01
9.868429632106980876e-01 2.606072925672070895e+01
9.884007263728307180e-01 2.871138587965555899e+01
9.899584895349624603e-01 2.739077910522822634e+01
9.915162526970942025e-01 2.620170669347846371e+01
9.930740158592268330e-01 2.302231405339133374e+01
9.946317790213585752e-01 2.197324422256224352e+01
9.961895421834912057e-01 2.203407318795075298e+01
9.977473053456229479e-01 2.127767917431659228e+01
9.993050685077555784e-01 2.063204911371145300e+01
1.000862831669887321e+00 2.011268094549901519e+01
1.002420594832019063e+00 2.511982330377196249e+01
1.003978357994151693e+00 2.659883862530899634e+01
1.005536121156283436e+00 2.384316575584961839e+01
1.007093884318416066e+00 2.254125950411842538e+01
1.008651647480547808e+00 2.109051966132098599e+01
1.010209410642680439e+00 2.185800681774498599e+01
1.011767173804812181e+00 2.221507531867575480e+01
1.013324936966943923e+00 2.259524857309277124e+01
1.014882700129076554e+00 2.395418098131016649e+01
1.016440463291208296e+00 2.627246438892012037e+01
1.017998226453340926e+00 2.298474684257481115e+01
1.019555989615472669e+00 2.667615986588622690e+01
1.021113752777605299e+00 2.435435295561478952e+01
1.022671515939737041e+00 2.476246433416872605e+01
1.024229279101868784e+00 2.371755034275057383e+01
1.025787042264001414e+00 2.344750155160295080e+01
1.027344805426133156e+00 2.362715027052094641e+01
1.028902568588265787e+00 2.394770478245155942e+01
1.030460331750397529e+00 2.269355259602244246e+01
1.032018094912530159e+00 2.341021263040371636e+01
1.033575858074661902e+00 2.500157571508613330e+01
1.035133621236793644e+00 2.118890980458499484e+01
1.036691384398926274e+00 1.881595203745135336e+01
1.038249147561058017e+00 2.280021920068182695e+01
1.039806910723190647e+00 2.289978345674190763e+01
1.041364673885322389e+00 1.850985143155616441e+01
1.042922437047455020e+00 2.148323792804677979e+01
1.044480200209586762e+00 2.411968345765579258e+01
1.046037963371718504e+00 2.730202837847497932e+01
1.047595726533851135e+00 2.844666645840547403e+01
1.049153489695982877e+00 2.252530734191437034e+01
1.050711252858115508e+00 1.726060249345456299e+01
1.052269016020247250e+00 2.096716397409360155e+01
1.053826779182378992e+00 1.815320694895478226e+01
1.055384542344511623e+00 1.829840282083106828e+01
1.056942305506643365e+00 2.111206065618642924e+01
1.058500068668775995e+00 2.320005717437435422e+01
1.060057831830907737e+00 2.391704112123094816e+01
1.061615594993040368e+00 2.474192407814124550e+01
1.063173358155172110e+00 2.466529982707027457e+01
1.064731121317303852e+00 2.274398762113715122e+01
1.066288884479436483e+00 2.387493718679796828e+01
1.067846647641568225e+00 2.239781137211317841e+01
1.069404410803700856e+00 2.287414156297329981e+01
1.070962173965832598e+00 2.122917785051870254e+01
1.072519937127965228e+00 2.005962571254073268e+01
1.074077700290096971e+00 1.863840762262373119e+01
1.075635463452228713e+00 1.917922752269106468e+01
1.077193226614361343e+00 2.077499996969810070e+01
1.078750989776493086e+00 2.201596209568314677e+01
1.080308752938625716e+00 2.191732203736345497e+01
1.081866516100757458e+00 2.516330331441160695e+01
1.083424279262890089e+00 2.608085838024089398e+01
1.084982042425021831e+00 2.397611052318936231e+01
1.086539805587153573e+00 2.663981576297688392e+01
1.088097568749286204e+00 2.456291398354956357e+01
1.089655331911417946e+00 2.401498783910010815e+01
1.091213095073550576e+00 2.225013324118402736e+01
1.092770858235682319e+00 2.328583297102579763e+01
1.094328621397814949e+00 2.201899480386289198e+01
1.095886384559946691e+00 2.004385016976898726e+01
1.097444147722078434e+00 2.094364199761989909e+01
1.099001910884211064e+00 2.302254650727977392e+01
1.100559674046342806e+00 1.965450847868141793e+01
1.102117437208475437e+00 2.295832990243317795e+01
1.103675200370607179e+00 2.686843716503997825e+01
1.105232963532739809e+00 2.002852214957722410e+01
1.106790726694871552e+00 1.996687348658590011e+01
1.108348489857003294e+00 1.992252545989034473e+01
1.109906253019135924e+00 2.027443012635049513e+01
1.111464016181267667e+00 2.208425616508678146e+01
1.113021779343400297e+00 2.296102187864453725e+01
1.114579542505532039e+00 2.213862014952245261e+01
1.116137305667664670e+00 1.833330841595780569e+01
1.117695068829796412e+00 2.036713122461773651e+01
1.119252831991928154e+00 2.203898191548385910e+01
1.120810595154060785e+00 2.109824609746881663e+01
1.122368358316192527e+00 2.446505187705552586e+01
1.123926121478325157e+00 2.238074058610524020e+01
1.125483884640456900e+00 2.201361253265179485e+01
1.127041647802589530e+00 2.230902323153366495e+01
1.128599410964721272e+00 2.052161491739462917e+01
1.130157174126853015e+00 1.980769100966473673e+01
1.131714937288985645e+00 2.159932441974715900e+01
1.133272700451117387e+00 2.067741565382236146e+01
1.134830463613250018e+00 1.984481137778328730e+01
1.136388226775381760e+00 2.117491853329292084e+01
1.137945989937513502e+00 2.394685448148975127e+01
1.139503753099646133e+00 2.111996084181089373e+01
1.141061516261777875e+00 2.345767440443571417e+01
1.142619279423910505e+00 2.023830951314901583e+01
1.144177042586042248e+00 1.958923611172166090e+01
1.145734805748174878e+00 2.071643560409941287e+01
1.147292568910306620e+00 2.068955318740363580e+01
1.148850332072438363e+00 1.989101541648443927e+01
1.150408095234570993e+00 2.061080242079716029e+01
1.151965858396702735e+00 2.380795146349596791e+01
1.153523621558835366e+00 2.191829431782169380e+01
1.155081384720967108e+00 2.167709601844004652e+01
1.156639147883099739e+00 2.215728907763385536e+01
1.158196911045231481e+00 2.250157014045642612e+01
1.159754674207363223e+00 2.449677932324854623e+01
1.161312437369495854e+00 2.475318838406232302e+01
1.162870200531627596e+00 2.369024705127573682e+01
1.164427963693760226e+00 2.170264756848348142e+01
1.165985726855891969e+00 2.183692743865044861e+01
1.167543490018024599e+00 1.995040640020951983e+01
1.169101253180156341e+00 2.428656338715582308e+01
1.170659016342288083e+00 1.780238783499502020e+01
1.172216779504420714e+00 1.981527675605985905e+01
1.173774542666552456e+00 1.918202670641724694e+01
1.175332305828685087e+00 2.227584085838926242e+01
1.176890068990816829e+00 2.229959278397247147e+01
1.178447832152949459e+00 2.256417527658577882e+01
1.180005595315081202e+00 2.283568600160389295e+01
1.181563358477212944e+00 2.137578184784680957e+01
1.183121121639345574e+00 2.212550722920934376e+01
1.184678884801477317e+00 2.316308430649247896e+01
1.186236647963609947e+00 2.419517501294100015e+01
1.187794411125741689e+00 2.278397573007596222e+01
1.189352174287874320e+00 2.445063428200827005e+01
1.190909937450006062e+00 2.522088422620774040e+01
1.192467700612137804e+00 2.124628739976403935e+01
1.194025463774270435e+00 2.231788969555250901e+01
1.195583226936402177e+00 2.432106107486813329e+01
1.197140990098534807e+00 2.273138641324392140e+01
1.198698753260666550e+00 2.203959352846115038e+01
1.200256516422799180e+00 2.356127972895689027e+01
1.201814279584930922e+00 2.448472851604326550e+01
1.203372042747062665e+00 2.071742160844895864e+01
1.204929805909195295e+00 2.225654656004857301e+01
1.206487569071327037e+00 1.786297365560403705e+01
1.208045332233459668e+00 1.743554415240956246e+01
1.209603095395591410e+00 1.708138226940522841e+01
1.211160858557724040e+00 2.098842774463240346e+01
1.212718621719855783e+00 2.328185333875149610e+01
1.214276384881987525e+00 2.180376578594234971e+01
1.215834148044120155e+00 2.033725535477111279e+01
1.217391911206251898e+00 1.921652484643500713e+01
1.218949674368384528e+00 2.249308787270917875e+01
1.220507437530516270e+00 1.923306647433825489e+01
1.222065200692648901e+00 1.991135789114090926e+01
1.223622963854780643e+00 2.396550726389874697e+01
1.225180727016912385e+00 2.264423778547972432e+01
1.226738490179045016e+00 2.117529465693818835e+01
1.228296253341176758e+00 1.780865498256054380e+01
1.229854016503309388e+00 1.924972995021220257e+01
1.231411779665441131e+00 2.223774260603814312e+01
1.232969542827572873e+00 2.210891404727803788e+01
1.234527305989705503e+00 2.415787283714536571e+01
1.236085069151837246e+00 1.928770285758206171e+01
1.237642832313969876e+00 2.520880411352404948e+01
1.239200595476101618e+00 2.919747584338152890e+01
1.240758358638234249e+00 2.497599253898542315e+01
1.242316121800365991e+00 2.236748740574458338e+01
1.243873884962497733e+00 2.175627357095235581e+01
1.245431648124630364e+00 1.981710773703511563e+01
1.246989411286762106e+00 2.006203109360240333e+01
1.248547174448894737e+00 1.998759082950105181e+01
1.250104937611026479e+00 1.991145240542704542e+01
1.251662700773159109e+00 2.056577852334224588e+01
1.253220463935290852e+00 2.104101039926910488e+01
1.254778227097422594e+00 2.061324340235859509e+01
1.256335990259555224e+00 2.244193112061430995e+01
1.257893753421686966e+00 2.030886764497921959e+01
1.259451516583819597e+00 2.050106112230057320e+01
1.261009279745951339e+00 1.903685786107696387e+01
1.262567042908083970e+00 1.841578157407894523e+01
1.264124806070215712e+00 2.044675224879519249e+01
1.265682569232347454e+00 2.272718139497902357e+01
1.267240332394480085e+00 2.847698392406330470e+01
1.268798095556611827e+00 2.318427990576348563e+01
1.270355858718744457e+00 2.181117772573739444e+01
1.271913621880876200e+00 2.065040096723483387e+01
1.273471385043008830e+00 2.300176698229232741e+01
1.275029148205140572e+00 2.152816691244115788e+01
1.276586911367272315e+00 1.838853307320632169e+01
1.278144674529404945e+00 2.106324098160109415e+01
1.279702437691536687e+00 2.675822832452993794e+01
1.281260200853669318e+00 2.618517116556201429e+01
1.282817964015801060e+00 2.436793132178271293e+01
1.284375727177933690e+00 2.280140951413820360e+01
1.285933490340065433e+00 2.295255507345656198e+01
1.287491253502197175e+00 2.313291747831577894e+01
1.289049016664329805e+00 2.358465260949281728e+01
1.290606779826461548e+00 2.044547335641656716e+01
1.292164542988594178e+00 1.967736748405478764e+01
1.293722306150725920e+00 2.000190707373457499e+01
1.295280069312858551e+00 1.953259208099345301e+01
1.296837832474990293e+00 2.222590337453374687e+01
1.298395595637122035e+00 2.285522789805333588e+01
1.299953358799254666e+00 2.353832479398732502e+01
1.301511121961386408e+00 1.900765790115614706e+01
1.303068885123519038e+00 2.276338341787383968e+01
1.304626648285650781e+00 2.317912192870966592e+01
1.306184411447783411e+00 2.113149251088718117e+01
1.307742174609915153e+00 2.122109650646882173e+01
1.309299937772046896e+00 1.873706499597819430e+01
1.310857700934179526e+00 1.699153971319206136e+01
1.312415464096311268e+00 1.906883197602351387e+01
1.313973227258443899e+00 1.990901219454648441e+01
1.315530990420575641e+00 1.866651593247233620e+01
1.317088753582707383e+00 2.030048174236072356e+01
1.318646516744840014e+00 2.180816826238221395e+01
1.320204279906971756e+00 1.916279722461101898e+01
1.321762043069104386e+00 1.697252360233615676e+01
1.323319806231236129e+00 1.879608412800992667e+01
1.324877569393368759e+00 2.086993430293899365e+01
1.326435332555500501e+00 2.425129706931376816e+01
1.327993095717632244e+00 2.521504796198604126e+01
1.329550858879764874e+00 2.411135142562260825e+01
1.331108622041896616e+00 1.980584070182123213e+01
1.332666385204029247e+00 1.680385222973018955e+01
1.334224148366160989e+00 2.073066619144936240e+01
1.335781911528293620e+00 2.171080283248308973e+01
1.337339674690425362e+00 2.055023767275970670e+01
1.338897437852557104e+00 2.037584111910501861e+01
1.340455201014689735e+00 2.159569591102583175e+01
1.342012964176821477e+00 2.098692656983489968e+01
1.343570727338954107e+00 1.959989924860444788e+01
1.345128490501085849e+00 1.916407612647776304e+01
1.346686253663218480e+00 2.060781396916123853e+01
1.348244016825350222e+00 1.961181994605542656e+01
1.349801779987481964e+00 1.551075576266869049e+01
1.351359543149614595e+00 1.765463545253928146e+01
1.352917306311746337e+00 1.926392852431528979e+01
1.354475069473878968e+00 1.971054172316521402e+01
1.356032832636010710e+00 1.894700796647802932e+01
1.357590595798143340e+00 2.040308902712654771e+01
1.359148358960275083e+00 2.187583886295637114e+01
1.360706122122406825e+00 1.940482515985519285e+01
1.362263885284539455e+00 2.135280631230907034e+01
1.363821648446671198e+00 2.748961426050560775e+01
1.365379411608803828e+00 1.602728463645420831e+01
1.366937174770935570e+00 2.276812967515409980e+01
1.368494937933068201e+00 2.062231187605111060e+01
1.370052701095199943e+00 2.015378368090463468e+01
1.371610464257331685e+00 2.075408532451842802e+01
1.373168227419464316e+00 2.248139965331425927e+01
1.374725990581596058e+00 2.300390000623738374e+01
1.376283753743728688e+00 2.131176538985805635e+01
1.377841516905860431e+00 1.833668697832378314e+01
1.379399280067993061e+00 1.975721763124473185e+01
1.380957043230124803e+00 2.132373954031950447e+01
1.382514806392256546e+00 2.428553360396068683e+01
1.384072569554389176e+00 2.404748069144627465e+01
1.385630332716520918e+00 1.589161284065731294e+01
1.387188095878653549e+00 1.606028668832267314e+01
1.388745859040785291e+00 1.908781352391573805e+01
1.390303622202917921e+00 1.742606636712870127e+01
1.391861385365049664e+00 2.117236884286298348e+01
1.393419148527181406e+00 2.362601735080314924e+01
1.394976911689314036e+00 2.092952630914360768e+01
1.396534674851445779e+00 1.778765101321630127e+01
1.398092438013578409e+00 1.970765788734733093e+01
1.399650201175710151e+00 1.828346238972721238e+01
1.401207964337841894e+00 1.987410328247801417e+01
1.402765727499974524e+00 2.079484678295578348e+01
1.404323490662106266e+00 2.063184433097115544e+01
1.405881253824238897e+00 1.992430807301917639e+01
1.407439016986370639e+00 1.841350690051081429e+01
1.408996780148503269e+00 1.957195619612997461e+01
1.410554543310635012e+00 2.600482636008690918e+01
1.412112306472766754e+00 2.024990092969392919e+01
1.413670069634899384e+00 1.858908339557883593e+01
1.415227832797031127e+00 1.819732874063031502e+01
1.416785595959163757e+00 1.830256573483051952e+01
1.418343359121295499e+00 2.013585051571149620e+01
1.419901122283428130e+00 2.608894363827397456e+01
1.421458885445559872e+00 2.527235357046375341e+01
1.423016648607691614e+00 2.135581755592049547e+01
1.424574411769824245e+00 2.104990969383123556e+01
1.426132174931955987e+00 1.651748448218862109e+01
1.427689938094088618e+00 1.829414389489877024e+01
1.429247701256220360e+00 1.963409887460646885e+01
1.430805464418352990e+00 2.131154279987298139e+01
1.432363227580484732e+00 2.395844248269733967e+01
1.433920990742616475e+00 2.519435118660075545e+01
1.435478753904749105e+00 2.296449935287337496e+01
1.437036517066880847e+00 2.202147774819577108e+01
1.438594280229013478e+00 1.460386604820355139e+01
1.440152043391145220e+00 1.682344721460600567e+01
1.441709806553277851e+00 1.898675704163822076e+01
1.443267569715409593e+00 1.877671691918467545e+01
1.444825332877541335e+00 1.872119855381698983e+01
1.446383096039673966e+00 2.018146040676562691e+01
1.447940859201805708e+00 2.386677654970311480e+01
1.449498622363938338e+00 2.141062679882155706e+01
1.451056385526070081e+00 2.085678645141324239e+01
1.452614148688202711e+00 2.023059709552252627e+01
1.454171911850334453e+00 2.326847577167317738e+01
1.455729675012466195e+00 2.247868502764724852e+01
1.457287438174598826e+00 2.000634735898821859e+01
1.458845201336730568e+00 1.910727172551284880e+01
1.460402964498863199e+00 2.078033691413970274e+01
1.461960727660994941e+00 1.928371380467812557e+01
1.463518490823127571e+00 2.095722473645358974e+01
1.465076253985259314e+00 2.511840721613229022e+01
1.466634017147391056e+00 2.236051947881588120e+01
1.468191780309523686e+00 2.214863355388000343e+01
1.469749543471655429e+00 1.905471174946471891e+01
1.471307306633788059e+00 2.017908882830068151e+01
1.472865069795919801e+00 1.943857879582175130e+01
1.474422832958052432e+00 1.890645042206680415e+01
1.475980596120184174e+00 2.000025393214552238e+01
1.477538359282315916e+00 1.815868437822088310e+01
1.479096122444448547e+00 1.700188725148455049e+01
1.480653885606580289e+00 2.339492214353355592e+01
1.482211648768712919e+00 1.612928019462915330e+01
1.483769411930844662e+00 1.962050853261824557e+01
1.485327175092977292e+00 2.330994769370198227e+01
1.486884938255109034e+00 2.274201649696465211e+01
1.488442701417240777e+00 1.966612030841102410e+01
1.490000464579373407e+00 1.930012586629643323e+01
1.491558227741505149e+00 1.859196694285970253e+01
1.493115990903637780e+00 1.944434234360300451e+01
1.494673754065769522e+00 2.280406071834553217e+01
1.496231517227901264e+00 1.934145924984009568e+01
1.497789280390033895e+00 1.735796180086041574e+01
1.499347043552165637e+00 1.736351251835047549e+01
1.500904806714298267e+00 1.796889888224776755e+01
1.502462569876430010e+00 1.834550557253218273e+01
1.504020333038562640e+00 1.928194292459122039e+01
1.505578096200694382e+00 2.250792526859939358e+01
1.507135859362826125e+00 2.101902263464517162e+01
1.508693622524958755e+00 2.094626593433718043e+01
1.510251385687090497e+00 2.041117494216264561e+01
1.511809148849223128e+00 1.971150267060467343e+01
1.513366912011354870e+00 1.943437158527571640e+01
1.514924675173487501e+00 1.977366246448763221e+01
1.516482438335619243e+00 1.864523845121718182e+01
1.518040201497750985e+00 1.895320051007475470e+01
1.519597964659883615e+00 1.947885987855603318e+01
1.521155727822015358e+00 1.962401251097674404e+01
1.522713490984147988e+00 1.694192541573665167e+01
1.524271254146279730e+00 1.730685175525852060e+01
1.525829017308412361e+00 1.660412855481227723e+01
1.527386780470544103e+00 1.781883660463185137e+01
1.528944543632675845e+00 1.769241863252895186e+01
1.530502306794808476e+00 1.795395716929352403e+01
1.532060069956940218e+00 2.153209123205087039e+01
1.533617833119072849e+00 2.022330125883354768e+01
1.535175596281204591e+00 1.849417220788749106e+01
1.536733359443337221e+00 1.871373164023931324e+01
1.538291122605468964e+00 1.852415321687265859e+01
1.539848885767600706e+00 1.744231368395123383e+01
1.541406648929733336e+00 1.750159754846357174e+01
1.542964412091865078e+00 1.911142079720421805e+01
1.544522175253997709e+00 2.125476561534848585e+01
1.546079938416129451e+00 1.882846323623621387e+01
1.547637701578262082e+00 1.749998873916585396e+01
1.549195464740393824e+00 1.953719061028316517e+01
1.550753227902525566e+00 2.351930996187060785e+01
1.552310991064658197e+00 2.178025692108863609e+01
1.553868754226789939e+00 1.953727029622111644e+01
1.555426517388922569e+00 1.853627556174931712e+01
1.556984280551054312e+00 1.896542482872716917e+01
1.558542043713186942e+00 1.642149278142095170e+01
1.560099806875318684e+00 1.722501608008296259e+01
1.561657570037450427e+00 1.855927568854457377e+01
1.563215333199583057e+00 2.375394692768837857e+01
1.564773096361714799e+00 2.096429427933175660e+01
1.566330859523847430e+00 1.732176163718035511e+01
1.567888622685979172e+00 2.026013472081321609e+01
1.569446385848111802e+00 2.404570250548320232e+01
1.571004149010243545e+00 2.216909505098925592e+01
1.572561912172375287e+00 1.756092425789752909e+01
1.574119675334507917e+00 1.632138007902352683e+01
1.575677438496639660e+00 2.396303047268871467e+01
1.577235201658772290e+00 2.592948543096774827e+01
1.578792964820904032e+00 2.542175495330612378e+01
1.580350727983035775e+00 2.085796022256198867e+01
1.581908491145168405e+00 1.665984863528029436e+01
1.583466254307300147e+00 1.750316734340309921e+01
1.585024017469432778e+00 2.109237545850852413e+01
1.586581780631564520e+00 1.944990507009340419e+01
1.588139543793697150e+00 2.095507270313879644e+01
1.589697306955828893e+00 2.752667376374563091e+01
1.591255070117960635e+00 2.177838941714222898e+01
1.592812833280093265e+00 1.878738833890757931e+01
1.594370596442225008e+00 1.752701148074621429e+01
1.595928359604357638e+00 1.761803827995474236e+01
1.597486122766489380e+00 1.927662911856457129e+01
1.599043885928622011e+00 2.258496411645195678e+01
1.600601649090753753e+00 1.858993414635214236e+01
1.602159412252885495e+00 2.400378761677359307e+01
1.603717175415018126e+00 2.345364428116826616e+01
1.605274938577149868e+00 2.293413672848979701e+01
1.606832701739282498e+00 2.346045339358268933e+01
1.608390464901414241e+00 2.178336880868003433e+01
1.609948228063546871e+00 1.777947446139538101e+01
1.611505991225678613e+00 2.339716200463755413e+01
1.613063754387810356e+00 1.966493633585166378e+01
1.614621517549942986e+00 2.051091920826069170e+01
1.616179280712074728e+00 2.162649507935132220e+01
1.617737043874207359e+00 2.019859515244950288e+01
1.619294807036339101e+00 1.754950423111729663e+01
1.620852570198471732e+00 1.749420065627777632e+01
1.622410333360603474e+00 2.089022113361165012e+01
1.623968096522735216e+00 2.155221239452665216e+01
1.625525859684867847e+00 2.296219326645602266e+01
1.627083622846999589e+00 1.697900895476488969e+01
1.628641386009132219e+00 1.976377017789862478e+01
1.630199149171263961e+00 2.298077517548348325e+01
1.631756912333396592e+00 2.191327011658260915e+01
1.633314675495528334e+00 2.069048672069482819e+01
1.634872438657660076e+00 2.177539303442916108e+01
1.636430201819792707e+00 2.009298426771247392e+01
1.637987964981924449e+00 2.300341106769104726e+01
1.639545728144057080e+00 2.526772969813854530e+01
1.641103491306188822e+00 2.361670331078693152e+01
1.642661254468321452e+00 2.309232192949061258e+01
1.644219017630453195e+00 2.098880829290480321e+01
1.645776780792584937e+00 1.815192624088505013e+01
1.647334543954717567e+00 1.774005958357091117e+01
1.648892307116849310e+00 2.062396688045290105e+01
1.650450070278981940e+00 2.155758928714814004e+01
1.652007833441113682e+00 1.967891283616746279e+01
1.653565596603246313e+00 1.976153769621383560e+01
1.655123359765378055e+00 1.876177749678263140e+01
1.656681122927509797e+00 1.971253004756944094e+01
1.658238886089642428e+00 1.767907321322637770e+01
1.659796649251774170e+00 1.617662972668914279e+01
1.661354412413906800e+00 1.852479117085885463e+01
1.662912175576038543e+00 2.055614815068775059e+01
1.664469938738170285e+00 1.848587718384104051e+01
1.666027701900302915e+00 1.499056620863763634e+01
1.667585465062434658e+00 2.119960577990839923e+01
1.669143228224567288e+00 2.284598753079556488e+01
1.670700991386699030e+00 1.819187700699565369e+01
1.672258754548831661e+00 1.600742795253004047e+01
1.673816517710963403e+00 2.145604343445696927e+01
1.675374280873095145e+00 2.139615924781609380e+01
1.676932044035227776e+00 2.030057768682771169e+01
1.678489807197359518e+00 2.334283456885096797e+01
1.680047570359492148e+00 2.070851735668527738e+01
1.681605333521623891e+00 1.378724439627478127e+01
1.683163096683756521e+00 1.848405901123582140e+01
1.684720859845888263e+00 2.230351446662513837e+01
1.686278623008020006e+00 2.054194757665965554e+01
1.687836386170152636e+00 1.744837132521960044e+01
1.689394149332284378e+00 2.110907318069486749e+01
1.690951912494417009e+00 1.654200072914483144e+01
1.692509675656548751e+00 2.121125956742205076e+01
1.694067438818681381e+00 1.800187592100262535e+01
1.695625201980813124e+00 1.667705525034785552e+01
1.697182965142944866e+00 1.801675047894783788e+01
1.698740728305077496e+00 1.917816892992940936e+01
1.700298491467209239e+00 1.933611851501080636e+01
1.701856254629341869e+00 1.986392881579219605e+01
1.703414017791473611e+00 2.138667877662586037e+01
1.704971780953606242e+00 1.801707821970757806e+01
1.706529544115737984e+00 2.066305763266219842e+01
1.708087307277869726e+00 2.240733010325113028e+01
1.709645070440002357e+00 2.019743285584121040e+01
1.711202833602134099e+00 2.120893416007121601e+01
1.712760596764266730e+00 2.134994022363978061e+01
1.714318359926398472e+00 2.040533812478939168e+01
1.715876123088531102e+00 2.077840236978202881e+01
1.717433886250662844e+00 2.045400125833210936e+01
1.718991649412794587e+00 1.743686801305642575e+01
1.720549412574927217e+00 1.966523602224065925e+01
1.722107175737058959e+00 2.229302729085077317e+01
1.723664938899191590e+00 2.203275293921736733e+01
1.725222702061323332e+00 2.025111044241096891e+01
1.726780465223455963e+00 2.009900407760833119e+01
1.728338228385587705e+00 2.202943058767179352e+01
1.729895991547719447e+00 2.125165863060386684e+01
1.731453754709852078e+00 1.898771112588425680e+01
1.733011517871983820e+00 2.016196000335922633e+01
1.734569281034116450e+00 1.683616924181979968e+01
1.736127044196248193e+00 1.634536261281447977e+01
1.737684807358380823e+00 2.512686982182879092e+01
1.739242570520512565e+00 2.382406585561812662e+01
1.740800333682644307e+00 2.111198585676761041e+01
1.742358096844776938e+00 1.965550029362637119e+01
1.743915860006908680e+00 1.595801193642956406e+01
1.745473623169041311e+00 1.449017198937308493e+01
1.747031386331173053e+00 1.699771163297664955e+01
1.748589149493305683e+00 1.527062733059505284e+01
1.750146912655437426e+00 1.542372141122674378e+01
1.751704675817569168e+00 2.067954019819038791e+01
1.753262438979701798e+00 2.018981153761130898e+01
1.754820202141833541e+00 2.280614849592869575e+01
1.756377965303966171e+00 1.913468576576878633e+01
1.757935728466097913e+00 1.915328142818435353e+01
1.759493491628229656e+00 2.012205765336107532e+01
1.761051254790362286e+00 1.895001105086527460e+01
1.762609017952494028e+00 2.200124322550974654e+01
1.764166781114626659e+00 2.175108132155298435e+01
1.765724544276758401e+00 1.724715993999480901e+01
1.767282307438891031e+00 2.008931497235231589e+01
1.768840070601022774e+00 1.531824062756830074e+01
1.770397833763154516e+00 1.997661495657485276e+01
1.771955596925287146e+00 2.404040941574082169e+01
1.773513360087418889e+00 2.167621891037555670e+01
1.775071123249551519e+00 1.968253689575351117e+01
1.776628886411683261e+00 1.998719904778964818e+01
1.778186649573815892e+00 1.818135173496353829e+01
1.779744412735947634e+00 1.873409621072367059e+01
1.781302175898079376e+00 1.707054400687697182e+01
1.782859939060212007e+00 2.167049667729903817e+01
1.784417702222343749e+00 2.018236429567648216e+01
1.785975465384476379e+00 1.460467812282506728e+01
1.787533228546608122e+00 1.931445917757325503e+01
1.789090991708740752e+00 2.630935915699728511e+01
1.790648754870872494e+00 2.501809527814335254e+01
1.792206518033004237e+00 2.158663594060056923e+01
1.793764281195136867e+00 2.951431611033983415e+01
1.795322044357268609e+00 2.216268273398805633e+01
1.796879807519401240e+00 2.176242714067207729e+01
1.798437570681532982e+00 1.964010391774497677e+01
1.799995333843665613e+00 1.915626226234103413e+01
1.801553097005797355e+00 2.130574216718943603e+01
1.803110860167929097e+00 1.871506909960431386e+01
1.804668623330061727e+00 1.643339239289748122e+01
1.806226386492193470e+00 1.680928210811286760e+01
1.807784149654326100e+00 2.022535801179587622e+01
1.809341912816457842e+00 1.583541246844874273e+01
1.810899675978590473e+00 1.913433843492806119e+01
1.812457439140722215e+00 1.767640764189246383e+01
1.814015202302853957e+00 1.995805573029580771e+01
1.815572965464986588e+00 1.841616485434397532e+01
1.817130728627118330e+00 2.056960978099285597e+01
1.818688491789250961e+00 1.909542555840607747e+01
1.820246254951382703e+00 1.859021733263681853e+01
1.821804018113515333e+00 1.936726009717525443e+01
1.823361781275647076e+00 1.641532267417609958e+01
1.824919544437778818e+00 2.206599144604430407e+01
1.826477307599911448e+00 2.493373751274454975e+01
1.828035070762043190e+00 2.028946561095898105e+01
1.829592833924175821e+00 2.585286647585404651e+01
1.831150597086307563e+00 2.305968128325649147e+01
1.832708360248440194e+00 2.096456077047807653e+01
1.834266123410571936e+00 1.922864785918553565e+01
1.835823886572703678e+00 1.926887854980316561e+01
1.837381649734836309e+00 2.016268643695040552e+01
1.838939412896968051e+00 2.032814090073162561e+01
1.840497176059100681e+00 2.350455285843021613e+01
1.842054939221232424e+00 2.048549758188151415e+01
1.843612702383364166e+00 2.193219985490097201e+01
1.845170465545496796e+00 2.210004723641208457e+01
1.846728228707628539e+00 2.275408179498289130e+01
1.848285991869761169e+00 2.366747159772824816e+01
1.849843755031892911e+00 2.196167169853665868e+01
1.851401518194025542e+00 2.195133712317673869e+01
1.852959281356157284e+00 2.229733067563275029e+01
1.854517044518289026e+00 2.187438600485254270e+01
1.856074807680421657e+00 2.357885368560393147e+01
1.857632570842553399e+00 2.358405171330618089e+01
1.859190334004686029e+00 2.268370944630643393e+01
1.860748097166817772e+00 2.319520984914813511e+01
1.862305860328950402e+00 2.319579560400741158e+01
1.863863623491082144e+00 1.911788310458691598e+01
1.865421386653213887e+00 2.027325338523142761e+01
1.866979149815346517e+00 2.112348293311363179e+01
1.868536912977478259e+00 1.932416440093031085e+01
1.870094676139610890e+00 1.950623186572646617e+01
1.871652439301742632e+00 2.394038892733098578e+01
1.873210202463875262e+00 1.861794269545654501e+01
1.874767965626007005e+00 2.048200542548523728e+01
1.876325728788138747e+00 2.241218215853469076e+01
1.877883491950271377e+00 2.299914789313606889e+01
1.879441255112403120e+00 1.987959848264656770e+01
1.880999018274535750e+00 2.187473784094671814e+01
1.882556781436667492e+00 2.221519717066716382e+01
1.884114544598800123e+00 2.214853737602946993e+01
1.885672307760931865e+00 2.179043933241770148e+01
1.887230070923063607e+00 1.769868088597312550e+01
1.888787834085196238e+00 2.168101497580644121e+01
1.890345597247327980e+00 1.998327454588948626e+01
1.891903360409460610e+00 2.436807134371334271e+01
1.893461123571592353e+00 1.755358654401011975e+01
1.895018886733724983e+00 1.758615769651717642e+01
1.896576649895856725e+00 1.890913810144773777e+01
1.898134413057988468e+00 2.285299948465181785e+01
1.899692176220121098e+00 2.311833581512781421e+01
1.901249939382252840e+00 1.863310525101553239e+01
1.902807702544385471e+00 1.641583034373000771e+01
1.904365465706517213e+00 2.001789272648025175e+01
1.905923228868649844e+00 2.050435820632921491e+01
1.907480992030781586e+00 2.084887058832025986e+01
1.909038755192913328e+00 2.165741299599345027e+01
1.910596518355045959e+00 2.484785877299461632e+01
1.912154281517177701e+00 2.178503810484518866e+01
1.913712044679310331e+00 2.141448051629171800e+01
1.915269807841442073e+00 1.927394874585878526e+01
1.916827571003574704e+00 1.835437061360004662e+01
1.918385334165706446e+00 2.054225692580763862e+01
1.919943097327838188e+00 2.047200046169495735e+01
1.921500860489970819e+00 1.913795530340276230e+01
1.923058623652102561e+00 1.758398159864941235e+01
1.924616386814235192e+00 1.883439034174284998e+01
1.926174149976366934e+00 2.151874775064019119e+01
1.927731913138498676e+00 2.068500070526024359e+01
1.929289676300631307e+00 1.591952253635253633e+01
1.930847439462763049e+00 1.982886045798085206e+01
1.932405202624895679e+00 1.952546665969546424e+01
1.933962965787027422e+00 1.848519318602488681e+01
1.935520728949160052e+00 2.255270779262950498e+01
1.937078492111291794e+00 2.510049541327227018e+01
1.938636255273423536e+00 1.867805649963903036e+01
1.940194018435556167e+00 1.632382028921825778e+01
1.941751781597687909e+00 1.724549361284714522e+01
1.943309544759820540e+00 1.992003839842281820e+01
1.944867307921952282e+00 2.259686846852256181e+01
1.946425071084084912e+00 2.186345725649021787e+01
1.947982834246216655e+00 1.647844178534973381e+01
1.949540597408348397e+00 1.794556835291496810e+01
1.951098360570481027e+00 2.460950482316426857e+01
1.952656123732612770e+00 2.350286284376090506e+01
1.954213886894745400e+00 2.027265734175092504e+01
1.955771650056877142e+00 1.859922732150396740e+01
1.957329413219009773e+00 2.410568929449477338e+01
1.958887176381141515e+00 2.434788676436804877e+01
1.960444939543273257e+00 2.163042128811985521e+01
1.962002702705405888e+00 2.237234076397580296e+01
1.963560465867537630e+00 2.194320147092116358e+01
1.965118229029670260e+00 1.993637639669587003e+01
1.966675992191802003e+00 1.878438658762879143e+01
1.968233755353934633e+00 1.907293674608078504e+01
1.969791518516066375e+00 2.090824182082369731e+01
1.971349281678198118e+00 2.316105846751081287e+01
1.972907044840330748e+00 2.155435414819127971e+01
1.974464808002462490e+00 2.035403798419398314e+01
1.976022571164595121e+00 2.196845598281063161e+01
1.977580334326726863e+00 1.766476860615991740e+01
1.979138097488859493e+00 1.956821040969151682e+01
1.980695860650991236e+00 1.920647428948097968e+01
1.982253623813122978e+00 2.163588441137117258e+01
1.983811386975255608e+00 2.157015176023628911e+01
1.985369150137387351e+00 1.652986975456396124e+01
1.986926913299519981e+00 1.809019646233980794e+01
1.988484676461651723e+00 1.807884884488211696e+01
1.990042439623784354e+00 1.865160006320225961e+01
1.991600202785916096e+00 2.144927294515745686e+01
1.993157965948047838e+00 1.850868017918314834e+01
1.994715729110180469e+00 1.915971780473132569e+01
1.996273492272312211e+00 1.838109172535015645e+01
1.997831255434444842e+00 1.712863465299374965e+01
1.999389018596576584e+00 1.982327498171436986e+01
2.000946781758709214e+00 1.957509793329227321e+01
2.002504544920840956e+00 1.492500613222579631e+01
2.004062308082972699e+00 1.776807688473671121e+01
2.005620071245105329e+00 2.024427319694472516e+01
2.007177834407237071e+00 2.064252023069018804e+01
2.008735597569369702e+00 2.174964718557867016e+01
2.010293360731501444e+00 2.014564367702435987e+01
2.011851123893633186e+00 1.783944046366249836e+01
2.013408887055765817e+00 1.778502360176755559e+01
2.014966650217897559e+00 1.953562823490132416e+01
2.016524413380030190e+00 1.887670698709137085e+01
2.018082176542161932e+00 1.626460003760680451e+01
2.019639939704294562e+00 1.630022834061464820e+01
2.021197702866426305e+00 1.917416629176198484e+01
2.022755466028558047e+00 2.303461550392192336e+01
2.024313229190690677e+00 2.509716372499610770e+01
2.025870992352822419e+00 2.201602722322228445e+01
2.027428755514955050e+00 1.891666902407993334e+01
2.028986518677086792e+00 1.875583314716144656e+01
2.030544281839219423e+00 2.025010726874949185e+01
2.032102045001351165e+00 2.173016291337770411e+01
2.033659808163482907e+00 2.165069521624440085e+01
2.035217571325615538e+00 2.321037262404052726e+01
2.036775334487747280e+00 2.353747190095538500e+01
2.038333097649879910e+00 2.313212895248862466e+01
2.039890860812011653e+00 1.823502243275063606e+01
2.041448623974144283e+00 1.680065343404880451e+01
2.043006387136276025e+00 2.115685115069827660e+01
2.044564150298407768e+00 2.237928629992828533e+01
2.046121913460540398e+00 2.234993561252661110e+01
2.047679676622672140e+00 1.968004763288213965e+01
2.049237439784804771e+00 1.866140811400217814e+01
2.050795202946936513e+00 1.957838042821414248e+01
2.052352966109069143e+00 1.922308174152289340e+01
2.053910729271200886e+00 1.901331717906750995e+01
2.055468492433332628e+00 2.003788609025273715e+01
2.057026255595465258e+00 1.644518207326484571e+01
2.058584018757597001e+00 2.109901349950946070e+01
2.060141781919729631e+00 1.933917134574756602e+01
2.061699545081861373e+00 2.002752644712023411e+01
2.063257308243994004e+00 1.849997556338383831e+01
2.064815071406125746e+00 2.031657726704435518e+01
2.066372834568257488e+00 2.190026168299837650e+01
2.067930597730390119e+00 2.389367445593086359e+01
2.069488360892521861e+00 2.245489170881636198e+01
2.071046124054654491e+00 1.753463060727554890e+01
2.072603887216786234e+00 1.636513572504549785e+01
2.074161650378918864e+00 2.184805428452674647e+01
2.075719413541050606e+00 2.070636454928550307e+01
2.077277176703182349e+00 2.422192200759795355e+01
2.078834939865314979e+00 1.898723402874530564e+01
2.080392703027446721e+00 2.248428445037453116e+01
2.081950466189579352e+00 1.913262030908023092e+01
2.083508229351711094e+00 1.754571381328977608e+01
2.085065992513843725e+00 2.018531951054517748e+01
2.086623755675975467e+00 2.349239098933282222e+01
2.088181518838107209e+00 2.323363696024798131e+01
2.089739282000239839e+00 1.944135799526827668e+01
2.091297045162371582e+00 1.906576346945567124e+01
2.092854808324504212e+00 2.224400532440995093e+01
2.094412571486635954e+00 2.029364673050061896e+01
2.095970334648768585e+00 2.162287011581349461e+01
2.097528097810900327e+00 2.059671103348535226e+01
2.099085860973032069e+00 1.565997903355150989e+01
2.100643624135164700e+00 1.826048921041782691e+01
2.102201387297296442e+00 1.956333823034273323e+01
2.103759150459429073e+00 1.672383129541178448e+01
2.105316913621560815e+00 1.527919625595246345e+01
2.106874676783692557e+00 1.584349001069876195e+01
2.108432439945825188e+00 2.137640230095558991e+01
2.109990203107956930e+00 1.561905050280111773e+01
2.111547966270089560e+00 2.007222300770167678e+01
2.113105729432221302e+00 1.956589560107420311e+01
2.114663492594353933e+00 1.696511527594381974e+01
2.116221255756485675e+00 1.998867441060462014e+01
2.117779018918617417e+00 2.315128521524233918e+01
2.119336782080750048e+00 2.467222727785535596e+01
2.120894545242881790e+00 2.156333384183297497e+01
2.122452308405014421e+00 1.690587905760776266e+01
2.124010071567146163e+00 1.795759800910638049e+01
2.125567834729278793e+00 1.773044118911748868e+01
2.127125597891410536e+00 1.872027566207060545e+01
2.128683361053542278e+00 1.982539836800502897e+01
2.130241124215674908e+00 2.098520543310808861e+01
2.131798887377806651e+00 2.516006773984190303e+01
2.133356650539939281e+00 1.886095048652509476e+01
2.134914413702071023e+00 2.008244666528599254e+01
2.136472176864203654e+00 1.762998385961907744e+01
2.138029940026335396e+00 1.557216635105571534e+01
2.139587703188467138e+00 1.748638332326464706e+01
2.141145466350599769e+00 1.919186081211892514e+01
2.142703229512731511e+00 1.938781964524588730e+01
2.144260992674864141e+00 2.296681046722935093e+01
2.145818755836995884e+00 2.271863439279297481e+01
2.147376518999128514e+00 2.396181361643428431e+01
2.148934282161260256e+00 2.587348348262545272e+01
2.150492045323391999e+00 1.985381059425326455e+01
2.152049808485524629e+00 1.720237751418014227e+01
2.153607571647656371e+00 1.530087343366549923e+01
2.155165334809789002e+00 1.811059706995166252e+01
2.156723097971920744e+00 1.935744031863298176e+01
2.158280861134053374e+00 2.096992598370452399e+01
2.159838624296185117e+00 2.421986652512178750e+01
2.161396387458316859e+00 2.381430332965599561e+01
2.162954150620449489e+00 1.805880815544761830e+01
2.164511913782581232e+00 1.843193648622768066e+01
2.166069676944713862e+00 1.594111614115664288e+01
2.167627440106845604e+00 2.089427023931215288e+01
2.169185203268978235e+00 1.909807172343603909e+01
2.170742966431109977e+00 1.960903856748362983e+01
2.172300729593241719e+00 1.984859907002028123e+01
2.173858492755374350e+00 1.775483627797250108e+01
2.175416255917506092e+00 1.749022320405511977e+01
2.176974019079638722e+00 1.768618845851162646e+01
2.178531782241770465e+00 1.680759666760009452e+01
2.180089545403903095e+00 1.814685157802229654e+01
2.181647308566034837e+00 2.004841026888140831e+01
2.183205071728166580e+00 2.197489200656734454e+01
2.184762834890299210e+00 1.702535166808462463e+01
2.186320598052430952e+00 1.695551662039083851e+01
2.187878361214563583e+00 2.109213016026831866e+01
2.189436124376695325e+00 2.406688638119998203e+01
2.190993887538827067e+00 1.900156458304971707e+01
2.192551650700959698e+00 1.927668175362751768e+01
2.194109413863091440e+00 2.189557372027334026e+01
2.195667177025224071e+00 1.584245605543484814e+01
2.197224940187355813e+00 1.687151033194754035e+01
2.198782703349488443e+00 1.699985316443079597e+01
2.200340466511620185e+00 2.006244887190159787e+01
2.201898229673751928e+00 1.692104399408712112e+01
2.203455992835884558e+00 2.129082060301523072e+01
2.205013755998016300e+00 2.287581682478255019e+01
2.206571519160148931e+00 2.263829189757846194e+01
2.208129282322280673e+00 1.929889911169081174e+01
2.209687045484413304e+00 1.729611243745972970e+01
2.211244808646545046e+00 1.754240554448546874e+01
2.212802571808676788e+00 1.802779585318166511e+01
2.214360334970809419e+00 1.872921407585599596e+01
2.215918098132941161e+00 1.801133292490245452e+01
2.217475861295073791e+00 2.048417590993668824e+01
2.219033624457205534e+00 1.494615814536650511e+01
2.220591387619338164e+00 2.119015320938625280e+01
2.222149150781469906e+00 1.752000264754594383e+01
2.223706913943601648e+00 1.746558457447254398e+01
2.225264677105734279e+00 1.846536856988152309e+01
2.226822440267866021e+00 1.884822630604692506e+01
2.228380203429998652e+00 2.200166850326591828e+01
2.229937966592130394e+00 2.503664709777770625e+01
2.231495729754263024e+00 2.049159292328811333e+01
2.233053492916394767e+00 1.644532475743149647e+01
2.234611256078526509e+00 2.205027431637860857e+01
2.236169019240659139e+00 1.683251547341507859e+01
2.237726782402790882e+00 2.590577682642637214e+01
2.239284545564923512e+00 2.068078001786777875e+01
2.240842308727055254e+00 1.857514900063199548e+01
2.242400071889187885e+00 1.819798327229090873e+01
2.243957835051319627e+00 1.887737264522923653e+01
2.245515598213451369e+00 2.063138961990955167e+01
2.247073361375584000e+00 2.066601451121767496e+01
2.248631124537715742e+00 1.731073062153656394e+01
2.250188887699848372e+00 1.589421054098690611e+01
2.251746650861980115e+00 2.060649056941938184e+01
2.253304414024112745e+00 1.463299905489793140e+01
2.254862177186244487e+00 1.917508048532956266e+01
2.256419940348376230e+00 2.252270447148817212e+01
2.257977703510508860e+00 2.143530453618257070e+01
2.259535466672640602e+00 1.871587305709654458e+01
2.261093229834773233e+00 1.546122450928490366e+01
2.262650992996904975e+00 1.688753786502893561e+01
2.264208756159037605e+00 1.910062388525184929e+01
2.265766519321169348e+00 1.627033942500532859e+01
2.267324282483301090e+00 1.731249342195468088e+01
2.268882045645433720e+00 2.163529796924557758e+01
2.270439808807565463e+00 2.679804718874916603e+01
2.271997571969698093e+00 1.724676973517749445e+01
2.273555335131829835e+00 2.218166237462591184e+01
2.275113098293961578e+00 2.195628303051179131e+01
2.276670861456094208e+00 1.954080069521496910e+01
2.278228624618225950e+00 1.892720665799364710e+01
2.279786387780358581e+00 1.848620235975020876e+01
2.281344150942490323e+00 1.989641816137433494e+01
2.282901914104622954e+00 1.957470331827530075e+01
2.284459677266754696e+00 1.860978884542619483e+01
2.286017440428886438e+00 2.112691111201964844e+01
2.287575203591019068e+00 1.611727717930384429e+01
2.289132966753150811e+00 1.793068451151723863e+01
2.290690729915283441e+00 2.546816291643848729e+01
2.292248493077415183e+00 1.851159019691504426e+01
2.293806256239547814e+00 1.490369892794095996e+01
2.295364019401679556e+00 1.223744799378219028e+01
2.296921782563811298e+00 1.336883631479326517e+01
2.298479545725943929e+00 1.569747118475774172e+01
2.300037308888075671e+00 1.883774270806529572e+01
2.301595072050208302e+00 1.910955527173295820e+01
2.303152835212340044e+00 1.277265849890625304e+01
2.304710598374472674e+00 1.580816313202021206e+01
2.306268361536604417e+00 1.824955930221834066e+01
2.307826124698736159e+00 1.732277288333678200e+01
2.309383887860868789e+00 2.831226551655129597e+01
2.310941651023000531e+00 1.809671597902341134e+01
2.312499414185133162e+00 1.592650376345198104e+01
2.314057177347264904e+00 2.020358233684111582e+01
2.315614940509397535e+00 2.084008651500378662e+01
2.317172703671529277e+00 2.115276055835200353e+01
2.318730466833661019e+00 1.864434852987551139e+01
2.320288229995793650e+00 1.500867495778307159e+01
2.321845993157925392e+00 1.670965417256067553e+01
2.323403756320058022e+00 2.142380751192393618e+01
2.324961519482189765e+00 1.959261171424614290e+01
2.326519282644322395e+00 2.314069506469872906e+01
2.328077045806454137e+00 1.570838561954182389e+01
2.329634808968585880e+00 1.570720402426721307e+01
2.331192572130718510e+00 1.705150194373433337e+01
2.332750335292850252e+00 1.613508580430186257e+01
2.334308098454982883e+00 1.264321981403323925e+01
2.335865861617114625e+00 1.337997498939133223e+01
2.337423624779247255e+00 1.542337142882142409e+01
2.338981387941378998e+00 2.282657484376646551e+01
2.340539151103510740e+00 2.027355197969261269e+01
2.342096914265643370e+00 2.496457163295124104e+01
2.343654677427775113e+00 1.557337345767673753e+01
2.345212440589907743e+00 1.640614128274951611e+01
2.346770203752039485e+00 1.440757231057775911e+01
2.348327966914172116e+00 1.825946761684022945e+01
2.349885730076303858e+00 2.047398486158462916e+01
2.351443493238435600e+00 2.002668640451383553e+01
2.353001256400568231e+00 1.903792136464505802e+01
2.354559019562699973e+00 1.557643519862176262e+01
2.356116782724832603e+00 1.758988171708409354e+01
2.357674545886964346e+00 1.940673955438233023e+01
2.359232309049096976e+00 1.680048504851384195e+01
2.360790072211228718e+00 1.723948321904623882e+01
2.362347835373360461e+00 2.069832551520945074e+01
2.363905598535493091e+00 1.705433367352003771e+01
2.365463361697624833e+00 1.528798766657249963e+01
2.367021124859757464e+00 1.646461753252248883e+01
2.368578888021889206e+00 1.948334746380330529e+01
2.370136651184020948e+00 1.949586459343132105e+01
2.371694414346153579e+00 1.766253375421027982e+01
2.373252177508285321e+00 1.724407830742047310e+01
2.374809940670417951e+00 1.919017437210301580e+01
2.376367703832549694e+00 1.733375860329461915e+01
2.377925466994682324e+00 2.389427909148005114e+01
2.379483230156814066e+00 1.681168735920621415e+01
2.381040993318945809e+00 1.917773098393599440e+01
2.382598756481078439e+00 2.163136312752446599e+01
2.384156519643210181e+00 1.921772359214730841e+01
2.385714282805342812e+00 1.567883295782265307e+01
2.387272045967474554e+00 1.372319733557925225e+01
2.388829809129607185e+00 1.429709426292924590e+01
2.390387572291738927e+00 1.630263951085134977e+01
2.391945335453870669e+00 1.990208147224717550e+01
2.393503098616003300e+00 1.590872563201127754e+01
2.395060861778135042e+00 1.752064444952079469e+01
2.396618624940267672e+00 1.766972714285530088e+01
2.398176388102399414e+00 2.005511970132796051e+01
2.399734151264532045e+00 1.862986991635082745e+01
2.401291914426663787e+00 1.731191401861351764e+01
2.402849677588795529e+00 1.952039825256026617e+01
2.404407440750928160e+00 1.918918285636744869e+01
2.405965203913059902e+00 1.661535160012048706e+01
2.407522967075192533e+00 1.628887334652179675e+01
2.409080730237324275e+00 2.047790151295435379e+01
2.410638493399456905e+00 1.986622149757672418e+01
2.412196256561588648e+00 1.946047136422293278e+01
2.413754019723720390e+00 1.574547255495964393e+01
2.415311782885853020e+00 1.731834088878513001e+01
2.416869546047984763e+00 1.917173360472086330e+01
2.418427309210117393e+00 1.998797372992876831e+01
2.419985072372249135e+00 1.783285367663691900e+01
2.421542835534381766e+00 1.892059096511665572e+01
2.423100598696513508e+00 2.015952268457091634e+01
2.424658361858645250e+00 2.029084201087200157e+01
2.426216125020777881e+00 2.065329052830296419e+01
2.427773888182909623e+00 1.696314629022815268e+01
2.429331651345042253e+00 1.828000965774297271e+01
2.430889414507173996e+00 1.549903784862761746e+01
2.432447177669306626e+00 1.545387287165012147e+01
2.434004940831438368e+00 1.761384509499448825e+01
2.435562703993570111e+00 1.532336913760280339e+01
2.437120467155702741e+00 1.511725467619168839e+01
2.438678230317834483e+00 1.618466167260901756e+01
2.440235993479967114e+00 1.682130111862911548e+01
2.441793756642098856e+00 1.698719905803593022e+01
2.443351519804231486e+00 1.612154516286176431e+01
2.444909282966363229e+00 1.669416826141589638e+01
2.446467046128494971e+00 1.973404915189744813e+01
2.448024809290627601e+00 1.817086674666732193e+01
2.449582572452759344e+00 1.757022447115434360e+01
2.451140335614891974e+00 2.051859034536811066e+01
2.452698098777023716e+00 1.843470537567853995e+01
2.454255861939155459e+00 1.945378588632008032e+01
2.455813625101288089e+00 1.988431316562827433e+01
2.457371388263419831e+00 1.744310928555942652e+01
2.458929151425552462e+00 1.648695417492850623e+01
2.460486914587684204e+00 1.679296252062613704e+01
2.462044677749816834e+00 2.001579275147422976e+01
2.463602440911948577e+00 2.292918822410302582e+01
2.465160204074080319e+00 2.422030525432467130e+01
2.466717967236212949e+00 2.010771547701159179e+01
2.468275730398344692e+00 1.521721526815888303e+01
2.469833493560477322e+00 2.076855979775311312e+01
2.471391256722609064e+00 1.660187580199781721e+01
2.472949019884741695e+00 1.603126080966307754e+01
2.474506783046873437e+00 1.740720747267855728e+01
2.476064546209005179e+00 1.924076777400556182e+01
2.477622309371137810e+00 2.288210850452567513e+01
2.479180072533269552e+00 2.138546965680184897e+01
2.480737835695402183e+00 2.049565197769355152e+01
2.482295598857533925e+00 1.914990266544765518e+01
2.483853362019666555e+00 1.971934466655758200e+01
2.485411125181798297e+00 1.898208328074392881e+01
2.486968888343930040e+00 2.185656366758290403e+01
2.488526651506062670e+00 1.987589709686099226e+01
2.490084414668194412e+00 2.160020453128301909e+01
2.491642177830327043e+00 2.243148475983701928e+01
2.493199940992458785e+00 2.011823476115158371e+01
2.494757704154591416e+00 1.930543964359769760e+01
2.496315467316723158e+00 2.093894122320521944e+01
2.497873230478854900e+00 1.799544404822973931e+01
2.499430993640987531e+00 1.570954230272401198e+01
2.500988756803119273e+00 1.564604502514404416e+01
2.502546519965251903e+00 1.957790484729057567e+01
2.504104283127383646e+00 2.077974976417970510e+01
2.505662046289516276e+00 2.059523276616014442e+01
2.507219809451648018e+00 1.940182420597900759e+01
2.508777572613779761e+00 1.982463960393283386e+01
2.510335335775912391e+00 2.055999934987368505e+01
2.511893098938044133e+00 2.028733948607412074e+01
2.513450862100176764e+00 1.818469638506421759e+01
2.515008625262308506e+00 1.858808994604704523e+01
2.516566388424441136e+00 1.681964449514044091e+01
2.518124151586572879e+00 2.000745886067305435e+01
2.519681914748704621e+00 1.777473568501842749e+01
2.521239677910837251e+00 1.968375334729553217e+01
2.522797441072968994e+00 1.838467685811501440e+01
2.524355204235101624e+00 1.502149863586491740e+01
2.525912967397233366e+00 1.642437118908090454e+01
2.527470730559365997e+00 1.828171285451925598e+01
2.529028493721497739e+00 1.691566056624056102e+01
2.530586256883629481e+00 1.471745292111460657e+01
2.532144020045762112e+00 1.828194421864094821e+01
2.533701783207893854e+00 1.676259485310302466e+01
2.535259546370026484e+00 1.741478405201608481e+01
2.536817309532158227e+00 2.235264393937390892e+01
2.538375072694289969e+00 1.749042974177314846e+01
2.539932835856422599e+00 1.778564475446810178e+01
2.541490599018554342e+00 1.917930043115216066e+01
2.543048362180686972e+00 1.731403043412691289e+01
2.544606125342818714e+00 1.378345274520245667e+01
2.546163888504951345e+00 1.478738997004308331e+01
2.547721651667083087e+00 1.738479316589536339e+01
2.549279414829214829e+00 1.509053577204899632e+01
2.550837177991347460e+00 1.653087513446749668e+01
2.552394941153479202e+00 1.232709184311519479e+01
2.553952704315611832e+00 1.699521618772854126e+01
2.555510467477743575e+00 1.500152924048629366e+01
2.557068230639876205e+00 1.666894750321653618e+01
2.558625993802007947e+00 1.659949557640004159e+01
2.560183756964139690e+00 2.056583146022287067e+01
2.561741520126272320e+00 2.002473189845194312e+01
2.563299283288404062e+00 2.002789514217715450e+01
2.564857046450536693e+00 2.109372065909034788e+01
2.566414809612668435e+00 2.134154002359634461e+01
2.567972572774801066e+00 2.008111820581395790e+01
2.569530335936932808e+00 1.192152560498827008e+01
2.571088099099064550e+00 2.008389881762725082e+01
2.572645862261197180e+00 2.176967162767364883e+01
2.574203625423328923e+00 2.054778526960661011e+01
2.575761388585461553e+00 2.174618424164819430e+01
2.577319151747593295e+00 1.828237455260399358e+01
2.578876914909725926e+00 1.719597084746337856e+01
2.580434678071857668e+00 1.874553481731572546e+01
2.581992441233989410e+00 1.682113522284366880e+01
2.583550204396122041e+00 1.388323507289774383e+01
2.585107967558253783e+00 1.572624463895578018e+01
2.586665730720386414e+00 1.838297209298040968e+01
2.588223493882518156e+00 2.169554042463186150e+01
2.589781257044650786e+00 1.762667119457113785e+01
2.591339020206782529e+00 1.687039062126097022e+01
2.592896783368914271e+00 1.796435516684266531e+01
2.594454546531046901e+00 2.092681342975228631e+01
2.596012309693178643e+00 2.009885729988739911e+01
2.597570072855311274e+00 1.767044053203114018e+01
2.599127836017443016e+00 1.616258036989145808e+01
2.600685599179575647e+00 1.530515052615211680e+01
2.602243362341707389e+00 1.459701983721144991e+01
2.603801125503839131e+00 1.827874060261373046e+01
2.605358888665971762e+00 1.862750739502449804e+01
2.606916651828103504e+00 1.870114327270914245e+01
2.608474414990236134e+00 1.942937723435598230e+01
2.610032178152367877e+00 2.157318674737081210e+01
2.611589941314500507e+00 2.279355616149103270e+01
2.613147704476632249e+00 2.167768214737462884e+01
2.614705467638763992e+00 1.859992473656998158e+01
2.616263230800896622e+00 1.591707860240483008e+01
2.617820993963028364e+00 1.772414764214196126e+01
2.619378757125160995e+00 1.983006147266120678e+01
2.620936520287292737e+00 1.955953169266496161e+01
2.622494283449425367e+00 1.541092674924481543e+01
2.624052046611557110e+00 1.675821163243003653e+01
2.625609809773688852e+00 1.900886899378954098e+01
2.627167572935821482e+00 1.635740042508798453e+01
2.628725336097953225e+00 1.652702289955675141e+01
2.630283099260085855e+00 1.668975714284341194e+01
2.631840862422217597e+00 1.680679740334230488e+01
2.633398625584349340e+00 1.704406478847444362e+01
2.634956388746481970e+00 1.534194629086121076e+01
2.636514151908613712e+00 1.977153826812203974e+01
2.638071915070746343e+00 1.246761142436959879e+01
2.639629678232878085e+00 1.407790123792408821e+01
2.641187441395010715e+00 1.960234143168083776e+01
2.642745204557142458e+00 1.710642862201547842e+01
2.644302967719274200e+00 1.645778383072969220e+01
2.645860730881406830e+00 1.661350707115370184e+01
2.647418494043538573e+00 1.438279467964487957e+01
2.648976257205671203e+00 1.665072893883263205e+01
2.650534020367802945e+00 1.922085565429410892e+01
2.652091783529935576e+00 1.813509684991556625e+01
2.653649546692067318e+00 1.747521111166906849e+01
2.655207309854199060e+00 1.941565623714640410e+01
2.656765073016331691e+00 1.537819161317732508e+01
2.658322836178463433e+00 1.503174247955348264e+01
2.659880599340596063e+00 1.796734991014250227e+01
2.661438362502727806e+00 1.674153052328847835e+01
2.662996125664860436e+00 1.660355071102767965e+01
2.664553888826992178e+00 1.363235490523239690e+01
2.666111651989123921e+00 1.283575823803720439e+01
2.667669415151256551e+00 1.632853017082863900e+01
2.669227178313388293e+00 1.495688095254992689e+01
2.670784941475520924e+00 1.608259502146327335e+01
2.672342704637652666e+00 1.847353071294185156e+01
2.673900467799785297e+00 1.874810356076064011e+01
2.675458230961917039e+00 2.252100275617975456e+01
2.677015994124048781e+00 1.840211316779352302e+01
2.678573757286181412e+00 1.781139236566090744e+01
2.680131520448313154e+00 1.970518774476056123e+01
2.681689283610445784e+00 1.859427851122243069e+01
2.683247046772577526e+00 1.528741510232324607e+01
2.684804809934710157e+00 1.458810818263505560e+01
2.686362573096841899e+00 1.777788782239970544e+01
2.687920336258973641e+00 2.148064293109444023e+01
2.689478099421106272e+00 2.169448026737450164e+01
2.691035862583238014e+00 2.044782327167542846e+01
2.692593625745370645e+00 1.593075549579293337e+01
2.694151388907502387e+00 2.043306862726664619e+01
2.695709152069635017e+00 1.760680232202404483e+01
2.697266915231766760e+00 1.377371467640243985e+01
2.698824678393898502e+00 1.267665642519894220e+01
2.700382441556031132e+00 1.538779436188326244e+01
2.701940204718162875e+00 1.826908131807911317e+01
2.703497967880295505e+00 1.660494964550378327e+01
2.705055731042427247e+00 1.626900049476759591e+01
2.706613494204559878e+00 1.647882698568682258e+01
2.708171257366691620e+00 1.377312534251872655e+01
2.709729020528823362e+00 1.563425750247105128e+01
2.711286783690955993e+00 1.431396764538653166e+01
2.712844546853087735e+00 1.681679650429169115e+01
2.714402310015220365e+00 1.838026034758714644e+01
2.715960073177352108e+00 1.638099473637670300e+01
2.717517836339483850e+00 1.568174331067315208e+01
2.719075599501616480e+00 1.576425275789866376e+01
2.720633362663748223e+00 1.363195750765792980e+01
2.722191125825880853e+00 1.919447725672795002e+01
2.723748888988012595e+00 2.168669122072054378e+01
2.725306652150145226e+00 1.540051342680425783e+01
2.726864415312276968e+00 2.102810247601128424e+01
2.728422178474408710e+00 1.977275173587905854e+01
2.729979941636541341e+00 1.503498753482586991e+01
2.731537704798673083e+00 1.428759388396074570e+01
2.733095467960805713e+00 1.638809685771888169e+01
2.734653231122937456e+00 1.834888049547490851e+01
2.736210994285070086e+00 1.644304079615564618e+01
2.737768757447201828e+00 1.496175632462880323e+01
2.739326520609333571e+00 1.641638658784893323e+01
2.740884283771466201e+00 1.101619585778778010e+01
2.742442046933597943e+00 1.863010865068235233e+01
2.743999810095730574e+00 1.955852711075367267e+01
2.745557573257862316e+00 1.515376545184927437e+01
2.747115336419994946e+00 1.865386295343496315e+01
2.748673099582126689e+00 1.721583655813453007e+01
2.750230862744258431e+00 1.344434766150695459e+01
2.751788625906391061e+00 1.583423348293965738e+01
2.753346389068522804e+00 2.194420323005002516e+01
2.754904152230655434e+00 1.710187261102435130e+01
2.756461915392787176e+00 1.884088635182351368e+01
2.758019678554919807e+00 1.948210089091461228e+01
2.759577441717051549e+00 2.055092515316179913e+01
2.761135204879183291e+00 1.761901146155727105e+01
2.762692968041315922e+00 1.682126101934400353e+01
2.764250731203447664e+00 1.781374015325863880e+01
2.765808494365580295e+00 1.819102859589514054e+01
2.767366257527712037e+00 1.773129817924335683e+01
2.768924020689844667e+00 1.845900905210082854e+01
2.770481783851976409e+00 2.144921575564689320e+01
2.772039547014108152e+00 1.552183520142032336e+01
2.773597310176240782e+00 1.895940949016270949e+01
2.775155073338372524e+00 1.588263825845978339e+01
2.776712836500505155e+00 1.383564513634253501e+01
2.778270599662636897e+00 1.784757894104822284e+01
2.779828362824769528e+00 1.642421502091966801e+01
2.781386125986901270e+00 1.574498785125932621e+01
2.782943889149033012e+00 1.680949968936777950e+01
2.784501652311165643e+00 1.489525333271848595e+01
2.786059415473297385e+00 1.494749852391846190e+01
2.787617178635430015e+00 2.035986593050517612e+01
2.789174941797561758e+00 1.552152292655229893e+01
2.790732704959694388e+00 1.429833536062198007e+01
2.792290468121826130e+00 1.349568316461532369e+01
2.793848231283957873e+00 1.477533093759060101e+01
2.795405994446090503e+00 1.683898467180278757e+01
2.796963757608222245e+00 1.687390346959606191e+01
2.798521520770354876e+00 1.667752758962132376e+01
2.800079283932486618e+00 2.041186824306891978e+01
2.801637047094618360e+00 2.215866437898777264e+01
2.803194810256750991e+00 1.847135838934788055e+01
2.804752573418882733e+00 1.804905921170953675e+01
2.806310336581015363e+00 1.634477261681484350e+01
2.807868099743147106e+00 1.383791125372848185e+01
2.809425862905279736e+00 1.430979925185691748e+01
2.810983626067411478e+00 1.682648422364881213e+01
2.812541389229543221e+00 1.606725026650725496e+01
2.814099152391675851e+00 1.706473946537294850e+01
2.815656915553807593e+00 1.784330690103154993e+01
2.817214678715940224e+00 1.839026058553027454e+01
2.818772441878071966e+00 1.823934078760530042e+01
2.820330205040204596e+00 1.525839852521314555e+01
2.821887968202336339e+00 1.741743302699626383e+01
2.823445731364468081e+00 1.936573627886324900e+01
2.825003494526600711e+00 1.576133409132917507e+01
2.826561257688732454e+00 1.592327055339633191e+01
2.828119020850865084e+00 2.074102184359184875e+01
2.829676784012996826e+00 1.715192937182624533e+01
2.831234547175129457e+00 1.425479221745474945e+01
2.832792310337261199e+00 1.711105969207894972e+01
2.834350073499392941e+00 1.851937232070585537e+01
2.835907836661525572e+00 1.646991440610581492e+01
2.837465599823657314e+00 1.693792618712353715e+01
2.839023362985789944e+00 1.461778972115137698e+01
2.840581126147921687e+00 1.838006393371868441e+01
2.842138889310054317e+00 1.294078641064291268e+01
2.843696652472186059e+00 1.300923669637938929e+01
2.845254415634317802e+00 1.675372380470449940e+01
2.846812178796450432e+00 2.075434212297286862e+01
2.848369941958582174e+00 2.137339711654912833e+01
2.849927705120714805e+00 1.717744061954669021e+01
2.851485468282846547e+00 1.616932014160303410e+01
2.853043231444979178e+00 1.866439512278886070e+01
2.854600994607110920e+00 2.431641839764266066e+01
2.856158757769242662e+00 1.274278567967877329e+01
2.857716520931375292e+00 1.611716890105176958e+01
2.859274284093507035e+00 1.675446166188764963e+01
2.860832047255639665e+00 1.506100768973502646e+01
2.862389810417771407e+00 1.547523655235761986e+01
2.863947573579904038e+00 1.855870424479591563e+01
2.865505336742035780e+00 1.870254786556525417e+01
2.867063099904167522e+00 1.285500569066059384e+01
2.868620863066300153e+00 8.690991403488000699e+00
2.870178626228431895e+00 1.473765191395779794e+01
2.871736389390564526e+00 2.034982351183666438e+01
2.873294152552696268e+00 1.296610776051016067e+01
2.874851915714828898e+00 1.430072106850080793e+01
2.876409678876960641e+00 1.659480569874284939e+01
2.877967442039092383e+00 1.506171109822151521e+01
2.879525205201225013e+00 1.477832728189452283e+01
2.881082968363356756e+00 1.481531427216729568e+01
2.882640731525489386e+00 1.766728104949368472e+01
2.884198494687621128e+00 1.650813414150600877e+01
2.885756257849752870e+00 1.851533768837370886e+01
2.887314021011885501e+00 1.674973777620225945e+01
2.888871784174017243e+00 1.193387223087277782e+01
2.890429547336149874e+00 1.515249942331561783e+01
2.891987310498281616e+00 1.625002834850351263e+01
2.893545073660414246e+00 1.684072994550532343e+01
2.895102836822545989e+00 1.836031972461192652e+01
2.896660599984677731e+00 1.410941421850520250e+01
2.898218363146810361e+00 1.630829859209980626e+01
2.899776126308942104e+00 1.462439330373301338e+01
2.901333889471074734e+00 1.778719155027900456e+01
2.902891652633206476e+00 1.799096665139366991e+01
2.904449415795339107e+00 2.017574655432688147e+01
2.906007178957470849e+00 1.771130474394825782e+01
2.907564942119602591e+00 1.566731000221098746e+01
2.909122705281735222e+00 1.614201566445825620e+01
2.910680468443866964e+00 1.706658462597282977e+01
2.912238231605999594e+00 1.386457982111301668e+01
2.913795994768131337e+00 1.784465506493251397e+01
2.915353757930263967e+00 1.284215629918478641e+01
2.916911521092395709e+00 1.735765872049440262e+01
2.918469284254527452e+00 1.953275341241309704e+01
2.920027047416660082e+00 1.957066899201564780e+01
2.921584810578791824e+00 1.929451892617050746e+01
2.923142573740924455e+00 1.790174978136584727e+01
2.924700336903056197e+00 1.699254577601780980e+01
2.926258100065188827e+00 1.567927584362625026e+01
2.927815863227320570e+00 1.825192668049278666e+01
2.929373626389452312e+00 1.891851482299702880e+01
2.930931389551584942e+00 1.766392202510269271e+01
2.932489152713716685e+00 1.514248901343914966e+01
2.934046915875849315e+00 1.321672655919863892e+01
2.935604679037981057e+00 1.568095392612438133e+01
2.937162442200113688e+00 1.626255606206408899e+01
2.938720205362245430e+00 1.525293570677648169e+01
2.940277968524377172e+00 1.609729400850974557e+01
2.941835731686509803e+00 1.765571318331031847e+01
2.943393494848641545e+00 1.640035316402360976e+01
2.944951258010774175e+00 1.461086055784357107e+01
2.946509021172905918e+00 1.711707019116336070e+01
2.948066784335038548e+00 1.755148315516903423e+01
2.949624547497170290e+00 1.835501990561200358e+01
2.951182310659302033e+00 1.807328122040994600e+01
2.952740073821434663e+00 1.716424980492602259e+01
2.954297836983566405e+00 1.544461439963199112e+01
2.955855600145699036e+00 1.489111423850705584e+01
2.957413363307830778e+00 1.695028543465400261e+01
2.958971126469963409e+00 1.749868280675906362e+01
2.960528889632095151e+00 2.669983406511436286e+01
2.962086652794226893e+00 1.650243497367947398e+01
2.963644415956359524e+00 1.555072329674739962e+01
2.965202179118491266e+00 1.582134821545373882e+01
2.966759942280623896e+00 1.579306748982123665e+01
2.968317705442755639e+00 1.517320266927904981e+01
2.969875468604888269e+00 1.554335315920679861e+01
2.971433231767020011e+00 1.739776543400389031e+01
2.972990994929151753e+00 1.514239984958958196e+01
2.974548758091284384e+00 1.852072994305835962e+01
2.976106521253416126e+00 1.967834884780628713e+01
2.977664284415548757e+00 1.801920292003115165e+01
2.979222047577680499e+00 1.875232050806278039e+01
2.980779810739812241e+00 1.836548165509915975e+01
2.982337573901944872e+00 1.530867586325662089e+01
2.983895337064076614e+00 1.423220247202994315e+01
2.985453100226209244e+00 1.670004069957430914e+01
2.987010863388340987e+00 2.066655768160598683e+01
2.988568626550473617e+00 1.293486154790471154e+01
2.990126389712605359e+00 1.623757025916621188e+01
2.991684152874737102e+00 1.378538343011837419e+01
2.993241916036869732e+00 1.680453971708885774e+01
2.994799679199001474e+00 1.823492726495423355e+01
2.996357442361134105e+00 1.707548564475878905e+01
2.997915205523265847e+00 1.739204307842433650e+01
2.999472968685398477e+00 1.823297348088882686e+01
3.001030731847530220e+00 1.045593456363131324e+01
3.002588495009661962e+00 1.753945152695207810e+01
3.004146258171794592e+00 2.362348644085553317e+01
3.005704021333926335e+00 1.971129394434974103e+01
3.007261784496058965e+00 1.572708428131887715e+01
3.008819547658190707e+00 1.497333358634865697e+01
3.010377310820323338e+00 1.549452407523907738e+01
3.011935073982455080e+00 1.619631667847555079e+01
3.013492837144586822e+00 1.927582579383483363e+01
3.015050600306719453e+00 1.706006546580504946e+01
3.016608363468851195e+00 2.239967941773610249e+01
3.018166126630983825e+00 1.728968295534702193e+01
3.019723889793115568e+00 1.642166432803837495e+01
3.021281652955248198e+00 1.754636585765558010e+01
3.022839416117379940e+00 1.688537472079940471e+01
3.024397179279511683e+00 1.601017981856855599e+01
3.025954942441644313e+00 1.584313785823705345e+01
3.027512705603776055e+00 1.915726541286098694e+01
3.029070468765908686e+00 1.629537520810229623e+01
3.030628231928040428e+00 1.615884865518719593e+01
3.032185995090173058e+00 1.629490942236968465e+01
3.033743758252304801e+00 1.631129673235358624e+01
3.035301521414436543e+00 1.727617121957976565e+01
3.036859284576569173e+00 1.649544133272588553e+01
3.038417047738700916e+00 1.454462697522377823e+01
3.039974810900833546e+00 1.396608838684884546e+01
3.041532574062965288e+00 1.394604460535891377e+01
3.043090337225097919e+00 1.749838482449392174e+01
3.044648100387229661e+00 1.575017811195981920e+01
3.046205863549361403e+00 1.815879727445938840e+01
3.047763626711494034e+00 1.465675587042657568e+01
3.049321389873625776e+00 1.536875372955758401e+01
3.050879153035758407e+00 1.575987323552436159e+01
3.052436916197890149e+00 1.827286067682053528e+01
3.053994679360022779e+00 2.126725916850970322e+01
3.055552442522154521e+00 2.271836038108992639e+01
3.057110205684286264e+00 2.122654998030457563e+01
3.058667968846418894e+00 1.819835866609611585e+01
3.060225732008550636e+00 1.763982881966337146e+01
3.061783495170683267e+00 1.460752787469932734e+01
3.063341258332815009e+00 1.591538215022023905e+01
3.064899021494946751e+00 1.731188709094932321e+01
3.066456784657079382e+00 1.565055759690944370e+01
3.068014547819211124e+00 1.096937528083897107e+01
3.069572310981343755e+00 1.668788723050388612e+01
3.071130074143475497e+00 1.834187108857204507e+01
3.072687837305608127e+00 1.678825207680315401e+01
3.074245600467739870e+00 1.522050537209594445e+01
3.075803363629871612e+00 1.703995631539859446e+01
3.077361126792004242e+00 1.848207504666753209e+01
3.078918889954135985e+00 1.727628161553601416e+01
3.080476653116268615e+00 1.652647589141678708e+01
3.082034416278400357e+00 1.548760766022809499e+01
3.083592179440532988e+00 1.794736275442839002e+01
3.085149942602664730e+00 1.507178927432242688e+01
3.086707705764796472e+00 2.117438193252117529e+01
3.088265468926929103e+00 2.215864986515440194e+01
3.089823232089060845e+00 1.559422270720340187e+01
3.091380995251193475e+00 1.389190386256312948e+01
3.092938758413325218e+00 1.981147654498684929e+01
3.094496521575457848e+00 2.182778420785875539e+01
3.096054284737589590e+00 2.003697531437969914e+01
3.097612047899721333e+00 1.925436383914378879e+01
3.099169811061853963e+00 1.615679070802942263e+01
3.100727574223985705e+00 1.627794991068682506e+01
3.102285337386118336e+00 1.826525517483607430e+01
3.103843100548250078e+00 1.764951414035646238e+01
3.105400863710382708e+00 1.715072114886771359e+01
3.106958626872514451e+00 1.654378123477059148e+01
3.108516390034646193e+00 1.494793197444028188e+01
3.110074153196778823e+00 1.674657957616808801e+01
3.111631916358910566e+00 1.713528684222952592e+01
3.113189679521043196e+00 1.591790670386612838e+01
3.114747442683174938e+00 1.838411053743585200e+01
3.116305205845307569e+00 2.014955866068697077e+01
3.117862969007439311e+00 1.807963816250708078e+01
3.119420732169571053e+00 1.502650382562227982e+01
3.120978495331703684e+00 1.662442067436842663e+01
3.122536258493835426e+00 1.857196281697410356e+01
3.124094021655968056e+00 2.068713931915836213e+01
3.125651784818099799e+00 2.100719177376778291e+01
3.127209547980232429e+00 1.814260235456149672e+01
3.128767311142364171e+00 1.795391083257104015e+01
3.130325074304495914e+00 1.844306340868934058e+01
3.131882837466628544e+00 1.901158335706696789e+01
3.133440600628760286e+00 1.849940944933050346e+01
3.134998363790892917e+00 1.636250742611368025e+01
3.136556126953024659e+00 1.717722949191393766e+01
3.138113890115157290e+00 2.184797289788031094e+01
3.139671653277289032e+00 2.021947258351006838e+01
3.141229416439420774e+00 1.567893264934192565e+01
3.142787179601553404e+00 1.486054621791876684e+01
3.144344942763685147e+00 1.894196855644598543e+01
3.145902705925817777e+00 2.231890916328194407e+01
3.147460469087949519e+00 1.510481321515072750e+01
3.149018232250081262e+00 1.239496253512888480e+01
3.150575995412213892e+00 1.125537866112124341e+01
3.152133758574345634e+00 1.333553471689293612e+00
3.153691521736478265e+00 -3.407927560728583050e-01
3.155249284898610007e+00 9.102095813146823811e-02
3.156807048060742638e+00 -2.431062929060976222e-02
3.158364811222874380e+00 6.493163019669929460e-03
3.159922574385006122e+00 -1.734296319647351745e-03
3.161480337547138753e+00 4.632322599174157687e-04
3.163038100709270495e+00 -1.237326804788487660e-04
3.164595863871403125e+00 3.305078927334983302e-05
3.166153627033534868e+00 -8.828617891286856442e-06
3.167711390195667498e+00 2.358407162860170516e-06
3.169269153357799240e+00 -6.300307700360377825e-07
3.170826916519930982e+00 1.683152249825871245e-07
3.172384679682063613e+00 -4.496819841700767359e-08
3.173942442844195355e+00 1.201461398676557980e-08
3.175500206006327986e+00 -3.210245355807409178e-09
3.177057969168459728e+00 8.578128481639817820e-10
3.178615732330592358e+00 -2.292316862200108857e-10
3.180173495492724101e+00 6.126132966428327705e-11
3.181731258654855843e+00 -1.637305648141882310e-11
3.183289021816988473e+00 4.376295025575386307e-12
3.184846784979120216e+00 -1.169819415743572507e-12
3.186404548141252846e+00 3.127289083172323386e-13
3.187962311303384588e+00 -8.360857769281928029e-14
3.189520074465517219e+00 2.235089715467706963e-14
