-3.189520074465516775e+00 0.000000000000000000e+00
-3.187962311303384588e+00 0.000000000000000000e+00
-3.186404548141252402e+00 0.000000000000000000e+00
-3.184846784979120216e+00 2.044084961023663638e+01
-3.183289021816988473e+00 1.973059741823468727e+01
-3.181731258654856287e+00 1.971405095691806153e+01
-3.180173495492724101e+00 1.633420425644495566e+01
-3.178615732330591914e+00 2.554387262630280375e+01
-3.177057969168459728e+00 2.681911467548642136e+01
-3.175500206006327542e+00 1.916411747849017289e+01
-3.173942442844195355e+00 1.985021427755801326e+01
-3.172384679682063613e+00 2.213035263646939299e+01
-3.170826916519931427e+00 2.311478869723114471e+01
-3.169269153357799240e+00 2.307085950629945970e+01
-3.167711390195667054e+00 2.184396285585835429e+01
-3.166153627033534868e+00 1.875345738014580732e+01
-3.164595863871402681e+00 2.445529129274476077e+01
-3.163038100709270939e+00 2.111048867625894587e+01
-3.161480337547138753e+00 1.988814590437640462e+01
-3.159922574385006566e+00 2.295486526695742668e+01
-3.158364811222874380e+00 2.279714631819862447e+01
-3.156807048060742193e+00 2.162047531770006259e+01
-3.155249284898610007e+00 2.101075784236347133e+01
-3.153691521736477821e+00 2.066628100971263393e+01
-3.152133758574346079e+00 1.846798769022410269e+01
-3.150575995412213892e+00 1.922233165408848166e+01
-3.149018232250081706e+00 1.951421689312918062e+01
-3.147460469087949519e+00 1.789030933720350802e+01
-3.145902705925817333e+00 1.854054513559986717e+01
-3.144344942763685147e+00 2.049087509227204151e+01
-3.142787179601552960e+00 2.208065237367789635e+01
-3.141229416439421218e+00 1.990059258313630508e+01
-3.139671653277289032e+00 2.249823969754135788e+01
-3.138113890115156845e+00 2.031820139433691352e+01
-3.136556126953024659e+00 2.500582027169815547e+01
-3.134998363790892473e+00 2.097793866324290946e+01
-3.133440600628760286e+00 2.136695020701475656e+01
-3.131882837466628544e+00 2.480392375793508819e+01
-3.130325074304496358e+00 2.424607726205409008e+01
-3.128767311142364171e+00 2.307434168115968021e+01
-3.127209547980231985e+00 2.177524972191754316e+01
-3.125651784818099799e+00 2.259950172399539881e+01
-3.124094021655967612e+00 2.120482000025466363e+01
-3.122536258493835426e+00 2.494864581095790967e+01
-3.120978495331703684e+00 2.630273661958445430e+01
-3.119420732169571497e+00 2.387115670984458404e+01
-3.117862969007439311e+00 2.072749639504233699e+01
-3.116305205845307125e+00 1.835930940458460014e+01
-3.114747442683174938e+00 2.000177236075746023e+01
-3.113189679521042752e+00 2.006270719384832546e+01
-3.111631916358910566e+00 1.607520286557637945e+01
-3.110074153196778823e+00 1.886414038233918333e+01
-3.108516390034646637e+00 2.350687696714377140e+01
-3.106958626872514451e+00 1.851902335152419710e+01
-3.105400863710382264e+00 1.819700319285717427e+01
-3.103843100548250078e+00 2.072663601803882472e+01
-3.102285337386117892e+00 1.782091065023386278e+01
-3.100727574223985705e+00 1.670934597372120223e+01
-3.099169811061853963e+00 1.945089485206792190e+01
-3.097612047899721777e+00 2.109240092176368719e+01
-3.096054284737589590e+00 1.872227040849140778e+01
-3.094496521575457404e+00 1.679028449016823998e+01
-3.092938758413325218e+00 2.061586723642229657e+01
-3.091380995251193031e+00 2.463317553911571167e+01
-3.089823232089060845e+00 2.366781074855180833e+01
-3.088265468926929103e+00 2.165880305651123550e+01
-3.086707705764796916e+00 2.014363483842749858e+01
-3.085149942602664730e+00 1.912128876697421020e+01
-3.083592179440532544e+00 2.035133145411315070e+01
-3.082034416278400357e+00 2.200077623879482047e+01
-3.080476653116268171e+00 2.005182912974068898e+01
-3.078918889954136429e+00 2.266085310038888068e+01
-3.077361126792004242e+00 2.031735000313728534e+01
-3.075803363629872056e+00 2.235388687807089170e+01
-3.074245600467739870e+00 2.308690258455961697e+01
-3.072687837305607683e+00 2.363105436778597479e+01
-3.071130074143475497e+00 2.385345367529794203e+01
-3.069572310981343310e+00 2.255486930650776500e+01
-3.068014547819211568e+00 2.007529867314574190e+01
-3.066456784657079382e+00 1.993941135441698620e+01
-3.064899021494947196e+00 2.199740783257290033e+01
-3.063341258332815009e+00 1.883812852436322771e+01
-3.061783495170682823e+00 2.236310369046455193e+01
-3.060225732008550636e+00 2.077285691549172242e+01
-3.058667968846418894e+00 2.051233935373886297e+01
-3.057110205684286708e+00 2.317768240929303047e+01
-3.055552442522154521e+00 2.208094119177532377e+01
-3.053994679360022335e+00 2.201875737849329084e+01
-3.052436916197890149e+00 2.346918442019170570e+01
-3.050879153035757962e+00 2.149901991512445321e+01
-3.049321389873625776e+00 2.071860625881053508e+01
-3.047763626711494034e+00 1.831129325357172632e+01
-3.046205863549361847e+00 2.031776015343729469e+01
-3.044648100387229661e+00 2.372059238513829627e+01
-3.043090337225097475e+00 2.266988648716827370e+01
-3.041532574062965288e+00 2.153755241112460084e+01
-3.039974810900833102e+00 2.135671529817211223e+01
-3.038417047738700916e+00 2.111299323520820082e+01
-3.036859284576569173e+00 2.055559637875402501e+01
-3.035301521414436987e+00 2.351322516070541013e+01
-3.033743758252304801e+00 2.380121666035778816e+01
-3.032185995090172614e+00 2.104860259308372505e+01
-3.030628231928040428e+00 2.384044089887255069e+01
-3.029070468765908242e+00 2.385780479539027610e+01
-3.027512705603776055e+00 2.089617466600538265e+01
-3.025954942441644313e+00 1.856437052333383164e+01
-3.024397179279512127e+00 1.903183690413771600e+01
-3.022839416117379940e+00 2.109589155280333728e+01
-3.021281652955247754e+00 2.170418771160845850e+01
-3.019723889793115568e+00 2.318677603669178211e+01
-3.018166126630983381e+00 2.362380754282186501e+01
-3.016608363468851195e+00 2.271825089747908777e+01
-3.015050600306719453e+00 1.678063888316625096e+01
-3.013492837144587266e+00 1.777561400564423266e+01
-3.011935073982455080e+00 2.175133185994238616e+01
-3.010377310820322894e+00 2.131545148172875770e+01
-3.008819547658190707e+00 1.994154276389102520e+01
-3.007261784496058521e+00 2.023219153174658658e+01
-3.005704021333926335e+00 2.051493465211165201e+01
-3.004146258171794592e+00 2.210120337548068292e+01
-3.002588495009662406e+00 1.914133209647181388e+01
-3.001030731847530220e+00 1.936475421190452906e+01
-2.999472968685398033e+00 1.972545497902315148e+01
-2.997915205523265847e+00 1.730016231795643122e+01
-2.996357442361133661e+00 1.596431723129967750e+01
-2.994799679199001918e+00 1.875460759603937433e+01
-2.993241916036869732e+00 2.153197763447956348e+01
-2.991684152874737546e+00 2.109578282994770149e+01
-2.990126389712605359e+00 2.102233074465528873e+01
-2.988568626550473173e+00 2.247579901227037880e+01
-2.987010863388340987e+00 2.315041651324893124e+01
-2.985453100226208800e+00 2.066172188829182943e+01
-2.983895337064077058e+00 2.088844996397442344e+01
-2.982337573901944872e+00 1.886675470753732498e+01
-2.980779810739812685e+00 2.447650721210468916e+01
-2.979222047577680499e+00 2.212813188557253952e+01
-2.977664284415548313e+00 1.999224631356799975e+01
-2.976106521253416126e+00 2.015241804485353683e+01
-2.974548758091284384e+00 1.936936337400287655e+01
-2.972990994929152198e+00 2.047905807830845504e+01
-2.971433231767020011e+00 2.141754039975680968e+01
-2.969875468604887825e+00 2.221432558236938704e+01
-2.968317705442755639e+00 2.203921157103127015e+01
-2.966759942280623452e+00 2.293265374124653277e+01
-2.965202179118491266e+00 1.803344134745091409e+01
-2.963644415956359524e+00 1.929428116511179070e+01
-2.962086652794227337e+00 2.107876075611177313e+01
-2.960528889632095151e+00 1.933471781813239332e+01
-2.958971126469962964e+00 2.006195545929038815e+01
-2.957413363307830778e+00 2.296886413061048415e+01
-2.955855600145698592e+00 2.034284150324510776e+01
-2.954297836983566405e+00 2.133399161125827703e+01
-2.952740073821434663e+00 2.080446967475747755e+01
-2.951182310659302477e+00 2.163567484494436854e+01
-2.949624547497170290e+00 2.119895536296941074e+01
-2.948066784335038104e+00 2.245443360923415099e+01
-2.946509021172905918e+00 2.083773653376744406e+01
-2.944951258010773731e+00 2.275646376365313373e+01
-2.943393494848641545e+00 2.424550482913904048e+01
-2.941835731686509803e+00 2.176981193667550585e+01
-2.940277968524377616e+00 1.949779229449381290e+01
-2.938720205362245430e+00 2.076601612842708988e+01
-2.937162442200113244e+00 2.035991782613807999e+01
-2.935604679037981057e+00 1.986716686595831050e+01
-2.934046915875848871e+00 1.759745662314880121e+01
-2.932489152713716685e+00 2.251821293545151548e+01
-2.930931389551584942e+00 2.185498881621221656e+01
-2.929373626389452756e+00 2.059082843003011121e+01
-2.927815863227320570e+00 2.314989814792390277e+01
-2.926258100065188383e+00 2.243971252202290856e+01
-2.924700336903056197e+00 2.089747763391111945e+01
-2.923142573740924011e+00 1.922768164475513331e+01
-2.921584810578791824e+00 2.055622586181468847e+01
-2.920027047416660082e+00 1.772752424697576856e+01
-2.918469284254527896e+00 1.638283907280277063e+01
-2.916911521092395709e+00 1.930371134738263805e+01
-2.915353757930263523e+00 1.918165437222930336e+01
-2.913795994768131337e+00 1.997759423003743962e+01
-2.912238231605999150e+00 2.281936734288460400e+01
-2.910680468443867408e+00 2.119550444610613127e+01
-2.909122705281735222e+00 1.826854799347691127e+01
-2.907564942119603035e+00 1.945520215517282381e+01
-2.906007178957470849e+00 2.024392189409164899e+01
-2.904449415795338663e+00 2.123159700809550898e+01
-2.902891652633206476e+00 2.590568977372594617e+01
-2.901333889471074734e+00 2.517019633585226757e+01
-2.899776126308942548e+00 2.062003030862138075e+01
-2.898218363146810361e+00 1.798292467421997998e+01
-2.896660599984678175e+00 2.024312648355235211e+01
-2.895102836822545989e+00 2.020194331056455539e+01
-2.893545073660413802e+00 2.008331184061292518e+01
-2.891987310498281616e+00 2.073972321335734392e+01
-2.890429547336149874e+00 2.013172195185714131e+01
-2.888871784174017687e+00 2.135098291379954460e+01
-2.887314021011885501e+00 2.384582417989498282e+01
-2.885756257849753315e+00 2.289297008183859106e+01
-2.884198494687621128e+00 2.149390487631909252e+01
-2.882640731525488942e+00 2.179215389980798534e+01
-2.881082968363356756e+00 2.300015877448029400e+01
-2.879525205201225013e+00 2.264945735362550394e+01
-2.877967442039092827e+00 2.355509640753995981e+01
-2.876409678876960641e+00 2.361522394851808215e+01
-2.874851915714828454e+00 2.271243903250336871e+01
-2.873294152552696268e+00 2.464904574451531971e+01
-2.871736389390564081e+00 2.644619565374438253e+01
-2.870178626228431895e+00 2.560587057464161020e+01
-2.868620863066300153e+00 2.190050188887315485e+01
-2.867063099904167967e+00 2.013802491272781836e+01
-2.865505336742035780e+00 1.926433759852985972e+01
-2.863947573579903594e+00 1.881666154383457013e+01
-2.862389810417771407e+00 1.715215331824018463e+01
-2.860832047255639221e+00 1.787186273178039286e+01
-2.859274284093507035e+00 2.061410203822674347e+01
-2.857716520931375292e+00 2.305072037105456673e+01
-2.856158757769243106e+00 2.453500441923729269e+01
-2.854600994607110920e+00 2.457105571741634265e+01
-2.853043231444978733e+00 2.474448098481643044e+01
-2.851485468282846547e+00 2.586667060373559934e+01
-2.849927705120714361e+00 2.312184561194986898e+01
-2.848369941958582174e+00 2.703111933376985832e+01
-2.846812178796450432e+00 2.294318814671058959e+01
-2.845254415634318246e+00 1.853294691558260254e+01
-2.843696652472186059e+00 1.814733468397214011e+01
-2.842138889310053873e+00 2.064902353036337956e+01
-2.840581126147921687e+00 2.039697684059544613e+01
-2.839023362985789500e+00 1.705316154264732731e+01
-2.837465599823657314e+00 1.832020789418206164e+01
-2.835907836661525572e+00 2.282353899485012505e+01
-2.834350073499393385e+00 1.884974196752636999e+01
-2.832792310337261199e+00 2.129295540760257666e+01
-2.831234547175129013e+00 1.949169170523454753e+01
-2.829676784012996826e+00 1.995747667372961232e+01
-2.828119020850865084e+00 2.070348060334602280e+01
-2.826561257688732898e+00 1.750468538351623948e+01
-2.825003494526600711e+00 1.642687164010437684e+01
-2.823445731364468525e+00 1.911991347820173459e+01
-2.821887968202336339e+00 2.172684935877175860e+01
-2.820330205040204152e+00 2.354070146612367154e+01
-2.818772441878071966e+00 2.298800070929599570e+01
-2.817214678715940224e+00 1.997416329312281391e+01
-2.815656915553808037e+00 2.564511280880229194e+01
-2.814099152391675851e+00 2.369224197610778404e+01
-2.812541389229543665e+00 2.294694577930146551e+01
-2.810983626067411478e+00 2.523019772169936203e+01
-2.809425862905279292e+00 2.090008219155458491e+01
-2.807868099743147106e+00 1.836503698898347636e+01
-2.806310336581015363e+00 1.987224529810910667e+01
-2.804752573418883177e+00 2.154708400782019950e+01
-2.803194810256750991e+00 2.170179860325742283e+01
-2.801637047094618804e+00 2.137139043332643240e+01
-2.800079283932486618e+00 1.870579470067153594e+01
-2.798521520770354432e+00 2.018660635317622365e+01
-2.796963757608222245e+00 1.805218054813834172e+01
-2.795405994446090503e+00 1.955303334964688844e+01
-2.793848231283958317e+00 1.637532651618331414e+01
-2.792290468121826130e+00 1.861617428161320120e+01
-2.790732704959693944e+00 2.101077043491548224e+01
-2.789174941797561758e+00 1.968305556177404370e+01
-2.787617178635429571e+00 1.990468837438870153e+01
-2.786059415473297385e+00 2.056340304783096329e+01
-2.784501652311165643e+00 2.085397402484339580e+01
-2.782943889149033456e+00 2.021683615954688307e+01
-2.781386125986901270e+00 2.124344936040620979e+01
-2.779828362824769084e+00 2.192450711242148387e+01
-2.778270599662636897e+00 2.084880608104639421e+01
-2.776712836500504711e+00 1.858709872148626374e+01
-2.775155073338372524e+00 2.128795578637454255e+01
-2.773597310176240782e+00 2.268383861070511287e+01
-2.772039547014108596e+00 2.219868137027863142e+01
-2.770481783851976409e+00 2.309971398707364543e+01
-2.768924020689844223e+00 2.305431721541220469e+01
-2.767366257527712037e+00 2.187422243180827408e+01
-2.765808494365579850e+00 2.189366556340948833e+01
-2.764250731203447664e+00 2.135592087242899950e+01
-2.762692968041315922e+00 2.132778172626748159e+01
-2.761135204879183735e+00 1.965406358101079931e+01
-2.759577441717051549e+00 1.969663892933825622e+01
-2.758019678554919363e+00 1.991774530949694011e+01
-2.756461915392787176e+00 1.880660301665018963e+01
-2.754904152230654990e+00 2.155942277015897801e+01
-2.753346389068522804e+00 2.062200973841708773e+01
-2.751788625906391061e+00 1.811750850504482813e+01
-2.750230862744258875e+00 2.318889049237868960e+01
-2.748673099582126689e+00 2.641406575517967426e+01
-2.747115336419994502e+00 2.349813820455258906e+01
-2.745557573257862316e+00 2.153744238722264726e+01
-2.743999810095730574e+00 2.157608271965241897e+01
-2.742442046933598387e+00 1.891052650622827258e+01
-2.740884283771466201e+00 2.328747615638707558e+01
-2.739326520609334015e+00 2.520897280549705854e+01
-2.737768757447201828e+00 2.460468340795437925e+01
-2.736210994285069642e+00 2.111313530800109817e+01
-2.734653231122937456e+00 2.006136048713615949e+01
-2.733095467960805713e+00 2.291533165657652660e+01
-2.731537704798673527e+00 1.958551489032987192e+01
-2.729979941636541341e+00 1.637229502416491300e+01
-2.728422178474409154e+00 1.897290147840810093e+01
-2.726864415312276968e+00 1.890056216965194835e+01
-2.725306652150144782e+00 2.032914328672768178e+01
-2.723748888988012595e+00 2.119105087380868468e+01
-2.722191125825880853e+00 2.027855292911949903e+01
-2.720633362663748667e+00 1.918011248750100606e+01
-2.719075599501616480e+00 2.192598778645807300e+01
-2.717517836339484294e+00 1.866417909936956576e+01
-2.715960073177352108e+00 1.814478940857776834e+01
-2.714402310015219921e+00 2.029924202107752862e+01
-2.712844546853087735e+00 1.765069213228698430e+01
-2.711286783690955993e+00 1.548104995544787599e+01
-2.709729020528823806e+00 1.957854370061662763e+01
-2.708171257366691620e+00 2.293004471479402184e+01
-2.706613494204559434e+00 2.589166911540586113e+01
-2.705055731042427247e+00 2.347034635927046864e+01
-2.703497967880295061e+00 1.959518757189756144e+01
-2.701940204718162875e+00 1.931315820392601168e+01
-2.700382441556031132e+00 2.125674481710400343e+01
-2.698824678393898946e+00 2.318653783081195030e+01
-2.697266915231766760e+00 2.639881789334686246e+01
-2.695709152069634573e+00 2.507913913617666424e+01
-2.694151388907502387e+00 2.173424051317158856e+01
-2.692593625745370201e+00 2.405702201996617973e+01
-2.691035862583238014e+00 2.614203307365349360e+01
-2.689478099421106272e+00 2.470848357884216284e+01
-2.687920336258974086e+00 2.188262347257861151e+01
-2.686362573096841899e+00 2.157884133691990058e+01
-2.684804809934709713e+00 2.035752774474924109e+01
-2.683247046772577526e+00 1.908925617837949673e+01
-2.681689283610445784e+00 2.264026044729114062e+01
-2.680131520448313154e+00 2.498109055712226834e+01
-2.678573757286181412e+00 2.356612742482361611e+01
-2.677015994124049225e+00 2.211058933471442955e+01
-2.675458230961917039e+00 2.280093818853342569e+01
-2.673900467799784852e+00 2.480179167380865124e+01
-2.672342704637652666e+00 2.621332477763493429e+01
-2.670784941475520924e+00 2.659806591940378340e+01
-2.669227178313388293e+00 2.400278587767604677e+01
-2.667669415151256551e+00 2.590724666393641940e+01
-2.666111651989124365e+00 2.100682149962830181e+01
-2.664553888826992178e+00 2.087152806874853894e+01
-2.662996125664859992e+00 2.286071841819385497e+01
-2.661438362502727806e+00 2.101089044481653900e+01
-2.659880599340596063e+00 2.069777385076090326e+01
-2.658322836178463433e+00 2.523724131032630424e+01
-2.656765073016331691e+00 2.582267964404640992e+01
-2.655207309854199504e+00 2.188370426779336597e+01
-2.653649546692067318e+00 2.104506140194266095e+01
-2.652091783529935132e+00 2.359025546963702524e+01
-2.650534020367802945e+00 2.481381521932476986e+01
-2.648976257205671203e+00 2.711275932045883863e+01
-2.647418494043539017e+00 2.528439831079469613e+01
-2.645860730881406830e+00 2.645882972548017165e+01
-2.644302967719274644e+00 2.198700899514475537e+01
-2.642745204557142458e+00 2.188610401141556849e+01
-2.641187441395010271e+00 2.553082977491371963e+01
-2.639629678232878085e+00 2.391041459564930705e+01
-2.638071915070746343e+00 2.225546881601009019e+01
-2.636514151908614156e+00 2.230299983713984702e+01
-2.634956388746481970e+00 2.412296964257772558e+01
-2.633398625584349784e+00 2.722355794917850247e+01
-2.631840862422217597e+00 2.666521757524288816e+01
-2.630283099260085411e+00 2.116559753464518678e+01
-2.628725336097953225e+00 2.186196454707922499e+01
-2.627167572935821482e+00 2.509333828839642067e+01
-2.625609809773689296e+00 2.513525958846488706e+01
-2.624052046611557110e+00 2.531452937855379304e+01
-2.622494283449424923e+00 2.744825408371394460e+01
-2.620936520287292737e+00 2.623108257784442898e+01
-2.619378757125160551e+00 2.231622847035529134e+01
-2.617820993963028364e+00 2.348872389816225237e+01
-2.616263230800896622e+00 2.424184954378811696e+01
-2.614705467638764436e+00 2.277564716767210840e+01
-2.613147704476632249e+00 2.008523883878662630e+01
-2.611589941314500063e+00 2.002735850906002923e+01
-2.610032178152367877e+00 2.014169090768186976e+01
-2.608474414990235690e+00 2.171677510443826264e+01
-2.606916651828103504e+00 1.927382257441917801e+01
-2.605358888665971762e+00 2.284758227002692976e+01
-2.603801125503839575e+00 2.156917049824473409e+01
-2.602243362341707389e+00 1.832294747343946639e+01
-2.600685599179575203e+00 2.144925869397104989e+01
-2.599127836017443016e+00 2.437906817473886179e+01
-2.597570072855311274e+00 2.498190455493467255e+01
-2.596012309693178643e+00 2.423844541800479035e+01
-2.594454546531046901e+00 2.538521435698522311e+01
-2.592896783368914715e+00 2.183362551485542369e+01
-2.591339020206782529e+00 1.809300617310674042e+01
-2.589781257044650342e+00 1.907286639481133150e+01
-2.588223493882518156e+00 2.183541297363754197e+01
-2.586665730720386414e+00 2.317865318454647294e+01
-2.585107967558253783e+00 2.234444611247737100e+01
-2.583550204396122041e+00 2.437927731642039930e+01
-2.581992441233989855e+00 2.300254171880934706e+01
-2.580434678071857668e+00 2.395618627113176657e+01
-2.578876914909725482e+00 2.456513228929408044e+01
-2.577319151747593295e+00 2.358711131230841573e+01
-2.575761388585461553e+00 2.356103103957681455e+01
-2.574203625423329367e+00 2.156689690540108018e+01
-2.572645862261197180e+00 2.107441564852949867e+01
-2.571088099099064994e+00 2.167389465033294726e+01
-2.569530335936932808e+00 2.279862548760223362e+01
-2.567972572774800621e+00 2.487292422338314779e+01
-2.566414809612668435e+00 2.436730212775094628e+01
-2.564857046450536693e+00 2.031450026492257521e+01
-2.563299283288404506e+00 2.007517761903297782e+01
-2.561741520126272320e+00 2.136697611582339817e+01
-2.560183756964140134e+00 2.457450891163573203e+01
-2.558625993802007947e+00 2.643944727156442553e+01
-2.557068230639875761e+00 2.645698061459571448e+01
-2.555510467477743575e+00 2.506433334219204312e+01
-2.553952704315611832e+00 2.122721845614826819e+01
-2.552394941153479646e+00 2.352253538806542466e+01
-2.550837177991347460e+00 2.770923390342529657e+01
-2.549279414829215273e+00 2.719009100683976499e+01
-2.547721651667083087e+00 2.123343828990113380e+01
-2.546163888504950901e+00 2.060659718448273026e+01
-2.544606125342818714e+00 1.916218421023695129e+01
-2.543048362180686972e+00 2.175916194559877681e+01
-2.541490599018554786e+00 2.288280482439425967e+01
-2.539932835856422599e+00 2.166985220687232783e+01
-2.538375072694290413e+00 2.374304546061382482e+01
-2.536817309532158227e+00 2.644583346433542914e+01
-2.535259546370026040e+00 2.649829581526213573e+01
-2.533701783207893854e+00 2.197949326694263661e+01
-2.532144020045762112e+00 2.067638951965728467e+01
-2.530586256883629925e+00 2.404185551368248497e+01
-2.529028493721497739e+00 2.762894104217365765e+01
-2.527470730559365553e+00 2.692943678444412470e+01
-2.525912967397233366e+00 2.497716481099861241e+01
-2.524355204235101624e+00 2.329815792994740420e+01
-2.522797441072968994e+00 2.042314612024254217e+01
-2.521239677910837251e+00 2.179158714628286830e+01
-2.519681914748705065e+00 2.207083765579994505e+01
-2.518124151586572879e+00 2.282521662894243875e+01
-2.516566388424440692e+00 2.265064953005639481e+01
-2.515008625262308506e+00 2.416689995907471911e+01
-2.513450862100176764e+00 2.675140026835494922e+01
-2.511893098938044133e+00 2.524952641199513081e+01
-2.510335335775912391e+00 2.789377424176818110e+01
-2.508777572613780205e+00 2.404582626577101223e+01
-2.507219809451648018e+00 2.903543000686566700e+01
-2.505662046289515832e+00 2.714757764991764688e+01
-2.504104283127383646e+00 2.545334499940899065e+01
-2.502546519965251903e+00 2.303768220491042129e+01
-2.500988756803119273e+00 2.497956963891565962e+01
-2.499430993640987531e+00 2.519982151863021969e+01
-2.497873230478855344e+00 2.327524690746312430e+01
-2.496315467316723158e+00 2.358393003826564538e+01
-2.494757704154590972e+00 2.333540653237569984e+01
-2.493199940992458785e+00 2.508010800784107985e+01
-2.491642177830327043e+00 2.515275427154297105e+01
-2.490084414668194857e+00 2.143451272623468640e+01
-2.488526651506062670e+00 1.867517712016063669e+01
-2.486968888343930484e+00 2.051965932373805757e+01
-2.485411125181798297e+00 2.373331044023419878e+01
-2.483853362019666111e+00 2.226656655946385044e+01
-2.482295598857533925e+00 2.197312976055570743e+01
-2.480737835695402183e+00 2.096097473728005767e+01
-2.479180072533269996e+00 1.994067351919681741e+01
-2.477622309371137810e+00 2.257300517576237908e+01
-2.476064546209005623e+00 2.771502482624279651e+01
-2.474506783046873437e+00 2.815783367559405903e+01
-2.472949019884741251e+00 2.540289466747993430e+01
-2.471391256722609064e+00 2.579901630557993641e+01
-2.469833493560477322e+00 2.651591663894165052e+01
-2.468275730398345136e+00 2.463886831399537058e+01
-2.466717967236212949e+00 2.738679851501246887e+01
-2.465160204074080763e+00 2.546659656101588354e+01
-2.463602440911948577e+00 2.385323100706350985e+01
-2.462044677749816390e+00 2.643926329747215931e+01
-2.460486914587684204e+00 2.763976612139247990e+01
-2.458929151425552462e+00 2.364739229704402490e+01
-2.457371388263420275e+00 2.356290119188317789e+01
-2.455813625101288089e+00 2.282870787092736009e+01
-2.454255861939155903e+00 2.216130687053246717e+01
-2.452698098777023716e+00 2.441637676929463296e+01
-2.451140335614891530e+00 2.322343131503457769e+01
-2.449582572452759344e+00 2.025826981200905053e+01
-2.448024809290627601e+00 1.786801217119876739e+01
-2.446467046128495415e+00 2.302581843793139527e+01
-2.444909282966363229e+00 2.166098329303981274e+01
-2.443351519804231042e+00 2.100988520953442418e+01
-2.441793756642098856e+00 2.427652120710668271e+01
-2.440235993479967114e+00 2.426134774754374490e+01
-2.438678230317834483e+00 2.551872988261798625e+01
-2.437120467155702741e+00 2.587010271028952957e+01
-2.435562703993570555e+00 2.526023948003143005e+01
-2.434004940831438368e+00 2.519990689022864672e+01
-2.432447177669306182e+00 2.621526263728501860e+01
-2.430889414507173996e+00 2.503403085084054780e+01
-2.429331651345042253e+00 2.456964716004042515e+01
-2.427773888182909623e+00 2.345883502324494430e+01
-2.426216125020777881e+00 2.382431420572654801e+01
-2.424658361858645694e+00 2.362923457449136677e+01
-2.423100598696513508e+00 2.042475525141836101e+01
-2.421542835534381322e+00 2.280572180561012630e+01
-2.419985072372249135e+00 2.237839288010615135e+01
-2.418427309210117393e+00 2.314374513315881643e+01
-2.416869546047984763e+00 2.427254435503112617e+01
-2.415311782885853020e+00 2.316865642144444948e+01
-2.413754019723720834e+00 2.290320748176051779e+01
-2.412196256561588648e+00 2.121657250280031093e+01
-2.410638493399456461e+00 2.184166891689567436e+01
-2.409080730237324275e+00 2.148810050474127920e+01
-2.407522967075192533e+00 2.321103332676412023e+01
-2.405965203913060346e+00 2.538123260986676044e+01
-2.404407440750928160e+00 2.514122075143216861e+01
-2.402849677588795974e+00 2.295322446207051570e+01
-2.401291914426663787e+00 2.296559992017964547e+01
-2.399734151264531601e+00 2.490845763888244946e+01
-2.398176388102399414e+00 2.697487133081977717e+01
-2.396618624940267672e+00 2.942402075501304282e+01
-2.395060861778135486e+00 2.689528916697091177e+01
-2.393503098616003300e+00 2.146133700208728357e+01
-2.391945335453871113e+00 1.857394324146034492e+01
-2.390387572291738927e+00 2.095748331518593233e+01
-2.388829809129606740e+00 2.481651251009211379e+01
-2.387272045967474554e+00 2.526630951516116852e+01
-2.385714282805342812e+00 2.438086804549547537e+01
-2.384156519643210626e+00 1.957471843016275415e+01
-2.382598756481078439e+00 2.034571279841873093e+01
-2.381040993318946253e+00 2.680902757819672999e+01
-2.379483230156814066e+00 2.816993028337235927e+01
-2.377925466994681880e+00 2.401653886032384122e+01
-2.376367703832549694e+00 2.110418207727445861e+01
-2.374809940670417951e+00 2.255705582484049643e+01
-2.373252177508285765e+00 2.410155764072735707e+01
-2.371694414346153579e+00 2.385501174567568938e+01
-2.370136651184021392e+00 2.331764396575917786e+01
-2.368578888021889206e+00 2.244596797716472381e+01
-2.367021124859757464e+00 2.132943214511680807e+01
-2.365463361697624833e+00 2.210073602264890269e+01
-2.363905598535493091e+00 2.915365411290454745e+01
-2.362347835373360905e+00 2.560498749728735746e+01
-2.360790072211228718e+00 2.339785726917765629e+01
-2.359232309049096532e+00 2.458344938400815849e+01
-2.357674545886964346e+00 2.388856602317310518e+01
-2.356116782724832603e+00 2.349309314956750327e+01
-2.354559019562699973e+00 1.960927623649006435e+01
-2.353001256400568231e+00 1.845033520583934106e+01
-2.351443493238436044e+00 2.166585672319126132e+01
-2.349885730076303858e+00 2.362337186916608545e+01
-2.348327966914171672e+00 2.188154215102300526e+01
-2.346770203752039485e+00 2.410746276892553652e+01
-2.345212440589907743e+00 2.807602423552430082e+01
-2.343654677427775113e+00 3.111992850217545126e+01
-2.342096914265643370e+00 2.467523863282874785e+01
-2.340539151103511184e+00 2.539756341917408378e+01
-2.338981387941378998e+00 2.414356783601739664e+01
-2.337423624779246811e+00 2.403642480496632317e+01
-2.335865861617114625e+00 2.741871726301848256e+01
-2.334308098454982883e+00 2.443819653677849146e+01
-2.332750335292850696e+00 2.281937335052518989e+01
-2.331192572130718510e+00 2.457361430372798239e+01
-2.329634808968586324e+00 2.379246160302137980e+01
-2.328077045806454137e+00 2.302196831497759533e+01
-2.326519282644321951e+00 2.762342021534959358e+01
-2.324961519482189765e+00 2.818010187478436279e+01
-2.323403756320058022e+00 2.278989496667987780e+01
-2.321845993157925836e+00 2.577715561683757173e+01
-2.320288229995793650e+00 3.213516854525678923e+01
-2.318730466833661463e+00 2.970215052429849578e+01
-2.317172703671529277e+00 2.226860970871219436e+01
-2.315614940509397091e+00 2.155769775616342088e+01
-2.314057177347264904e+00 2.311048350804658114e+01
-2.312499414185133162e+00 2.204054943449802551e+01
-2.310941651023000976e+00 2.395790165664518767e+01
-2.309383887860868789e+00 2.619342875726759345e+01
-2.307826124698736603e+00 2.252920854443640408e+01
-2.306268361536604417e+00 2.270578625446890797e+01
-2.304710598374472230e+00 2.354392460726461778e+01
-2.303152835212340044e+00 2.103191976894513715e+01
-2.301595072050208302e+00 2.583145750161725829e+01
-2.300037308888076115e+00 2.184987979692317950e+01
-2.298479545725943929e+00 2.006277734445631467e+01
-2.296921782563811743e+00 2.143932448171874583e+01
-2.295364019401679556e+00 2.539194929817385571e+01
-2.293806256239547370e+00 2.808902969391210647e+01
-2.292248493077415183e+00 2.622195771084012605e+01
-2.290690729915283441e+00 2.196679426547597558e+01
-2.289132966753151255e+00 2.106304002300248968e+01
-2.287575203591019068e+00 2.484820566748145154e+01
-2.286017440428886882e+00 2.094901256217048768e+01
-2.284459677266754696e+00 2.133945260435414326e+01
-2.282901914104622954e+00 2.334481269582873253e+01
-2.281344150942490323e+00 2.265249489531693783e+01
-2.279786387780358581e+00 2.187491243226063986e+01
-2.278228624618226394e+00 2.774227594310129774e+01
-2.276670861456094208e+00 2.722410374729622262e+01
-2.275113098293962022e+00 2.668296303424142124e+01
-2.273555335131829835e+00 2.318891550929517820e+01
-2.271997571969698093e+00 2.114984390004483927e+01
-2.270439808807565463e+00 2.303150761308267036e+01
-2.268882045645433720e+00 2.424061519894773298e+01
-2.267324282483301534e+00 2.512717993802680994e+01
-2.265766519321169348e+00 2.512799940384918074e+01
-2.264208756159037161e+00 2.188876737261407968e+01
-2.262650992996904975e+00 2.398728248477257097e+01
-2.261093229834773233e+00 2.770170403013369054e+01
-2.259535466672640602e+00 2.055596658333255888e+01
-2.257977703510508860e+00 2.224147681957623135e+01
-2.256419940348376674e+00 2.569983657896916540e+01
-2.254862177186244487e+00 2.503902968243273719e+01
-2.253304414024112301e+00 2.934572038397267590e+01
-2.251746650861980115e+00 2.803885564361006644e+01
-2.250188887699848372e+00 2.533480115994465720e+01
-2.248631124537716186e+00 2.532952102386814275e+01
-2.247073361375584000e+00 2.420560013663596166e+01
-2.245515598213451813e+00 2.394108013942679847e+01
-2.243957835051319627e+00 2.464080093364921353e+01
-2.242400071889187441e+00 2.311446692296085459e+01
-2.240842308727055254e+00 2.809232659927014808e+01
-2.239284545564923512e+00 2.645408041431168655e+01
-2.237726782402791326e+00 2.296110194597270038e+01
-2.236169019240659139e+00 2.590208548550234724e+01
-2.234611256078526953e+00 2.406014746994306108e+01
-2.233053492916394767e+00 2.201874162275185398e+01
-2.231495729754262580e+00 2.345200992119493222e+01
-2.229937966592130394e+00 2.650524306354667203e+01
-2.228380203429998652e+00 2.611906161329049780e+01
-2.226822440267866465e+00 2.267464919683451186e+01
-2.225264677105734279e+00 2.377474597977086290e+01
-2.223706913943602093e+00 2.838630673888042821e+01
-2.222149150781469906e+00 2.936748300955857616e+01
-2.220591387619337720e+00 2.503745878722470408e+01
-2.219033624457205534e+00 2.534686826908597013e+01
-2.217475861295073791e+00 2.606419798059570425e+01
-2.215918098132941605e+00 2.441236197780670381e+01
-2.214360334970809419e+00 2.143883119906405454e+01
-2.212802571808677232e+00 1.801403198170726583e+01
-2.211244808646545046e+00 1.771239891166002067e+01
-2.209687045484412860e+00 2.363526038507931659e+01
-2.208129282322280673e+00 2.858884171313632550e+01
-2.206571519160148931e+00 2.832125132924998212e+01
-2.205013755998016745e+00 2.730857658139503386e+01
-2.203455992835884558e+00 2.554537481843154012e+01
-2.201898229673752372e+00 2.350158661729153309e+01
-2.200340466511620185e+00 3.122471730777320786e+01
-2.198782703349488443e+00 2.938954692328109530e+01
-2.197224940187355813e+00 2.550775610765066403e+01
-2.195667177025224071e+00 2.609835807040873235e+01
-2.194109413863091884e+00 2.593255143349993119e+01
-2.192551650700959698e+00 2.553727316556438254e+01
-2.190993887538827511e+00 2.417506135738182849e+01
-2.189436124376695325e+00 2.566719512853123319e+01
-2.187878361214563583e+00 2.854012265885633681e+01
-2.186320598052430952e+00 2.839252505476417099e+01
-2.184762834890299210e+00 2.690627568511012058e+01
-2.183205071728167024e+00 2.799968539230710718e+01
-2.181647308566034837e+00 2.772233753910667531e+01
-2.180089545403902651e+00 2.618934870409107774e+01
-2.178531782241770465e+00 2.922701911495035176e+01
-2.176974019079638722e+00 2.760551088463877534e+01
-2.175416255917506092e+00 2.852563806613154185e+01
-2.173858492755374350e+00 2.760870984422200891e+01
-2.172300729593242163e+00 2.302707732387047557e+01
-2.170742966431109977e+00 2.131661424549956863e+01
-2.169185203268977791e+00 2.458260297318120280e+01
-2.167627440106845604e+00 2.681816984436215279e+01
-2.166069676944713862e+00 2.643367476856439779e+01
-2.164511913782581232e+00 2.711902906433994076e+01
-2.162954150620449489e+00 2.674645487785948816e+01
-2.161396387458317303e+00 2.626426719790814346e+01
-2.159838624296185117e+00 2.606877803679254413e+01
-2.158280861134053374e+00 2.512356915447926653e+01
-2.156723097971920744e+00 2.214042349335100113e+01
-2.155165334809789002e+00 2.326939455226389342e+01
-2.153607571647656371e+00 2.769536829998943261e+01
-2.152049808485524629e+00 2.771723936799258325e+01
-2.150492045323392443e+00 2.710991528570675868e+01
-2.148934282161260256e+00 2.643967905235502514e+01
-2.147376518999128514e+00 2.556711946790676393e+01
-2.145818755836995884e+00 2.577344959058813245e+01
-2.144260992674864141e+00 2.602519775086988219e+01
-2.142703229512731955e+00 2.574075397877759031e+01
-2.141145466350599769e+00 2.083386554006275304e+01
-2.139587703188467582e+00 2.624040075561813623e+01
-2.138029940026335396e+00 2.937997218101459040e+01
-2.136472176864203654e+00 2.713699593385228681e+01
-2.134914413702071023e+00 2.348120626419406420e+01
-2.133356650539939281e+00 2.509248945256670993e+01
-2.131798887377807095e+00 2.827906763470922158e+01
-2.130241124215674908e+00 2.894614265018989485e+01
-2.128683361053542722e+00 2.928823788012572038e+01
-2.127125597891410536e+00 2.945219420312157155e+01
-2.125567834729278793e+00 2.849837665378128193e+01
-2.124010071567146163e+00 2.670509025169979012e+01
-2.122452308405014421e+00 2.546367779671478004e+01
-2.120894545242882234e+00 2.604815269992522531e+01
-2.119336782080750048e+00 2.802429302162466485e+01
-2.117779018918617862e+00 2.445002416694528335e+01
-2.116221255756485675e+00 2.360581765454228531e+01
-2.114663492594353933e+00 2.771080609748330659e+01
-2.113105729432221302e+00 2.588726559705577657e+01
-2.111547966270089560e+00 2.502392020864293798e+01
-2.109990203107957374e+00 2.688503599402043420e+01
-2.108432439945825188e+00 2.732930426781499023e+01
-2.106874676783693001e+00 2.551722197060524522e+01
-2.105316913621560815e+00 2.696405392903501053e+01
-2.103759150459429073e+00 2.278004151364431706e+01
-2.102201387297296442e+00 2.569241709477807589e+01
-2.100643624135164700e+00 2.705739339376201968e+01
-2.099085860973032513e+00 2.325218478014027212e+01
-2.097528097810900327e+00 2.531346047515371822e+01
-2.095970334648768141e+00 2.684814407625992061e+01
-2.094412571486635954e+00 2.667247717360193704e+01
-2.092854808324504212e+00 2.809350562143788466e+01
-2.091297045162371582e+00 2.796497018435350412e+01
-2.089739282000239839e+00 2.329201836073920973e+01
-2.088181518838107653e+00 2.227976199305820870e+01
-2.086623755675975467e+00 2.641867168779900510e+01
-2.085065992513843280e+00 2.852198900070907683e+01
-2.083508229351711094e+00 2.805220948481225562e+01
-2.081950466189579352e+00 3.062480468959712709e+01
-2.080392703027446721e+00 2.475305764636886607e+01
-2.078834939865314979e+00 2.267764244083148029e+01
-2.077277176703182793e+00 2.602443984416122547e+01
-2.075719413541050606e+00 2.595185067870787776e+01
-2.074161650378918864e+00 2.423269157556241282e+01
-2.072603887216786234e+00 2.632565896382553916e+01
-2.071046124054654491e+00 2.683288436845371194e+01
-2.069488360892521861e+00 2.517086658870712057e+01
-2.067930597730390119e+00 2.645958607121730211e+01
-2.066372834568257932e+00 2.719301103548485088e+01
-2.064815071406125746e+00 2.656019694646712281e+01
-2.063257308243994004e+00 2.618584446436733160e+01
-2.061699545081861373e+00 2.455310285558243066e+01
-2.060141781919729631e+00 2.917740050068210778e+01
-2.058584018757597445e+00 2.893744844401916438e+01
-2.057026255595465258e+00 2.881100213349065697e+01
-2.055468492433333072e+00 3.040536334593516088e+01
-2.053910729271200886e+00 2.828237658708916058e+01
-2.052352966109069143e+00 2.513577104757740344e+01
-2.050795202946936513e+00 2.802763858860448209e+01
-2.049237439784804771e+00 3.026905332266115423e+01
-2.047679676622672584e+00 2.335465222713374089e+01
-2.046121913460540398e+00 2.097378954932837303e+01
-2.044564150298408212e+00 2.741411647416265396e+01
-2.043006387136276025e+00 3.175544630883600661e+01
-2.041448623974144283e+00 2.732760270106534506e+01
-2.039890860812011653e+00 2.535472535505968494e+01
-2.038333097649879910e+00 2.475904794995179614e+01
-2.036775334487747724e+00 2.545705598856386587e+01
-2.035217571325615538e+00 2.763957271274375316e+01
-2.033659808163483351e+00 2.879471892472563610e+01
-2.032102045001351165e+00 2.818784529795913585e+01
-2.030544281839219423e+00 2.728758699979688984e+01
-2.028986518677086792e+00 2.639175828155825343e+01
-2.027428755514955050e+00 2.819500714927125529e+01
-2.025870992352822864e+00 2.682864143159988046e+01
-2.024313229190690677e+00 2.953882442925954521e+01
-2.022755466028558491e+00 3.291709944463526227e+01
-2.021197702866426305e+00 3.224431656484239994e+01
-2.019639939704294562e+00 3.085926145991181357e+01
-2.018082176542161932e+00 2.934581512456650998e+01
-2.016524413380030190e+00 2.843592561251375628e+01
-2.014966650217898003e+00 2.630328839811156172e+01
-2.013408887055765817e+00 2.627424201177687735e+01
-2.011851123893633631e+00 2.988065398239105264e+01
-2.010293360731501444e+00 2.879258365771669759e+01
-2.008735597569369702e+00 2.939100536515313067e+01
-2.007177834407237071e+00 2.847172599195618048e+01
-2.005620071245105329e+00 2.189767051471871540e+01
-2.004062308082973143e+00 2.363420551304171013e+01
-2.002504544920840956e+00 2.459502005397485291e+01
-2.000946781758709214e+00 2.523090572847305069e+01
-1.999389018596576806e+00 2.683468193231104237e+01
-1.997831255434444619e+00 2.702600980913355144e+01
-1.996273492272312433e+00 2.662292123469807592e+01
-1.994715729110180469e+00 2.651433736463399526e+01
-1.993157965948048282e+00 2.735551162230292732e+01
-1.991600202785916096e+00 2.595519289848310862e+01
-1.990042439623784132e+00 2.629515633563370614e+01
-1.988484676461651945e+00 2.487980881617740891e+01
-1.986926913299519759e+00 2.741187111926361553e+01
-1.985369150137387573e+00 2.778868346103677212e+01
-1.983811386975255608e+00 2.704332310874748657e+01
-1.982253623813123422e+00 2.875704487376800245e+01
-1.980695860650991236e+00 2.833937943686623484e+01
-1.979138097488859271e+00 2.728377741862458095e+01
-1.977580334326727085e+00 2.744345921052028814e+01
-1.976022571164594899e+00 2.765648402069582090e+01
-1.974464808002462934e+00 2.618866735405912394e+01
-1.972907044840330748e+00 2.513054572917017637e+01
-1.971349281678198562e+00 2.848206716337859490e+01
-1.969791518516066375e+00 2.791517381674475118e+01
-1.968233755353934411e+00 2.479014544403827713e+01
-1.966675992191802225e+00 2.447152115689862129e+01
-1.965118229029670038e+00 2.852952757691556229e+01
-1.963560465867538074e+00 3.050463672055287390e+01
-1.962002702705405888e+00 2.722580710918822433e+01
-1.960444939543273701e+00 2.526767054831589121e+01
-1.958887176381141737e+00 2.669981575433046217e+01
-1.957329413219009551e+00 2.930010839068526707e+01
-1.955771650056877364e+00 3.021497874143055995e+01
-1.954213886894745178e+00 2.811859746832951501e+01
-1.952656123732613214e+00 2.945333806599124316e+01
-1.951098360570481027e+00 2.527014341398832187e+01
-1.949540597408348841e+00 2.520730787202186107e+01
-1.947982834246216877e+00 2.846379695064138460e+01
-1.946425071084084690e+00 2.718129080528854757e+01
-1.944867307921952504e+00 2.242955042664152998e+01
-1.943309544759820540e+00 2.632812827753543772e+01
-1.941751781597688353e+00 2.932285936270719873e+01
-1.940194018435556167e+00 2.692008369216993202e+01
-1.938636255273423981e+00 2.752803032979896614e+01
-1.937078492111292016e+00 3.086698762042660249e+01
-1.935520728949159830e+00 3.077275189119514565e+01
-1.933962965787027644e+00 2.868173922160288214e+01
-1.932405202624895679e+00 2.790214661351278380e+01
-1.930847439462763493e+00 3.224842713836945052e+01
-1.929289676300631307e+00 3.166877910427550091e+01
-1.927731913138499120e+00 3.068792459648073745e+01
-1.926174149976367156e+00 3.016601398976639103e+01
-1.924616386814234970e+00 2.784295658281329722e+01
-1.923058623652102783e+00 2.893818305151112824e+01
-1.921500860489970819e+00 2.802353214557559014e+01
-1.919943097327838633e+00 2.541931325065205982e+01
-1.918385334165706446e+00 2.538543877204071109e+01
-1.916827571003574482e+00 2.086015891712557746e+01
-1.915269807841442296e+00 2.945983383829269897e+01
-1.913712044679310109e+00 3.253984513193881156e+01
-1.912154281517177923e+00 2.722408844131258476e+01
-1.910596518355045959e+00 2.641899313446332798e+01
-1.909038755192913772e+00 2.790068425785435124e+01
-1.907480992030781586e+00 2.971737613437460368e+01
-1.905923228868649622e+00 3.124162994340715116e+01
-1.904365465706517435e+00 3.089441709502968081e+01
-1.902807702544385249e+00 2.778659343233767842e+01
-1.901249939382253284e+00 2.984062778612562994e+01
-1.899692176220121098e+00 2.810302269498259520e+01
-1.898134413057988912e+00 3.105255131191316309e+01
-1.896576649895856725e+00 2.976193254370619101e+01
-1.895018886733724761e+00 2.885883236683347519e+01
-1.893461123571592575e+00 3.043305285132878524e+01
-1.891903360409460388e+00 3.146247665920507330e+01
-1.890345597247328424e+00 2.956922087338843852e+01
-1.888787834085196238e+00 2.617022005315355315e+01
-1.887230070923064051e+00 2.642429245904529367e+01
-1.885672307760931865e+00 2.672095779574160446e+01
-1.884114544598799901e+00 2.445045080507583535e+01
-1.882556781436667714e+00 2.518322224351300065e+01
-1.880999018274535528e+00 2.670848626915575608e+01
-1.879441255112403564e+00 2.438807181210881936e+01
-1.877883491950271377e+00 2.827080655993394132e+01
-1.876325728788139191e+00 2.811602610636415633e+01
-1.874767965626007227e+00 2.585681686576967664e+01
-1.873210202463875040e+00 2.778673471030584352e+01
-1.871652439301742854e+00 2.946155167064098634e+01
-1.870094676139610668e+00 2.769334675101621102e+01
-1.868536912977478703e+00 2.871883353828624763e+01
-1.866979149815346517e+00 3.007754562299588486e+01
-1.865421386653214331e+00 2.754714627713179098e+01
-1.863863623491082366e+00 2.899214182190685563e+01
-1.862305860328950180e+00 2.885942759543782543e+01
-1.860748097166817994e+00 3.014378631450768609e+01
-1.859190334004686029e+00 3.286310759512435453e+01
-1.857632570842553843e+00 2.944192426723093803e+01
-1.856074807680421657e+00 2.650644654349745366e+01
-1.854517044518289470e+00 2.728418192498894612e+01
-1.852959281356157506e+00 2.929247923739227488e+01
-1.851401518194025320e+00 2.848131489736289979e+01
-1.849843755031893133e+00 3.035102486131335908e+01
-1.848285991869761169e+00 3.116538393139549612e+01
-1.846728228707628983e+00 2.897268981920191422e+01
-1.845170465545496796e+00 2.709110669692311291e+01
-1.843612702383364610e+00 3.114304127085765828e+01
-1.842054939221232646e+00 2.929448849451108572e+01
-1.840497176059100459e+00 2.459055054335338397e+01
-1.838939412896968273e+00 2.480132991234307127e+01
-1.837381649734836309e+00 2.564118556846459995e+01
-1.835823886572704122e+00 2.586892910068015894e+01
-1.834266123410571936e+00 2.669706712066891185e+01
-1.832708360248439972e+00 2.760311141028638460e+01
-1.831150597086307785e+00 2.396704333957185895e+01
-1.829592833924175599e+00 2.905862185856976510e+01
-1.828035070762043413e+00 2.924732640274969242e+01
-1.826477307599911448e+00 2.699660333067151541e+01
-1.824919544437779262e+00 2.897566270905803165e+01
-1.823361781275647076e+00 3.074688783763375000e+01
-1.821804018113515111e+00 3.191891215166100437e+01
-1.820246254951382925e+00 2.729603876603857415e+01
-1.818688491789250739e+00 2.662757065051074434e+01
-1.817130728627118774e+00 2.932644116311162463e+01
-1.815572965464986588e+00 2.772774405689817812e+01
-1.814015202302854401e+00 2.065147441525572347e+01
-1.812457439140722215e+00 2.181655185010311016e+01
-1.810899675978590251e+00 2.518566642315895265e+01
-1.809341912816458064e+00 2.438309747228385405e+01
-1.807784149654325878e+00 2.524101169197135164e+01
-1.806226386492193914e+00 2.789602128692846250e+01
-1.804668623330061727e+00 2.859440635222317439e+01
-1.803110860167929541e+00 3.042213100846102591e+01
-1.801553097005797577e+00 2.899053113165578566e+01
-1.799995333843665390e+00 2.886207234805834076e+01
-1.798437570681533204e+00 2.563115264225123724e+01
-1.796879807519401018e+00 2.679985222592299365e+01
-1.795322044357269053e+00 2.979003944532825443e+01
-1.793764281195136867e+00 3.015589786276828832e+01
-1.792206518033004681e+00 2.980491711848123160e+01
-1.790648754870872716e+00 2.833707831613656936e+01
-1.789090991708740530e+00 2.871390111963551561e+01
-1.787533228546608344e+00 3.010767792731253323e+01
-1.785975465384476157e+00 2.930452458553111583e+01
-1.784417702222344193e+00 2.666886538539764118e+01
-1.782859939060212007e+00 2.838249470226195470e+01
-1.781302175898079820e+00 2.799636215759733560e+01
-1.779744412735947856e+00 2.659203012781809150e+01
-1.778186649573815670e+00 2.861239880805745983e+01
-1.776628886411683483e+00 3.017522333529965550e+01
-1.775071123249551519e+00 2.931053041619009747e+01
-1.773513360087419333e+00 3.091392794834921531e+01
-1.771955596925287146e+00 3.448274630888572290e+01
-1.770397833763154960e+00 3.426238264525072452e+01
-1.768840070601022996e+00 2.880871185288891922e+01
-1.767282307438890809e+00 3.014620074238813530e+01
-1.765724544276758623e+00 3.258440692227205204e+01
-1.764166781114626659e+00 3.025788818790994128e+01
-1.762609017952494472e+00 2.957630872965141577e+01
-1.761051254790362286e+00 3.051305499487631678e+01
-1.759493491628230322e+00 2.837068751641761466e+01
-1.757935728466098135e+00 2.776455519064505140e+01
-1.756377965303965949e+00 3.019679899586142113e+01
-1.754820202141833763e+00 3.353543014156808511e+01
-1.753262438979701798e+00 3.028221850735089760e+01
-1.751704675817569612e+00 3.085524366351151215e+01
-1.750146912655437426e+00 2.905336638347108646e+01
-1.748589149493305461e+00 2.913802946427972529e+01
-1.747031386331173275e+00 3.205682254300994316e+01
-1.745473623169041089e+00 3.156527629240205712e+01
-1.743915860006909124e+00 3.047062656864083152e+01
-1.742358096844776938e+00 2.716241316437590214e+01
-1.740800333682644752e+00 3.178739621035717278e+01
-1.739242570520512565e+00 3.223651472324990408e+01
-1.737684807358380601e+00 2.620862321869478606e+01
-1.736127044196248415e+00 2.544135394275884110e+01
-1.734569281034116228e+00 3.002519113512436277e+01
-1.733011517871984264e+00 3.004101916113551241e+01
-1.731453754709852078e+00 2.708027577027382193e+01
-1.729895991547719891e+00 2.792112024357033562e+01
-1.728338228385587705e+00 2.676619674588733488e+01
-1.726780465223455741e+00 2.894714060998724392e+01
-1.725222702061323554e+00 2.939062956710629493e+01
-1.723664938899191368e+00 2.737942057574288768e+01
-1.722107175737059404e+00 3.234542586049928303e+01
-1.720549412574927217e+00 3.040714284595987493e+01
-1.718991649412795031e+00 2.746949123291187433e+01
-1.717433886250663067e+00 3.079066751527944490e+01
-1.715876123088530880e+00 3.282046041713167028e+01
-1.714318359926398694e+00 3.041212632222367773e+01
-1.712760596764266507e+00 2.521666398858194924e+01
-1.711202833602134543e+00 3.150242690991452221e+01
-1.709645070440002357e+00 2.847726656712428550e+01
-1.708087307277870170e+00 2.408866918310914684e+01
-1.706529544115738206e+00 2.919221781098676871e+01
-1.704971780953606020e+00 3.398309701751871614e+01
-1.703414017791473833e+00 3.612690024269139144e+01
-1.701856254629341869e+00 3.343062767934856794e+01
-1.700298491467209683e+00 2.905563405884827688e+01
-1.698740728305077496e+00 2.847331982817461693e+01
-1.697182965142945310e+00 2.922213438279885622e+01
-1.695625201980813346e+00 2.642694564189509165e+01
-1.694067438818681159e+00 3.126858316196567955e+01
-1.692509675656548973e+00 3.598153684174810962e+01
-1.690951912494417009e+00 3.303950833501530582e+01
-1.689394149332284822e+00 2.955916207455068800e+01
-1.687836386170152636e+00 2.898345633083338058e+01
-1.686278623008020450e+00 3.062525855459400503e+01
-1.684720859845888485e+00 2.925026716513095693e+01
-1.683163096683756299e+00 2.711386541268401729e+01
-1.681605333521624113e+00 2.761102325974055560e+01
-1.680047570359492148e+00 2.860969153470568216e+01
-1.678489807197359962e+00 2.794896551551324038e+01
-1.676932044035227776e+00 2.804430443497865966e+01
-1.675374280873095811e+00 2.780343931998946161e+01
-1.673816517710963625e+00 2.663957858271610135e+01
-1.672258754548831439e+00 2.885879051727321354e+01
-1.670700991386699252e+00 2.903926601497445148e+01
-1.669143228224567288e+00 2.410928128621278077e+01
-1.667585465062435102e+00 3.088207266720435129e+01
-1.666027701900302915e+00 3.458483000162784293e+01
-1.664469938738170951e+00 3.122692334923562996e+01
-1.662912175576038765e+00 2.857397676291101973e+01
-1.661354412413906578e+00 2.661552063057316886e+01
-1.659796649251774614e+00 2.735216297758484316e+01
-1.658238886089642428e+00 2.827437653942835283e+01
-1.656681122927510241e+00 2.939134527733957114e+01
-1.655123359765378055e+00 3.441605131498486259e+01
-1.653565596603246091e+00 2.994339433077466950e+01
-1.652007833441113904e+00 2.738459088421716814e+01
-1.650450070278981718e+00 2.909712480168591142e+01
-1.648892307116849754e+00 2.914409024657475555e+01
-1.647334543954717567e+00 3.086360119997807416e+01
-1.645776780792585381e+00 3.421896498918312801e+01
-1.644219017630453195e+00 3.337017114487963454e+01
-1.642661254468321230e+00 2.831246196187678876e+01
-1.641103491306189044e+00 3.024451666702380237e+01
-1.639545728144056858e+00 2.783290327640614237e+01
-1.637987964981924893e+00 2.589881954689159116e+01
-1.636430201819792707e+00 2.496406247261559130e+01
-1.634872438657660521e+00 2.338285638482903650e+01
-1.633314675495528556e+00 2.252480074953200884e+01
-1.631756912333396370e+00 2.324080389550356429e+01
-1.630199149171264184e+00 2.551189123076731136e+01
-1.628641386009131997e+00 2.445322136897819476e+01
-1.627083622847000033e+00 3.023362150687641403e+01
-1.625525859684867847e+00 3.189034578600955783e+01
-1.623968096522735660e+00 2.928577012260302226e+01
-1.622410333360603696e+00 2.807799265551907197e+01
-1.620852570198471509e+00 2.749303347935648034e+01
-1.619294807036339323e+00 2.689506945556893669e+01
-1.617737043874207359e+00 3.565044658839351399e+01
-1.616179280712075172e+00 2.686658160671996498e+01
-1.614621517549942986e+00 2.395856115383051943e+01
-1.613063754387810800e+00 2.882864981677433747e+01
-1.611505991225678835e+00 2.423419013440064518e+01
-1.609948228063546649e+00 2.414516337721465788e+01
-1.608390464901414463e+00 3.063285334574153040e+01
-1.606832701739282498e+00 3.054768808259750656e+01
-1.605274938577150312e+00 3.533380011994799474e+01
-1.603717175415018126e+00 3.108953132765649841e+01
-1.602159412252886161e+00 2.812878716731315620e+01
-1.600601649090753975e+00 3.193570031356335548e+01
-1.599043885928621789e+00 3.350369185821625706e+01
-1.597486122766489602e+00 3.586121202645374950e+01
-1.595928359604357638e+00 3.079876182092087333e+01
-1.594370596442225452e+00 3.046994971751070480e+01
-1.592812833280093265e+00 2.863290445399573869e+01
-1.591255070117961301e+00 2.943835963694880320e+01
-1.589697306955829115e+00 3.195308424889827492e+01
-1.588139543793696928e+00 2.945530702740947149e+01
-1.586581780631564742e+00 2.937834277219777945e+01
-1.585024017469432778e+00 2.662368803539789752e+01
-1.583466254307300591e+00 2.589989624366871368e+01
-1.581908491145168405e+00 2.386681985883045343e+01
-1.580350727983036441e+00 2.489894298271371298e+01
-1.578792964820904254e+00 2.717063577394584684e+01
-1.577235201658772068e+00 2.828288156098958339e+01
-1.575677438496640104e+00 3.135755698053293372e+01
-1.574119675334507917e+00 3.382751750991518236e+01
-1.572561912172375731e+00 3.364929369687398264e+01
-1.571004149010243545e+00 3.882871970676175977e+01
-1.569446385848111580e+00 3.453228318424871901e+01
-1.567888622685979394e+00 3.148314877865472283e+01
-1.566330859523847208e+00 3.474286972064621892e+01
-1.564773096361715243e+00 3.246837552777012803e+01
-1.563215333199583057e+00 2.623325140437528447e+01
-1.561657570037450871e+00 2.756199799761245117e+01
-1.560099806875318906e+00 2.519119288226341169e+01
-1.558542043713186720e+00 3.150774972908643079e+01
-1.556984280551054534e+00 3.309225591632169028e+01
-1.555426517388922347e+00 2.903000767265985615e+01
-1.553868754226790383e+00 3.085968682888991665e+01
-1.552310991064658197e+00 3.219601963041548487e+01
-1.550753227902526010e+00 3.560540446927627301e+01
-1.549195464740394046e+00 3.182549852903754228e+01
-1.547637701578261860e+00 2.335634161030025879e+01
-1.546079938416129673e+00 2.984648517057651063e+01
-1.544522175253997709e+00 3.412215602221726130e+01
-1.542964412091865523e+00 3.283431894799394257e+01
-1.541406648929733336e+00 3.444848504909034403e+01
-1.539848885767601150e+00 3.366369583133474208e+01
-1.538291122605469186e+00 2.716411156784576519e+01
-1.536733359443336999e+00 3.000613463346314447e+01
-1.535175596281204813e+00 2.639930144425630942e+01
-1.533617833119072849e+00 1.905801611981629762e+01
-1.532060069956940662e+00 3.025054449565062242e+01
-1.530502306794808476e+00 3.432718665641768041e+01
-1.528944543632676289e+00 2.760737383717002658e+01
-1.527386780470544325e+00 2.714625725956648594e+01
-1.525829017308412139e+00 3.072211884028559581e+01
-1.524271254146279952e+00 2.994894241487466857e+01
-1.522713490984147988e+00 2.746454159854012289e+01
-1.521155727822015802e+00 2.794513780390693114e+01
-1.519597964659883615e+00 2.575223472235889943e+01
-1.518040201497751651e+00 2.715797375777621170e+01
-1.516482438335619465e+00 3.016294486140133557e+01
-1.514924675173487278e+00 2.830771750577694945e+01
-1.513366912011355092e+00 2.434259031188887334e+01
-1.511809148849223128e+00 3.189090765651950932e+01
-1.510251385687090941e+00 3.012219928902663924e+01
-1.508693622524958755e+00 2.707867533708209606e+01
-1.507135859362826791e+00 3.078317683021006701e+01
-1.505578096200694604e+00 3.019381568256151738e+01
-1.504020333038562418e+00 2.936815251421054995e+01
-1.502462569876430454e+00 2.982185104558252675e+01
-1.500904806714298267e+00 3.143139900750628613e+01
-1.499347043552166081e+00 2.890112613167776701e+01
-1.497789280390033895e+00 2.551401762760601244e+01
-1.496231517227901930e+00 3.456904441062949473e+01
-1.494673754065769744e+00 3.916004734939860299e+01
-1.493115990903637558e+00 3.720808355580877702e+01
-1.491558227741505593e+00 3.544821241987256855e+01
-1.490000464579373407e+00 3.103495967217275009e+01
-1.488442701417241221e+00 2.542255678019519749e+01
-1.486884938255109034e+00 2.039138112556115345e+01
-1.485327175092977070e+00 2.753861750964165722e+01
-1.483769411930844884e+00 2.982723364480367678e+01
-1.482211648768712697e+00 2.771659859486281974e+01
-1.480653885606580733e+00 3.395714841969689957e+01
-1.479096122444448547e+00 3.860320872735766073e+01
-1.477538359282316360e+00 3.590982225278659001e+01
-1.475980596120184396e+00 3.864380423175089163e+01
-1.474422832958052210e+00 4.268345455261259502e+01
-1.472865069795920023e+00 3.992601592218831286e+01
-1.471307306633787837e+00 3.911555192697454686e+01
-1.469749543471655873e+00 3.649219502859543240e+01
-1.468191780309523686e+00 2.970799230195208551e+01
-1.466634017147391500e+00 3.642918884309159466e+01
-1.465076253985259536e+00 3.339450616688051099e+01
-1.463518490823127349e+00 3.543169660851011571e+01
-1.461960727660995163e+00 4.019024046022393293e+01
-1.460402964498863199e+00 3.625558711037591308e+01
-1.458845201336731012e+00 3.800780591756650750e+01
-1.457287438174598826e+00 3.786344350766692912e+01
-1.455729675012466640e+00 3.348546623626457830e+01
-1.454171911850334675e+00 2.899961977602386654e+01
-1.452614148688202489e+00 3.046091608576118404e+01
-1.451056385526070303e+00 2.990097734726395373e+01
-1.449498622363938338e+00 3.403048751832483987e+01
-1.447940859201806152e+00 4.170576071389658779e+01
-1.446383096039673966e+00 3.350076419330810751e+01
-1.444825332877541779e+00 3.116438556652102676e+01
-1.443267569715409815e+00 3.974012807134816683e+01
-1.441709806553277629e+00 3.915725497900458407e+01
-1.440152043391145442e+00 3.802222331034035818e+01
-1.438594280229013478e+00 3.617073581562654994e+01
-1.437036517066881292e+00 3.693433847892297450e+01
-1.435478753904749105e+00 3.759247695931542665e+01
-1.433920990742617141e+00 3.985214913013609106e+01
-1.432363227580484955e+00 4.091688108840875060e+01
-1.430805464418352768e+00 3.725826843622586182e+01
-1.429247701256220582e+00 3.563929738893828159e+01
-1.427689938094088618e+00 3.535335325063921630e+01
-1.426132174931956431e+00 3.128368277579679813e+01
-1.424574411769824245e+00 3.020466818054952185e+01
-1.423016648607692280e+00 3.302222654244067002e+01
-1.421458885445560094e+00 3.321204504430384219e+01
-1.419901122283427908e+00 2.848456716763618246e+01
-1.418343359121295943e+00 3.194028094315800814e+01
-1.416785595959163757e+00 3.416447239381024303e+01
-1.415227832797031571e+00 3.306481129782857664e+01
-1.413670069634899384e+00 3.205986323317273445e+01
-1.412112306472767420e+00 2.873865390261556385e+01
-1.410554543310635234e+00 3.085440824472747323e+01
-1.408996780148503047e+00 3.632593724229685961e+01
-1.407439016986371083e+00 3.469744745212350523e+01
-1.405881253824238897e+00 2.919689650287088867e+01
-1.404323490662106710e+00 3.573935421284709690e+01
-1.402765727499974746e+00 3.414288783549238104e+01
-1.401207964337842560e+00 2.800000012614255951e+01
-1.399650201175710373e+00 3.002087151854823333e+01
-1.398092438013578187e+00 3.065059534368059602e+01
-1.396534674851446223e+00 2.992672381688118577e+01
-1.394976911689314036e+00 3.086717775086152571e+01
-1.393419148527181850e+00 3.353634781286242372e+01
-1.391861385365049886e+00 3.551498150202823467e+01
-1.390303622202917699e+00 3.464090480318113663e+01
-1.388745859040785513e+00 3.327431432692593916e+01
-1.387188095878653327e+00 3.071415708476940409e+01
-1.385630332716521362e+00 2.747559881546366611e+01
-1.384072569554389176e+00 2.796080116659176795e+01
-1.382514806392256990e+00 3.265432232490357478e+01
-1.380957043230125025e+00 3.658229134937591454e+01
-1.379399280067992839e+00 4.079727156766576712e+01
-1.377841516905860653e+00 4.196582558616709235e+01
-1.376283753743728688e+00 3.829012503560382896e+01
-1.374725990581596502e+00 3.682109403951663751e+01
-1.373168227419464316e+00 3.470882685879109175e+01
-1.371610464257332129e+00 3.312833463688176039e+01
-1.370052701095200165e+00 2.796934948054775205e+01
-1.368494937933067979e+00 2.968913962948049345e+01
-1.366937174770935792e+00 3.669623112240785190e+01
-1.365379411608803828e+00 3.290172170236748883e+01
-1.363821648446671642e+00 3.782086445995205537e+01
-1.362263885284539455e+00 3.935365942370789583e+01
-1.360706122122407491e+00 3.636393407259151900e+01
-1.359148358960275305e+00 4.070320052072388251e+01
-1.357590595798143118e+00 4.151120393864021452e+01
-1.356032832636010932e+00 3.802654020910671306e+01
-1.354475069473878968e+00 3.846113766469485284e+01
-1.352917306311746781e+00 3.989840489670895352e+01
-1.351359543149614595e+00 3.792212105636643571e+01
-1.349801779987482631e+00 3.840623729676380549e+01
-1.348244016825350444e+00 3.524401798178325151e+01
-1.346686253663218258e+00 3.146695972883257042e+01
-1.345128490501086294e+00 3.273462171107285457e+01
-1.343570727338954107e+00 3.244566524737739144e+01
-1.342012964176821921e+00 3.441492130271614514e+01
-1.340455201014689735e+00 4.218480528959296549e+01
-1.338897437852557770e+00 4.215968172409190373e+01
-1.337339674690425584e+00 4.044720264529298959e+01
-1.335781911528293397e+00 3.719753254860567182e+01
-1.334224148366161433e+00 3.248739010573812891e+01
-1.332666385204029247e+00 3.398042794522053356e+01
-1.331108622041897060e+00 3.895988754882711191e+01
-1.329550858879764874e+00 3.940366761735386092e+01
-1.327993095717632910e+00 3.586350367646910087e+01
-1.326435332555500723e+00 4.092060287758295800e+01
-1.324877569393368537e+00 4.481641922378592113e+01
-1.323319806231236573e+00 3.490220041365863324e+01
-1.321762043069104386e+00 3.478993132230508678e+01
-1.320204279906972200e+00 4.238770647237853950e+01
-1.318646516744840236e+00 3.831791991125695063e+01
-1.317088753582708049e+00 3.409524825625661038e+01
-1.315530990420575863e+00 3.665332677618306434e+01
-1.313973227258443677e+00 3.895890262866432607e+01
-1.312415464096311712e+00 3.971926804035457792e+01
-1.310857700934179526e+00 4.237359874719263075e+01
-1.309299937772047340e+00 4.198191208682452924e+01
-1.307742174609915375e+00 4.397837329703702380e+01
-1.306184411447783189e+00 3.805213189376708272e+01
-1.304626648285651003e+00 3.268320530447641659e+01
-1.303068885123519038e+00 3.110531739823478503e+01
-1.301511121961386852e+00 2.933309763134865378e+01
-1.299953358799254666e+00 3.121332904148080800e+01
-1.298395595637122479e+00 3.116674140848198604e+01
-1.296837832474990515e+00 3.344601796002501004e+01
-1.295280069312858329e+00 3.099326391092520794e+01
-1.293722306150726142e+00 3.698648055561996983e+01
-1.292164542988594178e+00 3.899756590918160981e+01
-1.290606779826461992e+00 3.633428505805549236e+01
-1.289049016664329805e+00 3.771196007948280027e+01
-1.287491253502197619e+00 3.516036209096647269e+01
-1.285933490340065655e+00 3.781724450436352924e+01
-1.284375727177933468e+00 3.788651812625512605e+01
-1.282817964015801282e+00 3.059043766714713541e+01
-1.281260200853669318e+00 3.169351768141820358e+01
-1.279702437691537131e+00 3.499586915817007338e+01
-1.278144674529404945e+00 3.692422803678235255e+01
-1.276586911367272981e+00 4.147132682792946667e+01
-1.275029148205140794e+00 4.191709897620552283e+01
-1.273471385043008608e+00 3.646989957473233801e+01
-1.271913621880876422e+00 3.883152980978722013e+01
-1.270355858718744457e+00 3.511881123521428094e+01
-1.268798095556612271e+00 3.233971736990930879e+01
-1.267240332394480085e+00 3.513700437225227091e+01
-1.265682569232348120e+00 3.560414185803251996e+01
-1.264124806070215934e+00 3.636104011437092254e+01
-1.262567042908083748e+00 3.634441837842170031e+01
-1.261009279745951783e+00 4.008669191454126945e+01
-1.259451516583819597e+00 3.914167693051214059e+01
-1.257893753421687411e+00 3.947726886074965336e+01
-1.256335990259555224e+00 3.933449288608877481e+01
-1.254778227097423260e+00 3.541002198846420868e+01
-1.253220463935291074e+00 3.863506094280767655e+01
-1.251662700773158887e+00 3.771796747614467193e+01
-1.250104937611026923e+00 3.344638790608920687e+01
-1.248547174448894737e+00 4.082203051372119518e+01
-1.246989411286762550e+00 3.912082191068839876e+01
-1.245431648124630364e+00 3.133092411481033324e+01
-1.243873884962498400e+00 3.214208064743063176e+01
-1.242316121800366213e+00 3.042934092931727363e+01
-1.240758358638234027e+00 2.889689365552700195e+01
-1.239200595476102063e+00 3.424499171593868141e+01
-1.237642832313969876e+00 3.372055242617292237e+01
-1.236085069151837690e+00 3.510873694564784842e+01
-1.234527305989705726e+00 3.889668218929281807e+01
-1.232969542827573539e+00 3.869041423691619741e+01
-1.231411779665441353e+00 3.624528278991322594e+01
-1.229854016503309166e+00 3.390368550775388456e+01
-1.228296253341177202e+00 3.343860765834620707e+01
-1.226738490179045016e+00 3.626417739812659846e+01
-1.225180727016912829e+00 4.047948967168867540e+01
-1.223622963854780865e+00 3.526584727409910158e+01
-1.222065200692648679e+00 3.206713078791789684e+01
-1.220507437530516492e+00 3.485102265180569958e+01
-1.218949674368384528e+00 3.751531420070438827e+01
-1.217391911206252342e+00 3.602458818517326478e+01
-1.215834148044120155e+00 3.286038744693468772e+01
-1.214276384881987969e+00 3.070605437582437247e+01
-1.212718621719856005e+00 2.868082818984091631e+01
-1.211160858557723818e+00 3.071527665876493529e+01
-1.209603095395591632e+00 3.687423776891132832e+01
-1.208045332233459668e+00 3.677475796994980328e+01
-1.206487569071327481e+00 3.640219981282069028e+01
-1.204929805909195295e+00 3.396420401729293559e+01
-1.203372042747063331e+00 3.368048235630237031e+01
-1.201814279584931144e+00 4.107035797467801785e+01
-1.200256516422798958e+00 4.224193761452494300e+01
-1.198698753260666772e+00 3.982012587577297325e+01
-1.197140990098534807e+00 4.100649099109257634e+01
-1.195583226936402621e+00 3.888353382860412211e+01
-1.194025463774270435e+00 3.666478918642987139e+01
-1.192467700612138470e+00 4.179956583672817061e+01
-1.190909937450006284e+00 4.186633546097228020e+01
-1.189352174287874320e+00 3.353731567488856058e+01
-1.187794411125742133e+00 3.192251887742570204e+01
-1.186236647963609947e+00 3.533936284015680940e+01
-1.184678884801477761e+00 3.639151065116431027e+01
-1.183121121639345574e+00 3.488341784548028102e+01
-1.181563358477213388e+00 3.230947540951978425e+01
-1.180005595315081202e+00 3.368808940482849579e+01
-1.178447832152949459e+00 3.961832551534471492e+01
-1.176890068990817273e+00 4.312054623442225676e+01
-1.175332305828685087e+00 3.845832589757082332e+01
-1.173774542666552900e+00 3.484277554997525073e+01
-1.172216779504420714e+00 3.403973076978161316e+01
-1.170659016342288528e+00 3.523672645942793480e+01
-1.169101253180156785e+00 3.837241693045896085e+01
-1.167543490018024599e+00 3.829219681808600484e+01
-1.165985726855892413e+00 3.425373278877475514e+01
-1.164427963693760226e+00 3.520722613968516157e+01
-1.162870200531628040e+00 3.463833457282907347e+01
-1.161312437369495854e+00 3.542823622157572316e+01
-1.159754674207363667e+00 3.633946272363544239e+01
-1.158196911045231925e+00 3.333040014718688582e+01
-1.156639147883099739e+00 3.360133497557308146e+01
-1.155081384720967552e+00 3.451723590402941255e+01
-1.153523621558835366e+00 3.715694906236959127e+01
-1.151965858396703180e+00 4.024598780042904878e+01
-1.150408095234570993e+00 3.755034058122294027e+01
-1.148850332072438807e+00 3.803280897040211528e+01
-1.147292568910307065e+00 3.806422157820118457e+01
-1.145734805748174878e+00 3.536275081829507627e+01
-1.144177042586042692e+00 3.182218363714630627e+01
-1.142619279423910505e+00 3.097436922133643833e+01
-1.141061516261778319e+00 3.476154146121398725e+01
-1.139503753099646133e+00 3.499706321445692225e+01
-1.137945989937513946e+00 3.480879595082728883e+01
-1.136388226775382204e+00 3.920221175241739076e+01
-1.134830463613250018e+00 4.069106938287319508e+01
-1.133272700451117831e+00 3.921948743875034182e+01
-1.131714937288985645e+00 3.550991972273512687e+01
-1.130157174126853459e+00 3.537932886043889624e+01
-1.128599410964721272e+00 3.824132113827630519e+01
-1.127041647802589530e+00 3.529791124325209495e+01
-1.125483884640457344e+00 3.719708847368397642e+01
-1.123926121478325157e+00 4.133731905926814676e+01
-1.122368358316192971e+00 4.001009270246325400e+01
-1.120810595154060785e+00 3.623488745585634518e+01
-1.119252831991928598e+00 3.319725389799612714e+01
-1.117695068829796412e+00 3.456646391918379635e+01
-1.116137305667664670e+00 4.070958239387270794e+01
-1.114579542505532483e+00 3.812331848096103215e+01
-1.113021779343400297e+00 3.481084728335659406e+01
-1.111464016181268111e+00 3.916584961887332383e+01
-1.109906253019135924e+00 4.056592877212612791e+01
-1.108348489857003738e+00 3.963427782862676452e+01
-1.106790726694871552e+00 4.066929084107838577e+01
-1.105232963532739809e+00 3.916113505237871806e+01
-1.103675200370607623e+00 4.019945791353773501e+01
-1.102117437208475437e+00 3.877598594040998137e+01
-1.100559674046343250e+00 3.943658333585306508e+01
-1.099001910884211064e+00 4.416366619735784838e+01
-1.097444147722078878e+00 4.307065875886650019e+01
-1.095886384559947135e+00 4.130634595171750334e+01
-1.094328621397814949e+00 4.053942440269493375e+01
-1.092770858235682763e+00 4.054505314066864941e+01
-1.091213095073550576e+00 4.191219123299414662e+01
-1.089655331911418390e+00 4.232366839217843335e+01
-1.088097568749286204e+00 4.254469685832691539e+01
-1.086539805587154017e+00 4.011817684931813233e+01
-1.084982042425022275e+00 3.825323342483488176e+01
-1.083424279262890089e+00 3.702839991936665598e+01
-1.081866516100757902e+00 3.764408919846241730e+01
-1.080308752938625716e+00 3.781661503079713071e+01
-1.078750989776493530e+00 3.741884925108822557e+01
-1.077193226614361343e+00 4.086169175629585482e+01
-1.075635463452229157e+00 3.949145087957997191e+01
-1.074077700290097415e+00 3.469780781350139875e+01
-1.072519937127965228e+00 3.234299523831452206e+01
-1.070962173965833042e+00 3.838859804138002829e+01
-1.069404410803700856e+00 3.585053859075944871e+01
-1.067846647641568669e+00 3.658847964965532640e+01
-1.066288884479436483e+00 3.759792199293476500e+01
-1.064731121317304297e+00 3.439006347542095199e+01
-1.063173358155172554e+00 3.814344132512087526e+01
-1.061615594993040368e+00 3.877238051117354445e+01
-1.060057831830908182e+00 3.925613404683164021e+01
-1.058500068668775995e+00 3.793840153676047322e+01
-1.056942305506643809e+00 3.805348441224637668e+01
-1.055384542344511623e+00 3.452552155979869042e+01
-1.053826779182379880e+00 3.635910152266791329e+01
-1.052269016020247694e+00 3.360892399942292030e+01
-1.050711252858115508e+00 3.464939486750297704e+01
-1.049153489695983321e+00 3.985752120236163165e+01
-1.047595726533851135e+00 3.651937575580831208e+01
-1.046037963371718948e+00 3.539969375387101280e+01
-1.044480200209586762e+00 3.634878410249705638e+01
-1.042922437047455020e+00 3.580958807444865499e+01
-1.041364673885322834e+00 3.892256871811574115e+01
-1.039806910723190647e+00 4.152314630930722927e+01
-1.038249147561058461e+00 3.951712128246796141e+01
-1.036691384398926274e+00 3.670913160564728628e+01
-1.035133621236794088e+00 3.610233255387309015e+01
-1.033575858074661902e+00 3.737366219958412472e+01
-1.032018094912530159e+00 3.815069074632496182e+01
-1.030460331750397973e+00 3.725093042058851722e+01
-1.028902568588265787e+00 3.541935478504851886e+01
-1.027344805426133600e+00 3.550793113969434245e+01
-1.025787042264001414e+00 3.598199565218023821e+01
-1.024229279101869228e+00 3.432243993229700152e+01
-1.022671515939737041e+00 3.479017574418289627e+01
-1.021113752777605299e+00 3.374211846041329466e+01
-1.019555989615473113e+00 3.609900069008978107e+01
-1.017998226453340926e+00 4.205235920592910759e+01
-1.016440463291208740e+00 4.477999605980233611e+01
-1.014882700129076554e+00 4.142681889555263552e+01
-1.013324936966944367e+00 3.755791011742633856e+01
-1.011767173804812625e+00 4.077522325489751864e+01
-1.010209410642680439e+00 4.114465380109400883e+01
-1.008651647480548252e+00 3.882339468695037255e+01
-1.007093884318416066e+00 4.243748831180512582e+01
-1.005536121156283880e+00 4.673061139526872410e+01
-1.003978357994151693e+00 3.774702501405518973e+01
-1.002420594832019507e+00 3.728197758395378258e+01
-1.000862831669887765e+00 4.223889711344988029e+01
-9.993050685077555784e-01 4.372553146667249990e+01
-9.977473053456233920e-01 4.479580079602870057e+01
-9.961895421834912057e-01 4.161052670936503262e+01
-9.946317790213590193e-01 4.158565995835913753e+01
-9.930740158592268330e-01 4.078987399448458007e+01
-9.915162526970946466e-01 3.929315115092757793e+01
-9.899584895349629043e-01 3.770560492567751965e+01
-9.884007263728307180e-01 3.839822339080749458e+01
-9.868429632106985316e-01 4.119269886999153840e+01
-9.852852000485663453e-01 4.159796996245493261e+01
-9.837274368864341589e-01 3.704916725514842568e+01
-9.821696737243019726e-01 3.863012067911677860e+01
-9.806119105621697862e-01 4.268199169489054157e+01
-9.790541474000380440e-01 3.781699938948985817e+01
-9.774963842379058576e-01 3.962899481314268257e+01
-9.759386210757736713e-01 3.944292736037701985e+01
-9.743808579136414849e-01 3.995689188305648543e+01
-9.728230947515092986e-01 4.313144867511019243e+01
-9.712653315893771122e-01 4.368855828958170662e+01
-9.697075684272453699e-01 4.150887640115371369e+01
-9.681498052651131836e-01 4.230400856659085207e+01
-9.665920421029809972e-01 4.241957972083861250e+01
-9.650342789408488109e-01 3.855409668599770612e+01
-9.634765157787166245e-01 3.821986713089223997e+01
-9.619187526165844382e-01 3.687110623837765644e+01
-9.603609894544522518e-01 4.103127688851900245e+01
-9.588032262923205096e-01 4.167327501887049834e+01
-9.572454631301883232e-01 3.861838248128911033e+01
-9.556876999680561369e-01 4.063963435433797144e+01
-9.541299368059239505e-01 4.140119640014267333e+01
-9.525721736437917642e-01 4.134550245278621361e+01
-9.510144104816595778e-01 3.771383461334662712e+01
-9.494566473195273915e-01 3.395228941363640729e+01
-9.478988841573956492e-01 3.713138091498510107e+01
-9.463411209952634628e-01 3.831241767757284578e+01
-9.447833578331312765e-01 3.661863262153566723e+01
-9.432255946709990901e-01 3.573110714794366771e+01
-9.416678315088669038e-01 4.148676942781141719e+01
-9.401100683467347174e-01 4.585014713706041078e+01
-9.385523051846025311e-01 4.301451991583461876e+01
-9.369945420224707888e-01 4.178758682954504877e+01
-9.354367788603386025e-01 4.513268356036549278e+01
-9.338790156982064161e-01 4.836361219125409860e+01
-9.323212525360742298e-01 4.755229260178494144e+01
-9.307634893739420434e-01 4.342419815573258290e+01
-9.292057262118098571e-01 4.218725548539166681e+01
-9.276479630496781148e-01 4.277802672857171018e+01
-9.260901998875459284e-01 4.339180866307322049e+01
-9.245324367254137421e-01 4.593379374627756562e+01
-9.229746735632815557e-01 4.583935418606716183e+01
-9.214169104011493694e-01 4.084989760488718247e+01
-9.198591472390171830e-01 3.545062188720115159e+01
-9.183013840768849967e-01 3.499164743054713256e+01
-9.167436209147532544e-01 3.679583384448756078e+01
-9.151858577526210681e-01 4.127430347202228944e+01
-9.136280945904888817e-01 4.160284977061473910e+01
-9.120703314283566954e-01 4.093119233790977773e+01
-9.105125682662245090e-01 4.704256429298216347e+01
-9.089548051040923227e-01 4.725941560226594618e+01
-9.073970419419601363e-01 4.340067260973166441e+01
-9.058392787798283941e-01 4.478744981411170301e+01
-9.042815156176962077e-01 4.371796893708028620e+01
-9.027237524555640213e-01 4.101226598550142910e+01
-9.011659892934318350e-01 4.528895072882744444e+01
-8.996082261312996486e-01 4.759313184446589418e+01
-8.980504629691674623e-01 4.413599307505430147e+01
-8.964926998070352759e-01 4.113497133905327274e+01
-8.949349366449035337e-01 3.740752638050250312e+01
-8.933771734827713473e-01 4.462265431041078756e+01
-8.918194103206391610e-01 4.996320605096561707e+01
-8.902616471585069746e-01 4.517360448402710915e+01
-8.887038839963747883e-01 4.345402126954994060e+01
-8.871461208342426019e-01 4.526496384988836752e+01
-8.855883576721108597e-01 4.673953189116800644e+01
-8.840305945099786733e-01 4.477293698848891523e+01
-8.824728313478464869e-01 4.342874756767999855e+01
-8.809150681857143006e-01 3.889232917999188999e+01
-8.793573050235821142e-01 3.749952404018514329e+01
-8.777995418614499279e-01 4.124803438460219951e+01
-8.762417786993177415e-01 4.476779674834615719e+01
-8.746840155371859993e-01 4.426785881248630261e+01
-8.731262523750538129e-01 4.057655202958984830e+01
-8.715684892129216266e-01 4.382579660028078905e+01
-8.700107260507894402e-01 5.191187659922130848e+01
-8.684529628886572539e-01 4.598360313667262034e+01
-8.668951997265250675e-01 4.956867933991563291e+01
-8.653374365643928812e-01 4.916599180672784541e+01
-8.637796734022611389e-01 4.520672842610065345e+01
-8.622219102401289526e-01 5.233882302699117162e+01
-8.606641470779967662e-01 5.000349158230640967e+01
-8.591063839158645798e-01 4.634087134602495439e+01
-8.575486207537323935e-01 4.701728935559668088e+01
-8.559908575916002071e-01 4.902806372189873230e+01
-8.544330944294684649e-01 5.228123866264477471e+01
-8.528753312673362785e-01 4.873016251378673758e+01
-8.513175681052040922e-01 4.846983084683142806e+01
-8.497598049430719058e-01 5.403417238951324464e+01
-8.482020417809397195e-01 5.176025931507453492e+01
-8.466442786188075331e-01 5.301090700028326808e+01
-8.450865154566753468e-01 5.283758424458587655e+01
-8.435287522945436045e-01 4.892481385342052391e+01
-8.419709891324114182e-01 5.342504998439942909e+01
-8.404132259702792318e-01 5.292255213007160819e+01
-8.388554628081470455e-01 4.969810218184493067e+01
-8.372976996460148591e-01 5.435323596822677672e+01
-8.357399364838826727e-01 5.133157791311380436e+01
-8.341821733217504864e-01 4.732157796593994448e+01
-8.326244101596187441e-01 5.821383923978041963e+01
-8.310666469974865578e-01 5.620500084619882131e+01
-8.295088838353543714e-01 4.765690720579679862e+01
-8.279511206732221851e-01 5.317381621265942471e+01
-8.263933575110899987e-01 5.772301699295793753e+01
-8.248355943489578124e-01 5.713743119428159645e+01
-8.232778311868256260e-01 4.571890429576672688e+01
-8.217200680246938838e-01 4.943128981580251491e+01
-8.201623048625616974e-01 5.386002429661402857e+01
-8.186045417004295111e-01 5.164355393334809463e+01
-8.170467785382973247e-01 5.167625718907104471e+01
-8.154890153761651383e-01 4.613731052523512943e+01
-8.139312522140329520e-01 4.604959340449426008e+01
-8.123734890519012097e-01 4.669946609016120931e+01
-8.108157258897690234e-01 5.059325363044639801e+01
-8.092579627276368370e-01 5.420573296897736526e+01
-8.077001995655046507e-01 4.715292312374735673e+01
-8.061424364033724643e-01 4.550099175013095021e+01
-8.045846732412402780e-01 5.137674647252263327e+01
-8.030269100791080916e-01 5.065803165239767480e+01
-8.014691469169763494e-01 5.370988756854440993e+01
-7.999113837548441630e-01 5.742834151948485299e+01
-7.983536205927119767e-01 5.456933056889092626e+01
-7.967958574305797903e-01 5.267981541176747839e+01
-7.952380942684476040e-01 5.438873413115826594e+01
-7.936803311063154176e-01 5.559350040920931235e+01
-7.921225679441832312e-01 5.845037648760621352e+01
-7.905648047820514890e-01 5.857915102898343207e+01
-7.890070416199193026e-01 5.959508277823311317e+01
-7.874492784577871163e-01 5.270301449600065524e+01
-7.858915152956549299e-01 5.102955022649264549e+01
-7.843337521335227436e-01 5.710728822610067112e+01
-7.827759889713905572e-01 5.236336859363766649e+01
-7.812182258092583709e-01 4.980091723618792088e+01
-7.796604626471266286e-01 5.113969772876935593e+01
-7.781026994849944423e-01 5.110497118299437602e+01
-7.765449363228622559e-01 5.413251387928184499e+01
-7.749871731607300696e-01 6.232498639583437949e+01
-7.734294099985978832e-01 6.109034992202056458e+01
-7.718716468364656969e-01 6.243967702522937202e+01
-7.703138836743339546e-01 6.352028497202525870e+01
-7.687561205122017682e-01 5.846006699352682290e+01
-7.671983573500695819e-01 5.767512430331335338e+01
-7.656405941879373955e-01 5.470299326582915000e+01
-7.640828310258052092e-01 5.086186996649101388e+01
-7.625250678636730228e-01 5.122204325169798977e+01
-7.609673047015408365e-01 5.671137913857445056e+01
-7.594095415394090942e-01 5.977419779116448240e+01
-7.578517783772769079e-01 5.646591109445096635e+01
-7.562940152151447215e-01 6.067748504037737689e+01
-7.547362520530125352e-01 6.531112885638835053e+01
-7.531784888908803488e-01 6.255646153755495220e+01
-7.516207257287481625e-01 5.831518316879121500e+01
-7.500629625666159761e-01 5.443545690594741160e+01
-7.485051994044842338e-01 5.507456667904649805e+01
-7.469474362423520475e-01 5.677568183558058479e+01
-7.453896730802198611e-01 5.936655581847019647e+01
-7.438319099180876748e-01 6.607045079700388612e+01
-7.422741467559554884e-01 6.735610296738447289e+01
-7.407163835938233021e-01 5.789927625477457696e+01
-7.391586204316911157e-01 6.053908943829586775e+01
-7.376008572695593735e-01 6.286412724846778133e+01
-7.360430941074271871e-01 5.955058531894499652e+01
-7.344853309452950008e-01 6.185651317754697942e+01
-7.329275677831628144e-01 6.200575537905770318e+01
-7.313698046210306281e-01 5.997264863282531877e+01
-7.298120414588984417e-01 5.820551622085469745e+01
-7.282542782967666994e-01 5.795571667066390376e+01
-7.266965151346345131e-01 5.840891449212075770e+01
-7.251387519725023267e-01 5.570098323743442137e+01
-7.235809888103701404e-01 6.406145301762485644e+01
-7.220232256482379540e-01 7.116211250768130014e+01
-7.204654624861057677e-01 6.692253735456664288e+01
-7.189076993239735813e-01 6.382165769054815030e+01
-7.173499361618418391e-01 6.766891485881150459e+01
-7.157921729997096527e-01 7.304719138540119161e+01
-7.142344098375774664e-01 6.786718015868569864e+01
-7.126766466754452800e-01 6.698937033607928981e+01
-7.111188835133130937e-01 6.736812709635783847e+01
-7.095611203511809073e-01 7.245182969550556606e+01
-7.080033571890487210e-01 7.399357783031197755e+01
-7.064455940269169787e-01 6.976136254037609774e+01
-7.048878308647847923e-01 7.149964431321970437e+01
-7.033300677026526060e-01 7.040600312947512407e+01
-7.017723045405204196e-01 7.039445231372840794e+01
-7.002145413783882333e-01 7.418355450586933841e+01
-6.986567782162560469e-01 7.541376339984284982e+01
-6.970990150541243047e-01 7.213474575660994503e+01
-6.955412518919921183e-01 7.255017761746456983e+01
-6.939834887298599320e-01 7.661425427969173541e+01
-6.924257255677277456e-01 7.168451873107892425e+01
-6.908679624055955593e-01 6.883142174064130359e+01
-6.893101992434633729e-01 7.164678849645815717e+01
-6.877524360813311866e-01 7.363493747694487013e+01
-6.861946729191994443e-01 7.634507832498249513e+01
-6.846369097570672579e-01 7.683880889620640176e+01
-6.830791465949350716e-01 7.449696185178541441e+01
-6.815213834328028852e-01 7.059116530278271284e+01
-6.799636202706706989e-01 7.762208562338166473e+01
-6.784058571085385125e-01 8.476390616045642901e+01
-6.768480939464063262e-01 8.360170706016934616e+01
-6.752903307842745839e-01 7.959042672421806230e+01
-6.737325676221423976e-01 7.924853459317907323e+01
-6.721748044600102112e-01 8.271912646176170369e+01
-6.706170412978780249e-01 8.225413350892365827e+01
-6.690592781357458385e-01 8.367451900784109853e+01
-6.675015149736136522e-01 8.622222939757357096e+01
-6.659437518114814658e-01 8.648204897766872534e+01
-6.643859886493497235e-01 8.513213388816735971e+01
-6.628282254872175372e-01 8.846498435248508940e+01
-6.612704623250853508e-01 8.636735668007894162e+01
-6.597126991629531645e-01 8.578077846495308734e+01
-6.581549360008209781e-01 8.808932878167686908e+01
-6.565971728386887918e-01 8.470088760378241943e+01
-6.550394096765570495e-01 8.340689906423422428e+01
-6.534816465144248632e-01 8.077506222201445496e+01
-6.519238833522926768e-01 7.706650042096580933e+01
-6.503661201901604905e-01 7.565202925940782563e+01
-6.488083570280283041e-01 7.922513846270373961e+01
-6.472505938658961178e-01 8.318480473728855884e+01
-6.456928307037639314e-01 8.843129766731328800e+01
-6.441350675416321891e-01 8.808845321096484327e+01
-6.425773043795000028e-01 8.495041616825432129e+01
-6.410195412173678164e-01 8.544869035158980353e+01
-6.394617780552356301e-01 8.266185881214525466e+01
-6.379040148931034437e-01 8.184095068747599555e+01
-6.363462517309712574e-01 7.589550511536799604e+01
-6.347884885688390710e-01 6.910430661882197967e+01
-6.332307254067073288e-01 7.514764816860346741e+01
-6.316729622445751424e-01 8.167117640424835656e+01
-6.301151990824429561e-01 7.754280543355667987e+01
-6.285574359203107697e-01 7.728542225339819538e+01
-6.269996727581785834e-01 8.336865097007108716e+01
-6.254419095960463970e-01 8.611619966045792296e+01
-6.238841464339142107e-01 8.294148154790129013e+01
-6.223263832717824684e-01 8.329629688264601839e+01
-6.207686201096502820e-01 8.978580349610918176e+01
-6.192108569475180957e-01 9.001472752991256243e+01
-6.176530937853859093e-01 8.982564394159824417e+01
-6.160953306232537230e-01 9.028317858128278317e+01
-6.145375674611215366e-01 8.594178584771169938e+01
-6.129798042989897944e-01 7.177919967847294913e+01
-6.114220411368576080e-01 8.052809733301309336e+01
-6.098642779747254217e-01 8.743357765944871574e+01
-6.083065148125932353e-01 7.839254337660062788e+01
-6.067487516504610490e-01 8.439041465421000510e+01
-6.051909884883288626e-01 8.759302656320403457e+01
-6.036332253261966763e-01 8.428482236988072884e+01
-6.020754621640649340e-01 8.290369033569386659e+01
-6.005176990019327476e-01 8.902474169538554349e+01
-5.989599358398005613e-01 9.412665301212095414e+01
-5.974021726776683749e-01 9.498248814952269470e+01
-5.958444095155361886e-01 8.796626101328678260e+01
-5.942866463534040022e-01 8.416926529871211926e+01
-5.927288831912718159e-01 8.934524884407665013e+01
-5.911711200291400736e-01 8.793807725983883472e+01
-5.896133568670078873e-01 9.169935426436363457e+01
-5.880555937048757009e-01 9.928735428686229625e+01
-5.864978305427435146e-01 9.694529522412427980e+01
-5.849400673806113282e-01 9.404718019681659769e+01
-5.833823042184791419e-01 9.700309234941815362e+01
-5.818245410563469555e-01 1.021686760211046732e+02
-5.802667778942152133e-01 9.521471224834704117e+01
-5.787090147320830269e-01 9.122419006475885794e+01
-5.771512515699508405e-01 9.140378856752342074e+01
-5.755934884078186542e-01 9.290096251729106314e+01
-5.740357252456864678e-01 9.902261197114106039e+01
-5.724779620835542815e-01 9.479520174151018352e+01
-5.709201989214225392e-01 9.033476751849180175e+01
-5.693624357592903529e-01 9.149999338100606394e+01
-5.678046725971581665e-01 9.527514362539189108e+01
-5.662469094350259802e-01 9.708570595686619242e+01
-5.646891462728937938e-01 9.932907781042756312e+01
-5.631313831107616075e-01 1.010012418524369906e+02
-5.615736199486294211e-01 1.025826564363920568e+02
-5.600158567864976789e-01 1.058942879314286358e+02
-5.584580936243654925e-01 1.091031831699648933e+02
-5.569003304622333062e-01 1.125348678578664874e+02
-5.553425673001011198e-01 1.132987357323979154e+02
-5.537848041379689334e-01 1.121585435061677316e+02
-5.522270409758367471e-01 1.145716936020966301e+02
-5.506692778137045607e-01 1.181310860642056326e+02
-5.491115146515728185e-01 1.240096752427567139e+02
-5.475537514894406321e-01 1.118949321466111684e+02
-5.459959883273084458e-01 1.081573565542552871e+02
-5.444382251651762594e-01 1.155199603714756762e+02
-5.428804620030440731e-01 1.144137069140445249e+02
-5.413226988409118867e-01 1.238617787836993926e+02
-5.397649356787797004e-01 1.335397506322723302e+02
-5.382071725166479581e-01 1.390275767307786339e+02
-5.366494093545157718e-01 1.376606360112238292e+02
-5.350916461923835854e-01 1.269019646261692600e+02
-5.335338830302513990e-01 1.179674430519504824e+02
-5.319761198681192127e-01 1.391120969923226767e+02
-5.304183567059870263e-01 1.561674766866101152e+02
-5.288605935438552841e-01 1.399867831680308541e+02
-5.273028303817230977e-01 1.272571451131632188e+02
-5.257450672195909114e-01 1.306975653099774490e+02
-5.241873040574587250e-01 1.404556306439549473e+02
-5.226295408953265387e-01 1.442646305477027511e+02
-5.210717777331943523e-01 1.451089827929152705e+02
-5.195140145710621660e-01 1.541513528332601197e+02
-5.179562514089304237e-01 1.558468785355327384e+02
-5.163984882467982374e-01 1.590039103970729286e+02
-5.148407250846660510e-01 1.624877041752999105e+02
-5.132829619225338647e-01 1.522044432832653911e+02
-5.117251987604016783e-01 1.529071196026052917e+02
-5.101674355982694919e-01 1.621234480584454332e+02
-5.086096724361373056e-01 1.685687305682225485e+02
-5.070519092740055633e-01 1.699637904741329635e+02
-5.054941461118733770e-01 1.689187313270381878e+02
-5.039363829497411906e-01 1.729957393576164577e+02
-5.023786197876090043e-01 1.878627903343000298e+02
-5.008208566254768179e-01 1.901456692674213684e+02
-4.992630934633446316e-01 1.800947719999011838e+02
-4.977053303012124452e-01 1.871718787730575571e+02
-4.961475671390807030e-01 1.896127463505855815e+02
-4.945898039769485166e-01 1.833159946722689142e+02
-4.930320408148163303e-01 1.831407547037404413e+02
-4.914742776526841439e-01 1.798614470731348263e+02
-4.899165144905519576e-01 1.804795827361012357e+02
-4.883587513284197712e-01 1.858411025771145262e+02
-4.868009881662880289e-01 1.894514591071210248e+02
-4.852432250041558426e-01 2.064150752914897282e+02
-4.836854618420236562e-01 2.106288270720612275e+02
-4.821276986798914699e-01 2.096700853255985919e+02
-4.805699355177592835e-01 2.075653824478208378e+02
-4.790121723556270972e-01 2.031055719190539151e+02
-4.774544091934949108e-01 2.074787507226174341e+02
-4.758966460313631686e-01 1.929302638754665224e+02
-4.743388828692309822e-01 1.898087663085918848e+02
-4.727811197070987959e-01 2.034064409019914592e+02
-4.712233565449666095e-01 2.115456233749434887e+02
-4.696655933828344232e-01 2.161520155508117682e+02
-4.681078302207022368e-01 2.097928116634365665e+02
-4.665500670585700504e-01 2.112048936896373164e+02
-4.649923038964383082e-01 2.136596581897450733e+02
-4.634345407343061218e-01 2.016532905666901456e+02
-4.618767775721739355e-01 2.101186752876992614e+02
-4.603190144100417491e-01 2.151807596767614257e+02
-4.587612512479095628e-01 2.079467031632724172e+02
-4.572034880857773764e-01 2.046098869816706269e+02
-4.556457249236456342e-01 2.067859792351865167e+02
-4.540879617615134478e-01 2.049258733292217300e+02
-4.525301985993812615e-01 2.014331590088653172e+02
-4.509724354372490751e-01 2.169021599716008097e+02
-4.494146722751168888e-01 2.299176250283368574e+02
-4.478569091129847024e-01 2.155261612034278471e+02
-4.462991459508525161e-01 2.053957399952276148e+02
-4.447413827887207738e-01 2.037238854852245993e+02
-4.431836196265885874e-01 2.057413272243275060e+02
-4.416258564644564011e-01 2.134342882008456854e+02
-4.400680933023242147e-01 2.138358820769738884e+02
-4.385103301401920284e-01 2.068757005447385211e+02
-4.369525669780598420e-01 2.053383705163366528e+02
-4.353948038159276557e-01 2.150614414722158756e+02
-4.338370406537959134e-01 2.220708546944098600e+02
-4.322792774916637271e-01 2.075526214072310438e+02
-4.307215143295315407e-01 2.056146595232148968e+02
-4.291637511673993544e-01 2.039838277424140074e+02
-4.276059880052671680e-01 1.961681249826656028e+02
-4.260482248431349817e-01 2.073685190918768058e+02
-4.244904616810027953e-01 2.070096551567115455e+02
-4.229326985188710530e-01 2.077887787221823714e+02
-4.213749353567388667e-01 2.176715977362579224e+02
-4.198171721946066803e-01 2.161676583118016026e+02
-4.182594090324744940e-01 2.121950036700719977e+02
-4.167016458703423076e-01 2.155939729031119612e+02
-4.151438827082101213e-01 2.143081107569908283e+02
-4.135861195460783790e-01 2.165253579615460637e+02
-4.120283563839461927e-01 2.283488760023664668e+02
-4.104705932218140063e-01 2.322715993746006689e+02
-4.089128300596818200e-01 2.239147602551323644e+02
-4.073550668975496336e-01 2.265270885227060091e+02
-4.057973037354174473e-01 2.426749437640214069e+02
-4.042395405732852609e-01 2.498346215578374654e+02
-4.026817774111535186e-01 2.531153553768803874e+02
-4.011240142490213323e-01 2.584570261545500784e+02
-3.995662510868891459e-01 2.622920096661110847e+02
-3.980084879247569596e-01 2.732535696011321420e+02
-3.964507247626247732e-01 2.834644617957181936e+02
-3.948929616004925869e-01 2.917052046771386813e+02
-3.933351984383604005e-01 2.961164117329592500e+02
-3.917774352762286583e-01 2.955613011043749907e+02
-3.902196721140964719e-01 3.008096044867323826e+02
-3.886619089519642856e-01 3.119105842244270548e+02
-3.871041457898320992e-01 3.333930345786408225e+02
-3.855463826276999129e-01 3.422043170928270115e+02
-3.839886194655677265e-01 3.345395943455072256e+02
-3.824308563034355402e-01 3.570989885129936283e+02
-3.808730931413037979e-01 3.796842392412712002e+02
-3.793153299791716115e-01 3.848053279298181337e+02
-3.777575668170394252e-01 4.041298746245477673e+02
-3.761998036549072388e-01 4.119990757912784147e+02
-3.746420404927750525e-01 4.176151634982405199e+02
-3.730842773306428661e-01 4.369324248183374380e+02
-3.715265141685111239e-01 4.426009412690598310e+02
-3.699687510063789375e-01 4.614257998014956001e+02
-3.684109878442467512e-01 4.963773305606422355e+02
-3.668532246821145648e-01 5.073930871951018844e+02
-3.652954615199823785e-01 5.222961440609514057e+02
-3.637376983578501921e-01 5.415834141857537816e+02
-3.621799351957180058e-01 5.568650001163592833e+02
-3.606221720335862635e-01 5.728289207808802530e+02
-3.590644088714540771e-01 5.902673233830652180e+02
-3.575066457093218908e-01 6.174234065997283096e+02
-3.559488825471897044e-01 6.398631489198461395e+02
-3.543911193850575181e-01 6.657368246152492475e+02
-3.528333562229253317e-01 6.733002236405446865e+02
-3.512755930607931454e-01 6.876260156940580828e+02
-3.497178298986614031e-01 7.043133422702605912e+02
-3.481600667365292168e-01 7.166006868482845675e+02
-3.466023035743970304e-01 7.445159795470863173e+02
-3.450445404122648441e-01 7.570051670036785936e+02
-3.434867772501326577e-01 7.797912449263568533e+02
-3.419290140880004714e-01 8.092886519871408382e+02
-3.403712509258682850e-01 8.289471983373414332e+02
-3.388134877637365427e-01 8.330450126734585865e+02
-3.372557246016043564e-01 8.457753948239086412e+02
-3.356979614394721700e-01 8.554734291850526233e+02
-3.341401982773399837e-01 8.806160202345488415e+02
-3.325824351152077973e-01 9.089065902747490782e+02
-3.310246719530756110e-01 9.205337159288419571e+02
-3.294669087909438687e-01 9.377069186931263403e+02
-3.279091456288116824e-01 9.523867337879083834e+02
-3.263513824666794960e-01 9.755944812003131119e+02
-3.247936193045473097e-01 9.936736524217723172e+02
-3.232358561424151233e-01 1.005561508266866895e+03
-3.216780929802829370e-01 1.018145110022535164e+03
-3.201203298181507506e-01 1.045467263359431399e+03
-3.185625666560190083e-01 1.039442966633727337e+03
-3.170048034938868220e-01 1.067414163771145240e+03
-3.154470403317546356e-01 1.120953315661602119e+03
-3.138892771696224493e-01 1.106129396472021426e+03
-3.123315140074902629e-01 1.109674022146413790e+03
-3.107737508453580766e-01 1.142823736507748208e+03
-3.092159876832258902e-01 1.162859070213166660e+03
-3.076582245210941480e-01 1.162085109887815406e+03
-3.061004613589619616e-01 1.177149673591278770e+03
-3.045426981968297753e-01 1.196036817391742261e+03
-3.029849350346975889e-01 1.235227401555265260e+03
-3.014271718725654026e-01 1.256874149107265794e+03
-2.998694087104332162e-01 1.273534213285752230e+03
-2.983116455483014740e-01 1.293922979471623876e+03
-2.967538823861692876e-01 1.268500790485445350e+03
-2.951961192240371012e-01 1.265826052731041045e+03
-2.936383560619049149e-01 1.272594622756241961e+03
-2.920805928997727285e-01 1.276062713286175040e+03
-2.905228297376405422e-01 1.278983275610401051e+03
-2.889650665755083558e-01 1.254574404943405170e+03
-2.874073034133766136e-01 1.245634238416394965e+03
-2.858495402512444272e-01 1.261792095288109749e+03
-2.842917770891122409e-01 1.253674206734199061e+03
-2.827340139269800545e-01 1.217910598758717470e+03
-2.811762507648478682e-01 1.211280734262247279e+03
-2.796184876027156818e-01 1.239315177468908814e+03
-2.780607244405834955e-01 1.237696169213105122e+03
-2.765029612784517532e-01 1.220517605320827442e+03
-2.749451981163195669e-01 1.212755543639252437e+03
-2.733874349541873805e-01 1.210478072685367579e+03
-2.718296717920551941e-01 1.201142855252222944e+03
-2.702719086299230078e-01 1.193938090367127415e+03
-2.687141454677908214e-01 1.199769448100560339e+03
-2.671563823056586351e-01 1.170642617551364765e+03
-2.655986191435268928e-01 1.132259810295211537e+03
-2.640408559813947065e-01 1.117322019675322508e+03
-2.624830928192625201e-01 1.114343981202323675e+03
-2.609253296571303338e-01 1.119404851873664256e+03
-2.593675664949981474e-01 1.105788500892853563e+03
-2.578098033328659611e-01 1.093107561002528428e+03
-2.562520401707342188e-01 1.085309659242253019e+03
-2.546942770086020325e-01 1.076244536123596390e+03
-2.531365138464698461e-01 1.088797237473569339e+03
-2.515787506843376597e-01 1.077040807719578652e+03
-2.500209875222054734e-01 1.045553405370535756e+03
-2.484632243600732870e-01 1.052196027142898629e+03
-2.469054611979411007e-01 1.049956259620220180e+03
-2.453476980358093584e-01 1.058315337232870661e+03
-2.437899348736771721e-01 1.081983918474852544e+03
-2.422321717115449857e-01 1.102480286005601329e+03
-2.406744085494127994e-01 1.130284567416597611e+03
-2.391166453872806130e-01 1.167939100241450888e+03
-2.375588822251484267e-01 1.196591983341381820e+03
-2.360011190630162403e-01 1.240713167755944369e+03
-2.344433559008844981e-01 1.274438028528948280e+03
-2.328855927387523117e-01 1.282902407692467023e+03
-2.313278295766201254e-01 1.346687796175636095e+03
-2.297700664144879390e-01 1.408779379153337459e+03
-2.282123032523557526e-01 1.436424255942551326e+03
-2.266545400902235663e-01 1.497637131327263660e+03
-2.250967769280913799e-01 1.594736171640731754e+03
-2.235390137659596377e-01 1.682091477336974549e+03
-2.219812506038274513e-01 1.746079406605424310e+03
-2.204234874416952650e-01 1.849912049904013884e+03
-2.188657242795630786e-01 1.995678134869683163e+03
-2.173079611174308923e-01 2.094446361998327575e+03
-2.157501979552987059e-01 2.204607383201149787e+03
-2.141924347931669637e-01 2.363374079646381688e+03
-2.126346716310347773e-01 2.532379730494251817e+03
-2.110769084689025910e-01 2.736559752061551535e+03
-2.095191453067704046e-01 2.942567897581518992e+03
-2.079613821446382183e-01 3.122134131921030985e+03
-2.064036189825060319e-01 3.314644818143143766e+03
-2.048458558203738455e-01 3.552466438251322415e+03
-2.032880926582421033e-01 3.855904109540513673e+03
-2.017303294961099169e-01 4.048909214120777960e+03
-2.001725663339777306e-01 4.205618844385772718e+03
-1.986148031718455442e-01 4.520532891747952817e+03
-1.970570400097133579e-01 4.819612356814363011e+03
-1.954992768475811715e-01 5.127264085132896980e+03
-1.939415136854489852e-01 5.453711646074483724e+03
-1.923837505233172429e-01 5.804620619345190789e+03
-1.908259873611850566e-01 6.136578730436907790e+03
-1.892682241990528702e-01 6.540978657913542520e+03
-1.877104610369206839e-01 7.055551006205056183e+03
-1.861526978747884975e-01 7.569947993688843781e+03
-1.845949347126563111e-01 8.109502189506033574e+03
-1.830371715505241248e-01 8.658515780563582666e+03
-1.814794083883923825e-01 9.412434152848096346e+03
-1.799216452262601962e-01 1.040546832714387347e+04
-1.783638820641280098e-01 1.125691370942811773e+04
-1.768061189019958235e-01 1.202723401430976628e+04
-1.752483557398636371e-01 1.285557931958549671e+04
-1.736905925777314508e-01 1.404596196882315962e+04
-1.721328294155997085e-01 1.545360748817400236e+04
-1.705750662534675222e-01 1.680849091397706070e+04
-1.690173030913353358e-01 1.840008349726533561e+04
-1.674595399292031495e-01 2.018935582005883771e+04
-1.659017767670709631e-01 2.219897650107850495e+04
-1.643440136049387768e-01 2.431101943239436514e+04
-1.627862504428065904e-01 2.655396434240771850e+04
-1.612284872806748481e-01 2.931560846690244580e+04
-1.596707241185426618e-01 3.258339455326097959e+04
-1.581129609564104754e-01 3.554193075688998942e+04
-1.565551977942782891e-01 3.903231338171906100e+04
-1.549974346321461027e-01 4.274631667404955806e+04
-1.534396714700139164e-01 4.572094451973806281e+04
-1.518819083078817300e-01 4.863021503319319163e+04
-1.503241451457499878e-01 5.105798467989571509e+04
-1.487663819836178014e-01 5.318414836620167625e+04
-1.472086188214856151e-01 5.490809205344874499e+04
-1.456508556593534287e-01 5.551246109574125148e+04
-1.440930924972212424e-01 5.570901551184258278e+04
-1.425353293350890560e-01 5.580092985201343254e+04
-1.409775661729568697e-01 5.438123173794893955e+04
-1.394198030108251274e-01 5.188902479075614974e+04
-1.378620398486929410e-01 4.973659912692593207e+04
-1.363042766865607547e-01 4.791408918142228504e+04
-1.347465135244285683e-01 4.636706261323006765e+04
-1.331887503622963820e-01 4.520163720662375272e+04
-1.316309872001641956e-01 4.398818559350510623e+04
-1.300732240380324534e-01 4.259230995734205499e+04
-1.285154608759002670e-01 4.127045266337531939e+04
-1.269576977137680807e-01 4.042199549261312495e+04
-1.253999345516358943e-01 3.949401122038748872e+04
-1.238421713895037080e-01 3.836057619843236171e+04
-1.222844082273715216e-01 3.738132207477117481e+04
-1.207266450652393353e-01 3.582982202892208443e+04
-1.191688819031075930e-01 3.419413140098203439e+04
-1.176111187409754066e-01 3.265585757655560155e+04
-1.160533555788432203e-01 3.069520078193632799e+04
-1.144955924167110339e-01 2.872713239612243342e+04
-1.129378292545788476e-01 2.694474578652725904e+04
-1.113800660924466612e-01 2.509903069127657000e+04
-1.098223029303144749e-01 2.363669130149769626e+04
-1.082645397681827326e-01 2.231341715701212161e+04
-1.067067766060505463e-01 2.088249508884920215e+04
-1.051490134439183599e-01 1.978585555408050641e+04
-1.035912502817861736e-01 1.861464949353825068e+04
-1.020334871196539872e-01 1.775585961495789888e+04
-1.004757239575218009e-01 1.721183415563388189e+04
-9.891796079538961450e-02 1.665640167091394687e+04
-9.736019763325787224e-02 1.615339303883396678e+04
-9.580243447112568589e-02 1.588281140939126090e+04
-9.424467130899349954e-02 1.567684535353385581e+04
-9.268690814686131318e-02 1.553506735538307112e+04
-9.112914498472912683e-02 1.546254625128936641e+04
-8.957138182259694048e-02 1.538886272709920013e+04
-8.801361866046519822e-02 1.536405579274859338e+04
-8.645585549833301187e-02 1.540120832817470910e+04
-8.489809233620082551e-02 1.566885327307470106e+04
-8.334032917406863916e-02 1.594503329575595853e+04
-8.178256601193645281e-02 1.619426856611871153e+04
-8.022480284980426646e-02 1.657239046454220443e+04
-7.866703968767208011e-02 1.701862908582973250e+04
-7.710927652554033784e-02 1.741228972643310408e+04
-7.555151336340815149e-02 1.793112805499853130e+04
-7.399375020127596514e-02 1.870506065481588666e+04
-7.243598703914377879e-02 1.941174589093843679e+04
-7.087822387701159244e-02 2.008740546164441548e+04
-6.932046071487940608e-02 2.089338610955166223e+04
-6.776269755274721973e-02 2.171573054294472968e+04
-6.620493439061547747e-02 2.276488722116046483e+04
-6.464717122848329112e-02 2.385793642978679782e+04
-6.308940806635110476e-02 2.488555572872515040e+04
-6.153164490421891841e-02 2.624833501260803678e+04
-5.997388174208673206e-02 2.790536141424436937e+04
-5.841611857995454571e-02 2.931457321181474254e+04
-5.685835541782280345e-02 3.089435533353725987e+04
-5.530059225569061709e-02 3.274379071119955915e+04
-5.374282909355843074e-02 3.465648413704517588e+04
-5.218506593142624439e-02 3.647202621406082471e+04
-5.062730276929405804e-02 3.803237712797465065e+04
-4.906953960716187169e-02 3.623742583892344555e+04
-4.751177644502968533e-02 2.645535648262012546e+04
-4.595401328289794307e-02 1.447172620834219924e+04
-4.439625012076575672e-02 8.208157018886202422e+03
-4.283848695863357037e-02 6.248832566693498848e+03
-4.128072379650138402e-02 5.074834144221980750e+03
-3.972296063436919766e-02 4.387781962198980182e+03
-3.816519747223701131e-02 3.522686819205138818e+03
-3.660743431010482496e-02 3.976616921877485765e+03
-3.504967114797308270e-02 2.837749945233239487e+03
-3.349190798584089634e-02 6.440145718733370472e+01
-3.193414482370870999e-02 8.945642175387662576e+01
-3.037638166157652364e-02 5.208043904902854848e+01
-2.881861849944433729e-02 5.510229832536351324e+01
-2.726085533731215094e-02 4.761812761331615462e+01
-2.570309217517996458e-02 4.522865814778527493e+01
-2.414532901304822232e-02 4.484639955010463552e+01
-2.258756585091603597e-02 4.897719989587581324e+01
-2.102980268878384962e-02 5.116290943583037176e+01
-1.947203952665166327e-02 4.733158295052747633e+01
-1.791427636451947691e-02 4.726390428376029718e+01
-1.635651320238729056e-02 4.670582882483096654e+01
-1.479875004025554830e-02 4.337736331715720439e+01
-1.324098687812336195e-02 4.346523096885989190e+01
-1.168322371599117560e-02 4.685883022409326060e+01
-1.012546055385898924e-02 4.836285158447470423e+01
-8.567697391726802891e-03 4.973742024932401762e+01
-7.009934229594616539e-03 5.272462693889525553e+01
-5.452171067462430187e-03 5.566520298558855728e+01
-3.894407905330687925e-03 5.660784851204738288e+01
-2.336644743198501573e-03 5.485243927931875874e+01
-7.788815810663152206e-04 5.538088315232910475e+01
7.788815810658711314e-04 5.889221170198261035e+01
2.336644743198057483e-03 6.270016484362599840e+01
3.894407905330243835e-03 6.588591919487485882e+01
5.452171067462430187e-03 6.940352014744127018e+01
7.009934229594172450e-03 7.213949016227563504e+01
8.567697391726358802e-03 7.405301733654617635e+01
1.012546055385854515e-02 7.919826643634974062e+01
1.168322371599073151e-02 8.279544794383269846e+01
1.324098687812291786e-02 8.400750751257389481e+01
1.479875004025510421e-02 8.833133000153465275e+01
1.635651320238729056e-02 9.707424205917325821e+01
1.791427636451903282e-02 1.103563205164454075e+02
1.947203952665121918e-02 1.186211368500831185e+02
2.102980268878340553e-02 1.264492628939492960e+02
2.258756585091559188e-02 1.437781781965539665e+02
2.414532901304777823e-02 1.696028070341336615e+02
2.570309217517996458e-02 1.913686021616090613e+02
2.726085533731170685e-02 2.245631919865016641e+02
2.881861849944389320e-02 2.810768567985473965e+02
3.037638166157607955e-02 3.290906517014623205e+02
3.193414482370826590e-02 3.765948513120041525e+02
3.349190798584045226e-02 4.481955049445969621e+02
3.504967114797263861e-02 5.428672728661192650e+02
3.660743431010482496e-02 6.468922888979230947e+02
3.816519747223656722e-02 7.751686259590984491e+02
3.972296063436875357e-02 9.628057885194966730e+02
4.128072379650093993e-02 1.188272027943861985e+03
4.283848695863312628e-02 1.435492952360468280e+03
4.439625012076531263e-02 1.749532074354158112e+03
4.595401328289749898e-02 2.171490059977088549e+03
4.751177644502968533e-02 2.818553485473616547e+03
4.906953960716142760e-02 3.691438818049976817e+03
5.062730276929361395e-02 6.058008575657888287e+03
5.218506593142580030e-02 1.380302134587693581e+04
5.374282909355798665e-02 2.252683097780062599e+04
5.530059225569017300e-02 2.575600873735919595e+04
5.685835541782235936e-02 2.614056214796545464e+04
5.841611857995454571e-02 2.538445929207843437e+04
5.997388174208628797e-02 2.457413148106918743e+04
6.153164490421847432e-02 2.357223391184755747e+04
6.308940806635066068e-02 2.265860295775077611e+04
6.464717122848284703e-02 2.197895518000026277e+04
6.620493439061503338e-02 2.109077855790028843e+04
6.776269755274721973e-02 2.034711243520824064e+04
6.932046071487896199e-02 1.967533428921583254e+04
7.087822387701114835e-02 1.908981994842906715e+04
7.243598703914333470e-02 1.841941990558776888e+04
7.399375020127552105e-02 1.786450863629327068e+04
7.555151336340770740e-02 1.740643155496471809e+04
7.710927652553989375e-02 1.689037496586728957e+04
7.866703968767208011e-02 1.659957815026244134e+04
8.022480284980382237e-02 1.630084983829914927e+04
8.178256601193600872e-02 1.603747257034837094e+04
8.334032917406819507e-02 1.588100010897190805e+04
8.489809233620038142e-02 1.577637628641271840e+04
8.645585549833256778e-02 1.570769872163445689e+04
8.801361866046475413e-02 1.571953700982302871e+04
8.957138182259694048e-02 1.582164400419506455e+04
9.112914498472868274e-02 1.605703033764137945e+04
9.268690814686086910e-02 1.624040997157944003e+04
9.424467130899305545e-02 1.643287135235097230e+04
9.580243447112524180e-02 1.685504140690304121e+04
9.736019763325742815e-02 1.745308946195277167e+04
9.891796079538961450e-02 1.812850343609350239e+04
1.004757239575213568e-01 1.890530638327921042e+04
1.020334871196535431e-01 1.982614314802436638e+04
1.035912502817857295e-01 2.099223512462317740e+04
1.051490134439179158e-01 2.235667999841059282e+04
1.067067766060501022e-01 2.385895845961590021e+04
1.082645397681822885e-01 2.534938607963246614e+04
1.098223029303144749e-01 2.722648523159595425e+04
1.113800660924462171e-01 2.909688661047995265e+04
1.129378292545784035e-01 3.071183710770862308e+04
1.144955924167105898e-01 3.257526966113200615e+04
1.160533555788427762e-01 3.456347547262065200e+04
1.176111187409749625e-01 3.656627196213096613e+04
1.191688819031071489e-01 3.816085217728641874e+04
1.207266450652393353e-01 3.967188799980482145e+04
1.222844082273710775e-01 4.101379715156969178e+04
1.238421713895032639e-01 4.219229977237230923e+04
1.253999345516354502e-01 4.332420924743073556e+04
1.269576977137676366e-01 4.475695819170420145e+04
1.285154608758998229e-01 4.618780264442774933e+04
1.300732240380320093e-01 4.725441040461603552e+04
1.316309872001641956e-01 4.883203699075844634e+04
1.331887503622959379e-01 5.101913999671848433e+04
1.347465135244281242e-01 5.344189368088816991e+04
1.363042766865603106e-01 5.614884704935547052e+04
1.378620398486924969e-01 5.864026316563168803e+04
1.394198030108246833e-01 6.026158177742771659e+04
1.409775661729568697e-01 6.120440322343225853e+04
1.425353293350886119e-01 6.143282300074530940e+04
1.440930924972207983e-01 6.118165962458743161e+04
1.456508556593529846e-01 6.070336865608768858e+04
1.472086188214851710e-01 5.949805154825672071e+04
1.487663819836173573e-01 5.762776855512384645e+04
1.503241451457495437e-01 5.415949274370774947e+04
1.518819083078817300e-01 4.928611667508913524e+04
1.534396714700134723e-01 4.502456955398810533e+04
1.549974346321456586e-01 4.106058101071567944e+04
1.565551977942778450e-01 3.727685838106737356e+04
1.581129609564100313e-01 3.365787273858729895e+04
1.596707241185422177e-01 3.014669145051817759e+04
1.612284872806744040e-01 2.715057317629087265e+04
1.627862504428065904e-01 2.460102890525113617e+04
1.643440136049383327e-01 2.203748558758169747e+04
1.659017767670705190e-01 1.985917556838760356e+04
1.674595399292027054e-01 1.817800638063928636e+04
1.690173030913348917e-01 1.681444177545886851e+04
1.705750662534670781e-01 1.551012812694855347e+04
1.721328294155992644e-01 1.433808053335895420e+04
1.736905925777314508e-01 1.321880257188365249e+04
1.752483557398631930e-01 1.228129571280819982e+04
1.768061189019953794e-01 1.138658771391654591e+04
1.783638820641275657e-01 1.036632939143831572e+04
1.799216452262597521e-01 9.648186768919395035e+03
1.814794083883919384e-01 9.082707447287333707e+03
1.830371715505241248e-01 8.455769063258225287e+03
1.845949347126558671e-01 7.854104250649002097e+03
1.861526978747880534e-01 7.298808770383147930e+03
1.877104610369202398e-01 6.844647599009341320e+03
1.892682241990524261e-01 6.489829543624775397e+03
1.908259873611846125e-01 6.052356485669053654e+03
1.923837505233167988e-01 5.670634886095544061e+03
1.939415136854489852e-01 5.402298979525298819e+03
1.954992768475807274e-01 5.029376168922964098e+03
1.970570400097129138e-01 4.676152722837371584e+03
1.986148031718451001e-01 4.372517956772296202e+03
2.001725663339772865e-01 4.105953407861073174e+03
2.017303294961094728e-01 3.861324875579211493e+03
2.032880926582416592e-01 3.641533292404064468e+03
2.048458558203738455e-01 3.428299585571292482e+03
2.064036189825055878e-01 3.174881117734506915e+03
2.079613821446377742e-01 2.970769429086018135e+03
2.095191453067699605e-01 2.801527649111300889e+03
2.110769084689021469e-01 2.590224449482542241e+03
2.126346716310343332e-01 2.422949165861922665e+03
2.141924347931665196e-01 2.279781343627666047e+03
2.157501979552987059e-01 2.156350223276680481e+03
2.173079611174304482e-01 2.069731406092336783e+03
2.188657242795626345e-01 1.966666022090167189e+03
2.204234874416948209e-01 1.838392441970649543e+03
2.219812506038270072e-01 1.737803737798304610e+03
2.235390137659591936e-01 1.652056413656115410e+03
2.250967769280913799e-01 1.604452375830185929e+03
2.266545400902231222e-01 1.546603969395319382e+03
2.282123032523553086e-01 1.469290127651396915e+03
2.297700664144874949e-01 1.412570803299638328e+03
2.313278295766196813e-01 1.371243666618727502e+03
2.328855927387518676e-01 1.324885310738227872e+03
2.344433559008840540e-01 1.312468208724271790e+03
2.360011190630162403e-01 1.294245298350229632e+03
2.375588822251479826e-01 1.266154492871497496e+03
2.391166453872801689e-01 1.256090264031992092e+03
2.406744085494123553e-01 1.223775614062353498e+03
2.422321717115445416e-01 1.205308810647664131e+03
2.437899348736767280e-01 1.197766202229019427e+03
2.453476980358089143e-01 1.207364863799046816e+03
2.469054611979411007e-01 1.217300737886683464e+03
2.484632243600728430e-01 1.231800507217467612e+03
2.500209875222050293e-01 1.247046978809325992e+03
2.515787506843372157e-01 1.225994356784922957e+03
2.531365138464694020e-01 1.225574660382749926e+03
2.546942770086015884e-01 1.258775895211031411e+03
2.562520401707337747e-01 1.265070841724642150e+03
2.578098033328659611e-01 1.276138072413652708e+03
2.593675664949977033e-01 1.302784513473621246e+03
2.609253296571298897e-01 1.314158700818838497e+03
2.624830928192620760e-01 1.316147185616770230e+03
2.640408559813942624e-01 1.352311682106504804e+03
2.655986191435264487e-01 1.384940429212867002e+03
2.671563823056586351e-01 1.392360075503102507e+03
2.687141454677903774e-01 1.391743795621089703e+03
2.702719086299225637e-01 1.382164823741097280e+03
2.718296717920547501e-01 1.396042081179426077e+03
2.733874349541869364e-01 1.430907951681850591e+03
2.749451981163191228e-01 1.433001274443009379e+03
2.765029612784513091e-01 1.419934298166850795e+03
2.780607244405834955e-01 1.458600268658103914e+03
2.796184876027152377e-01 1.508361539284733226e+03
2.811762507648474241e-01 1.493242737606330365e+03
2.827340139269796104e-01 1.485722617297026545e+03
2.842917770891117968e-01 1.500366346115364877e+03
2.858495402512439831e-01 1.485248927415275148e+03
2.874073034133761695e-01 1.491697394832810005e+03
2.889650665755083558e-01 1.504231601522247729e+03
2.905228297376400981e-01 1.505860209129001532e+03
2.920805928997722845e-01 1.495490630419339823e+03
2.936383560619044708e-01 1.491643744948843960e+03
2.951961192240366572e-01 1.504609098821644238e+03
2.967538823861688435e-01 1.483021897722981748e+03
2.983116455483010299e-01 1.430465283807890046e+03
2.998694087104332162e-01 1.437126675502451690e+03
3.014271718725649585e-01 1.465412448852961461e+03
3.029849350346971448e-01 1.442924945392194104e+03
3.045426981968293312e-01 1.409612458810014004e+03
3.061004613589615175e-01 1.402914212495482843e+03
3.076582245210937039e-01 1.378953218267567763e+03
3.092159876832258902e-01 1.351126356565619744e+03
3.107737508453576325e-01 1.347696288578567874e+03
3.123315140074898189e-01 1.315180504887416191e+03
3.138892771696220052e-01 1.297870630927345019e+03
3.154470403317541916e-01 1.300857717651460234e+03
3.170048034938863779e-01 1.289131663920482879e+03
3.185625666560185643e-01 1.279908589405593602e+03
3.201203298181507506e-01 1.273182360282634363e+03
3.216780929802824929e-01 1.251921504010445688e+03
3.232358561424146792e-01 1.232609175400617005e+03
3.247936193045468656e-01 1.188394056221509800e+03
3.263513824666790519e-01 1.169734913340538014e+03
3.279091456288112383e-01 1.180228731435291593e+03
3.294669087909434246e-01 1.153451902043655764e+03
3.310246719530756110e-01 1.158307223174076853e+03
3.325824351152073532e-01 1.098656506250668826e+03
3.341401982773395396e-01 1.014790207758252564e+03
3.356979614394717260e-01 9.809744467480206822e+02
3.372557246016039123e-01 9.681588485307581777e+02
3.388134877637360987e-01 9.568838919828591543e+02
3.403712509258682850e-01 9.303735190359002445e+02
3.419290140880000273e-01 9.023139863321854364e+02
3.434867772501322136e-01 9.093755851199857716e+02
3.450445404122644000e-01 8.736947272725529956e+02
3.466023035743965863e-01 8.387018519036359976e+02
3.481600667365287727e-01 8.142646739701657452e+02
3.497178298986609590e-01 7.792820338408020007e+02
3.512755930607931454e-01 7.830275286667939554e+02
3.528333562229248876e-01 7.759097501221862103e+02
3.543911193850570740e-01 7.477172137950676643e+02
3.559488825471892604e-01 7.238317541943749802e+02
3.575066457093214467e-01 6.978648724906242933e+02
3.590644088714536331e-01 6.842876275694135302e+02
3.606221720335858194e-01 6.692913892534680826e+02
3.621799351957180058e-01 6.563773034370524329e+02
3.637376983578497480e-01 6.385249060781877688e+02
3.652954615199819344e-01 6.203350446678091430e+02
3.668532246821141207e-01 6.011372522203369044e+02
3.684109878442463071e-01 5.821260789811072982e+02
3.699687510063784934e-01 5.639297643025082607e+02
3.715265141685106798e-01 5.557021137194246876e+02
3.730842773306428661e-01 5.262119848585572299e+02
3.746420404927746084e-01 4.950700328691990535e+02
3.761998036549067947e-01 4.861654292761166403e+02
3.777575668170389811e-01 4.586639599592752461e+02
3.793153299791711675e-01 4.470069586035740485e+02
3.808730931413033538e-01 4.360960630389977268e+02
3.824308563034355402e-01 4.223917904944237307e+02
3.839886194655672824e-01 4.138170861189394714e+02
3.855463826276994688e-01 4.013076183683978684e+02
3.871041457898316551e-01 3.819009714306620253e+02
3.886619089519638415e-01 3.581162821626960522e+02
3.902196721140960278e-01 3.348127515754556498e+02
3.917774352762282142e-01 3.352913365793014577e+02
3.933351984383604005e-01 3.368262692053733645e+02
3.948929616004921428e-01 3.362134211828943080e+02
3.964507247626243291e-01 3.343320359922015541e+02
3.980084879247565155e-01 3.233140545825625622e+02
3.995662510868887018e-01 3.066441014058646033e+02
4.011240142490208882e-01 3.027181382205877185e+02
4.026817774111530746e-01 3.086841161417973467e+02
4.042395405732852609e-01 2.977688438207757144e+02
4.057973037354170032e-01 2.853956926490144497e+02
4.073550668975491895e-01 2.846652184179586129e+02
4.089128300596813759e-01 2.793475807729589064e+02
4.104705932218135622e-01 2.673806231606299093e+02
4.120283563839457486e-01 2.711746304211863503e+02
4.135861195460779349e-01 2.790533215421363593e+02
4.151438827082101213e-01 2.736527862453037301e+02
4.167016458703418635e-01 2.628542563466342017e+02
4.182594090324740499e-01 2.620532361059499067e+02
4.198171721946062362e-01 2.700700738625278632e+02
4.213749353567384226e-01 2.781196682016626482e+02
4.229326985188706090e-01 2.803284991380772340e+02
4.244904616810027953e-01 2.739253216272363147e+02
4.260482248431345376e-01 2.632062314680006807e+02
4.276059880052667239e-01 2.736322479417614773e+02
4.291637511673989103e-01 2.764945736750839842e+02
4.307215143295310966e-01 2.752394071310000641e+02
4.322792774916632830e-01 2.769897879924685640e+02
4.338370406537954693e-01 2.702331154618609617e+02
4.353948038159276557e-01 2.769323641346706495e+02
4.369525669780593979e-01 2.829020726682916234e+02
4.385103301401915843e-01 2.637280149078674185e+02
4.400680933023237706e-01 2.650136026721955886e+02
4.416258564644559570e-01 2.696059908368002311e+02
4.431836196265881433e-01 2.751398818649981308e+02
4.447413827887203297e-01 2.807138394681599607e+02
4.462991459508525161e-01 2.865548620073166148e+02
4.478569091129842583e-01 2.854452339460973462e+02
4.494146722751164447e-01 2.835008522071573793e+02
4.509724354372486310e-01 2.888184759028802659e+02
4.525301985993808174e-01 2.948405329917102904e+02
4.540879617615130037e-01 2.893452311840623565e+02
4.556457249236451901e-01 2.819263957822736870e+02
4.572034880857773764e-01 2.792691023141090909e+02
4.587612512479091187e-01 2.787928382301954002e+02
4.603190144100413050e-01 2.911486742439075215e+02
4.618767775721734914e-01 2.988894397750520966e+02
4.634345407343056777e-01 3.055240182165529745e+02
4.649923038964378641e-01 3.106920805657053393e+02
4.665500670585700504e-01 2.965196308896984760e+02
4.681078302207017927e-01 2.742522628008331935e+02
4.696655933828339791e-01 2.750942215179811114e+02
4.712233565449661654e-01 2.946109829148840618e+02
4.727811197070983518e-01 3.080869065145379864e+02
4.743388828692305381e-01 2.974325932830172405e+02
4.758966460313627245e-01 2.878432632758706973e+02
4.774544091934949108e-01 2.790370590217304425e+02
4.790121723556266531e-01 2.732823211667147234e+02
4.805699355177588394e-01 2.725010561656774257e+02
4.821276986798910258e-01 2.731710020172831150e+02
4.836854618420232121e-01 2.668683787334646809e+02
4.852432250041553985e-01 2.610847235063662310e+02
4.868009881662875848e-01 2.507468778728518259e+02
4.883587513284197712e-01 2.492198948399773997e+02
4.899165144905515135e-01 2.729058062177331863e+02
4.914742776526836998e-01 2.754665927808584343e+02
4.930320408148158862e-01 2.674783777197606014e+02
4.945898039769480725e-01 2.595499340823244552e+02
4.961475671390802589e-01 2.441660909741009675e+02
4.977053303012124452e-01 2.429038779386329736e+02
4.992630934633441875e-01 2.503323905710578003e+02
5.008208566254763738e-01 2.484834285206731579e+02
5.023786197876085602e-01 2.465118781134925712e+02
5.039363829497407465e-01 2.430276533366209719e+02
5.054941461118729329e-01 2.412832119216225237e+02
5.070519092740051192e-01 2.293445518959124456e+02
5.086096724361373056e-01 2.270732008059630118e+02
5.101674355982690479e-01 2.357256639784810091e+02
5.117251987604012342e-01 2.361363373395743679e+02
5.132829619225334206e-01 2.279759648515385777e+02
5.148407250846656069e-01 2.262322260361821691e+02
5.163984882467977933e-01 2.253442108073022325e+02
5.179562514089299796e-01 2.259142164622692235e+02
5.195140145710621660e-01 2.203651844535764894e+02
5.210717777331939082e-01 1.996371483753065093e+02
5.226295408953260946e-01 1.996096947751341872e+02
5.241873040574582809e-01 2.061322087612382177e+02
5.257450672195904673e-01 2.071523436038187924e+02
5.273028303817226536e-01 1.996080624903055991e+02
5.288605935438548400e-01 1.918120446683256262e+02
5.304183567059870263e-01 1.980686932659209560e+02
5.319761198681187686e-01 1.995588185534785168e+02
5.335338830302509550e-01 1.847349252065914698e+02
5.350916461923831413e-01 1.746426139878419690e+02
5.366494093545153277e-01 1.737357326285532224e+02
5.382071725166475140e-01 1.788688999325292457e+02
5.397649356787797004e-01 1.821718627411954685e+02
5.413226988409114426e-01 1.702600686990346048e+02
5.428804620030436290e-01 1.543413996135323600e+02
5.444382251651758153e-01 1.577365329600948485e+02
5.459959883273080017e-01 1.645450575035290512e+02
5.475537514894401880e-01 1.695831618119171367e+02
5.491115146515723744e-01 1.659201213872249525e+02
5.506692778137045607e-01 1.522049681673411783e+02
5.522270409758363030e-01 1.503763472795474456e+02
5.537848041379684894e-01 1.518635075502217546e+02
5.553425673001006757e-01 1.506659126504173400e+02
5.569003304622328621e-01 1.470089593184377179e+02
5.584580936243650484e-01 1.434635530461914072e+02
5.600158567864972348e-01 1.411613578129932307e+02
5.615736199486294211e-01 1.325826458047203857e+02
5.631313831107611634e-01 1.308336369685109446e+02
5.646891462728933497e-01 1.328552152500029422e+02
5.662469094350255361e-01 1.304972528357703823e+02
5.678046725971577224e-01 1.398073687353401340e+02
5.693624357592899088e-01 1.419737049432510503e+02
5.709201989214220951e-01 1.240341093024866694e+02
5.724779620835542815e-01 1.245770808555913050e+02
5.740357252456860238e-01 1.269593632706576329e+02
5.755934884078182101e-01 1.279386561167817433e+02
5.771512515699503965e-01 1.237241224157407231e+02
5.787090147320825828e-01 1.243651053519466814e+02
5.802667778942147692e-01 1.302186706165434771e+02
5.818245410563469555e-01 1.312956296680471269e+02
5.833823042184786978e-01 1.275229187043509143e+02
5.849400673806108841e-01 1.257366998333880304e+02
5.864978305427430705e-01 1.209927411163031650e+02
5.880555937048752568e-01 1.181785171374567227e+02
5.896133568670074432e-01 1.244229648916538622e+02
5.911711200291396295e-01 1.261291471608135168e+02
5.927288831912718159e-01 1.249955660379832096e+02
5.942866463534035582e-01 1.240308983837733336e+02
5.958444095155357445e-01 1.272362381141434327e+02
5.974021726776679309e-01 1.263961912336638704e+02
5.989599358398001172e-01 1.227456578418193374e+02
6.005176990019323036e-01 1.270310664744978197e+02
6.020754621640644899e-01 1.321975868009457997e+02
6.036332253261966763e-01 1.215849535889457798e+02
6.051909884883284185e-01 1.111625849567661817e+02
6.067487516504606049e-01 1.184431056394990804e+02
6.083065148125927912e-01 1.226357869458167755e+02
6.098642779747249776e-01 1.104695334379329665e+02
6.114220411368571639e-01 1.028131367658297535e+02
6.129798042989893503e-01 1.096179984431418148e+02
6.145375674611215366e-01 1.157139956103308407e+02
6.160953306232532789e-01 1.180354119403813513e+02
6.176530937853854653e-01 1.152149130731301625e+02
6.192108569475176516e-01 1.090644229812269401e+02
6.207686201096498380e-01 1.116118059365237372e+02
6.223263832717820243e-01 1.126604666115348721e+02
6.238841464339142107e-01 1.152302222236036613e+02
6.254419095960459529e-01 1.173994351520761938e+02
6.269996727581781393e-01 1.181197615882060745e+02
6.285574359203103256e-01 1.146068897307892485e+02
6.301151990824425120e-01 1.111894866485762208e+02
6.316729622445746983e-01 1.062540644428076462e+02
6.332307254067068847e-01 1.098783912856076483e+02
6.347884885688390710e-01 1.210789779770956329e+02
6.363462517309708133e-01 1.243267175608432353e+02
6.379040148931029997e-01 1.191196299285847999e+02
6.394617780552351860e-01 1.115444344093587574e+02
6.410195412173673724e-01 1.126269272258937235e+02
6.425773043794995587e-01 1.116690272310959955e+02
6.441350675416317451e-01 1.101327752034816854e+02
6.456928307037639314e-01 1.073783125864323580e+02
6.472505938658956737e-01 1.141498348813975525e+02
6.488083570280278600e-01 1.183932779320783055e+02
6.503661201901600464e-01 1.136088877377900417e+02
6.519238833522922327e-01 1.141073072016767753e+02
6.534816465144244191e-01 1.154206114901233207e+02
6.550394096765566054e-01 1.117358104366419695e+02
6.565971728386887918e-01 1.113662046206409997e+02
6.581549360008205340e-01 1.096933707142663792e+02
6.597126991629527204e-01 1.079399505931237400e+02
6.612704623250849068e-01 1.111276567734835936e+02
6.628282254872170931e-01 1.161776408600327102e+02
6.643859886493492795e-01 1.147252315344050686e+02
6.659437518114814658e-01 1.064915602082552937e+02
6.675015149736132081e-01 1.001259103181359080e+02
6.690592781357453944e-01 9.547097227715133272e+01
6.706170412978775808e-01 9.671985998743245716e+01
6.721748044600097671e-01 1.007740537449010532e+02
6.737325676221419535e-01 9.797608143224317701e+01
6.752903307842741398e-01 1.019594069112533390e+02
6.768480939464063262e-01 1.003540764671571424e+02
6.784058571085380684e-01 1.000800554944701588e+02
6.799636202706702548e-01 9.830396708542166095e+01
6.815213834328024411e-01 9.561274764924900182e+01
6.830791465949346275e-01 9.786028514879032514e+01
6.846369097570668139e-01 9.999515740175034750e+01
6.861946729191990002e-01 9.537857991038131900e+01
6.877524360813311866e-01 8.772347844688249552e+01
6.893101992434629288e-01 9.298583506171249269e+01
6.908679624055951152e-01 1.037841471578815344e+02
6.924257255677273015e-01 1.000666818196772709e+02
6.939834887298594879e-01 9.498756622492113877e+01
6.955412518919916742e-01 9.653853880532797405e+01
6.970990150541238606e-01 9.881953773005271557e+01
6.986567782162560469e-01 9.738656911655957060e+01
7.002145413783877892e-01 9.580549783121709595e+01
7.017723045405199755e-01 9.663529356598142783e+01
7.033300677026521619e-01 9.372899935221472845e+01
7.048878308647843483e-01 9.338990475662170354e+01
7.064455940269165346e-01 9.395533705331484953e+01
7.080033571890487210e-01 9.079422224019488397e+01
7.095611203511804632e-01 9.406197244357598208e+01
7.111188835133126496e-01 8.817147287173099812e+01
7.126766466754448359e-01 9.005204301459249905e+01
7.142344098375770223e-01 9.008261149250006383e+01
7.157921729997092086e-01 8.660524772192300702e+01
7.173499361618413950e-01 8.304971800666341153e+01
7.189076993239735813e-01 8.428306535039433811e+01
7.204654624861053236e-01 8.563315527127191729e+01
7.220232256482375099e-01 8.497650093754553779e+01
7.235809888103696963e-01 8.612234119400186216e+01
7.251387519725018826e-01 8.080499294332489058e+01
7.266965151346340690e-01 8.362633025298617895e+01
7.282542782967662554e-01 8.549481258152349028e+01
7.298120414588984417e-01 8.257683979685803877e+01
7.313698046210301840e-01 8.759965072719859336e+01
7.329275677831623703e-01 8.413664747137774214e+01
7.344853309452945567e-01 7.817890377011775627e+01
7.360430941074267430e-01 8.139526615219494943e+01
7.376008572695589294e-01 8.044310603470843546e+01
7.391586204316911157e-01 7.284630348029973845e+01
7.407163835938228580e-01 7.683180850900721737e+01
7.422741467559550443e-01 7.434747920565880008e+01
7.438319099180872307e-01 7.012661445216744482e+01
7.453896730802194170e-01 7.528271156958612664e+01
7.469474362423516034e-01 7.469588584476687743e+01
7.485051994044837897e-01 7.469548291166472609e+01
7.500629625666159761e-01 7.547290292570058057e+01
7.516207257287477184e-01 8.072899065913526329e+01
7.531784888908799047e-01 8.015568829589453514e+01
7.547362520530120911e-01 7.677609681051114876e+01
7.562940152151442774e-01 8.183995714773074326e+01
7.578517783772764638e-01 7.141309244513271892e+01
7.594095415394086501e-01 6.584073101573636677e+01
7.609673047015408365e-01 7.895676545655480538e+01
7.625250678636725787e-01 7.881013555720886643e+01
7.640828310258047651e-01 7.778307029560853891e+01
7.656405941879369514e-01 7.589825105895886281e+01
7.671983573500691378e-01 7.349659985078663738e+01
7.687561205122013241e-01 7.023544076300029815e+01
7.703138836743335105e-01 6.484489753846176541e+01
7.718716468364656969e-01 6.418171505281596012e+01
7.734294099985974391e-01 6.857399385240833567e+01
7.749871731607296255e-01 6.513240259283169564e+01
7.765449363228618118e-01 6.975543879159116045e+01
7.781026994849939982e-01 7.986052096108230103e+01
7.796604626471261845e-01 7.881263677050293381e+01
7.812182258092583709e-01 8.060745730762677397e+01
7.827759889713901131e-01 7.592103099910086428e+01
7.843337521335222995e-01 6.941581287013457313e+01
7.858915152956544858e-01 6.844796052954846743e+01
7.874492784577866722e-01 7.175676894575133247e+01
7.890070416199188585e-01 7.128322442753372457e+01
7.905648047820510449e-01 7.188460059273243985e+01
7.921225679441832312e-01 7.293057988304008177e+01
7.936803311063149735e-01 7.187095642967710774e+01
7.952380942684471599e-01 7.054989879157004395e+01
7.967958574305793462e-01 7.256502562965762593e+01
7.983536205927115326e-01 7.100749083034079945e+01
7.999113837548437189e-01 7.381729219469133341e+01
8.014691469169759053e-01 7.425448325533007221e+01
8.030269100791080916e-01 7.185358938436304754e+01
8.045846732412398339e-01 7.447984885552020273e+01
8.061424364033720202e-01 7.342380979565542987e+01
8.077001995655042066e-01 6.726657425689280956e+01
8.092579627276363929e-01 6.870162095554596249e+01
8.108157258897681352e-01 6.880256984845057389e+01
8.123734890519007656e-01 7.288603074190331199e+01
8.139312522140325079e-01 7.680414320679535933e+01
8.154890153761651383e-01 6.673464742896544521e+01
8.170467785382968806e-01 6.936442360924297645e+01
8.186045417004295111e-01 7.197799956120172737e+01
8.201623048625612533e-01 7.297034018073513550e+01
8.217200680246929956e-01 7.065174305574804237e+01
8.232778311868256260e-01 6.358803192474291421e+01
8.248355943489573683e-01 6.739277172969676144e+01
8.263933575110899987e-01 7.752440537603364135e+01
8.279511206732217410e-01 7.404315606304517416e+01
8.295088838353543714e-01 7.439739708772926008e+01
8.310666469974861137e-01 7.518496833963534698e+01
8.326244101596178560e-01 6.896192093974497084e+01
8.341821733217504864e-01 7.012236148643678746e+01
8.357399364838822287e-01 7.264349479854166702e+01
8.372976996460148591e-01 6.990449700179527781e+01
8.388554628081466014e-01 6.587070710253517802e+01
8.404132259702783436e-01 6.551699048829502203e+01
8.419709891324109741e-01 6.857516476249627146e+01
8.435287522945427163e-01 7.006558080986118853e+01
8.450865154566753468e-01 6.571674488476055842e+01
8.466442786188070890e-01 6.126567503291176564e+01
8.482020417809397195e-01 6.592568534392725610e+01
8.497598049430714617e-01 6.592989129001867354e+01
8.513175681052032040e-01 6.448832539572484279e+01
8.528753312673358344e-01 7.113472347538882445e+01
8.544330944294675767e-01 7.373420902199477212e+01
8.559908575916002071e-01 6.991042992438377723e+01
8.575486207537319494e-01 6.743730944201989530e+01
8.591063839158645798e-01 7.027236257010832787e+01
8.606641470779963221e-01 6.940379906945680943e+01
8.622219102401280644e-01 6.323472045950607168e+01
8.637796734022606948e-01 5.915098750111775416e+01
8.653374365643924371e-01 5.874140137089729308e+01
8.668951997265250675e-01 5.752730392548814109e+01
8.684529628886568098e-01 6.000664264170648465e+01
8.700107260507894402e-01 5.872526443172878885e+01
8.715684892129211825e-01 5.513350644850486049e+01
8.731262523750529247e-01 5.764101792923825940e+01
8.746840155371855552e-01 6.471921872228034545e+01
8.762417786993172975e-01 6.521348848430957901e+01
8.777995418614499279e-01 6.184390226949136604e+01
8.793573050235816702e-01 6.618649882440918475e+01
8.809150681857143006e-01 6.508579461823116219e+01
8.824728313478460429e-01 6.305716036717403483e+01
8.840305945099777851e-01 6.642301499685424915e+01
8.855883576721104156e-01 5.816870628343813365e+01
8.871461208342421578e-01 5.991421655461805784e+01
8.887038839963747883e-01 6.442179099825995081e+01
8.902616471585065305e-01 6.560870695912664985e+01
8.918194103206391610e-01 6.198974803298086300e+01
8.933771734827709032e-01 6.275660204496651318e+01
8.949349366449026455e-01 6.623304029464158305e+01
8.964926998070352759e-01 6.146948920389011306e+01
8.980504629691670182e-01 6.092156262623618801e+01
8.996082261312996486e-01 6.274082798343761880e+01
9.011659892934313909e-01 6.466452148497265284e+01
9.027237524555640213e-01 6.498850751135543646e+01
9.042815156176957636e-01 5.959023494256776132e+01
9.058392787798275059e-01 5.490966798309059982e+01
9.073970419419601363e-01 5.354443001444528960e+01
9.089548051040918786e-01 5.512043730870777125e+01
9.105125682662245090e-01 5.920385197175672687e+01
9.120703314283562513e-01 5.658144954683648820e+01
9.136280945904888817e-01 5.509326865145084184e+01
9.151858577526206240e-01 5.885478372244109124e+01
9.167436209147523662e-01 5.979531955150898881e+01
9.183013840768849967e-01 6.246232963695628371e+01
9.198591472390167390e-01 5.944440584310712694e+01
9.214169104011493694e-01 5.526921226202846071e+01
9.229746735632811117e-01 5.433292175412439207e+01
9.245324367254128539e-01 5.865287030468724794e+01
9.260901998875454844e-01 5.958969335080504237e+01
9.276479630496772266e-01 5.606835196968521018e+01
9.292057262118098571e-01 5.583269001836251988e+01
9.307634893739415993e-01 5.466575060846204082e+01
9.323212525360742298e-01 5.547166080917619269e+01
9.338790156982059720e-01 5.666763195159992961e+01
9.354367788603377143e-01 5.184267243700091399e+01
9.369945420224703447e-01 5.355526896948403959e+01
9.385523051846020870e-01 5.768102000475323621e+01
9.401100683467347174e-01 5.931135870561088552e+01
9.416678315088664597e-01 5.557414047693719539e+01
9.432255946709990901e-01 5.022651341911532086e+01
9.447833578331308324e-01 4.979307339406469168e+01
9.463411209952625747e-01 5.555899768007173378e+01
9.478988841573952051e-01 6.274242990030150224e+01
9.494566473195269474e-01 6.171577174870397187e+01
9.510144104816595778e-01 5.437543229033552450e+01
9.525721736437913201e-01 5.148927969368584456e+01
9.541299368059239505e-01 5.437864022494920846e+01
9.556876999680556928e-01 5.724067111097776461e+01
9.572454631301874350e-01 6.016676249429877998e+01
9.588032262923200655e-01 6.129071472589801317e+01
9.603609894544518077e-01 5.912695272365541399e+01
9.619187526165844382e-01 5.253385113770078618e+01
9.634765157787161804e-01 5.172154496328172257e+01
9.650342789408488109e-01 5.178274392092983902e+01
9.665920421029805532e-01 4.465143938571635118e+01
9.681498052651122954e-01 5.510341622423861452e+01
9.697075684272449259e-01 5.801436223142052029e+01
9.712653315893766681e-01 5.619868121919417803e+01
9.728230947515092986e-01 5.501260812024750635e+01
9.743808579136410408e-01 5.727255994935506322e+01
9.759386210757736713e-01 5.873300036591742668e+01
9.774963842379054135e-01 5.808623730653248174e+01
9.790541474000371558e-01 5.461915005761218112e+01
9.806119105621697862e-01 5.176058344739041672e+01
9.821696737243015285e-01 5.679983382548419968e+01
9.837274368864341589e-01 5.676015404790892660e+01
9.852852000485659012e-01 5.000110432509827518e+01
9.868429632106985316e-01 5.284974313722310058e+01
9.884007263728302739e-01 5.765783223334466356e+01
9.899584895349620162e-01 6.033171324979473837e+01
9.915162526970946466e-01 5.551603291619414193e+01
9.930740158592263889e-01 5.187295743874273057e+01
9.946317790213590193e-01 5.381406710554984585e+01
9.961895421834907616e-01 5.433172299955572271e+01
9.977473053456225038e-01 5.871940590893390777e+01
9.993050685077551343e-01 6.019929577639841511e+01
1.000862831669886877e+00 5.155444013370772893e+01
1.002420594832019507e+00 5.632273107414810909e+01
1.003978357994151249e+00 5.793096461945764020e+01
1.005536121156283880e+00 5.815896139763359685e+01
1.007093884318415622e+00 5.686717024717923152e+01
1.008651647480547364e+00 5.245100031257126716e+01
1.010209410642679995e+00 5.159406455290476856e+01
1.011767173804811737e+00 5.399807774726454568e+01
1.013324936966944367e+00 5.277140357816833216e+01
1.014882700129076110e+00 5.120805938006276392e+01
1.016440463291208740e+00 5.237510910719309720e+01
1.017998226453340482e+00 5.288409577080833657e+01
1.019555989615472225e+00 5.032862572853087357e+01
1.021113752777604855e+00 5.127534948059430064e+01
1.022671515939736597e+00 5.749076211758553256e+01
1.024229279101869228e+00 5.422018417064938944e+01
1.025787042264000970e+00 5.203582241164654221e+01
1.027344805426133600e+00 5.130506355833648513e+01
1.028902568588265343e+00 5.242562562829074579e+01
1.030460331750397085e+00 5.418511540816798089e+01
1.032018094912529715e+00 5.478652764656384022e+01
1.033575858074661458e+00 5.188716823181238169e+01
1.035133621236794088e+00 4.733793415384396752e+01
1.036691384398925830e+00 5.181189635457975129e+01
1.038249147561058461e+00 5.973190057121694707e+01
1.039806910723190203e+00 5.605745891188299623e+01
1.041364673885321945e+00 5.681206013037566294e+01
1.042922437047454576e+00 5.595772341351921852e+01
1.044480200209586318e+00 5.110192174113419128e+01
1.046037963371718948e+00 4.769543800687112878e+01
1.047595726533850691e+00 4.896073387211770722e+01
1.049153489695983321e+00 5.067872366349637758e+01
1.050711252858115063e+00 5.384311593010250618e+01
1.052269016020246806e+00 5.625519278808476997e+01
1.053826779182379436e+00 4.855253557292854083e+01
1.055384542344511178e+00 4.554857498410832051e+01
1.056942305506643809e+00 4.783502412064078158e+01
1.058500068668775551e+00 5.030000771946353666e+01
1.060057831830908182e+00 4.758995233964297711e+01
1.061615594993039924e+00 4.578225176624125936e+01
1.063173358155171666e+00 5.260091447386975005e+01
1.064731121317304297e+00 5.618115915451478770e+01
1.066288884479436039e+00 5.110817925606809098e+01
1.067846647641568669e+00 5.549904224401077357e+01
1.069404410803700411e+00 5.639841811609998956e+01
1.070962173965833042e+00 4.771493551957188117e+01
1.072519937127964784e+00 4.354652576369822015e+01
1.074077700290096526e+00 4.292034282488989305e+01
1.075635463452229157e+00 4.068820808566742642e+01
1.077193226614360899e+00 4.460997268477132138e+01
1.078750989776493530e+00 4.783187104825095304e+01
1.080308752938625272e+00 4.687324410080591264e+01
1.081866516100757014e+00 4.595953622442706177e+01
1.083424279262889645e+00 4.419133517605285988e+01
1.084982042425021387e+00 4.925858790046174818e+01
1.086539805587154017e+00 5.301269037239838866e+01
1.088097568749285760e+00 4.965603771852645565e+01
1.089655331911418390e+00 4.452014768394541733e+01
1.091213095073550132e+00 4.333652085160095169e+01
1.092770858235681875e+00 4.367121131993912542e+01
1.094328621397814505e+00 4.809536409298626580e+01
1.095886384559946247e+00 5.135387420347299781e+01
1.097444147722078878e+00 4.968410656370528500e+01
1.099001910884210620e+00 5.032134270128695164e+01
1.100559674046343250e+00 4.754933122662139766e+01
1.102117437208474993e+00 4.061297339515529359e+01
1.103675200370606735e+00 4.759678153933172950e+01
1.105232963532739365e+00 5.177090085924749729e+01
1.106790726694871108e+00 5.016546541177747542e+01
1.108348489857003738e+00 5.033494935965301664e+01
1.109906253019135480e+00 4.849591387269892095e+01
1.111464016181268111e+00 5.169309859202568447e+01
1.113021779343399853e+00 5.179151552942825987e+01
1.114579542505531595e+00 4.944766736846402466e+01
1.116137305667664226e+00 4.986409681455197784e+01
1.117695068829795968e+00 5.220808740325556840e+01
1.119252831991928598e+00 6.007657667177150529e+01
1.120810595154060341e+00 5.421047106956889650e+01
1.122368358316192971e+00 4.913751497760673459e+01
1.123926121478324713e+00 4.519410503051509664e+01
1.125483884640456456e+00 4.509108657778495655e+01
1.127041647802589086e+00 4.658164072085135388e+01
1.128599410964720828e+00 5.035652667454109377e+01
1.130157174126853459e+00 5.033777740862151973e+01
1.131714937288985201e+00 4.572901645462267339e+01
1.133272700451117831e+00 4.711242981525205664e+01
1.134830463613249574e+00 4.803774742772671402e+01
1.136388226775381316e+00 4.949354519707501510e+01
1.137945989937513946e+00 5.505730066833120873e+01
1.139503753099645689e+00 5.173542411640072913e+01
1.141061516261778319e+00 5.160949649126477823e+01
1.142619279423910061e+00 4.806350890360545947e+01
1.144177042586042692e+00 4.773672536983582404e+01
1.145734805748174434e+00 5.104411741003963954e+01
1.147292568910306176e+00 4.710329202795939096e+01
1.148850332072438807e+00 4.297153902924311097e+01
1.150408095234570549e+00 4.788924470463245342e+01
1.151965858396703180e+00 4.809352513317615774e+01
1.153523621558834922e+00 5.177975668580261726e+01
1.155081384720967552e+00 4.652315333421788779e+01
1.156639147883099294e+00 4.450204792160707967e+01
1.158196911045231037e+00 4.232902768242329472e+01
1.159754674207363667e+00 4.199432198111432513e+01
1.161312437369495409e+00 4.504489001596235198e+01
1.162870200531628040e+00 4.829015060157453121e+01
1.164427963693759782e+00 5.308812456579541816e+01
1.165985726855891524e+00 5.156139728925909793e+01
1.167543490018024155e+00 4.631190011245718097e+01
1.169101253180155897e+00 4.780793348065825654e+01
1.170659016342288528e+00 4.483855802746428765e+01
1.172216779504420270e+00 4.821834161442774302e+01
1.173774542666552900e+00 4.777027412652684291e+01
1.175332305828684643e+00 4.696752994052833685e+01
1.176890068990816385e+00 4.577961914379518760e+01
1.178447832152949015e+00 4.908733437849621595e+01
1.180005595315080758e+00 4.921783395853861265e+01
1.181563358477213388e+00 4.540256630610298316e+01
1.183121121639345130e+00 4.590823789340522154e+01
1.184678884801477761e+00 4.329844696291640105e+01
1.186236647963609503e+00 4.454445003660470093e+01
1.187794411125741245e+00 5.108124245629694116e+01
1.189352174287873876e+00 5.555717902686147625e+01
1.190909937450005618e+00 5.506352928636805188e+01
1.192467700612138248e+00 5.005929023234516251e+01
1.194025463774269991e+00 4.687355921522207325e+01
1.195583226936402621e+00 4.787186976682028927e+01
1.197140990098534363e+00 4.882825091206935042e+01
1.198698753260666106e+00 5.048398182204025630e+01
1.200256516422798736e+00 5.025901620992105734e+01
1.201814279584930478e+00 4.421871675212906894e+01
1.203372042747063109e+00 3.997026805633625202e+01
1.204929805909194851e+00 3.912171349553621269e+01
1.206487569071327481e+00 3.873791330490904272e+01
1.208045332233459224e+00 4.527553892421001080e+01
1.209603095395590966e+00 5.056769828598632444e+01
1.211160858557723596e+00 5.052959700014245215e+01
1.212718621719855339e+00 5.205932731971751792e+01
1.214276384881987969e+00 5.376226489120506358e+01
1.215834148044119711e+00 5.059092133632838539e+01
1.217391911206252342e+00 4.991112144875188505e+01
1.218949674368384084e+00 4.453498883885188064e+01
1.220507437530515826e+00 4.515312373538598223e+01
1.222065200692648457e+00 5.140384161730563051e+01
1.223622963854780199e+00 4.830454683987863262e+01
1.225180727016912829e+00 4.609944292643448449e+01
1.226738490179044572e+00 4.544859265969483175e+01
1.228296253341177202e+00 4.451968415976452320e+01
1.229854016503308944e+00 4.494027128094701595e+01
1.231411779665440687e+00 4.990616367923217922e+01
1.232969542827573317e+00 5.074071859367147397e+01
1.234527305989705059e+00 4.305533831574339843e+01
1.236085069151837690e+00 4.051392003053798163e+01
1.237642832313969432e+00 4.538181166828785251e+01
1.239200595476101174e+00 4.514918907845535045e+01
1.240758358638233805e+00 4.245353432861032417e+01
1.242316121800365547e+00 4.297787847192513766e+01
1.243873884962498177e+00 4.415968065720780089e+01
1.245431648124629920e+00 4.330678287548175831e+01
1.246989411286762550e+00 4.071943670126174908e+01
1.248547174448894292e+00 4.091845827017916548e+01
1.250104937611026035e+00 4.797894171676117026e+01
1.251662700773158665e+00 4.667895483053309391e+01
1.253220463935290407e+00 4.299141131970235818e+01
1.254778227097423038e+00 5.008593039933629854e+01
1.256335990259554780e+00 4.867046980433419634e+01
1.257893753421687411e+00 4.163052978229112711e+01
1.259451516583819153e+00 4.198822887163191808e+01
1.261009279745950895e+00 4.723891158488352460e+01
1.262567042908083526e+00 5.043260377945605200e+01
1.264124806070215268e+00 5.063624475420859739e+01
1.265682569232347898e+00 4.832288650112874251e+01
1.267240332394479640e+00 4.740266100567551888e+01
1.268798095556612271e+00 4.656053829728278970e+01
1.270355858718744013e+00 4.807216827556361949e+01
1.271913621880875755e+00 4.488825524368829889e+01
1.273471385043008386e+00 4.888917533254461034e+01
1.275029148205140128e+00 5.430086960657472872e+01
1.276586911367272759e+00 5.425126162072174907e+01
1.278144674529404501e+00 5.011843215045236377e+01
1.279702437691537131e+00 4.388408624547183479e+01
1.281260200853668874e+00 4.197475140072265276e+01
1.282817964015800616e+00 4.478270664267326140e+01
1.284375727177933246e+00 4.564690762219593978e+01
1.285933490340064989e+00 4.763964561101887796e+01
1.287491253502197619e+00 4.505018250145546688e+01
1.289049016664329361e+00 4.598231189601695235e+01
1.290606779826461992e+00 4.375733303485483816e+01
1.292164542988593734e+00 4.252534675182226920e+01
1.293722306150725476e+00 4.260855931846509748e+01
1.295280069312858107e+00 4.208745296205904651e+01
1.296837832474989849e+00 4.406724497027909138e+01
1.298395595637122479e+00 4.650174757719468488e+01
1.299953358799254222e+00 4.567734162161971767e+01
1.301511121961386852e+00 4.306721062429732427e+01
1.303068885123518594e+00 4.002994955964214796e+01
1.304626648285650337e+00 4.112685160236804904e+01
1.306184411447782967e+00 4.077512429436895758e+01
1.307742174609914709e+00 3.853446164223195325e+01
1.309299937772047340e+00 4.085026378020473459e+01
1.310857700934179082e+00 4.317028078263330571e+01
1.312415464096311712e+00 4.268899625000447884e+01
1.313973227258443455e+00 4.789650037143649541e+01
1.315530990420575197e+00 4.641261111992783128e+01
1.317088753582707827e+00 4.268609702786704219e+01
1.318646516744839570e+00 4.795732154008973680e+01
1.320204279906972200e+00 4.074693545898013269e+01
1.321762043069103942e+00 4.063848522802346963e+01
1.323319806231235685e+00 4.477286222721143361e+01
1.324877569393368315e+00 4.820668247754048252e+01
1.326435332555500057e+00 4.773629875235039322e+01
1.327993095717632688e+00 4.548677029021679630e+01
1.329550858879764430e+00 4.254165269796911275e+01
1.331108622041897060e+00 4.450614746760825824e+01
1.332666385204028803e+00 4.366776268282875861e+01
1.334224148366160545e+00 4.072512689138534370e+01
1.335781911528293175e+00 4.118717717113389654e+01
1.337339674690424918e+00 4.275824901792267951e+01
1.338897437852557548e+00 4.674417290239306766e+01
1.340455201014689290e+00 4.658727624264753331e+01
1.342012964176821921e+00 4.469438662076775870e+01
1.343570727338953663e+00 4.342829089220753502e+01
1.345128490501085405e+00 3.752988247833077651e+01
1.346686253663218036e+00 3.761244724995853517e+01
1.348244016825349778e+00 3.948436434421365959e+01
1.349801779987482409e+00 4.600538478773829354e+01
1.351359543149614151e+00 4.447521680004167166e+01
1.352917306311746781e+00 4.446727313870135134e+01
1.354475069473878523e+00 4.539888452320195000e+01
1.356032832636010266e+00 4.723243904808344240e+01
1.357590595798142896e+00 4.870557940257003082e+01
1.359148358960274638e+00 4.894195163297852247e+01
1.360706122122407269e+00 4.554646104017275121e+01
1.362263885284539011e+00 4.245250581503839982e+01
1.363821648446671642e+00 4.501505512450058433e+01
1.365379411608803384e+00 4.475579860126861576e+01
1.366937174770935126e+00 4.335840857491567135e+01
1.368494937933067757e+00 4.350072802383710524e+01
1.370052701095199499e+00 4.435948546760855749e+01
1.371610464257332129e+00 4.261759931591042516e+01
1.373168227419463872e+00 4.114609166124670736e+01
1.374725990581596502e+00 4.110422779019467043e+01
1.376283753743728244e+00 3.810203777310161399e+01
1.377841516905859987e+00 3.597641328704055752e+01
1.379399280067992617e+00 4.271247544566991650e+01
1.380957043230124359e+00 4.353863905603304829e+01
1.382514806392256990e+00 4.331822955125873165e+01
1.384072569554388732e+00 3.972711745340691891e+01
1.385630332716521362e+00 3.528794286616438569e+01
1.387188095878653105e+00 3.725766309651615416e+01
1.388745859040784847e+00 4.410942914572815710e+01
1.390303622202917477e+00 4.631749276887563838e+01
1.391861385365049220e+00 4.519393391276503991e+01
1.393419148527181850e+00 4.312959490343448010e+01
1.394976911689313592e+00 4.191209705237929484e+01
1.396534674851446223e+00 4.372199180302624200e+01
1.398092438013577965e+00 4.157467128636614007e+01
1.399650201175709707e+00 4.243733109072346821e+01
1.401207964337842338e+00 4.484545679787721895e+01
1.402765727499974080e+00 4.439428179703701005e+01
1.404323490662106710e+00 4.470592401202849686e+01
1.405881253824238453e+00 4.529176991973814381e+01
1.407439016986370195e+00 4.058331079641628492e+01
1.408996780148502825e+00 4.258192626675695180e+01
1.410554543310634568e+00 4.462575704546228650e+01
1.412112306472767198e+00 4.568793463527577359e+01
1.413670069634898940e+00 4.436801452974403048e+01
1.415227832797031571e+00 3.921261119473698642e+01
1.416785595959163313e+00 3.714532734897121458e+01
1.418343359121295055e+00 4.159937535052871027e+01
1.419901122283427686e+00 4.154663687537270533e+01
1.421458885445559428e+00 4.458462429674456473e+01
1.423016648607692058e+00 4.773689874283873280e+01
1.424574411769823801e+00 4.492280008638833522e+01
1.426132174931956431e+00 4.349367294989946231e+01
1.427689938094088173e+00 4.202876355818244036e+01
1.429247701256219916e+00 4.334803428306168627e+01
1.430805464418352546e+00 4.320014194659292173e+01
1.432363227580484288e+00 4.323225010086550668e+01
1.433920990742616919e+00 4.428767900749770803e+01
1.435478753904748661e+00 3.782398302033319482e+01
1.437036517066881292e+00 4.153401561885753779e+01
1.438594280229013034e+00 4.640955832665007108e+01
1.440152043391144776e+00 4.652783653227854899e+01
1.441709806553277406e+00 4.289304362509675173e+01
1.443267569715409149e+00 4.073632658863837719e+01
1.444825332877541779e+00 3.870729636823758568e+01
1.446383096039673521e+00 3.987596835452531252e+01
1.447940859201806152e+00 4.355832542333809698e+01
1.449498622363937894e+00 4.312364487801973212e+01
1.451056385526069636e+00 4.261317775782647033e+01
1.452614148688202267e+00 3.979418883746810565e+01
1.454171911850334009e+00 4.060866637247406175e+01
1.455729675012466640e+00 4.519564583337772490e+01
1.457287438174598382e+00 4.636921071123081362e+01
1.458845201336731012e+00 4.556424594513632798e+01
1.460402964498862755e+00 4.473294626027031029e+01
1.461960727660994497e+00 3.744658865585143559e+01
1.463518490823127127e+00 3.546638049093382250e+01
1.465076253985258870e+00 4.104560563020064023e+01
1.466634017147391500e+00 3.804168574285087345e+01
1.468191780309523242e+00 3.964436348848207103e+01
1.469749543471655873e+00 4.186661173064639030e+01
1.471307306633787615e+00 3.991841738282258945e+01
1.472865069795919357e+00 4.389784346628179179e+01
1.474422832958051988e+00 4.792693470184412519e+01
1.475980596120183730e+00 4.163945412880642039e+01
1.477538359282316360e+00 4.522151938061157495e+01
1.479096122444448103e+00 4.345455670744561871e+01
1.480653885606579845e+00 4.421052063972298640e+01
1.482211648768712475e+00 4.191231831298630084e+01
1.483769411930844218e+00 4.286464509485015384e+01
1.485327175092976848e+00 4.379340805845983908e+01
1.486884938255108590e+00 4.133969080193795520e+01
1.488442701417241221e+00 4.079025126051708838e+01
1.490000464579372963e+00 4.158358348860113551e+01
1.491558227741504705e+00 3.967822446167797068e+01
1.493115990903637336e+00 4.136569114136623426e+01
1.494673754065769078e+00 4.162485270238204293e+01
1.496231517227901708e+00 4.339809390221078900e+01
1.497789280390033451e+00 4.519902599342101723e+01
1.499347043552166081e+00 3.983047912633302445e+01
1.500904806714297823e+00 3.929773100714299261e+01
1.502462569876429566e+00 4.696793339617407526e+01
1.504020333038562196e+00 3.837539557383045974e+01
1.505578096200693938e+00 4.095733821015122800e+01
1.507135859362826569e+00 4.046255499165423686e+01
1.508693622524958311e+00 4.167896136059271583e+01
1.510251385687090941e+00 4.325974705557974431e+01
1.511809148849222684e+00 4.158747591656985776e+01
1.513366912011354426e+00 3.962170571588190171e+01
1.514924675173487056e+00 4.132781057356799437e+01
1.516482438335618799e+00 4.049908618424800011e+01
1.518040201497751429e+00 4.155558229852705665e+01
1.519597964659883171e+00 3.711404034737841329e+01
1.521155727822015802e+00 4.018737640941279921e+01
1.522713490984147544e+00 4.328190174724970518e+01
1.524271254146279286e+00 4.275567390807204760e+01
1.525829017308411917e+00 4.048572798789940919e+01
1.527386780470543659e+00 4.087602096389663586e+01
1.528944543632676289e+00 4.557511639308263796e+01
1.530502306794808032e+00 4.067396204666324877e+01
1.532060069956940662e+00 3.951315590038469594e+01
1.533617833119072404e+00 4.197628123849381154e+01
1.535175596281204147e+00 4.346619120588932361e+01
1.536733359443336777e+00 3.976598104110795617e+01
1.538291122605468519e+00 3.637355837881142406e+01
1.539848885767601150e+00 3.981145533671040226e+01
1.541406648929732892e+00 4.336264840982833135e+01
1.542964412091865523e+00 4.320083606322223346e+01
1.544522175253997265e+00 4.775236371183048334e+01
1.546079938416129007e+00 4.332659656325170516e+01
1.547637701578261638e+00 3.656598474513578623e+01
1.549195464740393380e+00 3.793763798902264739e+01
1.550753227902526010e+00 4.121867712006454099e+01
1.552310991064657753e+00 3.580467500564674310e+01
1.553868754226790383e+00 3.729149158069320436e+01
1.555426517388922125e+00 4.281844193689356359e+01
1.556984280551053867e+00 4.166983458592412859e+01
1.558542043713186498e+00 4.225012850950794530e+01
1.560099806875318240e+00 4.679205547170159463e+01
1.561657570037450871e+00 4.479625217930590964e+01
1.563215333199582613e+00 4.261797826671590883e+01
1.564773096361714355e+00 3.999148526836506079e+01
1.566330859523846986e+00 3.794722837221154776e+01
1.567888622685978728e+00 4.042098333694278978e+01
1.569446385848111358e+00 4.103844050022270551e+01
1.571004149010243101e+00 3.797424760009171507e+01
1.572561912172375731e+00 3.874653954251041199e+01
1.574119675334507473e+00 4.118872490114961948e+01
1.575677438496639216e+00 4.582743749176959369e+01
1.577235201658771846e+00 4.422260781045486766e+01
1.578792964820903588e+00 3.863508345824350698e+01
1.580350727983036219e+00 4.089887454554269652e+01
1.581908491145167961e+00 3.900600795165414780e+01
1.583466254307300591e+00 4.159348506198382012e+01
1.585024017469432334e+00 4.059231176476719583e+01
1.586581780631564076e+00 3.918136560223759091e+01
1.588139543793696706e+00 3.858253070452703071e+01
1.589697306955828449e+00 3.734585824122292763e+01
1.591255070117961079e+00 3.935540299859231084e+01
1.592812833280092821e+00 4.148228237194496870e+01
1.594370596442225452e+00 4.225419634550453907e+01
1.595928359604357194e+00 4.400141141384561649e+01
1.597486122766488936e+00 4.494696526606666254e+01
1.599043885928621567e+00 4.187110195291422343e+01
1.600601649090753309e+00 3.877970740617288214e+01
1.602159412252885939e+00 3.985370091100367773e+01
1.603717175415017682e+00 4.245547354757663072e+01
1.605274938577150312e+00 4.139613229661379989e+01
1.606832701739282054e+00 4.039091592317618051e+01
1.608390464901413797e+00 3.970805138914583665e+01
1.609948228063546427e+00 3.957340834941429364e+01
1.611505991225678169e+00 4.309920210874324198e+01
1.613063754387810800e+00 4.418098531157445308e+01
1.614621517549942542e+00 4.174695858667523396e+01
1.616179280712075172e+00 4.256486732017120289e+01
1.617737043874206915e+00 4.562463696306326710e+01
1.619294807036338657e+00 4.313090695887827763e+01
1.620852570198471287e+00 4.444986883028239788e+01
1.622410333360603030e+00 4.108523121382260967e+01
1.623968096522735660e+00 4.072275157688758895e+01
1.625525859684867402e+00 3.930013432910390492e+01
1.627083622847000033e+00 4.101867288387458643e+01
1.628641386009131775e+00 4.327312696953809734e+01
1.630199149171263517e+00 4.379094650201231076e+01
1.631756912333396148e+00 4.608881278109804214e+01
1.633314675495527890e+00 4.069029228375657681e+01
1.634872438657660521e+00 3.744569046479900720e+01
1.636430201819792263e+00 4.045358142923232236e+01
1.637987964981924005e+00 4.188736495028643247e+01
1.639545728144056636e+00 4.176561411438878224e+01
1.641103491306188378e+00 3.739404647513617874e+01
1.642661254468321008e+00 3.422158268557159033e+01
1.644219017630452750e+00 3.797831221000891588e+01
1.645776780792585381e+00 3.274918779667908808e+01
1.647334543954717123e+00 3.486424299650560243e+01
1.648892307116848865e+00 3.626209438059471069e+01
1.650450070278981496e+00 3.825701753846912112e+01
1.652007833441113238e+00 4.386180132327289982e+01
1.653565596603245869e+00 4.504903036566116725e+01
1.655123359765377611e+00 4.322552365239197769e+01
1.656681122927510241e+00 4.895333378762089183e+01
1.658238886089641984e+00 4.044186333604346828e+01
1.659796649251773726e+00 4.404737859414669998e+01
1.661354412413906356e+00 4.533972524084163780e+01
1.662912175576038099e+00 4.197053270935304425e+01
1.664469938738170729e+00 4.078251344568772652e+01
1.666027701900302471e+00 4.592712880501126449e+01
1.667585465062435102e+00 4.559449554386414860e+01
1.669143228224566844e+00 4.099024716674254876e+01
1.670700991386698586e+00 4.080997932182290810e+01
1.672258754548831217e+00 3.774951017229304284e+01
1.673816517710962959e+00 3.789998839768838224e+01
1.675374280873095589e+00 3.578421456083051311e+01
1.676932044035227332e+00 3.793382144307731352e+01
1.678489807197359962e+00 4.041345243346726335e+01
1.680047570359491704e+00 4.446599715945171027e+01
1.681605333521623447e+00 4.522184518691211252e+01
1.683163096683756077e+00 4.081262288993519149e+01
1.684720859845887819e+00 4.244761941669304406e+01
1.686278623008020450e+00 4.286358884204832975e+01
1.687836386170152192e+00 3.668180060108900165e+01
1.689394149332284822e+00 3.218886335229286288e+01
1.690951912494416565e+00 3.746079130724476158e+01
1.692509675656548307e+00 4.322903750102516796e+01
1.694067438818680937e+00 4.037586060582631120e+01
1.695625201980812680e+00 3.789114579148809980e+01
1.697182965142945310e+00 3.515616755189105191e+01
1.698740728305077052e+00 4.104333937943985688e+01
1.700298491467209683e+00 4.001272596460254505e+01
1.701856254629341425e+00 3.897544184538064371e+01
1.703414017791473167e+00 3.563112646954684948e+01
1.704971780953605798e+00 3.596492748563492370e+01
1.706529544115737540e+00 3.887269356857432712e+01
1.708087307277870170e+00 3.473629306342653678e+01
1.709645070440001913e+00 2.773174966396971186e+01
1.711202833602134543e+00 4.038045081137493497e+01
1.712760596764266285e+00 4.994778433832028242e+01
1.714318359926398028e+00 4.046597910297847278e+01
1.715876123088530658e+00 4.247836879421848266e+01
1.717433886250662400e+00 4.284477817244798104e+01
1.718991649412795031e+00 4.423454388309107088e+01
1.720549412574926773e+00 4.714359413579088454e+01
1.722107175737058515e+00 4.765394979442304191e+01
1.723664938899191146e+00 4.437250200673705791e+01
1.725222702061322888e+00 4.032845945734081283e+01
1.726780465223455518e+00 4.330297516349816789e+01
1.728338228385587261e+00 4.092462224971693274e+01
1.729895991547719891e+00 3.854095145598224548e+01
1.731453754709851633e+00 3.861802060302657935e+01
1.733011517871983376e+00 3.696846456656509616e+01
1.734569281034116006e+00 3.972671154334036459e+01
1.736127044196247748e+00 3.939499672499372451e+01
1.737684807358380379e+00 3.517067061354300250e+01
1.739242570520512121e+00 3.807745225003908018e+01
1.740800333682644752e+00 4.257415137782356140e+01
1.742358096844776494e+00 4.846076359272174727e+01
1.743915860006908236e+00 4.219095571003754230e+01
1.745473623169040867e+00 3.667849622608687810e+01
1.747031386331172609e+00 4.018118569326762213e+01
1.748589149493305239e+00 4.304334411647956671e+01
1.750146912655436982e+00 4.212442267122369799e+01
1.751704675817569612e+00 4.037217303468846552e+01
1.753262438979701354e+00 3.848477592541453163e+01
1.754820202141833096e+00 4.496142966814831254e+01
1.756377965303965727e+00 4.569934223087150116e+01
1.757935728466097469e+00 3.761119731358341056e+01
1.759493491628230100e+00 4.131962135721414597e+01
1.761051254790361842e+00 3.793288514428456892e+01
1.762609017952494472e+00 3.944824240045589647e+01
1.764166781114626215e+00 4.377476605229473705e+01
1.765724544276757957e+00 4.397796439121361090e+01
1.767282307438890587e+00 4.129468034001392596e+01
1.768840070601022330e+00 3.642608417554209410e+01
1.770397833763154960e+00 3.780863472937998893e+01
1.771955596925286702e+00 3.653954857389316402e+01
1.773513360087419333e+00 3.945053611574876129e+01
1.775071123249551075e+00 3.975801519597346356e+01
1.776628886411682817e+00 4.009094254231357723e+01
1.778186649573815448e+00 4.077089464797177953e+01
1.779744412735947190e+00 4.192013148823747315e+01
1.781302175898079820e+00 4.160699959483875432e+01
1.782859939060211563e+00 3.976677006446878693e+01
1.784417702222344193e+00 3.952156904969162099e+01
1.785975465384475935e+00 4.081332073938877159e+01
1.787533228546607678e+00 4.690930316904544384e+01
1.789090991708740308e+00 4.166382982422558001e+01
1.790648754870872050e+00 3.977590989045340564e+01
1.792206518033004681e+00 4.314461945627017769e+01
1.793764281195136423e+00 4.490953306753692686e+01
1.795322044357268165e+00 4.244550426086016870e+01
1.796879807519400796e+00 4.044360332046851880e+01
1.798437570681532538e+00 4.030343889994683337e+01
1.799995333843665168e+00 4.213438191053590742e+01
1.801553097005796911e+00 3.912685971482635239e+01
1.803110860167929541e+00 3.895649102530797592e+01
1.804668623330061283e+00 4.422373102073601814e+01
1.806226386492193026e+00 4.438949093423962466e+01
1.807784149654325656e+00 4.527715300034742540e+01
1.809341912816457398e+00 4.334073575992169935e+01
1.810899675978590029e+00 3.966464094650817884e+01
1.812457439140721771e+00 3.866839061443305781e+01
1.814015202302854401e+00 3.901948570121673043e+01
1.815572965464986144e+00 3.909513312127727147e+01
1.817130728627117886e+00 3.621163389942909561e+01
1.818688491789250516e+00 4.421055884876699338e+01
1.820246254951382259e+00 4.602727543414123801e+01
1.821804018113514889e+00 4.092791505206364633e+01
1.823361781275646631e+00 3.758366766246886925e+01
1.824919544437779262e+00 3.828537309243493780e+01
1.826477307599911004e+00 4.224607094112349870e+01
1.828035070762042746e+00 4.642843374992882843e+01
1.829592833924175377e+00 3.921492635559289397e+01
1.831150597086307119e+00 4.022922668693233561e+01
1.832708360248439750e+00 4.471802260170614574e+01
1.834266123410571492e+00 4.547033228157265938e+01
1.835823886572704122e+00 4.192183891823443531e+01
1.837381649734835865e+00 4.154052460807097447e+01
1.838939412896967607e+00 4.182568177883207028e+01
1.840497176059100237e+00 4.169037887931459352e+01
1.842054939221231979e+00 4.260326181735642592e+01
1.843612702383364610e+00 4.132507335320218544e+01
1.845170465545496352e+00 4.249431425359093595e+01
1.846728228707628983e+00 5.154727767554851425e+01
1.848285991869760725e+00 4.198241771193293204e+01
1.849843755031892467e+00 4.036059160389595490e+01
1.851401518194025098e+00 4.081730122627775614e+01
1.852959281356156840e+00 4.487073986232321943e+01
1.854517044518289470e+00 4.011758265796983380e+01
1.856074807680421213e+00 3.528068954215111575e+01
1.857632570842553843e+00 3.543349822031657936e+01
1.859190334004685585e+00 3.708478007235856211e+01
1.860748097166817328e+00 3.808201841277766420e+01
1.862305860328949958e+00 3.759274519854797347e+01
1.863863623491081700e+00 3.780338329506017914e+01
1.865421386653214331e+00 3.926791632567800150e+01
1.866979149815346073e+00 4.210285063048690546e+01
1.868536912977478703e+00 4.154904223543240249e+01
1.870094676139610446e+00 4.220259720758659938e+01
1.871652439301742188e+00 4.251532161040550761e+01
1.873210202463874818e+00 3.763703846088787941e+01
1.874767965626006561e+00 3.492434219222631953e+01
1.876325728788139191e+00 4.177777403663927913e+01
1.877883491950270933e+00 4.250063608986368990e+01
1.879441255112402676e+00 4.310928760995388132e+01
1.880999018274535306e+00 3.680963662871300102e+01
1.882556781436667048e+00 3.915153736903864257e+01
1.884114544598799679e+00 3.450455753509837820e+01
1.885672307760931421e+00 3.476619705353601830e+01
1.887230070923064051e+00 4.119778012944387058e+01
1.888787834085195794e+00 4.606989225677177302e+01
1.890345597247327536e+00 4.254893786530289645e+01
1.891903360409460166e+00 3.584338937578610285e+01
1.893461123571591909e+00 4.073733160996318503e+01
1.895018886733724539e+00 3.872434559057267478e+01
1.896576649895856281e+00 4.019392545081490908e+01
1.898134413057988912e+00 3.810279733820408410e+01
1.899692176220120654e+00 3.861084406678350689e+01
1.901249939382252396e+00 4.006029218835396222e+01
1.902807702544385027e+00 4.310822525219152368e+01
1.904365465706516769e+00 4.395881657893865935e+01
1.905923228868649399e+00 4.201138498132035437e+01
1.907480992030781142e+00 3.917682623224671801e+01
1.909038755192913772e+00 3.984760808071764160e+01
1.910596518355045514e+00 4.092881852234932438e+01
1.912154281517177257e+00 3.726774842373433927e+01
1.913712044679309887e+00 3.797138006535904253e+01
1.915269807841441629e+00 3.896210444547656948e+01
1.916827571003574260e+00 4.176006610716193990e+01
1.918385334165706002e+00 4.154739735072630680e+01
1.919943097327838633e+00 3.874945096371956765e+01
1.921500860489970375e+00 3.823889924814945118e+01
1.923058623652102117e+00 4.001429678482875119e+01
1.924616386814234748e+00 3.560477563009557400e+01
1.926174149976366490e+00 3.879875168368953098e+01
1.927731913138499120e+00 3.831058442808046038e+01
1.929289676300630862e+00 3.997365218269006704e+01
1.930847439462763493e+00 4.326258868026351934e+01
1.932405202624895235e+00 4.511862390754306773e+01
1.933962965787026977e+00 4.422363461731967504e+01
1.935520728949159608e+00 4.634446642792854476e+01
1.937078492111291350e+00 4.780992751561603882e+01
1.938636255273423981e+00 4.620320771006210947e+01
1.940194018435555723e+00 4.253924782089827517e+01
1.941751781597688353e+00 4.177052259668876388e+01
1.943309544759820096e+00 4.453417304068509708e+01
1.944867307921951838e+00 4.242157398193718620e+01
1.946425071084084468e+00 4.830238943482584801e+01
1.947982834246216211e+00 4.845147272595662713e+01
1.949540597408348841e+00 4.674485112912120854e+01
1.951098360570480583e+00 4.199767125070290064e+01
1.952656123732613214e+00 4.015180696365451496e+01
1.954213886894744956e+00 4.023111249349556573e+01
1.955771650056876698e+00 3.773609945355383388e+01
1.957329413219009329e+00 3.855043463828565109e+01
1.958887176381141071e+00 4.268037961549356396e+01
1.960444939543273701e+00 3.467953170981178346e+01
1.962002702705405444e+00 3.787805249391237084e+01
1.963560465867537186e+00 3.949717643565661263e+01
1.965118229029669816e+00 3.941181885654006578e+01
1.966675992191801559e+00 4.259416948913564482e+01
1.968233755353934189e+00 4.004623857130366815e+01
1.969791518516065931e+00 3.337434059567074485e+01
1.971349281678198562e+00 3.280252349344125662e+01
1.972907044840330304e+00 3.564214417717328587e+01
1.974464808002462046e+00 3.719246787055570280e+01
1.976022571164594677e+00 3.854399610281215161e+01
1.977580334326726419e+00 4.095090771746631475e+01
1.979138097488859049e+00 4.209395471689214929e+01
1.980695860650990792e+00 3.817615021086778881e+01
1.982253623813123422e+00 3.772830278895308709e+01
1.983811386975255164e+00 3.890027055136182810e+01
1.985369150137386907e+00 3.632576393091754596e+01
1.986926913299519537e+00 3.310863547267183549e+01
1.988484676461651279e+00 3.389443921642575930e+01
1.990042439623783910e+00 3.404268194845379725e+01
1.991600202785915652e+00 3.590317018972986318e+01
1.993157965948048282e+00 4.187465912298147686e+01
1.994715729110180025e+00 3.605586944719864562e+01
1.996273492272311767e+00 4.116606308792830760e+01
1.997831255434444397e+00 3.789596592835928135e+01
1.999389018596576140e+00 3.594350214815350597e+01
2.000946781758708770e+00 3.907059449523800509e+01
2.002504544920840512e+00 3.986301121091225497e+01
2.004062308082973143e+00 3.726009370865180870e+01
2.005620071245104885e+00 3.843361201060975674e+01
2.007177834407236627e+00 3.667678318843153562e+01
2.008735597569369258e+00 4.173751949216443791e+01
2.010293360731501000e+00 4.216651457454629082e+01
2.011851123893633631e+00 3.210098852811932346e+01
2.013408887055765373e+00 3.993172362524153129e+01
2.014966650217898003e+00 4.588408107034459249e+01
2.016524413380029745e+00 4.463095525756653359e+01
2.018082176542161488e+00 4.230553740098305582e+01
2.019639939704294118e+00 3.777797267476427123e+01
2.021197702866425860e+00 3.409813791174322972e+01
2.022755466028558491e+00 3.645599156073199509e+01
2.024313229190690233e+00 3.874155076817859111e+01
2.025870992352822864e+00 3.505985897325066958e+01
2.027428755514954606e+00 3.843927615083752869e+01
2.028986518677086348e+00 4.139935799475347267e+01
2.030544281839218979e+00 3.661857765539849652e+01
2.032102045001350721e+00 3.700279713555046612e+01
2.033659808163483351e+00 3.607331747072334593e+01
2.035217571325615094e+00 3.887515015204466806e+01
2.036775334487746836e+00 4.260866864769156592e+01
2.038333097649879466e+00 3.878717457904957655e+01
2.039890860812011208e+00 3.896079334440417341e+01
2.041448623974143839e+00 4.589446125451790692e+01
2.043006387136275581e+00 4.631388262970569514e+01
2.044564150298408212e+00 4.274079558265902534e+01
2.046121913460539954e+00 3.912429892836768630e+01
2.047679676622671696e+00 3.540073943079548968e+01
2.049237439784804327e+00 3.737036300746054707e+01
2.050795202946936069e+00 3.901107780963184268e+01
2.052352966109068699e+00 4.148541753161678969e+01
2.053910729271200442e+00 4.433248761215582334e+01
2.055468492433333072e+00 4.266835505917107696e+01
2.057026255595464814e+00 3.941639803121081087e+01
2.058584018757596557e+00 4.012603168669772202e+01
2.060141781919729187e+00 3.433551517517722829e+01
2.061699545081860929e+00 4.019348881537739970e+01
2.063257308243993560e+00 4.075972794870533278e+01
2.064815071406125302e+00 4.581481540484191584e+01
2.066372834568257932e+00 4.320353491943576074e+01
2.067930597730389675e+00 4.113768930574121896e+01
2.069488360892521417e+00 3.999443342573335514e+01
2.071046124054654047e+00 4.176325170059929803e+01
2.072603887216785790e+00 4.296153991455604171e+01
2.074161650378918420e+00 4.066609501684052219e+01
2.075719413541050162e+00 3.938559947638162129e+01
2.077277176703182793e+00 4.180958421235528988e+01
2.078834939865314535e+00 4.388242137309355684e+01
2.080392703027446277e+00 4.167506981793711418e+01
2.081950466189578908e+00 4.444369569102368445e+01
2.083508229351710650e+00 4.279620826668194411e+01
2.085065992513843280e+00 4.061248127522989648e+01
2.086623755675975023e+00 3.799319451796478830e+01
2.088181518838107653e+00 4.083997721645415169e+01
2.089739282000239395e+00 4.309291380442092390e+01
2.091297045162371138e+00 3.937766334067445229e+01
2.092854808324503768e+00 4.264166036729746168e+01
2.094412571486635510e+00 4.470961870480392264e+01
2.095970334648768141e+00 3.870852040317409148e+01
2.097528097810899883e+00 4.040348324284443038e+01
2.099085860973032513e+00 3.804331653231076160e+01
2.100643624135164256e+00 4.173119526671241175e+01
2.102201387297295998e+00 4.255780817311529063e+01
2.103759150459428628e+00 4.358940315145042632e+01
2.105316913621560371e+00 4.303464505214642344e+01
2.106874676783693001e+00 4.144843331104591044e+01
2.108432439945824743e+00 4.258341484897924545e+01
2.109990203107957374e+00 4.542076867278641572e+01
2.111547966270089116e+00 4.503320833130458567e+01
2.113105729432220858e+00 4.301777482333228164e+01
2.114663492594353489e+00 4.386851882964279525e+01
2.116221255756485231e+00 4.424864951447581518e+01
2.117779018918617862e+00 4.429936330146582435e+01
2.119336782080749604e+00 3.612770465528839736e+01
2.120894545242881346e+00 3.824378760604694349e+01
2.122452308405013977e+00 4.071939866890961923e+01
2.124010071567145719e+00 4.010753882213952437e+01
2.125567834729278349e+00 3.726427854309120846e+01
2.127125597891410091e+00 3.577162668665565093e+01
2.128683361053542722e+00 3.774114952653298616e+01
2.130241124215674464e+00 3.610547592571877118e+01
2.131798887377806206e+00 3.340009585353032406e+01
2.133356650539938837e+00 4.291334421799986387e+01
2.134914413702070579e+00 4.298432235358428954e+01
2.136472176864203210e+00 4.465941104074811108e+01
2.138029940026334952e+00 4.628210538078223379e+01
2.139587703188467582e+00 4.190351836676571651e+01
2.141145466350599325e+00 3.582741728579037499e+01
2.142703229512731067e+00 3.629145798892595565e+01
2.144260992674863697e+00 3.976458510844452121e+01
2.145818755836995440e+00 3.642749538017224609e+01
2.147376518999128070e+00 3.791910725608526178e+01
2.148934282161259812e+00 3.858982833355391051e+01
2.150492045323392443e+00 3.583625584703003142e+01
2.152049808485524185e+00 3.732888073749442981e+01
2.153607571647655927e+00 3.762766958250605143e+01
2.155165334809788558e+00 3.820705266343870932e+01
2.156723097971920300e+00 4.144730092566222623e+01
2.158280861134052930e+00 4.263110172554933541e+01
2.159838624296184673e+00 4.130194762045321255e+01
2.161396387458317303e+00 4.551316550976167008e+01
2.162954150620449045e+00 4.595972147219158188e+01
2.164511913782580788e+00 3.908322408236232093e+01
2.166069676944713418e+00 4.314706534221674872e+01
2.167627440106845160e+00 3.892912871550123555e+01
2.169185203268977791e+00 3.620507215405230994e+01
2.170742966431109533e+00 3.630011983224589756e+01
2.172300729593242163e+00 3.785342104812384179e+01
2.173858492755373906e+00 4.063815323115195355e+01
2.175416255917505648e+00 4.061440370146444678e+01
2.176974019079638278e+00 4.022715406770557678e+01
2.178531782241770021e+00 4.340368827710370425e+01
2.180089545403902651e+00 4.094717078752392325e+01
2.181647308566034393e+00 3.510494448767769171e+01
2.183205071728167024e+00 4.224510461320625154e+01
2.184762834890298766e+00 4.309880805853358510e+01
2.186320598052430508e+00 3.855325132705053903e+01
2.187878361214563139e+00 3.644349375825493809e+01
2.189436124376694881e+00 3.960429078589568519e+01
2.190993887538827511e+00 3.849779531140541167e+01
2.192551650700959254e+00 3.796535453037059682e+01
2.194109413863091884e+00 4.205493770249845653e+01
2.195667177025223626e+00 4.617021565501327984e+01
2.197224940187355369e+00 4.603003770816251006e+01
2.198782703349487999e+00 3.981701918827366882e+01
2.200340466511619741e+00 3.175495620168058508e+01
2.201898229673752372e+00 3.221803661773640926e+01
2.203455992835884114e+00 3.489722102789409774e+01
2.205013755998015856e+00 4.045563055766141503e+01
2.206571519160148487e+00 4.250486031124433595e+01
2.208129282322280229e+00 3.791208473571352044e+01
2.209687045484412860e+00 3.556391136324538849e+01
2.211244808646544602e+00 3.911694844999001930e+01
2.212802571808677232e+00 3.996511737375261930e+01
2.214360334970808974e+00 3.884132947861732532e+01
2.215918098132940717e+00 4.048418380161177055e+01
2.217475861295073347e+00 3.523869018337321535e+01
2.219033624457205089e+00 3.849659701885244800e+01
2.220591387619337720e+00 4.120366231694706016e+01
2.222149150781469462e+00 4.092506829975830129e+01
2.223706913943602093e+00 3.407209664425118945e+01
2.225264677105733835e+00 3.121851636041535016e+01
2.226822440267865577e+00 3.635558332695403294e+01
2.228380203429998208e+00 3.963452598952702033e+01
2.229937966592129950e+00 3.856462294429657334e+01
2.231495729754262580e+00 3.606164509431773979e+01
2.233053492916394323e+00 3.216844545113841036e+01
2.234611256078526953e+00 3.935490187996737177e+01
2.236169019240658695e+00 4.582833153493766787e+01
2.237726782402790437e+00 4.293015983254480261e+01
2.239284545564923068e+00 4.029437104440283690e+01
2.240842308727054810e+00 3.745593242471272788e+01
2.242400071889187441e+00 3.362254177404995659e+01
2.243957835051319183e+00 3.214049805054769848e+01
2.245515598213451813e+00 3.124723731758393797e+01
2.247073361375583556e+00 3.142658151073264605e+01
2.248631124537715298e+00 3.862909613208595516e+01
2.250188887699847928e+00 4.097824600023037078e+01
2.251746650861979671e+00 3.447131607205668047e+01
2.253304414024112301e+00 3.238587803159303036e+01
2.254862177186244043e+00 3.123579925096566257e+01
2.256419940348376674e+00 3.784777559300659533e+01
2.257977703510508416e+00 4.083619644967329521e+01
2.259535466672640158e+00 4.349783375572145872e+01
2.261093229834772789e+00 3.807271560530927701e+01
2.262650992996904531e+00 3.723959202984853079e+01
2.264208756159037161e+00 4.345103065873933446e+01
2.265766519321168904e+00 4.426039474745689262e+01
2.267324282483301534e+00 4.013022580106271420e+01
2.268882045645433276e+00 3.990082065538209832e+01
2.270439808807565019e+00 3.747294690989433263e+01
2.271997571969697649e+00 3.866305855848119677e+01
2.273555335131829391e+00 3.788767055728541067e+01
2.275113098293962022e+00 4.066951369258205062e+01
2.276670861456093764e+00 3.794786997562980702e+01
2.278228624618225506e+00 3.678946033599917342e+01
2.279786387780358137e+00 3.840897718377588177e+01
2.281344150942489879e+00 3.687333596358925547e+01
2.282901914104622509e+00 3.923877969417211631e+01
2.284459677266754252e+00 4.580144301378756921e+01
2.286017440428886882e+00 4.154672500416315728e+01
2.287575203591018624e+00 4.474502595948657557e+01
2.289132966753150367e+00 3.184195896883777621e+01
2.290690729915282997e+00 3.845798694940122431e+01
2.292248493077414739e+00 3.434587538119241401e+01
2.293806256239547370e+00 3.145051844316365219e+01
2.295364019401679112e+00 3.382090413554506370e+01
2.296921782563811743e+00 3.651454682144954234e+01
2.298479545725943485e+00 3.903231598287510451e+01
2.300037308888075227e+00 3.924755644470970850e+01
2.301595072050207857e+00 4.065085554496696574e+01
2.303152835212339600e+00 4.399844021463490407e+01
2.304710598374472230e+00 3.583707003472459007e+01
2.306268361536603972e+00 3.374301721723465164e+01
2.307826124698736603e+00 3.983849664115177802e+01
2.309383887860868345e+00 3.167301090691201537e+01
2.310941651023000087e+00 3.909669137733586552e+01
2.312499414185132718e+00 3.993336386705453833e+01
2.314057177347264460e+00 3.687025221540988440e+01
2.315614940509397091e+00 3.607317913774929963e+01
2.317172703671528833e+00 3.451008655337790998e+01
2.318730466833661463e+00 3.218499352678880143e+01
2.320288229995793206e+00 2.985636130357203299e+01
2.321845993157924948e+00 3.455522285652926229e+01
2.323403756320057578e+00 4.250709498059882918e+01
2.324961519482189320e+00 3.399458178027438748e+01
2.326519282644321951e+00 3.852247680397466212e+01
2.328077045806453693e+00 3.418014952995498845e+01
2.329634808968586324e+00 3.596689341939703866e+01
2.331192572130718066e+00 3.602158536164083102e+01
2.332750335292849808e+00 3.919659902152793762e+01
2.334308098454982439e+00 3.557170113882573759e+01
2.335865861617114181e+00 3.269189185626544258e+01
2.337423624779246811e+00 3.887226914265725952e+01
2.338981387941378554e+00 3.604277468465504342e+01
2.340539151103511184e+00 3.517427770813910115e+01
2.342096914265642926e+00 3.430920095014862881e+01
2.343654677427774669e+00 3.799824790224018756e+01
2.345212440589907299e+00 3.966184150783175255e+01
2.346770203752039041e+00 3.423717179874456207e+01
2.348327966914171672e+00 3.559343861732484271e+01
2.349885730076303414e+00 3.685557683278166508e+01
2.351443493238436044e+00 4.152672735011321237e+01
2.353001256400567787e+00 4.568299430671321204e+01
2.354559019562699529e+00 4.155733639668580537e+01
2.356116782724832159e+00 3.537240151171543801e+01
2.357674545886963902e+00 3.737661073089805086e+01
2.359232309049096532e+00 3.873880033554490154e+01
2.360790072211228274e+00 3.952342890930551533e+01
2.362347835373360017e+00 3.420535325616318545e+01
2.363905598535492647e+00 3.915555375458047394e+01
2.365463361697624389e+00 3.739828276046069533e+01
2.367021124859757020e+00 3.578621928935667285e+01
2.368578888021888762e+00 3.730295998092167764e+01
2.370136651184021392e+00 3.615528359607187525e+01
2.371694414346153135e+00 3.088904283969551301e+01
2.373252177508284877e+00 2.954607405436878054e+01
2.374809940670417507e+00 3.878541391372422709e+01
2.376367703832549250e+00 3.829476299885050850e+01
2.377925466994681880e+00 3.853028404021589637e+01
2.379483230156813622e+00 3.685862687745284916e+01
2.381040993318946253e+00 3.939974260666875239e+01
2.382598756481077995e+00 3.991439464019775585e+01
2.384156519643209737e+00 3.719886759958676237e+01
2.385714282805342368e+00 3.613151873953832194e+01
2.387272045967474110e+00 3.883965413891770879e+01
2.388829809129606740e+00 4.128563446316076124e+01
2.390387572291738483e+00 3.942280000632697323e+01
2.391945335453871113e+00 3.264312606956757179e+01
2.393503098616002855e+00 3.517645420827554403e+01
2.395060861778134598e+00 3.585832362662439010e+01
2.396618624940267228e+00 3.699479681420650223e+01
2.398176388102398970e+00 3.692962678441566737e+01
2.399734151264531601e+00 3.357559935810139962e+01
2.401291914426663343e+00 3.597611896851697111e+01
2.402849677588795974e+00 3.895446247787178606e+01
2.404407440750927716e+00 3.961952797389474057e+01
2.405965203913059458e+00 3.595367171618251945e+01
2.407522967075192089e+00 3.796174908055110819e+01
2.409080730237323831e+00 4.362608749482243553e+01
2.410638493399456461e+00 4.048768984586774167e+01
2.412196256561588203e+00 3.886241232495660824e+01
2.413754019723720834e+00 4.111658474936525920e+01
2.415311782885852576e+00 3.895940243333121344e+01
2.416869546047984318e+00 3.448971891024364567e+01
2.418427309210116949e+00 3.536028134066402373e+01
2.419985072372248691e+00 3.866453153939394127e+01
2.421542835534381322e+00 4.213116987491873289e+01
2.423100598696513064e+00 4.565592625361166768e+01
2.424658361858645694e+00 4.421508115115072002e+01
2.426216125020777437e+00 3.474983407011994530e+01
2.427773888182909179e+00 2.978567659305373283e+01
2.429331651345041809e+00 3.289292381625131867e+01
2.430889414507173552e+00 3.739403029137663026e+01
2.432447177669306182e+00 3.589304051968601783e+01
2.434004940831437924e+00 3.525010485744821409e+01
2.435562703993569666e+00 3.879358013031827568e+01
2.437120467155702297e+00 3.743543318400315911e+01
2.438678230317834039e+00 3.733275002983173607e+01
2.440235993479966670e+00 3.967822913907955495e+01
2.441793756642098412e+00 3.648670919639857146e+01
2.443351519804231042e+00 3.006690744514603608e+01
2.444909282966362785e+00 3.322443041831319022e+01
2.446467046128494527e+00 3.294346705832739275e+01
2.448024809290627157e+00 3.632725571718528812e+01
2.449582572452758900e+00 4.231225727727945696e+01
2.451140335614891530e+00 4.015596288139757775e+01
2.452698098777023272e+00 3.738390087117651461e+01
2.454255861939155903e+00 3.629515318580659056e+01
2.455813625101287645e+00 3.688886769212381722e+01
2.457371388263419387e+00 3.699620533847569703e+01
2.458929151425552018e+00 3.451341192369530120e+01
2.460486914587683760e+00 3.606875838985720151e+01
2.462044677749816390e+00 4.261597652075339226e+01
2.463602440911948133e+00 3.842416344294110075e+01
2.465160204074080763e+00 4.226760303700670818e+01
2.466717967236212505e+00 4.183339017889522893e+01
2.468275730398344248e+00 3.876596449591553295e+01
2.469833493560476878e+00 3.743054206213729884e+01
2.471391256722608620e+00 4.072265685245742617e+01
2.472949019884741251e+00 3.930804286301561490e+01
2.474506783046872993e+00 3.841974689074042004e+01
2.476064546209005623e+00 4.086105127420189120e+01
2.477622309371137366e+00 3.847168854980922958e+01
2.479180072533269108e+00 3.360817580557331041e+01
2.480737835695401738e+00 3.248128783633933381e+01
2.482295598857533481e+00 4.182265268497974375e+01
2.483853362019666111e+00 3.258734162874811346e+01
2.485411125181797853e+00 3.371130042144075389e+01
2.486968888343930484e+00 3.332815152436666040e+01
2.488526651506062226e+00 3.641375396987074708e+01
2.490084414668193968e+00 3.792815432168661260e+01
2.491642177830326599e+00 3.588699535945945485e+01
2.493199940992458341e+00 3.418655646592350195e+01
2.494757704154590972e+00 3.785760168741717990e+01
2.496315467316722714e+00 4.136641690215180489e+01
2.497873230478855344e+00 4.055376703350492562e+01
2.499430993640987086e+00 3.541159600696273202e+01
2.500988756803118829e+00 3.622539580134412773e+01
2.502546519965251459e+00 3.340334723448781062e+01
2.504104283127383201e+00 3.134214448505339945e+01
2.505662046289515832e+00 3.669963853675653098e+01
2.507219809451647574e+00 4.034762255566772637e+01
2.508777572613780205e+00 3.961425891771040853e+01
2.510335335775911947e+00 3.859229273397603777e+01
2.511893098938043689e+00 3.908091141976878902e+01
2.513450862100176320e+00 3.562175190505083577e+01
2.515008625262308062e+00 3.312400206748207410e+01
2.516566388424440692e+00 2.958904012243080217e+01
2.518124151586572435e+00 3.329595597938389773e+01
2.519681914748704177e+00 3.217095313588885830e+01
2.521239677910836807e+00 3.883083088944363226e+01
2.522797441072968549e+00 3.464818290298947545e+01
2.524355204235101180e+00 2.954165147637407074e+01
2.525912967397232922e+00 3.370627360928902760e+01
2.527470730559365553e+00 3.972352182531405163e+01
2.529028493721497295e+00 3.660751401616701628e+01
2.530586256883629037e+00 3.482449135579182808e+01
2.532144020045761668e+00 3.972475633632956971e+01
2.533701783207893410e+00 3.893940239702456552e+01
2.535259546370026040e+00 4.088209280241358101e+01
2.536817309532157783e+00 3.830157458752222510e+01
2.538375072694290413e+00 3.694814167633069957e+01
2.539932835856422155e+00 3.718402634764323977e+01
2.541490599018553898e+00 3.727765071786196671e+01
2.543048362180686528e+00 3.893966989449823046e+01
2.544606125342818270e+00 3.807257052169640588e+01
2.546163888504950901e+00 3.551939377266558040e+01
2.547721651667082643e+00 3.764082490669849079e+01
2.549279414829215273e+00 2.997423419232859132e+01
2.550837177991347016e+00 3.072272266544936059e+01
2.552394941153478758e+00 3.001305131185680253e+01
2.553952704315611388e+00 3.141617350960282806e+01
2.555510467477743131e+00 2.970235487952819042e+01
2.557068230639875761e+00 2.863036666599993652e+01
2.558625993802007503e+00 3.299202197093908495e+01
2.560183756964140134e+00 3.626253004579069028e+01
2.561741520126271876e+00 3.430051249404272085e+01
2.563299283288403618e+00 3.423112388829328268e+01
2.564857046450536249e+00 3.802417289509149612e+01
2.566414809612667991e+00 3.173730205791945025e+01
2.567972572774800621e+00 3.232045676633295272e+01
2.569530335936932364e+00 4.015826458763394413e+01
2.571088099099064994e+00 3.618968128846131549e+01
2.572645862261196736e+00 3.887207615773120750e+01
2.574203625423328479e+00 3.506310797617994268e+01
2.575761388585461109e+00 3.596465320813332056e+01
2.577319151747592851e+00 3.896247722985864215e+01
2.578876914909725482e+00 3.494547689493153797e+01
2.580434678071857224e+00 3.059819904324387352e+01
2.581992441233989855e+00 3.437279160593084981e+01
2.583550204396121597e+00 4.069471163654933576e+01
2.585107967558253339e+00 4.246052874711347869e+01
2.586665730720385969e+00 3.544241613230882137e+01
2.588223493882517712e+00 3.811917101382449857e+01
2.589781257044650342e+00 3.382025660000753220e+01
2.591339020206782084e+00 3.629114377017067028e+01
2.592896783368913827e+00 3.800223670520022523e+01
2.594454546531046457e+00 3.781818557584900731e+01
2.596012309693178199e+00 3.770500036241937636e+01
2.597570072855310830e+00 3.747302236226389027e+01
2.599127836017442572e+00 3.359714387618044640e+01
2.600685599179575203e+00 3.226107965223622642e+01
2.602243362341706945e+00 3.959384793247937040e+01
2.603801125503838687e+00 3.672208441127498446e+01
2.605358888665971318e+00 3.386803714600814885e+01
2.606916651828103060e+00 3.280394858130580360e+01
2.608474414990235690e+00 3.347842377433023842e+01
2.610032178152367432e+00 3.406440153651026748e+01
2.611589941314500063e+00 3.621718381135239895e+01
2.613147704476631805e+00 3.727817211136783015e+01
2.614705467638763547e+00 3.785683563408799301e+01
2.616263230800896178e+00 3.900471182586346686e+01
2.617820993963027920e+00 3.241952348158847030e+01
2.619378757125160551e+00 3.173787741073355306e+01
2.620936520287292293e+00 3.214674225231602378e+01
2.622494283449424923e+00 3.305521080962799374e+01
2.624052046611556666e+00 3.303673357837632096e+01
2.625609809773688408e+00 3.317082397651735448e+01
2.627167572935821038e+00 3.421034818886716522e+01
2.628725336097952781e+00 3.619344217524508878e+01
2.630283099260085411e+00 3.349959140451451134e+01
2.631840862422217153e+00 3.143002679445295655e+01
2.633398625584349784e+00 3.493045559164499991e+01
2.634956388746481526e+00 3.350557250847091950e+01
2.636514151908613268e+00 3.568624105397110924e+01
2.638071915070745899e+00 3.070777939843926774e+01
2.639629678232877641e+00 3.333377386754612104e+01
2.641187441395010271e+00 3.529229153225478655e+01
2.642745204557142014e+00 3.792311602224981470e+01
2.644302967719274644e+00 3.551407959272316361e+01
2.645860730881406386e+00 3.164474938663682835e+01
2.647418494043538129e+00 3.407540637069249101e+01
2.648976257205670759e+00 4.072194274088184329e+01
2.650534020367802501e+00 3.756720627541681523e+01
2.652091783529935132e+00 3.407230155768698410e+01
2.653649546692066874e+00 3.573428717398453358e+01
2.655207309854199504e+00 3.532156374560352674e+01
2.656765073016331247e+00 3.187757363917375386e+01
2.658322836178462989e+00 3.625284267809771421e+01
2.659880599340595619e+00 3.394801699016719709e+01
2.661438362502727362e+00 3.553028946197109406e+01
2.662996125664859992e+00 3.830415204326320833e+01
2.664553888826991734e+00 3.325576182718582885e+01
2.666111651989124365e+00 3.336148381525628537e+01
2.667669415151256107e+00 3.692355763159876858e+01
2.669227178313387849e+00 3.485272957959467277e+01
2.670784941475520480e+00 3.268545164720609364e+01
2.672342704637652222e+00 3.332506120086070212e+01
2.673900467799784852e+00 2.935352906256125749e+01
2.675458230961916595e+00 2.824753253114286977e+01
2.677015994124048337e+00 3.294504073373819608e+01
2.678573757286180967e+00 3.856561689650441593e+01
2.680131520448312710e+00 3.817142224417312946e+01
2.681689283610445340e+00 3.423398516347507581e+01
2.683247046772577082e+00 3.192739185077422093e+01
2.684804809934709713e+00 3.019152356435879980e+01
2.686362573096841455e+00 3.141149315179783130e+01
2.687920336258973197e+00 3.788189766525091784e+01
2.689478099421105828e+00 4.130442456815840302e+01
2.691035862583237570e+00 3.590793502033692874e+01
2.692593625745370201e+00 3.392706262946751394e+01
2.694151388907501943e+00 3.493627711763623722e+01
2.695709152069634573e+00 4.113721722755985866e+01
2.697266915231766315e+00 4.277763121467775420e+01
2.698824678393898058e+00 3.462256295779823034e+01
2.700382441556030688e+00 3.069649282387747391e+01
2.701940204718162430e+00 3.399126898890303750e+01
2.703497967880295061e+00 3.188736886629483180e+01
2.705055731042426803e+00 3.272160658834201286e+01
2.706613494204559434e+00 3.712654195064843066e+01
2.708171257366691176e+00 3.977793282404667963e+01
2.709729020528822918e+00 3.736899593524745455e+01
2.711286783690955549e+00 3.619325708456765511e+01
2.712844546853087291e+00 3.679964658312649561e+01
2.714402310015219921e+00 3.705473683086156456e+01
2.715960073177351664e+00 3.607148557942670664e+01
2.717517836339484294e+00 3.631191159325623374e+01
2.719075599501616036e+00 4.021322589578106488e+01
2.720633362663747778e+00 3.445377870846789392e+01
2.722191125825880409e+00 3.853914002421060303e+01
2.723748888988012151e+00 3.631801363998156518e+01
2.725306652150144782e+00 3.519043283542742273e+01
2.726864415312276524e+00 3.773145999517351612e+01
2.728422178474409154e+00 3.628794097693257470e+01
2.729979941636540897e+00 3.958532654728662692e+01
2.731537704798672639e+00 4.170977239084636068e+01
2.733095467960805269e+00 3.397129380545422350e+01
2.734653231122937012e+00 3.206954452009323120e+01
2.736210994285069642e+00 3.294235859797230859e+01
2.737768757447201384e+00 3.942083348754665195e+01
2.739326520609334015e+00 3.149164246687685065e+01
2.740884283771465757e+00 3.672163753194048041e+01
2.742442046933597499e+00 3.712453785470699330e+01
2.743999810095730130e+00 3.316399256022474873e+01
2.745557573257861872e+00 2.947434996428533793e+01
2.747115336419994502e+00 2.950195536997063783e+01
2.748673099582126245e+00 2.891677570171124145e+01
2.750230862744258875e+00 2.874854423491359157e+01
2.751788625906390617e+00 3.497401721764226323e+01
2.753346389068522360e+00 3.554107298912560964e+01
2.754904152230654990e+00 3.131629573310155124e+01
2.756461915392786732e+00 3.520581788319682914e+01
2.758019678554919363e+00 3.458706166998917553e+01
2.759577441717051105e+00 3.066373282351640839e+01
2.761135204879182847e+00 3.292265788032349860e+01
2.762692968041315478e+00 3.523949157703105328e+01
2.764250731203447220e+00 3.265187411605509737e+01
2.765808494365579850e+00 3.276742162866501218e+01
2.767366257527711593e+00 3.982658305508780927e+01
2.768924020689844223e+00 3.736768172511249020e+01
2.770481783851975965e+00 3.713991897128471464e+01
2.772039547014107708e+00 3.812813152099383984e+01
2.773597310176240338e+00 4.263987793052838526e+01
2.775155073338372080e+00 3.900925713084269120e+01
2.776712836500504711e+00 3.488112009206842856e+01
2.778270599662636453e+00 3.497405697984660833e+01
2.779828362824769084e+00 3.496701757906695462e+01
2.781386125986900826e+00 3.376295201376003519e+01
2.782943889149032568e+00 3.442891761659527816e+01
2.784501652311165198e+00 3.333548259517858980e+01
2.786059415473296941e+00 3.726538693830366356e+01
2.787617178635429571e+00 3.523866575467022955e+01
2.789174941797561313e+00 3.645322815082864309e+01
2.790732704959693944e+00 3.485648602011161756e+01
2.792290468121825686e+00 3.513082803326033599e+01
2.793848231283957428e+00 3.454504259361841889e+01
2.795405994446090059e+00 3.238126478020797094e+01
2.796963757608221801e+00 3.017142030726409629e+01
2.798521520770354432e+00 2.973324096991625254e+01
2.800079283932486174e+00 3.289765705509461924e+01
2.801637047094618804e+00 3.470977150804431943e+01
2.803194810256750547e+00 3.270684108406160107e+01
2.804752573418882289e+00 2.887190864422473524e+01
2.806310336581014919e+00 3.766288976044512538e+01
2.807868099743146661e+00 3.681443480708466609e+01
2.809425862905279292e+00 3.540998559504188847e+01
2.810983626067411034e+00 3.554256505608775996e+01
2.812541389229543665e+00 3.760050129437929911e+01
2.814099152391675407e+00 3.806105920831833345e+01
2.815656915553807149e+00 3.735367465131876941e+01
2.817214678715939780e+00 3.735521265027944082e+01
2.818772441878071522e+00 2.955738805234559763e+01
2.820330205040204152e+00 2.630322374394835805e+01
2.821887968202335895e+00 3.522169701184135704e+01
2.823445731364468525e+00 3.621317553630728270e+01
2.825003494526600267e+00 4.023602434953302520e+01
2.826561257688732010e+00 3.638905594467014026e+01
2.828119020850864640e+00 3.278460087436662462e+01
2.829676784012996382e+00 3.521839243393610275e+01
2.831234547175129013e+00 3.862862022583039590e+01
2.832792310337260755e+00 3.979403454417968788e+01
2.834350073499392497e+00 3.176022380257964173e+01
2.835907836661525128e+00 3.774495346562368070e+01
2.837465599823656870e+00 3.968409421998002529e+01
2.839023362985789500e+00 4.068278750106635755e+01
2.840581126147921243e+00 3.773856654685403100e+01
2.842138889310053873e+00 3.343503690105958981e+01
2.843696652472185615e+00 3.580576722861053440e+01
2.845254415634317358e+00 3.833745291176683878e+01
2.846812178796449988e+00 3.435153837549316336e+01
2.848369941958581730e+00 3.440737801013985120e+01
2.849927705120714361e+00 3.654882511767843312e+01
2.851485468282846103e+00 3.520782780901465259e+01
2.853043231444978733e+00 3.491813150333892679e+01
2.854600994607110476e+00 3.263988914000300667e+01
2.856158757769242218e+00 3.369225411990304764e+01
2.857716520931374848e+00 3.514493424509965536e+01
2.859274284093506591e+00 3.264737862758008191e+01
2.860832047255639221e+00 2.873229793857939995e+01
2.862389810417770963e+00 2.759753454459005084e+01
2.863947573579903594e+00 2.967600601291434614e+01
2.865505336742035336e+00 3.697768702267398311e+01
2.867063099904167078e+00 3.355529430037230298e+01
2.868620863066299709e+00 3.261615343002212342e+01
2.870178626228431451e+00 3.451738478887457262e+01
2.871736389390564081e+00 3.460311842876397748e+01
2.873294152552695824e+00 3.563424859962473334e+01
2.874851915714828454e+00 3.546666564542339728e+01
2.876409678876960196e+00 3.329970142482073925e+01
2.877967442039091939e+00 3.313421868980783103e+01
2.879525205201224569e+00 3.169091693207756677e+01
2.881082968363356311e+00 3.346044233004587909e+01
2.882640731525488942e+00 3.313495880533602644e+01
2.884198494687620684e+00 3.428271479795537857e+01
2.885756257849753315e+00 3.457440338527052859e+01
2.887314021011885057e+00 3.393411075892335305e+01
2.888871784174016799e+00 3.514269209279996886e+01
2.890429547336149430e+00 3.608604211785962690e+01
2.891987310498281172e+00 3.545673307108756234e+01
2.893545073660413802e+00 3.663732354333332353e+01
2.895102836822545544e+00 3.548453434781799132e+01
2.896660599984678175e+00 3.441429231148185153e+01
2.898218363146809917e+00 3.260481963101234726e+01
2.899776126308941659e+00 2.861514170777961397e+01
2.901333889471074290e+00 2.849563558903473037e+01
2.902891652633206032e+00 3.255581454018939525e+01
2.904449415795338663e+00 3.488129326875668568e+01
2.906007178957470405e+00 3.427614991429172164e+01
2.907564942119603035e+00 3.190281126462075889e+01
2.909122705281734778e+00 2.806663568960117772e+01
2.910680468443866520e+00 2.692647430186284296e+01
2.912238231605999150e+00 3.026302478691706810e+01
2.913795994768130893e+00 3.172880155503542099e+01
2.915353757930263523e+00 2.843606689201758897e+01
2.916911521092395265e+00 3.034679568591644028e+01
2.918469284254527008e+00 3.207104168680367451e+01
2.920027047416659638e+00 3.321161862170331602e+01
2.921584810578791380e+00 3.194709980848941555e+01
2.923142573740924011e+00 3.132548154247846384e+01
2.924700336903055753e+00 2.891030419815370323e+01
2.926258100065188383e+00 2.832348733939308971e+01
2.927815863227320126e+00 3.734079049101485026e+01
2.929373626389451868e+00 3.651161053485159158e+01
2.930931389551584498e+00 3.149594108821885996e+01
2.932489152713716241e+00 3.010866299419514291e+01
2.934046915875848871e+00 2.966905857453114592e+01
2.935604679037980613e+00 2.847653364937247744e+01
2.937162442200113244e+00 2.851160813909853076e+01
2.938720205362244986e+00 3.059185647921102458e+01
2.940277968524376728e+00 3.720461353574909680e+01
2.941835731686509359e+00 3.932208239997649457e+01
2.943393494848641101e+00 3.511331823804140129e+01
2.944951258010773731e+00 3.615213372463878727e+01
2.946509021172905474e+00 3.939637399208267965e+01
2.948066784335038104e+00 3.767290292986202616e+01
2.949624547497169846e+00 3.424580644088049297e+01
2.951182310659301589e+00 3.263078780568339710e+01
2.952740073821434219e+00 3.162688547014388263e+01
2.954297836983565961e+00 3.052400308202471635e+01
2.955855600145698592e+00 2.830940403956580553e+01
2.957413363307830334e+00 3.082524329208461822e+01
2.958971126469962964e+00 3.284005604539957091e+01
2.960528889632094707e+00 3.786301764517911295e+01
2.962086652794226449e+00 3.949728708912159902e+01
2.963644415956359079e+00 3.293900531551440736e+01
2.965202179118490822e+00 2.891442886846024152e+01
2.966759942280623452e+00 2.889813358966285861e+01
2.968317705442755194e+00 3.070498398731604084e+01
2.969875468604887825e+00 3.772157187059103478e+01
2.971433231767019567e+00 3.228204440727866853e+01
2.972990994929151309e+00 3.280706658040028145e+01
2.974548758091283940e+00 3.514736392471881743e+01
2.976106521253415682e+00 3.060384204282927456e+01
2.977664284415548313e+00 2.970303929850588887e+01
2.979222047577680055e+00 3.304542834861660339e+01
2.980779810739812685e+00 3.314423275498180033e+01
2.982337573901944427e+00 3.284540356214429124e+01
2.983895337064076170e+00 2.869842746315577386e+01
2.985453100226208800e+00 3.054704812778391698e+01
2.987010863388340542e+00 2.927443211169159198e+01
2.988568626550473173e+00 3.373331631089118332e+01
2.990126389712604915e+00 3.455127350433487265e+01
2.991684152874737546e+00 3.201810303721417483e+01
2.993241916036869288e+00 3.087814556262192411e+01
2.994799679199001030e+00 3.539341689397556223e+01
2.996357442361133661e+00 3.382553573928559132e+01
2.997915205523265403e+00 3.343929109906228092e+01
2.999472968685398033e+00 2.918053796813931200e+01
3.001030731847529776e+00 3.318434118782969477e+01
3.002588495009661518e+00 3.536457566572926225e+01
3.004146258171794148e+00 3.251555760478349555e+01
3.005704021333925891e+00 3.234255235051868027e+01
3.007261784496058521e+00 3.359823837712497863e+01
3.008819547658190263e+00 2.908175654829738477e+01
3.010377310820322894e+00 2.746418065417589816e+01
3.011935073982454636e+00 2.681020075425626814e+01
3.013492837144586378e+00 2.881603145604803728e+01
3.015050600306719009e+00 3.145138886313310778e+01
3.016608363468850751e+00 3.182838786981158563e+01
3.018166126630983381e+00 3.037680002289912906e+01
3.019723889793115124e+00 3.108747943106801870e+01
3.021281652955247754e+00 3.494968914112338609e+01
3.022839416117379496e+00 4.087719354205146516e+01
3.024397179279511239e+00 3.379857823043947462e+01
3.025954942441643869e+00 3.300013623443419419e+01
3.027512705603775611e+00 3.396709790264794293e+01
3.029070468765908242e+00 3.365940924974992043e+01
3.030628231928039984e+00 3.468522002370759338e+01
3.032185995090172614e+00 3.683928836724395239e+01
3.033743758252304357e+00 3.506964252346276112e+01
3.035301521414436099e+00 3.044232475528157877e+01
3.036859284576568729e+00 2.665508939023819934e+01
3.038417047738700472e+00 2.955260922924469824e+01
3.039974810900833102e+00 3.158705273500528676e+01
3.041532574062964844e+00 3.098650906221736889e+01
3.043090337225097475e+00 3.241336873255557549e+01
3.044648100387229217e+00 3.649859250354367646e+01
3.046205863549360959e+00 3.679241697351064744e+01
3.047763626711493590e+00 3.221248711068753323e+01
3.049321389873625332e+00 3.359294292695300754e+01
3.050879153035757962e+00 3.720508700241472866e+01
3.052436916197889705e+00 3.714180288624278603e+01
3.053994679360022335e+00 3.148957847777736063e+01
3.055552442522154077e+00 2.797562644544522570e+01
3.057110205684285820e+00 2.755902714450467883e+01
3.058667968846418450e+00 2.942002559614405044e+01
3.060225732008550192e+00 3.177476630499363708e+01
3.061783495170682823e+00 3.344858741277328562e+01
3.063341258332814565e+00 3.135973379930460325e+01
3.064899021494947196e+00 3.599583975583837514e+01
3.066456784657078938e+00 3.072995024735455161e+01
3.068014547819210680e+00 3.364626578763818543e+01
3.069572310981343310e+00 3.534207090784043004e+01
3.071130074143475053e+00 3.133200504175558976e+01
3.072687837305607683e+00 3.045760310847338914e+01
3.074245600467739425e+00 3.099103372890538566e+01
3.075803363629871168e+00 2.846234464386195384e+01
3.077361126792003798e+00 3.056577153376453637e+01
3.078918889954135540e+00 3.838495107679452190e+01
3.080476653116268171e+00 3.694733364982638335e+01
3.082034416278399913e+00 3.070748283343769813e+01
3.083592179440532544e+00 3.032651157492201222e+01
3.085149942602664286e+00 3.052903613837695218e+01
3.086707705764796028e+00 3.113394658077553601e+01
3.088265468926928659e+00 3.313466896868867195e+01
3.089823232089060401e+00 3.397090784778275463e+01
3.091380995251193031e+00 3.444384907275227903e+01
3.092938758413324773e+00 3.172430853879868451e+01
3.094496521575457404e+00 3.134991084198424716e+01
3.096054284737589146e+00 3.314309171682233313e+01
3.097612047899720888e+00 3.494496854477742431e+01
3.099169811061853519e+00 3.467922544327080914e+01
3.100727574223985261e+00 3.023664927504297140e+01
3.102285337386117892e+00 2.872567592816431770e+01
3.103843100548249634e+00 3.248925193352194185e+01
3.105400863710382264e+00 3.090444474530205454e+01
3.106958626872514007e+00 2.912658525357311134e+01
3.108516390034645749e+00 3.085527371924095874e+01
3.110074153196778379e+00 3.294720788965795322e+01
3.111631916358910122e+00 3.028365666438284975e+01
3.113189679521042752e+00 2.627452993868325137e+01
3.114747442683174494e+00 3.026767507652420264e+01
3.116305205845307125e+00 3.057162436662059335e+01
3.117862969007438867e+00 3.122915019364158340e+01
3.119420732169570609e+00 2.621562692297565533e+01
3.120978495331703240e+00 2.500436193548943464e+01
3.122536258493834982e+00 2.838700003107490488e+01
3.124094021655967612e+00 3.196619575340775654e+01
3.125651784818099355e+00 3.344915740828371042e+01
3.127209547980231985e+00 4.106960893969805682e+01
3.128767311142363727e+00 4.216408284099885861e+01
3.130325074304495470e+00 2.841199061568575601e+01
3.131882837466628100e+00 3.357897864361520135e+01
3.133440600628759842e+00 2.879064875037238380e+01
3.134998363790892473e+00 2.693961981152028073e+01
3.136556126953024215e+00 3.103675320462984999e+01
3.138113890115156845e+00 3.185531114675154285e+01
3.139671653277288588e+00 3.112571785013510706e+01
3.141229416439420330e+00 3.544635977138408123e+01
3.142787179601552960e+00 2.690037884752515041e+01
3.144344942763684703e+00 3.534791967527634426e+01
3.145902705925817333e+00 3.391425513837717176e+01
3.147460469087949075e+00 3.487929424449998095e+01
3.149018232250081706e+00 3.316066339927595408e+01
3.150575995412213448e+00 -2.440494008229135758e+00
3.152133758574345190e+00 6.663800976295810585e-01
3.153691521736477821e+00 -1.783827972205801471e-01
3.155249284898609563e+00 4.774511969266747452e-02
3.156807048060742193e+00 -1.277761752990445171e-02
3.158364811222873936e+00 3.419128787328067770e-03
3.159922574385005678e+00 -9.147985909540129164e-04
3.161480337547138308e+00 2.447257794018865623e-04
3.163038100709270051e+00 -6.546028495622602814e-05
3.164595863871402681e+00 1.750732164158772325e-05
3.166153627033534423e+00 -4.681713845086391150e-06
3.167711390195667054e+00 1.251794446616423141e-06
3.169269153357798796e+00 -3.346600087864735686e-07
3.170826916519930538e+00 8.945752452077303474e-08
3.172384679682063169e+00 -2.390957126526367946e-08
3.173942442844194911e+00 6.389518395731915112e-09
3.175500206006327542e+00 -1.707282657424896158e-09
3.177057969168459284e+00 4.561243091944801369e-10
3.178615732330591914e+00 -1.218431128829102804e-10
3.180173495492723656e+00 3.254304562416819987e-11
3.181731258654855399e+00 -8.690690464031106733e-12
3.183289021816988029e+00 2.320537809839543272e-12
3.184846784979119771e+00 -6.195275195280384587e-13
3.186404548141252402e+00 1.653744805459244190e-13
3.187962311303384144e+00 -4.413648628602705836e-14
3.189520074465516775e+00 1.177211152154977565e-14
