-3.189520074465516331e+00 0.000000000000000000e+00
-3.187962311303384144e+00 0.000000000000000000e+00
-3.186404548141251958e+00 0.000000000000000000e+00
-3.184846784979119771e+00 1.527735837715777478e+01
-3.183289021816988029e+00 1.801658331739260532e+01
-3.181731258654855843e+00 1.774166503186348010e+01
-3.180173495492723656e+00 1.611541411584919814e+01
-3.178615732330591470e+00 1.411259242508714351e+01
-3.177057969168459284e+00 1.294183281587822520e+01
-3.175500206006327097e+00 1.837913378543198561e+01
-3.173942442844194911e+00 2.081582579008664879e+01
-3.172384679682063169e+00 1.981950331797289167e+01
-3.170826916519930982e+00 2.042970104966548206e+01
-3.169269153357798796e+00 1.689673485540785691e+01
-3.167711390195666610e+00 1.363536243142657867e+01
-3.166153627033534423e+00 1.304051672365263848e+01
-3.164595863871402237e+00 1.694862004404237510e+01
-3.163038100709270495e+00 2.153662289036196142e+01
-3.161480337547138308e+00 1.714190539869566265e+01
-3.159922574385006122e+00 1.559324257839817918e+01
-3.158364811222873936e+00 1.925689393972827546e+01
-3.156807048060741749e+00 1.772104229397814024e+01
-3.155249284898609563e+00 1.628429772943191267e+01
-3.153691521736477377e+00 1.817335328680002959e+01
-3.152133758574345634e+00 1.868405891697323540e+01
-3.150575995412213448e+00 1.796438668594704069e+01
-3.149018232250081262e+00 1.941871703099749169e+01
-3.147460469087949075e+00 1.739725417086768644e+01
-3.145902705925816889e+00 1.772883294892202954e+01
-3.144344942763684703e+00 2.113011620659294465e+01
-3.142787179601552516e+00 1.947466529127006041e+01
-3.141229416439420774e+00 1.678167064214406423e+01
-3.139671653277288588e+00 1.781636533749716733e+01
-3.138113890115156401e+00 1.868547585719868920e+01
-3.136556126953024215e+00 1.585912000984383852e+01
-3.134998363790892029e+00 2.104227094961314393e+01
-3.133440600628759842e+00 2.283539878416978652e+01
-3.131882837466628100e+00 1.875379703803734799e+01
-3.130325074304495914e+00 1.642605469792129824e+01
-3.128767311142363727e+00 1.193217050828548942e+01
-3.127209547980231541e+00 1.309060874485935777e+01
-3.125651784818099355e+00 1.779950915146477186e+01
-3.124094021655967168e+00 1.722840949805502930e+01
-3.122536258493834982e+00 1.498430554672020598e+01
-3.120978495331703240e+00 1.748237963068068268e+01
-3.119420732169571053e+00 1.598641935249665913e+01
-3.117862969007438867e+00 1.388595156480858961e+01
-3.116305205845306681e+00 1.359423372012730802e+01
-3.114747442683174494e+00 1.387538353506689326e+01
-3.113189679521042308e+00 1.642965235906519084e+01
-3.111631916358910122e+00 1.807325598143304290e+01
-3.110074153196778379e+00 1.873349207568244168e+01
-3.108516390034646193e+00 1.888884705636549199e+01
-3.106958626872514007e+00 1.498416637028856613e+01
-3.105400863710381820e+00 1.466552647622635597e+01
-3.103843100548249634e+00 1.898123031252396586e+01
-3.102285337386117448e+00 1.889038561818819062e+01
-3.100727574223985705e+00 1.610315982741888163e+01
-3.099169811061853519e+00 1.428507589400005351e+01
-3.097612047899721333e+00 1.607653963917589479e+01
-3.096054284737589146e+00 1.642856847446126167e+01
-3.094496521575456960e+00 1.610617981153225386e+01
-3.092938758413324773e+00 1.711520706978705064e+01
-3.091380995251192587e+00 1.664875658616056597e+01
-3.089823232089060845e+00 1.781162400943509638e+01
-3.088265468926928659e+00 1.640057801287987616e+01
-3.086707705764796472e+00 1.614039260360210548e+01
-3.085149942602664286e+00 1.890249093470439945e+01
-3.083592179440532099e+00 1.837642441477264654e+01
-3.082034416278399913e+00 1.751754030110472726e+01
-3.080476653116267727e+00 1.665920613125653560e+01
-3.078918889954135985e+00 1.808211961301295290e+01
-3.077361126792003798e+00 1.765469867746373112e+01
-3.075803363629871612e+00 1.594334275191129713e+01
-3.074245600467739425e+00 1.531262621271214108e+01
-3.072687837305607239e+00 1.685502343555210203e+01
-3.071130074143475053e+00 1.688230727617841964e+01
-3.069572310981342866e+00 1.435778198563424901e+01
-3.068014547819211124e+00 1.572210677535616519e+01
-3.066456784657078938e+00 1.862205735591777156e+01
-3.064899021494946751e+00 2.098140089753557902e+01
-3.063341258332814565e+00 1.906499242204707301e+01
-3.061783495170682379e+00 1.752129628739701417e+01
-3.060225732008550192e+00 1.902826689645875291e+01
-3.058667968846418006e+00 1.856154979358103319e+01
-3.057110205684286264e+00 1.713557945133488403e+01
-3.055552442522154077e+00 1.472213104800807848e+01
-3.053994679360021891e+00 1.603003509218278566e+01
-3.052436916197889705e+00 1.887298623087545835e+01
-3.050879153035757518e+00 1.818886611957749722e+01
-3.049321389873625332e+00 2.000974398897314543e+01
-3.047763626711493590e+00 2.263358295119657626e+01
-3.046205863549361403e+00 1.859930157053149102e+01
-3.044648100387229217e+00 1.492797014825914559e+01
-3.043090337225097031e+00 1.840243837226213230e+01
-3.041532574062964844e+00 1.847767136668811716e+01
-3.039974810900832658e+00 1.591757434900281076e+01
-3.038417047738700472e+00 1.669703795070926233e+01
-3.036859284576568729e+00 1.644259705131599247e+01
-3.035301521414436543e+00 1.745685413505415085e+01
-3.033743758252304357e+00 1.935097139122562737e+01
-3.032185995090172170e+00 1.552789640836830820e+01
-3.030628231928039984e+00 1.582873275745684793e+01
-3.029070468765907798e+00 1.526675348959761713e+01
-3.027512705603776055e+00 1.403589370611218179e+01
-3.025954942441643869e+00 1.656639525679781499e+01
-3.024397179279511683e+00 1.744709022689718125e+01
-3.022839416117379496e+00 1.746841926689461033e+01
-3.021281652955247310e+00 1.620913359459538583e+01
-3.019723889793115124e+00 2.148225632779235994e+01
-3.018166126630982937e+00 2.325787600904872576e+01
-3.016608363468851195e+00 1.739177143807911108e+01
-3.015050600306719009e+00 1.692758286194308326e+01
-3.013492837144586822e+00 1.950320901170718102e+01
-3.011935073982454636e+00 1.918982481382792926e+01
-3.010377310820322450e+00 1.938860905064571227e+01
-3.008819547658190263e+00 1.702499481096135625e+01
-3.007261784496058077e+00 1.704195486656502467e+01
-3.005704021333926335e+00 1.903793834088636316e+01
-3.004146258171794148e+00 1.589251779945415777e+01
-3.002588495009661962e+00 1.671728811965990857e+01
-3.001030731847529776e+00 2.027360934805036408e+01
-2.999472968685397589e+00 1.722808757123026879e+01
-2.997915205523265403e+00 1.697786403084947082e+01
-2.996357442361133216e+00 1.720132046438562057e+01
-2.994799679199001474e+00 1.651959985835797085e+01
-2.993241916036869288e+00 1.875517657203463884e+01
-2.991684152874737102e+00 1.984106515129768766e+01
-2.990126389712604915e+00 2.232098840543353546e+01
-2.988568626550472729e+00 1.931330155938058724e+01
-2.987010863388340542e+00 1.427977395990766674e+01
-2.985453100226208356e+00 1.626608471278247592e+01
-2.983895337064076614e+00 1.759436635447510611e+01
-2.982337573901944427e+00 1.675272520244865859e+01
-2.980779810739812241e+00 1.781179663290929938e+01
-2.979222047577680055e+00 1.569186787311844533e+01
-2.977664284415547868e+00 1.380808513498148393e+01
-2.976106521253415682e+00 1.777564608855796280e+01
-2.974548758091283940e+00 2.086333975352706815e+01
-2.972990994929151753e+00 1.945126433055825643e+01
-2.971433231767019567e+00 1.705631648659151267e+01
-2.969875468604887381e+00 1.692715073881591792e+01
-2.968317705442755194e+00 1.597232270677700861e+01
-2.966759942280623008e+00 1.572010809504842754e+01
-2.965202179118490822e+00 1.901134486679880453e+01
-2.963644415956359079e+00 2.022163288904682332e+01
-2.962086652794226893e+00 1.760515973617783558e+01
-2.960528889632094707e+00 1.610111991178326818e+01
-2.958971126469962520e+00 1.615750789953525057e+01
-2.957413363307830334e+00 1.491314300577885454e+01
-2.955855600145698148e+00 1.630716774688893977e+01
-2.954297836983566405e+00 1.890206122051394644e+01
-2.952740073821434219e+00 1.714342630249284127e+01
-2.951182310659302033e+00 1.736263389510622090e+01
-2.949624547497169846e+00 1.810939605025405541e+01
-2.948066784335037660e+00 1.847923099250623835e+01
-2.946509021172905474e+00 1.629141761898814522e+01
-2.944951258010773287e+00 1.576261024475726380e+01
-2.943393494848641545e+00 1.979649064392257429e+01
-2.941835731686509359e+00 2.012760646274524845e+01
-2.940277968524377172e+00 1.884046184970596727e+01
-2.938720205362244986e+00 1.642605148125559111e+01
-2.937162442200112800e+00 1.679339669261742429e+01
-2.935604679037980613e+00 2.116418022409505539e+01
-2.934046915875848427e+00 2.468729544674901888e+01
-2.932489152713716685e+00 2.191082721817183554e+01
-2.930931389551584498e+00 1.677548427111170071e+01
-2.929373626389452312e+00 1.477155821199695396e+01
-2.927815863227320126e+00 1.662194343787570716e+01
-2.926258100065187939e+00 1.749735643932761420e+01
-2.924700336903055753e+00 1.764251790213103988e+01
-2.923142573740923567e+00 1.953724465279228539e+01
-2.921584810578791824e+00 1.990710702906235596e+01
-2.920027047416659638e+00 1.781273484864727408e+01
-2.918469284254527452e+00 1.416471984841911258e+01
-2.916911521092395265e+00 1.716563876038174996e+01
-2.915353757930263079e+00 1.618158939524447604e+01
-2.913795994768130893e+00 1.530773976813413206e+01
-2.912238231605998706e+00 2.208846615346297071e+01
-2.910680468443866964e+00 2.127052564918028565e+01
-2.909122705281734778e+00 1.815425209226376779e+01
-2.907564942119602591e+00 1.563456412721538058e+01
-2.906007178957470405e+00 1.654805468173424998e+01
-2.904449415795338219e+00 1.789628639459247239e+01
-2.902891652633206032e+00 1.451464610702868363e+01
-2.901333889471073846e+00 1.311339107912704982e+01
-2.899776126308942104e+00 1.281425774404333495e+01
-2.898218363146809917e+00 1.403321748872239105e+01
-2.896660599984677731e+00 1.965778839771026298e+01
-2.895102836822545544e+00 2.228373790750577754e+01
-2.893545073660413358e+00 2.321502427741725327e+01
-2.891987310498281616e+00 2.285956901267061170e+01
-2.890429547336149430e+00 1.947328930227408605e+01
-2.888871784174017243e+00 1.845563791686141286e+01
-2.887314021011885057e+00 1.787217268718212893e+01
-2.885756257849752870e+00 1.587217086315963321e+01
-2.884198494687620684e+00 1.594445466404282641e+01
-2.882640731525488498e+00 1.461604631139753607e+01
-2.881082968363356756e+00 1.794663121108582970e+01
-2.879525205201224569e+00 2.153614242229829756e+01
-2.877967442039092383e+00 1.900938501563910066e+01
-2.876409678876960196e+00 1.871841531047616058e+01
-2.874851915714828010e+00 1.827060814671747835e+01
-2.873294152552695824e+00 1.697688546711007973e+01
-2.871736389390563637e+00 1.929213430585726030e+01
-2.870178626228431895e+00 2.107104897883597161e+01
-2.868620863066299709e+00 2.052632771303958492e+01
-2.867063099904167522e+00 2.315895979932608029e+01
-2.865505336742035336e+00 2.058678409713422042e+01
-2.863947573579903150e+00 1.890003112798748219e+01
-2.862389810417770963e+00 1.844870232848219160e+01
-2.860832047255638777e+00 1.574158499096097508e+01
-2.859274284093507035e+00 1.818155441733496858e+01
-2.857716520931374848e+00 1.668014630763532224e+01
-2.856158757769242662e+00 1.536078523129421392e+01
-2.854600994607110476e+00 1.771673018124748111e+01
-2.853043231444978289e+00 1.790709545228454402e+01
-2.851485468282846103e+00 1.695076570399201188e+01
-2.849927705120713917e+00 1.452231389039775422e+01
-2.848369941958582174e+00 1.545085742203851709e+01
-2.846812178796449988e+00 1.902156540826294773e+01
-2.845254415634317802e+00 1.928790303629333636e+01
-2.843696652472185615e+00 2.096127702701480544e+01
-2.842138889310053429e+00 1.806156019702887860e+01
-2.840581126147921243e+00 1.752019363305120336e+01
-2.839023362985789056e+00 2.096619755886804271e+01
-2.837465599823657314e+00 2.201326421602305317e+01
-2.835907836661525128e+00 2.045375699923081569e+01
-2.834350073499392941e+00 1.696231154399276875e+01
-2.832792310337260755e+00 1.666995512517351941e+01
-2.831234547175128569e+00 2.176517771515357325e+01
-2.829676784012996382e+00 2.557869617141693297e+01
-2.828119020850864196e+00 2.208793776411316045e+01
-2.826561257688732454e+00 1.829905853010172123e+01
-2.825003494526600267e+00 1.835668194296754407e+01
-2.823445731364468081e+00 1.777821868627229662e+01
-2.821887968202335895e+00 1.820988532602540744e+01
-2.820330205040203708e+00 1.952724153760086878e+01
-2.818772441878071966e+00 1.804909399233022427e+01
-2.817214678715939780e+00 1.707338218599906909e+01
-2.815656915553807593e+00 1.617606002768709672e+01
-2.814099152391675407e+00 1.701490722495242380e+01
-2.812541389229543221e+00 2.013997382492105359e+01
-2.810983626067411034e+00 1.766226983165601538e+01
-2.809425862905278848e+00 1.567286748421554599e+01
-2.807868099743147106e+00 1.606115805075030778e+01
-2.806310336581014919e+00 1.578731968440689926e+01
-2.804752573418882733e+00 1.783937883450747464e+01
-2.803194810256750547e+00 1.650249607846476252e+01
-2.801637047094618360e+00 1.663373175928868619e+01
-2.800079283932486174e+00 2.050687998323580175e+01
-2.798521520770353987e+00 2.085039057328672385e+01
-2.796963757608222245e+00 2.226325569760172485e+01
-2.795405994446090059e+00 2.040931380231295478e+01
-2.793848231283957873e+00 1.853176353548390054e+01
-2.792290468121825686e+00 2.065587175101983775e+01
-2.790732704959693500e+00 1.670649585706507523e+01
-2.789174941797561313e+00 1.697052109832180022e+01
-2.787617178635429127e+00 2.101010304917207705e+01
-2.786059415473297385e+00 1.935225694484710246e+01
-2.784501652311165198e+00 1.762221389331322641e+01
-2.782943889149033012e+00 1.726856169837300570e+01
-2.781386125986900826e+00 1.637405555086936815e+01
-2.779828362824768639e+00 2.035670891543606587e+01
-2.778270599662636453e+00 2.342248140868863615e+01
-2.776712836500504267e+00 2.437983216521149288e+01
-2.775155073338372524e+00 2.324989777866127838e+01
-2.773597310176240338e+00 1.746584240319511494e+01
-2.772039547014108152e+00 1.561393748316264407e+01
-2.770481783851975965e+00 2.031018618043703228e+01
-2.768924020689843779e+00 2.958440525765058382e+01
-2.767366257527711593e+00 3.007532889287081446e+01
-2.765808494365579406e+00 1.868521078291617599e+01
-2.764250731203447664e+00 1.321699460668474657e+01
-2.762692968041315478e+00 1.896110015341861654e+01
-2.761135204879183291e+00 2.092331118011871993e+01
-2.759577441717051105e+00 1.776868459406302136e+01
-2.758019678554918919e+00 1.958027883984157569e+01
-2.756461915392786732e+00 2.040841887755949458e+01
-2.754904152230654546e+00 2.189666962422658969e+01
-2.753346389068522804e+00 2.420239271583436036e+01
-2.751788625906390617e+00 2.129555624578798501e+01
-2.750230862744258431e+00 1.916799196582424969e+01
-2.748673099582126245e+00 1.754907679158248612e+01
-2.747115336419994058e+00 1.588726784965341210e+01
-2.745557573257862316e+00 1.424686411154921117e+01
-2.743999810095730130e+00 1.605453801419368531e+01
-2.742442046933597943e+00 1.649238997191093503e+01
-2.740884283771465757e+00 1.743930843674899123e+01
-2.739326520609333571e+00 1.976573326868083669e+01
-2.737768757447201384e+00 2.018168578558579185e+01
-2.736210994285069198e+00 2.549695811621526786e+01
-2.734653231122937456e+00 2.670250492063122749e+01
-2.733095467960805269e+00 2.246263846324697155e+01
-2.731537704798673083e+00 1.930749169896471074e+01
-2.729979941636540897e+00 1.946497054112245806e+01
-2.728422178474408710e+00 2.251906419503716705e+01
-2.726864415312276524e+00 2.533269443090193107e+01
-2.725306652150144338e+00 2.214577640266286451e+01
-2.723748888988012595e+00 2.283821998585706581e+01
-2.722191125825880409e+00 2.154751101986322581e+01
-2.720633362663748223e+00 1.751506732931828125e+01
-2.719075599501616036e+00 2.232634290667720833e+01
-2.717517836339483850e+00 2.352513697342981658e+01
-2.715960073177351664e+00 2.084179727119849801e+01
-2.714402310015219477e+00 1.647528429078827727e+01
-2.712844546853087735e+00 1.614931033037995789e+01
-2.711286783690955549e+00 1.606159737371166329e+01
-2.709729020528823362e+00 1.708718166869369171e+01
-2.708171257366691176e+00 1.978090933243426974e+01
-2.706613494204558990e+00 1.734947826187490705e+01
-2.705055731042426803e+00 1.725031027243750614e+01
-2.703497967880294617e+00 1.811351202648349812e+01
-2.701940204718162875e+00 1.793064306998698143e+01
-2.700382441556030688e+00 1.849103401804713442e+01
-2.698824678393898502e+00 2.169355556559937881e+01
-2.697266915231766315e+00 1.877335645323771018e+01
-2.695709152069634129e+00 1.397672697830819644e+01
-2.694151388907501943e+00 1.705029161325981946e+01
-2.692593625745369756e+00 1.884813211298865099e+01
-2.691035862583238014e+00 1.807678978379900769e+01
-2.689478099421105828e+00 1.884752745373030791e+01
-2.687920336258973641e+00 2.135517710041254702e+01
-2.686362573096841455e+00 2.274444626639846589e+01
-2.684804809934709269e+00 2.014180707529717296e+01
-2.683247046772577526e+00 1.790726484933285434e+01
-2.681689283610444896e+00 1.861816735399200340e+01
-2.680131520448313154e+00 1.917001956653818340e+01
-2.678573757286180967e+00 1.943677752067909381e+01
-2.677015994124048781e+00 1.904598777732968173e+01
-2.675458230961916595e+00 1.694135464053649542e+01
-2.673900467799784408e+00 1.675690182199155132e+01
-2.672342704637652666e+00 2.076304330150832556e+01
-2.670784941475520036e+00 2.300357911937231492e+01
-2.669227178313388293e+00 2.126813000649604390e+01
-2.667669415151256107e+00 2.075238461932562828e+01
-2.666111651989123921e+00 2.086689212341422817e+01
-2.664553888826991734e+00 2.051726354026719790e+01
-2.662996125664859548e+00 2.100334291274825915e+01
-2.661438362502727806e+00 2.082641122598166561e+01
-2.659880599340595619e+00 2.027942888983141856e+01
-2.658322836178463433e+00 1.927487593904588437e+01
-2.656765073016331247e+00 1.706595698620915513e+01
-2.655207309854199060e+00 1.776808482430656966e+01
-2.653649546692066874e+00 2.036515945307325737e+01
-2.652091783529934688e+00 2.087669720976719034e+01
-2.650534020367802945e+00 2.058332127888774465e+01
-2.648976257205670759e+00 2.099456474788834726e+01
-2.647418494043538573e+00 1.922439002595385560e+01
-2.645860730881406386e+00 1.952304536713119987e+01
-2.644302967719274200e+00 2.170614433059122561e+01
-2.642745204557142014e+00 2.133722431044274970e+01
-2.641187441395009827e+00 1.773587448895613505e+01
-2.639629678232878085e+00 1.833487879807827170e+01
-2.638071915070745899e+00 2.070569142517222261e+01
-2.636514151908613712e+00 2.133959281534978558e+01
-2.634956388746481526e+00 2.201654787499736443e+01
-2.633398625584349340e+00 2.252701765585393545e+01
-2.631840862422217153e+00 2.373586359929114309e+01
-2.630283099260084967e+00 2.209028041758799077e+01
-2.628725336097953225e+00 2.132443863531780792e+01
-2.627167572935821038e+00 2.215065802199632117e+01
-2.625609809773688852e+00 2.335943750959331666e+01
-2.624052046611556666e+00 2.198087299560488006e+01
-2.622494283449424479e+00 1.670902531542765956e+01
-2.620936520287292293e+00 1.646397995911873480e+01
-2.619378757125160107e+00 2.322484192576220252e+01
-2.617820993963028364e+00 2.170051433054688772e+01
-2.616263230800896178e+00 2.015578743488956448e+01
-2.614705467638763992e+00 2.063072730543137112e+01
-2.613147704476631805e+00 1.623673719537292115e+01
-2.611589941314499619e+00 1.974922370894960366e+01
-2.610032178152367877e+00 2.196264385600304081e+01
-2.608474414990235246e+00 1.999111840686964214e+01
-2.606916651828103504e+00 2.043180074143856118e+01
-2.605358888665971318e+00 2.285106156127699251e+01
-2.603801125503839131e+00 2.384362221179540597e+01
-2.602243362341706945e+00 2.097814938847216837e+01
-2.600685599179574758e+00 2.017414674836112809e+01
-2.599127836017443016e+00 2.136207205267389853e+01
-2.597570072855310386e+00 2.128595376739059120e+01
-2.596012309693178643e+00 2.264588991188956868e+01
-2.594454546531046457e+00 2.466665138826408565e+01
-2.592896783368914271e+00 2.380998729309603235e+01
-2.591339020206782084e+00 2.290258856844431179e+01
-2.589781257044649898e+00 2.065895393146260162e+01
-2.588223493882518156e+00 1.939562284152216165e+01
-2.586665730720385969e+00 2.119210243764080914e+01
-2.585107967558253783e+00 1.912619748026508759e+01
-2.583550204396121597e+00 1.653424680260345170e+01
-2.581992441233989410e+00 1.989508243744251104e+01
-2.580434678071857224e+00 2.380649026660493917e+01
-2.578876914909725038e+00 2.459163514834368769e+01
-2.577319151747593295e+00 2.329127892938155853e+01
-2.575761388585461109e+00 2.075497591516700169e+01
-2.574203625423328923e+00 1.973909554476019323e+01
-2.572645862261196736e+00 1.977714976501711774e+01
-2.571088099099064550e+00 1.908806129225470016e+01
-2.569530335936932364e+00 2.213060696136266969e+01
-2.567972572774800177e+00 2.357588624506152897e+01
-2.566414809612668435e+00 2.120315787167735877e+01
-2.564857046450536249e+00 2.164170115896939706e+01
-2.563299283288404062e+00 2.034136310493899558e+01
-2.561741520126271876e+00 1.716065691075262833e+01
-2.560183756964139690e+00 1.611531327256006918e+01
-2.558625993802007503e+00 1.750978556891192994e+01
-2.557068230639875317e+00 1.759068773016520737e+01
-2.555510467477743575e+00 1.683934366697638652e+01
-2.553952704315611388e+00 1.984437350164358094e+01
-2.552394941153479202e+00 1.941263475506407588e+01
-2.550837177991347016e+00 1.539179888457436718e+01
-2.549279414829214829e+00 1.711399001168597422e+01
-2.547721651667082643e+00 1.595199867860467968e+01
-2.546163888504950457e+00 1.778015647163813995e+01
-2.544606125342818714e+00 2.118037460456677579e+01
-2.543048362180686528e+00 1.954638027781327025e+01
-2.541490599018554342e+00 2.021798065326326110e+01
-2.539932835856422155e+00 1.960777184663078643e+01
-2.538375072694289969e+00 2.018930121685798085e+01
-2.536817309532158227e+00 1.859163154313048594e+01
-2.535259546370025596e+00 1.548208427203706528e+01
-2.533701783207893854e+00 1.563497715460967186e+01
-2.532144020045761668e+00 1.980071447443094002e+01
-2.530586256883629481e+00 2.043347869801022298e+01
-2.529028493721497295e+00 2.141625914969625910e+01
-2.527470730559365109e+00 2.301680676112157897e+01
-2.525912967397233366e+00 1.899910261378269283e+01
-2.524355204235100736e+00 2.019486958156469214e+01
-2.522797441072968994e+00 2.304879838043088114e+01
-2.521239677910836807e+00 2.305249534924176302e+01
-2.519681914748704621e+00 2.037801951575803372e+01
-2.518124151586572435e+00 2.119525510512137600e+01
-2.516566388424440248e+00 2.087618417737490972e+01
-2.515008625262308506e+00 1.960036729585378623e+01
-2.513450862100176320e+00 2.370477769283926506e+01
-2.511893098938044133e+00 2.421043429345265352e+01
-2.510335335775911947e+00 2.223248065632663284e+01
-2.508777572613779761e+00 2.039497590335309241e+01
-2.507219809451647574e+00 1.751344103390943729e+01
-2.505662046289515388e+00 2.106520386928207600e+01
-2.504104283127383646e+00 2.231818981563451842e+01
-2.502546519965251459e+00 1.940334854966826228e+01
-2.500988756803119273e+00 2.089081133562108050e+01
-2.499430993640987086e+00 2.467588099269845614e+01
-2.497873230478854900e+00 2.538158499410808133e+01
-2.496315467316722714e+00 2.505161428517918054e+01
-2.494757704154590527e+00 1.890969555281252212e+01
-2.493199940992458785e+00 1.539184935760373918e+01
-2.491642177830326599e+00 2.121795880593763073e+01
-2.490084414668194412e+00 2.189335333307549192e+01
-2.488526651506062226e+00 1.959228881072120032e+01
-2.486968888343930040e+00 2.145120507825899736e+01
-2.485411125181797853e+00 1.925930294521024067e+01
-2.483853362019665667e+00 1.460724820356530529e+01
-2.482295598857533925e+00 1.393525663922545910e+01
-2.480737835695401738e+00 1.273859878812218582e+01
-2.479180072533269552e+00 1.555331928820794296e+01
-2.477622309371137366e+00 1.916079737619497081e+01
-2.476064546209005179e+00 2.118066431005019368e+01
-2.474506783046872993e+00 2.411229557198214479e+01
-2.472949019884740807e+00 2.073732855491339322e+01
-2.471391256722609064e+00 2.000954889366436973e+01
-2.469833493560476878e+00 1.913230448563809105e+01
-2.468275730398344692e+00 1.680755157380444942e+01
-2.466717967236212505e+00 1.973116087960558218e+01
-2.465160204074080319e+00 2.078802091680887187e+01
-2.463602440911948577e+00 1.929358368046978001e+01
-2.462044677749815946e+00 1.926926750830692114e+01
-2.460486914587684204e+00 1.997523668989196466e+01
-2.458929151425552018e+00 2.080956785142139154e+01
-2.457371388263419831e+00 2.112991871331868410e+01
-2.455813625101287645e+00 2.066268357502679720e+01
-2.454255861939155459e+00 2.039129763635028070e+01
-2.452698098777023716e+00 2.160917860119379341e+01
-2.451140335614891086e+00 2.280971118548185927e+01
-2.449582572452759344e+00 2.174527144390665256e+01
-2.448024809290627157e+00 2.000103216467756440e+01
-2.446467046128494971e+00 1.953972314280249378e+01
-2.444909282966362785e+00 2.101871553445212015e+01
-2.443351519804230598e+00 1.940793773117752252e+01
-2.441793756642098856e+00 1.781321553813231873e+01
-2.440235993479966670e+00 2.089457078121934686e+01
-2.438678230317834483e+00 2.238235800916312002e+01
-2.437120467155702297e+00 1.864362551584636307e+01
-2.435562703993570111e+00 1.905942088788324895e+01
-2.434004940831437924e+00 1.973628018224857428e+01
-2.432447177669305738e+00 1.559672727629268962e+01
-2.430889414507173996e+00 1.668170933463042260e+01
-2.429331651345041809e+00 1.769785313251438907e+01
-2.427773888182909623e+00 2.030640230276033975e+01
-2.426216125020777437e+00 2.306679723328804954e+01
-2.424658361858645250e+00 2.297566554726458321e+01
-2.423100598696513064e+00 2.066654087137344931e+01
-2.421542835534380878e+00 1.767280971638504639e+01
-2.419985072372249135e+00 1.712232003645293332e+01
-2.418427309210116949e+00 2.145879635746327452e+01
-2.416869546047984763e+00 2.572263331172331391e+01
-2.415311782885852576e+00 2.282533667105843023e+01
-2.413754019723720390e+00 2.190589685006323606e+01
-2.412196256561588203e+00 2.368094908904554785e+01
-2.410638493399456017e+00 1.928516032556911597e+01
-2.409080730237324275e+00 1.851387553127308649e+01
-2.407522967075192089e+00 1.985288942532996259e+01
-2.405965203913059902e+00 2.302254958497529813e+01
-2.404407440750927716e+00 2.261157803788929499e+01
-2.402849677588795529e+00 2.127859750098640745e+01
-2.401291914426663343e+00 2.187220521638807114e+01
-2.399734151264531157e+00 2.098343203905977106e+01
-2.398176388102399414e+00 2.227574836306974149e+01
-2.396618624940267228e+00 2.347354784219582413e+01
-2.395060861778135042e+00 2.262415234042024537e+01
-2.393503098616002855e+00 2.210369087630455809e+01
-2.391945335453870669e+00 2.161334931414511473e+01
-2.390387572291738927e+00 2.147159689081967926e+01
-2.388829809129606296e+00 1.781733974373858231e+01
-2.387272045967474554e+00 1.905550566317911532e+01
-2.385714282805342368e+00 1.957973864229360927e+01
-2.384156519643210181e+00 2.062731945794046950e+01
-2.382598756481077995e+00 2.311223572906994406e+01
-2.381040993318945809e+00 2.105839256451275432e+01
-2.379483230156814066e+00 2.393601618253701702e+01
-2.377925466994681436e+00 2.386700582911520385e+01
-2.376367703832549694e+00 2.180383834192950943e+01
-2.374809940670417507e+00 2.784682606588766518e+01
-2.373252177508285321e+00 2.765341390270393873e+01
-2.371694414346153135e+00 2.313087105487083051e+01
-2.370136651184020948e+00 2.073290643983502335e+01
-2.368578888021889206e+00 2.367177056666526269e+01
-2.367021124859757020e+00 2.336296778423039555e+01
-2.365463361697624833e+00 2.124690326563603548e+01
-2.363905598535492647e+00 1.924884825106249053e+01
-2.362347835373360461e+00 2.186941678079415041e+01
-2.360790072211228274e+00 2.587867497315480847e+01
-2.359232309049096088e+00 2.363850904255201257e+01
-2.357674545886964346e+00 2.315556898571448130e+01
-2.356116782724832159e+00 2.343737987259635958e+01
-2.354559019562699973e+00 2.070720060108256178e+01
-2.353001256400567787e+00 2.151506822029643473e+01
-2.351443493238435600e+00 2.103278628137779904e+01
-2.349885730076303414e+00 2.166743532561985930e+01
-2.348327966914171228e+00 2.234625060455947221e+01
-2.346770203752039485e+00 2.395232225813448679e+01
-2.345212440589907299e+00 2.117318760828034030e+01
-2.343654677427775113e+00 2.318144794572488365e+01
-2.342096914265642926e+00 2.494459013458822128e+01
-2.340539151103510740e+00 2.394574724275608091e+01
-2.338981387941378554e+00 2.338986716466891025e+01
-2.337423624779246367e+00 1.600122448233786088e+01
-2.335865861617114625e+00 1.758802653497584600e+01
-2.334308098454982439e+00 2.142904698105186512e+01
-2.332750335292850252e+00 2.003078005662858274e+01
-2.331192572130718066e+00 1.997293558126842328e+01
-2.329634808968585880e+00 2.170931691166859423e+01
-2.328077045806453693e+00 2.085612253033512431e+01
-2.326519282644321507e+00 2.113446602661453966e+01
-2.324961519482189765e+00 2.295788422237361814e+01
-2.323403756320057578e+00 2.178248619856035262e+01
-2.321845993157925392e+00 2.088268899935270895e+01
-2.320288229995793206e+00 2.004630790117591133e+01
-2.318730466833661019e+00 2.085727951690622461e+01
-2.317172703671529277e+00 2.271513326722344317e+01
-2.315614940509396646e+00 2.105021859458305755e+01
-2.314057177347264904e+00 2.317579378845347904e+01
-2.312499414185132718e+00 2.230549140752435022e+01
-2.310941651023000531e+00 2.119385057511556880e+01
-2.309383887860868345e+00 1.917642424548004243e+01
-2.307826124698736159e+00 2.072599987962749424e+01
-2.306268361536604417e+00 2.107613025416388908e+01
-2.304710598374471786e+00 1.924744260553686459e+01
-2.303152835212340044e+00 2.280070774923877508e+01
-2.301595072050207857e+00 2.015081873687436698e+01
-2.300037308888075671e+00 2.083784972423636361e+01
-2.298479545725943485e+00 2.463971468534839104e+01
-2.296921782563811298e+00 2.137050050113378319e+01
-2.295364019401679556e+00 2.426352797968558050e+01
-2.293806256239547370e+00 2.250953628517731886e+01
-2.292248493077415183e+00 2.290639890231721409e+01
-2.290690729915282997e+00 2.180571718760622346e+01
-2.289132966753150811e+00 2.396135303524848581e+01
-2.287575203591018624e+00 2.720667256353498686e+01
-2.286017440428886438e+00 2.499806433239869818e+01
-2.284459677266754696e+00 2.202977471961121836e+01
-2.282901914104622509e+00 2.097936886484222896e+01
-2.281344150942490323e+00 2.318531960411818460e+01
-2.279786387780358137e+00 2.416165584390175169e+01
-2.278228624618225950e+00 2.247707896347776924e+01
-2.276670861456093764e+00 2.637513935273928212e+01
-2.275113098293961578e+00 2.404167904306487813e+01
-2.273555335131829835e+00 2.136785308579616327e+01
-2.271997571969697649e+00 2.192958333253628922e+01
-2.270439808807565463e+00 2.482819242346862509e+01
-2.268882045645433276e+00 2.243931744183721833e+01
-2.267324282483301090e+00 2.006618008418624655e+01
-2.265766519321168904e+00 2.234111807249207615e+01
-2.264208756159036717e+00 2.053591037404786945e+01
-2.262650992996904975e+00 2.070998715915470001e+01
-2.261093229834772789e+00 2.082555773947804312e+01
-2.259535466672640602e+00 1.966661559816309079e+01
-2.257977703510508416e+00 2.211555969169788938e+01
-2.256419940348376230e+00 2.077798897421544666e+01
-2.254862177186244043e+00 1.924165869002654716e+01
-2.253304414024111857e+00 1.988332067022017213e+01
-2.251746650861980115e+00 2.010822296742394499e+01
-2.250188887699847928e+00 1.994309482946506407e+01
-2.248631124537715742e+00 2.241050054316923834e+01
-2.247073361375583556e+00 2.474770186620885326e+01
-2.245515598213451369e+00 2.004411093888490925e+01
-2.243957835051319627e+00 1.774742355690938211e+01
-2.242400071889186997e+00 2.150971647906834860e+01
-2.240842308727055254e+00 2.060018451099582748e+01
-2.239284545564923068e+00 2.221906281130457117e+01
-2.237726782402790882e+00 2.605445286389961979e+01
-2.236169019240658695e+00 2.573865310793760486e+01
-2.234611256078526509e+00 2.560451290399782565e+01
-2.233053492916394767e+00 2.658508791735270904e+01
-2.231495729754262136e+00 2.531735814611942814e+01
-2.229937966592130394e+00 2.192451595392549635e+01
-2.228380203429998208e+00 2.238072182369660013e+01
-2.226822440267866021e+00 2.251462547727570040e+01
-2.225264677105733835e+00 1.933687374386652635e+01
-2.223706913943601648e+00 2.138840692051197578e+01
-2.222149150781469906e+00 2.434189911341092127e+01
-2.220591387619337720e+00 2.230694362007872655e+01
-2.219033624457205534e+00 2.035510922595659622e+01
-2.217475861295073347e+00 2.268783817534411185e+01
-2.215918098132941161e+00 2.377089921776217452e+01
-2.214360334970808974e+00 2.294983473970844656e+01
-2.212802571808676788e+00 2.415049047267381255e+01
-2.211244808646545046e+00 2.411863272667170222e+01
-2.209687045484412860e+00 2.156375710787266087e+01
-2.208129282322280673e+00 2.060189264770397699e+01
-2.206571519160148487e+00 2.047341798291670401e+01
-2.205013755998016300e+00 2.300987916788966459e+01
-2.203455992835884114e+00 2.339902778899932301e+01
-2.201898229673751928e+00 1.958907804777998507e+01
-2.200340466511620185e+00 2.273055716386480540e+01
-2.198782703349487999e+00 2.188587054187901160e+01
-2.197224940187355813e+00 1.926531566401326856e+01
-2.195667177025223626e+00 1.868212394295475320e+01
-2.194109413863091440e+00 1.798224744516479490e+01
-2.192551650700959254e+00 2.032968982397510871e+01
-2.190993887538827067e+00 2.229557015527601394e+01
-2.189436124376695325e+00 2.173303797362978429e+01
-2.187878361214563139e+00 2.422847273395398560e+01
-2.186320598052430952e+00 2.158825481749988384e+01
-2.184762834890298766e+00 1.927126068153997451e+01
-2.183205071728166580e+00 2.252801325666316856e+01
-2.181647308566034837e+00 1.999436401547574249e+01
-2.180089545403902207e+00 2.077362885201388210e+01
-2.178531782241770465e+00 2.425888927979260146e+01
-2.176974019079638278e+00 2.371373874749954425e+01
-2.175416255917506092e+00 1.919627692315626888e+01
-2.173858492755373906e+00 1.968364764698418767e+01
-2.172300729593241719e+00 2.143935371758001551e+01
-2.170742966431109977e+00 2.421189996603434480e+01
-2.169185203268977347e+00 2.933547802412751437e+01
-2.167627440106845604e+00 2.398937646587075179e+01
-2.166069676944713418e+00 1.931897288272743651e+01
-2.164511913782581232e+00 2.197874132965605654e+01
-2.162954150620449045e+00 2.149461826453671520e+01
-2.161396387458316859e+00 2.322572860926027261e+01
-2.159838624296185117e+00 2.345552594902721921e+01
-2.158280861134052486e+00 2.459562104384051295e+01
-2.156723097971920744e+00 2.415663634412452510e+01
-2.155165334809788558e+00 2.163959908534027221e+01
-2.153607571647656371e+00 1.972887039039650503e+01
-2.152049808485524185e+00 1.984016698844472515e+01
-2.150492045323391999e+00 2.326334994682667556e+01
-2.148934282161260256e+00 2.285268688788052316e+01
-2.147376518999127626e+00 1.750878480866425235e+01
-2.145818755836995884e+00 2.021434713787702009e+01
-2.144260992674863697e+00 2.544864433331516196e+01
-2.142703229512731511e+00 2.405009376739889859e+01
-2.141145466350599325e+00 2.172578638102435278e+01
-2.139587703188467138e+00 2.370990123782442893e+01
-2.138029940026335396e+00 2.491981451962762861e+01
-2.136472176864202766e+00 2.266584722487234416e+01
-2.134914413702071023e+00 2.179657049616951880e+01
-2.133356650539938837e+00 2.472588380599080793e+01
-2.131798887377806651e+00 2.338615196553367070e+01
-2.130241124215674908e+00 2.070742305039856390e+01
-2.128683361053542278e+00 2.386524294213916875e+01
-2.127125597891410536e+00 2.573255075163114114e+01
-2.125567834729277905e+00 2.233015598522832335e+01
-2.124010071567146163e+00 2.113312573681101370e+01
-2.122452308405013977e+00 2.218778028256468104e+01
-2.120894545242881790e+00 2.227942398598847262e+01
-2.119336782080750048e+00 2.234569204031244993e+01
-2.117779018918617417e+00 2.289404002000455662e+01
-2.116221255756485675e+00 2.180430252903670052e+01
-2.114663492594353489e+00 2.220616022968302516e+01
-2.113105729432221302e+00 2.242875895811999243e+01
-2.111547966270089116e+00 2.606888926579835797e+01
-2.109990203107956930e+00 2.638675829290052022e+01
-2.108432439945825188e+00 2.344561127478123908e+01
-2.106874676783692557e+00 2.509221789123594704e+01
-2.105316913621560815e+00 2.523745607211527897e+01
-2.103759150459428628e+00 2.588779671882696576e+01
-2.102201387297296442e+00 2.223015103090622446e+01
-2.100643624135164256e+00 2.340555827915185461e+01
-2.099085860973032069e+00 2.500452771747639957e+01
-2.097528097810900327e+00 2.370222225277166217e+01
-2.095970334648767697e+00 2.279874693745124503e+01
-2.094412571486635954e+00 2.357051434282652025e+01
-2.092854808324503768e+00 2.540848550284356122e+01
-2.091297045162371582e+00 2.691866017466202976e+01
-2.089739282000239395e+00 2.481470266461903407e+01
-2.088181518838107209e+00 2.363060406303547722e+01
-2.086623755675975467e+00 2.483988295307886673e+01
-2.085065992513842836e+00 2.654544599587467957e+01
-2.083508229351711094e+00 2.183894655981708866e+01
-2.081950466189578908e+00 1.821362645405818981e+01
-2.080392703027446721e+00 2.148365825233076976e+01
-2.078834939865314535e+00 2.238527753295196376e+01
-2.077277176703182349e+00 2.069812811698830046e+01
-2.075719413541050606e+00 2.242006417844162414e+01
-2.074161650378917976e+00 1.981089522128814551e+01
-2.072603887216786234e+00 1.958827916658890089e+01
-2.071046124054654047e+00 2.703742134040318845e+01
-2.069488360892521861e+00 2.381958860815469237e+01
-2.067930597730389675e+00 2.024237122698457370e+01
-2.066372834568257488e+00 2.097473594491250992e+01
-2.064815071406125746e+00 2.528288124888301525e+01
-2.063257308243993116e+00 2.616356077626700483e+01
-2.061699545081861373e+00 2.659545933478404223e+01
-2.060141781919729187e+00 2.861323286432643442e+01
-2.058584018757597001e+00 2.822598487582943960e+01
-2.057026255595465258e+00 2.290383222546835640e+01
-2.055468492433332628e+00 2.269288399451186322e+01
-2.053910729271200886e+00 2.640538198031166672e+01
-2.052352966109068255e+00 2.351090108459102268e+01
-2.050795202946936513e+00 2.256615561277646620e+01
-2.049237439784804327e+00 2.300824279232442038e+01
-2.047679676622672140e+00 2.603722621900029566e+01
-2.046121913460540398e+00 2.605156139991369102e+01
-2.044564150298407768e+00 2.606650674336545137e+01
-2.043006387136276025e+00 2.412121575305241095e+01
-2.041448623974143839e+00 2.564276644962919249e+01
-2.039890860812011653e+00 2.802880852738614692e+01
-2.038333097649879466e+00 2.628109946801222208e+01
-2.036775334487747280e+00 2.385173757637807768e+01
-2.035217571325615538e+00 2.664337317596483956e+01
-2.033659808163482907e+00 2.313834280029622192e+01
-2.032102045001351165e+00 1.972129780327494331e+01
-2.030544281839218979e+00 3.011251393152281253e+01
-2.028986518677086792e+00 2.864343402001718530e+01
-2.027428755514954606e+00 2.635627914272092553e+01
-2.025870992352822419e+00 2.539470323270746377e+01
-2.024313229190690677e+00 2.414475488387290270e+01
-2.022755466028558047e+00 2.171085490320477263e+01
-2.021197702866426305e+00 2.418737178224165163e+01
-2.019639939704294118e+00 2.583874306590358216e+01
-2.018082176542161932e+00 2.340531793468934652e+01
-2.016524413380029745e+00 2.527892735199313279e+01
-2.014966650217897559e+00 2.329054756064175535e+01
-2.013408887055765817e+00 1.834149424015283003e+01
-2.011851123893633186e+00 2.084954565975235852e+01
-2.010293360731501444e+00 2.506925637284657071e+01
-2.008735597569369258e+00 2.383981111916956763e+01
-2.007177834407237071e+00 2.344647961837223704e+01
-2.005620071245104885e+00 2.752334531415847962e+01
-2.004062308082972699e+00 2.825086082827462874e+01
-2.002504544920840956e+00 2.272082034072413137e+01
-2.000946781758708326e+00 2.142171666645455375e+01
-1.999389018596576584e+00 2.319651540902061626e+01
-1.997831255434444397e+00 2.476471423028023722e+01
-1.996273492272312211e+00 2.790874693833810483e+01
-1.994715729110180025e+00 2.931252381641984783e+01
-1.993157965948048060e+00 2.548100660799389416e+01
-1.991600202785915874e+00 2.432503485136142629e+01
-1.990042439623783688e+00 2.553239836284294384e+01
-1.988484676461651723e+00 2.377033676473598689e+01
-1.986926913299519537e+00 2.204463668475622384e+01
-1.985369150137387351e+00 2.203091677158552031e+01
-1.983811386975255386e+00 2.439923547884894006e+01
-1.982253623813123200e+00 2.453474565477693758e+01
-1.980695860650991014e+00 1.913843188290918462e+01
-1.979138097488858827e+00 2.325448784780816069e+01
-1.977580334326726863e+00 2.665532018135453995e+01
-1.976022571164594677e+00 2.865577949974541383e+01
-1.974464808002462490e+00 2.611693778159082413e+01
-1.972907044840330526e+00 2.532336721414056413e+01
-1.971349281678198340e+00 2.182604535160582060e+01
-1.969791518516066153e+00 2.204181638621714612e+01
-1.968233755353934189e+00 2.541633810452659148e+01
-1.966675992191802003e+00 2.118304839563766606e+01
-1.965118229029669816e+00 2.181177645570594592e+01
-1.963560465867537630e+00 2.264849036145394123e+01
-1.962002702705405666e+00 2.302178918380466754e+01
-1.960444939543273479e+00 2.373356284136087879e+01
-1.958887176381141293e+00 2.499870598232329044e+01
-1.957329413219009329e+00 2.664229338738534025e+01
-1.955771650056877142e+00 2.643050267267334874e+01
-1.954213886894744956e+00 2.654671057555665570e+01
-1.952656123732612770e+00 2.547893852525920622e+01
-1.951098360570480805e+00 2.279760732604276896e+01
-1.949540597408348619e+00 2.775055400792980009e+01
-1.947982834246216433e+00 3.075848951974062828e+01
-1.946425071084084468e+00 2.225759599208783612e+01
-1.944867307921952282e+00 2.206929289919444059e+01
-1.943309544759820096e+00 2.650653787822921004e+01
-1.941751781597688131e+00 2.764806614745693736e+01
-1.940194018435555945e+00 2.666368634401652216e+01
-1.938636255273423759e+00 2.753261072687723043e+01
-1.937078492111291572e+00 2.625652372720918493e+01
-1.935520728949159608e+00 2.566470611778084532e+01
-1.933962965787027422e+00 3.047500992475347914e+01
-1.932405202624895235e+00 2.970629677643112387e+01
-1.930847439462763271e+00 2.539134284066289027e+01
-1.929289676300631085e+00 2.534299834034986176e+01
-1.927731913138498898e+00 2.727472513245717778e+01
-1.926174149976366934e+00 2.753300083603243564e+01
-1.924616386814234748e+00 2.727662021431800099e+01
-1.923058623652102561e+00 2.223959044633579651e+01
-1.921500860489970375e+00 2.207363515915575292e+01
-1.919943097327838410e+00 2.773685335870356639e+01
-1.918385334165706224e+00 2.488283371359023377e+01
-1.916827571003574038e+00 2.656431287010640574e+01
-1.915269807841442073e+00 2.446630998148102876e+01
-1.913712044679309887e+00 2.638644477164399760e+01
-1.912154281517177701e+00 2.776939658871829053e+01
-1.910596518355045736e+00 2.737264175656628495e+01
-1.909038755192913550e+00 2.514976653743700297e+01
-1.907480992030781364e+00 2.329368997595272006e+01
-1.905923228868649177e+00 2.520051692114206787e+01
-1.904365465706517213e+00 2.533948728308343590e+01
-1.902807702544385027e+00 2.091934571855724911e+01
-1.901249939382252840e+00 2.159112737013978389e+01
-1.899692176220120876e+00 2.374228513316607092e+01
-1.898134413057988690e+00 2.070142604836832945e+01
-1.896576649895856503e+00 1.745758449368991094e+01
-1.895018886733724539e+00 2.058477965921726849e+01
-1.893461123571592353e+00 2.485679286705324031e+01
-1.891903360409460166e+00 2.690126785319743163e+01
-1.890345597247327980e+00 2.804837348879802406e+01
-1.888787834085196016e+00 2.301826397294594884e+01
-1.887230070923063829e+00 2.311492447049057120e+01
-1.885672307760931643e+00 2.698077096603957159e+01
-1.884114544598799679e+00 2.369050443459471111e+01
-1.882556781436667492e+00 2.786308996190990683e+01
-1.880999018274535306e+00 2.846525088373825696e+01
-1.879441255112403120e+00 2.495725727126286841e+01
-1.877883491950271155e+00 2.437944608184285755e+01
-1.876325728788138969e+00 2.480865946045651427e+01
-1.874767965626006783e+00 2.289663511121083062e+01
-1.873210202463874818e+00 2.072232961870332346e+01
-1.871652439301742632e+00 2.686641374561601836e+01
-1.870094676139610446e+00 3.155565011789005680e+01
-1.868536912977478481e+00 2.517720004069377993e+01
-1.866979149815346295e+00 2.789471132425358135e+01
-1.865421386653214109e+00 2.747865391274272895e+01
-1.863863623491081922e+00 2.641627232362947453e+01
-1.862305860328949958e+00 2.578002244935858300e+01
-1.860748097166817772e+00 2.638298905686671603e+01
-1.859190334004685585e+00 2.712139040758227182e+01
-1.857632570842553621e+00 2.573469549619455776e+01
-1.856074807680421435e+00 2.337769279161519620e+01
-1.854517044518289248e+00 2.200777876601864591e+01
-1.852959281356157284e+00 2.515191393679049625e+01
-1.851401518194025098e+00 2.779341375699562278e+01
-1.849843755031892911e+00 2.588176834451441266e+01
-1.848285991869760725e+00 2.410738464078850996e+01
-1.846728228707628761e+00 2.764848057039779405e+01
-1.845170465545496574e+00 3.115814337761765884e+01
-1.843612702383364388e+00 2.755241383729354965e+01
-1.842054939221232424e+00 2.637598445125351532e+01
-1.840497176059100237e+00 2.831999764543146725e+01
-1.838939412896968051e+00 2.697826298388298127e+01
-1.837381649734836087e+00 2.804765271591888620e+01
-1.835823886572703900e+00 2.746792444086886675e+01
-1.834266123410571714e+00 2.644875427016986791e+01
-1.832708360248439527e+00 2.826110318083517470e+01
-1.831150597086307563e+00 2.502219329692805871e+01
-1.829592833924175377e+00 2.458049337466591666e+01
-1.828035070762043190e+00 3.375486331863381650e+01
-1.826477307599911226e+00 2.904805619535831340e+01
-1.824919544437779040e+00 2.739511484151818621e+01
-1.823361781275646853e+00 2.709520097710511166e+01
-1.821804018113514889e+00 2.682590044032713195e+01
-1.820246254951382703e+00 2.700265154946434620e+01
-1.818688491789250516e+00 2.536496888354208323e+01
-1.817130728627118330e+00 2.876230759059895448e+01
-1.815572965464986366e+00 3.425119409148548044e+01
-1.814015202302854179e+00 2.823741718665200651e+01
-1.812457439140721993e+00 2.398138836282994646e+01
-1.810899675978590029e+00 2.500908696417661758e+01
-1.809341912816457842e+00 2.780127324135517242e+01
-1.807784149654325656e+00 2.913228612383344185e+01
-1.806226386492193470e+00 3.056779560900108095e+01
-1.804668623330061505e+00 2.873617687588140868e+01
-1.803110860167929319e+00 2.451502229773244323e+01
-1.801553097005797133e+00 2.176865539838525621e+01
-1.799995333843665168e+00 2.267587231851575424e+01
-1.798437570681532982e+00 2.506278138587991577e+01
-1.796879807519400796e+00 2.428685374321579360e+01
-1.795322044357268831e+00 2.618838160231639733e+01
-1.793764281195136645e+00 2.641813195512962054e+01
-1.792206518033004459e+00 2.592663571311201309e+01
-1.790648754870872272e+00 2.447963988311175854e+01
-1.789090991708740308e+00 2.461287878390942296e+01
-1.787533228546608122e+00 2.586017365730203466e+01
-1.785975465384475935e+00 2.576002108852848949e+01
-1.784417702222343971e+00 3.092655572413178078e+01
-1.782859939060211785e+00 2.852141656454190510e+01
-1.781302175898079598e+00 2.584896529468487358e+01
-1.779744412735947634e+00 3.052115825061203580e+01
-1.778186649573815448e+00 2.918426008424630069e+01
-1.776628886411683261e+00 2.366352178921833271e+01
-1.775071123249551075e+00 2.540627036709837228e+01
-1.773513360087419111e+00 2.785160132114150855e+01
-1.771955596925286924e+00 2.823014837893445517e+01
-1.770397833763154738e+00 2.936121083564205492e+01
-1.768840070601022774e+00 2.684530359030559765e+01
-1.767282307438890587e+00 2.894165913714111937e+01
-1.765724544276758401e+00 2.501998716756575192e+01
-1.764166781114626437e+00 2.202763010936903143e+01
-1.762609017952494250e+00 2.321267925602523619e+01
-1.761051254790362064e+00 2.574820161578774957e+01
-1.759493491628229878e+00 2.957129237595440685e+01
-1.757935728466097913e+00 3.031740615568186215e+01
-1.756377965303965727e+00 2.639715147751183366e+01
-1.754820202141833541e+00 2.408939565385972159e+01
-1.753262438979701576e+00 2.474137376020722456e+01
-1.751704675817569390e+00 2.627757004670147722e+01
-1.750146912655437204e+00 2.434804646033579445e+01
-1.748589149493305239e+00 2.455120493453016906e+01
-1.747031386331173053e+00 2.621793708129502321e+01
-1.745473623169040867e+00 2.749103965064220034e+01
-1.743915860006908680e+00 3.099360027596175016e+01
-1.742358096844776716e+00 2.997815670340865069e+01
-1.740800333682644530e+00 2.630108956628186689e+01
-1.739242570520512343e+00 2.613948283380385007e+01
-1.737684807358380379e+00 2.923531720013938440e+01
-1.736127044196248193e+00 2.983740169073044513e+01
-1.734569281034116006e+00 2.890833556981784724e+01
-1.733011517871983820e+00 2.837504728860123748e+01
-1.731453754709851856e+00 2.522960721570959208e+01
-1.729895991547719669e+00 2.812742671574667952e+01
-1.728338228385587483e+00 2.912422741205688226e+01
-1.726780465223455518e+00 3.085595195740214436e+01
-1.725222702061323332e+00 2.648296061301124382e+01
-1.723664938899191146e+00 2.441399146192857827e+01
-1.722107175737059181e+00 2.734228587746729744e+01
-1.720549412574926995e+00 2.573751665045450210e+01
-1.718991649412794809e+00 2.773330507312332216e+01
-1.717433886250662622e+00 2.874265642118446706e+01
-1.715876123088530658e+00 2.654008131753107591e+01
-1.714318359926398472e+00 2.735067673541642819e+01
-1.712760596764266285e+00 2.957654396033260724e+01
-1.711202833602134321e+00 2.765684965949072804e+01
-1.709645070440002135e+00 2.495921316756393793e+01
-1.708087307277869948e+00 2.565894913381366393e+01
-1.706529544115737984e+00 2.739242713709592891e+01
-1.704971780953605798e+00 2.767690806879208054e+01
-1.703414017791473611e+00 2.661549599431186763e+01
-1.701856254629341425e+00 2.707498744177147287e+01
-1.700298491467209461e+00 2.831660283496804809e+01
-1.698740728305077274e+00 2.766554336636270506e+01
-1.697182965142945088e+00 2.815142211299729524e+01
-1.695625201980813124e+00 2.545712239264372911e+01
-1.694067438818680937e+00 2.270037308954638178e+01
-1.692509675656548751e+00 2.731983571622868112e+01
-1.690951912494416787e+00 2.613652068703038722e+01
-1.689394149332284600e+00 2.148407830093470139e+01
-1.687836386170152414e+00 1.922327942746566620e+01
-1.686278623008020228e+00 3.063739499345665251e+01
-1.684720859845888263e+00 3.550282909707110690e+01
-1.683163096683756077e+00 2.170813963685696280e+01
-1.681605333521623891e+00 2.770011831529305724e+01
-1.680047570359491926e+00 2.937744815571782553e+01
-1.678489807197359740e+00 2.604505912691111291e+01
-1.676932044035227554e+00 2.360556132993792389e+01
-1.675374280873095589e+00 2.145914373508635364e+01
-1.673816517710963403e+00 2.294268860120412867e+01
-1.672258754548831217e+00 2.801122248500376699e+01
-1.670700991386699030e+00 3.030650791963780577e+01
-1.669143228224567066e+00 3.344804095560663626e+01
-1.667585465062434880e+00 3.051388542358797551e+01
-1.666027701900302693e+00 2.601818506101116313e+01
-1.664469938738170729e+00 2.691175760401741357e+01
-1.662912175576038543e+00 2.931201012060135724e+01
-1.661354412413906356e+00 2.927319553787292961e+01
-1.659796649251774170e+00 2.576856547277201415e+01
-1.658238886089642206e+00 2.361322992083949046e+01
-1.656681122927510019e+00 2.844946565794329629e+01
-1.655123359765377833e+00 2.687461575858663210e+01
-1.653565596603245869e+00 2.564865836981529412e+01
-1.652007833441113682e+00 2.492224370278165679e+01
-1.650450070278981496e+00 2.631354620312233905e+01
-1.648892307116849532e+00 2.862814656615641340e+01
-1.647334543954717345e+00 2.737169574554619800e+01
-1.645776780792585159e+00 2.476629877549575554e+01
-1.644219017630452973e+00 2.865027028653040020e+01
-1.642661254468321008e+00 3.074761212530439991e+01
-1.641103491306188822e+00 3.005206106731465709e+01
-1.639545728144056636e+00 3.025279126295043142e+01
-1.637987964981924671e+00 2.632246685994933344e+01
-1.636430201819792485e+00 2.326515721315973906e+01
-1.634872438657660298e+00 3.086520187952423910e+01
-1.633314675495528334e+00 3.320268180525305723e+01
-1.631756912333396148e+00 3.116491303104330868e+01
-1.630199149171263961e+00 2.826929936304211921e+01
-1.628641386009131775e+00 1.477448718905696978e+01
-1.627083622846999811e+00 2.002451152994856187e+01
-1.625525859684867624e+00 2.918962354239789292e+01
-1.623968096522735438e+00 2.373521760683178883e+01
-1.622410333360603474e+00 2.558123873783441837e+01
-1.620852570198471287e+00 2.977137466208948524e+01
-1.619294807036339101e+00 2.735051120608216024e+01
-1.617737043874207137e+00 2.789273048350269946e+01
-1.616179280712074950e+00 2.820216662547205644e+01
-1.614621517549942764e+00 2.720658409422820867e+01
-1.613063754387810578e+00 2.946021367909693822e+01
-1.611505991225678613e+00 2.803580737580053395e+01
-1.609948228063546427e+00 2.546865394121011050e+01
-1.608390464901414241e+00 2.846219455110884056e+01
-1.606832701739282276e+00 2.376101291616291533e+01
-1.605274938577150090e+00 2.875588375035064104e+01
-1.603717175415017904e+00 3.015609957605901670e+01
-1.602159412252885939e+00 2.698314729503042031e+01
-1.600601649090753753e+00 2.094508767901883672e+01
-1.599043885928621567e+00 1.991471514077692362e+01
-1.597486122766489380e+00 2.188871662131077045e+01
-1.595928359604357416e+00 2.310700945479538504e+01
-1.594370596442225230e+00 2.637982127419967071e+01
-1.592812833280093043e+00 2.902942258130923747e+01
-1.591255070117961079e+00 2.664641174543131896e+01
-1.589697306955828893e+00 2.615185567133791267e+01
-1.588139543793696706e+00 2.822456454890068756e+01
-1.586581780631564520e+00 2.766942050051433810e+01
-1.585024017469432556e+00 2.911144133583181315e+01
-1.583466254307300369e+00 3.242577926810803035e+01
-1.581908491145168183e+00 3.207840818896305990e+01
-1.580350727983036219e+00 2.516794271571462360e+01
-1.578792964820904032e+00 2.352995498083108927e+01
-1.577235201658771846e+00 2.925103582770089616e+01
-1.575677438496639882e+00 2.906660009933322542e+01
-1.574119675334507695e+00 2.764512052076190685e+01
-1.572561912172375509e+00 2.789536165286766334e+01
-1.571004149010243323e+00 2.624435056425021529e+01
-1.569446385848111358e+00 2.532555219137907443e+01
-1.567888622685979172e+00 2.891050239684200207e+01
-1.566330859523846986e+00 3.063208247980539056e+01
-1.564773096361715021e+00 2.997304299201923072e+01
-1.563215333199582835e+00 2.585151562774548850e+01
-1.561657570037450649e+00 2.307389014803219496e+01
-1.560099806875318684e+00 2.782949680866002495e+01
-1.558542043713186498e+00 2.870720002279896477e+01
-1.556984280551054312e+00 2.666835739508928071e+01
-1.555426517388922125e+00 2.898876904435905999e+01
-1.553868754226790161e+00 2.568753798304285141e+01
-1.552310991064657975e+00 2.218379210963681558e+01
-1.550753227902525788e+00 3.274338158195177328e+01
-1.549195464740393824e+00 3.314436754947250563e+01
-1.547637701578261638e+00 2.932713894451424252e+01
-1.546079938416129451e+00 2.550841898010027720e+01
-1.544522175253997487e+00 2.596013069452677868e+01
-1.542964412091865301e+00 2.984635264196869642e+01
-1.541406648929733114e+00 3.031117691245583856e+01
-1.539848885767600928e+00 2.551672307403642392e+01
-1.538291122605468964e+00 2.315662473562446522e+01
-1.536733359443336777e+00 2.641929976949800718e+01
-1.535175596281204591e+00 2.651525862733584660e+01
-1.533617833119072627e+00 2.426388397149426268e+01
-1.532060069956940440e+00 2.868534589565601678e+01
-1.530502306794808254e+00 2.969404218244061866e+01
-1.528944543632676289e+00 3.012839011144986401e+01
-1.527386780470544103e+00 3.354311115812787847e+01
-1.525829017308411917e+00 3.394559406344405517e+01
-1.524271254146279730e+00 3.098248624138371810e+01
-1.522713490984147766e+00 3.463628203703034103e+01
-1.521155727822015580e+00 3.271501461809639011e+01
-1.519597964659883393e+00 2.878694141613017266e+01
-1.518040201497751429e+00 2.963053601232842027e+01
-1.516482438335619243e+00 2.886696360417962026e+01
-1.514924675173487056e+00 3.217947246604911982e+01
-1.513366912011354870e+00 3.196713656222780031e+01
-1.511809148849222906e+00 2.707508775972130977e+01
-1.510251385687090719e+00 2.662883511963977057e+01
-1.508693622524958533e+00 2.803996687407926558e+01
-1.507135859362826569e+00 2.879001930815669397e+01
-1.505578096200694382e+00 2.644361650859610791e+01
-1.504020333038562196e+00 2.704224262856425298e+01
-1.502462569876430232e+00 2.730105579958188500e+01
-1.500904806714298045e+00 2.687589533607649628e+01
-1.499347043552165859e+00 2.447127081234609136e+01
-1.497789280390033673e+00 2.541352104310233884e+01
-1.496231517227901708e+00 2.630463001091173325e+01
-1.494673754065769522e+00 2.875930210537924481e+01
-1.493115990903637336e+00 3.282322211270005852e+01
-1.491558227741505371e+00 3.071766141898612545e+01
-1.490000464579373185e+00 2.791105709588673278e+01
-1.488442701417240999e+00 2.514702429641817005e+01
-1.486884938255109034e+00 2.536407875950174784e+01
-1.485327175092976848e+00 2.281558193970991155e+01
-1.483769411930844662e+00 2.571116764965692880e+01
-1.482211648768712475e+00 2.875786328598933395e+01
-1.480653885606580511e+00 2.247638439960385526e+01
-1.479096122444448325e+00 2.647120231513034838e+01
-1.477538359282316138e+00 2.660185438834804472e+01
-1.475980596120184174e+00 2.815012743786883220e+01
-1.474422832958051988e+00 2.640256723750704282e+01
-1.472865069795919801e+00 2.351525079814975427e+01
-1.471307306633787837e+00 2.690623052334395382e+01
-1.469749543471655651e+00 2.969824429291546153e+01
-1.468191780309523464e+00 2.866907905749307872e+01
-1.466634017147391278e+00 3.041404082642056395e+01
-1.465076253985259314e+00 2.587695261116435219e+01
-1.463518490823127127e+00 2.933235029938468230e+01
-1.461960727660994941e+00 3.031521264802927718e+01
-1.460402964498862977e+00 2.868968097194989753e+01
-1.458845201336730790e+00 2.841491901151058386e+01
-1.457287438174598604e+00 2.928342432210241597e+01
-1.455729675012466640e+00 2.875807499187839156e+01
-1.454171911850334453e+00 2.919098858803940288e+01
-1.452614148688202267e+00 3.192792902037523461e+01
-1.451056385526070081e+00 3.432137823487940409e+01
-1.449498622363938116e+00 3.130291339042795684e+01
-1.447940859201805930e+00 2.860957370985217807e+01
-1.446383096039673744e+00 3.081295739770861886e+01
-1.444825332877541779e+00 3.321909038737822328e+01
-1.443267569715409593e+00 3.199083075241750151e+01
-1.441709806553277406e+00 3.008214704273707341e+01
-1.440152043391145220e+00 2.803431132114543090e+01
-1.438594280229013256e+00 2.244228004340622817e+01
-1.437036517066881069e+00 2.210056010690340145e+01
-1.435478753904748883e+00 2.424841845733802970e+01
-1.433920990742616919e+00 2.611436952562185709e+01
-1.432363227580484732e+00 2.699994052409557455e+01
-1.430805464418352546e+00 2.652571102103293299e+01
-1.429247701256220582e+00 2.595526366798630136e+01
-1.427689938094088395e+00 2.610627760029430888e+01
-1.426132174931956209e+00 2.960051258922842266e+01
-1.424574411769824023e+00 3.202165615132388155e+01
-1.423016648607692058e+00 2.754102830267466473e+01
-1.421458885445559872e+00 2.242383080703668341e+01
-1.419901122283427686e+00 2.230482535816466338e+01
-1.418343359121295721e+00 2.678238359071915653e+01
-1.416785595959163535e+00 2.976914388854118343e+01
-1.415227832797031349e+00 3.175015499291103893e+01
-1.413670069634899384e+00 3.195670700800671327e+01
-1.412112306472767198e+00 3.329810151585637357e+01
-1.410554543310635012e+00 3.181592845299713090e+01
-1.408996780148502825e+00 2.705614706587003226e+01
-1.407439016986370861e+00 2.522350602468318570e+01
-1.405881253824238675e+00 2.695342202654548913e+01
-1.404323490662106488e+00 3.006050747298753478e+01
-1.402765727499974524e+00 2.926194122522336727e+01
-1.401207964337842338e+00 2.779629560585972925e+01
-1.399650201175710151e+00 3.046450464136631453e+01
-1.398092438013578187e+00 3.314067321678522404e+01
-1.396534674851446001e+00 2.787660110355370691e+01
-1.394976911689313814e+00 2.975746523932989973e+01
-1.393419148527181628e+00 2.997568116564110241e+01
-1.391861385365049664e+00 2.981595605703235918e+01
-1.390303622202917477e+00 3.274413456140502632e+01
-1.388745859040785291e+00 2.824144186446453375e+01
-1.387188095878653327e+00 2.486635156854595152e+01
-1.385630332716521140e+00 2.871576589292867610e+01
-1.384072569554388954e+00 3.128975748466736562e+01
-1.382514806392256990e+00 2.749778436115375158e+01
-1.380957043230124803e+00 2.690315555176595197e+01
-1.379399280067992617e+00 2.679092817785025460e+01
-1.377841516905860431e+00 2.697173933795143697e+01
-1.376283753743728466e+00 2.775403784791890516e+01
-1.374725990581596280e+00 3.016058360147717465e+01
-1.373168227419464094e+00 3.276544704952508624e+01
-1.371610464257332129e+00 3.322321411002000957e+01
-1.370052701095199943e+00 3.220948826339980542e+01
-1.368494937933067757e+00 3.041622158628237926e+01
-1.366937174770935570e+00 2.703264893779911304e+01
-1.365379411608803606e+00 2.874440752211086192e+01
-1.363821648446671420e+00 3.114153466566758865e+01
-1.362263885284539233e+00 2.956630090798797639e+01
-1.360706122122407269e+00 3.159588834178228822e+01
-1.359148358960275083e+00 3.452423409129281850e+01
-1.357590595798142896e+00 3.296373823964597705e+01
-1.356032832636010932e+00 2.663061029202172847e+01
-1.354475069473878746e+00 2.733743603102758968e+01
-1.352917306311746559e+00 3.447872411182610364e+01
-1.351359543149614373e+00 2.690673709121900714e+01
-1.349801779987482409e+00 2.563447672046106618e+01
-1.348244016825350222e+00 2.974589204590735392e+01
-1.346686253663218036e+00 2.573772263896773183e+01
-1.345128490501086072e+00 3.054698654047613715e+01
-1.343570727338953885e+00 3.455420631038688128e+01
-1.342012964176821699e+00 3.311915837808452068e+01
-1.340455201014689735e+00 2.854585734329565128e+01
-1.338897437852557548e+00 2.780619803563301318e+01
-1.337339674690425362e+00 3.073821451806588456e+01
-1.335781911528293175e+00 2.722855961099843825e+01
-1.334224148366161211e+00 2.555197841229190558e+01
-1.332666385204029025e+00 2.900804401361964935e+01
-1.331108622041896838e+00 2.937473257311353336e+01
-1.329550858879764874e+00 3.110891056376275188e+01
-1.327993095717632688e+00 3.104453920308849746e+01
-1.326435332555500501e+00 2.635574525225716158e+01
-1.324877569393368537e+00 2.693157479151080480e+01
-1.323319806231236351e+00 3.036265012824015841e+01
-1.321762043069104164e+00 2.779395489339972514e+01
-1.320204279906971978e+00 2.618722548274183382e+01
-1.318646516744840014e+00 2.479472168034313739e+01
-1.317088753582707827e+00 2.964682578546569758e+01
-1.315530990420575641e+00 2.871357762558087501e+01
-1.313973227258443677e+00 2.801646288566352538e+01
-1.312415464096311490e+00 3.235398775703921359e+01
-1.310857700934179304e+00 3.478806651887430235e+01
-1.309299937772047340e+00 3.331790372547048662e+01
-1.307742174609915153e+00 3.108478471287422806e+01
-1.306184411447782967e+00 2.821046505011237215e+01
-1.304626648285650781e+00 2.833705909107516518e+01
-1.303068885123518816e+00 3.020502779971124241e+01
-1.301511121961386630e+00 2.851288043398317384e+01
-1.299953358799254444e+00 2.823458665735340034e+01
-1.298395595637122479e+00 3.032364824409038206e+01
-1.296837832474990293e+00 3.044996414024828013e+01
-1.295280069312858107e+00 3.096089317884164416e+01
-1.293722306150725920e+00 3.115592281556323329e+01
-1.292164542988593956e+00 3.267464205442840353e+01
-1.290606779826461770e+00 3.347188433234110505e+01
-1.289049016664329583e+00 2.895972003419088026e+01
-1.287491253502197619e+00 2.597199674564536664e+01
-1.285933490340065433e+00 2.513886701636662124e+01
-1.284375727177933246e+00 2.561362017126921842e+01
-1.282817964015801282e+00 2.584293484572536315e+01
-1.281260200853669096e+00 3.031573549320319927e+01
-1.279702437691536909e+00 3.159975649621152272e+01
-1.278144674529404723e+00 2.489549974015009326e+01
-1.276586911367272759e+00 2.381402894764820388e+01
-1.275029148205140572e+00 2.621635133928996808e+01
-1.273471385043008386e+00 2.370262689040643878e+01
-1.271913621880876422e+00 2.729943592237473382e+01
-1.270355858718744235e+00 2.996927187720732988e+01
-1.268798095556612049e+00 3.171236957538003409e+01
-1.267240332394480085e+00 3.540021149626495856e+01
-1.265682569232347898e+00 3.136226115094206079e+01
-1.264124806070215712e+00 2.791781182306835163e+01
-1.262567042908083526e+00 3.311852173871629645e+01
-1.261009279745951561e+00 3.094690342975128772e+01
-1.259451516583819375e+00 2.846094122996940712e+01
-1.257893753421687189e+00 3.424532113387604682e+01
-1.256335990259555224e+00 3.444640106092396792e+01
-1.254778227097423038e+00 3.119987252964914504e+01
-1.253220463935290852e+00 2.891644061806666954e+01
-1.251662700773158887e+00 2.744515696970207230e+01
-1.250104937611026701e+00 2.924991528324286350e+01
-1.248547174448894514e+00 3.313312324751242244e+01
-1.246989411286762328e+00 3.409117226298031511e+01
-1.245431648124630364e+00 2.772508844800280059e+01
-1.243873884962498177e+00 2.373156673936896155e+01
-1.242316121800365991e+00 2.770397065162132932e+01
-1.240758358638234027e+00 2.927786204752533905e+01
-1.239200595476101840e+00 2.968022525229732267e+01
-1.237642832313969654e+00 3.547820855847989208e+01
-1.236085069151837690e+00 3.576182367317513666e+01
-1.234527305989705503e+00 2.983559352617302807e+01
-1.232969542827573317e+00 3.006639459738406117e+01
-1.231411779665441131e+00 3.358484099796934430e+01
-1.229854016503309166e+00 3.164255654479277169e+01
-1.228296253341176980e+00 2.784613622572780400e+01
-1.226738490179044794e+00 2.819754772295004841e+01
-1.225180727016912829e+00 3.398533673949873446e+01
-1.223622963854780643e+00 3.349652808064961107e+01
-1.222065200692648457e+00 3.117403328099396020e+01
-1.220507437530516270e+00 2.985740205745192100e+01
-1.218949674368384306e+00 2.546084818756973789e+01
-1.217391911206252120e+00 3.115759254531658584e+01
-1.215834148044119933e+00 3.029058763699923418e+01
-1.214276384881987969e+00 2.846822569359558130e+01
-1.212718621719855783e+00 3.175308127054396223e+01
-1.211160858557723596e+00 3.421912935010954016e+01
-1.209603095395591632e+00 2.892729149406173406e+01
-1.208045332233459446e+00 2.533140134521752529e+01
-1.206487569071327259e+00 3.077226196427645277e+01
-1.204929805909195073e+00 3.125758660444431314e+01
-1.203372042747063109e+00 2.782878549802790857e+01
-1.201814279584930922e+00 3.389337534570054089e+01
-1.200256516422798736e+00 3.114492118980648883e+01
-1.198698753260666772e+00 2.918425956317152625e+01
-1.197140990098534585e+00 3.286514056030353714e+01
-1.195583226936402399e+00 3.290643602667526579e+01
-1.194025463774270435e+00 2.561810631797360216e+01
-1.192467700612138248e+00 2.319066542308289414e+01
-1.190909937450006062e+00 2.834799467014152796e+01
-1.189352174287873876e+00 3.393018782674169387e+01
-1.187794411125741689e+00 3.312974765670765009e+01
-1.186236647963609947e+00 3.361504909158216492e+01
-1.184678884801477761e+00 3.367887931732263951e+01
-1.183121121639345574e+00 3.106100339500649454e+01
-1.181563358477213388e+00 3.308184241872012166e+01
-1.180005595315081202e+00 3.428216331418795448e+01
-1.178447832152949015e+00 3.571745204605858248e+01
-1.176890068990816829e+00 3.887751476888413293e+01
-1.175332305828685087e+00 3.243874269476955874e+01
-1.173774542666552900e+00 3.371678587256138826e+01
-1.172216779504420714e+00 3.502478169981066003e+01
-1.170659016342288528e+00 3.047024417485418724e+01
-1.169101253180156341e+00 2.725348178353235440e+01
-1.167543490018024155e+00 2.811781185042568154e+01
-1.165985726855891969e+00 3.237917435511136688e+01
-1.164427963693760226e+00 3.202908629882859515e+01
-1.162870200531628040e+00 2.861545494619858943e+01
-1.161312437369495854e+00 3.061339237357550758e+01
-1.159754674207363667e+00 3.133306500246401782e+01
-1.158196911045231481e+00 3.021282209114115958e+01
-1.156639147883099294e+00 3.347849381268284930e+01
-1.155081384720967108e+00 3.100930792166377969e+01
-1.153523621558835366e+00 2.801062690891813745e+01
-1.151965858396703180e+00 2.650063269948403644e+01
-1.150408095234570993e+00 2.718787126962677902e+01
-1.148850332072438807e+00 2.985926895612654874e+01
-1.147292568910306620e+00 2.852697414249019658e+01
-1.145734805748174434e+00 2.823864523859731790e+01
-1.144177042586042692e+00 3.096340667745399955e+01
-1.142619279423910505e+00 3.064328964456015569e+01
-1.141061516261778319e+00 3.260980241123912293e+01
-1.139503753099646133e+00 3.314817024897726583e+01
-1.137945989937513946e+00 3.478093845410398899e+01
-1.136388226775381760e+00 3.371143347946326685e+01
-1.134830463613249574e+00 3.152623237616093377e+01
-1.133272700451117831e+00 3.123911130166154493e+01
-1.131714937288985645e+00 3.041992965692080375e+01
-1.130157174126853459e+00 3.079612543289077209e+01
-1.128599410964721272e+00 3.146871897620284741e+01
-1.127041647802589086e+00 3.453114823494259156e+01
-1.125483884640456900e+00 3.169826743846536132e+01
-1.123926121478324713e+00 2.939424432073214888e+01
-1.122368358316192971e+00 2.783341940492919875e+01
-1.120810595154060785e+00 2.908135501256946753e+01
-1.119252831991928598e+00 3.264623851137338306e+01
-1.117695068829796412e+00 3.107096813609528141e+01
-1.116137305667664226e+00 2.584262110723529204e+01
-1.114579542505532039e+00 3.124762019741694630e+01
-1.113021779343400297e+00 3.083209496463424060e+01
-1.111464016181268111e+00 2.579050330763794463e+01
-1.109906253019135924e+00 2.606631774899848608e+01
-1.108348489857003738e+00 2.954060203851741306e+01
-1.106790726694871552e+00 2.952616532923380888e+01
-1.105232963532739365e+00 2.868363169518912414e+01
-1.103675200370607179e+00 3.421102222479780863e+01
-1.102117437208475437e+00 3.638897596373434595e+01
-1.100559674046343250e+00 3.165329532381599620e+01
-1.099001910884211064e+00 3.310458989873010438e+01
-1.097444147722078878e+00 3.381716870058836122e+01
-1.095886384559946691e+00 3.443930351403861323e+01
-1.094328621397814505e+00 3.401857332117238286e+01
-1.092770858235682319e+00 3.109057268440128396e+01
-1.091213095073550576e+00 2.938257141799670791e+01
-1.089655331911418390e+00 3.141486010466871193e+01
-1.088097568749286204e+00 3.771369169910911268e+01
-1.086539805587154017e+00 3.868356182191510584e+01
-1.084982042425021831e+00 3.024568929358222391e+01
-1.083424279262889645e+00 3.469918449720191944e+01
-1.081866516100757458e+00 3.344046819876790977e+01
-1.080308752938625716e+00 3.460708527012560154e+01
-1.078750989776493530e+00 3.286881981723085744e+01
-1.077193226614361343e+00 3.556319871506099162e+01
-1.075635463452229157e+00 3.523193052016706872e+01
-1.074077700290096971e+00 3.231851597669962217e+01
-1.072519937127964784e+00 3.011034123038648858e+01
-1.070962173965833042e+00 2.983005252702172072e+01
-1.069404410803700856e+00 3.203217191608356984e+01
-1.067846647641568669e+00 2.985787446001270951e+01
-1.066288884479436483e+00 3.059694850629761120e+01
-1.064731121317304297e+00 3.151131140655417084e+01
-1.063173358155172110e+00 3.246089071388716008e+01
-1.061615594993039924e+00 3.293452202393834227e+01
-1.060057831830908182e+00 3.089657774126793655e+01
-1.058500068668775995e+00 2.951367109176942805e+01
-1.056942305506643809e+00 3.407644653054583728e+01
-1.055384542344511623e+00 3.508182917213365215e+01
-1.053826779182379436e+00 3.582878580009864322e+01
-1.052269016020247250e+00 3.195061615639655273e+01
-1.050711252858115063e+00 3.390223574637709447e+01
-1.049153489695983321e+00 3.415979192090888006e+01
-1.047595726533851135e+00 3.194490189820482584e+01
-1.046037963371718948e+00 3.228157080161574299e+01
-1.044480200209586762e+00 3.607929381441831396e+01
-1.042922437047454576e+00 3.827971613664219319e+01
-1.041364673885322389e+00 3.577221812088996700e+01
-1.039806910723190647e+00 3.341844954776510690e+01
-1.038249147561058461e+00 3.167182568723818292e+01
-1.036691384398926274e+00 2.866501974129686303e+01
-1.035133621236794088e+00 3.320146131307605941e+01
-1.033575858074661902e+00 3.099616474825464252e+01
-1.032018094912529715e+00 3.002749916687533727e+01
-1.030460331750397529e+00 3.392542788786484209e+01
-1.028902568588265787e+00 3.629506809152159974e+01
-1.027344805426133600e+00 3.349206058763481764e+01
-1.025787042264001414e+00 3.062515913431934322e+01
-1.024229279101869228e+00 3.274178568180136750e+01
-1.022671515939737041e+00 3.907026366197958822e+01
-1.021113752777604855e+00 3.982746807242726561e+01
-1.019555989615472669e+00 3.311565207189404703e+01
-1.017998226453340926e+00 2.968783826192899156e+01
-1.016440463291208740e+00 2.943169474944712505e+01
-1.014882700129076554e+00 2.588170712191031342e+01
-1.013324936966944367e+00 2.444717149866573891e+01
-1.011767173804812181e+00 2.873885859668017773e+01
-1.010209410642679995e+00 3.011260175351309343e+01
-1.008651647480547808e+00 3.373548907878198122e+01
-1.007093884318416066e+00 3.643465556379982218e+01
-1.005536121156283880e+00 2.766742304203978620e+01
-1.003978357994151693e+00 3.082446225108324356e+01
-1.002420594832019507e+00 3.850769500758572406e+01
-1.000862831669887321e+00 3.955728003529004866e+01
-9.993050685077551343e-01 3.635169795436863183e+01
-9.977473053456233920e-01 3.306169057681800183e+01
-9.961895421834912057e-01 3.173625936689212423e+01
-9.946317790213590193e-01 3.258948345477391939e+01
-9.930740158592268330e-01 3.556735150919427468e+01
-9.915162526970946466e-01 3.439856164747620682e+01
-9.899584895349624603e-01 3.358836645410391242e+01
-9.884007263728302739e-01 4.132424095560998722e+01
-9.868429632106985316e-01 3.361233307515345103e+01
-9.852852000485663453e-01 3.154814066166038344e+01
-9.837274368864341589e-01 3.255749075407410942e+01
-9.821696737243019726e-01 3.379948007968251034e+01
-9.806119105621697862e-01 3.424279272062701551e+01
-9.790541474000375999e-01 3.353609538814824731e+01
-9.774963842379054135e-01 3.325666422889290885e+01
-9.759386210757736713e-01 3.283357990782675273e+01
-9.743808579136414849e-01 3.170419788343247447e+01
-9.728230947515092986e-01 3.705250780180800518e+01
-9.712653315893771122e-01 3.576186852068908451e+01
-9.697075684272449259e-01 3.169554022880491928e+01
-9.681498052651127395e-01 2.890603158398242911e+01
-9.665920421029809972e-01 2.973858561827432823e+01
-9.650342789408488109e-01 3.624594671925488854e+01
-9.634765157787166245e-01 3.871601853036415974e+01
-9.619187526165844382e-01 3.668496368212787218e+01
-9.603609894544522518e-01 3.533261181392954597e+01
-9.588032262923200655e-01 3.425990549383643469e+01
-9.572454631301878791e-01 3.698142992855120781e+01
-9.556876999680561369e-01 3.355223851386536182e+01
-9.541299368059239505e-01 3.466302643118120130e+01
-9.525721736437917642e-01 3.284127093474652526e+01
-9.510144104816595778e-01 3.679863997461806235e+01
-9.494566473195273915e-01 3.511432323537299283e+01
-9.478988841573952051e-01 3.129815618393140042e+01
-9.463411209952630188e-01 3.094074812951295783e+01
-9.447833578331312765e-01 3.118144580679856404e+01
-9.432255946709990901e-01 3.092626941194948387e+01
-9.416678315088669038e-01 3.536214574769650909e+01
-9.401100683467347174e-01 3.751663657813286790e+01
-9.385523051846025311e-01 3.583036644727217634e+01
-9.369945420224703447e-01 3.752482625497468405e+01
-9.354367788603381584e-01 3.637455415608786780e+01
-9.338790156982064161e-01 3.897929968543181189e+01
-9.323212525360742298e-01 3.766401639424310588e+01
-9.307634893739420434e-01 3.292156100347914816e+01
-9.292057262118098571e-01 3.330495368942060708e+01
-9.276479630496776707e-01 3.495465465057012011e+01
-9.260901998875454844e-01 3.948343670588273824e+01
-9.245324367254137421e-01 3.648816233349998583e+01
-9.229746735632815557e-01 3.440300028843663682e+01
-9.214169104011493694e-01 3.342573990294882691e+01
-9.198591472390171830e-01 3.651173982919893035e+01
-9.183013840768849967e-01 3.764078273622953930e+01
-9.167436209147528103e-01 3.864176659508257217e+01
-9.151858577526206240e-01 3.875301422879851287e+01
-9.136280945904888817e-01 3.640773194082824915e+01
-9.120703314283566954e-01 3.951896011310472545e+01
-9.105125682662245090e-01 3.552097407248923844e+01
-9.089548051040923227e-01 3.716606841845769083e+01
-9.073970419419601363e-01 3.612971628222096854e+01
-9.058392787798279500e-01 4.016770513681529309e+01
-9.042815156176957636e-01 3.587638560653531528e+01
-9.027237524555640213e-01 3.404621382230362769e+01
-9.011659892934318350e-01 3.448498626430669134e+01
-8.996082261312996486e-01 3.512347194765056457e+01
-8.980504629691674623e-01 4.438106803791535526e+01
-8.964926998070352759e-01 4.597501630016416385e+01
-8.949349366449030896e-01 3.551874163710409960e+01
-8.933771734827713473e-01 3.781659741877519565e+01
-8.918194103206391610e-01 3.429741275399318567e+01
-8.902616471585069746e-01 3.596903281420902232e+01
-8.887038839963747883e-01 3.393682134314858700e+01
-8.871461208342426019e-01 3.152731858056721137e+01
-8.855883576721104156e-01 3.464445714472451243e+01
-8.840305945099782292e-01 3.624433849372835681e+01
-8.824728313478464869e-01 3.259161483671532267e+01
-8.809150681857143006e-01 3.713158570334470454e+01
-8.793573050235821142e-01 4.327519041018738477e+01
-8.777995418614499279e-01 4.403033040426966238e+01
-8.762417786993177415e-01 3.951968035517625566e+01
-8.746840155371855552e-01 3.689043968099597492e+01
-8.731262523750533688e-01 4.029809758416313770e+01
-8.715684892129216266e-01 3.764731133460945500e+01
-8.700107260507894402e-01 3.220877523963213918e+01
-8.684529628886572539e-01 3.421421654492789344e+01
-8.668951997265250675e-01 3.547473615101665700e+01
-8.653374365643928812e-01 4.185853332715138464e+01
-8.637796734022606948e-01 3.911190881045259715e+01
-8.622219102401285085e-01 3.861171340532951746e+01
-8.606641470779967662e-01 3.582587939928339438e+01
-8.591063839158645798e-01 3.289114655185034053e+01
-8.575486207537323935e-01 3.509620451510321004e+01
-8.559908575916002071e-01 3.726178110137936983e+01
-8.544330944294680208e-01 3.690062743552320512e+01
-8.528753312673358344e-01 3.905877179309011638e+01
-8.513175681052040922e-01 4.215558742377928780e+01
-8.497598049430719058e-01 4.082938986275249960e+01
-8.482020417809397195e-01 4.008278252278618936e+01
-8.466442786188075331e-01 3.755099258298506015e+01
-8.450865154566753468e-01 4.121187206829533523e+01
-8.435287522945431604e-01 3.948861755997354095e+01
-8.419709891324109741e-01 4.230802635531152589e+01
-8.404132259702792318e-01 4.502448857559819118e+01
-8.388554628081470455e-01 4.174484858417418565e+01
-8.372976996460148591e-01 3.793133619217131525e+01
-8.357399364838826727e-01 3.346744929366229826e+01
-8.341821733217504864e-01 3.611507495805759049e+01
-8.326244101596183000e-01 3.668271656147507542e+01
-8.310666469974861137e-01 3.851593967535954022e+01
-8.295088838353543714e-01 4.068052024930851474e+01
-8.279511206732221851e-01 3.827778207694164792e+01
-8.263933575110899987e-01 3.809210552086693724e+01
-8.248355943489578124e-01 3.893308433006010461e+01
-8.232778311868256260e-01 3.523386426802271387e+01
-8.217200680246934397e-01 3.210114629640091266e+01
-8.201623048625616974e-01 3.559362724893331631e+01
-8.186045417004295111e-01 4.025311094520228750e+01
-8.170467785382973247e-01 4.152128931336991258e+01
-8.154890153761651383e-01 4.248230133064934222e+01
-8.139312522140329520e-01 3.972423172414428905e+01
-8.123734890519007656e-01 4.092452271718356371e+01
-8.108157258897685793e-01 4.288143716737540245e+01
-8.092579627276368370e-01 3.871006595672550077e+01
-8.077001995655046507e-01 3.936141971749638913e+01
-8.061424364033724643e-01 4.783806026608653639e+01
-8.045846732412402780e-01 4.394811092737540292e+01
-8.030269100791080916e-01 3.840368231839866553e+01
-8.014691469169759053e-01 4.077203270740842811e+01
-7.999113837548437189e-01 5.094620406919130318e+01
-7.983536205927119767e-01 4.793263014055976612e+01
-7.967958574305797903e-01 4.894548873740445316e+01
-7.952380942684476040e-01 4.735882827825871288e+01
-7.936803311063154176e-01 4.297898370291590453e+01
-7.921225679441832312e-01 4.069850748476587654e+01
-7.905648047820510449e-01 3.990447310868313480e+01
-7.890070416199188585e-01 4.000919954382180777e+01
-7.874492784577871163e-01 4.647197041624853853e+01
-7.858915152956549299e-01 4.550821273248846666e+01
-7.843337521335227436e-01 4.520174599831765505e+01
-7.827759889713905572e-01 4.951108691127358696e+01
-7.812182258092583709e-01 4.588219804350143249e+01
-7.796604626471261845e-01 4.215038025030548852e+01
-7.781026994849944423e-01 4.094966902888779714e+01
-7.765449363228622559e-01 4.330981720584846784e+01
-7.749871731607300696e-01 4.720102116507164425e+01
-7.734294099985978832e-01 4.615719285276771444e+01
-7.718716468364656969e-01 4.296777841255634200e+01
-7.703138836743335105e-01 4.931390401831630044e+01
-7.687561205122013241e-01 4.345475743890349207e+01
-7.671983573500695819e-01 3.951394222777023657e+01
-7.656405941879373955e-01 3.742972903134953810e+01
-7.640828310258052092e-01 4.004764882790025382e+01
-7.625250678636730228e-01 4.403059042973794135e+01
-7.609673047015408365e-01 4.700611823558169533e+01
-7.594095415394086501e-01 4.720616888663819566e+01
-7.578517783772764638e-01 4.674725556782621538e+01
-7.562940152151447215e-01 4.356081648811828444e+01
-7.547362520530125352e-01 3.903324922073252168e+01
-7.531784888908803488e-01 4.878005441204187065e+01
-7.516207257287481625e-01 4.237208996785808779e+01
-7.500629625666159761e-01 4.543142161646269983e+01
-7.485051994044837897e-01 4.441348834294117154e+01
-7.469474362423520475e-01 4.710096316118643500e+01
-7.453896730802198611e-01 4.647542444418849783e+01
-7.438319099180876748e-01 4.610439950290865596e+01
-7.422741467559554884e-01 5.181786500847476873e+01
-7.407163835938233021e-01 5.486439985644136641e+01
-7.391586204316911157e-01 4.999563994956429980e+01
-7.376008572695589294e-01 4.841040651655131200e+01
-7.360430941074271871e-01 4.609877790158423494e+01
-7.344853309452950008e-01 4.534063082357231877e+01
-7.329275677831628144e-01 4.733251056944514801e+01
-7.313698046210306281e-01 4.554339195725112432e+01
-7.298120414588984417e-01 4.477124352249489903e+01
-7.282542782967662554e-01 4.629512146099006742e+01
-7.266965151346340690e-01 4.986313733671717330e+01
-7.251387519725023267e-01 5.279027280851843074e+01
-7.235809888103701404e-01 5.529587404272444218e+01
-7.220232256482379540e-01 5.558636711280700382e+01
-7.204654624861057677e-01 4.889077991350162478e+01
-7.189076993239735813e-01 4.882316027091007982e+01
-7.173499361618413950e-01 5.025868156015306454e+01
-7.157921729997092086e-01 5.021337096150937640e+01
-7.142344098375774664e-01 4.690873272176525433e+01
-7.126766466754452800e-01 4.884743205273557010e+01
-7.111188835133130937e-01 5.049910643368229302e+01
-7.095611203511809073e-01 5.139683453605393026e+01
-7.080033571890487210e-01 5.412488459311356337e+01
-7.064455940269165346e-01 4.875935572623627223e+01
-7.048878308647847923e-01 4.923730125645203515e+01
-7.033300677026526060e-01 5.495183020864073598e+01
-7.017723045405204196e-01 6.528198681004583648e+01
-7.002145413783882333e-01 5.721358017898945292e+01
-6.986567782162560469e-01 5.457015989611083029e+01
-6.970990150541238606e-01 5.412505563237478157e+01
-6.955412518919916742e-01 5.679943351390846829e+01
-6.939834887298599320e-01 5.651558692115673210e+01
-6.924257255677277456e-01 4.987848949820079270e+01
-6.908679624055955593e-01 4.712692781889187899e+01
-6.893101992434633729e-01 5.135672951323825686e+01
-6.877524360813311866e-01 5.219922877173490150e+01
-6.861946729191990002e-01 5.009139121272769302e+01
-6.846369097570668139e-01 4.846947740847126340e+01
-6.830791465949350716e-01 5.078955440036017421e+01
-6.815213834328028852e-01 5.811515553656817445e+01
-6.799636202706706989e-01 6.129281161931336896e+01
-6.784058571085385125e-01 5.801953282850011817e+01
-6.768480939464063262e-01 5.419256002884132073e+01
-6.752903307842741398e-01 5.437102894282469379e+01
-6.737325676221423976e-01 5.311469674906145855e+01
-6.721748044600102112e-01 5.122792366305791489e+01
-6.706170412978780249e-01 5.472361902480758289e+01
-6.690592781357458385e-01 5.202059710107739932e+01
-6.675015149736136522e-01 5.522426259861948239e+01
-6.659437518114814658e-01 5.623324958195828316e+01
-6.643859886493492795e-01 5.525835187127495374e+01
-6.628282254872175372e-01 5.632505757762734078e+01
-6.612704623250853508e-01 5.777281617272160474e+01
-6.597126991629531645e-01 5.470050374953643058e+01
-6.581549360008209781e-01 5.426310139453553205e+01
-6.565971728386887918e-01 6.022513497150931983e+01
-6.550394096765566054e-01 6.146946884975558589e+01
-6.534816465144244191e-01 6.200279510454988952e+01
-6.519238833522926768e-01 6.139457583940600927e+01
-6.503661201901604905e-01 5.863490107351875480e+01
-6.488083570280283041e-01 5.789249589658918893e+01
-6.472505938658961178e-01 5.588637592451788549e+01
-6.456928307037639314e-01 5.455206718562302370e+01
-6.441350675416317451e-01 6.147776793271255258e+01
-6.425773043794995587e-01 6.457577457175203506e+01
-6.410195412173678164e-01 5.704062119913589157e+01
-6.394617780552356301e-01 5.964073687598590112e+01
-6.379040148931034437e-01 5.985273833467545046e+01
-6.363462517309712574e-01 6.292826405842166793e+01
-6.347884885688390710e-01 6.279587516206038345e+01
-6.332307254067068847e-01 5.798828318670006610e+01
-6.316729622445751424e-01 5.747781426163790996e+01
-6.301151990824429561e-01 6.120619505206946087e+01
-6.285574359203107697e-01 6.272783025699300907e+01
-6.269996727581785834e-01 6.558155600895712212e+01
-6.254419095960463970e-01 6.900746328449662315e+01
-6.238841464339142107e-01 6.421704371516030108e+01
-6.223263832717820243e-01 6.529518770271918982e+01
-6.207686201096502820e-01 5.934147180033258451e+01
-6.192108569475180957e-01 6.443271867048269996e+01
-6.176530937853859093e-01 6.319840412110593775e+01
-6.160953306232537230e-01 6.195395206360557694e+01
-6.145375674611215366e-01 6.070162423819204633e+01
-6.129798042989893503e-01 5.796438432915849859e+01
-6.114220411368571639e-01 5.880760924528635769e+01
-6.098642779747254217e-01 6.244155245391800690e+01
-6.083065148125932353e-01 6.109269563994598684e+01
-6.067487516504610490e-01 5.997809222241195215e+01
-6.051909884883288626e-01 5.984384961616012077e+01
-6.036332253261966763e-01 6.171389002949586455e+01
-6.020754621640644899e-01 6.567435120356661571e+01
-6.005176990019327476e-01 7.338987577740738288e+01
-5.989599358398005613e-01 7.545141856161403382e+01
-5.974021726776683749e-01 7.212499642468493732e+01
-5.958444095155361886e-01 7.134187079296356160e+01
-5.942866463534040022e-01 7.464978787507342872e+01
-5.927288831912718159e-01 7.655573068840551798e+01
-5.911711200291396295e-01 7.791098238583252567e+01
-5.896133568670078873e-01 8.439233591930972977e+01
-5.880555937048757009e-01 7.755068958192443063e+01
-5.864978305427435146e-01 7.492785272050176104e+01
-5.849400673806113282e-01 7.984866519680232955e+01
-5.833823042184791419e-01 8.000943873009144625e+01
-5.818245410563469555e-01 7.819289456061679289e+01
-5.802667778942147692e-01 7.775692555807286510e+01
-5.787090147320830269e-01 7.673466124399195110e+01
-5.771512515699508405e-01 7.806076962752257486e+01
-5.755934884078186542e-01 7.777030563260770180e+01
-5.740357252456864678e-01 7.203193508608889317e+01
-5.724779620835542815e-01 7.679479677006138161e+01
-5.709201989214220951e-01 7.770507298919983441e+01
-5.693624357592899088e-01 7.449927707212889061e+01
-5.678046725971581665e-01 7.752567564711006298e+01
-5.662469094350259802e-01 8.262232747456363313e+01
-5.646891462728937938e-01 8.320853611219474999e+01
-5.631313831107616075e-01 8.155029675085847884e+01
-5.615736199486294211e-01 8.841275188046958533e+01
-5.600158567864972348e-01 8.621981861717682705e+01
-5.584580936243654925e-01 8.176824270177424125e+01
-5.569003304622333062e-01 9.581707858985643611e+01
-5.553425673001011198e-01 8.494487757898546931e+01
-5.537848041379689334e-01 9.199367742705460671e+01
-5.522270409758367471e-01 8.678941312546558606e+01
-5.506692778137045607e-01 9.061517025130568470e+01
-5.491115146515723744e-01 9.721924718176671831e+01
-5.475537514894406321e-01 9.424793191276744153e+01
-5.459959883273084458e-01 9.078056841546668920e+01
-5.444382251651762594e-01 9.231696004958990898e+01
-5.428804620030440731e-01 8.971033410712647083e+01
-5.413226988409118867e-01 9.361727646503855738e+01
-5.397649356787797004e-01 9.559768969681006467e+01
-5.382071725166475140e-01 9.643909897670312148e+01
-5.366494093545157718e-01 9.179558356521528140e+01
-5.350916461923835854e-01 8.829427590879363663e+01
-5.335338830302513990e-01 8.937153119601882167e+01
-5.319761198681192127e-01 9.416022921147190061e+01
-5.304183567059870263e-01 9.996991289796599744e+01
-5.288605935438548400e-01 1.029863661788507017e+02
-5.273028303817230977e-01 9.502875988150468345e+01
-5.257450672195909114e-01 9.614896084391268971e+01
-5.241873040574587250e-01 1.063517619929559999e+02
-5.226295408953265387e-01 1.044245413923775345e+02
-5.210717777331943523e-01 1.055696571500604648e+02
-5.195140145710621660e-01 1.017282777930363977e+02
-5.179562514089299796e-01 9.904526309991341293e+01
-5.163984882467982374e-01 9.817221867803077373e+01
-5.148407250846660510e-01 1.014243288731326800e+02
-5.132829619225338647e-01 1.125131952766301424e+02
-5.117251987604016783e-01 1.098428662855880731e+02
-5.101674355982694919e-01 1.036619826462577691e+02
-5.086096724361373056e-01 1.139134408110909078e+02
-5.070519092740051192e-01 1.052570617520930512e+02
-5.054941461118733770e-01 1.057879281082345955e+02
-5.039363829497411906e-01 1.104131106706645937e+02
-5.023786197876090043e-01 1.114378525193445597e+02
-5.008208566254768179e-01 1.102519045618953299e+02
-4.992630934633446316e-01 1.086849631390918915e+02
-4.977053303012124452e-01 1.034591473337102343e+02
-4.961475671390802589e-01 1.028057334704598276e+02
-4.945898039769485166e-01 1.127066168309389695e+02
-4.930320408148163303e-01 1.197811903929834614e+02
-4.914742776526841439e-01 1.191363292498531621e+02
-4.899165144905519576e-01 1.108648396849886950e+02
-4.883587513284197712e-01 1.084246988513545631e+02
-4.868009881662875848e-01 1.081271413644130632e+02
-4.852432250041558426e-01 1.112789835114664356e+02
-4.836854618420236562e-01 1.177914549180632235e+02
-4.821276986798914699e-01 1.201973016774515344e+02
-4.805699355177592835e-01 1.168780749939846970e+02
-4.790121723556270972e-01 1.196800619571988022e+02
-4.774544091934949108e-01 1.288160074355200777e+02
-4.758966460313627245e-01 1.149322495893230069e+02
-4.743388828692309822e-01 1.132093579531645702e+02
-4.727811197070987959e-01 1.191765981193375268e+02
-4.712233565449666095e-01 1.216349690871934683e+02
-4.696655933828344232e-01 1.142433124093997492e+02
-4.681078302207022368e-01 1.118832751130030374e+02
-4.665500670585700504e-01 1.157302066144614230e+02
-4.649923038964378641e-01 1.229760269386292606e+02
-4.634345407343061218e-01 1.297303301589653586e+02
-4.618767775721739355e-01 1.279617095432745231e+02
-4.603190144100417491e-01 1.337627516463159338e+02
-4.587612512479095628e-01 1.281082246042238921e+02
-4.572034880857773764e-01 1.295872865294931557e+02
-4.556457249236451901e-01 1.387900471172324046e+02
-4.540879617615134478e-01 1.474775710872821719e+02
-4.525301985993812615e-01 1.457058393445142599e+02
-4.509724354372490751e-01 1.455646073930857654e+02
-4.494146722751168888e-01 1.495321906944107582e+02
-4.478569091129847024e-01 1.459322209300369479e+02
-4.462991459508525161e-01 1.361056465953802785e+02
-4.447413827887203297e-01 1.415552328479338655e+02
-4.431836196265885874e-01 1.530422643347455960e+02
-4.416258564644564011e-01 1.530966888743314485e+02
-4.400680933023242147e-01 1.539884202213931133e+02
-4.385103301401920284e-01 1.559894683399981545e+02
-4.369525669780598420e-01 1.597481580198886491e+02
-4.353948038159276557e-01 1.611840627819917131e+02
-4.338370406537954693e-01 1.581195232667199662e+02
-4.322792774916637271e-01 1.600657761808909072e+02
-4.307215143295315407e-01 1.708893551559425816e+02
-4.291637511673993544e-01 1.789872459797220188e+02
-4.276059880052671680e-01 1.845023130330947083e+02
-4.260482248431349817e-01 1.815267512304023683e+02
-4.244904616810027953e-01 1.813727881393472501e+02
-4.229326985188706090e-01 1.933403904279169581e+02
-4.213749353567388667e-01 1.978353217240044444e+02
-4.198171721946066803e-01 1.995637883313920327e+02
-4.182594090324744940e-01 2.089914028959265409e+02
-4.167016458703423076e-01 2.199777185244355735e+02
-4.151438827082101213e-01 2.177085816574709440e+02
-4.135861195460779349e-01 2.083805791722904246e+02
-4.120283563839461927e-01 2.187332014285691173e+02
-4.104705932218140063e-01 2.445124621420824269e+02
-4.089128300596818200e-01 2.379730244700637627e+02
-4.073550668975496336e-01 2.337152648539178585e+02
-4.057973037354174473e-01 2.311696469548731159e+02
-4.042395405732852609e-01 2.411244446290264136e+02
-4.026817774111530746e-01 2.429603925903470838e+02
-4.011240142490213323e-01 2.418651726298048459e+02
-3.995662510868891459e-01 2.447102004949304330e+02
-3.980084879247569596e-01 2.477022566060135773e+02
-3.964507247626247732e-01 2.532099491635977984e+02
-3.948929616004925869e-01 2.375583577212645707e+02
-3.933351984383604005e-01 2.290479808141427895e+02
-3.917774352762282142e-01 2.427498957861072881e+02
-3.902196721140964719e-01 2.499321466947197621e+02
-3.886619089519642856e-01 2.538738561455439822e+02
-3.871041457898320992e-01 2.629549389116354519e+02
-3.855463826276999129e-01 2.765629674352065308e+02
-3.839886194655677265e-01 2.832141872025085831e+02
-3.824308563034355402e-01 2.828222645297523741e+02
-3.808730931413037979e-01 2.875211732114135543e+02
-3.793153299791716115e-01 2.836195900043109646e+02
-3.777575668170394252e-01 2.732165390146275854e+02
-3.761998036549072388e-01 2.884969386035321008e+02
-3.746420404927750525e-01 2.897921496602544380e+02
-3.730842773306428661e-01 2.725408088509825006e+02
-3.715265141685106798e-01 2.690048065610863546e+02
-3.699687510063789375e-01 2.636723908331599660e+02
-3.684109878442467512e-01 2.598487821534703812e+02
-3.668532246821145648e-01 2.645612049630518641e+02
-3.652954615199823785e-01 2.723228221595879859e+02
-3.637376983578501921e-01 2.804938987244246960e+02
-3.621799351957180058e-01 2.801284161897295917e+02
-3.606221720335858194e-01 2.747070303961624518e+02
-3.590644088714540771e-01 2.763134061121328386e+02
-3.575066457093218908e-01 2.800002552562990559e+02
-3.559488825471897044e-01 2.748881826705080584e+02
-3.543911193850575181e-01 2.787094129975210421e+02
-3.528333562229253317e-01 2.738416427156423651e+02
-3.512755930607931454e-01 2.688895874415931075e+02
-3.497178298986609590e-01 2.745742283121912806e+02
-3.481600667365292168e-01 2.788128467388542617e+02
-3.466023035743970304e-01 2.797545550518070172e+02
-3.450445404122648441e-01 2.658412391252491034e+02
-3.434867772501326577e-01 2.818693094869105948e+02
-3.419290140880004714e-01 2.760690144626768756e+02
-3.403712509258682850e-01 2.677366336582844042e+02
-3.388134877637365427e-01 2.705874044946857566e+02
-3.372557246016043564e-01 2.741928944671747104e+02
-3.356979614394721700e-01 2.772371382150755039e+02
-3.341401982773399837e-01 2.819674332846894345e+02
-3.325824351152077973e-01 2.881162466715112487e+02
-3.310246719530756110e-01 2.926240775188567795e+02
-3.294669087909434246e-01 2.992281178406749405e+02
-3.279091456288116824e-01 2.982997539639663387e+02
-3.263513824666794960e-01 2.923445559906165840e+02
-3.247936193045473097e-01 3.022516409628433394e+02
-3.232358561424151233e-01 3.257208621207641954e+02
-3.216780929802829370e-01 3.392327784183264043e+02
-3.201203298181507506e-01 3.414821816042381215e+02
-3.185625666560185643e-01 3.501467283580280423e+02
-3.170048034938868220e-01 3.628570973154641592e+02
-3.154470403317546356e-01 3.674453811634267595e+02
-3.138892771696224493e-01 3.737929235453362935e+02
-3.123315140074902629e-01 3.804813826604358837e+02
-3.107737508453580766e-01 3.983475567389670573e+02
-3.092159876832258902e-01 4.259838583434142834e+02
-3.076582245210941480e-01 4.323519658632631604e+02
-3.061004613589619616e-01 4.626769415528272589e+02
-3.045426981968297753e-01 4.814698663246134629e+02
-3.029849350346975889e-01 5.011818593517417639e+02
-3.014271718725654026e-01 5.232900438092075319e+02
-2.998694087104332162e-01 5.360081765296691856e+02
-2.983116455483010299e-01 5.440368212949240387e+02
-2.967538823861692876e-01 5.651547709040862628e+02
-2.951961192240371012e-01 5.971491797913940900e+02
-2.936383560619049149e-01 6.000769763459836668e+02
-2.920805928997727285e-01 6.117266145731506413e+02
-2.905228297376405422e-01 6.457430252238416415e+02
-2.889650665755083558e-01 6.971592609043543689e+02
-2.874073034133761695e-01 7.385678941791957186e+02
-2.858495402512444272e-01 7.667623303354598647e+02
-2.842917770891122409e-01 7.891253876417071069e+02
-2.827340139269800545e-01 8.073995684535967712e+02
-2.811762507648478682e-01 8.512198958984554338e+02
-2.796184876027156818e-01 9.077716981351618415e+02
-2.780607244405834955e-01 9.051671684518380516e+02
-2.765029612784513091e-01 9.197768167248681266e+02
-2.749451981163195669e-01 9.760393809021072684e+02
-2.733874349541873805e-01 1.004666375778454380e+03
-2.718296717920551941e-01 1.023697397917977355e+03
-2.702719086299230078e-01 1.062416321770856030e+03
-2.687141454677908214e-01 1.104708980782110302e+03
-2.671563823056586351e-01 1.152794037812462875e+03
-2.655986191435268928e-01 1.209867903141546094e+03
-2.640408559813947065e-01 1.236238531797404676e+03
-2.624830928192625201e-01 1.286697218446694478e+03
-2.609253296571303338e-01 1.290482627081529245e+03
-2.593675664949981474e-01 1.303350473278796699e+03
-2.578098033328659611e-01 1.311281957131848003e+03
-2.562520401707337747e-01 1.395957558464605427e+03
-2.546942770086020325e-01 1.463116595354146739e+03
-2.531365138464698461e-01 1.492212533939150944e+03
-2.515787506843376597e-01 1.525908328906269617e+03
-2.500209875222054734e-01 1.565508834309289114e+03
-2.484632243600732870e-01 1.588865171377974548e+03
-2.469054611979411007e-01 1.609839956446716997e+03
-2.453476980358089143e-01 1.608210786553792559e+03
-2.437899348736771721e-01 1.634666441636967647e+03
-2.422321717115449857e-01 1.689586040316561139e+03
-2.406744085494127994e-01 1.727405354385281498e+03
-2.391166453872806130e-01 1.714007471423602510e+03
-2.375588822251484267e-01 1.706975122554057407e+03
-2.360011190630162403e-01 1.725422802197694864e+03
-2.344433559008844981e-01 1.743239116584526528e+03
-2.328855927387523117e-01 1.743547220521317740e+03
-2.313278295766201254e-01 1.713985111387130928e+03
-2.297700664144879390e-01 1.754649752987298143e+03
-2.282123032523557526e-01 1.710329687244624893e+03
-2.266545400902235663e-01 1.702493008956572339e+03
-2.250967769280913799e-01 1.729144452209047813e+03
-2.235390137659596377e-01 1.725638813594949397e+03
-2.219812506038274513e-01 1.697553127478556462e+03
-2.204234874416952650e-01 1.685345289592535437e+03
-2.188657242795630786e-01 1.685446164808966842e+03
-2.173079611174308923e-01 1.656382604648121060e+03
-2.157501979552987059e-01 1.601239730704250633e+03
-2.141924347931665196e-01 1.569275565145872406e+03
-2.126346716310347773e-01 1.561552677138792433e+03
-2.110769084689025910e-01 1.528826027817042132e+03
-2.095191453067704046e-01 1.518190496705346504e+03
-2.079613821446382183e-01 1.473225329393949096e+03
-2.064036189825060319e-01 1.413790558443896771e+03
-2.048458558203738455e-01 1.416250938927464631e+03
-2.032880926582416592e-01 1.444100118159365593e+03
-2.017303294961099169e-01 1.412015565370167906e+03
-2.001725663339777306e-01 1.388514278231009939e+03
-1.986148031718455442e-01 1.333908244143113052e+03
-1.970570400097133579e-01 1.370649992308956143e+03
-1.954992768475811715e-01 1.352314853782910177e+03
-1.939415136854489852e-01 1.326432752077162604e+03
-1.923837505233172429e-01 1.337183245942118447e+03
-1.908259873611850566e-01 1.307554714862790206e+03
-1.892682241990528702e-01 1.295841444311191026e+03
-1.877104610369206839e-01 1.345543117823453485e+03
-1.861526978747884975e-01 1.385101272477732664e+03
-1.845949347126563111e-01 1.430344585524603190e+03
-1.830371715505241248e-01 1.513231669916770898e+03
-1.814794083883923825e-01 1.579935258553288804e+03
-1.799216452262601962e-01 1.612055209107298651e+03
-1.783638820641280098e-01 1.741248802076240509e+03
-1.768061189019958235e-01 1.863744238750982504e+03
-1.752483557398636371e-01 1.953054237135902895e+03
-1.736905925777314508e-01 2.002152127130929330e+03
-1.721328294155992644e-01 2.118838405847432568e+03
-1.705750662534675222e-01 2.388026480177939447e+03
-1.690173030913353358e-01 2.638140337410944085e+03
-1.674595399292031495e-01 2.834920250247887452e+03
-1.659017767670709631e-01 3.087225701816812034e+03
-1.643440136049387768e-01 3.392343763004556877e+03
-1.627862504428065904e-01 3.682375114185079383e+03
-1.612284872806748481e-01 3.969550370526216739e+03
-1.596707241185426618e-01 4.288634712557565763e+03
-1.581129609564104754e-01 4.671077962647007553e+03
-1.565551977942782891e-01 5.153009784885064619e+03
-1.549974346321461027e-01 5.788315340077199835e+03
-1.534396714700139164e-01 6.563504042546314849e+03
-1.518819083078817300e-01 7.258222324415516596e+03
-1.503241451457499878e-01 8.068389288963352556e+03
-1.487663819836178014e-01 9.185679796040982183e+03
-1.472086188214856151e-01 1.029861373655539319e+04
-1.456508556593534287e-01 1.159042782252941834e+04
-1.440930924972212424e-01 1.294344577930595369e+04
-1.425353293350890560e-01 1.446421654968882649e+04
-1.409775661729568697e-01 1.619295465126926501e+04
-1.394198030108251274e-01 1.810509645655019267e+04
-1.378620398486929410e-01 2.021174875413876362e+04
-1.363042766865607547e-01 2.286287642827078162e+04
-1.347465135244285683e-01 2.584861812069176813e+04
-1.331887503622963820e-01 2.871611128492827265e+04
-1.316309872001641956e-01 3.171183744374976959e+04
-1.300732240380320093e-01 3.538949163369633607e+04
-1.285154608759002670e-01 3.944046055290314689e+04
-1.269576977137680807e-01 4.328760215052282001e+04
-1.253999345516358943e-01 4.665908707314691128e+04
-1.238421713895037080e-01 4.990378031212403585e+04
-1.222844082273715216e-01 5.386393619857285375e+04
-1.207266450652393353e-01 5.822872016062070907e+04
-1.191688819031075930e-01 6.065805673364546237e+04
-1.176111187409754066e-01 6.264740910649804573e+04
-1.160533555788432203e-01 6.497342220021898538e+04
-1.144955924167110339e-01 6.502846015964617982e+04
-1.129378292545788476e-01 6.476290163699962432e+04
-1.113800660924466612e-01 6.337227448235657357e+04
-1.098223029303144749e-01 6.129611755267787521e+04
-1.082645397681827326e-01 5.853493033333423955e+04
-1.067067766060505463e-01 5.500350271496353525e+04
-1.051490134439183599e-01 5.126930840910344705e+04
-1.035912502817861736e-01 4.791495822717605188e+04
-1.020334871196539872e-01 4.384298715144507150e+04
-1.004757239575218009e-01 4.006099983602690918e+04
-9.891796079538961450e-02 3.673247594345038669e+04
-9.736019763325787224e-02 3.405386105186869099e+04
-9.580243447112568589e-02 3.062794457334516483e+04
-9.424467130899349954e-02 2.734294344645440287e+04
-9.268690814686131318e-02 2.458833116376160615e+04
-9.112914498472912683e-02 2.222454021344712964e+04
-8.957138182259694048e-02 2.010307285411428529e+04
-8.801361866046519822e-02 1.823951603931639329e+04
-8.645585549833301187e-02 1.656834449783693344e+04
-8.489809233620082551e-02 1.507554218954029056e+04
-8.334032917406863916e-02 1.368518047330707486e+04
-8.178256601193645281e-02 1.280685420283840540e+04
-8.022480284980426646e-02 1.201910300798073877e+04
-7.866703968767208011e-02 1.129677744499562141e+04
-7.710927652554033784e-02 1.071213042538044647e+04
-7.555151336340815149e-02 1.021712017351845498e+04
-7.399375020127596514e-02 9.743409838271860281e+03
-7.243598703914377879e-02 9.376915761597952951e+03
-7.087822387701159244e-02 9.078111402703920248e+03
-6.932046071487940608e-02 8.741635084022875162e+03
-6.776269755274721973e-02 8.598875129331123389e+03
-6.620493439061547747e-02 8.526715233900718886e+03
-6.464717122848329112e-02 8.507520250092778952e+03
-6.308940806635110476e-02 8.550944806609071748e+03
-6.153164490421891841e-02 8.705700714544673247e+03
-5.997388174208673206e-02 8.830922099656181672e+03
-5.841611857995454571e-02 8.944604610383832551e+03
-5.685835541782235936e-02 9.047032731122126279e+03
-5.530059225569061709e-02 9.216818026822797037e+03
-5.374282909355843074e-02 9.458182543542425265e+03
-5.218506593142624439e-02 9.622509136067756117e+03
-5.062730276929405804e-02 9.759984235279936911e+03
-4.906953960716187169e-02 9.420094750390837362e+03
-4.751177644502968533e-02 6.966636474880418973e+03
-4.595401328289794307e-02 3.585556187399023202e+03
-4.439625012076575672e-02 2.366530504045981615e+03
-4.283848695863357037e-02 1.808952373919742740e+03
-4.128072379650138402e-02 1.490360987971861050e+03
-3.972296063436919766e-02 1.260437444090712688e+03
-3.816519747223701131e-02 1.191617756877133388e+03
-3.660743431010482496e-02 1.228394209474875652e+03
-3.504967114797308270e-02 6.580696697603556231e+02
-3.349190798584089634e-02 6.947575112478742376e+00
-3.193414482370870999e-02 5.257282199414402868e+01
-3.037638166157652364e-02 3.988111336945497243e+01
-2.881861849944433729e-02 3.494974543682497625e+01
-2.726085533731215094e-02 2.927647553976516548e+01
-2.570309217517996458e-02 3.808786047738421132e+01
-2.414532901304822232e-02 3.125682380836374463e+01
-2.258756585091603597e-02 3.307124087196537943e+01
-2.102980268878384962e-02 3.231376719657554020e+01
-1.947203952665166327e-02 3.256935973695815534e+01
-1.791427636451947691e-02 3.414871282529968255e+01
-1.635651320238729056e-02 3.458101364803379596e+01
-1.479875004025554830e-02 3.619004726387173321e+01
-1.324098687812336195e-02 3.612491413389673056e+01
-1.168322371599117560e-02 3.541571474739689052e+01
-1.012546055385898924e-02 3.695389485019482123e+01
-8.567697391726802891e-03 3.516852218395521845e+01
-7.009934229594616539e-03 3.761488925867909217e+01
-5.452171067462430187e-03 3.944813507660047947e+01
-3.894407905330687925e-03 3.567364193696847252e+01
-2.336644743198501573e-03 3.838949341713534125e+01
-7.788815810663152206e-04 3.629451264652352194e+01
7.788815810658711314e-04 4.029118229545317575e+01
2.336644743198057483e-03 4.075241310751106028e+01
3.894407905330243835e-03 4.393472801201179578e+01
5.452171067462430187e-03 4.751984717350045884e+01
7.009934229594172450e-03 4.648320908109798921e+01
8.567697391726358802e-03 4.737815812543645677e+01
1.012546055385854515e-02 5.544059517927046699e+01
1.168322371599073151e-02 5.421054815907287150e+01
1.324098687812291786e-02 5.359786277173591884e+01
1.479875004025510421e-02 5.216116123830391871e+01
1.635651320238729056e-02 5.520127833631556058e+01
1.791427636451903282e-02 6.438256260407582943e+01
1.947203952665121918e-02 6.780638393898207994e+01
2.102980268878340553e-02 6.685870514999562886e+01
2.258756585091559188e-02 8.932635241515765756e+01
2.414532901304777823e-02 9.572146041429128616e+01
2.570309217517996458e-02 1.008810259544611085e+02
2.726085533731170685e-02 1.063368449769082673e+02
2.881861849944389320e-02 1.108518858360879449e+02
3.037638166157607955e-02 1.211474803154522419e+02
3.193414482370826590e-02 1.432973434947155624e+02
3.349190798584045226e-02 1.654262257463075230e+02
3.504967114797263861e-02 1.948811316692826381e+02
3.660743431010482496e-02 2.323067954532655506e+02
3.816519747223656722e-02 2.815361488914028314e+02
3.972296063436875357e-02 3.460556986665914110e+02
4.128072379650093993e-02 4.203823536690857168e+02
4.283848695863312628e-02 5.027666713388409221e+02
4.439625012076531263e-02 6.050894717728282330e+02
4.595401328289749898e-02 7.581450369085272314e+02
4.751177644502968533e-02 9.746762942682615858e+02
4.906953960716142760e-02 1.247168551996656788e+03
5.062730276929361395e-02 2.020482124451759773e+03
5.218506593142580030e-02 3.969272968023885369e+03
5.374282909355798665e-02 6.289430391696591869e+03
5.530059225569017300e-02 7.580382769389504574e+03
5.685835541782235936e-02 7.803367224890277612e+03
5.841611857995410162e-02 7.914081486924857927e+03
5.997388174208628797e-02 7.920329592851733651e+03
6.153164490421847432e-02 8.034140605414512720e+03
6.308940806635066068e-02 8.097892088687092837e+03
6.464717122848284703e-02 8.150994860374869859e+03
6.620493439061503338e-02 8.253677391687348063e+03
6.776269755274721973e-02 8.438749431162057590e+03
6.932046071487896199e-02 8.686526549737714959e+03
7.087822387701114835e-02 8.983310577740601730e+03
7.243598703914333470e-02 9.402089268990439450e+03
7.399375020127552105e-02 9.853966517745606325e+03
7.555151336340770740e-02 1.041912530665097620e+04
7.710927652553989375e-02 1.109231240509430245e+04
7.866703968767208011e-02 1.182016439302716390e+04
8.022480284980382237e-02 1.266607346957377376e+04
8.178256601193600872e-02 1.376877754088267102e+04
8.334032917406819507e-02 1.500032671382469744e+04
8.489809233620038142e-02 1.659007125040470055e+04
8.645585549833256778e-02 1.826888386383841498e+04
8.801361866046475413e-02 2.016363104314662633e+04
8.957138182259694048e-02 2.237075527231902743e+04
9.112914498472868274e-02 2.499503813348653784e+04
9.268690814686086910e-02 2.793815387310688311e+04
9.424467130899305545e-02 3.121501764592537074e+04
9.580243447112524180e-02 3.527805104546051007e+04
9.736019763325742815e-02 3.899017301266567665e+04
9.891796079538961450e-02 4.292933212461366202e+04
1.004757239575213568e-01 4.721876320830204349e+04
1.020334871196535431e-01 5.121426728584591183e+04
1.035912502817857295e-01 5.477824330839107279e+04
1.051490134439179158e-01 5.813032953589515819e+04
1.067067766060501022e-01 6.143808601143152191e+04
1.082645397681822885e-01 6.361821298427667352e+04
1.098223029303144749e-01 6.439379840997501014e+04
1.113800660924462171e-01 6.466268895592443732e+04
1.129378292545784035e-01 6.470313827109181148e+04
1.144955924167105898e-01 6.416598143968950171e+04
1.160533555788427762e-01 6.287033555723173777e+04
1.176111187409749625e-01 6.093367281497135991e+04
1.191688819031071489e-01 5.834807681369657803e+04
1.207266450652393353e-01 5.498267307797582180e+04
1.222844082273710775e-01 5.055977968136734125e+04
1.238421713895032639e-01 4.651469353843563295e+04
1.253999345516354502e-01 4.304971363555973949e+04
1.269576977137676366e-01 3.946536921925241040e+04
1.285154608758998229e-01 3.598748476095352817e+04
1.300732240380320093e-01 3.242128888833433666e+04
1.316309872001637515e-01 2.902603262724825254e+04
1.331887503622959379e-01 2.624259249519239165e+04
1.347465135244281242e-01 2.312030957362670961e+04
1.363042766865603106e-01 2.015261206277649399e+04
1.378620398486924969e-01 1.790824422933370442e+04
1.394198030108246833e-01 1.582624613952909203e+04
1.409775661729568697e-01 1.422498844849767556e+04
1.425353293350886119e-01 1.278064429055461369e+04
1.440930924972207983e-01 1.136255696140887812e+04
1.456508556593529846e-01 1.006817855754929224e+04
1.472086188214851710e-01 8.950106591366306020e+03
1.487663819836173573e-01 8.114729593561884940e+03
1.503241451457495437e-01 7.199792634836483558e+03
1.518819083078817300e-01 6.452948730219856770e+03
1.534396714700134723e-01 5.813896289367826284e+03
1.549974346321456586e-01 5.266739732549081054e+03
1.565551977942778450e-01 4.786172974544398130e+03
1.581129609564100313e-01 4.310225623851579257e+03
1.596707241185422177e-01 3.889348195439678420e+03
1.612284872806744040e-01 3.596401543379338364e+03
1.627862504428065904e-01 3.267317833370203061e+03
1.643440136049383327e-01 3.027797768391514637e+03
1.659017767670705190e-01 2.767810275921062384e+03
1.674595399292027054e-01 2.543037593938996451e+03
1.690173030913348917e-01 2.338195093871652261e+03
1.705750662534670781e-01 2.182114480701159209e+03
1.721328294155992644e-01 2.096601882509461120e+03
1.736905925777310067e-01 1.996919793172345180e+03
1.752483557398631930e-01 1.824472475319105797e+03
1.768061189019953794e-01 1.739506340543921169e+03
1.783638820641275657e-01 1.631717043013321927e+03
1.799216452262597521e-01 1.553825034430960613e+03
1.814794083883919384e-01 1.518207842557554841e+03
1.830371715505241248e-01 1.478657258019736219e+03
1.845949347126558671e-01 1.411041186393921862e+03
1.861526978747880534e-01 1.362060077572386717e+03
1.877104610369202398e-01 1.339684203077694974e+03
1.892682241990524261e-01 1.318462313720767725e+03
1.908259873611846125e-01 1.334207386321032118e+03
1.923837505233167988e-01 1.322750494764895848e+03
1.939415136854489852e-01 1.297562317475604686e+03
1.954992768475807274e-01 1.285709398650660660e+03
1.970570400097129138e-01 1.297711848160486397e+03
1.986148031718451001e-01 1.328326618724371201e+03
2.001725663339772865e-01 1.367613675000231979e+03
2.017303294961094728e-01 1.389469528523078452e+03
2.032880926582416592e-01 1.410298132099828308e+03
2.048458558203734015e-01 1.442298741451734713e+03
2.064036189825055878e-01 1.446615624213396359e+03
2.079613821446377742e-01 1.468160615053801394e+03
2.095191453067699605e-01 1.502721293540354054e+03
2.110769084689021469e-01 1.519298624612477170e+03
2.126346716310343332e-01 1.528911984394605042e+03
2.141924347931665196e-01 1.559868223349339814e+03
2.157501979552982618e-01 1.589269091021901659e+03
2.173079611174304482e-01 1.616917709922197218e+03
2.188657242795626345e-01 1.590791353833264793e+03
2.204234874416948209e-01 1.609376232139013155e+03
2.219812506038270072e-01 1.597743789574173661e+03
2.235390137659591936e-01 1.615528828654526706e+03
2.250967769280913799e-01 1.646269161848276099e+03
2.266545400902231222e-01 1.680623540145181778e+03
2.282123032523553086e-01 1.688907803899711098e+03
2.297700664144874949e-01 1.652101678043976335e+03
2.313278295766196813e-01 1.631882566299932705e+03
2.328855927387518676e-01 1.659414409660016645e+03
2.344433559008840540e-01 1.653497467543401399e+03
2.360011190630162403e-01 1.625168204015519677e+03
2.375588822251479826e-01 1.627333988031034323e+03
2.391166453872801689e-01 1.629530158639007823e+03
2.406744085494123553e-01 1.616497260193364127e+03
2.422321717115445416e-01 1.585856149404487951e+03
2.437899348736767280e-01 1.551563576608285757e+03
2.453476980358089143e-01 1.544045743690442578e+03
2.469054611979406566e-01 1.523930888725663635e+03
2.484632243600728430e-01 1.427930314967894901e+03
2.500209875222050293e-01 1.398765873723993309e+03
2.515787506843372157e-01 1.360007310595346325e+03
2.531365138464694020e-01 1.354285147636156353e+03
2.546942770086015884e-01 1.339606900885268487e+03
2.562520401707337747e-01 1.301771177208194331e+03
2.578098033328655170e-01 1.254597397233344282e+03
2.593675664949977033e-01 1.232392512776670856e+03
2.609253296571298897e-01 1.228996589496041679e+03
2.624830928192620760e-01 1.161313862508134207e+03
2.640408559813942624e-01 1.107082473387139544e+03
2.655986191435264487e-01 1.088257758018660979e+03
2.671563823056586351e-01 1.091339884022074102e+03
2.687141454677903774e-01 1.031320988045066088e+03
2.702719086299225637e-01 9.888877112671117402e+02
2.718296717920547501e-01 9.436321292762423809e+02
2.733874349541869364e-01 9.081243257923365491e+02
2.749451981163191228e-01 8.972838322146560586e+02
2.765029612784513091e-01 8.726871163244729814e+02
2.780607244405830514e-01 8.430513884197036987e+02
2.796184876027152377e-01 8.081251964060472801e+02
2.811762507648474241e-01 7.702325048096668070e+02
2.827340139269796104e-01 7.312718282603771058e+02
2.842917770891117968e-01 7.247421586784814735e+02
2.858495402512439831e-01 6.873681740140063994e+02
2.874073034133761695e-01 6.591883780167130453e+02
2.889650665755079118e-01 6.468285667457121235e+02
2.905228297376400981e-01 6.146350953787837170e+02
2.920805928997722845e-01 5.792615622298409335e+02
2.936383560619044708e-01 5.388005863162987907e+02
2.951961192240366572e-01 5.310112820851478546e+02
2.967538823861688435e-01 5.149428839966393525e+02
2.983116455483010299e-01 5.153479790079912846e+02
2.998694087104327721e-01 5.074355866730433604e+02
3.014271718725649585e-01 4.850353314944408680e+02
3.029849350346971448e-01 4.499877529847231017e+02
3.045426981968293312e-01 4.327719729177791805e+02
3.061004613589615175e-01 4.324424836232843177e+02
3.076582245210937039e-01 3.912959012545900350e+02
3.092159876832258902e-01 3.879893040416889107e+02
3.107737508453576325e-01 3.477724050203291313e+02
3.123315140074898189e-01 3.420729684830670863e+02
3.138892771696220052e-01 3.345014947912490584e+02
3.154470403317541916e-01 3.278087753724424829e+02
3.170048034938863779e-01 3.221833260339064395e+02
3.185625666560185643e-01 3.197097495663018094e+02
3.201203298181503065e-01 3.139464402282469564e+02
3.216780929802824929e-01 3.005924330098733321e+02
3.232358561424146792e-01 2.872874793451676396e+02
3.247936193045468656e-01 2.838223725470207910e+02
3.263513824666790519e-01 2.894695817436772813e+02
3.279091456288112383e-01 2.719996147463502325e+02
3.294669087909434246e-01 2.706793990152605716e+02
3.310246719530751669e-01 2.674984261003174879e+02
3.325824351152073532e-01 2.709021471976728890e+02
3.341401982773395396e-01 2.705915112018490731e+02
3.356979614394717260e-01 2.694230191780900441e+02
3.372557246016039123e-01 2.695896604505332448e+02
3.388134877637360987e-01 2.581444609340733223e+02
3.403712509258682850e-01 2.564989633922354528e+02
3.419290140880000273e-01 2.440899211047384370e+02
3.434867772501322136e-01 2.477759727714662574e+02
3.450445404122644000e-01 2.595677394670130980e+02
3.466023035743965863e-01 2.568099322606529995e+02
3.481600667365287727e-01 2.549753865199603524e+02
3.497178298986609590e-01 2.564046853847559078e+02
3.512755930607927013e-01 2.571467458812514337e+02
3.528333562229248876e-01 2.596727022083767338e+02
3.543911193850570740e-01 2.527786454310887052e+02
3.559488825471892604e-01 2.478186500886283739e+02
3.575066457093214467e-01 2.592039267399670166e+02
3.590644088714536331e-01 2.573944572956036723e+02
3.606221720335858194e-01 2.632251239157105829e+02
3.621799351957175617e-01 2.631187403733662222e+02
3.637376983578497480e-01 2.661590674719187177e+02
3.652954615199819344e-01 2.595336178465983039e+02
3.668532246821141207e-01 2.534248929249054072e+02
3.684109878442463071e-01 2.591083595069736702e+02
3.699687510063784934e-01 2.624149659046088914e+02
3.715265141685106798e-01 2.652006138753713458e+02
3.730842773306424220e-01 2.641808873104820350e+02
3.746420404927746084e-01 2.514203902226520029e+02
3.761998036549067947e-01 2.651692184182873575e+02
3.777575668170389811e-01 2.793985957151254524e+02
3.793153299791711675e-01 2.676122251819974167e+02
3.808730931413033538e-01 2.494750373325608450e+02
3.824308563034355402e-01 2.468559942311169380e+02
3.839886194655672824e-01 2.499755943253601629e+02
3.855463826276994688e-01 2.438672720098751938e+02
3.871041457898316551e-01 2.546631416783762063e+02
3.886619089519638415e-01 2.348134297874234164e+02
3.902196721140960278e-01 2.329504891108894356e+02
3.917774352762282142e-01 2.396935634843028140e+02
3.933351984383599564e-01 2.332844558387003531e+02
3.948929616004921428e-01 2.294789684480369658e+02
3.964507247626243291e-01 2.263892090338681271e+02
3.980084879247565155e-01 2.248078052440058343e+02
3.995662510868887018e-01 2.300442040606427554e+02
4.011240142490208882e-01 2.347509863095112053e+02
4.026817774111530746e-01 2.256110727134589808e+02
4.042395405732848168e-01 2.076325823099213608e+02
4.057973037354170032e-01 2.209720610526982227e+02
4.073550668975491895e-01 2.166993596391349683e+02
4.089128300596813759e-01 2.107089786372124820e+02
4.104705932218135622e-01 2.067150959653124858e+02
4.120283563839457486e-01 2.029629353116367838e+02
4.135861195460779349e-01 2.046741103858842052e+02
4.151438827082096772e-01 2.027230471210950213e+02
4.167016458703418635e-01 1.833017988489327763e+02
4.182594090324740499e-01 1.794420291480820140e+02
4.198171721946062362e-01 1.903293789833607832e+02
4.213749353567384226e-01 1.809528200852561497e+02
4.229326985188706090e-01 1.795844074392087464e+02
4.244904616810023512e-01 1.730954311632397378e+02
4.260482248431345376e-01 1.676821378605220900e+02
4.276059880052667239e-01 1.611200849972873073e+02
4.291637511673989103e-01 1.555660553294432304e+02
4.307215143295310966e-01 1.587804141630603567e+02
4.322792774916632830e-01 1.627198722813439247e+02
4.338370406537954693e-01 1.447084529538136053e+02
4.353948038159272116e-01 1.452571884043159400e+02
4.369525669780593979e-01 1.530145319184394452e+02
4.385103301401915843e-01 1.472943058473852602e+02
4.400680933023237706e-01 1.429544392342239405e+02
4.416258564644559570e-01 1.394347026614121319e+02
4.431836196265881433e-01 1.289295102446519934e+02
4.447413827887203297e-01 1.270669541598868477e+02
4.462991459508520720e-01 1.292796858665738284e+02
4.478569091129842583e-01 1.220523221173491351e+02
4.494146722751164447e-01 1.190921397246467706e+02
4.509724354372486310e-01 1.196252737266843553e+02
4.525301985993808174e-01 1.175648352735886988e+02
4.540879617615130037e-01 1.170047358771601012e+02
4.556457249236451901e-01 1.280412668353440040e+02
4.572034880857769323e-01 1.196470350078281797e+02
4.587612512479091187e-01 1.167023866810268089e+02
4.603190144100413050e-01 1.185426553308044930e+02
4.618767775721734914e-01 1.193470092335061850e+02
4.634345407343056777e-01 1.148860233071451376e+02
4.649923038964378641e-01 1.109965616897255813e+02
4.665500670585696064e-01 1.150333142122108399e+02
4.681078302207017927e-01 1.066272219235295751e+02
4.696655933828339791e-01 1.065935339900873089e+02
4.712233565449661654e-01 1.184544072706218287e+02
4.727811197070983518e-01 1.132270132126197666e+02
4.743388828692305381e-01 1.095098629204124592e+02
4.758966460313627245e-01 1.100617814088699191e+02
4.774544091934944667e-01 1.102322237258472768e+02
4.790121723556266531e-01 1.091958414765337864e+02
4.805699355177588394e-01 1.117459535241981001e+02
4.821276986798910258e-01 1.153832731091215607e+02
4.836854618420232121e-01 1.010697975508045943e+02
4.852432250041553985e-01 1.030464405840472750e+02
4.868009881662875848e-01 1.051634477198975191e+02
4.883587513284193271e-01 9.646276684622642961e+01
4.899165144905515135e-01 9.726888304637184035e+01
4.914742776526836998e-01 1.046524986889655224e+02
4.930320408148158862e-01 1.006048984594942510e+02
4.945898039769480725e-01 9.771732077212108436e+01
4.961475671390802589e-01 1.020317040823529879e+02
4.977053303012120011e-01 1.024623412120203199e+02
4.992630934633441875e-01 9.867887810674950799e+01
5.008208566254763738e-01 1.049742354036584402e+02
5.023786197876085602e-01 9.352905586854782882e+01
5.039363829497407465e-01 9.025983890996249670e+01
5.054941461118729329e-01 9.068155742452364620e+01
5.070519092740051192e-01 8.873242750100742171e+01
5.086096724361368615e-01 8.931920389113362546e+01
5.101674355982690479e-01 9.266662876502188340e+01
5.117251987604012342e-01 9.140190371980688155e+01
5.132829619225334206e-01 9.031653926291183154e+01
5.148407250846656069e-01 9.349690261799844393e+01
5.163984882467977933e-01 9.166482701006891887e+01
5.179562514089299796e-01 8.647362737324475290e+01
5.195140145710617219e-01 8.804429719733916215e+01
5.210717777331939082e-01 8.865196935108144771e+01
5.226295408953260946e-01 8.925639331425345802e+01
5.241873040574582809e-01 9.436465356357115297e+01
5.257450672195904673e-01 8.629488270830994168e+01
5.273028303817226536e-01 8.777010354212573873e+01
5.288605935438548400e-01 9.587996784852755638e+01
5.304183567059865823e-01 9.572184666836278666e+01
5.319761198681187686e-01 9.271170186395836765e+01
5.335338830302509550e-01 9.787471790654944925e+01
5.350916461923831413e-01 9.497453765014877547e+01
5.366494093545153277e-01 8.585445590312193076e+01
5.382071725166475140e-01 8.213022655680870798e+01
5.397649356787792563e-01 7.992179144228926191e+01
5.413226988409114426e-01 7.219390669867675570e+01
5.428804620030436290e-01 7.384069654135653593e+01
5.444382251651758153e-01 8.123471020111486496e+01
5.459959883273080017e-01 8.124393618222495661e+01
5.475537514894401880e-01 7.824023002766153922e+01
5.491115146515723744e-01 7.965583624430958309e+01
5.506692778137041167e-01 6.958520410355606600e+01
5.522270409758363030e-01 7.143300947254829225e+01
5.537848041379684894e-01 8.157101869197263966e+01
5.553425673001006757e-01 6.906573310109521913e+01
5.569003304622328621e-01 7.471335770973173851e+01
5.584580936243650484e-01 8.135323866353868993e+01
5.600158567864972348e-01 7.645339029094758132e+01
5.615736199486289770e-01 7.200459108409145870e+01
5.631313831107611634e-01 7.611700667061542447e+01
5.646891462728933497e-01 7.941389468202905277e+01
5.662469094350255361e-01 7.850821688764850137e+01
5.678046725971577224e-01 8.355598428706015568e+01
5.693624357592899088e-01 7.857106655026504427e+01
5.709201989214216511e-01 7.704308907673883766e+01
5.724779620835538374e-01 8.342816513929768973e+01
5.740357252456860238e-01 8.256590309918203729e+01
5.755934884078182101e-01 7.223665136023663536e+01
5.771512515699503965e-01 7.469259211874063453e+01
5.787090147320825828e-01 7.516160783911134047e+01
5.802667778942147692e-01 7.299444101395467044e+01
5.818245410563465114e-01 7.081791889327614342e+01
5.833823042184786978e-01 6.703988949262353003e+01
5.849400673806108841e-01 6.963097773645357336e+01
5.864978305427430705e-01 7.222150492468185234e+01
5.880555937048752568e-01 7.536983172126919328e+01
5.896133568670074432e-01 6.196767583020851333e+01
5.911711200291396295e-01 6.592323201837216118e+01
5.927288831912713718e-01 7.192571252406617077e+01
5.942866463534035582e-01 6.991812821335041406e+01
5.958444095155357445e-01 6.753791475009894896e+01
5.974021726776679309e-01 6.216776223869964468e+01
5.989599358398001172e-01 5.680385801373682142e+01
6.005176990019323036e-01 6.055941862196648628e+01
6.020754621640644899e-01 5.682389580039204446e+01
6.036332253261962322e-01 6.283471805262314547e+01
6.051909884883284185e-01 6.364054706794768634e+01
6.067487516504606049e-01 6.244007773599584965e+01
6.083065148125927912e-01 6.208731837825762057e+01
6.098642779747249776e-01 5.998623531665270292e+01
6.114220411368571639e-01 6.071628643737417974e+01
6.129798042989889062e-01 6.066262164739348606e+01
6.145375674611210925e-01 5.979462582471769139e+01
6.160953306232532789e-01 6.059216994828013725e+01
6.176530937853854653e-01 5.897141217620611542e+01
6.192108569475176516e-01 5.858694206948583627e+01
6.207686201096498380e-01 5.846380424154019551e+01
6.223263832717820243e-01 6.253526963434316599e+01
6.238841464339137666e-01 6.134312727329083259e+01
6.254419095960459529e-01 5.519349209971831982e+01
6.269996727581781393e-01 5.096882367314518092e+01
6.285574359203103256e-01 5.171530817869527397e+01
6.301151990824425120e-01 5.794396542782515525e+01
6.316729622445746983e-01 6.442601673945206642e+01
6.332307254067068847e-01 6.193897962639321264e+01
6.347884885688386269e-01 5.383724465667839354e+01
6.363462517309708133e-01 5.191963997388393182e+01
6.379040148931029997e-01 4.769418358935435975e+01
6.394617780552351860e-01 5.214115464431490921e+01
6.410195412173673724e-01 5.320774622620601235e+01
6.425773043794995587e-01 5.281773180522063171e+01
6.441350675416313010e-01 5.090881713347864945e+01
6.456928307037634873e-01 5.221264856414057931e+01
6.472505938658956737e-01 5.072209839547402765e+01
6.488083570280278600e-01 5.037768771914718258e+01
6.503661201901600464e-01 4.964301542653912946e+01
6.519238833522922327e-01 4.656109730164695293e+01
6.534816465144244191e-01 5.328960429431375445e+01
6.550394096765561613e-01 5.248072644543977816e+01
6.565971728386883477e-01 4.763395318833597258e+01
6.581549360008205340e-01 5.487093590297524770e+01
6.597126991629527204e-01 4.964811566012784283e+01
6.612704623250849068e-01 5.932421903364398474e+01
6.628282254872170931e-01 5.927470297503481333e+01
6.643859886493492795e-01 4.991319356582474143e+01
6.659437518114810217e-01 4.711280972240581377e+01
6.675015149736132081e-01 5.307844838519077513e+01
6.690592781357453944e-01 5.541931586015499533e+01
6.706170412978775808e-01 5.014060453588787425e+01
6.721748044600097671e-01 4.778987128758191716e+01
6.737325676221419535e-01 4.319857874481301963e+01
6.752903307842741398e-01 4.514776990888891817e+01
6.768480939464058821e-01 4.802974742045349643e+01
6.784058571085380684e-01 5.184548828740461346e+01
6.799636202706702548e-01 5.543276267539738456e+01
6.815213834328024411e-01 5.340454035300469116e+01
6.830791465949346275e-01 5.096549306802394597e+01
6.846369097570668139e-01 5.200212951777073300e+01
6.861946729191985561e-01 5.324953802874284747e+01
6.877524360813307425e-01 5.369000246412029753e+01
6.893101992434629288e-01 5.106282771875967086e+01
6.908679624055951152e-01 4.649205443558561512e+01
6.924257255677273015e-01 4.422217665427551481e+01
6.939834887298594879e-01 4.117396280221377936e+01
6.955412518919916742e-01 4.435644391013892118e+01
6.970990150541234165e-01 4.697991895641992954e+01
6.986567782162556028e-01 4.699042836180825589e+01
7.002145413783877892e-01 4.551341795179476435e+01
7.017723045405199755e-01 4.537557124041093459e+01
7.033300677026521619e-01 5.025643179272052663e+01
7.048878308647843483e-01 5.005571845201767189e+01
7.064455940269165346e-01 4.852207091301151820e+01
7.080033571890482769e-01 4.991209092440017514e+01
7.095611203511804632e-01 4.365547359365341151e+01
7.111188835133126496e-01 4.288464191696532168e+01
7.126766466754448359e-01 4.323649385154165259e+01
7.142344098375770223e-01 4.218925259708124997e+01
7.157921729997092086e-01 4.363038998023034765e+01
7.173499361618409509e-01 4.751828438927924481e+01
7.189076993239731372e-01 4.926434878538346140e+01
7.204654624861053236e-01 4.691823202310745700e+01
7.220232256482375099e-01 4.805996639108948898e+01
7.235809888103696963e-01 4.300585089363673319e+01
7.251387519725018826e-01 4.330987839717721499e+01
7.266965151346340690e-01 4.554138620242073898e+01
7.282542782967658113e-01 4.871601064643424905e+01
7.298120414588979976e-01 4.233642764860784524e+01
7.313698046210301840e-01 4.008281157531305183e+01
7.329275677831623703e-01 4.342494120485316245e+01
7.344853309452945567e-01 4.483456684691356031e+01
7.360430941074267430e-01 4.070726518376087455e+01
7.376008572695589294e-01 3.889437339310564568e+01
7.391586204316906716e-01 4.128521609316032936e+01
7.407163835938228580e-01 3.994714170152621335e+01
7.422741467559550443e-01 4.503210767044696894e+01
7.438319099180872307e-01 4.480444072469678218e+01
7.453896730802194170e-01 4.337978292474852537e+01
7.469474362423516034e-01 4.169547838793863548e+01
7.485051994044837897e-01 4.321643485249692418e+01
7.500629625666155320e-01 4.364010930742809080e+01
7.516207257287477184e-01 4.638971654126888922e+01
7.531784888908799047e-01 4.684456043532038905e+01
7.547362520530120911e-01 4.265041899558753613e+01
7.562940152151442774e-01 4.689890234924795465e+01
7.578517783772764638e-01 4.866439602009677401e+01
7.594095415394082060e-01 4.553226258099921608e+01
7.609673047015403924e-01 4.426617661006251581e+01
7.625250678636725787e-01 3.885752300157751193e+01
7.640828310258047651e-01 4.103295529047577617e+01
7.656405941879369514e-01 4.159902271454966893e+01
7.671983573500691378e-01 3.882374147412532039e+01
7.687561205122013241e-01 4.087918196985845043e+01
7.703138836743330664e-01 4.630455555125934097e+01
7.718716468364652528e-01 4.692646289315554498e+01
7.734294099985974391e-01 4.761858490146363465e+01
7.749871731607296255e-01 4.194849673423799885e+01
7.765449363228618118e-01 4.554999543209638091e+01
7.781026994849939982e-01 4.174283359604750387e+01
7.796604626471261845e-01 4.081344927503450748e+01
7.812182258092579268e-01 4.321332696001185525e+01
7.827759889713901131e-01 4.150811769128893047e+01
7.843337521335222995e-01 3.892445437025359212e+01
7.858915152956544858e-01 3.881312954649845892e+01
7.874492784577866722e-01 3.852217035367732478e+01
7.890070416199188585e-01 3.844577996820211752e+01
7.905648047820506008e-01 4.000139358931372158e+01
7.921225679441827872e-01 3.987650146602504009e+01
7.936803311063149735e-01 4.244428126667729373e+01
7.952380942684471599e-01 4.370603000985121156e+01
7.967958574305793462e-01 3.979740209442144305e+01
7.983536205927115326e-01 4.274666270308787830e+01
7.999113837548437189e-01 4.325713036764342689e+01
8.014691469169754612e-01 4.226825618810629237e+01
8.030269100791076475e-01 4.285656353210406877e+01
8.045846732412398339e-01 4.372330864648153437e+01
8.061424364033720202e-01 3.988502581796664970e+01
8.077001995655042066e-01 4.106919918010787285e+01
8.092579627276363929e-01 4.294652844335833919e+01
8.108157258897685793e-01 3.854061109585158107e+01
8.123734890519003216e-01 4.051073414340700651e+01
8.139312522140329520e-01 3.507220072578657977e+01
8.154890153761646943e-01 3.332008030545417654e+01
8.170467785382964365e-01 3.608764951779654240e+01
8.186045417004290670e-01 3.727959239793337076e+01
8.201623048625608092e-01 3.941921673816649019e+01
8.217200680246934397e-01 4.188379076981549787e+01
8.232778311868251819e-01 4.388795333726785231e+01
8.248355943489578124e-01 4.067184738099214769e+01
8.263933575110895546e-01 3.688038700964722949e+01
8.279511206732212969e-01 3.849999759848511616e+01
8.295088838353539273e-01 4.224778511282654847e+01
8.310666469974856696e-01 3.517281465989498201e+01
8.326244101596183000e-01 3.320540176222338857e+01
8.341821733217500423e-01 3.807760091784464862e+01
8.357399364838826727e-01 3.802978618145493073e+01
8.372976996460144150e-01 3.207706988328792619e+01
8.388554628081461573e-01 3.020840641208199173e+01
8.404132259702787877e-01 3.662875679390874950e+01
8.419709891324105300e-01 4.227601502283964408e+01
8.435287522945431604e-01 3.765306933057313898e+01
8.450865154566749027e-01 3.775816675040163517e+01
8.466442786188075331e-01 3.574400495386191068e+01
8.482020417809392754e-01 3.306856578978973715e+01
8.497598049430710176e-01 3.503582348066241536e+01
8.513175681052036481e-01 4.002664265011190992e+01
8.528753312673353904e-01 3.505560337100428114e+01
8.544330944294680208e-01 3.458358842391173482e+01
8.559908575915997631e-01 3.746180621968928648e+01
8.575486207537323935e-01 3.837318645073027312e+01
8.591063839158641358e-01 3.901174836351583508e+01
8.606641470779958780e-01 2.941987049254970898e+01
8.622219102401285085e-01 3.056527609891773523e+01
8.637796734022602507e-01 3.208889237336584443e+01
8.653374365643928812e-01 2.994064103506648067e+01
8.668951997265246234e-01 3.621440666844331702e+01
8.684529628886572539e-01 3.668127187208204987e+01
8.700107260507889961e-01 3.562230477890002334e+01
8.715684892129207384e-01 3.668590626254544418e+01
8.731262523750533688e-01 3.870275884240403741e+01
8.746840155371851111e-01 3.671647833448759712e+01
8.762417786993177415e-01 3.339037768287774810e+01
8.777995418614494838e-01 3.179847217099986878e+01
8.793573050235821142e-01 3.536108325531169783e+01
8.809150681857138565e-01 3.978821622297049032e+01
8.824728313478455988e-01 3.983340613012092746e+01
8.840305945099782292e-01 3.730726404640311955e+01
8.855883576721099715e-01 3.596312997348550056e+01
8.871461208342426019e-01 3.968156526663367600e+01
8.887038839963743442e-01 3.983135599091855994e+01
8.902616471585060864e-01 3.664898367310068039e+01
8.918194103206387169e-01 3.472569163783894908e+01
8.933771734827704591e-01 3.441941072754111985e+01
8.949349366449030896e-01 3.133886943628216315e+01
8.964926998070348318e-01 3.698905137462493542e+01
8.980504629691674623e-01 3.874495856544980654e+01
8.996082261312992046e-01 3.692747966046652408e+01
9.011659892934309468e-01 3.582104598730121126e+01
9.027237524555635773e-01 3.539367605257701399e+01
9.042815156176953195e-01 3.395530355619459328e+01
9.058392787798279500e-01 3.548446827956047400e+01
9.073970419419596922e-01 3.626920141601600989e+01
9.089548051040923227e-01 3.588003669772535176e+01
9.105125682662240649e-01 3.586821096457025959e+01
9.120703314283558072e-01 3.290213704130140826e+01
9.136280945904884376e-01 3.250857763126543176e+01
9.151858577526201799e-01 4.007826020528334254e+01
9.167436209147528103e-01 3.692089710371676148e+01
9.183013840768845526e-01 3.389742450470992452e+01
9.198591472390171830e-01 3.393989157018605596e+01
9.214169104011489253e-01 3.382211903838203426e+01
9.229746735632806676e-01 3.188113924386347620e+01
9.245324367254132980e-01 3.129290716035648501e+01
9.260901998875450403e-01 3.238189544900193795e+01
9.276479630496776707e-01 3.129912550312237229e+01
9.292057262118094130e-01 2.997065589484241954e+01
9.307634893739420434e-01 3.077437738043146709e+01
9.323212525360737857e-01 3.745809940169925767e+01
9.338790156982055279e-01 3.173344616844311261e+01
9.354367788603381584e-01 3.325502500855178312e+01
9.369945420224699006e-01 3.603953882906031936e+01
9.385523051846025311e-01 3.757738440386930989e+01
9.401100683467342733e-01 3.967804740619091319e+01
9.416678315088669038e-01 4.019743423520777981e+01
9.432255946709986461e-01 3.831147713325104576e+01
9.447833578331303883e-01 3.547051090828846043e+01
9.463411209952630188e-01 3.668883686351880868e+01
9.478988841573947610e-01 3.889766977768507417e+01
9.494566473195273915e-01 3.539066951462665855e+01
9.510144104816591337e-01 2.937746481191394921e+01
9.525721736437917642e-01 4.068136545813892013e+01
9.541299368059235064e-01 3.880845891007729165e+01
9.556876999680552487e-01 3.317894989430585895e+01
9.572454631301878791e-01 3.368988752819173271e+01
9.588032262923196214e-01 3.289763134319396443e+01
9.603609894544522518e-01 3.319886627245592337e+01
9.619187526165839941e-01 3.621753416643948498e+01
9.634765157787157364e-01 3.571933160582827327e+01
9.650342789408483668e-01 3.529889429628332209e+01
9.665920421029801091e-01 3.869478662483816578e+01
9.681498052651127395e-01 2.975778161899779661e+01
9.697075684272444818e-01 2.873115025832396086e+01
9.712653315893771122e-01 3.271930153769606875e+01
9.728230947515088545e-01 3.248356634674873789e+01
9.743808579136405967e-01 3.385149949714147510e+01
9.759386210757732272e-01 3.540879287544010623e+01
9.774963842379049694e-01 3.507593434982441494e+01
9.790541474000375999e-01 3.281216429447968608e+01
9.806119105621693421e-01 3.579911911717647399e+01
9.821696737243019726e-01 3.422123854685236921e+01
9.837274368864337148e-01 3.242851886582150200e+01
9.852852000485654571e-01 3.446034176812808170e+01
9.868429632106980876e-01 3.032330793839541982e+01
9.884007263728298298e-01 3.430181305657866631e+01
9.899584895349624603e-01 3.444569289415365176e+01
9.915162526970942025e-01 3.483143515078037922e+01
9.930740158592268330e-01 3.295649458459407555e+01
9.946317790213585752e-01 3.101053468522087542e+01
9.961895421834903175e-01 3.367175549169943594e+01
9.977473053456229479e-01 3.866837233527468243e+01
9.993050685077546902e-01 3.440028806341181422e+01
1.000862831669887321e+00 3.284360190901045939e+01
1.002420594832019063e+00 3.114079260275213201e+01
1.003978357994151693e+00 3.342831517859531232e+01
1.005536121156283436e+00 3.838248116130088050e+01
1.007093884318415178e+00 3.509844772387081946e+01
1.008651647480547808e+00 3.076618094693337468e+01
1.010209410642679551e+00 2.734114487565686957e+01
1.011767173804812181e+00 2.713908370892698940e+01
1.013324936966943923e+00 2.821513628383709715e+01
1.014882700129076554e+00 2.907090230011862175e+01
1.016440463291208296e+00 3.231802384523649607e+01
1.017998226453340038e+00 3.646067839281147371e+01
1.019555989615472669e+00 2.909886164408493059e+01
1.021113752777604411e+00 2.649816914613122876e+01
1.022671515939737041e+00 2.564676020126746181e+01
1.024229279101868784e+00 3.114574408853256315e+01
1.025787042264001414e+00 3.589606930658182193e+01
1.027344805426133156e+00 3.593509618223345825e+01
1.028902568588264899e+00 3.455207036763400197e+01
1.030460331750397529e+00 3.189797166226112068e+01
1.032018094912529271e+00 3.159568011203727878e+01
1.033575858074661902e+00 3.282915439582745876e+01
1.035133621236793644e+00 3.640114453764298474e+01
1.036691384398925386e+00 3.287553564381965998e+01
1.038249147561058017e+00 3.209885610211664897e+01
1.039806910723189759e+00 2.750721290338823621e+01
1.041364673885322389e+00 3.048832224428529614e+01
1.042922437047454132e+00 3.372366285156418542e+01
1.044480200209586762e+00 3.398776847700523263e+01
1.046037963371718504e+00 3.365736796996284141e+01
1.047595726533850247e+00 3.274946664058214907e+01
1.049153489695982877e+00 3.489383435620630536e+01
1.050711252858114619e+00 3.566304492586756680e+01
1.052269016020247250e+00 3.153766756924696679e+01
1.053826779182378992e+00 3.398925383454290028e+01
1.055384542344511623e+00 3.736011478865285085e+01
1.056942305506643365e+00 3.712963432674713005e+01
1.058500068668775107e+00 3.693464835969427895e+01
1.060057831830907737e+00 3.370779917293260297e+01
1.061615594993039480e+00 3.033205946553237453e+01
1.063173358155172110e+00 2.950766619561569826e+01
1.064731121317303852e+00 3.037370766650592913e+01
1.066288884479436483e+00 3.640621749526065543e+01
1.067846647641568225e+00 2.970561756839304834e+01
1.069404410803699967e+00 3.123991151726983162e+01
1.070962173965832598e+00 3.098416800769112456e+01
1.072519937127964340e+00 3.436349969252717074e+01
1.074077700290096971e+00 3.680846529795882560e+01
1.075635463452228713e+00 3.575519808515247178e+01
1.077193226614361343e+00 3.615220336595140793e+01
1.078750989776493086e+00 3.756097069660125953e+01
1.080308752938624828e+00 3.658499580878628876e+01
1.081866516100757458e+00 3.154300962031511091e+01
1.083424279262889200e+00 3.022849295210245657e+01
1.084982042425021831e+00 2.983775231036750242e+01
1.086539805587153573e+00 2.912627081468905388e+01
1.088097568749286204e+00 3.459883897660915153e+01
1.089655331911417946e+00 3.546203780341947720e+01
1.091213095073549688e+00 3.180187833820553323e+01
1.092770858235682319e+00 2.879900427758258274e+01
1.094328621397814061e+00 2.762950211805863532e+01
1.095886384559946691e+00 2.828116883857639152e+01
1.097444147722078434e+00 3.048126950391979051e+01
1.099001910884211064e+00 3.495001499695355562e+01
1.100559674046342806e+00 3.739973553654078842e+01
1.102117437208474549e+00 3.121829595816788228e+01
1.103675200370607179e+00 2.843975281346298445e+01
1.105232963532738921e+00 2.761690283986562378e+01
1.106790726694871552e+00 3.100871649847090694e+01
1.108348489857003294e+00 2.759556136757946376e+01
1.109906253019135036e+00 2.714861131224000346e+01
1.111464016181267667e+00 2.854295282818993940e+01
1.113021779343399409e+00 2.905003767623767175e+01
1.114579542505532039e+00 2.716747565899179762e+01
1.116137305667663782e+00 3.135201196341116514e+01
1.117695068829796412e+00 3.488612056510117299e+01
1.119252831991928154e+00 3.441702605690687022e+01
1.120810595154059897e+00 3.205694586703098992e+01
1.122368358316192527e+00 2.977517579895823019e+01
1.123926121478324269e+00 3.465084512753026758e+01
1.125483884640456900e+00 3.577003569512604741e+01
1.127041647802588642e+00 3.362900001498327640e+01
1.128599410964721272e+00 3.153084485505696222e+01
1.130157174126853015e+00 2.839965238749152476e+01
1.131714937288984757e+00 2.884069304641045761e+01
1.133272700451117387e+00 3.514904934703525186e+01
1.134830463613249130e+00 3.060888000279858545e+01
1.136388226775381760e+00 3.384860530550729862e+01
1.137945989937513502e+00 3.086571883264530669e+01
1.139503753099646133e+00 2.630967612458886862e+01
1.141061516261777875e+00 2.962813975276379708e+01
1.142619279423909617e+00 3.161596271763675503e+01
1.144177042586042248e+00 3.305926939235630613e+01
1.145734805748173990e+00 3.243177415555769016e+01
1.147292568910306620e+00 2.746926341666418026e+01
1.148850332072438363e+00 2.662296932878149036e+01
1.150408095234570993e+00 2.444102806685366502e+01
1.151965858396702735e+00 2.533050111816276484e+01
1.153523621558834478e+00 2.977191555076581508e+01
1.155081384720967108e+00 2.910656072985496579e+01
1.156639147883098850e+00 3.146857617169856169e+01
1.158196911045231481e+00 2.846244745745038429e+01
1.159754674207363223e+00 3.058593793840533337e+01
1.161312437369495854e+00 2.727733301638956931e+01
1.162870200531627596e+00 2.550198524866840444e+01
1.164427963693759338e+00 2.625945008469856390e+01
1.165985726855891969e+00 2.300043688219789217e+01
1.167543490018023711e+00 3.030206399915346083e+01
1.169101253180156341e+00 2.308420174765275590e+01
1.170659016342288083e+00 2.735900590600829929e+01
1.172216779504420714e+00 3.268431058025540636e+01
1.173774542666552456e+00 3.432305556250923217e+01
1.175332305828684198e+00 2.624959796303431858e+01
1.176890068990816829e+00 2.672010421039064454e+01
1.178447832152948571e+00 3.069385451819966093e+01
1.180005595315081202e+00 3.412946223559080750e+01
1.181563358477212944e+00 3.394170320573159927e+01
1.183121121639344686e+00 3.131631886610954751e+01
1.184678884801477317e+00 3.126769058584120842e+01
1.186236647963609059e+00 3.100972207375255252e+01
1.187794411125741689e+00 2.910729725178906335e+01
1.189352174287873432e+00 2.817222787831011388e+01
1.190909937450006062e+00 2.785675006704217793e+01
1.192467700612137804e+00 2.652538667592075328e+01
1.194025463774269546e+00 2.858318162305348054e+01
1.195583226936402177e+00 3.215033472952870142e+01
1.197140990098533919e+00 3.081964007492495128e+01
1.198698753260666550e+00 3.009144770898551613e+01
1.200256516422798292e+00 2.755250661153565872e+01
1.201814279584930922e+00 2.849441370403449625e+01
1.203372042747062665e+00 3.219568233511102306e+01
1.204929805909194407e+00 2.658529161769302007e+01
1.206487569071327037e+00 2.794436035494314297e+01
1.208045332233458780e+00 3.260519765034806738e+01
1.209603095395591410e+00 3.194052328583163813e+01
1.211160858557723152e+00 3.131534356822551146e+01
1.212718621719855783e+00 3.316297468798135384e+01
1.214276384881987525e+00 3.189013535684253497e+01
1.215834148044119267e+00 3.061203930002301377e+01
1.217391911206251898e+00 3.371532008120126989e+01
1.218949674368383640e+00 2.465155403769681541e+01
1.220507437530516270e+00 2.233859983862463494e+01
1.222065200692648013e+00 3.236024977620213150e+01
1.223622963854780643e+00 3.364479522391483357e+01
1.225180727016912385e+00 3.178056727582024266e+01
1.226738490179044128e+00 3.178017418195115695e+01
1.228296253341176758e+00 3.257464332960032749e+01
1.229854016503308500e+00 3.210080625014023781e+01
1.231411779665441131e+00 3.222620997346094640e+01
1.232969542827572873e+00 3.297103471792787133e+01
1.234527305989705503e+00 2.779151008939742340e+01
1.236085069151837246e+00 2.303903605174630087e+01
1.237642832313968988e+00 2.732791823370038387e+01
1.239200595476101618e+00 2.925758574359755571e+01
1.240758358638233361e+00 2.776671995002688931e+01
1.242316121800365991e+00 2.430833583579992663e+01
1.243873884962497733e+00 2.559474518865763315e+01
1.245431648124630364e+00 2.928751359934975795e+01
1.246989411286762106e+00 2.981932151861474978e+01
1.248547174448893848e+00 2.647459854315212979e+01
1.250104937611026479e+00 2.513150549126698863e+01
1.251662700773158221e+00 3.237227517379547237e+01
1.253220463935290852e+00 2.930238973563271543e+01
1.254778227097422594e+00 2.810097480232024125e+01
1.256335990259554336e+00 2.634103805525183262e+01
1.257893753421686966e+00 2.829370099157515739e+01
1.259451516583818709e+00 2.998324882086649268e+01
1.261009279745951339e+00 3.069177550074741490e+01
1.262567042908083081e+00 3.216561223334404218e+01
1.264124806070215712e+00 3.169129086324815603e+01
1.265682569232347454e+00 2.757625963176032258e+01
1.267240332394479196e+00 2.752039326725819990e+01
1.268798095556611827e+00 3.139304827674891030e+01
1.270355858718743569e+00 3.136940380830111152e+01
1.271913621880876200e+00 3.180497127330440676e+01
1.273471385043007942e+00 2.594335963347148422e+01
1.275029148205140572e+00 2.707754261922936223e+01
1.276586911367272315e+00 2.927148128019776507e+01
1.278144674529404057e+00 3.252071623526136790e+01
1.279702437691536687e+00 3.505485271207652431e+01
1.281260200853668429e+00 3.148350987242353938e+01
1.282817964015801060e+00 2.458055360039239901e+01
1.284375727177932802e+00 2.742989625336041470e+01
1.285933490340065433e+00 2.708859215998025505e+01
1.287491253502197175e+00 2.966844831033839114e+01
1.289049016664328917e+00 2.973986049230017414e+01
1.290606779826461548e+00 3.178050632777628337e+01
1.292164542988593290e+00 3.097991600552912317e+01
1.293722306150725920e+00 3.217348750179171191e+01
1.295280069312857663e+00 3.161635840681225318e+01
1.296837832474990293e+00 2.865555073408834375e+01
1.298395595637122035e+00 3.344913413888323106e+01
1.299953358799253778e+00 2.726429210124488378e+01
1.301511121961386408e+00 3.381460794954848836e+01
1.303068885123518150e+00 3.289500938072944791e+01
1.304626648285650781e+00 2.659537436965310064e+01
1.306184411447782523e+00 2.836900855438348756e+01
1.307742174609915153e+00 2.753508399415770924e+01
1.309299937772046896e+00 2.492463722607991272e+01
1.310857700934178638e+00 2.445630979544271710e+01
1.312415464096311268e+00 2.732583129039181813e+01
1.313973227258443011e+00 2.815769584319922814e+01
1.315530990420575641e+00 2.439484626845262838e+01
1.317088753582707383e+00 2.434484115849499020e+01
1.318646516744840014e+00 2.374850994809107618e+01
1.320204279906971756e+00 2.569253963742361790e+01
1.321762043069103498e+00 2.940000745963707729e+01
1.323319806231236129e+00 2.790133655247041133e+01
1.324877569393367871e+00 2.702541112796702905e+01
1.326435332555500501e+00 2.569121543909240302e+01
1.327993095717632244e+00 2.378174185542346208e+01
1.329550858879763986e+00 2.727001214832337794e+01
1.331108622041896616e+00 3.100212904610019038e+01
1.332666385204028359e+00 2.594559283981750397e+01
1.334224148366160989e+00 2.824716740546404381e+01
1.335781911528292731e+00 3.051494948687639308e+01
1.337339674690425362e+00 2.336756650002775615e+01
1.338897437852557104e+00 2.397950542461927981e+01
1.340455201014688846e+00 2.450626059016117964e+01
1.342012964176821477e+00 2.817789478784132484e+01
1.343570727338953219e+00 3.196666609224023148e+01
1.345128490501085849e+00 2.863346804776185195e+01
1.346686253663217592e+00 2.042232143625421159e+01
1.348244016825350222e+00 2.580154408787137044e+01
1.349801779987481964e+00 3.081370122242311638e+01
1.351359543149613707e+00 3.337743105224421925e+01
1.352917306311746337e+00 3.272972315865873583e+01
1.354475069473878079e+00 2.837616638456833940e+01
1.356032832636010710e+00 3.290369060883462282e+01
1.357590595798142452e+00 3.217632771486040610e+01
1.359148358960275083e+00 2.970764521229687460e+01
1.360706122122406825e+00 3.045962920298161336e+01
1.362263885284538567e+00 2.371163447970726068e+01
1.363821648446671198e+00 2.624842282342967437e+01
1.365379411608802940e+00 2.677407223946939752e+01
1.366937174770935570e+00 2.687743961093709544e+01
1.368494937933067312e+00 2.200797706911171758e+01
1.370052701095199943e+00 2.409292543402389697e+01
1.371610464257331685e+00 2.617406204665593705e+01
1.373168227419463427e+00 2.581582569242110736e+01
1.374725990581596058e+00 2.759855616578349924e+01
1.376283753743727800e+00 3.040730854387233251e+01
1.377841516905860431e+00 3.084180567009079965e+01
1.379399280067992173e+00 2.870544332961767964e+01
1.380957043230124803e+00 3.386556908461039228e+01
1.382514806392256546e+00 3.171476547558974701e+01
1.384072569554388288e+00 2.999797267611582186e+01
1.385630332716520918e+00 2.683005987745174892e+01
1.387188095878652661e+00 2.539989498690346181e+01
1.388745859040785291e+00 2.622568478464978625e+01
1.390303622202917033e+00 2.719066408265015156e+01
1.391861385365049664e+00 2.495267923082015571e+01
1.393419148527181406e+00 2.915351443011019938e+01
1.394976911689313148e+00 2.908091783086709725e+01
1.396534674851445779e+00 2.656075775561646424e+01
1.398092438013577521e+00 2.593556348884178675e+01
1.399650201175710151e+00 2.960547124463727187e+01
1.401207964337841894e+00 2.794347993234133654e+01
1.402765727499973636e+00 2.602190886069653075e+01
1.404323490662106266e+00 3.002588409948645065e+01
1.405881253824238009e+00 3.086661324371852899e+01
1.407439016986370639e+00 2.783257831101362356e+01
1.408996780148502381e+00 2.552339962836850162e+01
1.410554543310635012e+00 2.829963753617887079e+01
1.412112306472766754e+00 2.610545887898068784e+01
1.413670069634898496e+00 2.187402523595455861e+01
1.415227832797031127e+00 2.704116788509376690e+01
1.416785595959162869e+00 2.706227285286396977e+01
1.418343359121295499e+00 2.136967378733971046e+01
1.419901122283427242e+00 2.602776272664194579e+01
1.421458885445559872e+00 2.786499044910005196e+01
1.423016648607691614e+00 2.625517711691535894e+01
1.424574411769823357e+00 3.065170038439066147e+01
1.426132174931955987e+00 3.107183244721981907e+01
1.427689938094087729e+00 2.621829890166401356e+01
1.429247701256220360e+00 2.712983492240477901e+01
1.430805464418352102e+00 3.027017034862545941e+01
1.432363227580484732e+00 2.911090083682464780e+01
1.433920990742616475e+00 2.670681976377241185e+01
1.435478753904748217e+00 2.619216933100209133e+01
1.437036517066880847e+00 2.295510241464317502e+01
1.438594280229012590e+00 3.049457513440848899e+01
1.440152043391145220e+00 3.176173912535747590e+01
1.441709806553276962e+00 2.946413330680180920e+01
1.443267569715409593e+00 2.536404690735534828e+01
1.444825332877541335e+00 2.231368575319931935e+01
1.446383096039673077e+00 2.307779007434139373e+01
1.447940859201805708e+00 2.736243684811096699e+01
1.449498622363937450e+00 2.763971067815321092e+01
1.451056385526070081e+00 3.068005613912865215e+01
1.452614148688201823e+00 2.762102138752093339e+01
1.454171911850334453e+00 2.325195675121614869e+01
1.455729675012466195e+00 2.890654329367777109e+01
1.457287438174597938e+00 3.090851429777734083e+01
1.458845201336730568e+00 2.671114104803175593e+01
1.460402964498862310e+00 2.520816137845168470e+01
1.461960727660994941e+00 2.708199277150693618e+01
1.463518490823126683e+00 2.539118492521304660e+01
1.465076253985259314e+00 2.722540738517345105e+01
1.466634017147391056e+00 2.682415066799750392e+01
1.468191780309522798e+00 3.258273663638196638e+01
1.469749543471655429e+00 2.722429848014312981e+01
1.471307306633787171e+00 2.558276794870036142e+01
1.472865069795919801e+00 2.588643227775556710e+01
1.474422832958051544e+00 2.634084363108702220e+01
1.475980596120183286e+00 2.667253980370521305e+01
1.477538359282315916e+00 3.113138895448444288e+01
1.479096122444447658e+00 2.743563472865116992e+01
1.480653885606580289e+00 2.906898887147587374e+01
1.482211648768712031e+00 3.042539423039263013e+01
1.483769411930844662e+00 2.854992272145624810e+01
1.485327175092976404e+00 2.547519849020631000e+01
1.486884938255108146e+00 2.753639305856351172e+01
1.488442701417240777e+00 2.983323776581498876e+01
1.490000464579372519e+00 2.849228880548425735e+01
1.491558227741505149e+00 2.789666232733973317e+01
1.493115990903636892e+00 2.613284299474308270e+01
1.494673754065769522e+00 2.837221315549517442e+01
1.496231517227901264e+00 2.513322505767776605e+01
1.497789280390033007e+00 2.827364134274803931e+01
1.499347043552165637e+00 2.944561700809733651e+01
1.500904806714297379e+00 2.752237119540534493e+01
1.502462569876430010e+00 2.802004720816056604e+01
1.504020333038561752e+00 3.102028173875916295e+01
1.505578096200694382e+00 2.613367446699298924e+01
1.507135859362826125e+00 2.005745533738798514e+01
1.508693622524957867e+00 3.036254849519784926e+01
1.510251385687090497e+00 3.063721997836426425e+01
1.511809148849222240e+00 3.114296557913070274e+01
1.513366912011354870e+00 2.852798726778571492e+01
1.514924675173486612e+00 2.527313330240787437e+01
1.516482438335619243e+00 2.634096470820582425e+01
1.518040201497750985e+00 3.227576288859261666e+01
1.519597964659882727e+00 2.881659190334068654e+01
1.521155727822015358e+00 2.591849988637413205e+01
1.522713490984147100e+00 2.910087564092374279e+01
1.524271254146279730e+00 2.557360977362378662e+01
1.525829017308411473e+00 2.364806187958661354e+01
1.527386780470544103e+00 2.633495522968437186e+01
1.528944543632675845e+00 2.660051135883797002e+01
1.530502306794807588e+00 2.595361712901288342e+01
1.532060069956940218e+00 2.901075705161569829e+01
1.533617833119071960e+00 2.347943988586625963e+01
1.535175596281204591e+00 2.330424810456782581e+01
1.536733359443336333e+00 2.465093493819649240e+01
1.538291122605468964e+00 2.553697141810931370e+01
1.539848885767600706e+00 2.552337638660136321e+01
1.541406648929732448e+00 2.433122473243586015e+01
1.542964412091865078e+00 2.507375790546194594e+01
1.544522175253996821e+00 2.214228185973658825e+01
1.546079938416129451e+00 2.927920533789495749e+01
1.547637701578261193e+00 3.111506615607310522e+01
1.549195464740392936e+00 2.872659081612534848e+01
1.550753227902525566e+00 2.700908854220857691e+01
1.552310991064657308e+00 2.368888404416154003e+01
1.553868754226789939e+00 2.313777449221363014e+01
1.555426517388921681e+00 2.914411580185502970e+01
1.556984280551054312e+00 2.991254552491372110e+01
1.558542043713186054e+00 3.092835788400412156e+01
1.560099806875317796e+00 2.400240938683552372e+01
1.561657570037450427e+00 2.284367970924220259e+01
1.563215333199582169e+00 2.692962413584395520e+01
1.564773096361714799e+00 2.582503694954730378e+01
1.566330859523846541e+00 2.282117935854801516e+01
1.567888622685979172e+00 2.351504931102238771e+01
1.569446385848110914e+00 3.102826877522065629e+01
1.571004149010242656e+00 3.252864290204603037e+01
1.572561912172375287e+00 2.651524241698564666e+01
1.574119675334507029e+00 2.553843208190925296e+01
1.575677438496639660e+00 2.260577099244702737e+01
1.577235201658771402e+00 2.615109007623504311e+01
1.578792964820904032e+00 2.392154523782538433e+01
1.580350727983035775e+00 2.147832420143584287e+01
1.581908491145167517e+00 2.344949662995764683e+01
1.583466254307300147e+00 2.462136937203386466e+01
1.585024017469431890e+00 2.284996636860011066e+01
1.586581780631564520e+00 2.507215895000061678e+01
1.588139543793696262e+00 2.996356572474435609e+01
1.589697306955828893e+00 2.974288639126015710e+01
1.591255070117960635e+00 2.411020386309894903e+01
1.592812833280092377e+00 2.636331235210215951e+01
1.594370596442225008e+00 2.670541501427196707e+01
1.595928359604356750e+00 2.465432815833748847e+01
1.597486122766489380e+00 2.512087303906884372e+01
1.599043885928621123e+00 2.650867053598652845e+01
1.600601649090753753e+00 2.657477181075859107e+01
1.602159412252885495e+00 3.319255507849147335e+01
1.603717175415017238e+00 2.778314767425789356e+01
1.605274938577149868e+00 2.770812719779951294e+01
1.606832701739281610e+00 2.616871298943656399e+01
1.608390464901414241e+00 2.666204642560634142e+01
1.609948228063545983e+00 2.607607208666474818e+01
1.611505991225678613e+00 2.222337572526817695e+01
1.613063754387810356e+00 2.075125192913813166e+01
1.614621517549942098e+00 2.070138472235382210e+01
1.616179280712074728e+00 2.592020150373663867e+01
1.617737043874206471e+00 3.197270801110135352e+01
1.619294807036339101e+00 2.731576760445139840e+01
1.620852570198470843e+00 2.506469522501314984e+01
1.622410333360602586e+00 2.699219691802327148e+01
1.623968096522735216e+00 2.693695879978715979e+01
1.625525859684866958e+00 2.460521299764581116e+01
1.627083622846999589e+00 2.735446170395072230e+01
1.628641386009131331e+00 2.643231099578712318e+01
1.630199149171263961e+00 2.375056663796790701e+01
1.631756912333395704e+00 2.558622898876748053e+01
1.633314675495527446e+00 2.234842157383159034e+01
1.634872438657660076e+00 2.147462068971692872e+01
1.636430201819791819e+00 2.479198727040630956e+01
1.637987964981924449e+00 2.871510954361206913e+01
1.639545728144056191e+00 2.739277841972777949e+01
1.641103491306188822e+00 2.913273809050800267e+01
1.642661254468320564e+00 3.095234643318702794e+01
1.644219017630452306e+00 2.558461034891807984e+01
1.645776780792584937e+00 2.178383495346711385e+01
1.647334543954716679e+00 2.444498613579609980e+01
1.648892307116849310e+00 2.670685310816519831e+01
1.650450070278981052e+00 2.116827786488513752e+01
1.652007833441113682e+00 2.236008884467271329e+01
1.653565596603245424e+00 2.000657552052194177e+01
1.655123359765377167e+00 2.242565686643534306e+01
1.656681122927509797e+00 1.995676250512897809e+01
1.658238886089641539e+00 2.257477746461839629e+01
1.659796649251774170e+00 2.453422122701673302e+01
1.661354412413905912e+00 2.738930971220761279e+01
1.662912175576038543e+00 3.383947027155286236e+01
1.664469938738170285e+00 2.540911073805390075e+01
1.666027701900302027e+00 2.435427409117501796e+01
1.667585465062434658e+00 2.608541075316824021e+01
1.669143228224566400e+00 2.791130817142446574e+01
1.670700991386699030e+00 3.100928972643431791e+01
1.672258754548830773e+00 3.023046773010291943e+01
1.673816517710963403e+00 2.612195306003042461e+01
1.675374280873095145e+00 2.461101647803602432e+01
1.676932044035226888e+00 2.408475673933933692e+01
1.678489807197359518e+00 2.793186053758204324e+01
1.680047570359491260e+00 2.232079500906071345e+01
1.681605333521623891e+00 2.579628941701537315e+01
1.683163096683755633e+00 2.061793500067535945e+01
1.684720859845888263e+00 2.349698953613186347e+01
1.686278623008020006e+00 2.912216847127916353e+01
1.687836386170151748e+00 3.187424052957588572e+01
1.689394149332284378e+00 2.747732777451053110e+01
1.690951912494416121e+00 2.414078281434964524e+01
1.692509675656548751e+00 2.704624106259828764e+01
1.694067438818680493e+00 2.999897340701317816e+01
1.695625201980812236e+00 2.885668579602382877e+01
1.697182965142944866e+00 3.131066894962935621e+01
1.698740728305076608e+00 2.543467532116032359e+01
1.700298491467209239e+00 2.237932553307172512e+01
1.701856254629340981e+00 2.287664709839368982e+01
1.703414017791473611e+00 2.198595090288251086e+01
1.704971780953605354e+00 2.208106891841791253e+01
1.706529544115737096e+00 2.458059793436909857e+01
1.708087307277869726e+00 2.222573162847583816e+01
1.709645070440001469e+00 2.908530094106071218e+01
1.711202833602134099e+00 2.555640462476936392e+01
1.712760596764265841e+00 3.002309865486220630e+01
1.714318359926398472e+00 2.617107804601157994e+01
1.715876123088530214e+00 2.437144318581592373e+01
1.717433886250661956e+00 2.848972773743069098e+01
1.718991649412794587e+00 2.763097589352342354e+01
1.720549412574926329e+00 2.767559386680435551e+01
1.722107175737058959e+00 2.363076241174255898e+01
1.723664938899190702e+00 3.089101550292766163e+01
1.725222702061323332e+00 2.875291739575840211e+01
1.726780465223455074e+00 2.536153415651759602e+01
1.728338228385586817e+00 2.457981309688879534e+01
1.729895991547719447e+00 2.380032932187065597e+01
1.731453754709851189e+00 2.796468369898940409e+01
1.733011517871983820e+00 3.223858633186439704e+01
1.734569281034115562e+00 2.551385370942379893e+01
1.736127044196248193e+00 2.422295955080880603e+01
1.737684807358379935e+00 2.894961661861314539e+01
1.739242570520511677e+00 2.444610764297684469e+01
1.740800333682644307e+00 2.585198352457775073e+01
1.742358096844776050e+00 2.824137198545532002e+01
1.743915860006908680e+00 2.782757647838220549e+01
1.745473623169040422e+00 2.423182232697324423e+01
1.747031386331173053e+00 2.219557068979095504e+01
1.748589149493304795e+00 2.799176225927159578e+01
1.750146912655436537e+00 2.629585197024109533e+01
1.751704675817569168e+00 3.273040972299430251e+01
1.753262438979700910e+00 2.984782267930941302e+01
1.754820202141833541e+00 3.070476146478122104e+01
1.756377965303965283e+00 2.811840757140939573e+01
1.757935728466097913e+00 2.960020575586021963e+01
1.759493491628229656e+00 2.711252062684260977e+01
1.761051254790361398e+00 2.348173052988812159e+01
1.762609017952494028e+00 2.408257100304713205e+01
1.764166781114625770e+00 2.504329449647838146e+01
1.765724544276758401e+00 2.517201727947408685e+01
1.767282307438890143e+00 3.450274162461787597e+01
1.768840070601021885e+00 2.174625978942734505e+01
1.770397833763154516e+00 2.766727741353907888e+01
1.771955596925286258e+00 2.707359571541811505e+01
1.773513360087418889e+00 2.719708140904435822e+01
1.775071123249550631e+00 3.115532293968923483e+01
1.776628886411683261e+00 3.155088594439005334e+01
1.778186649573815004e+00 2.583863139117042707e+01
1.779744412735946746e+00 2.108054418210333125e+01
1.781302175898079376e+00 2.472217648550936175e+01
1.782859939060211119e+00 2.403327852268071396e+01
1.784417702222343749e+00 2.753574564798525159e+01
1.785975465384475491e+00 3.023916859408034696e+01
1.787533228546608122e+00 3.037579485946857716e+01
1.789090991708739864e+00 2.897558372353583067e+01
1.790648754870871606e+00 2.770881209081627006e+01
1.792206518033004237e+00 2.696812472560062091e+01
1.793764281195135979e+00 2.616587275126822476e+01
1.795322044357268609e+00 2.052168844173855433e+01
1.796879807519400352e+00 2.660401410046765847e+01
1.798437570681532982e+00 2.295206119900013064e+01
1.799995333843664724e+00 2.146459098544521638e+01
1.801553097005796467e+00 2.675004376773040704e+01
1.803110860167929097e+00 2.872067822449600882e+01
1.804668623330060839e+00 2.613590133484633427e+01
1.806226386492193470e+00 2.472134695900501811e+01
1.807784149654325212e+00 2.517311479575525013e+01
1.809341912816457842e+00 2.368941358164743960e+01
1.810899675978589585e+00 2.215925179000950607e+01
1.812457439140721327e+00 2.046111069173381480e+01
1.814015202302853957e+00 2.425518929664142931e+01
1.815572965464985700e+00 2.380372867998881503e+01
1.817130728627118330e+00 2.511752817306077645e+01
1.818688491789250072e+00 2.693568371357683588e+01
1.820246254951382703e+00 2.680993432474635085e+01
1.821804018113514445e+00 2.501832016285753113e+01
1.823361781275646187e+00 2.594233001692768070e+01
1.824919544437778818e+00 2.730258507170847437e+01
1.826477307599910560e+00 2.523799633400760811e+01
1.828035070762043190e+00 2.304545371520261199e+01
1.829592833924174933e+00 2.459160310485509982e+01
1.831150597086307563e+00 2.558943268264043169e+01
1.832708360248439305e+00 2.221497921882154714e+01
1.834266123410571048e+00 2.228994508454004020e+01
1.835823886572703678e+00 2.511263087952482564e+01
1.837381649734835420e+00 3.076816787764546390e+01
1.838939412896968051e+00 3.027408804486006133e+01
1.840497176059099793e+00 2.406401346320680901e+01
1.842054939221231535e+00 2.314248643931663096e+01
1.843612702383364166e+00 2.152114961129554516e+01
1.845170465545495908e+00 2.273961189679008754e+01
1.846728228707628539e+00 3.214744310228602586e+01
1.848285991869760281e+00 3.421030232877253496e+01
1.849843755031892911e+00 2.585433598698905300e+01
1.851401518194024653e+00 2.205873333134526249e+01
1.852959281356156396e+00 2.128788382253616263e+01
1.854517044518289026e+00 2.536872870296972948e+01
1.856074807680420768e+00 3.070006297486899882e+01
1.857632570842553399e+00 2.591960223620075965e+01
1.859190334004685141e+00 2.404202658074342835e+01
1.860748097166817772e+00 2.090922275309326750e+01
1.862305860328949514e+00 2.898320428988153807e+01
1.863863623491081256e+00 2.477787921722904940e+01
1.865421386653213887e+00 2.385732558632260591e+01
1.866979149815345629e+00 2.360855768129238186e+01
1.868536912977478259e+00 2.340946058353826231e+01
1.870094676139610002e+00 2.623590890017061028e+01
1.871652439301742632e+00 2.776261168182420391e+01
1.873210202463874374e+00 3.396220445622816442e+01
1.874767965626006117e+00 2.562150583878957377e+01
1.876325728788138747e+00 3.198208215054019377e+01
1.877883491950270489e+00 2.714548829923337081e+01
1.879441255112403120e+00 2.398951705533579215e+01
1.880999018274534862e+00 2.336011154119287525e+01
1.882556781436667492e+00 2.328202808773414745e+01
1.884114544598799235e+00 2.481205666952195443e+01
1.885672307760930977e+00 2.656499269185412970e+01
1.887230070923063607e+00 2.642263703426775479e+01
1.888787834085195350e+00 2.743790589087550202e+01
1.890345597247327980e+00 3.044697677126139723e+01
1.891903360409459722e+00 3.382326956133905327e+01
1.893461123571592353e+00 2.794890587092351808e+01
1.895018886733724095e+00 2.800744583937532184e+01
1.896576649895855837e+00 2.194046629185485386e+01
1.898134413057988468e+00 2.725861429216167053e+01
1.899692176220120210e+00 2.709457393130424308e+01
1.901249939382252840e+00 2.407716400943676049e+01
1.902807702544384583e+00 2.692420527432319233e+01
1.904365465706517213e+00 2.710880922864961917e+01
1.905923228868648955e+00 2.610740160217387995e+01
1.907480992030780698e+00 2.469648620956527907e+01
1.909038755192913328e+00 2.706014472286651440e+01
1.910596518355045070e+00 2.893703370597676994e+01
1.912154281517177701e+00 2.115200211037478439e+01
1.913712044679309443e+00 2.109969202943072375e+01
1.915269807841441185e+00 2.125908824148551801e+01
1.916827571003573816e+00 2.429109223617028945e+01
1.918385334165705558e+00 2.731791727099641776e+01
1.919943097327838188e+00 2.610020614453562970e+01
1.921500860489969931e+00 1.840772172000754381e+01
1.923058623652102561e+00 2.326674622897658651e+01
1.924616386814234303e+00 2.163947976546297269e+01
1.926174149976366046e+00 1.992548560130975943e+01
1.927731913138498676e+00 2.617910002476321907e+01
1.929289676300630418e+00 2.489455376446500878e+01
1.930847439462763049e+00 2.257328196764985151e+01
1.932405202624894791e+00 2.047254116113639810e+01
1.933962965787027422e+00 2.302146173698556453e+01
1.935520728949159164e+00 2.492549330130879071e+01
1.937078492111290906e+00 2.111198098093549547e+01
1.938636255273423536e+00 2.260502187210688518e+01
1.940194018435555279e+00 2.596372591251394724e+01
1.941751781597687909e+00 2.747953794269094985e+01
1.943309544759819651e+00 2.359240496787272434e+01
1.944867307921952282e+00 2.588323736562052346e+01
1.946425071084084024e+00 2.610392114590457169e+01
1.947982834246215766e+00 2.380093936633999263e+01
1.949540597408348397e+00 2.123897025843248443e+01
1.951098360570480139e+00 2.184644686960831095e+01
1.952656123732612770e+00 2.442662288973252416e+01
1.954213886894744512e+00 2.547495362647626393e+01
1.955771650056877142e+00 2.701662643597022750e+01
1.957329413219008885e+00 1.999404254030904582e+01
1.958887176381140627e+00 2.047753182013653017e+01
1.960444939543273257e+00 2.579250808148967877e+01
1.962002702705405000e+00 2.137422234288148815e+01
1.963560465867537630e+00 2.193941703534065368e+01
1.965118229029669372e+00 2.570866739344477736e+01
1.966675992191802003e+00 2.458110947126876056e+01
1.968233755353933745e+00 2.386204089487595681e+01
1.969791518516065487e+00 2.602355814039209747e+01
1.971349281678198118e+00 2.680511995262581593e+01
1.972907044840329860e+00 2.234713350487899319e+01
1.974464808002462490e+00 2.554716294444900626e+01
1.976022571164594233e+00 2.013299336721647848e+01
1.977580334326726863e+00 2.691485017423617165e+01
1.979138097488858605e+00 2.523389446770179134e+01
1.980695860650990348e+00 2.348221592900584653e+01
1.982253623813122978e+00 2.267409537807041886e+01
1.983811386975254720e+00 2.508474729096257150e+01
1.985369150137387351e+00 2.693719464053529578e+01
1.986926913299519093e+00 2.373617403020382000e+01
1.988484676461650835e+00 2.427074226449147432e+01
1.990042439623783466e+00 2.891746732235199246e+01
1.991600202785915208e+00 2.883157286742457259e+01
1.993157965948047838e+00 2.974357042117712169e+01
1.994715729110179581e+00 2.424114643600873009e+01
1.996273492272312211e+00 2.957642504319282395e+01
1.997831255434443953e+00 2.788434205758008133e+01
1.999389018596575696e+00 2.484551366660641492e+01
2.000946781758708326e+00 2.702363656074085796e+01
2.002504544920840068e+00 2.800102841934302589e+01
2.004062308082972699e+00 2.482358398182729431e+01
2.005620071245104441e+00 2.362177460320713607e+01
2.007177834407237071e+00 2.437584597944767850e+01
2.008735597569368814e+00 2.260846828407194309e+01
2.010293360731500556e+00 2.274457458795633613e+01
2.011851123893633186e+00 2.070060723439043215e+01
2.013408887055764929e+00 2.069174511695292651e+01
2.014966650217897559e+00 2.207775583082697324e+01
2.016524413380029301e+00 2.604111532866093270e+01
2.018082176542161932e+00 2.880300178480613482e+01
2.019639939704293674e+00 2.553003308032012342e+01
2.021197702866425416e+00 2.408487647297604894e+01
2.022755466028558047e+00 2.263439628311051877e+01
2.024313229190689789e+00 2.180369908353600295e+01
2.025870992352822419e+00 2.640435365351614649e+01
2.027428755514954162e+00 2.487302665401756485e+01
2.028986518677086792e+00 2.700624888618907704e+01
2.030544281839218534e+00 2.867775037243743697e+01
2.032102045001350277e+00 2.633593469262286035e+01
2.033659808163482907e+00 2.536741006826024858e+01
2.035217571325614649e+00 2.784363871093970388e+01
2.036775334487747280e+00 2.717629823638094422e+01
2.038333097649879022e+00 2.615691901942669872e+01
2.039890860812011653e+00 2.076711815190517640e+01
2.041448623974143395e+00 2.367821101783801652e+01
2.043006387136275137e+00 2.557600050152203153e+01
2.044564150298407768e+00 2.276990030648515528e+01
2.046121913460539510e+00 2.681976827451250500e+01
2.047679676622672140e+00 2.538701353180966791e+01
2.049237439784803883e+00 2.475352763195454742e+01
2.050795202946936513e+00 2.376455038035970802e+01
2.052352966109068255e+00 2.325378241263967283e+01
2.053910729271199997e+00 2.204515850669807620e+01
2.055468492433332628e+00 2.198223383395087183e+01
2.057026255595464370e+00 2.132039679152112299e+01
2.058584018757597001e+00 2.048505580155700301e+01
2.060141781919728743e+00 2.118020725117259317e+01
2.061699545081860485e+00 2.393530931588606947e+01
2.063257308243993116e+00 2.473508426644807301e+01
2.064815071406124858e+00 2.682336722401343110e+01
2.066372834568257488e+00 2.562094552140455406e+01
2.067930597730389231e+00 2.342278834923742181e+01
2.069488360892521861e+00 2.360541426001617538e+01
2.071046124054653603e+00 2.622764872950819282e+01
2.072603887216785346e+00 2.634368258606360058e+01
2.074161650378917976e+00 2.568384869419310945e+01
2.075719413541049718e+00 2.500550262154091286e+01
2.077277176703182349e+00 2.909056579383808128e+01
2.078834939865314091e+00 2.215214192508096502e+01
2.080392703027446721e+00 2.194298761974377854e+01
2.081950466189578464e+00 1.891138408487736200e+01
2.083508229351710206e+00 2.407510600550450164e+01
2.085065992513842836e+00 2.541485251956485669e+01
2.086623755675974579e+00 2.601340463123750268e+01
2.088181518838107209e+00 2.618944712824406906e+01
2.089739282000238951e+00 2.406054397564353309e+01
2.091297045162371582e+00 2.494150876400900074e+01
2.092854808324503324e+00 2.447780878046487985e+01
2.094412571486635066e+00 2.905900357861596817e+01
2.095970334648767697e+00 2.663218642661164992e+01
2.097528097810899439e+00 2.513673439762056816e+01
2.099085860973032069e+00 2.834349935845424184e+01
2.100643624135163812e+00 2.752894394498880359e+01
2.102201387297296442e+00 2.613195840333107967e+01
2.103759150459428184e+00 2.676431393612459786e+01
2.105316913621559927e+00 2.660536092845293155e+01
2.106874676783692557e+00 2.490705472271795884e+01
2.108432439945824299e+00 2.461351548780773868e+01
2.109990203107956930e+00 2.221633382353654795e+01
2.111547966270088672e+00 2.496001484710016882e+01
2.113105729432221302e+00 2.663016573335501747e+01
2.114663492594353045e+00 2.261910089496789311e+01
2.116221255756484787e+00 2.167173481007425551e+01
2.117779018918617417e+00 2.040152353166281074e+01
2.119336782080749160e+00 2.296500901232082015e+01
2.120894545242881790e+00 2.659208330139945531e+01
2.122452308405013532e+00 3.020649205247622504e+01
2.124010071567146163e+00 3.189969683841673742e+01
2.125567834729277905e+00 2.635504910659075861e+01
2.127125597891409647e+00 2.220238436073440624e+01
2.128683361053542278e+00 2.412742015681060792e+01
2.130241124215674020e+00 1.859815952652877158e+01
2.131798887377806651e+00 2.456686537825228811e+01
2.133356650539938393e+00 2.034439502952228551e+01
2.134914413702070135e+00 2.642347686939744378e+01
2.136472176864202766e+00 2.579215999871330212e+01
2.138029940026334508e+00 2.602972560452705153e+01
2.139587703188467138e+00 2.502668528318951502e+01
2.141145466350598880e+00 2.375051613464787437e+01
2.142703229512731511e+00 2.434051265642711925e+01
2.144260992674863253e+00 2.423966826424913990e+01
2.145818755836994995e+00 2.610673832827139051e+01
2.147376518999127626e+00 2.211921862913796488e+01
2.148934282161259368e+00 2.247765164859046649e+01
2.150492045323391999e+00 2.450888074098100233e+01
2.152049808485523741e+00 2.317021142741342743e+01
2.153607571647656371e+00 2.604407918451881443e+01
2.155165334809788114e+00 2.816289918603698084e+01
2.156723097971919856e+00 2.689859838658478353e+01
2.158280861134052486e+00 2.471576588758954784e+01
2.159838624296184229e+00 2.521492088618728644e+01
2.161396387458316859e+00 2.488853483479639550e+01
2.162954150620448601e+00 2.401581268746416242e+01
2.164511913782581232e+00 1.892219151249901188e+01
2.166069676944712974e+00 2.664149864698263670e+01
2.167627440106844716e+00 2.278075054778541997e+01
2.169185203268977347e+00 2.382451806257235560e+01
2.170742966431109089e+00 2.291985774389128139e+01
2.172300729593241719e+00 2.583770702613677983e+01
2.173858492755373462e+00 2.974718415027178509e+01
2.175416255917506092e+00 2.813967282993325725e+01
2.176974019079637834e+00 2.712284643660737871e+01
2.178531782241769577e+00 2.820896686487160565e+01
2.180089545403902207e+00 2.382975916634024216e+01
2.181647308566033949e+00 2.272657696688951390e+01
2.183205071728166580e+00 2.238931137033182850e+01
2.184762834890298322e+00 2.590351587612917683e+01
2.186320598052430952e+00 2.392750936106789084e+01
2.187878361214562695e+00 2.665376107861722943e+01
2.189436124376694437e+00 2.172771434263886547e+01
2.190993887538827067e+00 2.095983878967812686e+01
2.192551650700958810e+00 2.178832712263407956e+01
2.194109413863091440e+00 2.257598076239074558e+01
2.195667177025223182e+00 2.267515132147197932e+01
2.197224940187355813e+00 2.620566287733956301e+01
2.198782703349487555e+00 2.358960575534746340e+01
2.200340466511619297e+00 2.246489145502589935e+01
2.201898229673751928e+00 2.495882193703165086e+01
2.203455992835883670e+00 2.674650032347182460e+01
2.205013755998016300e+00 2.861772083387499777e+01
2.206571519160148043e+00 2.776464889186440388e+01
2.208129282322279785e+00 2.502895274904614453e+01
2.209687045484412415e+00 2.614339637177759457e+01
2.211244808646544158e+00 2.827867979280224731e+01
2.212802571808676788e+00 2.500873606938629834e+01
2.214360334970808530e+00 2.357758693189374455e+01
2.215918098132941161e+00 1.996581599442439625e+01
2.217475861295072903e+00 2.062809203778745371e+01
2.219033624457204645e+00 2.444269791119931767e+01
2.220591387619337276e+00 2.699502341304440733e+01
2.222149150781469018e+00 2.511144397021272212e+01
2.223706913943601648e+00 2.659294141969762393e+01
2.225264677105733391e+00 2.765903726776334892e+01
2.226822440267866021e+00 2.653032978596670688e+01
2.228380203429997763e+00 2.312889250589094559e+01
2.229937966592129506e+00 2.080842293541574861e+01
2.231495729754262136e+00 2.256416427672367675e+01
2.233053492916393878e+00 2.209454199372022742e+01
2.234611256078526509e+00 2.486073081197763912e+01
2.236169019240658251e+00 2.651435535456328196e+01
2.237726782402790882e+00 2.908389479893871155e+01
2.239284545564922624e+00 2.216604056618053065e+01
2.240842308727054366e+00 2.201344029190901352e+01
2.242400071889186997e+00 2.549541952743435758e+01
2.243957835051318739e+00 2.483983166871475490e+01
2.245515598213451369e+00 2.595531471837649207e+01
2.247073361375583112e+00 2.868609835363250937e+01
2.248631124537715742e+00 2.661523808056441354e+01
2.250188887699847484e+00 2.577937031850827054e+01
2.251746650861979226e+00 2.675070858676859231e+01
2.253304414024111857e+00 2.113640237344067785e+01
2.254862177186243599e+00 2.371575948306550785e+01
2.256419940348376230e+00 2.409770680602977677e+01
2.257977703510507972e+00 2.091741205435618767e+01
2.259535466672640602e+00 2.247333270306603836e+01
2.261093229834772345e+00 2.290727111246765801e+01
2.262650992996904087e+00 2.411147796020096123e+01
2.264208756159036717e+00 2.409652791492849389e+01
2.265766519321168460e+00 2.201646984648813898e+01
2.267324282483301090e+00 2.180487997412917522e+01
2.268882045645432832e+00 2.193293972692919169e+01
2.270439808807565463e+00 2.267012306809844446e+01
2.271997571969697205e+00 1.515768776143366026e+01
2.273555335131828947e+00 2.358490397678405870e+01
2.275113098293961578e+00 2.362567126947484297e+01
2.276670861456093320e+00 2.239791951435854500e+01
2.278228624618225950e+00 2.513274944644723519e+01
2.279786387780357693e+00 2.434437212077672896e+01
2.281344150942489435e+00 2.398273865797253279e+01
2.282901914104622065e+00 2.541836372715899017e+01
2.284459677266753808e+00 2.595180300823155406e+01
2.286017440428886438e+00 2.822849465478917352e+01
2.287575203591018180e+00 2.839769423761591938e+01
2.289132966753150811e+00 2.612812825438756192e+01
2.290690729915282553e+00 2.197847340148864248e+01
2.292248493077414295e+00 2.029198843387112206e+01
2.293806256239546926e+00 2.650404610678516093e+01
2.295364019401678668e+00 2.856213028601446169e+01
2.296921782563811298e+00 2.676828516800395619e+01
2.298479545725943041e+00 2.454485695797152189e+01
2.300037308888075671e+00 2.502658870392971480e+01
2.301595072050207413e+00 2.272136445896020973e+01
2.303152835212339156e+00 2.163609546698472386e+01
2.304710598374471786e+00 2.683064128474337195e+01
2.306268361536603528e+00 2.362361393011283184e+01
2.307826124698736159e+00 2.578163959456107790e+01
2.309383887860867901e+00 2.616763253529093447e+01
2.310941651023000531e+00 2.453555192227192094e+01
2.312499414185132274e+00 2.411576847071886220e+01
2.314057177347264016e+00 2.256116514310673793e+01
2.315614940509396646e+00 2.067595104638642667e+01
2.317172703671528389e+00 1.989850465569422511e+01
2.318730466833661019e+00 2.079610476288462451e+01
2.320288229995792761e+00 2.110838236136574508e+01
2.321845993157925392e+00 1.810013810999195627e+01
2.323403756320057134e+00 2.042013584989565445e+01
2.324961519482188876e+00 1.585451886533645727e+01
2.326519282644321507e+00 2.085818960752818185e+01
2.328077045806453249e+00 2.410554992512624750e+01
2.329634808968585880e+00 2.044111265453536319e+01
2.331192572130717622e+00 2.032330807524679983e+01
2.332750335292850252e+00 2.081563699075859475e+01
2.334308098454981995e+00 2.369664874008364563e+01
2.335865861617113737e+00 2.533997600697788499e+01
2.337423624779246367e+00 2.245066485864311900e+01
2.338981387941378109e+00 2.393420379979695412e+01
2.340539151103510740e+00 2.179124824191572785e+01
2.342096914265642482e+00 2.756374287037301229e+01
2.343654677427775113e+00 2.622836109922662828e+01
2.345212440589906855e+00 2.568033427722059159e+01
2.346770203752038597e+00 2.577425285265649890e+01
2.348327966914171228e+00 2.326261834711462839e+01
2.349885730076302970e+00 2.643443731535928265e+01
2.351443493238435600e+00 2.607438694509036381e+01
2.353001256400567343e+00 2.403515418458779607e+01
2.354559019562699085e+00 2.433720517253565774e+01
2.356116782724831715e+00 2.551748896119910981e+01
2.357674545886963458e+00 2.435912034785829050e+01
2.359232309049096088e+00 3.021971767477958437e+01
2.360790072211227830e+00 2.366914234342638323e+01
2.362347835373360461e+00 2.131401497921776311e+01
2.363905598535492203e+00 2.265074215338883334e+01
2.365463361697623945e+00 2.275337108725350177e+01
2.367021124859756576e+00 2.302810220538553665e+01
2.368578888021888318e+00 2.230315441191458348e+01
2.370136651184020948e+00 2.342402794262157428e+01
2.371694414346152691e+00 2.576974104229021378e+01
2.373252177508285321e+00 2.777695385619347590e+01
2.374809940670417063e+00 2.578456014044543210e+01
2.376367703832548806e+00 2.847179099995943830e+01
2.377925466994681436e+00 2.061038846559528182e+01
2.379483230156813178e+00 2.238737014475116993e+01
2.381040993318945809e+00 2.567614783936958389e+01
2.382598756481077551e+00 2.321080945238267290e+01
2.384156519643210181e+00 2.057023211614072977e+01
2.385714282805341924e+00 2.418077538456908115e+01
2.387272045967473666e+00 2.414141693493244389e+01
2.388829809129606296e+00 2.234950949420763777e+01
2.390387572291738039e+00 2.685857633329329985e+01
2.391945335453870669e+00 2.945277514817150788e+01
2.393503098616002411e+00 2.362716045316400937e+01
2.395060861778135042e+00 2.694319274034059220e+01
2.396618624940266784e+00 1.890214260927378120e+01
2.398176388102398526e+00 2.499710403518684743e+01
2.399734151264531157e+00 2.830984992162618497e+01
2.401291914426662899e+00 2.483608124841417109e+01
2.402849677588795529e+00 2.372751306522314252e+01
2.404407440750927272e+00 2.419908933545692520e+01
2.405965203913059902e+00 2.440425854253409810e+01
2.407522967075191644e+00 2.161866427760374521e+01
2.409080730237323387e+00 2.008460300497245399e+01
2.410638493399456017e+00 2.080098628900207558e+01
2.412196256561587759e+00 2.586594707396726633e+01
2.413754019723720390e+00 1.652953867606930061e+01
2.415311782885852132e+00 2.089982943088510225e+01
2.416869546047984763e+00 1.986076408571624441e+01
2.418427309210116505e+00 2.501301308007478497e+01
2.419985072372248247e+00 2.855146442059023926e+01
2.421542835534380878e+00 2.920265596202630576e+01
2.423100598696512620e+00 2.755596547115402828e+01
2.424658361858645250e+00 2.590511020148115051e+01
2.426216125020776992e+00 2.870651388093146039e+01
2.427773888182908735e+00 1.993837062563405738e+01
2.429331651345041365e+00 2.118282028616355461e+01
2.430889414507173107e+00 2.701014586352897240e+01
2.432447177669305738e+00 2.531352286981993416e+01
2.434004940831437480e+00 2.318919439136596239e+01
2.435562703993570111e+00 2.137221104851552411e+01
2.437120467155701853e+00 1.699931814665696805e+01
2.438678230317833595e+00 2.043660756249050792e+01
2.440235993479966226e+00 2.206625486251259005e+01
2.441793756642097968e+00 2.137223727160579756e+01
2.443351519804230598e+00 2.651418027039634850e+01
2.444909282966362341e+00 2.374239402911280550e+01
2.446467046128494971e+00 2.410967622301564006e+01
2.448024809290626713e+00 2.109478679201959750e+01
2.449582572452758455e+00 2.482691828186483818e+01
2.451140335614891086e+00 2.681190586933893982e+01
2.452698098777022828e+00 2.411910850318857058e+01
2.454255861939155459e+00 2.306011927096763259e+01
2.455813625101287201e+00 2.312055637153300580e+01
2.457371388263419831e+00 2.458486682958335834e+01
2.458929151425551574e+00 2.443456680628879951e+01
2.460486914587683316e+00 2.220522439089235789e+01
2.462044677749815946e+00 2.690604293203202246e+01
2.463602440911947689e+00 2.685509394768855884e+01
2.465160204074080319e+00 2.894190905732264341e+01
2.466717967236212061e+00 2.523054628453176207e+01
2.468275730398344692e+00 2.842617198581172033e+01
2.469833493560476434e+00 2.637015809008498834e+01
2.471391256722608176e+00 2.359500417222292867e+01
2.472949019884740807e+00 2.410348390985149081e+01
2.474506783046872549e+00 2.289443699498810147e+01
2.476064546209005179e+00 1.932996924652334769e+01
2.477622309371136922e+00 1.889086881683347841e+01
2.479180072533269552e+00 2.554053413927776717e+01
2.480737835695401294e+00 2.830698741087013559e+01
2.482295598857533037e+00 2.575525482898407148e+01
2.483853362019665667e+00 2.129979167351271130e+01
2.485411125181797409e+00 2.227300789614201193e+01
2.486968888343930040e+00 2.361676543507641668e+01
2.488526651506061782e+00 2.469222824180641140e+01
2.490084414668194412e+00 2.303965337729911056e+01
2.491642177830326155e+00 2.395714203522243935e+01
2.493199940992457897e+00 2.513712635811603846e+01
2.494757704154590527e+00 2.781798158798895315e+01
2.496315467316722270e+00 2.941025289838319523e+01
2.497873230478854900e+00 2.293302999992918956e+01
2.499430993640986642e+00 2.355007565670523206e+01
2.500988756803118385e+00 2.529791330876511068e+01
2.502546519965251015e+00 2.260820913007217214e+01
2.504104283127382757e+00 2.180955610630840624e+01
2.505662046289515388e+00 2.527677828985583730e+01
2.507219809451647130e+00 2.227483234583018046e+01
2.508777572613779761e+00 1.998655837026316462e+01
2.510335335775911503e+00 1.828703701214340072e+01
2.511893098938043245e+00 2.198415183507693982e+01
2.513450862100175875e+00 2.727077846794889027e+01
2.515008625262307618e+00 2.439596825552083814e+01
2.516566388424440248e+00 2.572658355998088453e+01
2.518124151586571990e+00 1.989574038791694832e+01
2.519681914748704621e+00 2.528702520886232463e+01
2.521239677910836363e+00 2.575301208515699258e+01
2.522797441072968105e+00 2.199536580879716041e+01
2.524355204235100736e+00 2.267327719684224974e+01
2.525912967397232478e+00 2.121217884253689689e+01
2.527470730559365109e+00 2.173487556018784872e+01
2.529028493721496851e+00 2.456231653980346508e+01
2.530586256883629481e+00 2.381830177430772011e+01
2.532144020045761224e+00 2.308498727212640844e+01
2.533701783207892966e+00 2.231137335812172751e+01
2.535259546370025596e+00 2.697852240138862356e+01
2.536817309532157338e+00 2.020209031408111500e+01
2.538375072694289969e+00 2.239442705680165346e+01
2.539932835856421711e+00 2.545536839629687265e+01
2.541490599018554342e+00 2.259264735987701300e+01
2.543048362180686084e+00 2.111898799982877151e+01
2.544606125342817826e+00 2.167869064629888243e+01
2.546163888504950457e+00 2.224560785163791721e+01
2.547721651667082199e+00 2.010497412594091315e+01
2.549279414829214829e+00 1.593355807305231053e+01
2.550837177991346572e+00 1.939550521697757191e+01
2.552394941153479202e+00 2.266854092959994205e+01
2.553952704315610944e+00 2.251205215437590113e+01
2.555510467477742687e+00 2.348242007533652398e+01
2.557068230639875317e+00 2.539898282888889369e+01
2.558625993802007059e+00 2.305562697130543626e+01
2.560183756964139690e+00 2.245856298096678572e+01
2.561741520126271432e+00 2.231240927351132797e+01
2.563299283288404062e+00 2.267002639931115127e+01
2.564857046450535805e+00 2.189265237939354236e+01
2.566414809612667547e+00 2.116688378139743065e+01
2.567972572774800177e+00 2.237031164851049780e+01
2.569530335936931920e+00 2.254542656755537422e+01
2.571088099099064550e+00 1.884484277144055042e+01
2.572645862261196292e+00 1.694114971603560704e+01
2.574203625423328035e+00 1.974807406439368407e+01
2.575761388585460665e+00 2.369788168451845323e+01
2.577319151747592407e+00 2.394290445829783565e+01
2.578876914909725038e+00 2.158939589579101792e+01
2.580434678071856780e+00 2.268942126003178217e+01
2.581992441233989410e+00 2.326129958794345498e+01
2.583550204396121153e+00 2.308485796542010604e+01
2.585107967558252895e+00 2.444022648889003690e+01
2.586665730720385525e+00 1.954818811367417553e+01
2.588223493882517268e+00 2.082266630481565173e+01
2.589781257044649898e+00 2.573584286408859256e+01
2.591339020206781640e+00 2.086193827031613068e+01
2.592896783368914271e+00 2.083483252359147286e+01
2.594454546531046013e+00 2.093213128268568113e+01
2.596012309693177755e+00 1.965880602376456565e+01
2.597570072855310386e+00 2.269126573923954737e+01
2.599127836017442128e+00 2.430472543894387982e+01
2.600685599179574758e+00 1.980347635566213071e+01
2.602243362341706501e+00 2.215104664239536802e+01
2.603801125503839131e+00 1.669812652536720421e+01
2.605358888665970873e+00 1.889744460725571074e+01
2.606916651828102616e+00 2.314877121838943808e+01
2.608474414990235246e+00 2.098577578687629952e+01
2.610032178152366988e+00 2.154738014798162382e+01
2.611589941314499619e+00 2.123789864722035148e+01
2.613147704476631361e+00 2.211381228933588616e+01
2.614705467638763992e+00 2.221898839392324376e+01
2.616263230800895734e+00 1.968012618624980803e+01
2.617820993963027476e+00 2.141482648695702551e+01
2.619378757125160107e+00 1.808852356470779910e+01
2.620936520287291849e+00 2.525930038638302477e+01
2.622494283449424479e+00 2.679516579753344985e+01
2.624052046611556221e+00 2.304860769935508102e+01
2.625609809773688852e+00 2.073385732211242072e+01
2.627167572935820594e+00 2.261879346258851697e+01
2.628725336097952336e+00 2.224233767256416883e+01
2.630283099260084967e+00 1.962739429948894454e+01
2.631840862422216709e+00 2.168838491237179511e+01
2.633398625584349340e+00 2.440447478015177296e+01
2.634956388746481082e+00 2.487889828467503150e+01
2.636514151908613712e+00 2.066492848035564478e+01
2.638071915070745455e+00 1.782627207186147800e+01
2.639629678232877197e+00 2.511598840539078026e+01
2.641187441395009827e+00 2.288551352217880108e+01
2.642745204557141570e+00 2.069150417542932274e+01
2.644302967719274200e+00 2.344188287803761739e+01
2.645860730881405942e+00 2.368220394392816530e+01
2.647418494043537684e+00 2.252413977898156716e+01
2.648976257205670315e+00 2.680385288521266673e+01
2.650534020367802057e+00 2.716403645395000055e+01
2.652091783529934688e+00 2.658589119555036362e+01
2.653649546692066430e+00 2.102803287096368123e+01
2.655207309854199060e+00 3.031642305079944322e+01
2.656765073016330803e+00 2.147214940248012383e+01
2.658322836178462545e+00 2.314098462209602047e+01
2.659880599340595175e+00 2.612909969637084018e+01
2.661438362502726918e+00 2.266000864849752361e+01
2.662996125664859548e+00 2.155886602575218447e+01
2.664553888826991290e+00 2.496899824770445875e+01
2.666111651989123921e+00 2.413674033026250854e+01
2.667669415151255663e+00 1.776046076122368689e+01
2.669227178313387405e+00 2.198480090833540856e+01
2.670784941475520036e+00 2.276834843886891235e+01
2.672342704637651778e+00 1.557943023205677235e+01
2.673900467799784408e+00 2.339916417607168597e+01
2.675458230961916151e+00 2.412804428608306395e+01
2.677015994124048781e+00 2.722288020606611170e+01
2.678573757286180523e+00 2.487223887021474766e+01
2.680131520448312266e+00 2.228856445351343041e+01
2.681689283610444896e+00 2.378632428693575207e+01
2.683247046772576638e+00 2.448101473422271113e+01
2.684804809934709269e+00 2.149736682497509932e+01
2.686362573096841011e+00 2.583874937337185429e+01
2.687920336258973641e+00 1.767379376202557850e+01
2.689478099421105384e+00 2.490185075825911554e+01
2.691035862583237126e+00 2.880491949360535031e+01
2.692593625745369756e+00 2.199135117319464072e+01
2.694151388907501499e+00 2.022317714683118339e+01
2.695709152069634129e+00 1.729870356499794326e+01
2.697266915231765871e+00 1.706264752746752222e+01
2.698824678393898502e+00 1.723061197991910376e+01
2.700382441556030244e+00 1.858388226307141267e+01
2.701940204718161986e+00 2.161192735950713484e+01
2.703497967880294617e+00 2.395354548134459449e+01
2.705055731042426359e+00 2.439334688166651333e+01
2.706613494204558990e+00 2.145371838920971186e+01
2.708171257366690732e+00 1.937466254221210704e+01
2.709729020528823362e+00 2.030526615622579811e+01
2.711286783690955104e+00 2.666884529262211956e+01
2.712844546853086847e+00 2.440019147214782080e+01
2.714402310015219477e+00 2.091658243054952493e+01
2.715960073177351219e+00 2.080411820192083994e+01
2.717517836339483850e+00 2.192909634502786886e+01
2.719075599501615592e+00 1.940968398268024586e+01
2.720633362663747334e+00 2.535158057275789645e+01
2.722191125825879965e+00 2.099191903712170770e+01
2.723748888988011707e+00 2.101649702211955528e+01
2.725306652150144338e+00 2.187348152919025779e+01
2.726864415312276080e+00 2.040972413550689524e+01
2.728422178474408710e+00 1.876365244011224220e+01
2.729979941636540453e+00 1.886867509761041006e+01
2.731537704798672195e+00 2.029979713705773392e+01
2.733095467960804825e+00 2.350224829974155938e+01
2.734653231122936567e+00 2.596727564074402750e+01
2.736210994285069198e+00 2.303766314046823993e+01
2.737768757447200940e+00 2.333722917505905414e+01
2.739326520609333571e+00 1.847274020443459364e+01
2.740884283771465313e+00 1.896174251092016405e+01
2.742442046933597055e+00 2.080791790918284434e+01
2.743999810095729686e+00 2.364913456243158407e+01
2.745557573257861428e+00 2.178293115787702661e+01
2.747115336419994058e+00 1.904967161862395386e+01
2.748673099582125801e+00 1.796275356433516279e+01
2.750230862744258431e+00 1.843085052410776470e+01
2.751788625906390173e+00 1.889254808217562598e+01
2.753346389068521916e+00 2.225634063919683214e+01
2.754904152230654546e+00 2.444107787626734662e+01
2.756461915392786288e+00 2.675162054268358602e+01
2.758019678554918919e+00 2.145533171143879159e+01
2.759577441717050661e+00 1.817055566279138290e+01
2.761135204879183291e+00 1.665388823092685655e+01
2.762692968041315034e+00 2.094398985686055781e+01
2.764250731203446776e+00 2.420733977582499463e+01
2.765808494365579406e+00 2.653070294076981384e+01
2.767366257527711149e+00 2.624554349970128797e+01
2.768924020689843779e+00 2.095757848524915090e+01
2.770481783851975521e+00 1.999544239353157593e+01
2.772039547014108152e+00 2.339779148156171829e+01
2.773597310176239894e+00 2.124608731709717091e+01
2.775155073338371636e+00 1.907042505718376546e+01
2.776712836500504267e+00 2.221225227715754613e+01
2.778270599662636009e+00 2.621502590948292521e+01
2.779828362824768639e+00 2.209625723813826781e+01
2.781386125986900382e+00 1.995999854524534101e+01
2.782943889149033012e+00 2.338735471011228384e+01
2.784501652311164754e+00 2.297140403699431133e+01
2.786059415473296497e+00 2.312365878100528960e+01
2.787617178635429127e+00 2.441684577824451097e+01
2.789174941797560869e+00 2.308855298745974949e+01
2.790732704959693500e+00 1.998218309578824758e+01
2.792290468121825242e+00 2.321980257969861228e+01
2.793848231283956984e+00 2.316130620199630386e+01
2.795405994446089615e+00 2.378317010097902440e+01
2.796963757608221357e+00 2.071165982955539064e+01
2.798521520770353987e+00 1.927037835306704849e+01
2.800079283932485730e+00 2.315043880302440016e+01
2.801637047094618360e+00 2.390787846688692042e+01
2.803194810256750102e+00 1.921555875349055142e+01
2.804752573418881845e+00 2.066689991829399276e+01
2.806310336581014475e+00 1.972096671662862022e+01
2.807868099743146217e+00 2.106318671440485346e+01
2.809425862905278848e+00 2.239065912032475225e+01
2.810983626067410590e+00 2.064270400153091600e+01
2.812541389229543221e+00 2.331776146621004031e+01
2.814099152391674963e+00 2.435827516023338291e+01
2.815656915553806705e+00 2.374384267044312580e+01
2.817214678715939336e+00 2.232940573694545350e+01
2.818772441878071078e+00 2.192489615569351713e+01
2.820330205040203708e+00 2.029500884263330107e+01
2.821887968202335450e+00 1.833648447679227189e+01
2.823445731364468081e+00 2.109470140379576364e+01
2.825003494526599823e+00 1.877781962992632359e+01
2.826561257688731565e+00 1.952025585117574025e+01
2.828119020850864196e+00 2.348737510205254964e+01
2.829676784012995938e+00 2.343450746996159140e+01
2.831234547175128569e+00 2.330444049072393042e+01
2.832792310337260311e+00 2.337164603687928022e+01
2.834350073499392941e+00 2.181893088123219115e+01
2.835907836661524684e+00 2.219331943263301099e+01
2.837465599823656426e+00 2.894355638467006031e+01
2.839023362985789056e+00 2.405728031433486436e+01
2.840581126147920799e+00 2.146486203491726030e+01
2.842138889310053429e+00 1.817744639999539658e+01
2.843696652472185171e+00 1.948736309714272963e+01
2.845254415634317802e+00 2.209897427603914721e+01
2.846812178796449544e+00 2.067084675549646633e+01
2.848369941958581286e+00 1.968928081901255567e+01
2.849927705120713917e+00 2.165199801584684280e+01
2.851485468282845659e+00 2.032005669413858584e+01
2.853043231444978289e+00 2.631608704261541121e+01
2.854600994607110032e+00 2.179090680525116142e+01
2.856158757769242662e+00 1.856913522393402616e+01
2.857716520931374404e+00 1.943358828445400377e+01
2.859274284093506147e+00 2.137117663771437037e+01
2.860832047255638777e+00 2.477317381348031944e+01
2.862389810417770519e+00 2.181986310637885751e+01
2.863947573579903150e+00 1.717090837664593650e+01
2.865505336742034892e+00 1.762940481762356271e+01
2.867063099904166634e+00 1.780871017055789096e+01
2.868620863066299265e+00 1.770310221848105314e+01
2.870178626228431007e+00 1.893508279711969777e+01
2.871736389390563637e+00 1.893666904095652015e+01
2.873294152552695380e+00 2.292136932053433540e+01
2.874851915714828010e+00 2.243728098429374995e+01
2.876409678876959752e+00 1.937878280337096015e+01
2.877967442039091495e+00 1.998356279014656423e+01
2.879525205201224125e+00 2.273198957380535390e+01
2.881082968363355867e+00 2.091179886822584422e+01
2.882640731525488498e+00 2.348197875678702218e+01
2.884198494687620240e+00 2.088772552495620261e+01
2.885756257849752870e+00 1.576752420386406328e+01
2.887314021011884613e+00 2.133760441312621126e+01
2.888871784174016355e+00 2.354656987689294922e+01
2.890429547336148985e+00 2.161971804549007459e+01
2.891987310498280728e+00 2.197126691117149733e+01
2.893545073660413358e+00 2.327907679173514666e+01
2.895102836822545100e+00 2.252207342520341271e+01
2.896660599984677731e+00 2.442577161192591362e+01
2.898218363146809473e+00 2.660381436676766853e+01
2.899776126308941215e+00 1.633998060184200796e+01
2.901333889471073846e+00 2.121656091883239270e+01
2.902891652633205588e+00 2.375173480721022301e+01
2.904449415795338219e+00 2.323203002478716428e+01
2.906007178957469961e+00 2.593993963975859174e+01
2.907564942119602591e+00 2.473267456025047295e+01
2.909122705281734333e+00 2.338052317478892306e+01
2.910680468443866076e+00 2.451774020673647669e+01
2.912238231605998706e+00 2.334194951924767381e+01
2.913795994768130448e+00 1.906449150848525420e+01
2.915353757930263079e+00 1.860026005117307690e+01
2.916911521092394821e+00 2.069346548388524809e+01
2.918469284254527452e+00 2.117812525338649365e+01
2.920027047416659194e+00 1.985185541510406537e+01
2.921584810578790936e+00 1.695410182694596202e+01
2.923142573740923567e+00 1.978488398587778363e+01
2.924700336903055309e+00 2.613950030186851592e+01
2.926258100065187939e+00 2.441256996978609806e+01
2.927815863227319682e+00 2.582928878056707589e+01
2.929373626389452312e+00 2.894396296143093750e+01
2.930931389551584054e+00 2.648515232551588028e+01
2.932489152713715796e+00 2.821148555777842049e+01
2.934046915875848427e+00 2.160757048545560011e+01
2.935604679037980169e+00 1.886894770673919908e+01
2.937162442200112800e+00 2.132181480816577235e+01
2.938720205362244542e+00 2.355897811921791174e+01
2.940277968524376284e+00 2.042270506342275738e+01
2.941835731686508915e+00 1.712137994181346556e+01
2.943393494848640657e+00 1.721171915637183147e+01
2.944951258010773287e+00 2.665798340731616989e+01
2.946509021172905030e+00 2.445192093579886716e+01
2.948066784335037660e+00 2.439828615741900464e+01
2.949624547497169402e+00 2.423687487076565361e+01
2.951182310659301145e+00 2.477092549092574103e+01
2.952740073821433775e+00 2.526062850551942418e+01
2.954297836983565517e+00 2.488658914303556102e+01
2.955855600145698148e+00 2.380235920646379100e+01
2.957413363307829890e+00 2.416311696607172266e+01
2.958971126469962520e+00 1.989481424556293732e+01
2.960528889632094263e+00 2.236508464253765283e+01
2.962086652794226005e+00 2.333724626708101724e+01
2.963644415956358635e+00 2.237429504831173332e+01
2.965202179118490378e+00 1.976792246577528900e+01
2.966759942280623008e+00 2.088304255494427863e+01
2.968317705442754750e+00 2.346433470637451180e+01
2.969875468604887381e+00 2.204947226003347538e+01
2.971433231767019123e+00 1.881872681802804337e+01
2.972990994929150865e+00 2.290970985410671901e+01
2.974548758091283496e+00 2.646850362781925980e+01
2.976106521253415238e+00 1.783348199885134022e+01
2.977664284415547868e+00 1.772893706008448333e+01
2.979222047577679611e+00 1.926883787391656000e+01
2.980779810739812241e+00 1.987430961409952701e+01
2.982337573901943983e+00 1.923739081484572111e+01
2.983895337064075726e+00 2.006393953822514220e+01
2.985453100226208356e+00 2.128988565077566619e+01
2.987010863388340098e+00 1.801552241866446735e+01
2.988568626550472729e+00 2.135577628472739420e+01
2.990126389712604471e+00 2.296292900314207230e+01
2.991684152874737102e+00 2.311378955396009971e+01
2.993241916036868844e+00 2.069685939312435963e+01
2.994799679199000586e+00 1.976406276486151725e+01
2.996357442361133216e+00 2.234676865744098606e+01
2.997915205523264959e+00 2.395779778331969823e+01
2.999472968685397589e+00 2.369354056235903982e+01
3.001030731847529331e+00 2.370342206282082032e+01
3.002588495009661962e+00 2.137939321453435682e+01
3.004146258171793704e+00 2.185815050305836138e+01
3.005704021333925446e+00 2.100501524240161189e+01
3.007261784496058077e+00 2.412203946152999023e+01
3.008819547658189819e+00 2.499575984273959861e+01
3.010377310820322450e+00 2.112353975305753906e+01
3.011935073982454192e+00 1.859018125300773505e+01
3.013492837144585934e+00 2.173562265045420716e+01
3.015050600306718565e+00 2.213651669764589514e+01
3.016608363468850307e+00 1.775333717836780778e+01
3.018166126630982937e+00 2.037567028382638057e+01
3.019723889793114679e+00 2.030761819986210170e+01
3.021281652955247310e+00 2.095166262455018824e+01
3.022839416117379052e+00 2.417958072918525048e+01
3.024397179279510794e+00 2.811446850627130090e+01
3.025954942441643425e+00 2.584135830813491097e+01
3.027512705603775167e+00 2.833180024225844562e+01
3.029070468765907798e+00 1.824875903480953454e+01
3.030628231928039540e+00 2.044738969216876612e+01
3.032185995090172170e+00 1.556393353440760308e+01
3.033743758252303913e+00 1.855960299379243139e+01
3.035301521414435655e+00 2.214240458919843491e+01
3.036859284576568285e+00 2.403606565417500107e+01
3.038417047738700028e+00 2.603643541160928621e+01
3.039974810900832658e+00 2.497515745949990773e+01
3.041532574062964400e+00 2.608752517543762295e+01
3.043090337225097031e+00 2.511448102060028376e+01
3.044648100387228773e+00 2.184250860393267502e+01
3.046205863549360515e+00 2.216983642301205748e+01
3.047763626711493146e+00 2.164037561664375886e+01
3.049321389873624888e+00 1.720778279024671065e+01
3.050879153035757518e+00 1.816636697354131158e+01
3.052436916197889261e+00 2.227686456104046542e+01
3.053994679360021891e+00 2.400521744908083477e+01
3.055552442522153633e+00 2.137948582059794589e+01
3.057110205684285376e+00 2.105396950098298348e+01
3.058667968846418006e+00 2.195982562978048591e+01
3.060225732008549748e+00 2.608293260559966953e+01
3.061783495170682379e+00 2.167611541373656081e+01
3.063341258332814121e+00 1.965825868436578716e+01
3.064899021494946751e+00 2.227305120153676299e+01
3.066456784657078494e+00 2.098931826659056554e+01
3.068014547819210236e+00 1.881113612187955653e+01
3.069572310981342866e+00 2.207403035963111648e+01
3.071130074143474609e+00 2.234225637459791258e+01
3.072687837305607239e+00 2.318840265239889931e+01
3.074245600467738981e+00 2.347232313233929446e+01
3.075803363629871612e+00 2.197985679376807866e+01
3.077361126792003354e+00 2.182304828816605990e+01
3.078918889954135096e+00 2.288522734180434881e+01
3.080476653116267727e+00 2.278043870814816074e+01
3.082034416278399469e+00 1.826683587604720316e+01
3.083592179440532099e+00 1.987031083982059698e+01
3.085149942602663842e+00 1.925819031506544476e+01
3.086707705764795584e+00 1.793673109897972751e+01
3.088265468926928214e+00 2.156058652434268907e+01
3.089823232089059957e+00 2.300062315441076422e+01
3.091380995251192587e+00 2.142541333311769236e+01
3.092938758413324329e+00 2.054611679597618590e+01
3.094496521575456960e+00 1.669270378689996548e+01
3.096054284737588702e+00 2.270660887135687034e+01
3.097612047899720444e+00 2.475706747450371736e+01
3.099169811061853075e+00 2.231974791812225334e+01
3.100727574223984817e+00 2.184895920686887649e+01
3.102285337386117448e+00 2.117110826639122223e+01
3.103843100548249190e+00 2.212069833202827596e+01
3.105400863710381820e+00 2.287074511904255658e+01
3.106958626872513562e+00 2.193519493456933489e+01
3.108516390034645305e+00 2.776649209233551829e+01
3.110074153196777935e+00 2.627209624180020953e+01
3.111631916358909677e+00 2.522762340115837887e+01
3.113189679521042308e+00 2.244922339119370847e+01
3.114747442683174050e+00 2.186712084480767970e+01
3.116305205845306681e+00 2.284427620548047955e+01
3.117862969007438423e+00 2.147036594341702909e+01
3.119420732169570165e+00 2.259108919494823908e+01
3.120978495331702796e+00 1.769477541123434250e+01
3.122536258493834538e+00 1.864887432755459784e+01
3.124094021655967168e+00 1.649841379888824022e+01
3.125651784818098911e+00 1.712676902553054603e+01
3.127209547980231541e+00 1.776867413231017778e+01
3.128767311142363283e+00 2.137810420057260430e+01
3.130325074304495026e+00 2.577499866918861571e+01
3.131882837466627656e+00 2.138127314155919834e+01
3.133440600628759398e+00 1.996912211438445794e+01
3.134998363790892029e+00 2.323234172730648694e+01
3.136556126953023771e+00 2.116946064430380758e+01
3.138113890115156401e+00 1.919686178291133061e+01
3.139671653277288144e+00 1.918427977179461763e+01
3.141229416439419886e+00 1.847433943137221846e+01
3.142787179601552516e+00 1.800731646721806101e+01
3.144344942763684259e+00 1.915808639460478346e+01
3.145902705925816889e+00 2.400729330889802071e+01
3.147460469087948631e+00 1.824043761019055054e+01
3.149018232250081262e+00 1.941804985705856623e+01
3.150575995412213004e+00 1.156316218987882927e+01
3.152133758574344746e+00 6.147738615736418888e-01
3.153691521736477377e+00 -1.614958916742637585e-01
3.155249284898609119e+00 4.336140643862851363e-02
3.156807048060741749e+00 -1.164287122924628423e-02
3.158364811222873492e+00 3.126296669293181403e-03
3.159922574385005234e+00 -8.394834733678791005e-04
3.161480337547137864e+00 2.254262540114796624e-04
3.163038100709269607e+00 -6.053488655757095424e-05
3.164595863871402237e+00 1.625602595914035306e-05
3.166153627033533979e+00 -4.365449503455054324e-06
3.167711390195666610e+00 1.172324960996998540e-06
3.169269153357798352e+00 -3.148256015514523810e-07
3.170826916519930094e+00 8.454610234336447975e-08
3.172384679682062725e+00 -2.270477466907961462e-08
3.173942442844194467e+00 6.097325754458229255e-09
3.175500206006327097e+00 -1.637414915360294966e-09
3.177057969168458840e+00 4.397175273074391830e-10
3.178615732330591470e+00 -1.180818249133748879e-10
3.180173495492723212e+00 3.170918918012104371e-11
3.181731258654854955e+00 -8.514880937156881907e-12
3.183289021816987585e+00 2.286451249451971974e-12
3.184846784979119327e+00 -6.139510835202349982e-13
3.186404548141251958e+00 1.648512169368345074e-13
3.187962311303383700e+00 -4.426181404419330742e-14
3.189520074465516331e+00 1.188101084421210545e-14
