-3.189520074465516775e+00 0.000000000000000000e+00
-3.187962311303384588e+00 0.000000000000000000e+00
-3.186404548141252402e+00 0.000000000000000000e+00
-3.184846784979120216e+00 1.725760920536924914e+01
-3.183289021816988473e+00 1.932510170517918269e+01
-3.181731258654856287e+00 1.982361771267243711e+01
-3.180173495492724101e+00 2.268365515160938628e+01
-3.178615732330591914e+00 2.448355671927419763e+01
-3.177057969168459728e+00 1.866595007353781810e+01
-3.175500206006327542e+00 1.630510062071956767e+01
-3.173942442844195355e+00 1.721247506781006109e+01
-3.172384679682063613e+00 1.775073156598926261e+01
-3.170826916519931427e+00 1.720994984586786813e+01
-3.169269153357799240e+00 1.612963369871761898e+01
-3.167711390195667054e+00 2.053042304664792539e+01
-3.166153627033534868e+00 1.438266736553032921e+01
-3.164595863871402681e+00 1.843209968253183817e+01
-3.163038100709270939e+00 1.830459351245510646e+01
-3.161480337547138753e+00 1.647762380673527716e+01
-3.159922574385006566e+00 1.838359744224000636e+01
-3.158364811222874380e+00 1.836058621933922197e+01
-3.156807048060742193e+00 1.765350031783037110e+01
-3.155249284898610007e+00 1.954927649839280335e+01
-3.153691521736477821e+00 1.947781812339214724e+01
-3.152133758574346079e+00 2.149468857316731274e+01
-3.150575995412213892e+00 1.966951887993108272e+01
-3.149018232250081706e+00 2.296901814820224530e+01
-3.147460469087949519e+00 1.875854855777894770e+01
-3.145902705925817333e+00 1.667696921436807145e+01
-3.144344942763685147e+00 1.920625935060970590e+01
-3.142787179601552960e+00 2.155383632384629422e+01
-3.141229416439421218e+00 2.266237924946195648e+01
-3.139671653277289032e+00 2.060496617070275605e+01
-3.138113890115156845e+00 1.825482955268802598e+01
-3.136556126953024659e+00 1.776214596049627303e+01
-3.134998363790892473e+00 2.245392873640729547e+01
-3.133440600628760286e+00 1.751831875697710927e+01
-3.131882837466628544e+00 1.386271987028499098e+01
-3.130325074304496358e+00 1.546091859599744645e+01
-3.128767311142364171e+00 1.624014914115961972e+01
-3.127209547980231985e+00 1.820579104395496017e+01
-3.125651784818099799e+00 1.573516166552428963e+01
-3.124094021655967612e+00 1.987471761157562611e+01
-3.122536258493835426e+00 2.438529289851256721e+01
-3.120978495331703684e+00 1.753621636005728845e+01
-3.119420732169571497e+00 1.843281380201408837e+01
-3.117862969007439311e+00 1.938002315374411211e+01
-3.116305205845307125e+00 1.682047122644931036e+01
-3.114747442683174938e+00 1.498071617952869339e+01
-3.113189679521042752e+00 1.492651534805198743e+01
-3.111631916358910566e+00 1.896808316761378066e+01
-3.110074153196778823e+00 1.720324904764324003e+01
-3.108516390034646637e+00 1.854187412066073293e+01
-3.106958626872514451e+00 1.903080512119112910e+01
-3.105400863710382264e+00 1.954038464569899247e+01
-3.103843100548250078e+00 1.886401287757860246e+01
-3.102285337386117892e+00 1.878238160222720410e+01
-3.100727574223985705e+00 2.019820521198797891e+01
-3.099169811061853963e+00 1.844117428928773705e+01
-3.097612047899721777e+00 1.821174497414105176e+01
-3.096054284737589590e+00 1.878998663844460282e+01
-3.094496521575457404e+00 2.102013698464842406e+01
-3.092938758413325218e+00 1.827620190564104874e+01
-3.091380995251193031e+00 1.330265061940948179e+01
-3.089823232089060845e+00 1.699931803832826205e+01
-3.088265468926929103e+00 1.992829422001888062e+01
-3.086707705764796916e+00 2.020008708015881282e+01
-3.085149942602664730e+00 2.124486839919090286e+01
-3.083592179440532544e+00 1.856956872453733354e+01
-3.082034416278400357e+00 1.520924711388590822e+01
-3.080476653116268171e+00 1.392131075278486740e+01
-3.078918889954136429e+00 1.586460264625284644e+01
-3.077361126792004242e+00 1.441294879639156257e+01
-3.075803363629872056e+00 1.329956948119093596e+01
-3.074245600467739870e+00 1.511960236338654440e+01
-3.072687837305607683e+00 1.977668756762913205e+01
-3.071130074143475497e+00 2.089916813988187982e+01
-3.069572310981343310e+00 1.897437141464865817e+01
-3.068014547819211568e+00 1.639149949048354316e+01
-3.066456784657079382e+00 1.908246668588660810e+01
-3.064899021494947196e+00 1.510084152556552617e+01
-3.063341258332815009e+00 2.217996452894355031e+01
-3.061783495170682823e+00 1.720621327285601154e+01
-3.060225732008550636e+00 1.410621681997964139e+01
-3.058667968846418894e+00 1.684528090162006819e+01
-3.057110205684286708e+00 1.677495910879278540e+01
-3.055552442522154521e+00 1.377158663958719309e+01
-3.053994679360022335e+00 1.605020280264789889e+01
-3.052436916197890149e+00 1.864563127810617260e+01
-3.050879153035757962e+00 2.187885703857709885e+01
-3.049321389873625776e+00 2.243131967869450705e+01
-3.047763626711494034e+00 1.828960074335484265e+01
-3.046205863549361847e+00 1.890684558706940166e+01
-3.044648100387229661e+00 1.637613330695466374e+01
-3.043090337225097475e+00 1.533967774760107439e+01
-3.041532574062965288e+00 1.804985970667496531e+01
-3.039974810900833102e+00 1.849397981759504361e+01
-3.038417047738700916e+00 1.849886154914531744e+01
-3.036859284576569173e+00 1.871894405604254175e+01
-3.035301521414436987e+00 2.047311600553296529e+01
-3.033743758252304801e+00 1.780267962434392359e+01
-3.032185995090172614e+00 1.752926079378741520e+01
-3.030628231928040428e+00 1.701746321708269960e+01
-3.029070468765908242e+00 1.710644742835543397e+01
-3.027512705603776055e+00 1.925352790187581320e+01
-3.025954942441644313e+00 1.890966334478932964e+01
-3.024397179279512127e+00 1.799785852299697453e+01
-3.022839416117379940e+00 1.746538383639972025e+01
-3.021281652955247754e+00 1.636224861608581804e+01
-3.019723889793115568e+00 2.070769774079279202e+01
-3.018166126630983381e+00 1.750338833710596020e+01
-3.016608363468851195e+00 1.636336324622335070e+01
-3.015050600306719453e+00 1.673457942768561324e+01
-3.013492837144587266e+00 1.809449580113047418e+01
-3.011935073982455080e+00 2.002460677617239426e+01
-3.010377310820322894e+00 2.013928395691385376e+01
-3.008819547658190707e+00 1.978416770536450642e+01
-3.007261784496058521e+00 2.083793312687075883e+01
-3.005704021333926335e+00 1.802089443517723666e+01
-3.004146258171794592e+00 1.904273853369318203e+01
-3.002588495009662406e+00 1.809071220200943486e+01
-3.001030731847530220e+00 1.942857714996844720e+01
-2.999472968685398033e+00 2.020009746821940411e+01
-2.997915205523265847e+00 1.945892961955513911e+01
-2.996357442361133661e+00 2.274179761697720892e+01
-2.994799679199001918e+00 2.228604125144608261e+01
-2.993241916036869732e+00 1.927446532404103152e+01
-2.991684152874737546e+00 1.733639622519702073e+01
-2.990126389712605359e+00 2.270760606300744300e+01
-2.988568626550473173e+00 2.190808675565114072e+01
-2.987010863388340987e+00 1.984228640899993934e+01
-2.985453100226208800e+00 1.853821017308950658e+01
-2.983895337064077058e+00 1.941170145509130762e+01
-2.982337573901944872e+00 1.716213962644243551e+01
-2.980779810739812685e+00 1.756848079775044980e+01
-2.979222047577680499e+00 1.980275031274932829e+01
-2.977664284415548313e+00 2.050167483334943697e+01
-2.976106521253416126e+00 2.032807285377293738e+01
-2.974548758091284384e+00 2.019163111160453639e+01
-2.972990994929152198e+00 2.068576913266513628e+01
-2.971433231767020011e+00 2.372458791666235811e+01
-2.969875468604887825e+00 2.096086030139741041e+01
-2.968317705442755639e+00 1.954924278572582352e+01
-2.966759942280623452e+00 2.120262713689271550e+01
-2.965202179118491266e+00 1.970673068799712269e+01
-2.963644415956359524e+00 2.007572327355718755e+01
-2.962086652794227337e+00 2.052194822531651042e+01
-2.960528889632095151e+00 1.740086218709053867e+01
-2.958971126469962964e+00 1.707428120517149850e+01
-2.957413363307830778e+00 2.194875640210531387e+01
-2.955855600145698592e+00 2.044667827203726063e+01
-2.954297836983566405e+00 2.190578286962010068e+01
-2.952740073821434663e+00 2.032037464380029235e+01
-2.951182310659302477e+00 2.105288563307524896e+01
-2.949624547497170290e+00 2.092497110615096290e+01
-2.948066784335038104e+00 1.905050593287564809e+01
-2.946509021172905918e+00 1.649370663657703062e+01
-2.944951258010773731e+00 1.676186970675509613e+01
-2.943393494848641545e+00 1.912359662503735791e+01
-2.941835731686509803e+00 1.991315023725890043e+01
-2.940277968524377616e+00 2.076175273465647919e+01
-2.938720205362245430e+00 2.032681188847388043e+01
-2.937162442200113244e+00 1.551918985827796327e+01
-2.935604679037981057e+00 1.667041393165018803e+01
-2.934046915875848871e+00 1.207607032448461837e+01
-2.932489152713716685e+00 1.874224903664663344e+01
-2.930931389551584942e+00 1.762954064539075105e+01
-2.929373626389452756e+00 1.730106352947874626e+01
-2.927815863227320570e+00 1.981236133520940967e+01
-2.926258100065188383e+00 1.887859196622165925e+01
-2.924700336903056197e+00 1.690856472460693993e+01
-2.923142573740924011e+00 1.734658869030108619e+01
-2.921584810578791824e+00 1.816525444022204638e+01
-2.920027047416660082e+00 1.681639381906627051e+01
-2.918469284254527896e+00 1.625472972211076339e+01
-2.916911521092395709e+00 1.617089815564095190e+01
-2.915353757930263523e+00 1.640694842567475575e+01
-2.913795994768131337e+00 1.951736793062830344e+01
-2.912238231605999150e+00 1.890949378723509255e+01
-2.910680468443867408e+00 1.722055976055678173e+01
-2.909122705281735222e+00 1.977977073303823730e+01
-2.907564942119603035e+00 2.222994235399630014e+01
-2.906007178957470849e+00 2.201316036487767391e+01
-2.904449415795338663e+00 2.438485146750130994e+01
-2.902891652633206476e+00 2.557614970385763442e+01
-2.901333889471074734e+00 2.144613652555280581e+01
-2.899776126308942548e+00 1.797886490531435655e+01
-2.898218363146810361e+00 1.626243626516183483e+01
-2.896660599984678175e+00 1.724264836092388009e+01
-2.895102836822545989e+00 1.879387820065994674e+01
-2.893545073660413802e+00 1.838645657030475533e+01
-2.891987310498281616e+00 2.054963729411358386e+01
-2.890429547336149874e+00 2.355005250183049625e+01
-2.888871784174017687e+00 1.948285990511023158e+01
-2.887314021011885501e+00 1.823955806162858551e+01
-2.885756257849753315e+00 1.853398729385844845e+01
-2.884198494687621128e+00 2.096025173920243390e+01
-2.882640731525488942e+00 2.193792603362946636e+01
-2.881082968363356756e+00 2.127807601207324240e+01
-2.879525205201225013e+00 1.980033293990740262e+01
-2.877967442039092827e+00 1.868569394935413186e+01
-2.876409678876960641e+00 1.901262312833745582e+01
-2.874851915714828454e+00 2.117792140529281042e+01
-2.873294152552696268e+00 2.370576554806070035e+01
-2.871736389390564081e+00 2.352021731440333951e+01
-2.870178626228431895e+00 2.372040363473905700e+01
-2.868620863066300153e+00 2.178258225856473373e+01
-2.867063099904167967e+00 1.747508628047322432e+01
-2.865505336742035780e+00 1.864255375642952117e+01
-2.863947573579903594e+00 1.799577617927225148e+01
-2.862389810417771407e+00 1.985315031737369651e+01
-2.860832047255639221e+00 1.778907776719644573e+01
-2.859274284093507035e+00 1.543782137499904117e+01
-2.857716520931375292e+00 1.862828238761235156e+01
-2.856158757769243106e+00 2.168761543077958720e+01
-2.854600994607110920e+00 2.078319661982921929e+01
-2.853043231444978733e+00 2.336924739650456928e+01
-2.851485468282846547e+00 2.024670624646314820e+01
-2.849927705120714361e+00 2.028405002844248983e+01
-2.848369941958582174e+00 2.618624326306196082e+01
-2.846812178796450432e+00 2.421254364067579701e+01
-2.845254415634318246e+00 2.176437646566156658e+01
-2.843696652472186059e+00 1.892148419228001899e+01
-2.842138889310053873e+00 1.804398334190413067e+01
-2.840581126147921687e+00 2.092845822671274902e+01
-2.839023362985789500e+00 1.976243864087604862e+01
-2.837465599823657314e+00 1.738728400079411429e+01
-2.835907836661525572e+00 2.110309828017380696e+01
-2.834350073499393385e+00 2.044695503909260736e+01
-2.832792310337261199e+00 1.976276284950921891e+01
-2.831234547175129013e+00 2.249341137838517213e+01
-2.829676784012996826e+00 1.675519324666651144e+01
-2.828119020850865084e+00 1.891808161484679829e+01
-2.826561257688732898e+00 2.230390259944075382e+01
-2.825003494526600711e+00 1.971464570553517603e+01
-2.823445731364468525e+00 1.700374720761297809e+01
-2.821887968202336339e+00 1.757438387946107738e+01
-2.820330205040204152e+00 1.882996548697976991e+01
-2.818772441878071966e+00 1.866477956346977507e+01
-2.817214678715940224e+00 1.952869601924786025e+01
-2.815656915553808037e+00 1.943065393619961156e+01
-2.814099152391675851e+00 2.064525948378775055e+01
-2.812541389229543665e+00 2.143283752856790159e+01
-2.810983626067411478e+00 2.133094054177157517e+01
-2.809425862905279292e+00 1.907745134081817540e+01
-2.807868099743147106e+00 2.019894351727138471e+01
-2.806310336581015363e+00 2.183342918287867462e+01
-2.804752573418883177e+00 2.179667182586786822e+01
-2.803194810256750991e+00 1.929697437774268565e+01
-2.801637047094618804e+00 1.730427476343405147e+01
-2.800079283932486618e+00 2.002458871903819926e+01
-2.798521520770354432e+00 2.177123879262322603e+01
-2.796963757608222245e+00 1.870220202207180549e+01
-2.795405994446090503e+00 1.818865132413432661e+01
-2.793848231283958317e+00 1.824125029288699551e+01
-2.792290468121826130e+00 1.826207874842236123e+01
-2.790732704959693944e+00 1.895897808024304254e+01
-2.789174941797561758e+00 1.990487055675345474e+01
-2.787617178635429571e+00 1.893576245523814450e+01
-2.786059415473297385e+00 1.885244902374495979e+01
-2.784501652311165643e+00 1.904805428611722462e+01
-2.782943889149033456e+00 1.992989232424653778e+01
-2.781386125986901270e+00 2.020513516833304024e+01
-2.779828362824769084e+00 1.995763562562154192e+01
-2.778270599662636897e+00 2.043634179980922738e+01
-2.776712836500504711e+00 1.879513768726960166e+01
-2.775155073338372524e+00 2.097332953683349643e+01
-2.773597310176240782e+00 2.114530994519133955e+01
-2.772039547014108596e+00 1.971071616444181984e+01
-2.770481783851976409e+00 2.244355405019247840e+01
-2.768924020689844223e+00 2.228134993399417141e+01
-2.767366257527712037e+00 1.917388122429489528e+01
-2.765808494365579850e+00 1.821906467257770856e+01
-2.764250731203447664e+00 2.026135768179398866e+01
-2.762692968041315922e+00 1.766491012518649129e+01
-2.761135204879183735e+00 2.108453688377092305e+01
-2.759577441717051549e+00 2.314402141615692443e+01
-2.758019678554919363e+00 2.836998278376185212e+01
-2.756461915392787176e+00 2.270828068249630505e+01
-2.754904152230654990e+00 2.021160771381998700e+01
-2.753346389068522804e+00 2.038132900546322901e+01
-2.751788625906391061e+00 2.085966227981071697e+01
-2.750230862744258875e+00 1.958383154474693200e+01
-2.748673099582126689e+00 1.810347001597772021e+01
-2.747115336419994502e+00 1.844117657628667217e+01
-2.745557573257862316e+00 1.860569066276764616e+01
-2.743999810095730574e+00 1.768190372709399583e+01
-2.742442046933598387e+00 2.059354064260545059e+01
-2.740884283771466201e+00 2.428517453286975680e+01
-2.739326520609334015e+00 1.983115343796875862e+01
-2.737768757447201828e+00 1.993315657205429048e+01
-2.736210994285069642e+00 1.959547234005234273e+01
-2.734653231122937456e+00 1.675506236820731232e+01
-2.733095467960805713e+00 1.583836599995592209e+01
-2.731537704798673527e+00 1.856348324604435618e+01
-2.729979941636541341e+00 2.123452466962277896e+01
-2.728422178474409154e+00 1.948110156461099507e+01
-2.726864415312276968e+00 1.927853505047508520e+01
-2.725306652150144782e+00 2.176850522074729355e+01
-2.723748888988012595e+00 2.119054185791859268e+01
-2.722191125825880853e+00 1.775446793017564318e+01
-2.720633362663748667e+00 1.818742650230692703e+01
-2.719075599501616480e+00 1.777579661963226343e+01
-2.717517836339484294e+00 2.001175773767401012e+01
-2.715960073177352108e+00 2.085364632544796848e+01
-2.714402310015219921e+00 2.392053029261001740e+01
-2.712844546853087735e+00 2.171536062115713150e+01
-2.711286783690955993e+00 1.895993375648574286e+01
-2.709729020528823806e+00 1.934569648017645704e+01
-2.708171257366691620e+00 1.985582226801246009e+01
-2.706613494204559434e+00 1.540300043410090147e+01
-2.705055731042427247e+00 1.658308139497635736e+01
-2.703497967880295061e+00 1.926836666576239665e+01
-2.701940204718162875e+00 2.008240119678995228e+01
-2.700382441556031132e+00 2.213739620152977494e+01
-2.698824678393898946e+00 1.772143580675983188e+01
-2.697266915231766760e+00 2.078928071511996833e+01
-2.695709152069634573e+00 2.260462265402763293e+01
-2.694151388907502387e+00 2.038853604546835641e+01
-2.692593625745370201e+00 2.105541016765321061e+01
-2.691035862583238014e+00 2.287267978854877626e+01
-2.689478099421106272e+00 2.367651899850852359e+01
-2.687920336258974086e+00 2.026020729386125652e+01
-2.686362573096841899e+00 1.985774389995734523e+01
-2.684804809934709713e+00 2.039716963523954973e+01
-2.683247046772577526e+00 2.261765940644970740e+01
-2.681689283610445784e+00 2.197601535542321471e+01
-2.680131520448313154e+00 2.119699737790174510e+01
-2.678573757286181412e+00 2.249127943875073399e+01
-2.677015994124049225e+00 2.268000274322721310e+01
-2.675458230961917039e+00 2.100218654553420095e+01
-2.673900467799784852e+00 2.040859581963134772e+01
-2.672342704637652666e+00 2.201457238588086085e+01
-2.670784941475520924e+00 2.339910951519305371e+01
-2.669227178313388293e+00 2.451061718538619161e+01
-2.667669415151256551e+00 2.175409511790663331e+01
-2.666111651989124365e+00 1.551539918817260144e+01
-2.664553888826992178e+00 2.114090485229842997e+01
-2.662996125664859992e+00 2.310303142404168852e+01
-2.661438362502727806e+00 2.060183528955764132e+01
-2.659880599340596063e+00 1.968249598084228680e+01
-2.658322836178463433e+00 1.978201619662828037e+01
-2.656765073016331691e+00 1.829533674302359003e+01
-2.655207309854199504e+00 1.631736847597948525e+01
-2.653649546692067318e+00 1.655699339065172637e+01
-2.652091783529935132e+00 1.925259523051202493e+01
-2.650534020367802945e+00 1.958161802262347351e+01
-2.648976257205671203e+00 2.073968321194039888e+01
-2.647418494043539017e+00 1.925631657972833821e+01
-2.645860730881406830e+00 2.021974022446500996e+01
-2.644302967719274644e+00 2.375720242721503794e+01
-2.642745204557142458e+00 2.295322879504647418e+01
-2.641187441395010271e+00 2.086544966677234925e+01
-2.639629678232878085e+00 2.198670214090157415e+01
-2.638071915070746343e+00 2.097459113541839670e+01
-2.636514151908614156e+00 1.813706771300592280e+01
-2.634956388746481970e+00 1.851136122454581923e+01
-2.633398625584349784e+00 2.151577271993535589e+01
-2.631840862422217597e+00 2.065488930483637020e+01
-2.630283099260085411e+00 1.895556061362766087e+01
-2.628725336097953225e+00 1.944399797319702117e+01
-2.627167572935821482e+00 1.830831234801195961e+01
-2.625609809773689296e+00 1.920074258021908520e+01
-2.624052046611557110e+00 2.024950754644868312e+01
-2.622494283449424923e+00 1.827681977081208231e+01
-2.620936520287292737e+00 2.089544394436253327e+01
-2.619378757125160551e+00 2.236344882131700018e+01
-2.617820993963028364e+00 2.217072110577586486e+01
-2.616263230800896622e+00 2.058571129888809992e+01
-2.614705467638764436e+00 1.867297448024936557e+01
-2.613147704476632249e+00 1.702885300542472535e+01
-2.611589941314500063e+00 2.058664131800328079e+01
-2.610032178152367877e+00 2.699028631401251133e+01
-2.608474414990235690e+00 2.158356971872571251e+01
-2.606916651828103504e+00 2.015950864615001947e+01
-2.605358888665971762e+00 1.791162200840975416e+01
-2.603801125503839575e+00 2.005837355075829365e+01
-2.602243362341707389e+00 2.254074606205302089e+01
-2.600685599179575203e+00 2.066444485281966337e+01
-2.599127836017443016e+00 2.000617316240008847e+01
-2.597570072855311274e+00 2.337074482960818500e+01
-2.596012309693178643e+00 2.482727392397046273e+01
-2.594454546531046901e+00 2.371288093085853887e+01
-2.592896783368914715e+00 1.808098664913801201e+01
-2.591339020206782529e+00 1.845811749859553075e+01
-2.589781257044650342e+00 1.942283171529582830e+01
-2.588223493882518156e+00 2.126632562926327807e+01
-2.586665730720386414e+00 2.248746003331275745e+01
-2.585107967558253783e+00 2.203496463394349902e+01
-2.583550204396122041e+00 2.216263484737274325e+01
-2.581992441233989855e+00 2.274372909689980915e+01
-2.580434678071857668e+00 2.163785624422680343e+01
-2.578876914909725482e+00 1.856937113213498591e+01
-2.577319151747593295e+00 1.843750456151275330e+01
-2.575761388585461553e+00 2.075936064949438986e+01
-2.574203625423329367e+00 2.097469536590640615e+01
-2.572645862261197180e+00 2.364621137153854136e+01
-2.571088099099064994e+00 2.448837810582778474e+01
-2.569530335936932808e+00 2.265556742875352114e+01
-2.567972572774800621e+00 2.127314375804117574e+01
-2.566414809612668435e+00 2.363999695633676623e+01
-2.564857046450536693e+00 1.863252049865758053e+01
-2.563299283288404506e+00 2.049788842981911685e+01
-2.561741520126272320e+00 2.469673359596453110e+01
-2.560183756964140134e+00 2.314433697076336927e+01
-2.558625993802007947e+00 2.351681352400226288e+01
-2.557068230639875761e+00 2.491805986857925959e+01
-2.555510467477743575e+00 2.266970842495842575e+01
-2.553952704315611832e+00 2.036894266196451753e+01
-2.552394941153479646e+00 1.884125602758271967e+01
-2.550837177991347460e+00 2.091424691254071533e+01
-2.549279414829215273e+00 2.236115321631718089e+01
-2.547721651667083087e+00 1.938271733148863518e+01
-2.546163888504950901e+00 1.935623034565422884e+01
-2.544606125342818714e+00 1.636569881388814096e+01
-2.543048362180686972e+00 2.125683405023544381e+01
-2.541490599018554786e+00 2.041250508917376294e+01
-2.539932835856422599e+00 1.710986302305981965e+01
-2.538375072694290413e+00 2.008468542887447228e+01
-2.536817309532158227e+00 2.334340670784693827e+01
-2.535259546370026040e+00 2.236812693811034691e+01
-2.533701783207893854e+00 1.969625902652256499e+01
-2.532144020045762112e+00 1.859996561655791325e+01
-2.530586256883629925e+00 1.984474240178865045e+01
-2.529028493721497739e+00 2.216371496345945147e+01
-2.527470730559365553e+00 2.180040091191898455e+01
-2.525912967397233366e+00 2.074876007686397372e+01
-2.524355204235101624e+00 1.956878273753414632e+01
-2.522797441072968994e+00 1.915720832613801150e+01
-2.521239677910837251e+00 1.982821894180442612e+01
-2.519681914748705065e+00 1.863586393241997285e+01
-2.518124151586572879e+00 2.134265211466629353e+01
-2.516566388424440692e+00 1.925869332408212387e+01
-2.515008625262308506e+00 1.791893914945465127e+01
-2.513450862100176764e+00 2.203540571316894159e+01
-2.511893098938044133e+00 2.325076471832359459e+01
-2.510335335775912391e+00 2.011872503241547605e+01
-2.508777572613780205e+00 1.691781938930389728e+01
-2.507219809451648018e+00 2.014051301158150409e+01
-2.505662046289515832e+00 2.135404456110859428e+01
-2.504104283127383646e+00 2.015492107298973679e+01
-2.502546519965251903e+00 2.417733009828700474e+01
-2.500988756803119273e+00 2.203656444552703775e+01
-2.499430993640987531e+00 2.499372719772867413e+01
-2.497873230478855344e+00 2.486902217252563929e+01
-2.496315467316723158e+00 2.215794330463489814e+01
-2.494757704154590972e+00 1.975819240470868365e+01
-2.493199940992458785e+00 1.835260022888136433e+01
-2.491642177830327043e+00 1.721577283671168956e+01
-2.490084414668194857e+00 1.751616806699086126e+01
-2.488526651506062670e+00 1.819679342549027723e+01
-2.486968888343930484e+00 2.055107300716937146e+01
-2.485411125181798297e+00 1.996826662246083472e+01
-2.483853362019666111e+00 1.644533885359757974e+01
-2.482295598857533925e+00 2.064188310055410724e+01
-2.480737835695402183e+00 2.094749311563182204e+01
-2.479180072533269996e+00 2.379771333470422334e+01
-2.477622309371137810e+00 2.457531660511533289e+01
-2.476064546209005623e+00 2.214911113424393818e+01
-2.474506783046873437e+00 2.319394416041678042e+01
-2.472949019884741251e+00 2.298114417951567745e+01
-2.471391256722609064e+00 2.020368521262615502e+01
-2.469833493560477322e+00 1.921406809099673296e+01
-2.468275730398345136e+00 1.983402677545761605e+01
-2.466717967236212949e+00 1.981887428800893503e+01
-2.465160204074080763e+00 1.555878161356656086e+01
-2.463602440911948577e+00 1.793336800516746266e+01
-2.462044677749816390e+00 2.678919164964788990e+01
-2.460486914587684204e+00 2.665397887809923105e+01
-2.458929151425552462e+00 2.113089293445823458e+01
-2.457371388263420275e+00 2.290701815029565580e+01
-2.455813625101288089e+00 2.335270183612349371e+01
-2.454255861939155903e+00 2.242227448017206015e+01
-2.452698098777023716e+00 2.196064520793483155e+01
-2.451140335614891530e+00 2.372024742960621779e+01
-2.449582572452759344e+00 2.334001756124967741e+01
-2.448024809290627601e+00 2.010681640906689083e+01
-2.446467046128495415e+00 2.231122609080988894e+01
-2.444909282966363229e+00 2.138859354635997789e+01
-2.443351519804231042e+00 2.145147226935697304e+01
-2.441793756642098856e+00 2.238427029468277496e+01
-2.440235993479967114e+00 2.456417244231925068e+01
-2.438678230317834483e+00 2.345142738332313925e+01
-2.437120467155702741e+00 2.135748739177750366e+01
-2.435562703993570555e+00 2.287547006023641316e+01
-2.434004940831438368e+00 2.408521377406415809e+01
-2.432447177669306182e+00 2.049887503405921763e+01
-2.430889414507173996e+00 2.026130530816639919e+01
-2.429331651345042253e+00 2.259177406822509226e+01
-2.427773888182909623e+00 2.218541809199526682e+01
-2.426216125020777881e+00 1.924900766482881309e+01
-2.424658361858645694e+00 2.066022416041541376e+01
-2.423100598696513508e+00 2.414250425294816793e+01
-2.421542835534381322e+00 2.219766887482652251e+01
-2.419985072372249135e+00 1.881886144719112863e+01
-2.418427309210117393e+00 2.070167267272785949e+01
-2.416869546047984763e+00 2.618065300039407362e+01
-2.415311782885853020e+00 2.624468976087329963e+01
-2.413754019723720834e+00 2.385724480999522612e+01
-2.412196256561588648e+00 2.015862806359056592e+01
-2.410638493399456461e+00 2.035202718744644201e+01
-2.409080730237324275e+00 2.412856442244983057e+01
-2.407522967075192533e+00 2.396299324449038082e+01
-2.405965203913060346e+00 2.125759277946060521e+01
-2.404407440750928160e+00 1.966760524435786905e+01
-2.402849677588795974e+00 1.954264176084740967e+01
-2.401291914426663787e+00 2.366885974019785621e+01
-2.399734151264531601e+00 2.149374083513386680e+01
-2.398176388102399414e+00 2.108302530659992868e+01
-2.396618624940267672e+00 1.949860077817944415e+01
-2.395060861778135486e+00 1.934064505322591287e+01
-2.393503098616003300e+00 2.116984780789577059e+01
-2.391945335453871113e+00 2.050015753291621223e+01
-2.390387572291738927e+00 2.172631480803946147e+01
-2.388829809129606740e+00 2.224486672238293394e+01
-2.387272045967474554e+00 2.175696925652638214e+01
-2.385714282805342812e+00 2.266702163483103760e+01
-2.384156519643210626e+00 2.057797195157969483e+01
-2.382598756481078439e+00 2.243470903414165818e+01
-2.381040993318946253e+00 2.135591941209951017e+01
-2.379483230156814066e+00 2.314656021097983185e+01
-2.377925466994681880e+00 2.317876155534568738e+01
-2.376367703832549694e+00 2.186667628364635974e+01
-2.374809940670417951e+00 2.015620759723143962e+01
-2.373252177508285765e+00 1.948912576119609952e+01
-2.371694414346153579e+00 2.047124461441580223e+01
-2.370136651184021392e+00 2.238510877644973363e+01
-2.368578888021889206e+00 2.401792146707214926e+01
-2.367021124859757464e+00 2.750176970933027576e+01
-2.365463361697624833e+00 2.889104190399273975e+01
-2.363905598535493091e+00 2.422884706575980829e+01
-2.362347835373360905e+00 2.250049629697683784e+01
-2.360790072211228718e+00 2.248696276371838820e+01
-2.359232309049096532e+00 2.589176105676234130e+01
-2.357674545886964346e+00 2.375700139509979536e+01
-2.356116782724832603e+00 2.426592503416348023e+01
-2.354559019562699973e+00 2.628179827577254102e+01
-2.353001256400568231e+00 2.261281763711656723e+01
-2.351443493238436044e+00 2.313477349735994437e+01
-2.349885730076303858e+00 2.847130795471812448e+01
-2.348327966914171672e+00 2.594996269025904567e+01
-2.346770203752039485e+00 2.074504290020897201e+01
-2.345212440589907743e+00 2.380643015623956060e+01
-2.343654677427775113e+00 2.339479153329397221e+01
-2.342096914265643370e+00 2.051174841710571428e+01
-2.340539151103511184e+00 2.060934091826517189e+01
-2.338981387941378998e+00 2.464945056454119054e+01
-2.337423624779246811e+00 2.481573474970533155e+01
-2.335865861617114625e+00 2.298883507223135680e+01
-2.334308098454982883e+00 2.296710944272088284e+01
-2.332750335292850696e+00 2.051628971001244039e+01
-2.331192572130718510e+00 2.007951650251502329e+01
-2.329634808968586324e+00 2.209926669623243711e+01
-2.328077045806454137e+00 2.194537269722685835e+01
-2.326519282644321951e+00 2.545767469450515463e+01
-2.324961519482189765e+00 2.777955942819767188e+01
-2.323403756320058022e+00 2.296597320839696010e+01
-2.321845993157925836e+00 2.217234561260498893e+01
-2.320288229995793650e+00 2.202207003401612440e+01
-2.318730466833661463e+00 1.981877833581726378e+01
-2.317172703671529277e+00 1.755908445632033121e+01
-2.315614940509397091e+00 2.179238385231949238e+01
-2.314057177347264904e+00 2.157647867159862543e+01
-2.312499414185133162e+00 1.929669782472786466e+01
-2.310941651023000976e+00 2.149620021972997108e+01
-2.309383887860868789e+00 2.410952932383017355e+01
-2.307826124698736603e+00 2.322784919504577061e+01
-2.306268361536604417e+00 2.256189978979253752e+01
-2.304710598374472230e+00 2.146637669267739668e+01
-2.303152835212340044e+00 2.119354751667628278e+01
-2.301595072050208302e+00 2.352643874521445966e+01
-2.300037308888076115e+00 2.568076483334461813e+01
-2.298479545725943929e+00 2.316536184139718202e+01
-2.296921782563811743e+00 2.025875781132154074e+01
-2.295364019401679556e+00 1.919236392976140948e+01
-2.293806256239547370e+00 2.164132419933547169e+01
-2.292248493077415183e+00 2.323952014312342840e+01
-2.290690729915283441e+00 1.993269720140862233e+01
-2.289132966753151255e+00 1.872185730343328913e+01
-2.287575203591019068e+00 2.008977998204157700e+01
-2.286017440428886882e+00 1.982667461858453706e+01
-2.284459677266754696e+00 2.233402240340241462e+01
-2.282901914104622954e+00 2.286169238752392374e+01
-2.281344150942490323e+00 2.459867667215642939e+01
-2.279786387780358581e+00 1.978208665318395632e+01
-2.278228624618226394e+00 1.784074016064159807e+01
-2.276670861456094208e+00 2.030794275788947445e+01
-2.275113098293962022e+00 2.325899838897812799e+01
-2.273555335131829835e+00 2.340325373562305344e+01
-2.271997571969698093e+00 2.206661787363031380e+01
-2.270439808807565463e+00 2.225032890407402419e+01
-2.268882045645433720e+00 2.452899288079930784e+01
-2.267324282483301534e+00 2.668131850678770789e+01
-2.265766519321169348e+00 2.534458644175991537e+01
-2.264208756159037161e+00 2.205882430205528166e+01
-2.262650992996904975e+00 1.914259006921965778e+01
-2.261093229834773233e+00 2.207599538653364135e+01
-2.259535466672640602e+00 2.298964309191870470e+01
-2.257977703510508860e+00 2.603975354779112905e+01
-2.256419940348376674e+00 2.016784522880510266e+01
-2.254862177186244487e+00 1.897675880830119866e+01
-2.253304414024112301e+00 2.205622907448301362e+01
-2.251746650861980115e+00 2.387997667384354727e+01
-2.250188887699848372e+00 2.367045373842403677e+01
-2.248631124537716186e+00 2.297413427661231466e+01
-2.247073361375584000e+00 2.493111195523116308e+01
-2.245515598213451813e+00 2.588538750589063397e+01
-2.243957835051319627e+00 2.591488074580670542e+01
-2.242400071889187441e+00 2.304055480227470554e+01
-2.240842308727055254e+00 2.224962481529808400e+01
-2.239284545564923512e+00 2.170038066597404480e+01
-2.237726782402791326e+00 2.273500023851560670e+01
-2.236169019240659139e+00 2.079994876983163721e+01
-2.234611256078526953e+00 2.148345065399920983e+01
-2.233053492916394767e+00 2.206043861809419582e+01
-2.231495729754262580e+00 2.367072263085005801e+01
-2.229937966592130394e+00 2.986159308544986146e+01
-2.228380203429998652e+00 2.907416713896299498e+01
-2.226822440267866465e+00 2.385369277919563658e+01
-2.225264677105734279e+00 2.355300989127094624e+01
-2.223706913943602093e+00 2.544367251470737656e+01
-2.222149150781469906e+00 2.792858260421608918e+01
-2.220591387619337720e+00 2.568552836917341153e+01
-2.219033624457205534e+00 2.526554898637286328e+01
-2.217475861295073791e+00 2.231487546092850849e+01
-2.215918098132941605e+00 2.061402586409830207e+01
-2.214360334970809419e+00 2.209434826663701301e+01
-2.212802571808677232e+00 2.367210469353268110e+01
-2.211244808646545046e+00 2.530345971107760406e+01
-2.209687045484412860e+00 2.699616502966905074e+01
-2.208129282322280673e+00 2.619951849050676529e+01
-2.206571519160148931e+00 2.408507591700987405e+01
-2.205013755998016745e+00 2.334415397351225963e+01
-2.203455992835884558e+00 2.008076267215348309e+01
-2.201898229673752372e+00 1.864512108879715058e+01
-2.200340466511620185e+00 2.247438070658915166e+01
-2.198782703349488443e+00 2.412104596433288961e+01
-2.197224940187355813e+00 2.822439294225150519e+01
-2.195667177025224071e+00 2.575327952288671440e+01
-2.194109413863091884e+00 2.056662169789467143e+01
-2.192551650700959698e+00 2.220124898831396720e+01
-2.190993887538827511e+00 2.534315476375114784e+01
-2.189436124376695325e+00 2.331193155497612679e+01
-2.187878361214563583e+00 1.883289076768345893e+01
-2.186320598052430952e+00 1.654541658482707689e+01
-2.184762834890299210e+00 2.082416506909452991e+01
-2.183205071728167024e+00 2.521397736148525581e+01
-2.181647308566034837e+00 2.695893262966310644e+01
-2.180089545403902651e+00 3.142278823661654386e+01
-2.178531782241770465e+00 2.950440267506723302e+01
-2.176974019079638722e+00 2.697825915306636801e+01
-2.175416255917506092e+00 2.241268864340374023e+01
-2.173858492755374350e+00 2.488302524922497483e+01
-2.172300729593242163e+00 1.961043509664144935e+01
-2.170742966431109977e+00 1.937532593674212933e+01
-2.169185203268977791e+00 2.286913080510486296e+01
-2.167627440106845604e+00 2.590262933976912407e+01
-2.166069676944713862e+00 2.544714785930443313e+01
-2.164511913782581232e+00 2.273721380523405244e+01
-2.162954150620449489e+00 2.252925394496327627e+01
-2.161396387458317303e+00 2.035999432255438535e+01
-2.159838624296185117e+00 2.020536940062893549e+01
-2.158280861134053374e+00 2.159443088978087744e+01
-2.156723097971920744e+00 2.204899457248936301e+01
-2.155165334809789002e+00 2.234630684632225339e+01
-2.153607571647656371e+00 1.815020451515258060e+01
-2.152049808485524629e+00 1.950839719537066586e+01
-2.150492045323392443e+00 2.411594411783555714e+01
-2.148934282161260256e+00 2.507230088846958793e+01
-2.147376518999128514e+00 2.495540309903542564e+01
-2.145818755836995884e+00 2.558778959035938882e+01
-2.144260992674864141e+00 2.350903199751130046e+01
-2.142703229512731955e+00 2.080252013120244214e+01
-2.141145466350599769e+00 2.064320634171228974e+01
-2.139587703188467582e+00 2.309271874170384464e+01
-2.138029940026335396e+00 2.718702069216472594e+01
-2.136472176864203654e+00 2.360585878429547080e+01
-2.134914413702071023e+00 2.360190625826879085e+01
-2.133356650539939281e+00 2.245600676056766432e+01
-2.131798887377807095e+00 2.023135443705999137e+01
-2.130241124215674908e+00 2.055103045063123801e+01
-2.128683361053542722e+00 2.213469517624853111e+01
-2.127125597891410536e+00 2.349413062081879033e+01
-2.125567834729278793e+00 2.719548836636358402e+01
-2.124010071567146163e+00 2.684547123537133473e+01
-2.122452308405014421e+00 2.417503912521351594e+01
-2.120894545242882234e+00 2.333663217074145280e+01
-2.119336782080750048e+00 2.258939858513137722e+01
-2.117779018918617862e+00 1.951751926914810653e+01
-2.116221255756485675e+00 2.376210751422947354e+01
-2.114663492594353933e+00 2.392681409542222326e+01
-2.113105729432221302e+00 2.189477208759742766e+01
-2.111547966270089560e+00 2.193924279044978576e+01
-2.109990203107957374e+00 2.493171799061655847e+01
-2.108432439945825188e+00 2.533161102953186727e+01
-2.106874676783693001e+00 2.449922825350675026e+01
-2.105316913621560815e+00 2.563836528409227711e+01
-2.103759150459429073e+00 2.396916800879517595e+01
-2.102201387297296442e+00 2.273732965664908789e+01
-2.100643624135164700e+00 2.570577724077944026e+01
-2.099085860973032513e+00 2.549002563040190950e+01
-2.097528097810900327e+00 2.380105949449394132e+01
-2.095970334648768141e+00 2.533019905428052354e+01
-2.094412571486635954e+00 2.413348352235657757e+01
-2.092854808324504212e+00 2.333832252120318174e+01
-2.091297045162371582e+00 2.058140102608193089e+01
-2.089739282000239839e+00 2.104786321708499841e+01
-2.088181518838107653e+00 2.219383223494614654e+01
-2.086623755675975467e+00 2.062099277472927383e+01
-2.085065992513843280e+00 1.965423476850310180e+01
-2.083508229351711094e+00 2.195829017004062322e+01
-2.081950466189579352e+00 2.636826499421989567e+01
-2.080392703027446721e+00 2.583216174165319501e+01
-2.078834939865314979e+00 2.440999198733356934e+01
-2.077277176703182793e+00 2.254030891537055226e+01
-2.075719413541050606e+00 2.005835391540097135e+01
-2.074161650378918864e+00 2.476530012502801625e+01
-2.072603887216786234e+00 2.561855381457347036e+01
-2.071046124054654491e+00 2.340779666698372097e+01
-2.069488360892521861e+00 2.236352381694294067e+01
-2.067930597730390119e+00 2.302560791527213269e+01
-2.066372834568257932e+00 2.119184298192424265e+01
-2.064815071406125746e+00 1.990791532148476151e+01
-2.063257308243994004e+00 2.212514956099722596e+01
-2.061699545081861373e+00 2.299972921820239335e+01
-2.060141781919729631e+00 2.307919499859988832e+01
-2.058584018757597445e+00 2.425713358299785227e+01
-2.057026255595465258e+00 2.085068282516777671e+01
-2.055468492433333072e+00 2.140449424163034564e+01
-2.053910729271200886e+00 2.307138310799565062e+01
-2.052352966109069143e+00 2.311164167152287163e+01
-2.050795202946936513e+00 2.352834850220036600e+01
-2.049237439784804771e+00 2.408726674788805866e+01
-2.047679676622672584e+00 2.443680745674214094e+01
-2.046121913460540398e+00 2.632520779278314293e+01
-2.044564150298408212e+00 2.293834374554345246e+01
-2.043006387136276025e+00 2.289446698868209040e+01
-2.041448623974144283e+00 2.528099344795892378e+01
-2.039890860812011653e+00 2.844959436500347039e+01
-2.038333097649879910e+00 2.677074301415149193e+01
-2.036775334487747724e+00 2.166640682494494641e+01
-2.035217571325615538e+00 2.545836198089795133e+01
-2.033659808163483351e+00 2.873814211201579383e+01
-2.032102045001351165e+00 2.823896313649493095e+01
-2.030544281839219423e+00 2.749736034259562700e+01
-2.028986518677086792e+00 2.456910107903059881e+01
-2.027428755514955050e+00 2.540041495020855677e+01
-2.025870992352822864e+00 2.564310321537138648e+01
-2.024313229190690677e+00 2.437968895329830588e+01
-2.022755466028558491e+00 2.627250563850056864e+01
-2.021197702866426305e+00 2.062688819431842546e+01
-2.019639939704294562e+00 2.207781080090366999e+01
-2.018082176542161932e+00 2.520139132494557543e+01
-2.016524413380030190e+00 2.475230495812654041e+01
-2.014966650217898003e+00 2.473384856032728507e+01
-2.013408887055765817e+00 2.413733669534030568e+01
-2.011851123893633631e+00 2.198775486265191503e+01
-2.010293360731501444e+00 2.252153090242797617e+01
-2.008735597569369702e+00 2.493404164306114268e+01
-2.007177834407237071e+00 2.209004765435503259e+01
-2.005620071245105329e+00 1.999650092347584618e+01
-2.004062308082973143e+00 1.764800364239307484e+01
-2.002504544920840956e+00 2.233442957420628261e+01
-2.000946781758709214e+00 2.461333452349665407e+01
-1.999389018596576806e+00 2.619645276657810840e+01
-1.997831255434444619e+00 2.945509479869277669e+01
-1.996273492272312433e+00 2.664832395751735561e+01
-1.994715729110180469e+00 2.310725193458682725e+01
-1.993157965948048282e+00 2.254796209161789378e+01
-1.991600202785916096e+00 2.031935544810808025e+01
-1.990042439623784132e+00 2.025415105929922888e+01
-1.988484676461651945e+00 2.173001362328617603e+01
-1.986926913299519759e+00 2.289516239755266724e+01
-1.985369150137387573e+00 2.752386730196299069e+01
-1.983811386975255608e+00 2.150798819076815960e+01
-1.982253623813123422e+00 2.131641856108455002e+01
-1.980695860650991236e+00 2.794607494490320931e+01
-1.979138097488859271e+00 2.261644789285903201e+01
-1.977580334326727085e+00 2.108850237472474731e+01
-1.976022571164594899e+00 2.204146140854856384e+01
-1.974464808002462934e+00 2.262128719344215710e+01
-1.972907044840330748e+00 2.333829060545893341e+01
-1.971349281678198562e+00 2.440121866152874475e+01
-1.969791518516066375e+00 2.316048353179436958e+01
-1.968233755353934411e+00 2.745504896182428567e+01
-1.966675992191802225e+00 2.782247777966190583e+01
-1.965118229029670038e+00 2.695889753028016145e+01
-1.963560465867538074e+00 2.496147524830439224e+01
-1.962002702705405888e+00 2.337289680104363399e+01
-1.960444939543273701e+00 2.127854901321634529e+01
-1.958887176381141737e+00 2.211208477127762961e+01
-1.957329413219009551e+00 2.509028712796984806e+01
-1.955771650056877364e+00 2.705376066904812404e+01
-1.954213886894745178e+00 2.655313535328135899e+01
-1.952656123732613214e+00 2.410836727729088125e+01
-1.951098360570481027e+00 2.487776068221003456e+01
-1.949540597408348841e+00 2.258791514737951545e+01
-1.947982834246216877e+00 2.555372152153293897e+01
-1.946425071084084690e+00 2.836608679738005634e+01
-1.944867307921952504e+00 2.259195270502650743e+01
-1.943309544759820540e+00 2.233375564785288248e+01
-1.941751781597688353e+00 2.374861667103508722e+01
-1.940194018435556167e+00 2.407806569969324784e+01
-1.938636255273423981e+00 2.552904857968283636e+01
-1.937078492111292016e+00 2.560124734144994108e+01
-1.935520728949159830e+00 2.833883828230416668e+01
-1.933962965787027644e+00 2.323680575183848873e+01
-1.932405202624895679e+00 2.018195890290044048e+01
-1.930847439462763493e+00 2.274081491076100292e+01
-1.929289676300631307e+00 2.263707680251684806e+01
-1.927731913138499120e+00 2.573250548072419619e+01
-1.926174149976367156e+00 2.356275242101375866e+01
-1.924616386814234970e+00 2.181893909748814053e+01
-1.923058623652102783e+00 2.253498525724418755e+01
-1.921500860489970819e+00 2.379984504890778751e+01
-1.919943097327838633e+00 2.620718723192991817e+01
-1.918385334165706446e+00 2.868856687601068600e+01
-1.916827571003574482e+00 2.478301063892896039e+01
-1.915269807841442296e+00 2.153037324623823423e+01
-1.913712044679310109e+00 2.222084695397825271e+01
-1.912154281517177923e+00 2.356923001339361434e+01
-1.910596518355045959e+00 2.345271028371390543e+01
-1.909038755192913772e+00 2.522230646407081167e+01
-1.907480992030781586e+00 2.355334849241493345e+01
-1.905923228868649622e+00 2.406450985991050118e+01
-1.904365465706517435e+00 2.559717711610321089e+01
-1.902807702544385249e+00 2.367238098812772762e+01
-1.901249939382253284e+00 2.360937617315196846e+01
-1.899692176220121098e+00 2.229676265841949245e+01
-1.898134413057988912e+00 2.030606971624821355e+01
-1.896576649895856725e+00 2.355232336509595825e+01
-1.895018886733724761e+00 2.743933549432268748e+01
-1.893461123571592575e+00 2.620223465320611567e+01
-1.891903360409460388e+00 2.742992307090228010e+01
-1.890345597247328424e+00 2.603400903903066776e+01
-1.888787834085196238e+00 2.738623019324089114e+01
-1.887230070923064051e+00 2.961974017907617451e+01
-1.885672307760931865e+00 2.723990604864875920e+01
-1.884114544598799901e+00 2.842781921946390966e+01
-1.882556781436667714e+00 2.424556409165390392e+01
-1.880999018274535528e+00 2.546526338866200945e+01
-1.879441255112403564e+00 2.876246579418347693e+01
-1.877883491950271377e+00 2.238823179684608533e+01
-1.876325728788139191e+00 2.168566447924749241e+01
-1.874767965626007227e+00 2.286907348654972694e+01
-1.873210202463875040e+00 2.338886402814219068e+01
-1.871652439301742854e+00 2.465662074928805225e+01
-1.870094676139610668e+00 2.297786070823809013e+01
-1.868536912977478703e+00 2.212007586716883267e+01
-1.866979149815346517e+00 2.436504155083665779e+01
-1.865421386653214331e+00 2.633653015329851499e+01
-1.863863623491082366e+00 2.652409946072256020e+01
-1.862305860328950180e+00 2.321286753476419307e+01
-1.860748097166817994e+00 2.125545404111563386e+01
-1.859190334004686029e+00 2.381455390939116157e+01
-1.857632570842553843e+00 2.336218772716885539e+01
-1.856074807680421657e+00 2.368201523257058483e+01
-1.854517044518289470e+00 2.459669619903929316e+01
-1.852959281356157506e+00 2.449118453014386176e+01
-1.851401518194025320e+00 2.375951132251531561e+01
-1.849843755031893133e+00 2.422681389414694308e+01
-1.848285991869761169e+00 2.592721730933238788e+01
-1.846728228707628983e+00 2.292580384412704220e+01
-1.845170465545496796e+00 2.276158429255508153e+01
-1.843612702383364610e+00 2.414159749763962282e+01
-1.842054939221232646e+00 2.640347770839063557e+01
-1.840497176059100459e+00 2.508035763871622947e+01
-1.838939412896968273e+00 2.545260411267211254e+01
-1.837381649734836309e+00 2.572510426525679961e+01
-1.835823886572704122e+00 2.426348251155772928e+01
-1.834266123410571936e+00 2.474469654623946724e+01
-1.832708360248439972e+00 2.388375731242232192e+01
-1.831150597086307785e+00 2.451459556295543507e+01
-1.829592833924175599e+00 3.046110084298951648e+01
-1.828035070762043413e+00 2.718147415278140855e+01
-1.826477307599911448e+00 2.421956967873906308e+01
-1.824919544437779262e+00 2.452742254203631589e+01
-1.823361781275647076e+00 2.531843812816522998e+01
-1.821804018113515111e+00 2.463965866999075516e+01
-1.820246254951382925e+00 2.409503457410374949e+01
-1.818688491789250739e+00 2.679562156571157772e+01
-1.817130728627118774e+00 2.635344468047187405e+01
-1.815572965464986588e+00 2.697227690707202186e+01
-1.814015202302854401e+00 2.313535415212706070e+01
-1.812457439140722215e+00 2.676687252063266698e+01
-1.810899675978590251e+00 2.382084860014752081e+01
-1.809341912816458064e+00 2.175703062537749943e+01
-1.807784149654325878e+00 2.112712317873689472e+01
-1.806226386492193914e+00 2.230418262619150127e+01
-1.804668623330061727e+00 2.640188566437335993e+01
-1.803110860167929541e+00 2.453231886162142317e+01
-1.801553097005797577e+00 2.141211616710667798e+01
-1.799995333843665390e+00 2.688541505802535170e+01
-1.798437570681533204e+00 2.613830020801158938e+01
-1.796879807519401018e+00 2.807901386016178336e+01
-1.795322044357269053e+00 2.633731439179037892e+01
-1.793764281195136867e+00 2.295468246589263117e+01
-1.792206518033004681e+00 2.424390347753700681e+01
-1.790648754870872716e+00 2.593537597567614483e+01
-1.789090991708740530e+00 2.407575204995882956e+01
-1.787533228546608344e+00 2.339815249440416878e+01
-1.785975465384476157e+00 2.524335650438277412e+01
-1.784417702222344193e+00 2.402794927906904121e+01
-1.782859939060212007e+00 2.162635234120407901e+01
-1.781302175898079820e+00 2.388544432781282012e+01
-1.779744412735947856e+00 2.026598470087373727e+01
-1.778186649573815670e+00 2.205883866327119236e+01
-1.776628886411683483e+00 2.378561340771367227e+01
-1.775071123249551519e+00 2.272418118928188591e+01
-1.773513360087419333e+00 2.575440896719334205e+01
-1.771955596925287146e+00 2.492060496200773656e+01
-1.770397833763154960e+00 2.166358338914075432e+01
-1.768840070601022996e+00 2.493326706739179954e+01
-1.767282307438890809e+00 3.235351906454657467e+01
-1.765724544276758623e+00 3.289574626162787752e+01
-1.764166781114626659e+00 2.623929535361090615e+01
-1.762609017952494472e+00 2.359058874868743061e+01
-1.761051254790362286e+00 2.657369261015826467e+01
-1.759493491628230322e+00 2.694746653493623967e+01
-1.757935728466098135e+00 2.605499938194497389e+01
-1.756377965303965949e+00 2.866431185990985853e+01
-1.754820202141833763e+00 2.532214085563047234e+01
-1.753262438979701798e+00 2.429099091213783268e+01
-1.751704675817569612e+00 2.996236600125402560e+01
-1.750146912655437426e+00 2.663609990993593613e+01
-1.748589149493305461e+00 2.118334334025030685e+01
-1.747031386331173275e+00 2.375509795373014654e+01
-1.745473623169041089e+00 2.554597726308476524e+01
-1.743915860006909124e+00 2.626310639763444854e+01
-1.742358096844776938e+00 2.754060514271834137e+01
-1.740800333682644752e+00 2.689243338707790443e+01
-1.739242570520512565e+00 2.182293555285587061e+01
-1.737684807358380601e+00 2.659638686176850086e+01
-1.736127044196248415e+00 2.821609784015277711e+01
-1.734569281034116228e+00 2.770036774713528871e+01
-1.733011517871984264e+00 2.800389255272452615e+01
-1.731453754709852078e+00 2.772246077033106459e+01
-1.729895991547719891e+00 2.931257943511024422e+01
-1.728338228385587705e+00 3.152873868306687655e+01
-1.726780465223455741e+00 3.063806538271870750e+01
-1.725222702061323554e+00 2.894535167318496249e+01
-1.723664938899191368e+00 2.753610427275607719e+01
-1.722107175737059404e+00 2.608190588319718728e+01
-1.720549412574927217e+00 2.465431204872775339e+01
-1.718991649412795031e+00 2.549062429508181538e+01
-1.717433886250663067e+00 2.462817875910799259e+01
-1.715876123088530880e+00 2.445951217679553835e+01
-1.714318359926398694e+00 2.482832082053804967e+01
-1.712760596764266507e+00 2.638380250814745764e+01
-1.711202833602134543e+00 2.682745589774574313e+01
-1.709645070440002357e+00 2.488572224477533013e+01
-1.708087307277870170e+00 2.737149120960333804e+01
-1.706529544115738206e+00 2.548162619992407230e+01
-1.704971780953606020e+00 2.311945055540609673e+01
-1.703414017791473833e+00 2.460409602287098352e+01
-1.701856254629341869e+00 2.736676082407934985e+01
-1.700298491467209683e+00 2.870311351250849441e+01
-1.698740728305077496e+00 2.827309850430742699e+01
-1.697182965142945310e+00 2.766489166538461220e+01
-1.695625201980813346e+00 2.531689708378760528e+01
-1.694067438818681159e+00 2.858029102275900613e+01
-1.692509675656548973e+00 2.545073860605975469e+01
-1.690951912494417009e+00 2.572931732936913463e+01
-1.689394149332284822e+00 2.538584421005493041e+01
-1.687836386170152636e+00 2.464551796266865225e+01
-1.686278623008020450e+00 2.774855075326417264e+01
-1.684720859845888485e+00 2.950131689361544574e+01
-1.683163096683756299e+00 3.101988214043819170e+01
-1.681605333521624113e+00 2.348452584509511709e+01
-1.680047570359492148e+00 2.703233332209891060e+01
-1.678489807197359962e+00 2.724053628441607700e+01
-1.676932044035227776e+00 2.109387098182851616e+01
-1.675374280873095811e+00 2.149274104024743082e+01
-1.673816517710963625e+00 2.342197911423148682e+01
-1.672258754548831439e+00 2.336728550849967334e+01
-1.670700991386699252e+00 2.396967051868710996e+01
-1.669143228224567288e+00 2.762586982863447815e+01
-1.667585465062435102e+00 2.319919659271144496e+01
-1.666027701900302915e+00 2.730184444105380237e+01
-1.664469938738170951e+00 2.818389835207477390e+01
-1.662912175576038765e+00 2.460002965026509614e+01
-1.661354412413906578e+00 2.375822119180897829e+01
-1.659796649251774614e+00 2.351915350782349989e+01
-1.658238886089642428e+00 2.632098214014880355e+01
-1.656681122927510241e+00 2.981692317499468459e+01
-1.655123359765378055e+00 2.583503217282284581e+01
-1.653565596603246091e+00 2.878753176970408845e+01
-1.652007833441113904e+00 2.729717501506725696e+01
-1.650450070278981718e+00 2.514267402183999778e+01
-1.648892307116849754e+00 2.773857862572925370e+01
-1.647334543954717567e+00 2.881830514351302597e+01
-1.645776780792585381e+00 2.868862822820885583e+01
-1.644219017630453195e+00 2.927394962180128601e+01
-1.642661254468321230e+00 2.874329238325493918e+01
-1.641103491306189044e+00 2.795643586236979772e+01
-1.639545728144056858e+00 3.029675385281021960e+01
-1.637987964981924893e+00 2.463739958880060854e+01
-1.636430201819792707e+00 2.188781748301247987e+01
-1.634872438657660521e+00 2.232203003477977887e+01
-1.633314675495528556e+00 2.491030175661330404e+01
-1.631756912333396370e+00 2.694351947793298763e+01
-1.630199149171264184e+00 2.388352925601355992e+01
-1.628641386009131997e+00 2.896890138810795889e+01
-1.627083622847000033e+00 2.920137809819607355e+01
-1.625525859684867847e+00 2.196472112534479493e+01
-1.623968096522735660e+00 1.968655816368357492e+01
-1.622410333360603696e+00 2.576962135067153525e+01
-1.620852570198471509e+00 2.815211845530197721e+01
-1.619294807036339323e+00 2.666527556837070989e+01
-1.617737043874207359e+00 2.601094673477200558e+01
-1.616179280712075172e+00 2.519382281689384584e+01
-1.614621517549942986e+00 2.471637727122283934e+01
-1.613063754387810800e+00 2.539208795462407764e+01
-1.611505991225678835e+00 2.702800965393019794e+01
-1.609948228063546649e+00 2.511976677952420545e+01
-1.608390464901414463e+00 2.074335062474831304e+01
-1.606832701739282498e+00 2.707404512613836900e+01
-1.605274938577150312e+00 3.090474424122961139e+01
-1.603717175415018126e+00 2.773160546952591332e+01
-1.602159412252886161e+00 2.593309657595227691e+01
-1.600601649090753975e+00 2.768031629426648266e+01
-1.599043885928621789e+00 2.823577649283574686e+01
-1.597486122766489602e+00 3.003403255804634853e+01
-1.595928359604357638e+00 2.580898357231162521e+01
-1.594370596442225452e+00 2.552947286150308770e+01
-1.592812833280093265e+00 2.523568994681468070e+01
-1.591255070117961301e+00 2.366824648199944292e+01
-1.589697306955829115e+00 2.800204416963998355e+01
-1.588139543793696928e+00 3.394721869839261075e+01
-1.586581780631564742e+00 2.980364229821913113e+01
-1.585024017469432778e+00 2.266488763247854266e+01
-1.583466254307300591e+00 2.841860730719382389e+01
-1.581908491145168405e+00 2.544852209067766680e+01
-1.580350727983036441e+00 2.472631313625390348e+01
-1.578792964820904254e+00 2.681576556398582767e+01
-1.577235201658772068e+00 2.592627973590050416e+01
-1.575677438496640104e+00 2.788770294180690357e+01
-1.574119675334507917e+00 3.051796595283018476e+01
-1.572561912172375731e+00 2.866751688256155717e+01
-1.571004149010243545e+00 2.549780047570466479e+01
-1.569446385848111580e+00 2.557757610284320648e+01
-1.567888622685979394e+00 2.551411712585251124e+01
-1.566330859523847208e+00 2.645785220902051904e+01
-1.564773096361715243e+00 2.716781895977216976e+01
-1.563215333199583057e+00 2.784602949476521871e+01
-1.561657570037450871e+00 3.080830807260508308e+01
-1.560099806875318906e+00 2.343988312727324796e+01
-1.558542043713186720e+00 2.279942471405144744e+01
-1.556984280551054534e+00 2.449068066439612679e+01
-1.555426517388922347e+00 2.354641548048593691e+01
-1.553868754226790383e+00 2.477959177943444402e+01
-1.552310991064658197e+00 2.563090469597862509e+01
-1.550753227902526010e+00 2.690349995827315510e+01
-1.549195464740394046e+00 2.436907210019166925e+01
-1.547637701578261860e+00 2.483504911335482390e+01
-1.546079938416129673e+00 2.715863682574164528e+01
-1.544522175253997709e+00 2.673665958256419728e+01
-1.542964412091865523e+00 2.599918531340370365e+01
-1.541406648929733336e+00 2.576816194382762859e+01
-1.539848885767601150e+00 2.240761742615690721e+01
-1.538291122605469186e+00 2.715670000026320352e+01
-1.536733359443336999e+00 2.685936051637983368e+01
-1.535175596281204813e+00 2.347330194089350286e+01
-1.533617833119072849e+00 2.508599999127967095e+01
-1.532060069956940662e+00 2.738234702716594171e+01
-1.530502306794808476e+00 2.799964122130411326e+01
-1.528944543632676289e+00 2.839187293766072884e+01
-1.527386780470544325e+00 2.513394936754163567e+01
-1.525829017308412139e+00 2.694871077193973008e+01
-1.524271254146279952e+00 2.654455720968524801e+01
-1.522713490984147988e+00 2.453406899942605435e+01
-1.521155727822015802e+00 2.393386923843774383e+01
-1.519597964659883615e+00 2.491906203355682692e+01
-1.518040201497751651e+00 2.752910270830407669e+01
-1.516482438335619465e+00 3.060072929470385006e+01
-1.514924675173487278e+00 3.264108677037614825e+01
-1.513366912011355092e+00 2.513978156767123551e+01
-1.511809148849223128e+00 2.214956046860104522e+01
-1.510251385687090941e+00 2.444877601218888685e+01
-1.508693622524958755e+00 2.552298885330745648e+01
-1.507135859362826791e+00 2.702276729175580883e+01
-1.505578096200694604e+00 2.935314738092398912e+01
-1.504020333038562418e+00 3.006474740588109995e+01
-1.502462569876430454e+00 2.508190826415792785e+01
-1.500904806714298267e+00 2.009016658576313574e+01
-1.499347043552166081e+00 2.623787220583152902e+01
-1.497789280390033895e+00 2.861437249654370873e+01
-1.496231517227901930e+00 2.713571481995192158e+01
-1.494673754065769744e+00 2.840955996905548986e+01
-1.493115990903637558e+00 2.769272786833031930e+01
-1.491558227741505593e+00 2.450053838535950490e+01
-1.490000464579373407e+00 2.401585890748239649e+01
-1.488442701417241221e+00 2.528176075804227096e+01
-1.486884938255109034e+00 3.095196049719628562e+01
-1.485327175092977070e+00 2.938552828903334202e+01
-1.483769411930844884e+00 3.055955287387798336e+01
-1.482211648768712697e+00 3.255420493515613600e+01
-1.480653885606580733e+00 2.694183791371403913e+01
-1.479096122444448547e+00 2.348226436176699039e+01
-1.477538359282316360e+00 2.843610286919152585e+01
-1.475980596120184396e+00 2.795579977675017602e+01
-1.474422832958052210e+00 2.869692205763872295e+01
-1.472865069795920023e+00 2.786357388007999702e+01
-1.471307306633787837e+00 2.953192990521026928e+01
-1.469749543471655873e+00 2.960009357365990112e+01
-1.468191780309523686e+00 2.692885945754038701e+01
-1.466634017147391500e+00 2.903165300927713943e+01
-1.465076253985259536e+00 3.113378306254086070e+01
-1.463518490823127349e+00 2.393183690897213722e+01
-1.461960727660995163e+00 2.419421794481873533e+01
-1.460402964498863199e+00 2.675406730445236647e+01
-1.458845201336731012e+00 2.587587194912739008e+01
-1.457287438174598826e+00 2.546572963885967411e+01
-1.455729675012466640e+00 2.577797475095237445e+01
-1.454171911850334675e+00 2.687325252480671267e+01
-1.452614148688202489e+00 2.813216615688756761e+01
-1.451056385526070303e+00 2.699675657397933648e+01
-1.449498622363938338e+00 3.160653246117617599e+01
-1.447940859201806152e+00 3.076439365066933007e+01
-1.446383096039673966e+00 3.027166622738849000e+01
-1.444825332877541779e+00 3.035444771178297785e+01
-1.443267569715409815e+00 2.644903791320638931e+01
-1.441709806553277629e+00 2.499837191885222509e+01
-1.440152043391145442e+00 2.581682424314270463e+01
-1.438594280229013478e+00 2.370417428166582496e+01
-1.437036517066881292e+00 2.585984948999067612e+01
-1.435478753904749105e+00 2.944641645358421655e+01
-1.433920990742617141e+00 3.168479849430154260e+01
-1.432363227580484955e+00 3.003388513939141191e+01
-1.430805464418352768e+00 2.713162469307375346e+01
-1.429247701256220582e+00 2.434626438007807536e+01
-1.427689938094088618e+00 2.215818854469231880e+01
-1.426132174931956431e+00 2.585444073264578435e+01
-1.424574411769824245e+00 2.459342185877563480e+01
-1.423016648607692280e+00 2.631504217300470572e+01
-1.421458885445560094e+00 2.848517375005498664e+01
-1.419901122283427908e+00 2.737891406469876898e+01
-1.418343359121295943e+00 2.813098313968546194e+01
-1.416785595959163757e+00 2.738678338018680591e+01
-1.415227832797031571e+00 2.407800195558230882e+01
-1.413670069634899384e+00 2.355623757030269871e+01
-1.412112306472767420e+00 2.384958309393391929e+01
-1.410554543310635234e+00 2.322897993583676879e+01
-1.408996780148503047e+00 2.729210258349338147e+01
-1.407439016986371083e+00 2.785735248338465198e+01
-1.405881253824238897e+00 2.477992081917693312e+01
-1.404323490662106710e+00 2.524959774514415400e+01
-1.402765727499974746e+00 2.750557803039768956e+01
-1.401207964337842560e+00 2.793579881946434895e+01
-1.399650201175710373e+00 2.807260207686604758e+01
-1.398092438013578187e+00 2.790854033680738056e+01
-1.396534674851446223e+00 2.928532171262769168e+01
-1.394976911689314036e+00 2.679845114372968951e+01
-1.393419148527181850e+00 2.822445707870397058e+01
-1.391861385365049886e+00 2.747583503369881797e+01
-1.390303622202917699e+00 2.541231528598088829e+01
-1.388745859040785513e+00 2.847124265838795409e+01
-1.387188095878653327e+00 2.852743451968155952e+01
-1.385630332716521362e+00 2.635705757239988856e+01
-1.384072569554389176e+00 2.614239921207447637e+01
-1.382514806392256990e+00 2.417662490053947622e+01
-1.380957043230125025e+00 2.289947813372511831e+01
-1.379399280067992839e+00 2.676047350852698870e+01
-1.377841516905860653e+00 3.107064259761440894e+01
-1.376283753743728688e+00 2.851642874745886402e+01
-1.374725990581596502e+00 2.607699762587309777e+01
-1.373168227419464316e+00 2.745442519984045759e+01
-1.371610464257332129e+00 2.766186155056391627e+01
-1.370052701095200165e+00 2.759342597826305266e+01
-1.368494937933067979e+00 2.718566509273702891e+01
-1.366937174770935792e+00 3.046618780681542304e+01
-1.365379411608803828e+00 3.419290615409398981e+01
-1.363821648446671642e+00 2.718622437514563472e+01
-1.362263885284539455e+00 2.499571458157498327e+01
-1.360706122122407491e+00 2.945711195910375935e+01
-1.359148358960275305e+00 2.771095460202149496e+01
-1.357590595798143118e+00 2.449627005830609150e+01
-1.356032832636010932e+00 2.660003269605686071e+01
-1.354475069473878968e+00 2.727045272699021083e+01
-1.352917306311746781e+00 2.999507190071887308e+01
-1.351359543149614595e+00 2.710696705406876106e+01
-1.349801779987482631e+00 2.678635952469559456e+01
-1.348244016825350444e+00 2.711239750297951545e+01
-1.346686253663218258e+00 2.672661756229693353e+01
-1.345128490501086294e+00 2.718274871782757174e+01
-1.343570727338954107e+00 2.834948539936124945e+01
-1.342012964176821921e+00 2.791868344906284705e+01
-1.340455201014689735e+00 2.577601157676852495e+01
-1.338897437852557770e+00 3.105319084664093410e+01
-1.337339674690425584e+00 3.423373566396757184e+01
-1.335781911528293397e+00 3.314179616641279580e+01
-1.334224148366161433e+00 2.998640011315911380e+01
-1.332666385204029247e+00 2.557581032617682837e+01
-1.331108622041897060e+00 2.572925753239639235e+01
-1.329550858879764874e+00 2.643820622572270906e+01
-1.327993095717632910e+00 2.652372010933684265e+01
-1.326435332555500723e+00 2.810267441507351904e+01
-1.324877569393368537e+00 2.659349946967361689e+01
-1.323319806231236573e+00 2.918052273946617348e+01
-1.321762043069104386e+00 3.261759938554775573e+01
-1.320204279906972200e+00 3.170211176479907422e+01
-1.318646516744840236e+00 2.500426130029489968e+01
-1.317088753582708049e+00 2.998611410635315622e+01
-1.315530990420575863e+00 3.397903399493733190e+01
-1.313973227258443677e+00 3.441075224909896946e+01
-1.312415464096311712e+00 3.048221592303832850e+01
-1.310857700934179526e+00 2.416099284195978925e+01
-1.309299937772047340e+00 2.596300902801922561e+01
-1.307742174609915375e+00 2.783221662584885081e+01
-1.306184411447783189e+00 2.718791401984731593e+01
-1.304626648285651003e+00 2.702520826284035493e+01
-1.303068885123519038e+00 2.897932096384563394e+01
-1.301511121961386852e+00 2.716679151608591525e+01
-1.299953358799254666e+00 2.648752041450021366e+01
-1.298395595637122479e+00 2.703472366050436193e+01
-1.296837832474990515e+00 2.512373750659660487e+01
-1.295280069312858329e+00 2.569343228292085257e+01
-1.293722306150726142e+00 3.147245845410280296e+01
-1.292164542988594178e+00 3.224188541164542698e+01
-1.290606779826461992e+00 3.222473856285648708e+01
-1.289049016664329805e+00 3.584257954841463345e+01
-1.287491253502197619e+00 3.519402154017625861e+01
-1.285933490340065655e+00 2.614631678552783711e+01
-1.284375727177933468e+00 2.750033044656908032e+01
-1.282817964015801282e+00 3.188938725524299755e+01
-1.281260200853669318e+00 2.976235453702675926e+01
-1.279702437691537131e+00 2.791518979245931931e+01
-1.278144674529404945e+00 2.903260827386261766e+01
-1.276586911367272981e+00 2.743120988128748294e+01
-1.275029148205140794e+00 3.003727848368291120e+01
-1.273471385043008608e+00 2.858578444053118162e+01
-1.271913621880876422e+00 2.510762351278997784e+01
-1.270355858718744457e+00 2.857819557936594634e+01
-1.268798095556612271e+00 3.327485514929391286e+01
-1.267240332394480085e+00 3.121851644656890556e+01
-1.265682569232348120e+00 3.016594774296504866e+01
-1.264124806070215934e+00 3.194440172126544653e+01
-1.262567042908083748e+00 3.286776414479523822e+01
-1.261009279745951783e+00 3.021811672052882969e+01
-1.259451516583819597e+00 2.619175609930248783e+01
-1.257893753421687411e+00 2.513378089127428794e+01
-1.256335990259555224e+00 2.803276860650272084e+01
-1.254778227097423260e+00 2.382230643879447740e+01
-1.253220463935291074e+00 2.616157433913575048e+01
-1.251662700773158887e+00 2.826405999896073951e+01
-1.250104937611026923e+00 3.039981750348043477e+01
-1.248547174448894737e+00 3.221571051060304569e+01
-1.246989411286762550e+00 3.010342047238899355e+01
-1.245431648124630364e+00 2.868120611817065679e+01
-1.243873884962498400e+00 2.774207763779331870e+01
-1.242316121800366213e+00 2.644959308486302874e+01
-1.240758358638234027e+00 2.457513258037214854e+01
-1.239200595476102063e+00 2.612570662583030412e+01
-1.237642832313969876e+00 2.938063447501672698e+01
-1.236085069151837690e+00 2.788440799181912766e+01
-1.234527305989705726e+00 2.872577268838980302e+01
-1.232969542827573539e+00 3.013558608411666739e+01
-1.231411779665441353e+00 2.754735264805643169e+01
-1.229854016503309166e+00 2.613267592002391027e+01
-1.228296253341177202e+00 2.804679062412213852e+01
-1.226738490179045016e+00 2.778967034974014183e+01
-1.225180727016912829e+00 2.624877818428359433e+01
-1.223622963854780865e+00 2.667134303749104518e+01
-1.222065200692648679e+00 2.849264679685491686e+01
-1.220507437530516492e+00 2.788492392173057155e+01
-1.218949674368384528e+00 2.616816030179641217e+01
-1.217391911206252342e+00 3.108171590633542891e+01
-1.215834148044120155e+00 3.300629428057803239e+01
-1.214276384881987969e+00 2.819221218073271018e+01
-1.212718621719856005e+00 2.552688642847815714e+01
-1.211160858557723818e+00 2.425495346425939047e+01
-1.209603095395591632e+00 2.916440902873533858e+01
-1.208045332233459668e+00 3.110966939182947044e+01
-1.206487569071327481e+00 2.938386378946977828e+01
-1.204929805909195295e+00 2.631918284757454174e+01
-1.203372042747063331e+00 2.301833218572491191e+01
-1.201814279584931144e+00 2.655271646827605281e+01
-1.200256516422798958e+00 2.688405303938372626e+01
-1.198698753260666772e+00 2.498678917181931780e+01
-1.197140990098534807e+00 2.998758688278757489e+01
-1.195583226936402621e+00 3.269843982504580993e+01
-1.194025463774270435e+00 2.371532982247603272e+01
-1.192467700612138470e+00 2.257065050391825167e+01
-1.190909937450006284e+00 2.592957065159054508e+01
-1.189352174287874320e+00 2.931832417316587325e+01
-1.187794411125742133e+00 2.913978782177031945e+01
-1.186236647963609947e+00 3.060546499277420551e+01
-1.184678884801477761e+00 3.081658345423702627e+01
-1.183121121639345574e+00 2.955152180469509915e+01
-1.181563358477213388e+00 2.856645312905620671e+01
-1.180005595315081202e+00 3.005585724459539421e+01
-1.178447832152949459e+00 3.212145254448818577e+01
-1.176890068990817273e+00 2.869185427087588280e+01
-1.175332305828685087e+00 2.509135030877420292e+01
-1.173774542666552900e+00 2.960978769809047861e+01
-1.172216779504420714e+00 2.699150259368705207e+01
-1.170659016342288528e+00 2.437789070270928349e+01
-1.169101253180156785e+00 2.909292090454699320e+01
-1.167543490018024599e+00 2.717037206872591071e+01
-1.165985726855892413e+00 2.785823835112660163e+01
-1.164427963693760226e+00 3.079064115343480523e+01
-1.162870200531628040e+00 2.954285123716707417e+01
-1.161312437369495854e+00 2.975713747806808485e+01
-1.159754674207363667e+00 2.617471343734785449e+01
-1.158196911045231925e+00 2.497254678699909647e+01
-1.156639147883099739e+00 2.852227562904209179e+01
-1.155081384720967552e+00 2.870925854528972820e+01
-1.153523621558835366e+00 2.461385170213985063e+01
-1.151965858396703180e+00 2.540042273872473189e+01
-1.150408095234570993e+00 2.641290090357903964e+01
-1.148850332072438807e+00 2.579907185568637473e+01
-1.147292568910307065e+00 2.618449302798508782e+01
-1.145734805748174878e+00 2.697992523714379232e+01
-1.144177042586042692e+00 2.878465695875238595e+01
-1.142619279423910505e+00 3.091433178387653768e+01
-1.141061516261778319e+00 2.875487941284163185e+01
-1.139503753099646133e+00 2.389094558172736171e+01
-1.137945989937513946e+00 2.754191549792067306e+01
-1.136388226775382204e+00 3.037878070382532059e+01
-1.134830463613250018e+00 2.885422202939683700e+01
-1.133272700451117831e+00 3.023168543387639673e+01
-1.131714937288985645e+00 2.986685712145319016e+01
-1.130157174126853459e+00 2.833958591339160549e+01
-1.128599410964721272e+00 3.099974431132037012e+01
-1.127041647802589530e+00 3.413880424683640769e+01
-1.125483884640457344e+00 2.837064882216408535e+01
-1.123926121478325157e+00 2.737457460616138150e+01
-1.122368358316192971e+00 3.105060408174282216e+01
-1.120810595154060785e+00 3.436716805689493981e+01
-1.119252831991928598e+00 2.999363325595881236e+01
-1.117695068829796412e+00 3.034562089297874721e+01
-1.116137305667664670e+00 3.144359254357601685e+01
-1.114579542505532483e+00 3.012246911481666700e+01
-1.113021779343400297e+00 2.980083800162355701e+01
-1.111464016181268111e+00 3.043564358533051006e+01
-1.109906253019135924e+00 2.916244553003041418e+01
-1.108348489857003738e+00 2.889365362735611242e+01
-1.106790726694871552e+00 2.864072967379539847e+01
-1.105232963532739809e+00 3.174869942049394567e+01
-1.103675200370607623e+00 3.467155900612231534e+01
-1.102117437208475437e+00 3.392298055971566129e+01
-1.100559674046343250e+00 3.544031684405177174e+01
-1.099001910884211064e+00 3.261308588612477877e+01
-1.097444147722078878e+00 3.030537479763389186e+01
-1.095886384559947135e+00 3.087630322029366425e+01
-1.094328621397814949e+00 2.974981303970317725e+01
-1.092770858235682763e+00 3.213333889132240273e+01
-1.091213095073550576e+00 3.050511688732945004e+01
-1.089655331911418390e+00 3.174992000182039220e+01
-1.088097568749286204e+00 2.837138474241231378e+01
-1.086539805587154017e+00 2.905397740520722039e+01
-1.084982042425022275e+00 2.896901969711822034e+01
-1.083424279262890089e+00 2.586030986865952741e+01
-1.081866516100757902e+00 2.372755546047236308e+01
-1.080308752938625716e+00 2.572244735441840646e+01
-1.078750989776493530e+00 2.933083889336157313e+01
-1.077193226614361343e+00 3.039082922409582110e+01
-1.075635463452229157e+00 3.103228091638427344e+01
-1.074077700290097415e+00 3.127537859408647947e+01
-1.072519937127965228e+00 3.165271700563555157e+01
-1.070962173965833042e+00 2.381460137296715729e+01
-1.069404410803700856e+00 2.465236490464903696e+01
-1.067846647641568669e+00 2.799868424804860467e+01
-1.066288884479436483e+00 2.666080294532708805e+01
-1.064731121317304297e+00 2.746252201264465853e+01
-1.063173358155172554e+00 2.870485551144273373e+01
-1.061615594993040368e+00 2.798460077484159925e+01
-1.060057831830908182e+00 2.867390144320931356e+01
-1.058500068668775995e+00 3.188444170766119967e+01
-1.056942305506643809e+00 3.400513812833685279e+01
-1.055384542344511623e+00 3.518734170319456211e+01
-1.053826779182379880e+00 3.358437620434156656e+01
-1.052269016020247694e+00 3.278045724404207562e+01
-1.050711252858115508e+00 3.023123288895511607e+01
-1.049153489695983321e+00 2.840087997690437760e+01
-1.047595726533851135e+00 2.629113303564089676e+01
-1.046037963371718948e+00 2.557955575590859709e+01
-1.044480200209586762e+00 2.812495565269961872e+01
-1.042922437047455020e+00 3.154386692788711599e+01
-1.041364673885322834e+00 3.309944059140796213e+01
-1.039806910723190647e+00 3.373748739536468833e+01
-1.038249147561058461e+00 3.394416864198207406e+01
-1.036691384398926274e+00 3.496565684792667383e+01
-1.035133621236794088e+00 3.352651718492712973e+01
-1.033575858074661902e+00 3.158385622980790686e+01
-1.032018094912530159e+00 3.095129314039994739e+01
-1.030460331750397973e+00 3.120027305412287078e+01
-1.028902568588265787e+00 3.131633963409499799e+01
-1.027344805426133600e+00 3.100823104353140636e+01
-1.025787042264001414e+00 3.032365874777457293e+01
-1.024229279101869228e+00 2.806093325961334983e+01
-1.022671515939737041e+00 2.814942640398692575e+01
-1.021113752777605299e+00 2.786754283153674905e+01
-1.019555989615473113e+00 3.172619179887983876e+01
-1.017998226453340926e+00 3.446215537758492786e+01
-1.016440463291208740e+00 3.189114492292220859e+01
-1.014882700129076554e+00 2.812090867266292449e+01
-1.013324936966944367e+00 2.981169730967215514e+01
-1.011767173804812625e+00 3.154920463100613404e+01
-1.010209410642680439e+00 3.245115185459675899e+01
-1.008651647480548252e+00 3.310785143351041171e+01
-1.007093884318416066e+00 3.374893262739904287e+01
-1.005536121156283880e+00 3.132128942097298108e+01
-1.003978357994151693e+00 2.615291308282350968e+01
-1.002420594832019507e+00 2.880590448530580616e+01
-1.000862831669887765e+00 3.193623544599471842e+01
-9.993050685077555784e-01 3.357972020291408910e+01
-9.977473053456233920e-01 3.649861668690201100e+01
-9.961895421834912057e-01 3.771997929911248093e+01
-9.946317790213590193e-01 3.738482263966635344e+01
-9.930740158592268330e-01 3.375364532965701159e+01
-9.915162526970946466e-01 2.843336554321768617e+01
-9.899584895349629043e-01 2.802863056758660321e+01
-9.884007263728307180e-01 3.130745709996396542e+01
-9.868429632106985316e-01 3.278142976806888953e+01
-9.852852000485663453e-01 3.161480838459684861e+01
-9.837274368864341589e-01 3.499522836013802873e+01
-9.821696737243019726e-01 3.160387552102828224e+01
-9.806119105621697862e-01 2.347155066040564364e+01
-9.790541474000380440e-01 2.572681032567449932e+01
-9.774963842379058576e-01 3.047038485611559011e+01
-9.759386210757736713e-01 2.971596577108922688e+01
-9.743808579136414849e-01 2.839005268305450613e+01
-9.728230947515092986e-01 2.785813517209197698e+01
-9.712653315893771122e-01 2.676102908982684170e+01
-9.697075684272453699e-01 3.056713649821053380e+01
-9.681498052651131836e-01 3.356522454391016197e+01
-9.665920421029809972e-01 3.005684440398733770e+01
-9.650342789408488109e-01 3.349780411325025398e+01
-9.634765157787166245e-01 2.589682671108718282e+01
-9.619187526165844382e-01 3.014948645728907550e+01
-9.603609894544522518e-01 3.435121653708904432e+01
-9.588032262923205096e-01 3.255149842597592169e+01
-9.572454631301883232e-01 3.376955589974186012e+01
-9.556876999680561369e-01 3.149111096001130505e+01
-9.541299368059239505e-01 3.003254858916729830e+01
-9.525721736437917642e-01 3.173862700038583995e+01
-9.510144104816595778e-01 3.088623084767695914e+01
-9.494566473195273915e-01 3.373613982665010980e+01
-9.478988841573956492e-01 3.437520787613701856e+01
-9.463411209952634628e-01 3.600402753461361982e+01
-9.447833578331312765e-01 3.285100503453931253e+01
-9.432255946709990901e-01 2.833836658846904655e+01
-9.416678315088669038e-01 3.044644133537352459e+01
-9.401100683467347174e-01 3.094255683349584274e+01
-9.385523051846025311e-01 2.942868493186267287e+01
-9.369945420224707888e-01 2.957733817360213635e+01
-9.354367788603386025e-01 2.836366876346149013e+01
-9.338790156982064161e-01 3.167681787680012917e+01
-9.323212525360742298e-01 2.980521796431341031e+01
-9.307634893739420434e-01 3.359552183585789464e+01
-9.292057262118098571e-01 4.060562941798851710e+01
-9.276479630496781148e-01 3.373998243467299574e+01
-9.260901998875459284e-01 3.476912775833579872e+01
-9.245324367254137421e-01 3.282328885375174110e+01
-9.229746735632815557e-01 3.131239270202284786e+01
-9.214169104011493694e-01 3.314863409134499506e+01
-9.198591472390171830e-01 3.312998229764508551e+01
-9.183013840768849967e-01 3.832487608894604847e+01
-9.167436209147532544e-01 4.048861615033364814e+01
-9.151858577526210681e-01 4.692762596504389450e+01
-9.136280945904888817e-01 4.111285705023566805e+01
-9.120703314283566954e-01 3.307322159340664314e+01
-9.105125682662245090e-01 3.160450015786343414e+01
-9.089548051040923227e-01 4.199418178988509709e+01
-9.073970419419601363e-01 3.748056300206052072e+01
-9.058392787798283941e-01 3.043050044696580869e+01
-9.042815156176962077e-01 3.180347942796780814e+01
-9.027237524555640213e-01 3.365786686616369394e+01
-9.011659892934318350e-01 3.666585086442417207e+01
-8.996082261312996486e-01 3.494408843189869174e+01
-8.980504629691674623e-01 2.899376850135902828e+01
-8.964926998070352759e-01 3.294430335005061750e+01
-8.949349366449035337e-01 3.304845368975987441e+01
-8.933771734827713473e-01 4.212126374400074269e+01
-8.918194103206391610e-01 3.535502619003449354e+01
-8.902616471585069746e-01 2.945498005006232489e+01
-8.887038839963747883e-01 3.694225392231982141e+01
-8.871461208342426019e-01 3.517153721740138650e+01
-8.855883576721108597e-01 3.518827027462339885e+01
-8.840305945099786733e-01 3.260181622261781342e+01
-8.824728313478464869e-01 2.742030864485642638e+01
-8.809150681857143006e-01 3.668438480003233337e+01
-8.793573050235821142e-01 3.784535008990731342e+01
-8.777995418614499279e-01 2.777645966430328528e+01
-8.762417786993177415e-01 2.795193924056065882e+01
-8.746840155371859993e-01 3.133087594545731491e+01
-8.731262523750538129e-01 3.155179589275884666e+01
-8.715684892129216266e-01 3.218807930814004692e+01
-8.700107260507894402e-01 2.957382657197108600e+01
-8.684529628886572539e-01 3.095989026789845511e+01
-8.668951997265250675e-01 3.389268911973763210e+01
-8.653374365643928812e-01 3.716017366833684576e+01
-8.637796734022611389e-01 4.311702813979210447e+01
-8.622219102401289526e-01 3.785394558232597007e+01
-8.606641470779967662e-01 3.509499063178758860e+01
-8.591063839158645798e-01 3.815348244242630926e+01
-8.575486207537323935e-01 3.704190498530919484e+01
-8.559908575916002071e-01 3.835443514197927328e+01
-8.544330944294684649e-01 4.077796676616659965e+01
-8.528753312673362785e-01 3.849919812826249199e+01
-8.513175681052040922e-01 3.333368001571956540e+01
-8.497598049430719058e-01 3.870875460993317319e+01
-8.482020417809397195e-01 3.764466041954269571e+01
-8.466442786188075331e-01 3.435283652695574830e+01
-8.450865154566753468e-01 3.297586842707187316e+01
-8.435287522945436045e-01 3.462981536060294019e+01
-8.419709891324114182e-01 3.924053373106377762e+01
-8.404132259702792318e-01 3.883182082704554716e+01
-8.388554628081470455e-01 3.556231335261733761e+01
-8.372976996460148591e-01 3.414528080903796337e+01
-8.357399364838826727e-01 3.615307755110628563e+01
-8.341821733217504864e-01 3.287987014213108239e+01
-8.326244101596187441e-01 3.398052535245347627e+01
-8.310666469974865578e-01 3.990091216358335657e+01
-8.295088838353543714e-01 3.716457652080128327e+01
-8.279511206732221851e-01 3.053377727141990050e+01
-8.263933575110899987e-01 3.237739532356852834e+01
-8.248355943489578124e-01 3.710766436057674156e+01
-8.232778311868256260e-01 3.626725264597198617e+01
-8.217200680246938838e-01 3.818446246104022634e+01
-8.201623048625616974e-01 3.424400561120858555e+01
-8.186045417004295111e-01 2.917467737160674091e+01
-8.170467785382973247e-01 3.407552531361428549e+01
-8.154890153761651383e-01 3.242012289913554923e+01
-8.139312522140329520e-01 3.071305606998298998e+01
-8.123734890519012097e-01 3.053326073169665378e+01
-8.108157258897690234e-01 2.803257366482903024e+01
-8.092579627276368370e-01 2.885747029499020044e+01
-8.077001995655046507e-01 3.050007344724945213e+01
-8.061424364033724643e-01 3.448225754440367297e+01
-8.045846732412402780e-01 3.075979555659225895e+01
-8.030269100791080916e-01 3.600565451774303227e+01
-8.014691469169763494e-01 4.068664496418160326e+01
-7.999113837548441630e-01 3.792169372065267652e+01
-7.983536205927119767e-01 3.772763146819360003e+01
-7.967958574305797903e-01 3.810787731869204720e+01
-7.952380942684476040e-01 3.726090394623162894e+01
-7.936803311063154176e-01 3.577032395327149317e+01
-7.921225679441832312e-01 3.544798014082073223e+01
-7.905648047820514890e-01 3.778786516438032095e+01
-7.890070416199193026e-01 3.750520770149560690e+01
-7.874492784577871163e-01 4.314868108167101468e+01
-7.858915152956549299e-01 4.421610547512994316e+01
-7.843337521335227436e-01 3.982208635725838519e+01
-7.827759889713905572e-01 3.905913907084444503e+01
-7.812182258092583709e-01 3.821477273115004891e+01
-7.796604626471266286e-01 3.771482898765052738e+01
-7.781026994849944423e-01 3.768758066237162296e+01
-7.765449363228622559e-01 3.418288767514526683e+01
-7.749871731607300696e-01 3.268288848166002936e+01
-7.734294099985978832e-01 3.733874423481464788e+01
-7.718716468364656969e-01 3.738949292930752932e+01
-7.703138836743339546e-01 3.506407235376390474e+01
-7.687561205122017682e-01 3.794198868815049508e+01
-7.671983573500695819e-01 3.590612967377721532e+01
-7.656405941879373955e-01 3.444936378639039276e+01
-7.640828310258052092e-01 3.647571177678018017e+01
-7.625250678636730228e-01 3.780188472958769808e+01
-7.609673047015408365e-01 4.352277135352020565e+01
-7.594095415394090942e-01 4.319934020374309824e+01
-7.578517783772769079e-01 3.809233205266687605e+01
-7.562940152151447215e-01 3.493505784358509914e+01
-7.547362520530125352e-01 3.477764146755999519e+01
-7.531784888908803488e-01 3.453578473902164347e+01
-7.516207257287481625e-01 4.032080991414201776e+01
-7.500629625666159761e-01 4.250835791574468203e+01
-7.485051994044842338e-01 3.753362131447573091e+01
-7.469474362423520475e-01 3.490627729694509895e+01
-7.453896730802198611e-01 3.459615822068180080e+01
-7.438319099180876748e-01 3.534101789629688284e+01
-7.422741467559554884e-01 3.780954846924860391e+01
-7.407163835938233021e-01 4.247945013748118726e+01
-7.391586204316911157e-01 4.578915692144620664e+01
-7.376008572695593735e-01 4.210630085426955560e+01
-7.360430941074271871e-01 3.932567286298306186e+01
-7.344853309452950008e-01 3.741941108661706750e+01
-7.329275677831628144e-01 3.694016422273676170e+01
-7.313698046210306281e-01 4.133134096151406567e+01
-7.298120414588984417e-01 4.289654879245442487e+01
-7.282542782967666994e-01 3.266890079416897663e+01
-7.266965151346345131e-01 3.018783665335709188e+01
-7.251387519725023267e-01 3.306829316462592061e+01
-7.235809888103701404e-01 3.402956523975016978e+01
-7.220232256482379540e-01 3.451243098154171918e+01
-7.204654624861057677e-01 3.401972049550366961e+01
-7.189076993239735813e-01 3.429862213611733068e+01
-7.173499361618418391e-01 3.598120845393934530e+01
-7.157921729997096527e-01 3.875257933376202146e+01
-7.142344098375774664e-01 3.926226538697381585e+01
-7.126766466754452800e-01 3.923378472766328429e+01
-7.111188835133130937e-01 4.206952404291934045e+01
-7.095611203511809073e-01 4.152553496816962308e+01
-7.080033571890487210e-01 4.202178879537454037e+01
-7.064455940269169787e-01 4.683457959129769677e+01
-7.048878308647847923e-01 4.799979137079316160e+01
-7.033300677026526060e-01 4.109295594184543177e+01
-7.017723045405204196e-01 3.895239564103660967e+01
-7.002145413783882333e-01 4.100893817000947195e+01
-6.986567782162560469e-01 3.913773638118309606e+01
-6.970990150541243047e-01 3.645231008447548504e+01
-6.955412518919921183e-01 4.064159203064146197e+01
-6.939834887298599320e-01 4.735779415967374462e+01
-6.924257255677277456e-01 4.600784543533738713e+01
-6.908679624055955593e-01 3.952161924157611850e+01
-6.893101992434633729e-01 4.114271578375819161e+01
-6.877524360813311866e-01 4.586131698382769883e+01
-6.861946729191994443e-01 4.071431581325793303e+01
-6.846369097570672579e-01 3.890916619691464007e+01
-6.830791465949350716e-01 4.259604004430247670e+01
-6.815213834328028852e-01 3.917042396724686171e+01
-6.799636202706706989e-01 4.018745053446593118e+01
-6.784058571085385125e-01 3.872608993622170459e+01
-6.768480939464063262e-01 3.940621082322238777e+01
-6.752903307842745839e-01 4.427962553580984206e+01
-6.737325676221423976e-01 4.049044303676201650e+01
-6.721748044600102112e-01 4.015744747268893633e+01
-6.706170412978780249e-01 4.154359469863112508e+01
-6.690592781357458385e-01 4.027054027405064573e+01
-6.675015149736136522e-01 4.140681261223198817e+01
-6.659437518114814658e-01 4.744766364936975833e+01
-6.643859886493497235e-01 4.783737753307632801e+01
-6.628282254872175372e-01 4.590460424287211083e+01
-6.612704623250853508e-01 5.039114731082066356e+01
-6.597126991629531645e-01 5.023559589259201630e+01
-6.581549360008209781e-01 4.442736324132565784e+01
-6.565971728386887918e-01 4.029014275535706702e+01
-6.550394096765570495e-01 4.401840900762618247e+01
-6.534816465144248632e-01 4.452180178729678062e+01
-6.519238833522926768e-01 3.954802940796165700e+01
-6.503661201901604905e-01 4.053270040108625949e+01
-6.488083570280283041e-01 4.292564264408407837e+01
-6.472505938658961178e-01 4.821778215936431167e+01
-6.456928307037639314e-01 4.355794706661367144e+01
-6.441350675416321891e-01 3.996746557071127626e+01
-6.425773043795000028e-01 3.914272787756167560e+01
-6.410195412173678164e-01 4.224142888707068977e+01
-6.394617780552356301e-01 4.432004093862544636e+01
-6.379040148931034437e-01 4.324078093561328728e+01
-6.363462517309712574e-01 4.299734880038023022e+01
-6.347884885688390710e-01 4.174282491807373674e+01
-6.332307254067073288e-01 4.227215251007695684e+01
-6.316729622445751424e-01 4.071703655781639242e+01
-6.301151990824429561e-01 4.188523460764311324e+01
-6.285574359203107697e-01 4.506406346002117402e+01
-6.269996727581785834e-01 4.044560046406488141e+01
-6.254419095960463970e-01 4.147351078115485734e+01
-6.238841464339142107e-01 4.160967855082045475e+01
-6.223263832717824684e-01 4.231834891425807399e+01
-6.207686201096502820e-01 4.400510411747366391e+01
-6.192108569475180957e-01 4.556141369222180515e+01
-6.176530937853859093e-01 5.024953130245044264e+01
-6.160953306232537230e-01 4.940313755764895376e+01
-6.145375674611215366e-01 5.159583802719849643e+01
-6.129798042989897944e-01 4.819541471851643166e+01
-6.114220411368576080e-01 4.576898918712328168e+01
-6.098642779747254217e-01 4.929219700319340802e+01
-6.083065148125932353e-01 4.378840967382897986e+01
-6.067487516504610490e-01 4.321120807787649198e+01
-6.051909884883288626e-01 4.709993147022039039e+01
-6.036332253261966763e-01 4.827466581358537212e+01
-6.020754621640649340e-01 5.123390636802469800e+01
-6.005176990019327476e-01 5.346440805655545603e+01
-5.989599358398005613e-01 5.197804482712124496e+01
-5.974021726776683749e-01 5.011334711925861995e+01
-5.958444095155361886e-01 4.956293976954734148e+01
-5.942866463534040022e-01 4.696697638036672373e+01
-5.927288831912718159e-01 5.152224446517178791e+01
-5.911711200291400736e-01 5.642092600362806820e+01
-5.896133568670078873e-01 5.359536421650427940e+01
-5.880555937048757009e-01 4.916505540410542352e+01
-5.864978305427435146e-01 4.957017615842865155e+01
-5.849400673806113282e-01 5.098464678791648197e+01
-5.833823042184791419e-01 5.072024285331367111e+01
-5.818245410563469555e-01 4.875848500767312288e+01
-5.802667778942152133e-01 5.159591788484541297e+01
-5.787090147320830269e-01 5.060224867878593358e+01
-5.771512515699508405e-01 5.080758063199139229e+01
-5.755934884078186542e-01 5.445677252106123234e+01
-5.740357252456864678e-01 4.768545010447767396e+01
-5.724779620835542815e-01 4.148179050420343117e+01
-5.709201989214225392e-01 4.390957095724805725e+01
-5.693624357592903529e-01 4.726242902942169621e+01
-5.678046725971581665e-01 4.819199256659715047e+01
-5.662469094350259802e-01 4.869715502792448092e+01
-5.646891462728937938e-01 5.655054975972338838e+01
-5.631313831107616075e-01 5.105924928758791026e+01
-5.615736199486294211e-01 4.760143695272399356e+01
-5.600158567864976789e-01 5.651629302153785517e+01
-5.584580936243654925e-01 5.395861006398796889e+01
-5.569003304622333062e-01 5.059393650189521452e+01
-5.553425673001011198e-01 5.199488086134753928e+01
-5.537848041379689334e-01 5.104597537388887218e+01
-5.522270409758367471e-01 5.183417546089056316e+01
-5.506692778137045607e-01 4.973582517927981428e+01
-5.491115146515728185e-01 5.006582682250282090e+01
-5.475537514894406321e-01 5.074575317811657271e+01
-5.459959883273084458e-01 5.058379353908505038e+01
-5.444382251651762594e-01 5.401592787366451631e+01
-5.428804620030440731e-01 6.089858971488890660e+01
-5.413226988409118867e-01 5.988512524782707658e+01
-5.397649356787797004e-01 5.575826869752787474e+01
-5.382071725166479581e-01 5.880602737557257598e+01
-5.366494093545157718e-01 5.987861825445216368e+01
-5.350916461923835854e-01 6.012015544348633256e+01
-5.335338830302513990e-01 6.575927947487778624e+01
-5.319761198681192127e-01 6.424966752943275594e+01
-5.304183567059870263e-01 6.153468330533841169e+01
-5.288605935438552841e-01 6.308426874665963169e+01
-5.273028303817230977e-01 6.043587698439520040e+01
-5.257450672195909114e-01 5.808193481640599032e+01
-5.241873040574587250e-01 6.049948538394036746e+01
-5.226295408953265387e-01 6.457092169003001914e+01
-5.210717777331943523e-01 6.531512367563377097e+01
-5.195140145710621660e-01 6.847785678996604020e+01
-5.179562514089304237e-01 7.234138097552940394e+01
-5.163984882467982374e-01 7.024691652950237142e+01
-5.148407250846660510e-01 6.241442866740217710e+01
-5.132829619225338647e-01 6.336834724905404670e+01
-5.117251987604016783e-01 6.405019656962461738e+01
-5.101674355982694919e-01 6.053872468744005886e+01
-5.086096724361373056e-01 6.271580041258268068e+01
-5.070519092740055633e-01 6.857385542648027865e+01
-5.054941461118733770e-01 7.275510689617297544e+01
-5.039363829497411906e-01 7.400664187052531418e+01
-5.023786197876090043e-01 7.044209716766880547e+01
-5.008208566254768179e-01 6.891898003922268856e+01
-4.992630934633446316e-01 6.983826545384606277e+01
-4.977053303012124452e-01 6.653720475356831798e+01
-4.961475671390807030e-01 7.146895565690714136e+01
-4.945898039769485166e-01 7.790119421288684975e+01
-4.930320408148163303e-01 7.665418598722943955e+01
-4.914742776526841439e-01 7.820863073157786971e+01
-4.899165144905519576e-01 8.331411719963442408e+01
-4.883587513284197712e-01 7.883822432581088435e+01
-4.868009881662880289e-01 7.875536408102169617e+01
-4.852432250041558426e-01 8.107920811342802381e+01
-4.836854618420236562e-01 8.034265090699392431e+01
-4.821276986798914699e-01 8.012932706891953671e+01
-4.805699355177592835e-01 8.086613935502982997e+01
-4.790121723556270972e-01 8.896827879456709809e+01
-4.774544091934949108e-01 9.323099325410127847e+01
-4.758966460313631686e-01 8.609330328835440582e+01
-4.743388828692309822e-01 7.760798971735316343e+01
-4.727811197070987959e-01 7.584694036295070418e+01
-4.712233565449666095e-01 8.033664190169837127e+01
-4.696655933828344232e-01 7.967649225831840454e+01
-4.681078302207022368e-01 7.998006768490446916e+01
-4.665500670585700504e-01 7.432388317751876627e+01
-4.649923038964383082e-01 7.562693903170406884e+01
-4.634345407343061218e-01 7.802520484200094586e+01
-4.618767775721739355e-01 8.357356631123894886e+01
-4.603190144100417491e-01 8.697356413153160304e+01
-4.587612512479095628e-01 8.185226104861772001e+01
-4.572034880857773764e-01 8.366889425726499496e+01
-4.556457249236456342e-01 8.559802016385648926e+01
-4.540879617615134478e-01 8.540664312116078349e+01
-4.525301985993812615e-01 8.537683236811557208e+01
-4.509724354372490751e-01 8.605199310650058919e+01
-4.494146722751168888e-01 8.350129062967708649e+01
-4.478569091129847024e-01 8.301850844981046862e+01
-4.462991459508525161e-01 8.763580918949526222e+01
-4.447413827887207738e-01 8.470077000342259055e+01
-4.431836196265885874e-01 7.579955790426213014e+01
-4.416258564644564011e-01 7.633418026269886525e+01
-4.400680933023242147e-01 8.541094840874453098e+01
-4.385103301401920284e-01 8.688099800234255099e+01
-4.369525669780598420e-01 9.370488789349865044e+01
-4.353948038159276557e-01 8.336478529238861768e+01
-4.338370406537959134e-01 7.953461865166403300e+01
-4.322792774916637271e-01 8.429060618302375474e+01
-4.307215143295315407e-01 8.472364126163392939e+01
-4.291637511673993544e-01 8.385726841248374797e+01
-4.276059880052671680e-01 8.022130071781563743e+01
-4.260482248431349817e-01 8.411604573718805966e+01
-4.244904616810027953e-01 8.662588135985060944e+01
-4.229326985188710530e-01 8.440103989337050905e+01
-4.213749353567388667e-01 9.056955830261829021e+01
-4.198171721946066803e-01 9.628176491608313370e+01
-4.182594090324744940e-01 8.709820564000592924e+01
-4.167016458703423076e-01 8.579792034279431334e+01
-4.151438827082101213e-01 8.760789834832777956e+01
-4.135861195460783790e-01 8.341063671422720915e+01
-4.120283563839461927e-01 8.635356350489826127e+01
-4.104705932218140063e-01 8.494189560112147319e+01
-4.089128300596818200e-01 7.586767810208219487e+01
-4.073550668975496336e-01 7.603553552738421217e+01
-4.057973037354174473e-01 8.639756899232568799e+01
-4.042395405732852609e-01 9.427787245524419291e+01
-4.026817774111535186e-01 1.049690935537564087e+02
-4.011240142490213323e-01 1.061886188396939730e+02
-3.995662510868891459e-01 9.172391751920758907e+01
-3.980084879247569596e-01 9.284052008784873067e+01
-3.964507247626247732e-01 9.469896981723675822e+01
-3.948929616004925869e-01 9.225669502035754022e+01
-3.933351984383604005e-01 9.771395399762656098e+01
-3.917774352762286583e-01 1.046052429788276044e+02
-3.902196721140964719e-01 1.114129540059998931e+02
-3.886619089519642856e-01 1.152230093685056431e+02
-3.871041457898320992e-01 1.153398139509348113e+02
-3.855463826276999129e-01 1.205914876275241028e+02
-3.839886194655677265e-01 1.159626234192108853e+02
-3.824308563034355402e-01 1.219577619658447674e+02
-3.808730931413037979e-01 1.267663143452670624e+02
-3.793153299791716115e-01 1.276289541398577967e+02
-3.777575668170394252e-01 1.348344710675847011e+02
-3.761998036549072388e-01 1.392571521684037350e+02
-3.746420404927750525e-01 1.450116537582053979e+02
-3.730842773306428661e-01 1.445317534198943861e+02
-3.715265141685111239e-01 1.403508853219447019e+02
-3.699687510063789375e-01 1.391820225482526041e+02
-3.684109878442467512e-01 1.589757657941524940e+02
-3.668532246821145648e-01 1.546978065159223092e+02
-3.652954615199823785e-01 1.618247411229707495e+02
-3.637376983578501921e-01 1.820055957756954115e+02
-3.621799351957180058e-01 1.782808104906297331e+02
-3.606221720335862635e-01 1.709662219462452697e+02
-3.590644088714540771e-01 1.696633458453879086e+02
-3.575066457093218908e-01 1.777304547865243762e+02
-3.559488825471897044e-01 1.855905349941460258e+02
-3.543911193850575181e-01 1.958243791579722597e+02
-3.528333562229253317e-01 2.037567167393133047e+02
-3.512755930607931454e-01 2.089618506917448997e+02
-3.497178298986614031e-01 2.030538946831587737e+02
-3.481600667365292168e-01 1.911105905838379613e+02
-3.466023035743970304e-01 2.115443318053753501e+02
-3.450445404122648441e-01 2.258926972684463124e+02
-3.434867772501326577e-01 2.275346462120886031e+02
-3.419290140880004714e-01 2.411440870551841158e+02
-3.403712509258682850e-01 2.455408729413493631e+02
-3.388134877637365427e-01 2.434944887735539396e+02
-3.372557246016043564e-01 2.407300856245940679e+02
-3.356979614394721700e-01 2.438659897647000889e+02
-3.341401982773399837e-01 2.543608236900399504e+02
-3.325824351152077973e-01 2.736989072494863535e+02
-3.310246719530756110e-01 2.874092266029603593e+02
-3.294669087909438687e-01 2.784878630787475231e+02
-3.279091456288116824e-01 2.712801845844210789e+02
-3.263513824666794960e-01 2.744298377230408619e+02
-3.247936193045473097e-01 2.806380456626947080e+02
-3.232358561424151233e-01 2.973125036883728285e+02
-3.216780929802829370e-01 3.013111679843452748e+02
-3.201203298181507506e-01 2.949933244866576274e+02
-3.185625666560190083e-01 2.953129358295266798e+02
-3.170048034938868220e-01 3.110498473050259918e+02
-3.154470403317546356e-01 3.156641718418521236e+02
-3.138892771696224493e-01 3.104349583132175212e+02
-3.123315140074902629e-01 3.193451805719141134e+02
-3.107737508453580766e-01 3.256868528401541312e+02
-3.092159876832258902e-01 3.235200189308595213e+02
-3.076582245210941480e-01 3.198701482198007966e+02
-3.061004613589619616e-01 3.211278320267488766e+02
-3.045426981968297753e-01 3.388183006383660540e+02
-3.029849350346975889e-01 3.457877627376095120e+02
-3.014271718725654026e-01 3.505175429653787091e+02
-2.998694087104332162e-01 3.400266869565662091e+02
-2.983116455483014740e-01 3.387697880009473010e+02
-2.967538823861692876e-01 3.522255754693994731e+02
-2.951961192240371012e-01 3.550023189170431692e+02
-2.936383560619049149e-01 3.618124940959087894e+02
-2.920805928997727285e-01 3.644122410879092513e+02
-2.905228297376405422e-01 3.621620445307249838e+02
-2.889650665755083558e-01 3.702612581050657923e+02
-2.874073034133766136e-01 3.625895338950990663e+02
-2.858495402512444272e-01 3.707409440452782405e+02
-2.842917770891122409e-01 3.631672359908772592e+02
-2.827340139269800545e-01 3.530653813122745532e+02
-2.811762507648478682e-01 3.695676094911366931e+02
-2.796184876027156818e-01 3.738564845335163227e+02
-2.780607244405834955e-01 3.711614595477130933e+02
-2.765029612784517532e-01 3.707771153409429417e+02
-2.749451981163195669e-01 3.791714690871618245e+02
-2.733874349541873805e-01 3.800576151704711378e+02
-2.718296717920551941e-01 3.657950453981034684e+02
-2.702719086299230078e-01 3.668390874625555398e+02
-2.687141454677908214e-01 3.730463926441582316e+02
-2.671563823056586351e-01 3.715690371441951356e+02
-2.655986191435268928e-01 3.575615635647911859e+02
-2.640408559813947065e-01 3.559860269059064990e+02
-2.624830928192625201e-01 3.711455592169500051e+02
-2.609253296571303338e-01 3.670208601146418914e+02
-2.593675664949981474e-01 3.553804622955593686e+02
-2.578098033328659611e-01 3.580138722445797725e+02
-2.562520401707342188e-01 3.680557812172024796e+02
-2.546942770086020325e-01 3.752221165888990413e+02
-2.531365138464698461e-01 3.739830523168750460e+02
-2.515787506843376597e-01 3.742809942057712647e+02
-2.500209875222054734e-01 3.715213116727417173e+02
-2.484632243600732870e-01 3.828984915575028936e+02
-2.469054611979411007e-01 3.807300771967579180e+02
-2.453476980358093584e-01 3.737361254095504819e+02
-2.437899348736771721e-01 3.919639310104982997e+02
-2.422321717115449857e-01 4.015120901727928526e+02
-2.406744085494127994e-01 4.131653528383857861e+02
-2.391166453872806130e-01 4.279463752492678736e+02
-2.375588822251484267e-01 4.424194765409102956e+02
-2.360011190630162403e-01 4.483080634414858991e+02
-2.344433559008844981e-01 4.453037619272661232e+02
-2.328855927387523117e-01 4.593304865234450176e+02
-2.313278295766201254e-01 4.863003104580839704e+02
-2.297700664144879390e-01 5.076175065443035805e+02
-2.282123032523557526e-01 5.186061121473462663e+02
-2.266545400902235663e-01 5.287367248070796677e+02
-2.250967769280913799e-01 5.460521400521513442e+02
-2.235390137659596377e-01 5.840139969484241647e+02
-2.219812506038274513e-01 6.129529503249863183e+02
-2.204234874416952650e-01 6.238168014022197667e+02
-2.188657242795630786e-01 6.637366909335078162e+02
-2.173079611174308923e-01 7.186622616089741769e+02
-2.157501979552987059e-01 7.684523501360195041e+02
-2.141924347931669637e-01 8.083124232722623219e+02
-2.126346716310347773e-01 8.509303297754040614e+02
-2.110769084689025910e-01 9.100918070192416280e+02
-2.095191453067704046e-01 9.577953564386145899e+02
-2.079613821446382183e-01 1.003797365346414722e+03
-2.064036189825060319e-01 1.097780264242564272e+03
-2.048458558203738455e-01 1.162299785186427016e+03
-2.032880926582421033e-01 1.234167993066655754e+03
-2.017303294961099169e-01 1.331386228758365860e+03
-2.001725663339777306e-01 1.392611293948913044e+03
-1.986148031718455442e-01 1.446112969823720505e+03
-1.970570400097133579e-01 1.519754224412311260e+03
-1.954992768475811715e-01 1.625907082601778257e+03
-1.939415136854489852e-01 1.739544670136420791e+03
-1.923837505233172429e-01 1.887290686998609544e+03
-1.908259873611850566e-01 1.996164525090593997e+03
-1.892682241990528702e-01 2.113360410521640006e+03
-1.877104610369206839e-01 2.255851384567749847e+03
-1.861526978747884975e-01 2.409221756837763223e+03
-1.845949347126563111e-01 2.588674738303529011e+03
-1.830371715505241248e-01 2.768780253021559929e+03
-1.814794083883923825e-01 2.968168868087005649e+03
-1.799216452262601962e-01 3.187184384519723153e+03
-1.783638820641280098e-01 3.410688692828395233e+03
-1.768061189019958235e-01 3.654915136278078535e+03
-1.752483557398636371e-01 3.889412281967095169e+03
-1.736905925777314508e-01 4.275584887502409401e+03
-1.721328294155997085e-01 4.701366117270687937e+03
-1.705750662534675222e-01 5.178252418316643343e+03
-1.690173030913353358e-01 5.662020356743852062e+03
-1.674595399292031495e-01 6.153820136807965355e+03
-1.659017767670709631e-01 6.824502081312310111e+03
-1.643440136049387768e-01 7.599715996642292339e+03
-1.627862504428065904e-01 8.475228296604156640e+03
-1.612284872806748481e-01 9.402820021020459535e+03
-1.596707241185426618e-01 1.042046720452096633e+04
-1.581129609564104754e-01 1.160542957700845363e+04
-1.565551977942782891e-01 1.305603535534326511e+04
-1.549974346321461027e-01 1.448184425756438577e+04
-1.534396714700139164e-01 1.599603042945542074e+04
-1.518819083078817300e-01 1.748806762337720647e+04
-1.503241451457499878e-01 1.885384749372557053e+04
-1.487663819836178014e-01 2.039120726265609846e+04
-1.472086188214856151e-01 2.183628729129515705e+04
-1.456508556593534287e-01 2.280157037603084245e+04
-1.440930924972212424e-01 2.384405897934694076e+04
-1.425353293350890560e-01 2.474917454864091633e+04
-1.409775661729568697e-01 2.516833454712596722e+04
-1.394198030108251274e-01 2.564836470267253389e+04
-1.378620398486929410e-01 2.624733130720029658e+04
-1.363042766865607547e-01 2.676695381190026092e+04
-1.347465135244285683e-01 2.741482808148820914e+04
-1.331887503622963820e-01 2.828600853465762339e+04
-1.316309872001641956e-01 2.902487259561559040e+04
-1.300732240380324534e-01 2.954224301887166439e+04
-1.285154608759002670e-01 3.011508885283346535e+04
-1.269576977137680807e-01 3.032411164597237439e+04
-1.253999345516358943e-01 3.078558799331918635e+04
-1.238421713895037080e-01 3.073446175925400166e+04
-1.222844082273715216e-01 2.991095380440802182e+04
-1.207266450652393353e-01 2.917419138672112967e+04
-1.191688819031075930e-01 2.803534063732097638e+04
-1.176111187409754066e-01 2.666328039421912763e+04
-1.160533555788432203e-01 2.518529529869033286e+04
-1.144955924167110339e-01 2.355426063313908526e+04
-1.129378292545788476e-01 2.199901867816524828e+04
-1.113800660924466612e-01 2.037080063847748170e+04
-1.098223029303144749e-01 1.886161130516342018e+04
-1.082645397681827326e-01 1.744582304201070292e+04
-1.067067766060505463e-01 1.602121502745431462e+04
-1.051490134439183599e-01 1.488193939710767700e+04
-1.035912502817861736e-01 1.388207912673448664e+04
-1.020334871196539872e-01 1.312341990163818809e+04
-1.004757239575218009e-01 1.259137623552942750e+04
-9.891796079538961450e-02 1.204576006887040239e+04
-9.736019763325787224e-02 1.152162063788606793e+04
-9.580243447112568589e-02 1.098683029766701839e+04
-9.424467130899349954e-02 1.053622708125089412e+04
-9.268690814686131318e-02 1.011089086310144376e+04
-9.112914498472912683e-02 9.759558129959221333e+03
-8.957138182259694048e-02 9.712540610399166326e+03
-8.801361866046519822e-02 9.765017117364870501e+03
-8.645585549833301187e-02 9.857509448682254515e+03
-8.489809233620082551e-02 1.019232611711450409e+04
-8.334032917406863916e-02 1.065195379555201907e+04
-8.178256601193645281e-02 1.099044456406637983e+04
-8.022480284980426646e-02 1.122279717980762507e+04
-7.866703968767208011e-02 1.158556047661631419e+04
-7.710927652554033784e-02 1.193778454719250294e+04
-7.555151336340815149e-02 1.246321622457277772e+04
-7.399375020127596514e-02 1.287892033585828176e+04
-7.243598703914377879e-02 1.327281858160430784e+04
-7.087822387701159244e-02 1.391886739962184402e+04
-6.932046071487940608e-02 1.451274881240308059e+04
-6.776269755274721973e-02 1.522886375826583026e+04
-6.620493439061547747e-02 1.613643773549361686e+04
-6.464717122848329112e-02 1.709749420997402558e+04
-6.308940806635110476e-02 1.802356337213068400e+04
-6.153164490421891841e-02 1.891741306038953917e+04
-5.997388174208673206e-02 1.999905693264875663e+04
-5.841611857995454571e-02 2.107667401444192001e+04
-5.685835541782280345e-02 2.236731469539735917e+04
-5.530059225569061709e-02 2.390894593058465034e+04
-5.374282909355843074e-02 2.520708892989756714e+04
-5.218506593142624439e-02 2.627037595947977024e+04
-5.062730276929405804e-02 2.744144486831668110e+04
-4.906953960716187169e-02 2.610890057806198456e+04
-4.751177644502968533e-02 1.944308769115412360e+04
-4.595401328289794307e-02 1.090439314300617843e+04
-4.439625012076575672e-02 6.374329904752522452e+03
-4.283848695863357037e-02 5.248225404870864622e+03
-4.128072379650138402e-02 4.379705178119571428e+03
-3.972296063436919766e-02 3.646596577123137649e+03
-3.816519747223701131e-02 3.457353940452572260e+03
-3.660743431010482496e-02 2.568074017916421781e+03
-3.504967114797308270e-02 9.571181141631301443e+02
-3.349190798584089634e-02 1.242340115498763709e+02
-3.193414482370870999e-02 3.395851953941424028e+01
-3.037638166157652364e-02 3.811167527466336935e+01
-2.881861849944433729e-02 3.208358269437782440e+01
-2.726085533731215094e-02 3.812865094858717185e+01
-2.570309217517996458e-02 3.618636528238724992e+01
-2.414532901304822232e-02 3.371397820649789168e+01
-2.258756585091603597e-02 3.305251656793423365e+01
-2.102980268878384962e-02 3.730888310931275953e+01
-1.947203952665166327e-02 4.116858962738601946e+01
-1.791427636451947691e-02 3.393019433845307020e+01
-1.635651320238729056e-02 3.360442391295251241e+01
-1.479875004025554830e-02 3.808037724040514149e+01
-1.324098687812336195e-02 3.407996809301288010e+01
-1.168322371599117560e-02 3.144606272135829528e+01
-1.012546055385898924e-02 3.407374607429311197e+01
-8.567697391726802891e-03 3.399994616611547826e+01
-7.009934229594616539e-03 3.838082806546559311e+01
-5.452171067462430187e-03 3.948053669034543134e+01
-3.894407905330687925e-03 3.748561584415932657e+01
-2.336644743198501573e-03 4.201903135252455712e+01
-7.788815810663152206e-04 4.463720032125862502e+01
7.788815810658711314e-04 4.533854264829011527e+01
2.336644743198057483e-03 4.278919411339369816e+01
3.894407905330243835e-03 4.025386013744198266e+01
5.452171067462430187e-03 4.278513190212899531e+01
7.009934229594172450e-03 4.619836086973216993e+01
8.567697391726358802e-03 5.069541561525135620e+01
1.012546055385854515e-02 5.458808646801143993e+01
1.168322371599073151e-02 5.715724650342239244e+01
1.324098687812291786e-02 6.018784808605853698e+01
1.479875004025510421e-02 6.801335268022111791e+01
1.635651320238729056e-02 7.131096525062390867e+01
1.791427636451903282e-02 7.517515847822051001e+01
1.947203952665121918e-02 8.452806578518969616e+01
2.102980268878340553e-02 9.261433471961842656e+01
2.258756585091559188e-02 1.052738975276899964e+02
2.414532901304777823e-02 1.219568155475186870e+02
2.570309217517996458e-02 1.377776065617237862e+02
2.726085533731170685e-02 1.530306986882472131e+02
2.881861849944389320e-02 1.878445213549703396e+02
3.037638166157607955e-02 2.288817013340005246e+02
3.193414482370826590e-02 2.740983168291879792e+02
3.349190798584045226e-02 3.253165635826729272e+02
3.504967114797263861e-02 3.774006428515558582e+02
3.660743431010482496e-02 4.506264160915841330e+02
3.816519747223656722e-02 5.452905217144630114e+02
3.972296063436875357e-02 6.530215025417148809e+02
4.128072379650093993e-02 8.093574512052800856e+02
4.283848695863312628e-02 1.008499760709992870e+03
4.439625012076531263e-02 1.230939908930073443e+03
4.595401328289749898e-02 1.537093654432762378e+03
4.751177644502968533e-02 1.908950787239079091e+03
4.906953960716142760e-02 2.658156961529984983e+03
5.062730276929361395e-02 3.366904544325069310e+03
5.218506593142580030e-02 8.220288700436658473e+03
5.374282909355798665e-02 1.465331815373571044e+04
5.530059225569017300e-02 1.695634027582153431e+04
5.685835541782235936e-02 1.727762890082097147e+04
5.841611857995454571e-02 1.695347828366738395e+04
5.997388174208628797e-02 1.628538138003858330e+04
6.153164490421847432e-02 1.560053324200260249e+04
6.308940806635066068e-02 1.498432108098849676e+04
6.464717122848284703e-02 1.446798707777349955e+04
6.620493439061503338e-02 1.396564036373820454e+04
6.776269755274721973e-02 1.350893223249540824e+04
6.932046071487896199e-02 1.320302551912967647e+04
7.087822387701114835e-02 1.281120882059739233e+04
7.243598703914333470e-02 1.236836927162449138e+04
7.399375020127552105e-02 1.193043536653274532e+04
7.555151336340770740e-02 1.156010677474818476e+04
7.710927652553989375e-02 1.117251901713964617e+04
7.866703968767208011e-02 1.087792439057757474e+04
8.022480284980382237e-02 1.071539349248661711e+04
8.178256601193600872e-02 1.056235084896368426e+04
8.334032917406819507e-02 1.052389121151861036e+04
8.489809233620038142e-02 1.046474591530674115e+04
8.645585549833256778e-02 1.053267925968449526e+04
8.801361866046475413e-02 1.066938285290413114e+04
8.957138182259694048e-02 1.080972123677308809e+04
9.112914498472868274e-02 1.104499767259052169e+04
9.268690814686086910e-02 1.133347679537762269e+04
9.424467130899305545e-02 1.170540024103899486e+04
9.580243447112524180e-02 1.211731308542475199e+04
9.736019763325742815e-02 1.256638208842832501e+04
9.891796079538961450e-02 1.316526855599176452e+04
1.004757239575213568e-01 1.390602711742449355e+04
1.020334871196535431e-01 1.484267567988495284e+04
1.035912502817857295e-01 1.591233100989302511e+04
1.051490134439179158e-01 1.697206821421802670e+04
1.067067766060501022e-01 1.818633463591560940e+04
1.082645397681822885e-01 1.961077501650330669e+04
1.098223029303144749e-01 2.118631678733256558e+04
1.113800660924462171e-01 2.276973958024009335e+04
1.129378292545784035e-01 2.463125071204113920e+04
1.144955924167105898e-01 2.646106290123396684e+04
1.160533555788427762e-01 2.792195310182329195e+04
1.176111187409749625e-01 2.936862820424554957e+04
1.191688819031071489e-01 3.051616447862335917e+04
1.207266450652393353e-01 3.109561842782186795e+04
1.222844082273710775e-01 3.131680455365808302e+04
1.238421713895032639e-01 3.137996278005266868e+04
1.253999345516354502e-01 3.117269262082952264e+04
1.269576977137676366e-01 3.076728373154376459e+04
1.285154608758998229e-01 2.994386973438604764e+04
1.300732240380320093e-01 2.906749812798777930e+04
1.316309872001641956e-01 2.839605017709697859e+04
1.331887503622959379e-01 2.765482176534615064e+04
1.347465135244281242e-01 2.697786699369514827e+04
1.363042766865603106e-01 2.627135899694074033e+04
1.378620398486924969e-01 2.574694117213466961e+04
1.394198030108246833e-01 2.531217140125194783e+04
1.409775661729568697e-01 2.457561692017107634e+04
1.425353293350886119e-01 2.368209683369878621e+04
1.440930924972207983e-01 2.282978568662588805e+04
1.456508556593529846e-01 2.169983514662946618e+04
1.472086188214851710e-01 2.014632240632623143e+04
1.487663819836173573e-01 1.850854127404159226e+04
1.503241451457495437e-01 1.688054627340531806e+04
1.518819083078817300e-01 1.546088899542249601e+04
1.534396714700134723e-01 1.392994669048785545e+04
1.549974346321456586e-01 1.231991414814644304e+04
1.565551977942778450e-01 1.101393157731323299e+04
1.581129609564100313e-01 9.867237541816477460e+03
1.596707241185422177e-01 8.869097870042623981e+03
1.612284872806744040e-01 7.922635293097207068e+03
1.627862504428065904e-01 7.162232934172770911e+03
1.643440136049383327e-01 6.487655166508498041e+03
1.659017767670705190e-01 5.839838431687243428e+03
1.674595399292027054e-01 5.317073330042619091e+03
1.690173030913348917e-01 4.842690120129061143e+03
1.705750662534670781e-01 4.440137297130217121e+03
1.721328294155992644e-01 4.118121703775872447e+03
1.736905925777314508e-01 3.828765631505003512e+03
1.752483557398631930e-01 3.558443955497476964e+03
1.768061189019953794e-01 3.313863785622866999e+03
1.783638820641275657e-01 2.998563298616329575e+03
1.799216452262597521e-01 2.781005770468499122e+03
1.814794083883919384e-01 2.663713875277086117e+03
1.830371715505241248e-01 2.508063991062315381e+03
1.845949347126558671e-01 2.361018520961770264e+03
1.861526978747880534e-01 2.196055848309084467e+03
1.877104610369202398e-01 2.071179013561497413e+03
1.892682241990524261e-01 1.954682975755534926e+03
1.908259873611846125e-01 1.823682645199783110e+03
1.923837505233167988e-01 1.717903624286665035e+03
1.939415136854489852e-01 1.611136673094385742e+03
1.954992768475807274e-01 1.491329519922910549e+03
1.970570400097129138e-01 1.405474148006200494e+03
1.986148031718451001e-01 1.336524072436171309e+03
2.001725663339772865e-01 1.253006488835923847e+03
2.017303294961094728e-01 1.161593130747723308e+03
2.032880926582416592e-01 1.100299563628946544e+03
2.048458558203738455e-01 1.025803131616992914e+03
2.064036189825055878e-01 9.598202113832393252e+02
2.079613821446377742e-01 9.065909585206918564e+02
2.095191453067699605e-01 8.709276855042357965e+02
2.110769084689021469e-01 8.552165391565707750e+02
2.126346716310343332e-01 8.072925675840086797e+02
2.141924347931665196e-01 7.573406090340464516e+02
2.157501979552987059e-01 7.165636659618050999e+02
2.173079611174304482e-01 6.899618754001878642e+02
2.188657242795626345e-01 6.489409440048082161e+02
2.204234874416948209e-01 6.119484857138673988e+02
2.219812506038270072e-01 5.975281448001645686e+02
2.235390137659591936e-01 5.773410052901546123e+02
2.250967769280913799e-01 5.370357070668335382e+02
2.266545400902231222e-01 5.002790124083801402e+02
2.282123032523553086e-01 4.959201123305806505e+02
2.297700664144874949e-01 4.982319188714499205e+02
2.313278295766196813e-01 4.714336157010239958e+02
2.328855927387518676e-01 4.345357018478400164e+02
2.344433559008840540e-01 4.387503124405998278e+02
2.360011190630162403e-01 4.378811034776300062e+02
2.375588822251479826e-01 4.267655983488846232e+02
2.391166453872801689e-01 4.295432139931227198e+02
2.406744085494123553e-01 4.201443331770863665e+02
2.422321717115445416e-01 4.083838669365747478e+02
2.437899348736767280e-01 4.010896599501676860e+02
2.453476980358089143e-01 3.986812885112853451e+02
2.469054611979411007e-01 3.903255219312337658e+02
2.484632243600728430e-01 3.802300800255117110e+02
2.500209875222050293e-01 3.788908598249373654e+02
2.515787506843372157e-01 3.767410189116331480e+02
2.531365138464694020e-01 3.648019806304400845e+02
2.546942770086015884e-01 3.660258858864784770e+02
2.562520401707337747e-01 3.762506190108891815e+02
2.578098033328659611e-01 3.813964098541322869e+02
2.593675664949977033e-01 3.821990598698214399e+02
2.609253296571298897e-01 3.755455884429856042e+02
2.624830928192620760e-01 3.817678903643279682e+02
2.640408559813942624e-01 3.826529335852912368e+02
2.655986191435264487e-01 3.855429233034071217e+02
2.671563823056586351e-01 3.861430356553309480e+02
2.687141454677903774e-01 3.814757006793255414e+02
2.702719086299225637e-01 3.842984614458703732e+02
2.718296717920547501e-01 3.799110105811060407e+02
2.733874349541869364e-01 3.778799654062004265e+02
2.749451981163191228e-01 3.803463915926085974e+02
2.765029612784513091e-01 3.809946054459257425e+02
2.780607244405834955e-01 3.658689060654227205e+02
2.796184876027152377e-01 3.590305712773613891e+02
2.811762507648474241e-01 3.884873579881068508e+02
2.827340139269796104e-01 3.827766112298816097e+02
2.842917770891117968e-01 3.620365148047717980e+02
2.858495402512439831e-01 3.703861491931843943e+02
2.874073034133761695e-01 3.745877829379306831e+02
2.889650665755083558e-01 3.794207873763054408e+02
2.905228297376400981e-01 3.801520932804467066e+02
2.920805928997722845e-01 3.704150210015577613e+02
2.936383560619044708e-01 3.591705465417122696e+02
2.951961192240366572e-01 3.693216672291781038e+02
2.967538823861688435e-01 3.777601518881470497e+02
2.983116455483010299e-01 3.563652469883334675e+02
2.998694087104332162e-01 3.449197248592117830e+02
3.014271718725649585e-01 3.531709112133482904e+02
3.029849350346971448e-01 3.532597743219707809e+02
3.045426981968293312e-01 3.459081236921893492e+02
3.061004613589615175e-01 3.324048889094467540e+02
3.076582245210937039e-01 3.242475259757889603e+02
3.092159876832258902e-01 3.186615868524125403e+02
3.107737508453576325e-01 3.162310310063580232e+02
3.123315140074898189e-01 3.115099054916083787e+02
3.138892771696220052e-01 3.079978821297352738e+02
3.154470403317541916e-01 3.201675129019738506e+02
3.170048034938863779e-01 3.251792404820743059e+02
3.185625666560185643e-01 3.129848220193404131e+02
3.201203298181507506e-01 2.974559180926936506e+02
3.216780929802824929e-01 2.895818134007947151e+02
3.232358561424146792e-01 3.009955765741052005e+02
3.247936193045468656e-01 3.021927408412997238e+02
3.263513824666790519e-01 2.777713909379205006e+02
3.279091456288112383e-01 2.649064292320629761e+02
3.294669087909434246e-01 2.624547708879128436e+02
3.310246719530756110e-01 2.595968378011099844e+02
3.325824351152073532e-01 2.545184369180264810e+02
3.341401982773395396e-01 2.449092059470884521e+02
3.356979614394717260e-01 2.402990915240083325e+02
3.372557246016039123e-01 2.397159097976795579e+02
3.388134877637360987e-01 2.431886001267247934e+02
3.403712509258682850e-01 2.422751129485602632e+02
3.419290140880000273e-01 2.400864005249759145e+02
3.434867772501322136e-01 2.247796530506660986e+02
3.450445404122644000e-01 2.142224800507977136e+02
3.466023035743965863e-01 2.145164740144875282e+02
3.481600667365287727e-01 2.081641980136271854e+02
3.497178298986609590e-01 2.084573120039391654e+02
3.512755930607931454e-01 2.070988834278133197e+02
3.528333562229248876e-01 1.998417628415343756e+02
3.543911193850570740e-01 1.896440445599986617e+02
3.559488825471892604e-01 1.876297964340033104e+02
3.575066457093214467e-01 1.895039602918680828e+02
3.590644088714536331e-01 1.863349804808846955e+02
3.606221720335858194e-01 1.732352995032311185e+02
3.621799351957180058e-01 1.587885480303175996e+02
3.637376983578497480e-01 1.565867782397150165e+02
3.652954615199819344e-01 1.592077431774714853e+02
3.668532246821141207e-01 1.623649824267033637e+02
3.684109878442463071e-01 1.576380535823240905e+02
3.699687510063784934e-01 1.499812330005663625e+02
3.715265141685106798e-01 1.459817997171182924e+02
3.730842773306428661e-01 1.399602759078112229e+02
3.746420404927746084e-01 1.330266944403882974e+02
3.761998036549067947e-01 1.353674576635548021e+02
3.777575668170389811e-01 1.291751823618157289e+02
3.793153299791711675e-01 1.243341414339429463e+02
3.808730931413033538e-01 1.267842556010220108e+02
3.824308563034355402e-01 1.223586253054531028e+02
3.839886194655672824e-01 1.207429127173487444e+02
3.855463826276994688e-01 1.136777582305335415e+02
3.871041457898316551e-01 1.147188465252751257e+02
3.886619089519638415e-01 1.165706451672015476e+02
3.902196721140960278e-01 1.130687658497292887e+02
3.917774352762282142e-01 1.153375910300261182e+02
3.933351984383604005e-01 1.067056771478203530e+02
3.948929616004921428e-01 9.912675225168965198e+01
3.964507247626243291e-01 9.929972629094763192e+01
3.980084879247565155e-01 9.855583311711478700e+01
3.995662510868887018e-01 9.827107445664319130e+01
4.011240142490208882e-01 1.014700653159820547e+02
4.026817774111530746e-01 1.033993731849779465e+02
4.042395405732852609e-01 9.650977435438264251e+01
4.057973037354170032e-01 9.156142411950538929e+01
4.073550668975491895e-01 9.407687780758169538e+01
4.089128300596813759e-01 9.233124019175603792e+01
4.104705932218135622e-01 9.222036446120901587e+01
4.120283563839457486e-01 9.143179146931336732e+01
4.135861195460779349e-01 8.846512233997303554e+01
4.151438827082101213e-01 9.511529650884972398e+01
4.167016458703418635e-01 9.829551071476630852e+01
4.182594090324740499e-01 8.634581547201173635e+01
4.198171721946062362e-01 8.483984268838544551e+01
4.213749353567384226e-01 8.866964973420606100e+01
4.229326985188706090e-01 8.836634782716882341e+01
4.244904616810027953e-01 9.138718158153663751e+01
4.260482248431345376e-01 9.323053820806602232e+01
4.276059880052667239e-01 9.419122043674603617e+01
4.291637511673989103e-01 9.059547340630302870e+01
4.307215143295310966e-01 9.275734418640534784e+01
4.322792774916632830e-01 9.141206492341316903e+01
4.338370406537954693e-01 8.733949216652239045e+01
4.353948038159276557e-01 9.041107849727920609e+01
4.369525669780593979e-01 8.959190270861699901e+01
4.385103301401915843e-01 8.736814231286520283e+01
4.400680933023237706e-01 9.097980827688391514e+01
4.416258564644559570e-01 9.000640871001225207e+01
4.431836196265881433e-01 8.586785541594673532e+01
4.447413827887203297e-01 8.806668662292878480e+01
4.462991459508525161e-01 9.009124220319620235e+01
4.478569091129842583e-01 8.762735456632867681e+01
4.494146722751164447e-01 8.415711459366939096e+01
4.509724354372486310e-01 8.312795719949956208e+01
4.525301985993808174e-01 8.258894970820431070e+01
4.540879617615130037e-01 7.893265487397060554e+01
4.556457249236451901e-01 7.945909129876274335e+01
4.572034880857773764e-01 7.915150852735744991e+01
4.587612512479091187e-01 7.854994137465388349e+01
4.603190144100413050e-01 8.250567904147119691e+01
4.618767775721734914e-01 8.128275357135538570e+01
4.634345407343056777e-01 8.162253237314943988e+01
4.649923038964378641e-01 8.658538913698413353e+01
4.665500670585700504e-01 8.985172964224436498e+01
4.681078302207017927e-01 8.161034738978062819e+01
4.696655933828339791e-01 7.404414572998955180e+01
4.712233565449661654e-01 7.444106770492263081e+01
4.727811197070983518e-01 7.848078996692589726e+01
4.743388828692305381e-01 8.275760082324055134e+01
4.758966460313627245e-01 8.021975551598292498e+01
4.774544091934949108e-01 7.615891950124401433e+01
4.790121723556266531e-01 7.449355710371874295e+01
4.805699355177588394e-01 7.805745919863677784e+01
4.821276986798910258e-01 8.255055808334842027e+01
4.836854618420232121e-01 7.875482912208265418e+01
4.852432250041553985e-01 7.620026310583644147e+01
4.868009881662875848e-01 7.795536052923704062e+01
4.883587513284197712e-01 7.346326668727314768e+01
4.899165144905515135e-01 7.538359026538125818e+01
4.914742776526836998e-01 8.038759020649381171e+01
4.930320408148158862e-01 7.939275839975674387e+01
4.945898039769480725e-01 7.960028687468864916e+01
4.961475671390802589e-01 7.868186485047678502e+01
4.977053303012124452e-01 7.911496838835412859e+01
4.992630934633441875e-01 7.349444187779081972e+01
5.008208566254763738e-01 7.139129203361146381e+01
5.023786197876085602e-01 7.767597161207483225e+01
5.039363829497407465e-01 7.633487528246895693e+01
5.054941461118729329e-01 7.054355828748956014e+01
5.070519092740051192e-01 7.327418310172622284e+01
5.086096724361373056e-01 7.795610561901629865e+01
5.101674355982690479e-01 7.004697976171921425e+01
5.117251987604012342e-01 6.224048509249153227e+01
5.132829619225334206e-01 6.608930379180912951e+01
5.148407250846656069e-01 7.041333107886208609e+01
5.163984882467977933e-01 7.038481486963010525e+01
5.179562514089299796e-01 7.179668570086185753e+01
5.195140145710621660e-01 6.962319706049004253e+01
5.210717777331939082e-01 6.493022215528303320e+01
5.226295408953260946e-01 6.443804012764051947e+01
5.241873040574582809e-01 6.472629510060239966e+01
5.257450672195904673e-01 6.569004810975067699e+01
5.273028303817226536e-01 6.944662370445834654e+01
5.288605935438548400e-01 6.933470573403201342e+01
5.304183567059870263e-01 6.391725714334818775e+01
5.319761198681187686e-01 6.169955022424434077e+01
5.335338830302509550e-01 6.297698092839285522e+01
5.350916461923831413e-01 5.589595951397910767e+01
5.366494093545153277e-01 5.320869536417828272e+01
5.382071725166475140e-01 6.026897125445989190e+01
5.397649356787797004e-01 6.021409508203001337e+01
5.413226988409114426e-01 5.565959540082469204e+01
5.428804620030436290e-01 5.424766605122078289e+01
5.444382251651758153e-01 5.534913089182827406e+01
5.459959883273080017e-01 5.623760021027548106e+01
5.475537514894401880e-01 5.332740724489386253e+01
5.491115146515723744e-01 5.677229091507866343e+01
5.506692778137045607e-01 5.489827228533466297e+01
5.522270409758363030e-01 5.509215968790640261e+01
5.537848041379684894e-01 6.210603852851755136e+01
5.553425673001006757e-01 6.179098663519298640e+01
5.569003304622328621e-01 5.789561383540634409e+01
5.584580936243650484e-01 5.133376977519608886e+01
5.600158567864972348e-01 5.205935717104333094e+01
5.615736199486294211e-01 5.745652221143431149e+01
5.631313831107611634e-01 5.932588420980115274e+01
5.646891462728933497e-01 5.305963036923746756e+01
5.662469094350255361e-01 5.430220584947615237e+01
5.678046725971577224e-01 5.201780454279766275e+01
5.693624357592899088e-01 4.986830835871086975e+01
5.709201989214220951e-01 5.494516683069192453e+01
5.724779620835542815e-01 5.349450884268610196e+01
5.740357252456860238e-01 5.312437050571660535e+01
5.755934884078182101e-01 5.184985292003625545e+01
5.771512515699503965e-01 5.025376388987801590e+01
5.787090147320825828e-01 4.643956788647049905e+01
5.802667778942147692e-01 4.503117203710777972e+01
5.818245410563469555e-01 4.438934419645504192e+01
5.833823042184786978e-01 4.851160047320403379e+01
5.849400673806108841e-01 4.853369696567687441e+01
5.864978305427430705e-01 4.575295627834645984e+01
5.880555937048752568e-01 5.144882526378939502e+01
5.896133568670074432e-01 4.887830306977247830e+01
5.911711200291396295e-01 4.685823630528070538e+01
5.927288831912718159e-01 5.188677002536741156e+01
5.942866463534035582e-01 5.221955535520837088e+01
5.958444095155357445e-01 5.248000942886967124e+01
5.974021726776679309e-01 5.180398593729327672e+01
5.989599358398001172e-01 5.036896275032198389e+01
6.005176990019323036e-01 4.744594776134862002e+01
6.020754621640644899e-01 4.215177758994491342e+01
6.036332253261966763e-01 3.965105491253238057e+01
6.051909884883284185e-01 4.599860267381731660e+01
6.067487516504606049e-01 4.616089203995730372e+01
6.083065148125927912e-01 4.309082343413698624e+01
6.098642779747249776e-01 4.659175028814364339e+01
6.114220411368571639e-01 4.537485842958104598e+01
6.129798042989893503e-01 4.677215386662611252e+01
6.145375674611215366e-01 4.500490582651725902e+01
6.160953306232532789e-01 4.371875143128079344e+01
6.176530937853854653e-01 4.871484392909025729e+01
6.192108569475176516e-01 5.185400901528226569e+01
6.207686201096498380e-01 4.692961057362073518e+01
6.223263832717820243e-01 4.674143558144263011e+01
6.238841464339142107e-01 4.976479231760125543e+01
6.254419095960459529e-01 4.808422944621035100e+01
6.269996727581781393e-01 4.684819675382460957e+01
6.285574359203103256e-01 4.387000659155609839e+01
6.301151990824425120e-01 4.508087983205379601e+01
6.316729622445746983e-01 4.915485057594431595e+01
6.332307254067068847e-01 4.950535913738502813e+01
6.347884885688390710e-01 4.972994436576512101e+01
6.363462517309708133e-01 5.011963769943080393e+01
6.379040148931029997e-01 4.639956853766106093e+01
6.394617780552351860e-01 4.501554943270044618e+01
6.410195412173673724e-01 4.867805113506888404e+01
6.425773043794995587e-01 4.927624918191906289e+01
6.441350675416317451e-01 4.545788821743801833e+01
6.456928307037639314e-01 4.427989257324015426e+01
6.472505938658956737e-01 4.687764784466727264e+01
6.488083570280278600e-01 4.461958142473557132e+01
6.503661201901600464e-01 4.107218667515755328e+01
6.519238833522922327e-01 4.413971882063644614e+01
6.534816465144244191e-01 4.112967289509960978e+01
6.550394096765566054e-01 3.822014639193749019e+01
6.565971728386887918e-01 4.677264391485199724e+01
6.581549360008205340e-01 5.120051172673000650e+01
6.597126991629527204e-01 5.075145213903910246e+01
6.612704623250849068e-01 4.998091823555038360e+01
6.628282254872170931e-01 4.593577599125637079e+01
6.643859886493492795e-01 4.300589429941334174e+01
6.659437518114814658e-01 4.200928451048773127e+01
6.675015149736132081e-01 4.464478820659116565e+01
6.690592781357453944e-01 4.272583951927867929e+01
6.706170412978775808e-01 3.871527987940019244e+01
6.721748044600097671e-01 4.472176028499156786e+01
6.737325676221419535e-01 4.372726541209949147e+01
6.752903307842741398e-01 4.138254159521109443e+01
6.768480939464063262e-01 4.142899958851575093e+01
6.784058571085380684e-01 3.780714155373105712e+01
6.799636202706702548e-01 3.617760957638545705e+01
6.815213834328024411e-01 3.520141745473880235e+01
6.830791465949346275e-01 3.858879065783479234e+01
6.846369097570668139e-01 3.874756288633933110e+01
6.861946729191990002e-01 3.782044078836652545e+01
6.877524360813311866e-01 4.362446701661015425e+01
6.893101992434629288e-01 4.390592667828632045e+01
6.908679624055951152e-01 4.188145151662519083e+01
6.924257255677273015e-01 4.239316267059105314e+01
6.939834887298594879e-01 3.986193623573771561e+01
6.955412518919916742e-01 3.917164254978555959e+01
6.970990150541238606e-01 3.661248106026430804e+01
6.986567782162560469e-01 3.417394228370837084e+01
7.002145413783877892e-01 3.614540738076738791e+01
7.017723045405199755e-01 4.049541850702749457e+01
7.033300677026521619e-01 3.789227699804592220e+01
7.048878308647843483e-01 3.682651042946229580e+01
7.064455940269165346e-01 3.583967458402459982e+01
7.080033571890487210e-01 3.439410220855144473e+01
7.095611203511804632e-01 3.979799460261848054e+01
7.111188835133126496e-01 4.139789522681702749e+01
7.126766466754448359e-01 4.092203794391244998e+01
7.142344098375770223e-01 3.681584516579494704e+01
7.157921729997092086e-01 3.693874592120856448e+01
7.173499361618413950e-01 3.703645760651883734e+01
7.189076993239735813e-01 3.559101561911738543e+01
7.204654624861053236e-01 3.410279124850089971e+01
7.220232256482375099e-01 3.055584435031843071e+01
7.235809888103696963e-01 3.186109523676325850e+01
7.251387519725018826e-01 3.978997608697051902e+01
7.266965151346340690e-01 4.313935515854257119e+01
7.282542782967662554e-01 4.491183387249288472e+01
7.298120414588984417e-01 4.338019358106520684e+01
7.313698046210301840e-01 3.752066504315946105e+01
7.329275677831623703e-01 3.755189618926737438e+01
7.344853309452945567e-01 3.888762182261233846e+01
7.360430941074267430e-01 3.769994344729804681e+01
7.376008572695589294e-01 3.363365684318885229e+01
7.391586204316911157e-01 3.524207383337722632e+01
7.407163835938228580e-01 3.791412493079283053e+01
7.422741467559550443e-01 3.466540192215139626e+01
7.438319099180872307e-01 3.419747619677747252e+01
7.453896730802194170e-01 3.620433543847439495e+01
7.469474362423516034e-01 3.862541360158952131e+01
7.485051994044837897e-01 3.810308413338281497e+01
7.500629625666159761e-01 3.752543265217652646e+01
7.516207257287477184e-01 4.262654139866463510e+01
7.531784888908799047e-01 4.285130377563127269e+01
7.547362520530120911e-01 3.794758677345777897e+01
7.562940152151442774e-01 3.728654343425580464e+01
7.578517783772764638e-01 3.680204501980472998e+01
7.594095415394086501e-01 3.866776569458095736e+01
7.609673047015408365e-01 3.727412649443306947e+01
7.625250678636725787e-01 3.398731175832158868e+01
7.640828310258047651e-01 3.600029238383381625e+01
7.656405941879369514e-01 3.682796877112849643e+01
7.671983573500691378e-01 3.823429034456285791e+01
7.687561205122013241e-01 4.096597799505674686e+01
7.703138836743335105e-01 3.836771998091243319e+01
7.718716468364656969e-01 3.228658410328177553e+01
7.734294099985974391e-01 3.526799981465826050e+01
7.749871731607296255e-01 3.442537668122338346e+01
7.765449363228618118e-01 3.239059697884135147e+01
7.781026994849939982e-01 3.824886066366930493e+01
7.796604626471261845e-01 4.197469390207597684e+01
7.812182258092583709e-01 4.065675743768233019e+01
7.827759889713901131e-01 3.433693701004105492e+01
7.843337521335222995e-01 3.295825598542162282e+01
7.858915152956544858e-01 3.630051250367398552e+01
7.874492784577866722e-01 3.539110228213682063e+01
7.890070416199188585e-01 3.335360148305689165e+01
7.905648047820510449e-01 3.432954607525930868e+01
7.921225679441832312e-01 3.376091618371398084e+01
7.936803311063149735e-01 3.400826894509923903e+01
7.952380942684471599e-01 3.717530166696499094e+01
7.967958574305793462e-01 3.821059193971654366e+01
7.983536205927115326e-01 3.565491422478414307e+01
7.999113837548437189e-01 3.664133058056983572e+01
8.014691469169759053e-01 3.760472928746007426e+01
8.030269100791080916e-01 3.442350291674932095e+01
8.045846732412398339e-01 3.130930393482083574e+01
8.061424364033720202e-01 3.027292411884280909e+01
8.077001995655042066e-01 3.257824185462001765e+01
8.092579627276363929e-01 3.483371354353958083e+01
8.108157258897681352e-01 3.632638152073072746e+01
8.123734890519007656e-01 3.563782291624759324e+01
8.139312522140325079e-01 3.280556004632587275e+01
8.154890153761651383e-01 3.530352718475689500e+01
8.170467785382968806e-01 3.534667992986916119e+01
8.186045417004295111e-01 3.055361808141301694e+01
8.201623048625612533e-01 2.835759817337580202e+01
8.217200680246929956e-01 3.156657936766726635e+01
8.232778311868256260e-01 3.248526363276275220e+01
8.248355943489573683e-01 3.271769529063620752e+01
8.263933575110899987e-01 3.525395905304331734e+01
8.279511206732217410e-01 3.778602345067410795e+01
8.295088838353543714e-01 3.892428109535724445e+01
8.310666469974861137e-01 3.358216501146642941e+01
8.326244101596178560e-01 2.787906108446689046e+01
8.341821733217504864e-01 2.869747717640999696e+01
8.357399364838822287e-01 3.071016105752988778e+01
8.372976996460148591e-01 3.274673638974284273e+01
8.388554628081466014e-01 3.606639135377069039e+01
8.404132259702783436e-01 3.712390437607274407e+01
8.419709891324109741e-01 3.224339809567728565e+01
8.435287522945427163e-01 3.098526421741669523e+01
8.450865154566753468e-01 3.332373772164010717e+01
8.466442786188070890e-01 3.358754958905868904e+01
8.482020417809397195e-01 3.100563053950542880e+01
8.497598049430714617e-01 2.795916162157408991e+01
8.513175681052032040e-01 3.119485260522988312e+01
8.528753312673358344e-01 3.359931320164658075e+01
8.544330944294675767e-01 3.288178102817334292e+01
8.559908575916002071e-01 3.197628610052451847e+01
8.575486207537319494e-01 3.229923769443369963e+01
8.591063839158645798e-01 3.141265785830912094e+01
8.606641470779963221e-01 2.847165687216153174e+01
8.622219102401280644e-01 2.693774448584577641e+01
8.637796734022606948e-01 2.832107681979276848e+01
8.653374365643924371e-01 3.079900696278411232e+01
8.668951997265250675e-01 3.271348132330696501e+01
8.684529628886568098e-01 3.349733970223777391e+01
8.700107260507894402e-01 3.313745795154988372e+01
8.715684892129211825e-01 3.130316900111744616e+01
8.731262523750529247e-01 3.259988317592289064e+01
8.746840155371855552e-01 3.275626083875749117e+01
8.762417786993172975e-01 3.320797137562056633e+01
8.777995418614499279e-01 3.293063128104564186e+01
8.793573050235816702e-01 3.270219629965977504e+01
8.809150681857143006e-01 3.405499582355987798e+01
8.824728313478460429e-01 3.042168939307379461e+01
8.840305945099777851e-01 2.860810490864033540e+01
8.855883576721104156e-01 3.141820207056954928e+01
8.871461208342421578e-01 3.470235773423380010e+01
8.887038839963747883e-01 3.432291311384769017e+01
8.902616471585065305e-01 3.255889111857594287e+01
8.918194103206391610e-01 3.131293660091896669e+01
8.933771734827709032e-01 3.156544131071263237e+01
8.949349366449026455e-01 2.985938127056109437e+01
8.964926998070352759e-01 2.444693887078444305e+01
8.980504629691670182e-01 2.714803011830573354e+01
8.996082261312996486e-01 3.239819519934771108e+01
9.011659892934313909e-01 3.189459042465480820e+01
9.027237524555640213e-01 3.087433554180217499e+01
9.042815156176957636e-01 2.990931131162751910e+01
9.058392787798275059e-01 3.087869384279908402e+01
9.073970419419601363e-01 3.287229499321375670e+01
9.089548051040918786e-01 3.296142032544928924e+01
9.105125682662245090e-01 2.993812053747471680e+01
9.120703314283562513e-01 2.967221553128643663e+01
9.136280945904888817e-01 3.438733868271951621e+01
9.151858577526206240e-01 3.393625882244770509e+01
9.167436209147523662e-01 3.156875431452091973e+01
9.183013840768849967e-01 3.178637265672211853e+01
9.198591472390167390e-01 3.174457123522460478e+01
9.214169104011493694e-01 3.417047445039597164e+01
9.229746735632811117e-01 3.525781957047527726e+01
9.245324367254128539e-01 3.445195407632071749e+01
9.260901998875454844e-01 3.357628288613594236e+01
9.276479630496772266e-01 3.419431047468226126e+01
9.292057262118098571e-01 3.647720130264816873e+01
9.307634893739415993e-01 3.527436099317744578e+01
9.323212525360742298e-01 3.693496118392367578e+01
9.338790156982059720e-01 3.432803971905629936e+01
9.354367788603377143e-01 2.604324182615083672e+01
9.369945420224703447e-01 2.954983310113463091e+01
9.385523051846020870e-01 3.267744220249456077e+01
9.401100683467347174e-01 3.246049739209910001e+01
9.416678315088664597e-01 3.247263834648298797e+01
9.432255946709990901e-01 3.146829297151965577e+01
9.447833578331308324e-01 2.696956702297545405e+01
9.463411209952625747e-01 2.341884491390178979e+01
9.478988841573952051e-01 2.684919064739429473e+01
9.494566473195269474e-01 3.106011982514215219e+01
9.510144104816595778e-01 2.949836238643301911e+01
9.525721736437913201e-01 2.922856274273633659e+01
9.541299368059239505e-01 3.177591606244075351e+01
9.556876999680556928e-01 3.184412304874620503e+01
9.572454631301874350e-01 2.867480525685429882e+01
9.588032262923200655e-01 2.715648524458719493e+01
9.603609894544518077e-01 2.774598462979327707e+01
9.619187526165844382e-01 3.029287358704148758e+01
9.634765157787161804e-01 3.020885448628020953e+01
9.650342789408488109e-01 2.742701662489663050e+01
9.665920421029805532e-01 3.003788774841620324e+01
9.681498052651122954e-01 3.134355171777851012e+01
9.697075684272449259e-01 3.051778564755798229e+01
9.712653315893766681e-01 3.046399236477765626e+01
9.728230947515092986e-01 3.078897877730610233e+01
9.743808579136410408e-01 3.231840005884203748e+01
9.759386210757736713e-01 3.115060391832214748e+01
9.774963842379054135e-01 3.044064577794819115e+01
9.790541474000371558e-01 2.847521638626974294e+01
9.806119105621697862e-01 2.861621024279542880e+01
9.821696737243015285e-01 3.066547339809044459e+01
9.837274368864341589e-01 3.052070612612086009e+01
9.852852000485659012e-01 3.186877442658224879e+01
9.868429632106985316e-01 3.066841732197396908e+01
9.884007263728302739e-01 3.319609952625999938e+01
9.899584895349620162e-01 3.289015132521668505e+01
9.915162526970946466e-01 2.852266460852670349e+01
9.930740158592263889e-01 2.697786497453887833e+01
9.946317790213590193e-01 2.910898732704391989e+01
9.961895421834907616e-01 3.028085578780324383e+01
9.977473053456225038e-01 3.073868395717262558e+01
9.993050685077551343e-01 2.764403727940918287e+01
1.000862831669886877e+00 2.700724773434783188e+01
1.002420594832019507e+00 2.931925462673208926e+01
1.003978357994151249e+00 2.571126235856590014e+01
1.005536121156283880e+00 2.700935141234075587e+01
1.007093884318415622e+00 3.144481623704233897e+01
1.008651647480547364e+00 3.020461863776899492e+01
1.010209410642679995e+00 2.979231738261571039e+01
1.011767173804811737e+00 2.916033649018616813e+01
1.013324936966944367e+00 2.554935943084844396e+01
1.014882700129076110e+00 2.495864336733102462e+01
1.016440463291208740e+00 2.692874438845177210e+01
1.017998226453340482e+00 3.054723299475750409e+01
1.019555989615472225e+00 3.373051905475702483e+01
1.021113752777604855e+00 2.663871473241019672e+01
1.022671515939736597e+00 2.503164419043735833e+01
1.024229279101869228e+00 2.892904907537452530e+01
1.025787042264000970e+00 2.904894929313154606e+01
1.027344805426133600e+00 2.812706690035228263e+01
1.028902568588265343e+00 2.756287914560360619e+01
1.030460331750397085e+00 2.788798043026854856e+01
1.032018094912529715e+00 2.454432535977234409e+01
1.033575858074661458e+00 2.754568184463749247e+01
1.035133621236794088e+00 3.012173170649447940e+01
1.036691384398925830e+00 2.563171980427792818e+01
1.038249147561058461e+00 2.835177984417909514e+01
1.039806910723190203e+00 3.026062901141682460e+01
1.041364673885321945e+00 3.090503700244017082e+01
1.042922437047454576e+00 2.759663289308876344e+01
1.044480200209586318e+00 2.586563554605734794e+01
1.046037963371718948e+00 2.527600170531519908e+01
1.047595726533850691e+00 2.798492817358357954e+01
1.049153489695983321e+00 3.054426960306679462e+01
1.050711252858115063e+00 2.805558157695180910e+01
1.052269016020246806e+00 2.677954450814613807e+01
1.053826779182379436e+00 2.861097589283607334e+01
1.055384542344511178e+00 2.850267698164543262e+01
1.056942305506643809e+00 2.704889684603490707e+01
1.058500068668775551e+00 3.041282389865507341e+01
1.060057831830908182e+00 3.006630385570712960e+01
1.061615594993039924e+00 3.024393556660455928e+01
1.063173358155171666e+00 3.134427484257273022e+01
1.064731121317304297e+00 3.175525792250321899e+01
1.066288884479436039e+00 3.045632390610082751e+01
1.067846647641568669e+00 3.000983779759787851e+01
1.069404410803700411e+00 3.093649234682952098e+01
1.070962173965833042e+00 2.808814928009723388e+01
1.072519937127964784e+00 2.828473593297108124e+01
1.074077700290096526e+00 2.902855650043485269e+01
1.075635463452229157e+00 2.605280208487430826e+01
1.077193226614360899e+00 2.715558991536495625e+01
1.078750989776493530e+00 3.119189805798840709e+01
1.080308752938625272e+00 3.128808940242497982e+01
1.081866516100757014e+00 2.797129927162284346e+01
1.083424279262889645e+00 2.481355238802510854e+01
1.084982042425021387e+00 2.344389390340699464e+01
1.086539805587154017e+00 2.480204769124952691e+01
1.088097568749285760e+00 2.751588448673774323e+01
1.089655331911418390e+00 3.002807702063337203e+01
1.091213095073550132e+00 2.847755867084860171e+01
1.092770858235681875e+00 2.716694437003872054e+01
1.094328621397814505e+00 2.911857491539448972e+01
1.095886384559946247e+00 3.092253241505459371e+01
1.097444147722078878e+00 3.198869399456289031e+01
1.099001910884210620e+00 3.134876892394304448e+01
1.100559674046343250e+00 3.045206052052538936e+01
1.102117437208474993e+00 3.087278303125173196e+01
1.103675200370606735e+00 3.459362683073777589e+01
1.105232963532739365e+00 3.571570763725014075e+01
1.106790726694871108e+00 3.158114380191294757e+01
1.108348489857003738e+00 2.978467524083562168e+01
1.109906253019135480e+00 2.776453176681356894e+01
1.111464016181268111e+00 2.681618885247134543e+01
1.113021779343399853e+00 2.800079619463877734e+01
1.114579542505531595e+00 2.615584258750231683e+01
1.116137305667664226e+00 2.384463394865592889e+01
1.117695068829795968e+00 2.705261074804279176e+01
1.119252831991928598e+00 2.209298943786338043e+01
1.120810595154060341e+00 2.181133027020953818e+01
1.122368358316192971e+00 2.843194123186164290e+01
1.123926121478324713e+00 2.940435183119402751e+01
1.125483884640456456e+00 2.841838091654157950e+01
1.127041647802589086e+00 2.968456395355167743e+01
1.128599410964720828e+00 2.976583965866631232e+01
1.130157174126853459e+00 2.885217847003093183e+01
1.131714937288985201e+00 2.906837522514967276e+01
1.133272700451117831e+00 2.947121723096677215e+01
1.134830463613249574e+00 2.856309331239679139e+01
1.136388226775381316e+00 2.751697670604752943e+01
1.137945989937513946e+00 2.845006814137340712e+01
1.139503753099645689e+00 2.685459566137552301e+01
1.141061516261778319e+00 2.740222386286817269e+01
1.142619279423910061e+00 2.960132308561157899e+01
1.144177042586042692e+00 3.129191803238862590e+01
1.145734805748174434e+00 3.186611891306727884e+01
1.147292568910306176e+00 3.071207878949184433e+01
1.148850332072438807e+00 3.040887377557755400e+01
1.150408095234570549e+00 3.265283243053386286e+01
1.151965858396703180e+00 2.878112705433667529e+01
1.153523621558834922e+00 2.336797419687085053e+01
1.155081384720967552e+00 2.595676421452048643e+01
1.156639147883099294e+00 2.686785784016007739e+01
1.158196911045231037e+00 2.643863887348374320e+01
1.159754674207363667e+00 2.752145711853513177e+01
1.161312437369495409e+00 2.731841992937681951e+01
1.162870200531628040e+00 2.768335690984635278e+01
1.164427963693759782e+00 2.867478856651150565e+01
1.165985726855891524e+00 2.834382485776402660e+01
1.167543490018024155e+00 2.674592068904771125e+01
1.169101253180155897e+00 2.462086012435825566e+01
1.170659016342288528e+00 2.723435118799755017e+01
1.172216779504420270e+00 2.472115109324584381e+01
1.173774542666552900e+00 2.606141801378478817e+01
1.175332305828684643e+00 2.997735847358101680e+01
1.176890068990816385e+00 2.882073983302102960e+01
1.178447832152949015e+00 2.811215145897164192e+01
1.180005595315080758e+00 2.623688671403093053e+01
1.181563358477213388e+00 2.303821176812297722e+01
1.183121121639345130e+00 2.321308430571463077e+01
1.184678884801477761e+00 2.682313318857221063e+01
1.186236647963609503e+00 2.785557097026621776e+01
1.187794411125741245e+00 2.519912087867382411e+01
1.189352174287873876e+00 2.836020700699030073e+01
1.190909937450005618e+00 2.827003174013004028e+01
1.192467700612138248e+00 2.734203779297737213e+01
1.194025463774269991e+00 2.799099394972692423e+01
1.195583226936402621e+00 2.811052081216581300e+01
1.197140990098534363e+00 2.935244278498520032e+01
1.198698753260666106e+00 3.100228751498536894e+01
1.200256516422798736e+00 2.753607823165050661e+01
1.201814279584930478e+00 2.297632471451543523e+01
1.203372042747063109e+00 2.520686564604867996e+01
1.204929805909194851e+00 3.012660298123910252e+01
1.206487569071327481e+00 2.990496433150291011e+01
1.208045332233459224e+00 2.537044669040272282e+01
1.209603095395590966e+00 2.461934477537730004e+01
1.211160858557723596e+00 2.700906639171926216e+01
1.212718621719855339e+00 2.769791408054819115e+01
1.214276384881987969e+00 2.626277716176979027e+01
1.215834148044119711e+00 2.832214836640071809e+01
1.217391911206252342e+00 2.760207454950979766e+01
1.218949674368384084e+00 2.634943776596192322e+01
1.220507437530515826e+00 3.178357123222621539e+01
1.222065200692648457e+00 2.914700829306218921e+01
1.223622963854780199e+00 2.559419557080901697e+01
1.225180727016912829e+00 2.335027684452240493e+01
1.226738490179044572e+00 2.636960113699954533e+01
1.228296253341177202e+00 3.110091273695884695e+01
1.229854016503308944e+00 3.056475686141499182e+01
1.231411779665440687e+00 3.037473729019167479e+01
1.232969542827573317e+00 2.735741906767075093e+01
1.234527305989705059e+00 2.281375122597604133e+01
1.236085069151837690e+00 2.670692831432974756e+01
1.237642832313969432e+00 2.681991417917489784e+01
1.239200595476101174e+00 2.845528117956965986e+01
1.240758358638233805e+00 2.811002390028734865e+01
1.242316121800365547e+00 2.548631545930683373e+01
1.243873884962498177e+00 2.629236053853334099e+01
1.245431648124629920e+00 2.931891157903886835e+01
1.246989411286762550e+00 2.843417754851262558e+01
1.248547174448894292e+00 2.916383118126773866e+01
1.250104937611026035e+00 2.566195801877955063e+01
1.251662700773158665e+00 1.922088138512532751e+01
1.253220463935290407e+00 2.774460619081421697e+01
1.254778227097423038e+00 3.029712841500466070e+01
1.256335990259554780e+00 2.728064979310622107e+01
1.257893753421687411e+00 2.741056933152647446e+01
1.259451516583819153e+00 2.933191040830946150e+01
1.261009279745950895e+00 3.160159839364997580e+01
1.262567042908083526e+00 2.824924167617093218e+01
1.264124806070215268e+00 2.517184822746461492e+01
1.265682569232347898e+00 2.786338050190553872e+01
1.267240332394479640e+00 2.495772519059438466e+01
1.268798095556612271e+00 2.417786565627934081e+01
1.270355858718744013e+00 2.546757118636041994e+01
1.271913621880875755e+00 2.627413832893000389e+01
1.273471385043008386e+00 2.704346768444934312e+01
1.275029148205140128e+00 2.482478243641640958e+01
1.276586911367272759e+00 2.139968179989350716e+01
1.278144674529404501e+00 2.229023730754122923e+01
1.279702437691537131e+00 2.547461188497448248e+01
1.281260200853668874e+00 2.786789811682278284e+01
1.282817964015800616e+00 2.887382211900705897e+01
1.284375727177933246e+00 2.516947140615786793e+01
1.285933490340064989e+00 2.444661748937307877e+01
1.287491253502197619e+00 2.699016072398589472e+01
1.289049016664329361e+00 2.676929107857572632e+01
1.290606779826461992e+00 2.764743512668953684e+01
1.292164542988593734e+00 2.921019386434220166e+01
1.293722306150725476e+00 2.627144031181437001e+01
1.295280069312858107e+00 2.619995769135937280e+01
1.296837832474989849e+00 2.870020976741707841e+01
1.298395595637122479e+00 2.648584695869207195e+01
1.299953358799254222e+00 2.412918564283297584e+01
1.301511121961386852e+00 2.291864099819448342e+01
1.303068885123518594e+00 2.641970893010469723e+01
1.304626648285650337e+00 2.671979664922258024e+01
1.306184411447782967e+00 2.521952584720688861e+01
1.307742174609914709e+00 2.566938510872498469e+01
1.309299937772047340e+00 2.929647956777130702e+01
1.310857700934179082e+00 3.041652389973008042e+01
1.312415464096311712e+00 3.140180620947601398e+01
1.313973227258443455e+00 3.245088147998421135e+01
1.315530990420575197e+00 2.560486522605355475e+01
1.317088753582707827e+00 2.534987174298523982e+01
1.318646516744839570e+00 2.632468466060523937e+01
1.320204279906972200e+00 2.703139557450949582e+01
1.321762043069103942e+00 2.717880536491700738e+01
1.323319806231235685e+00 2.631697233221051135e+01
1.324877569393368315e+00 2.877166979675175185e+01
1.326435332555500057e+00 3.243982328022876516e+01
1.327993095717632688e+00 3.269343880263515700e+01
1.329550858879764430e+00 2.977723048875878575e+01
1.331108622041897060e+00 2.340883928376089784e+01
1.332666385204028803e+00 2.368321859163497223e+01
1.334224148366160545e+00 2.878467226529681611e+01
1.335781911528293175e+00 2.552676582898621760e+01
1.337339674690424918e+00 2.513232954640652395e+01
1.338897437852557548e+00 2.691503178981550803e+01
1.340455201014689290e+00 2.883590350271512648e+01
1.342012964176821921e+00 2.458154850626044308e+01
1.343570727338953663e+00 2.340526766961105665e+01
1.345128490501085405e+00 2.857991284400846155e+01
1.346686253663218036e+00 2.717062705497871278e+01
1.348244016825349778e+00 2.952857672656365651e+01
1.349801779987482409e+00 2.751404450593356188e+01
1.351359543149614151e+00 2.433612245275760344e+01
1.352917306311746781e+00 2.560778169694501116e+01
1.354475069473878523e+00 2.614895342900601349e+01
1.356032832636010266e+00 2.695191295427954969e+01
1.357590595798142896e+00 2.851058686613031412e+01
1.359148358960274638e+00 2.801362185633831459e+01
1.360706122122407269e+00 2.772740946536367090e+01
1.362263885284539011e+00 2.816932581636801558e+01
1.363821648446671642e+00 2.632800575421527611e+01
1.365379411608803384e+00 2.622740121937366453e+01
1.366937174770935126e+00 2.478895548262072523e+01
1.368494937933067757e+00 2.440338073957509835e+01
1.370052701095199499e+00 2.234210862779526607e+01
1.371610464257332129e+00 2.419314055298351462e+01
1.373168227419463872e+00 2.689131127797654486e+01
1.374725990581596502e+00 2.302821629759057842e+01
1.376283753743728244e+00 2.538085461365173501e+01
1.377841516905859987e+00 3.036440700543278837e+01
1.379399280067992617e+00 2.608533675155841536e+01
1.380957043230124359e+00 2.746628644210365877e+01
1.382514806392256990e+00 2.909576719155857560e+01
1.384072569554388732e+00 2.741331891528147580e+01
1.385630332716521362e+00 2.545069363433213994e+01
1.387188095878653105e+00 2.647341225804272469e+01
1.388745859040784847e+00 3.003652149180804187e+01
1.390303622202917477e+00 2.649726188588855535e+01
1.391861385365049220e+00 2.274285074780033256e+01
1.393419148527181850e+00 2.833992367907059418e+01
1.394976911689313592e+00 2.851564738813059563e+01
1.396534674851446223e+00 2.815824451568417786e+01
1.398092438013577965e+00 2.442809301236363240e+01
1.399650201175709707e+00 2.544837615053954849e+01
1.401207964337842338e+00 2.630674175209092525e+01
1.402765727499974080e+00 2.670281811794853510e+01
1.404323490662106710e+00 2.707490821785314594e+01
1.405881253824238453e+00 2.249492223808403679e+01
1.407439016986370195e+00 2.046448466088614637e+01
1.408996780148502825e+00 1.965208785770341038e+01
1.410554543310634568e+00 2.442381523779154762e+01
1.412112306472767198e+00 2.629856196010888070e+01
1.413670069634898940e+00 2.704178666218157900e+01
1.415227832797031571e+00 2.640975589281476132e+01
1.416785595959163313e+00 2.303842615225168089e+01
1.418343359121295055e+00 2.605683519342641574e+01
1.419901122283427686e+00 2.919672143278789278e+01
1.421458885445559428e+00 2.621758985077046233e+01
1.423016648607692058e+00 2.748746526347028052e+01
1.424574411769823801e+00 2.291303387585724849e+01
1.426132174931956431e+00 2.367774187002169484e+01
1.427689938094088173e+00 2.836044438944371748e+01
1.429247701256219916e+00 3.099604828653767186e+01
1.430805464418352546e+00 2.726848056851571656e+01
1.432363227580484288e+00 2.525227746693261111e+01
1.433920990742616919e+00 2.841329809978789456e+01
1.435478753904748661e+00 2.613208415127377293e+01
1.437036517066881292e+00 2.442765486061795244e+01
1.438594280229013034e+00 2.692632838149910768e+01
1.440152043391144776e+00 2.794746370922345946e+01
1.441709806553277406e+00 2.582466794070384353e+01
1.443267569715409149e+00 2.519479198002806797e+01
1.444825332877541779e+00 2.701759999220476161e+01
1.446383096039673521e+00 2.640239316505664746e+01
1.447940859201806152e+00 2.545556463373021217e+01
1.449498622363937894e+00 2.587656833616653884e+01
1.451056385526069636e+00 2.465465405948278388e+01
1.452614148688202267e+00 2.343197310355559893e+01
1.454171911850334009e+00 2.341608564591716757e+01
1.455729675012466640e+00 2.595593466021236040e+01
1.457287438174598382e+00 2.479939741745649329e+01
1.458845201336731012e+00 2.143458463998176811e+01
1.460402964498862755e+00 2.573751401781551706e+01
1.461960727660994497e+00 3.236969023787315081e+01
1.463518490823127127e+00 3.063448716535650718e+01
1.465076253985258870e+00 2.734280509941340043e+01
1.466634017147391500e+00 2.611408761720119998e+01
1.468191780309523242e+00 2.276568847610063528e+01
1.469749543471655873e+00 2.192521022934584707e+01
1.471307306633787615e+00 2.346436845210404698e+01
1.472865069795919357e+00 2.487596263989414780e+01
1.474422832958051988e+00 2.613765226366268735e+01
1.475980596120183730e+00 2.598145913557593190e+01
1.477538359282316360e+00 2.426846481174335679e+01
1.479096122444448103e+00 2.382127185295462368e+01
1.480653885606579845e+00 2.451221082527722217e+01
1.482211648768712475e+00 2.544405465332975780e+01
1.483769411930844218e+00 2.528257947653935744e+01
1.485327175092976848e+00 2.442662571265826088e+01
1.486884938255108590e+00 2.589478044431781356e+01
1.488442701417241221e+00 2.623446949950707818e+01
1.490000464579372963e+00 2.383008684146352962e+01
1.491558227741504705e+00 2.366847342479609040e+01
1.493115990903637336e+00 2.589209355599055584e+01
1.494673754065769078e+00 2.487161601051984761e+01
1.496231517227901708e+00 2.537903032321545282e+01
1.497789280390033451e+00 2.868533223791717646e+01
1.499347043552166081e+00 3.051963356390720961e+01
1.500904806714297823e+00 2.752648909240315689e+01
1.502462569876429566e+00 2.837409296221503041e+01
1.504020333038562196e+00 2.891367043191329600e+01
1.505578096200693938e+00 2.537537781810005910e+01
1.507135859362826569e+00 2.560618748375182818e+01
1.508693622524958311e+00 2.533794213055163169e+01
1.510251385687090941e+00 2.450299310073418013e+01
1.511809148849222684e+00 2.794533757807053220e+01
1.513366912011354426e+00 3.044795589395377533e+01
1.514924675173487056e+00 2.496994618826218115e+01
1.516482438335618799e+00 2.269021963384070517e+01
1.518040201497751429e+00 2.314516130157476326e+01
1.519597964659883171e+00 2.292009925991726860e+01
1.521155727822015802e+00 2.429078902593781919e+01
1.522713490984147544e+00 2.566483868520213818e+01
1.524271254146279286e+00 2.625049608101445742e+01
1.525829017308411917e+00 2.692034139276808347e+01
1.527386780470543659e+00 2.546573250864515714e+01
1.528944543632676289e+00 2.351900621487303056e+01
1.530502306794808032e+00 2.407795741389911370e+01
1.532060069956940662e+00 2.150950149955442825e+01
1.533617833119072404e+00 2.272827182501227838e+01
1.535175596281204147e+00 2.515893300027560286e+01
1.536733359443336777e+00 2.779776144030949325e+01
1.538291122605468519e+00 2.514027425972426144e+01
1.539848885767601150e+00 2.197210095139461927e+01
1.541406648929732892e+00 2.504037389798470770e+01
1.542964412091865523e+00 2.389735286600701514e+01
1.544522175253997265e+00 2.613822452951110265e+01
1.546079938416129007e+00 2.631643116060491394e+01
1.547637701578261638e+00 2.272836758024231330e+01
1.549195464740393380e+00 2.128593424200612461e+01
1.550753227902526010e+00 2.274801292095849092e+01
1.552310991064657753e+00 2.332815214764191225e+01
1.553868754226790383e+00 2.299409673622053418e+01
1.555426517388922125e+00 2.642450872066524070e+01
1.556984280551053867e+00 2.724811972157311502e+01
1.558542043713186498e+00 2.080959892256045052e+01
1.560099806875318240e+00 2.247846108521124364e+01
1.561657570037450871e+00 2.469289150589543524e+01
1.563215333199582613e+00 2.142115298230394416e+01
1.564773096361714355e+00 1.924682010271638433e+01
1.566330859523846986e+00 2.109340916752615769e+01
1.567888622685978728e+00 2.172268757225817737e+01
1.569446385848111358e+00 2.666537439792077890e+01
1.571004149010243101e+00 3.135829875807199230e+01
1.572561912172375731e+00 2.579469713214995963e+01
1.574119675334507473e+00 2.405936929405623204e+01
1.575677438496639216e+00 2.780181124805091386e+01
1.577235201658771846e+00 2.815414686489349805e+01
1.578792964820903588e+00 2.728418877160241252e+01
1.580350727983036219e+00 2.908150567753444804e+01
1.581908491145167961e+00 2.891612397079046914e+01
1.583466254307300591e+00 2.625208095943506947e+01
1.585024017469432334e+00 2.475564315263960324e+01
1.586581780631564076e+00 2.388328260180608353e+01
1.588139543793696706e+00 2.347997538772112236e+01
1.589697306955828449e+00 2.330472850828987319e+01
1.591255070117961079e+00 2.819860271811755226e+01
1.592812833280092821e+00 2.546267488576326699e+01
1.594370596442225452e+00 2.100119512924868914e+01
1.595928359604357194e+00 3.094446563219906565e+01
1.597486122766488936e+00 2.763343415733140418e+01
1.599043885928621567e+00 2.454153480438301926e+01
1.600601649090753309e+00 2.464902270705351839e+01
1.602159412252885939e+00 2.538299651367265852e+01
1.603717175415017682e+00 2.845412039902043233e+01
1.605274938577150312e+00 2.943204103589427945e+01
1.606832701739282054e+00 2.340989909920957501e+01
1.608390464901413797e+00 2.450921325787169991e+01
1.609948228063546427e+00 2.916739193214920078e+01
1.611505991225678169e+00 2.632467969895787974e+01
1.613063754387810800e+00 2.627523780172538181e+01
1.614621517549942542e+00 2.472203559520071181e+01
1.616179280712075172e+00 2.333401024197995355e+01
1.617737043874206915e+00 2.484760850501657359e+01
1.619294807036338657e+00 2.543188378937757577e+01
1.620852570198471287e+00 2.539791390134415749e+01
1.622410333360603030e+00 2.167989300398976837e+01
1.623968096522735660e+00 1.837915273069372546e+01
1.625525859684867402e+00 2.079509637810875589e+01
1.627083622847000033e+00 2.239027571332509225e+01
1.628641386009131775e+00 2.270541790949251038e+01
1.630199149171263517e+00 2.446759900194413007e+01
1.631756912333396148e+00 2.640718315431735164e+01
1.633314675495527890e+00 2.853351509389551310e+01
1.634872438657660521e+00 2.966794944690839131e+01
1.636430201819792263e+00 2.976487239177280486e+01
1.637987964981924005e+00 2.717986349874227514e+01
1.639545728144056636e+00 2.700024894277580856e+01
1.641103491306188378e+00 2.799503429041369529e+01
1.642661254468321008e+00 2.743352066109653364e+01
1.644219017630452750e+00 2.559853337254055106e+01
1.645776780792585381e+00 2.587645710708331848e+01
1.647334543954717123e+00 2.631697814942742397e+01
1.648892307116848865e+00 2.245856036549009360e+01
1.650450070278981496e+00 2.653726215038808434e+01
1.652007833441113238e+00 2.632191323017081785e+01
1.653565596603245869e+00 2.685105043772271927e+01
1.655123359765377611e+00 2.805008730149917184e+01
1.656681122927510241e+00 2.668742387453442433e+01
1.658238886089641984e+00 2.942558138540468704e+01
1.659796649251773726e+00 2.631451302471558762e+01
1.661354412413906356e+00 2.235638756819333750e+01
1.662912175576038099e+00 2.143126699525803858e+01
1.664469938738170729e+00 2.458758372752367549e+01
1.666027701900302471e+00 2.500490470215941841e+01
1.667585465062435102e+00 2.381603003377822247e+01
1.669143228224566844e+00 2.582420456863412284e+01
1.670700991386698586e+00 2.481084614309061820e+01
1.672258754548831217e+00 2.203446738902802693e+01
1.673816517710962959e+00 2.535726132792718701e+01
1.675374280873095589e+00 2.512256753818323318e+01
1.676932044035227332e+00 2.603460660020988371e+01
1.678489807197359962e+00 2.572167498674261310e+01
1.680047570359491704e+00 2.444521957542185220e+01
1.681605333521623447e+00 2.055751592724708132e+01
1.683163096683756077e+00 1.848660897356922916e+01
1.684720859845887819e+00 2.646485993706374984e+01
1.686278623008020450e+00 2.673922079787289618e+01
1.687836386170152192e+00 2.525731322859711270e+01
1.689394149332284822e+00 2.306691881127559540e+01
1.690951912494416565e+00 2.270038684949351193e+01
1.692509675656548307e+00 2.627126399940795309e+01
1.694067438818680937e+00 2.835021819394428988e+01
1.695625201980812680e+00 2.654196533608141451e+01
1.697182965142945310e+00 2.470983244627246833e+01
1.698740728305077052e+00 2.463221264579999215e+01
1.700298491467209683e+00 2.554748951304721061e+01
1.701856254629341425e+00 2.897248718172367887e+01
1.703414017791473167e+00 2.677996843641172475e+01
1.704971780953605798e+00 2.346674107118622388e+01
1.706529544115737540e+00 2.382038425753399480e+01
1.708087307277870170e+00 2.575609712831612796e+01
1.709645070440001913e+00 2.549889955000739050e+01
1.711202833602134543e+00 2.471399188981918371e+01
1.712760596764266285e+00 2.591234900540618824e+01
1.714318359926398028e+00 2.469765969264738814e+01
1.715876123088530658e+00 2.470784410558271560e+01
1.717433886250662400e+00 2.676601809552182232e+01
1.718991649412795031e+00 2.774484366084523401e+01
1.720549412574926773e+00 2.682234261937257003e+01
1.722107175737058515e+00 2.892460441251607506e+01
1.723664938899191146e+00 2.883347217567984089e+01
1.725222702061322888e+00 2.174393739925593749e+01
1.726780465223455518e+00 2.274480604496769587e+01
1.728338228385587261e+00 3.036194261129837813e+01
1.729895991547719891e+00 3.014082807346969162e+01
1.731453754709851633e+00 2.685266979928671205e+01
1.733011517871983376e+00 2.712233019448930804e+01
1.734569281034116006e+00 2.804644431318326525e+01
1.736127044196247748e+00 2.547757380136755501e+01
1.737684807358380379e+00 1.834848102037946305e+01
1.739242570520512121e+00 2.136579168144664820e+01
1.740800333682644752e+00 3.313370420174019415e+01
1.742358096844776494e+00 3.053086390127803185e+01
1.743915860006908236e+00 2.972765912002105537e+01
1.745473623169040867e+00 2.825922478158453899e+01
1.747031386331172609e+00 2.529947702873843696e+01
1.748589149493305239e+00 2.489589220917589429e+01
1.750146912655436982e+00 2.461972799520165367e+01
1.751704675817569612e+00 2.216490413748137911e+01
1.753262438979701354e+00 1.890184508792200546e+01
1.754820202141833096e+00 2.049938975110897132e+01
1.756377965303965727e+00 2.753025924670298252e+01
1.757935728466097469e+00 2.305892174906788128e+01
1.759493491628230100e+00 2.104407888544103855e+01
1.761051254790361842e+00 2.427017199904229727e+01
1.762609017952494472e+00 2.460420107205586504e+01
1.764166781114626215e+00 2.736460539729784358e+01
1.765724544276757957e+00 2.718162219971175730e+01
1.767282307438890587e+00 2.265180897406456495e+01
1.768840070601022330e+00 2.213200785635934764e+01
1.770397833763154960e+00 2.451765563273512072e+01
1.771955596925286702e+00 2.399866048892289072e+01
1.773513360087419333e+00 2.186045636597082265e+01
1.775071123249551075e+00 2.432672909636574232e+01
1.776628886411682817e+00 2.314775959322962606e+01
1.778186649573815448e+00 1.997910602733100305e+01
1.779744412735947190e+00 1.989171701532418624e+01
1.781302175898079820e+00 2.396891830111821875e+01
1.782859939060211563e+00 2.932503900139354513e+01
1.784417702222344193e+00 2.485962505396976496e+01
1.785975465384475935e+00 1.901781758317312665e+01
1.787533228546607678e+00 2.656584399883150027e+01
1.789090991708740308e+00 2.543713420493996225e+01
1.790648754870872050e+00 2.399605860330522944e+01
1.792206518033004681e+00 2.804450020483963613e+01
1.793764281195136423e+00 2.751932423142477191e+01
1.795322044357268165e+00 2.462325608665983268e+01
1.796879807519400796e+00 2.653989300876900614e+01
1.798437570681532538e+00 2.467045351799759345e+01
1.799995333843665168e+00 2.185036383476996136e+01
1.801553097005796911e+00 2.532218149809768093e+01
1.803110860167929541e+00 3.008136508702535750e+01
1.804668623330061283e+00 2.538062199820939213e+01
1.806226386492193026e+00 2.187417553727871322e+01
1.807784149654325656e+00 2.173272011390058012e+01
1.809341912816457398e+00 2.155411543804783037e+01
1.810899675978590029e+00 1.972729897959980505e+01
1.812457439140721771e+00 2.041375142786665364e+01
1.814015202302854401e+00 2.299061321017730108e+01
1.815572965464986144e+00 2.360814803280251439e+01
1.817130728627117886e+00 2.334454826354953383e+01
1.818688491789250516e+00 2.593503708644784922e+01
1.820246254951382259e+00 2.651880050081647155e+01
1.821804018113514889e+00 2.700354111075095531e+01
1.823361781275646631e+00 2.670990553195592909e+01
1.824919544437779262e+00 2.521022706995642082e+01
1.826477307599911004e+00 2.316567144943278578e+01
1.828035070762042746e+00 2.367264562724786359e+01
1.829592833924175377e+00 2.448664837774117586e+01
1.831150597086307119e+00 2.234258152215466353e+01
1.832708360248439750e+00 2.337056424245456654e+01
1.834266123410571492e+00 2.651800719238363158e+01
1.835823886572704122e+00 2.584150109050690602e+01
1.837381649734835865e+00 2.744485480060643212e+01
1.838939412896967607e+00 2.939632349151943558e+01
1.840497176059100237e+00 2.763132406394246132e+01
1.842054939221231979e+00 2.473030319964862045e+01
1.843612702383364610e+00 2.614000316424153425e+01
1.845170465545496352e+00 2.784738033310934924e+01
1.846728228707628983e+00 2.444940538795714247e+01
1.848285991869760725e+00 2.259867507510250562e+01
1.849843755031892467e+00 2.280126883431998053e+01
1.851401518194025098e+00 1.986400078216049181e+01
1.852959281356156840e+00 2.371775853289030422e+01
1.854517044518289470e+00 2.298308533606534354e+01
1.856074807680421213e+00 2.134624718450846359e+01
1.857632570842553843e+00 2.259767732419435049e+01
1.859190334004685585e+00 2.735059194445608810e+01
1.860748097166817328e+00 2.446017174654301130e+01
1.862305860328949958e+00 1.799447240796251180e+01
1.863863623491081700e+00 2.454431196251751857e+01
1.865421386653214331e+00 2.145255286431962460e+01
1.866979149815346073e+00 2.217175242937599222e+01
1.868536912977478703e+00 2.620814103497236758e+01
1.870094676139610446e+00 2.397596325830336284e+01
1.871652439301742188e+00 2.337659494830085194e+01
1.873210202463874818e+00 2.442531375380722380e+01
1.874767965626006561e+00 2.383025176174475845e+01
1.876325728788139191e+00 2.221626721496529200e+01
1.877883491950270933e+00 1.850061543982746670e+01
1.879441255112402676e+00 2.287754917968322843e+01
1.880999018274535306e+00 2.235883361110454004e+01
1.882556781436667048e+00 2.244807314026732215e+01
1.884114544598799679e+00 2.486665066047065409e+01
1.885672307760931421e+00 2.262363777624841177e+01
1.887230070923064051e+00 1.983662435850193617e+01
1.888787834085195794e+00 2.094578573560001900e+01
1.890345597247327536e+00 2.409192757973620402e+01
1.891903360409460166e+00 2.479838115757148742e+01
1.893461123571591909e+00 2.471384601695378791e+01
1.895018886733724539e+00 2.079400286511443241e+01
1.896576649895856281e+00 2.053766609361646189e+01
1.898134413057988912e+00 2.814975826424324978e+01
1.899692176220120654e+00 2.478614346235364962e+01
1.901249939382252396e+00 2.653873197508312742e+01
1.902807702544385027e+00 2.755156614602144316e+01
1.904365465706516769e+00 2.700503753676389707e+01
1.905923228868649399e+00 2.640633141233867676e+01
1.907480992030781142e+00 2.423236980342813496e+01
1.909038755192913772e+00 2.239570245050966690e+01
1.910596518355045514e+00 2.582188820098020443e+01
1.912154281517177257e+00 2.195463855905405737e+01
1.913712044679309887e+00 2.137187675957095223e+01
1.915269807841441629e+00 2.532672391887316365e+01
1.916827571003574260e+00 2.587360822045386044e+01
1.918385334165706002e+00 2.091102975979065448e+01
1.919943097327838633e+00 2.106510111937924279e+01
1.921500860489970375e+00 2.244157188693736060e+01
1.923058623652102117e+00 2.247530679828794575e+01
1.924616386814234748e+00 2.333455846451896321e+01
1.926174149976366490e+00 2.224882077896344512e+01
1.927731913138499120e+00 2.595359906228356905e+01
1.929289676300630862e+00 2.377368899890718978e+01
1.930847439462763493e+00 2.095013791188359420e+01
1.932405202624895235e+00 2.299492329210100650e+01
1.933962965787026977e+00 2.659008571905728502e+01
1.935520728949159608e+00 2.666275215184485958e+01
1.937078492111291350e+00 2.261037649711913389e+01
1.938636255273423981e+00 2.090904282094956201e+01
1.940194018435555723e+00 2.484603754232818673e+01
1.941751781597688353e+00 2.584926242255553674e+01
1.943309544759820096e+00 2.606746113952314658e+01
1.944867307921951838e+00 2.331564174948846357e+01
1.946425071084084468e+00 2.441717886541843185e+01
1.947982834246216211e+00 2.762271321124881140e+01
1.949540597408348841e+00 3.032901017362119944e+01
1.951098360570480583e+00 2.672216483223893135e+01
1.952656123732613214e+00 2.515459501447785584e+01
1.954213886894744956e+00 2.515304333485798693e+01
1.955771650056876698e+00 2.279855785904426213e+01
1.957329413219009329e+00 2.171380486196622783e+01
1.958887176381141071e+00 2.501960478430306622e+01
1.960444939543273701e+00 2.499772790251061139e+01
1.962002702705405444e+00 1.956572374566583505e+01
1.963560465867537186e+00 2.169232487388087804e+01
1.965118229029669816e+00 2.238909525892316665e+01
1.966675992191801559e+00 2.380056070693256842e+01
1.968233755353934189e+00 2.130280138326422801e+01
1.969791518516065931e+00 2.412487547785730158e+01
1.971349281678198562e+00 2.397576470960001060e+01
1.972907044840330304e+00 2.091014549583134752e+01
1.974464808002462046e+00 2.581839799449216599e+01
1.976022571164594677e+00 2.364372645445913435e+01
1.977580334326726419e+00 2.374412540059470800e+01
1.979138097488859049e+00 2.203187484190119605e+01
1.980695860650990792e+00 2.559308431274751072e+01
1.982253623813123422e+00 1.955894824829170986e+01
1.983811386975255164e+00 1.742634478354151994e+01
1.985369150137386907e+00 2.290903963473292393e+01
1.986926913299519537e+00 2.734105110989602849e+01
1.988484676461651279e+00 3.063055013047015507e+01
1.990042439623783910e+00 2.942225322331918136e+01
1.991600202785915652e+00 2.644065751792176755e+01
1.993157965948048282e+00 2.614627716850769446e+01
1.994715729110180025e+00 1.864527644779534299e+01
1.996273492272311767e+00 2.717858299231264496e+01
1.997831255434444397e+00 2.923915777007733041e+01
1.999389018596576140e+00 2.586675401654160567e+01
2.000946781758708770e+00 2.469789214845963699e+01
2.002504544920840512e+00 2.282105024421734640e+01
2.004062308082973143e+00 2.098050409096707725e+01
2.005620071245104885e+00 2.410956044145753907e+01
2.007177834407236627e+00 2.541122159643783363e+01
2.008735597569369258e+00 2.203888653711716827e+01
2.010293360731501000e+00 2.092424637274794463e+01
2.011851123893633631e+00 2.326751522165093533e+01
2.013408887055765373e+00 2.256274357656303664e+01
2.014966650217898003e+00 2.358635861332892247e+01
2.016524413380029745e+00 2.193107775640863366e+01
2.018082176542161488e+00 2.192038076118821266e+01
2.019639939704294118e+00 2.307723108792337285e+01
2.021197702866425860e+00 2.793655986256360535e+01
2.022755466028558491e+00 2.772238391331458018e+01
2.024313229190690233e+00 2.339418757194547638e+01
2.025870992352822864e+00 2.447806809897108238e+01
2.027428755514954606e+00 2.063825186162027947e+01
2.028986518677086348e+00 2.987664069540363343e+01
2.030544281839218979e+00 2.599795116895412761e+01
2.032102045001350721e+00 2.358144379839673022e+01
2.033659808163483351e+00 2.358206308409551610e+01
2.035217571325615094e+00 2.452310291417566290e+01
2.036775334487746836e+00 2.623043671974546953e+01
2.038333097649879466e+00 2.551512183734023864e+01
2.039890860812011208e+00 2.341556839958738578e+01
2.041448623974143839e+00 2.204587668447295812e+01
2.043006387136275581e+00 2.140778121092835207e+01
2.044564150298408212e+00 2.289951232410172466e+01
2.046121913460539954e+00 2.186699449259883821e+01
2.047679676622671696e+00 2.128002956515523536e+01
2.049237439784804327e+00 2.263150859908070345e+01
2.050795202946936069e+00 2.341178364560188641e+01
2.052352966109068699e+00 2.383376236150659366e+01
2.053910729271200442e+00 2.315556135655798187e+01
2.055468492433333072e+00 2.473725460027480949e+01
2.057026255595464814e+00 2.710134665890399575e+01
2.058584018757596557e+00 2.477667008560467465e+01
2.060141781919729187e+00 2.396685727693897405e+01
2.061699545081860929e+00 2.383841813643490326e+01
2.063257308243993560e+00 2.282206311576803870e+01
2.064815071406125302e+00 2.329170177415159415e+01
2.066372834568257932e+00 2.240032419530076524e+01
2.067930597730389675e+00 2.234466980597933272e+01
2.069488360892521417e+00 2.178677570469957203e+01
2.071046124054654047e+00 1.996345567813166255e+01
2.072603887216785790e+00 1.831358118217053388e+01
2.074161650378918420e+00 2.070507342343304913e+01
2.075719413541050162e+00 2.296418500759445536e+01
2.077277176703182793e+00 2.083622526814107090e+01
2.078834939865314535e+00 1.811548363936314132e+01
2.080392703027446277e+00 2.185362191528632181e+01
2.081950466189578908e+00 2.871453858970980377e+01
2.083508229351710650e+00 2.465335270504919407e+01
2.085065992513843280e+00 2.140793100778281755e+01
2.086623755675975023e+00 2.103823251161066210e+01
2.088181518838107653e+00 2.249092476755211578e+01
2.089739282000239395e+00 2.510751491160127813e+01
2.091297045162371138e+00 2.504143126382723850e+01
2.092854808324503768e+00 2.149597355666022835e+01
2.094412571486635510e+00 2.204105677988397716e+01
2.095970334648768141e+00 2.263660959845367415e+01
2.097528097810899883e+00 2.396372413663408452e+01
2.099085860973032513e+00 2.482588634068547506e+01
2.100643624135164256e+00 2.449736094414673104e+01
2.102201387297295998e+00 2.325530954982620102e+01
2.103759150459428628e+00 2.336315354914352227e+01
2.105316913621560371e+00 2.336867261821839747e+01
2.106874676783693001e+00 2.471807814676304815e+01
2.108432439945824743e+00 2.577194391299689613e+01
2.109990203107957374e+00 2.411324676893522678e+01
2.111547966270089116e+00 2.132439107379858001e+01
2.113105729432220858e+00 2.033212696428696731e+01
2.114663492594353489e+00 1.821846785000418834e+01
2.116221255756485231e+00 2.114883146881182441e+01
2.117779018918617862e+00 1.829358628044309754e+01
2.119336782080749604e+00 2.259451970537159582e+01
2.120894545242881346e+00 2.605821276773519912e+01
2.122452308405013977e+00 2.697869719388983967e+01
2.124010071567145719e+00 2.691905594113672606e+01
2.125567834729278349e+00 2.382382618269527796e+01
2.127125597891410091e+00 2.274450936990627170e+01
2.128683361053542722e+00 2.348767960900670460e+01
2.130241124215674464e+00 1.924623850737180319e+01
2.131798887377806206e+00 1.682428045608812539e+01
2.133356650539938837e+00 1.855202324813782155e+01
2.134914413702070579e+00 2.600827079020431043e+01
2.136472176864203210e+00 2.388590939417807135e+01
2.138029940026334952e+00 2.031458108617012215e+01
2.139587703188467582e+00 1.950412234355771801e+01
2.141145466350599325e+00 2.166128140334794594e+01
2.142703229512731067e+00 2.350411278175522867e+01
2.144260992674863697e+00 2.448130981103778581e+01
2.145818755836995440e+00 2.593243760209650972e+01
2.147376518999128070e+00 2.450827643088194208e+01
2.148934282161259812e+00 2.265814247885273147e+01
2.150492045323392443e+00 2.852089013077143065e+01
2.152049808485524185e+00 2.391276196893297978e+01
2.153607571647655927e+00 2.263527258770272610e+01
2.155165334809788558e+00 1.881828455839465519e+01
2.156723097971920300e+00 2.208039303862326719e+01
2.158280861134052930e+00 2.699157520166059854e+01
2.159838624296184673e+00 2.675016473287321261e+01
2.161396387458317303e+00 2.372383718192909896e+01
2.162954150620449045e+00 2.341061141283919511e+01
2.164511913782580788e+00 2.057217070578511198e+01
2.166069676944713418e+00 1.639413535850165005e+01
2.167627440106845160e+00 2.171633077144605650e+01
2.169185203268977791e+00 1.860419145719987810e+01
2.170742966431109533e+00 2.299839121149407362e+01
2.172300729593242163e+00 2.265813664633336089e+01
2.173858492755373906e+00 1.976538244120922272e+01
2.175416255917505648e+00 1.631782541880706106e+01
2.176974019079638278e+00 1.725942964308908856e+01
2.178531782241770021e+00 2.232613799662379606e+01
2.180089545403902651e+00 2.549205552628078308e+01
2.181647308566034393e+00 2.761733341813141962e+01
2.183205071728167024e+00 2.605791267670285194e+01
2.184762834890298766e+00 2.474193958831967066e+01
2.186320598052430508e+00 2.564392264130617605e+01
2.187878361214563139e+00 2.232325823708341517e+01
2.189436124376694881e+00 2.264363287915894674e+01
2.190993887538827511e+00 2.181883357590855965e+01
2.192551650700959254e+00 2.233110370507888831e+01
2.194109413863091884e+00 2.487598372542096570e+01
2.195667177025223626e+00 2.373548263721436768e+01
2.197224940187355369e+00 2.177914994459722919e+01
2.198782703349487999e+00 1.962665897457409869e+01
2.200340466511619741e+00 2.382171042893752855e+01
2.201898229673752372e+00 2.775505345895241405e+01
2.203455992835884114e+00 2.279147763455174314e+01
2.205013755998015856e+00 2.053179102902811692e+01
2.206571519160148487e+00 1.923388140641039712e+01
2.208129282322280229e+00 2.233391762514796852e+01
2.209687045484412860e+00 2.254896405832798578e+01
2.211244808646544602e+00 2.289329652233915979e+01
2.212802571808677232e+00 2.364624086775820189e+01
2.214360334970808974e+00 2.258095280482899270e+01
2.215918098132940717e+00 2.546298523514205314e+01
2.217475861295073347e+00 2.264046508963065918e+01
2.219033624457205089e+00 2.032770688005708948e+01
2.220591387619337720e+00 2.279896053743151541e+01
2.222149150781469462e+00 2.507705789262217522e+01
2.223706913943602093e+00 2.274068963506391938e+01
2.225264677105733835e+00 2.338714107518925900e+01
2.226822440267865577e+00 2.528208364363101879e+01
2.228380203429998208e+00 2.449039141933298680e+01
2.229937966592129950e+00 2.377807865510467522e+01
2.231495729754262580e+00 2.306384828708760892e+01
2.233053492916394323e+00 1.997033727050537166e+01
2.234611256078526953e+00 2.016318876861711828e+01
2.236169019240658695e+00 2.531444289272096171e+01
2.237726782402790437e+00 3.080095162133315156e+01
2.239284545564923068e+00 2.749073939319849913e+01
2.240842308727054810e+00 2.595707906275733023e+01
2.242400071889187441e+00 2.675931092514417031e+01
2.243957835051319183e+00 2.637689676644555092e+01
2.245515598213451813e+00 2.477783789330681685e+01
2.247073361375583556e+00 2.347767549884889604e+01
2.248631124537715298e+00 2.205738690962013848e+01
2.250188887699847928e+00 1.938350701999297243e+01
2.251746650861979671e+00 2.248070152229249885e+01
2.253304414024112301e+00 2.601456481031346613e+01
2.254862177186244043e+00 2.710226373379222053e+01
2.256419940348376674e+00 2.374529019220796044e+01
2.257977703510508416e+00 2.572811722890732966e+01
2.259535466672640158e+00 2.533018111229617730e+01
2.261093229834772789e+00 2.218728466268283839e+01
2.262650992996904531e+00 2.306447964554120844e+01
2.264208756159037161e+00 2.532975678826189636e+01
2.265766519321168904e+00 2.440733128731180912e+01
2.267324282483301534e+00 2.236122044828644562e+01
2.268882045645433276e+00 2.619102973901159359e+01
2.270439808807565019e+00 2.793535623870568330e+01
2.271997571969697649e+00 2.429323757990968602e+01
2.273555335131829391e+00 2.092347186490656341e+01
2.275113098293962022e+00 2.362734599656443280e+01
2.276670861456093764e+00 2.540114872255230338e+01
2.278228624618225506e+00 2.465435431073042238e+01
2.279786387780358137e+00 2.197358630904625443e+01
2.281344150942489879e+00 2.069746593315178629e+01
2.282901914104622509e+00 2.158499698357513097e+01
2.284459677266754252e+00 2.635686748563393067e+01
2.286017440428886882e+00 2.304160235474277485e+01
2.287575203591018624e+00 1.764242580990961784e+01
2.289132966753150367e+00 2.759729402353377736e+01
2.290690729915282997e+00 2.268914950754799165e+01
2.292248493077414739e+00 2.433083539461852496e+01
2.293806256239547370e+00 2.017578389642239856e+01
2.295364019401679112e+00 1.877411811407111131e+01
2.296921782563811743e+00 1.916706762955445953e+01
2.298479545725943485e+00 2.224428915322670619e+01
2.300037308888075227e+00 2.218386392794300832e+01
2.301595072050207857e+00 1.747149501935872706e+01
2.303152835212339600e+00 1.860316612974374451e+01
2.304710598374472230e+00 2.042884326620234248e+01
2.306268361536603972e+00 2.273979789913898841e+01
2.307826124698736603e+00 2.268413757651807217e+01
2.309383887860868345e+00 2.291561304417548328e+01
2.310941651023000087e+00 2.378554731951742696e+01
2.312499414185132718e+00 2.376353846609764631e+01
2.314057177347264460e+00 2.234423474774705198e+01
2.315614940509397091e+00 2.248577050020862700e+01
2.317172703671528833e+00 2.359600475399718533e+01
2.318730466833661463e+00 2.145407703592676540e+01
2.320288229995793206e+00 2.213280945039272751e+01
2.321845993157924948e+00 2.311541752162544938e+01
2.323403756320057578e+00 2.092988275405950205e+01
2.324961519482189320e+00 2.211555888280031823e+01
2.326519282644321951e+00 1.872477725209053645e+01
2.328077045806453693e+00 2.129064015098000695e+01
2.329634808968586324e+00 2.210829830719955780e+01
2.331192572130718066e+00 2.254729405428869526e+01
2.332750335292849808e+00 2.197927923418107454e+01
2.334308098454982439e+00 2.052911671782656811e+01
2.335865861617114181e+00 2.161518552129691173e+01
2.337423624779246811e+00 2.600844176611722247e+01
2.338981387941378554e+00 2.203670553049298420e+01
2.340539151103511184e+00 1.865751315607653638e+01
2.342096914265642926e+00 2.334756700067509172e+01
2.343654677427774669e+00 1.987024302266469533e+01
2.345212440589907299e+00 2.165170491023602040e+01
2.346770203752039041e+00 2.242022581804126702e+01
2.348327966914171672e+00 2.296333909324480516e+01
2.349885730076303414e+00 2.446577027904310953e+01
2.351443493238436044e+00 2.268105936950825807e+01
2.353001256400567787e+00 2.027096777516023707e+01
2.354559019562699529e+00 2.278574455548744027e+01
2.356116782724832159e+00 2.542772466786481189e+01
2.357674545886963902e+00 2.314857809168129421e+01
2.359232309049096532e+00 2.106421828115737682e+01
2.360790072211228274e+00 2.302348169978284531e+01
2.362347835373360017e+00 2.120881675635191499e+01
2.363905598535492647e+00 1.644565344962017051e+01
2.365463361697624389e+00 1.637971681086226994e+01
2.367021124859757020e+00 2.000184797814131343e+01
2.368578888021888762e+00 2.294240114659088903e+01
2.370136651184021392e+00 2.152229818114888715e+01
2.371694414346153135e+00 2.009657070403028811e+01
2.373252177508284877e+00 2.230449767280758522e+01
2.374809940670417507e+00 2.517259493122750769e+01
2.376367703832549250e+00 2.653873946249708737e+01
2.377925466994681880e+00 2.150355296100469715e+01
2.379483230156813622e+00 2.071102706431706153e+01
2.381040993318946253e+00 2.396818949744992722e+01
2.382598756481077995e+00 2.437739301659486912e+01
2.384156519643209737e+00 2.434029967770845104e+01
2.385714282805342368e+00 2.540307457379909550e+01
2.387272045967474110e+00 2.349035869697552315e+01
2.388829809129606740e+00 1.996125848218163412e+01
2.390387572291738483e+00 1.984661460300570113e+01
2.391945335453871113e+00 2.225963764706951054e+01
2.393503098616002855e+00 2.120736413080569704e+01
2.395060861778134598e+00 1.663275327484665667e+01
2.396618624940267228e+00 2.116567869239154831e+01
2.398176388102398970e+00 2.367671772447234346e+01
2.399734151264531601e+00 2.196833331380964438e+01
2.401291914426663343e+00 2.086124975639125267e+01
2.402849677588795974e+00 2.022777040039152396e+01
2.404407440750927716e+00 1.998934152659489882e+01
2.405965203913059458e+00 2.368679089957359807e+01
2.407522967075192089e+00 2.347298748092752518e+01
2.409080730237323831e+00 2.021823894033225244e+01
2.410638493399456461e+00 2.447633653411664767e+01
2.412196256561588203e+00 2.450495114285487830e+01
2.413754019723720834e+00 1.999951912361887452e+01
2.415311782885852576e+00 2.297124568422227497e+01
2.416869546047984318e+00 2.072760696306748329e+01
2.418427309210116949e+00 1.963624521546646307e+01
2.419985072372248691e+00 2.043710231403461108e+01
2.421542835534381322e+00 2.190164548529950395e+01
2.423100598696513064e+00 2.398827464070948068e+01
2.424658361858645694e+00 2.444293604386115959e+01
2.426216125020777437e+00 2.413877305728157907e+01
2.427773888182909179e+00 2.197992945970107215e+01
2.429331651345041809e+00 2.145344071540300845e+01
2.430889414507173552e+00 2.283784986031760766e+01
2.432447177669306182e+00 1.906702172012726493e+01
2.434004940831437924e+00 1.756942615013721465e+01
2.435562703993569666e+00 1.926496230162046785e+01
2.437120467155702297e+00 2.117797167757185406e+01
2.438678230317834039e+00 2.323098285325593082e+01
2.440235993479966670e+00 2.282618053569558825e+01
2.441793756642098412e+00 2.474053216695793722e+01
2.443351519804231042e+00 2.748744906688965628e+01
2.444909282966362785e+00 2.017899504862585047e+01
2.446467046128494527e+00 2.169979511261276883e+01
2.448024809290627157e+00 2.114218677255112055e+01
2.449582572452758900e+00 1.717929918579195459e+01
2.451140335614891530e+00 1.680348110210923451e+01
2.452698098777023272e+00 2.054814051132123964e+01
2.454255861939155903e+00 2.092837743546588669e+01
2.455813625101287645e+00 1.990586070656084772e+01
2.457371388263419387e+00 2.247529658887443915e+01
2.458929151425552018e+00 2.703331525543655900e+01
2.460486914587683760e+00 2.630599301527100664e+01
2.462044677749816390e+00 1.966837733499988161e+01
2.463602440911948133e+00 2.151947681603595797e+01
2.465160204074080763e+00 2.217061114038476433e+01
2.466717967236212505e+00 1.671647706086843499e+01
2.468275730398344248e+00 2.031139999816886998e+01
2.469833493560476878e+00 2.118706302946866771e+01
2.471391256722608620e+00 1.822337778676850562e+01
2.472949019884741251e+00 2.029095756442985277e+01
2.474506783046872993e+00 2.239681337557642138e+01
2.476064546209005623e+00 2.090858981353254364e+01
2.477622309371137366e+00 2.245826832241501947e+01
2.479180072533269108e+00 2.078631465752395968e+01
2.480737835695401738e+00 1.737946770326361445e+01
2.482295598857533481e+00 1.884109391215699603e+01
2.483853362019666111e+00 1.732617900504033770e+01
2.485411125181797853e+00 2.173404675960119903e+01
2.486968888343930484e+00 2.294945948656909707e+01
2.488526651506062226e+00 2.039875420318390908e+01
2.490084414668193968e+00 1.812496965549046379e+01
2.491642177830326599e+00 2.112955288934459475e+01
2.493199940992458341e+00 2.393204674245762575e+01
2.494757704154590972e+00 2.056373712632946038e+01
2.496315467316722714e+00 1.895068022588531420e+01
2.497873230478855344e+00 1.926481492120420214e+01
2.499430993640987086e+00 1.780901811857334849e+01
2.500988756803118829e+00 2.097988200072195752e+01
2.502546519965251459e+00 1.978987402309776300e+01
2.504104283127383201e+00 1.822120286504354070e+01
2.505662046289515832e+00 1.728611252130987808e+01
2.507219809451647574e+00 2.320577035449807468e+01
2.508777572613780205e+00 2.362169765141758759e+01
2.510335335775911947e+00 1.617764114657077812e+01
2.511893098938043689e+00 1.694418505994111968e+01
2.513450862100176320e+00 2.077238535895636673e+01
2.515008625262308062e+00 2.411879788876221653e+01
2.516566388424440692e+00 1.954794465648425472e+01
2.518124151586572435e+00 1.729843586862233451e+01
2.519681914748704177e+00 2.119946425598951478e+01
2.521239677910836807e+00 2.147672604245758521e+01
2.522797441072968549e+00 1.942004923015901952e+01
2.524355204235101180e+00 1.915736991010328083e+01
2.525912967397232922e+00 2.162355472419489644e+01
2.527470730559365553e+00 2.398771571476779485e+01
2.529028493721497295e+00 2.271109435611982619e+01
2.530586256883629037e+00 2.115138332861247150e+01
2.532144020045761668e+00 2.121760588307935791e+01
2.533701783207893410e+00 2.425185721719700993e+01
2.535259546370026040e+00 2.485157022067100741e+01
2.536817309532157783e+00 2.327618723393345945e+01
2.538375072694290413e+00 1.991603640036745304e+01
2.539932835856422155e+00 1.919238743692412186e+01
2.541490599018553898e+00 2.001307984519917227e+01
2.543048362180686528e+00 2.013166832458340849e+01
2.544606125342818270e+00 1.996220051424123199e+01
2.546163888504950901e+00 1.742513453615647379e+01
2.547721651667082643e+00 1.984771357567885275e+01
2.549279414829215273e+00 2.493821111767817911e+01
2.550837177991347016e+00 1.899337934596973909e+01
2.552394941153478758e+00 1.924079374206044335e+01
2.553952704315611388e+00 1.815164858754654986e+01
2.555510467477743131e+00 1.961332813742827241e+01
2.557068230639875761e+00 2.050221596977227634e+01
2.558625993802007503e+00 2.008795601940144593e+01
2.560183756964140134e+00 1.670244121385777092e+01
2.561741520126271876e+00 1.650085576031880308e+01
2.563299283288403618e+00 1.856828340416277712e+01
2.564857046450536249e+00 1.608585062686523415e+01
2.566414809612667991e+00 1.952840059604279332e+01
2.567972572774800621e+00 2.654655584070476593e+01
2.569530335936932364e+00 2.273572410092635465e+01
2.571088099099064994e+00 2.172159061856250517e+01
2.572645862261196736e+00 2.058581112037798633e+01
2.574203625423328479e+00 1.866843933205462136e+01
2.575761388585461109e+00 2.074665742120367540e+01
2.577319151747592851e+00 2.221031445053651154e+01
2.578876914909725482e+00 1.928143993928172151e+01
2.580434678071857224e+00 1.746142810137836321e+01
2.581992441233989855e+00 1.521583623453038570e+01
2.583550204396121597e+00 1.541458661181743572e+01
2.585107967558253339e+00 1.653563559141704786e+01
2.586665730720385969e+00 2.055631525719842401e+01
2.588223493882517712e+00 1.928559457321392401e+01
2.589781257044650342e+00 1.821355612722785722e+01
2.591339020206782084e+00 2.083490241424886946e+01
2.592896783368913827e+00 2.119512528979700861e+01
2.594454546531046457e+00 1.856526169862412345e+01
2.596012309693178199e+00 1.998138001305599332e+01
2.597570072855310830e+00 2.201133721925867093e+01
2.599127836017442572e+00 2.274301401336997586e+01
2.600685599179575203e+00 1.888762604346905860e+01
2.602243362341706945e+00 2.005310724861887905e+01
2.603801125503838687e+00 2.352899489246946629e+01
2.605358888665971318e+00 2.044801723127442372e+01
2.606916651828103060e+00 2.198666973730644614e+01
2.608474414990235690e+00 1.947606547432055280e+01
2.610032178152367432e+00 2.060939613131333914e+01
2.611589941314500063e+00 2.425084417343490273e+01
2.613147704476631805e+00 2.203697171643762687e+01
2.614705467638763547e+00 2.082897350306267370e+01
2.616263230800896178e+00 2.501607429279813388e+01
2.617820993963027920e+00 2.202457195494549680e+01
2.619378757125160551e+00 2.170391830553429457e+01
2.620936520287292293e+00 1.832410861317734785e+01
2.622494283449424923e+00 2.258097037019525288e+01
2.624052046611556666e+00 2.269577246592247377e+01
2.625609809773688408e+00 1.844716058946347204e+01
2.627167572935821038e+00 1.708127350778327980e+01
2.628725336097952781e+00 2.176773382208749297e+01
2.630283099260085411e+00 2.647737169519214717e+01
2.631840862422217153e+00 2.605967865277684581e+01
2.633398625584349784e+00 2.722631693787674223e+01
2.634956388746481526e+00 2.103188112506167684e+01
2.636514151908613268e+00 1.940058255306257706e+01
2.638071915070745899e+00 1.717834532124444635e+01
2.639629678232877641e+00 1.872869547630126519e+01
2.641187441395010271e+00 1.994988903021409499e+01
2.642745204557142014e+00 2.041100886090654143e+01
2.644302967719274644e+00 2.143124034906826481e+01
2.645860730881406386e+00 2.109293295516766875e+01
2.647418494043538129e+00 2.126356579069694774e+01
2.648976257205670759e+00 1.875615455955761846e+01
2.650534020367802501e+00 1.944851636690516372e+01
2.652091783529935132e+00 1.876732731731325998e+01
2.653649546692066874e+00 1.299971976123826245e+01
2.655207309854199504e+00 1.890742413882986384e+01
2.656765073016331247e+00 2.115978434987315282e+01
2.658322836178462989e+00 2.249863099331582106e+01
2.659880599340595619e+00 2.451402878976970356e+01
2.661438362502727362e+00 2.304475674536765695e+01
2.662996125664859992e+00 2.069654838140895947e+01
2.664553888826991734e+00 2.314578761023287257e+01
2.666111651989124365e+00 2.257565535237772281e+01
2.667669415151256107e+00 1.582125484575109908e+01
2.669227178313387849e+00 1.722470363201942334e+01
2.670784941475520480e+00 1.617820078821103280e+01
2.672342704637652222e+00 1.779696607995494873e+01
2.673900467799784852e+00 1.905298573477420021e+01
2.675458230961916595e+00 2.075805924634210342e+01
2.677015994124048337e+00 2.093989338278345969e+01
2.678573757286180967e+00 2.116321858343675899e+01
2.680131520448312710e+00 1.823845036140148679e+01
2.681689283610445340e+00 1.802521427850932412e+01
2.683247046772577082e+00 2.395245872746021831e+01
2.684804809934709713e+00 1.752052041607213084e+01
2.686362573096841455e+00 2.111093764313631382e+01
2.687920336258973197e+00 2.047894801438213008e+01
2.689478099421105828e+00 1.994339535788217077e+01
2.691035862583237570e+00 1.849898764074780999e+01
2.692593625745370201e+00 1.994830375718022708e+01
2.694151388907501943e+00 2.040301988759017604e+01
2.695709152069634573e+00 2.009563146166247805e+01
2.697266915231766315e+00 1.968253167522713554e+01
2.698824678393898058e+00 2.096495941837787313e+01
2.700382441556030688e+00 2.247881911008681399e+01
2.701940204718162430e+00 1.935013773317031394e+01
2.703497967880295061e+00 2.139217571781617622e+01
2.705055731042426803e+00 2.544254767302824760e+01
2.706613494204559434e+00 2.235513821790757660e+01
2.708171257366691176e+00 1.846276634088810908e+01
2.709729020528822918e+00 2.007966413764870239e+01
2.711286783690955549e+00 2.381961408426930760e+01
2.712844546853087291e+00 2.578000465467265911e+01
2.714402310015219921e+00 2.185032389577655110e+01
2.715960073177351664e+00 1.478832388395825248e+01
2.717517836339484294e+00 1.971224575339904206e+01
2.719075599501616036e+00 2.057587722659071616e+01
2.720633362663747778e+00 1.735680107260803950e+01
2.722191125825880409e+00 1.857432142401911435e+01
2.723748888988012151e+00 1.853263814417880440e+01
2.725306652150144782e+00 2.146931383021543382e+01
2.726864415312276524e+00 2.050702251789227759e+01
2.728422178474409154e+00 1.782188187821636305e+01
2.729979941636540897e+00 1.459855749281829063e+01
2.731537704798672639e+00 1.466251080572611798e+01
2.733095467960805269e+00 1.963649460659266310e+01
2.734653231122937012e+00 2.042724366462049801e+01
2.736210994285069642e+00 1.854455373313290778e+01
2.737768757447201384e+00 2.105393734107148873e+01
2.739326520609334015e+00 2.338680058828612829e+01
2.740884283771465757e+00 2.154966336406635108e+01
2.742442046933597499e+00 1.873946659276555238e+01
2.743999810095730130e+00 1.912241947536777786e+01
2.745557573257861872e+00 2.099877314565945596e+01
2.747115336419994502e+00 2.251548478196372471e+01
2.748673099582126245e+00 2.205555825325978603e+01
2.750230862744258875e+00 1.975994100908201290e+01
2.751788625906390617e+00 1.352327778069098940e+01
2.753346389068522360e+00 1.770027923786685520e+01
2.754904152230654990e+00 1.772300640908356684e+01
2.756461915392786732e+00 1.501776530043386337e+01
2.758019678554919363e+00 1.625946344411584121e+01
2.759577441717051105e+00 1.772149429989293168e+01
2.761135204879182847e+00 2.127243224182285175e+01
2.762692968041315478e+00 2.032822315696376236e+01
2.764250731203447220e+00 1.866516738104608919e+01
2.765808494365579850e+00 2.288069644968683392e+01
2.767366257527711593e+00 2.077921660036350104e+01
2.768924020689844223e+00 2.099240596612388288e+01
2.770481783851975965e+00 1.964431095233324243e+01
2.772039547014107708e+00 2.249206287349059608e+01
2.773597310176240338e+00 2.111983047918166179e+01
2.775155073338372080e+00 1.773577830329146465e+01
2.776712836500504711e+00 1.772978862940814082e+01
2.778270599662636453e+00 1.973567083415546364e+01
2.779828362824769084e+00 1.960692416512249281e+01
2.781386125986900826e+00 1.867275758962501087e+01
2.782943889149032568e+00 1.982445615001207528e+01
2.784501652311165198e+00 2.181087544935432732e+01
2.786059415473296941e+00 2.504153219043806544e+01
2.787617178635429571e+00 1.660775761140635609e+01
2.789174941797561313e+00 1.996656353270071449e+01
2.790732704959693944e+00 2.220638300918188790e+01
2.792290468121825686e+00 2.015899505667941938e+01
2.793848231283957428e+00 1.751362651261017689e+01
2.795405994446090059e+00 1.694028045894341972e+01
2.796963757608221801e+00 1.940962691806318574e+01
2.798521520770354432e+00 2.173702465315062682e+01
2.800079283932486174e+00 1.889169414035924532e+01
2.801637047094618804e+00 1.787295474139679641e+01
2.803194810256750547e+00 1.858574806780478994e+01
2.804752573418882289e+00 1.958415404597530696e+01
2.806310336581014919e+00 1.859445665531894321e+01
2.807868099743146661e+00 1.995416922835545037e+01
2.809425862905279292e+00 2.296950071139599459e+01
2.810983626067411034e+00 2.368731469712435000e+01
2.812541389229543665e+00 2.250854483153002050e+01
2.814099152391675407e+00 2.366226610130601671e+01
2.815656915553807149e+00 1.894182163610722114e+01
2.817214678715939780e+00 1.805349114129430177e+01
2.818772441878071522e+00 2.177324575060221434e+01
2.820330205040204152e+00 1.775396182384424648e+01
2.821887968202335895e+00 1.851022435242905928e+01
2.823445731364468525e+00 1.901001041680181558e+01
2.825003494526600267e+00 1.833836574717799195e+01
2.826561257688732010e+00 1.936967320620681221e+01
2.828119020850864640e+00 1.993748712052435934e+01
2.829676784012996382e+00 1.803175329669674554e+01
2.831234547175129013e+00 1.709788773303066378e+01
2.832792310337260755e+00 1.684521473845061479e+01
2.834350073499392497e+00 1.844123025453711762e+01
2.835907836661525128e+00 1.889199097250221371e+01
2.837465599823656870e+00 1.813356470383936525e+01
2.839023362985789500e+00 1.892030982026870589e+01
2.840581126147921243e+00 2.120951557940869137e+01
2.842138889310053873e+00 2.044739795444315433e+01
2.843696652472185615e+00 1.950553714587065102e+01
2.845254415634317358e+00 1.919465532563062737e+01
2.846812178796449988e+00 2.187899894363486197e+01
2.848369941958581730e+00 2.067001815859642022e+01
2.849927705120714361e+00 2.003545117873366976e+01
2.851485468282846103e+00 2.033407313008006767e+01
2.853043231444978733e+00 1.945134186274209753e+01
2.854600994607110476e+00 2.272484736362937596e+01
2.856158757769242218e+00 2.046008718483533073e+01
2.857716520931374848e+00 1.862748412198868309e+01
2.859274284093506591e+00 1.869405176487727616e+01
2.860832047255639221e+00 1.857878956010879179e+01
2.862389810417770963e+00 2.072994887957727883e+01
2.863947573579903594e+00 2.390095232135633907e+01
2.865505336742035336e+00 1.901629804342572783e+01
2.867063099904167078e+00 1.744612282770820499e+01
2.868620863066299709e+00 1.595502561034935418e+01
2.870178626228431451e+00 1.643752852028579881e+01
2.871736389390564081e+00 1.559659662796415347e+01
2.873294152552695824e+00 1.454855734143052182e+01
2.874851915714828454e+00 1.638850643015794617e+01
2.876409678876960196e+00 1.988990392703400190e+01
2.877967442039091939e+00 1.998160489501357873e+01
2.879525205201224569e+00 2.454335148991583893e+01
2.881082968363356311e+00 2.391786142108623636e+01
2.882640731525488942e+00 1.942269078910008773e+01
2.884198494687620684e+00 1.800936334955413187e+01
2.885756257849753315e+00 2.344038554084421122e+01
2.887314021011885057e+00 2.083204410328868406e+01
2.888871784174016799e+00 1.715616949895675702e+01
2.890429547336149430e+00 2.161232413694981602e+01
2.891987310498281172e+00 1.943893786217926589e+01
2.893545073660413802e+00 1.552357243537953480e+01
2.895102836822545544e+00 2.109171951882842677e+01
2.896660599984678175e+00 1.501424283363576428e+01
2.898218363146809917e+00 1.969639877107603354e+01
2.899776126308941659e+00 1.973987932046414429e+01
2.901333889471074290e+00 2.277817477907197841e+01
2.902891652633206032e+00 2.112573369197973960e+01
2.904449415795338663e+00 1.776667781084023900e+01
2.906007178957470405e+00 1.805471863619177597e+01
2.907564942119603035e+00 1.998199229994644810e+01
2.909122705281734778e+00 2.545227437411375604e+01
2.910680468443866520e+00 1.931027722829990623e+01
2.912238231605999150e+00 1.584854602641157051e+01
2.913795994768130893e+00 2.167478941680909799e+01
2.915353757930263523e+00 2.003148683666868024e+01
2.916911521092395265e+00 1.690147797340245717e+01
2.918469284254527008e+00 1.848209842298601302e+01
2.920027047416659638e+00 1.996285960626427425e+01
2.921584810578791380e+00 1.880637082894661560e+01
2.923142573740924011e+00 1.695249679763602302e+01
2.924700336903055753e+00 1.817316516039200280e+01
2.926258100065188383e+00 1.972844217235828168e+01
2.927815863227320126e+00 1.683469137229129231e+01
2.929373626389451868e+00 1.878199838785776166e+01
2.930931389551584498e+00 1.914028610043740031e+01
2.932489152713716241e+00 2.015076017119743312e+01
2.934046915875848871e+00 2.097624129282910843e+01
2.935604679037980613e+00 1.958410413532810779e+01
2.937162442200113244e+00 1.685968144738324526e+01
2.938720205362244986e+00 1.741496888111621644e+01
2.940277968524376728e+00 1.688599722913377121e+01
2.941835731686509359e+00 2.096736090699946331e+01
2.943393494848641101e+00 2.300270623368226808e+01
2.944951258010773731e+00 2.079309702713131358e+01
2.946509021172905474e+00 2.000336349422869375e+01
2.948066784335038104e+00 1.954628248366054066e+01
2.949624547497169846e+00 2.003841531206833082e+01
2.951182310659301589e+00 2.441726758495609673e+01
2.952740073821434219e+00 2.391746920672020948e+01
2.954297836983565961e+00 1.676248049973249010e+01
2.955855600145698592e+00 2.061015910070513257e+01
2.957413363307830334e+00 1.761004718837224559e+01
2.958971126469962964e+00 2.005477426288398846e+01
2.960528889632094707e+00 1.549487922160211895e+01
2.962086652794226449e+00 1.513219493044037378e+01
2.963644415956359079e+00 1.830425054477557012e+01
2.965202179118490822e+00 1.821685141062330970e+01
2.966759942280623452e+00 1.782260740216912254e+01
2.968317705442755194e+00 1.887529183745688854e+01
2.969875468604887825e+00 2.012441514995857972e+01
2.971433231767019567e+00 2.300917736325969187e+01
2.972990994929151309e+00 2.178740938882706857e+01
2.974548758091283940e+00 2.093948754776423726e+01
2.976106521253415682e+00 2.036104470682505863e+01
2.977664284415548313e+00 2.189386581956883049e+01
2.979222047577680055e+00 2.020636370125390613e+01
2.980779810739812685e+00 1.630416062381570086e+01
2.982337573901944427e+00 2.187039954421727472e+01
2.983895337064076170e+00 1.615989390411233018e+01
2.985453100226208800e+00 1.702644919359060083e+01
2.987010863388340542e+00 1.993379566518899892e+01
2.988568626550473173e+00 2.158442089644496420e+01
2.990126389712604915e+00 2.071519522757180098e+01
2.991684152874737546e+00 1.628729382083984945e+01
2.993241916036869288e+00 1.447018108473480957e+01
2.994799679199001030e+00 1.895786917402194405e+01
2.996357442361133661e+00 1.800148485904377438e+01
2.997915205523265403e+00 1.512239085750944589e+01
2.999472968685398033e+00 1.827467542779296750e+01
3.001030731847529776e+00 2.213206229993560470e+01
3.002588495009661518e+00 2.200783056202548238e+01
3.004146258171794148e+00 2.050069889916975541e+01
3.005704021333925891e+00 1.754560151899657328e+01
3.007261784496058521e+00 1.329226158842083017e+01
3.008819547658190263e+00 1.701351010431305610e+01
3.010377310820322894e+00 2.077813885780154379e+01
3.011935073982454636e+00 1.990375665451787768e+01
3.013492837144586378e+00 1.794294277014760652e+01
3.015050600306719009e+00 1.851505601648974064e+01
3.016608363468850751e+00 1.787443697342914817e+01
3.018166126630983381e+00 1.767624001182699445e+01
3.019723889793115124e+00 2.033171648090092987e+01
3.021281652955247754e+00 2.104755101042604082e+01
3.022839416117379496e+00 1.684838422054397711e+01
3.024397179279511239e+00 1.752161392917151161e+01
3.025954942441643869e+00 1.902514924595684320e+01
3.027512705603775611e+00 1.697003322050145968e+01
3.029070468765908242e+00 1.823088488781973737e+01
3.030628231928039984e+00 2.088389084066072954e+01
3.032185995090172614e+00 2.001329966819080397e+01
3.033743758252304357e+00 1.957226546899573805e+01
3.035301521414436099e+00 2.062399641871051159e+01
3.036859284576568729e+00 1.887442796378731913e+01
3.038417047738700472e+00 2.189134475138569869e+01
3.039974810900833102e+00 2.203329636824712168e+01
3.041532574062964844e+00 2.003230943700402023e+01
3.043090337225097475e+00 1.677091077658955953e+01
3.044648100387229217e+00 1.673930606059995085e+01
3.046205863549360959e+00 2.061703150389826789e+01
3.047763626711493590e+00 2.155216751270177511e+01
3.049321389873625332e+00 1.529589769732450932e+01
3.050879153035757962e+00 1.776391487727098095e+01
3.052436916197889705e+00 2.073969349396194417e+01
3.053994679360022335e+00 1.619233625474880611e+01
3.055552442522154077e+00 1.449926146562367535e+01
3.057110205684285820e+00 1.574127821286180229e+01
3.058667968846418450e+00 1.860087799681873832e+01
3.060225732008550192e+00 1.889396631836075358e+01
3.061783495170682823e+00 1.495101169402176566e+01
3.063341258332814565e+00 1.839086990934486820e+01
3.064899021494947196e+00 1.303162000855728486e+01
3.066456784657078938e+00 1.857536263031978052e+01
3.068014547819210680e+00 1.701416921235788848e+01
3.069572310981343310e+00 1.857941709334895819e+01
3.071130074143475053e+00 1.795458530794899232e+01
3.072687837305607683e+00 1.643888890832580074e+01
3.074245600467739425e+00 1.779021005414727341e+01
3.075803363629871168e+00 1.636731251684080846e+01
3.077361126792003798e+00 1.936715885402811566e+01
3.078918889954135540e+00 1.677604457172141394e+01
3.080476653116268171e+00 1.668040450974991984e+01
3.082034416278399913e+00 1.809394522594814703e+01
3.083592179440532544e+00 1.907927028483825183e+01
3.085149942602664286e+00 1.977853523605142883e+01
3.086707705764796028e+00 2.028346249446520844e+01
3.088265468926928659e+00 2.326601235304838866e+01
3.089823232089060401e+00 2.133106619757194977e+01
3.091380995251193031e+00 1.095818325816938454e+01
3.092938758413324773e+00 1.573377165669938371e+01
3.094496521575457404e+00 1.932116852252510952e+01
3.096054284737589146e+00 1.857719622749133492e+01
3.097612047899720888e+00 1.677578788557720912e+01
3.099169811061853519e+00 1.685909344734137250e+01
3.100727574223985261e+00 2.277012363010524609e+01
3.102285337386117892e+00 2.038277488028034767e+01
3.103843100548249634e+00 1.861005851043598014e+01
3.105400863710382264e+00 1.439483620193181501e+01
3.106958626872514007e+00 1.513971131936225056e+01
3.108516390034645749e+00 1.781936174163342557e+01
3.110074153196778379e+00 1.939401135673471188e+01
3.111631916358910122e+00 1.823560366913613606e+01
3.113189679521042752e+00 1.965204218445240869e+01
3.114747442683174494e+00 1.644869720596881635e+01
3.116305205845307125e+00 2.114487753106246259e+01
3.117862969007438867e+00 2.013014588684738726e+01
3.119420732169570609e+00 1.862405398245047650e+01
3.120978495331703240e+00 2.023827052194240039e+01
3.122536258493834982e+00 2.238748452971443470e+01
3.124094021655967612e+00 1.827725589963625552e+01
3.125651784818099355e+00 1.712750768109039612e+01
3.127209547980231985e+00 1.638801810880438836e+01
3.128767311142363727e+00 1.500304311626418929e+01
3.130325074304495470e+00 2.212685916223617610e+01
3.131882837466628100e+00 2.028166986819184103e+01
3.133440600628759842e+00 1.986151513818678183e+01
3.134998363790892473e+00 2.292646194566674112e+01
3.136556126953024215e+00 2.304532220638379769e+01
3.138113890115156845e+00 1.717755419493218838e+01
3.139671653277288588e+00 1.892591476927560379e+01
3.141229416439420330e+00 1.443437064631846489e+01
3.142787179601552960e+00 1.798852128725517829e+01
3.144344942763684703e+00 1.854715137370129341e+01
3.145902705925817333e+00 2.066558119796667015e+01
3.147460469087949075e+00 2.470314728208582622e+01
3.149018232250081706e+00 2.023832531800549006e+01
3.150575995412213448e+00 -2.338642714459981953e+00
3.152133758574345190e+00 6.165413424327114145e-01
3.153691521736477821e+00 -1.641819958473135221e-01
3.155249284898609563e+00 4.371377634500939191e-02
3.156807048060742193e+00 -1.163703530259549597e-02
3.158364811222873936e+00 3.097414993952512033e-03
3.159922574385005678e+00 -8.243113439360024971e-04
3.161480337547138308e+00 2.193410116178178861e-04
3.163038100709270051e+00 -5.835619672666206189e-05
3.164595863871402681e+00 1.552367765504019602e-05
3.166153627033534423e+00 -4.128998479683619827e-06
3.167711390195667054e+00 1.098093497649312946e-06
3.169269153357798796e+00 -2.919984048647454136e-07
3.170826916519930538e+00 7.763728305257881897e-08
3.172384679682063169e+00 -2.064006486176081079e-08
3.173942442844194911e+00 5.486620468932386983e-09
3.175500206006327542e+00 -1.458324712653943935e-09
3.177057969168459284e+00 3.875800372797301586e-10
3.178615732330591914e+00 -1.029980221164206840e-10
3.180173495492723656e+00 2.736901968965896388e-11
3.181731258654855399e+00 -7.272020728880061472e-12
3.183289021816988029e+00 1.932053746224374257e-12
3.184846784979119771e+00 -5.132798998395813386e-13
3.186404548141252402e+00 1.363521300271275026e-13
3.187962311303384144e+00 -3.621826766362147302e-14
3.189520074465516775e+00 9.614132407639122574e-15
